ISO-10303-21;
HEADER;
FILE_DESCRIPTION((''),'2;1');
FILE_NAME('NODE_--1111250002','2025-11-11T15:48:28',('Admin'),(''),
'CREO PARAMETRIC BY PTC INC, 2024063','CREO PARAMETRIC BY PTC INC, 2024063','');
FILE_SCHEMA(('CONFIG_CONTROL_DESIGN'));
ENDSEC;
DATA;
#1=DIRECTION('',(0.E0,-9.942056108455E-1,-1.074951318121E-1));
#2=VECTOR('',#1,1.603708013373E1);
#3=CARTESIAN_POINT('',(-8.4E1,1.547646099902E1,-1.602468899487E0));
#4=LINE('',#3,#2);
#5=DIRECTION('',(0.E0,6.402624786721E-2,-9.979482148809E-1));
#6=VECTOR('',#5,3.369832374734E0);
#7=CARTESIAN_POINT('',(-8.4E1,-4.676940515150E-1,-3.326376942343E0));
#8=LINE('',#7,#6);
#9=DIRECTION('',(-8.072952335097E-13,9.942056108447E-1,1.074951318198E-1));
#10=VECTOR('',#9,1.924012871498E1);
#11=CARTESIAN_POINT('',(-8.4E1,-2.519363286193E-1,-6.689295145156E0));
#12=LINE('',#11,#10);
#13=CARTESIAN_POINT('',(-8.400000000003E1,1.882296002867E1,-4.123972167014E0));
#14=DIRECTION('',(1.E0,3.042607335798E-12,-2.560213114375E-12));
#15=DIRECTION('',(-2.870592652473E-12,1.074951254888E-1,-9.942056115292E-1));
#16=AXIS2_PLACEMENT_3D('',#13,#14,#15);
#18=DIRECTION('',(1.029098402259E-12,-6.402624785944E-2,9.979482148814E-1));
#19=VECTOR('',#18,1.552135409483E1);
#20=CARTESIAN_POINT('',(-8.400000000002E1,1.932193413614E1,-4.091959041557E0));
#21=LINE('',#20,#19);
#22=DIRECTION('',(-1.820765760385E-13,-9.979482148810E-1,-6.402624786643E-2));
#23=VECTOR('',#22,3.200000000001E0);
#24=CARTESIAN_POINT('',(-8.4E1,1.832816007175E1,1.139754856992E1));
#25=LINE('',#24,#23);
#26=DIRECTION('',(1.849884468584E-14,6.402624786920E-2,-9.979482148808E-1));
#27=VECTOR('',#26,1.229123652340E1);
#28=CARTESIAN_POINT('',(-8.4E1,1.513472578413E1,1.119266457675E1));
#29=LINE('',#28,#27);
#30=CARTESIAN_POINT('',(-8.4E1,1.542271343296E1,-1.105366094105E0));
#31=DIRECTION('',(-1.E0,6.266351391510E-13,-5.272844386808E-13));
#32=DIRECTION('',(5.968558980385E-13,9.979482149620E-1,6.402624660330E-2));
#33=AXIS2_PLACEMENT_3D('',#30,#31,#32);
#35=DIRECTION('',(-1.E0,0.E0,0.E0));
#36=VECTOR('',#35,1.68E2);
#37=CARTESIAN_POINT('',(8.4E1,-4.676940515150E-1,-3.326376942343E0));
#38=LINE('',#37,#36);
#39=CARTESIAN_POINT('',(-4.75E1,7.697907941744E0,-2.443498739859E0));
#40=DIRECTION('',(0.E0,-1.074951318136E-1,9.942056108454E-1));
#41=DIRECTION('',(1.E0,0.E0,0.E0));
#42=AXIS2_PLACEMENT_3D('',#39,#40,#41);
#44=CARTESIAN_POINT('',(-4.75E1,7.697907941744E0,-2.443498739859E0));
#45=DIRECTION('',(0.E0,-1.074951318136E-1,9.942056108454E-1));
#46=DIRECTION('',(-1.E0,-4.874149864208E-12,-5.272747008659E-13));
#47=AXIS2_PLACEMENT_3D('',#44,#45,#46);
#49=CARTESIAN_POINT('',(4.75E1,7.697907941744E0,-2.443498739859E0));
#50=DIRECTION('',(0.E0,-1.074951318136E-1,9.942056108454E-1));
#51=DIRECTION('',(1.E0,0.E0,0.E0));
#52=AXIS2_PLACEMENT_3D('',#49,#50,#51);
#54=CARTESIAN_POINT('',(4.75E1,7.697907941744E0,-2.443498739859E0));
#55=DIRECTION('',(0.E0,-1.074951318136E-1,9.942056108454E-1));
#56=DIRECTION('',(-1.E0,-4.874149864208E-12,-5.272747008659E-13));
#57=AXIS2_PLACEMENT_3D('',#54,#55,#56);
#59=DIRECTION('',(0.E0,-6.402624786721E-2,9.979482148809E-1));
#60=VECTOR('',#59,3.369832374734E0);
#61=CARTESIAN_POINT('',(8.4E1,-2.519363286193E-1,-6.689295145156E0));
#62=LINE('',#61,#60);
#63=DIRECTION('',(1.240574745274E-14,9.942056108452E-1,1.074951318151E-1));
#64=VECTOR('',#63,1.603708013328E1);
#65=CARTESIAN_POINT('',(8.4E1,-4.676940515150E-1,-3.326376942343E0));
#66=LINE('',#65,#64);
#67=CARTESIAN_POINT('',(8.4E1,1.542271343286E1,-1.105366094017E0));
#68=DIRECTION('',(1.E0,-6.266351391510E-13,5.272844386808E-13));
#69=DIRECTION('',(5.968558980385E-13,1.074951308820E-1,-9.942056109461E-1));
#70=AXIS2_PLACEMENT_3D('',#67,#68,#69);
#72=CARTESIAN_POINT('',(8.399999999997E1,1.882296002919E1,-4.123972167444E0));
#73=DIRECTION('',(-1.E0,-3.042607335798E-12,2.560213114375E-12));
#74=DIRECTION('',(-2.870592652473E-12,9.979482151974E-1,6.402624293420E-2));
#75=AXIS2_PLACEMENT_3D('',#72,#73,#74);
#77=DIRECTION('',(7.164468219308E-13,-9.942056108460E-1,-1.074951318075E-1));
#78=VECTOR('',#77,1.924012871827E1);
#79=CARTESIAN_POINT('',(8.399999999999E1,1.887670759649E1,-4.621074972593E0));
#80=LINE('',#79,#78);
#81=DIRECTION('',(-1.E0,0.E0,0.E0));
#82=VECTOR('',#81,1.68E2);
#83=CARTESIAN_POINT('',(8.4E1,-2.519363286193E-1,-6.689295145156E0));
#84=LINE('',#83,#82);
#85=DIRECTION('',(-1.E0,-1.964870594271E-11,-6.995092336058E-13));
#86=VECTOR('',#85,1.68E2);
#87=CARTESIAN_POINT('',(8.399999999999E1,1.887670759649E1,-4.621074972593E0));
#88=LINE('',#87,#86);
#89=CARTESIAN_POINT('',(-1.045218665319E1,6.165457709263E0,-5.995436037466E0));
#90=CARTESIAN_POINT('',(-1.045207983318E1,6.132956201036E0,-5.998950153533E0));
#91=CARTESIAN_POINT('',(-1.047191338564E1,6.084205569534E0,-6.004221151304E0));
#92=CARTESIAN_POINT('',(-1.051294177985E1,6.033264351196E0,-6.009728998897E0));
#93=CARTESIAN_POINT('',(-1.055204378487E1,6.001729148532E0,-6.013138636431E0));
#94=CARTESIAN_POINT('',(-1.058970272461E1,5.982356906108E0,-6.015233194871E0));
#95=CARTESIAN_POINT('',(-1.062114241591E1,5.973618931604E0,-6.016177958922E0));
#96=CARTESIAN_POINT('',(-1.063746182519E1,5.971927451282E0,-6.016360844532E0));
#97=CARTESIAN_POINT('',(-1.064563634816E1,5.971900889195E0,-6.016363716468E0));
#99=DIRECTION('',(-9.999946591098E-1,-3.249357184009E-3,-3.513257971934E-4));
#100=VECTOR('',#99,9.777996202837E-1);
#101=CARTESIAN_POINT('',(-1.064563634816E1,5.971900889195E0,-6.016363716468E0));
#102=LINE('',#101,#100);
#103=CARTESIAN_POINT('',(-1.162343074613E1,5.968723668975E0,-6.016707242700E0));
#104=CARTESIAN_POINT('',(-1.163160122992E1,5.968697120013E0,-6.016710113217E0));
#105=CARTESIAN_POINT('',(-1.164792393029E1,5.970282109986E0,-6.016538741516E0));
#106=CARTESIAN_POINT('',(-1.167940027069E1,5.978799912112E0,-6.015617782862E0));
#107=CARTESIAN_POINT('',(-1.173290769133E1,6.005924016859E0,-6.012685080427E0));
#108=CARTESIAN_POINT('',(-1.179090596560E1,6.062976825829E0,-6.006516437689E0));
#109=CARTESIAN_POINT('',(-1.181804251276E1,6.128499899519E0,-5.999431976119E0));
#110=CARTESIAN_POINT('',(-1.181814938853E1,6.161018376176E0,-5.995916025398E0));
#112=DIRECTION('',(-3.267555520813E-3,9.942003033048E-1,1.074945579537E-1));
#113=VECTOR('',#112,5.986074641043E-1);
#114=CARTESIAN_POINT('',(-1.181814938853E1,6.161018376176E0,-5.995916025398E0));
#115=LINE('',#114,#113);
#116=CARTESIAN_POINT('',(-1.190008828494E1,6.755894262906E0,-5.931597074510E0));
#117=DIRECTION('',(-2.055482020502E-14,-1.074951318134E-1,9.942056108454E-1));
#118=DIRECTION('',(9.999946615261E-1,3.248622061051E-3,3.512463145183E-4));
#119=AXIS2_PLACEMENT_3D('',#116,#117,#118);
#121=DIRECTION('',(-8.676791713737E-1,4.942440542489E-1,5.343847306835E-2));
#122=VECTOR('',#121,9.848234746357E-1);
#123=CARTESIAN_POINT('',(-1.186032659989E1,6.824892011396E0,-5.924136925434E0));
#124=LINE('',#123,#122);
#125=CARTESIAN_POINT('',(-1.271483741631E1,7.311635158220E0,-5.871509462707E0));
#126=CARTESIAN_POINT('',(-1.274056632644E1,7.326290760514E0,-5.869924875090E0));
#127=CARTESIAN_POINT('',(-1.278638666417E1,7.367380891771E0,-5.865482143096E0));
#128=CARTESIAN_POINT('',(-1.283159662540E1,7.444638725163E0,-5.857128900172E0));
#129=CARTESIAN_POINT('',(-1.284488002141E1,7.504540029808E0,-5.850652273437E0));
#130=CARTESIAN_POINT('',(-1.284497689023E1,7.534013748614E0,-5.847465526900E0));
#132=DIRECTION('',(-3.267555547318E-3,9.942003033047E-1,1.074945579536E-1));
#133=VECTOR('',#132,2.174441944364E0);
#134=CARTESIAN_POINT('',(-1.284497689023E1,7.534013748614E0,-5.847465526900E0));
#135=LINE('',#134,#133);
#136=CARTESIAN_POINT('',(-1.285208200007E1,9.695844589220E0,-5.613724851294E0));
#137=CARTESIAN_POINT('',(-1.285218883297E1,9.728350020067E0,-5.610210311107E0));
#138=CARTESIAN_POINT('',(-1.282683234649E1,9.792075449079E0,-5.603320213810E0));
#139=CARTESIAN_POINT('',(-1.276753567951E1,9.851812145320E0,-5.596861384805E0));
#140=CARTESIAN_POINT('',(-1.271456294476E1,9.878954450469E0,-5.593926714514E0));
#141=CARTESIAN_POINT('',(-1.268706179771E1,9.886607702130E0,-5.593099232465E0));
#142=CARTESIAN_POINT('',(-1.267087527992E1,9.888974810531E0,-5.592843296845E0));
#143=CARTESIAN_POINT('',(-1.266270979731E1,9.889408970493E0,-5.592796354762E0));
#144=CARTESIAN_POINT('',(-1.265862192149E1,9.889422253423E0,-5.592794918590E0));
#146=DIRECTION('',(9.999946591980E-1,3.249330355994E-3,3.513228965044E-4));
#147=VECTOR('',#146,9.778004113318E-1);
#148=CARTESIAN_POINT('',(-1.265862192149E1,9.889422253423E0,-5.592794918590E0));
#149=LINE('',#148,#147);
#150=CARTESIAN_POINT('',(-1.168082673240E1,9.892599449981E0,-5.592451394917E0));
#151=CARTESIAN_POINT('',(-1.167265672273E1,9.892625997183E0,-5.592448524590E0));
#152=CARTESIAN_POINT('',(-1.165633471601E1,9.891040883070E0,-5.592619909712E0));
#153=CARTESIAN_POINT('',(-1.162485958823E1,9.882522864920E0,-5.593540891725E0));
#154=CARTESIAN_POINT('',(-1.157135162790E1,9.855396642359E0,-5.596473823141E0));
#155=CARTESIAN_POINT('',(-1.151335297675E1,9.798335993723E0,-5.602643313515E0));
#156=CARTESIAN_POINT('',(-1.148621572212E1,9.732806866124E0,-5.609728429644E0));
#157=CARTESIAN_POINT('',(-1.148610881690E1,9.700284050439E0,-5.613244849508E0));
#159=DIRECTION('',(3.268019626891E-3,-9.942003017969E-1,-1.074945577906E-1));
#160=VECTOR('',#159,1.424146317265E0);
#161=CARTESIAN_POINT('',(-1.148610881690E1,9.700284050439E0,-5.613244849508E0));
#162=LINE('',#161,#160);
#163=CARTESIAN_POINT('',(-1.148145467878E1,8.284397352011E0,-5.766332828112E0));
#164=CARTESIAN_POINT('',(-1.148128163545E1,8.231753929677E0,-5.772024720776E0));
#165=CARTESIAN_POINT('',(-1.144644124679E1,8.129083082914E0,-5.783125660145E0));
#166=CARTESIAN_POINT('',(-1.133637481275E1,8.046983679299E0,-5.792002381536E0));
#167=CARTESIAN_POINT('',(-1.123256599023E1,8.026744638989E0,-5.794190659576E0));
#168=CARTESIAN_POINT('',(-1.114776585102E1,8.025140221339E0,-5.794364131829E0));
#169=CARTESIAN_POINT('',(-1.106212509568E1,8.025644263939E0,-5.794309633921E0));
#170=CARTESIAN_POINT('',(-1.095463288326E1,8.044761800349E0,-5.792242614712E0));
#171=CARTESIAN_POINT('',(-1.083847193278E1,8.126064184334E0,-5.783452068382E0));
#172=CARTESIAN_POINT('',(-1.080253922734E1,8.232846411420E0,-5.771906599869E0));
#173=CARTESIAN_POINT('',(-1.080271589554E1,8.286602572759E0,-5.766094396049E0));
#175=DIRECTION('',(-3.267412997578E-3,9.942003037678E-1,1.074945580037E-1));
#176=VECTOR('',#175,1.424146480109E0);
#177=CARTESIAN_POINT('',(-1.080271589554E1,8.286602572759E0,-5.766094396049E0));
#178=LINE('',#177,#176);
#179=CARTESIAN_POINT('',(-1.080736917026E1,9.702489435893E0,-5.613006399637E0));
#180=CARTESIAN_POINT('',(-1.080747599752E1,9.734994570550E0,-5.609491891474E0));
#181=CARTESIAN_POINT('',(-1.078078929677E1,9.800684918198E0,-5.602389343971E0));
#182=CARTESIAN_POINT('',(-1.072317851829E1,9.858125118440E0,-5.596178815858E0));
#183=CARTESIAN_POINT('',(-1.066984107230E1,9.885615632179E0,-5.593206496686E0));
#184=CARTESIAN_POINT('',(-1.063840506409E1,9.894346899596E0,-5.592262457816E0));
#185=CARTESIAN_POINT('',(-1.062208418443E1,9.896039727519E0,-5.592079426500E0));
#186=CARTESIAN_POINT('',(-1.061390933132E1,9.896066290459E0,-5.592076554471E0));
#188=DIRECTION('',(9.999946591980E-1,3.249330357169E-3,3.513228966320E-4));
#189=VECTOR('',#188,9.777795545391E-1);
#190=CARTESIAN_POINT('',(-1.061390933132E1,9.896066290459E0,-5.592076554471E0));
#191=LINE('',#190,#189);
#192=CARTESIAN_POINT('',(-9.636134998903E0,9.899243419248E0,-5.591733038126E0));
#193=CARTESIAN_POINT('',(-9.627964991653E0,9.899269966443E0,-5.591730167800E0));
#194=CARTESIAN_POINT('',(-9.611642989695E0,9.897684853273E0,-5.591901552823E0));
#195=CARTESIAN_POINT('',(-9.580167870700E0,9.889166840120E0,-5.592822534293E0));
#196=CARTESIAN_POINT('',(-9.526659921422E0,9.862040629929E0,-5.595755464371E0));
#197=CARTESIAN_POINT('',(-9.468661273057E0,9.804979985104E0,-5.601924954333E0));
#198=CARTESIAN_POINT('',(-9.441523956875E0,9.739450845964E0,-5.609010071710E0));
#199=CARTESIAN_POINT('',(-9.441417083844E0,9.706927995651E0,-5.612526495318E0));
#201=DIRECTION('',(3.267032211082E-3,-9.942003050047E-1,-1.074945581374E-1));
#202=VECTOR('',#201,2.174463506729E0);
#203=CARTESIAN_POINT('',(-9.441417083844E0,9.706927995651E0,-5.612526495318E0));
#204=LINE('',#203,#202);
#205=CARTESIAN_POINT('',(-9.434313041526E0,7.545075714039E0,-5.846269489160E0));
#206=CARTESIAN_POINT('',(-9.434219067187E0,7.516478103010E0,-5.849361509498E0));
#207=CARTESIAN_POINT('',(-9.446376844054E0,7.458123156464E0,-5.855670941471E0));
#208=CARTESIAN_POINT('',(-9.489073508154E0,7.382009059644E0,-5.863900521732E0));
#209=CARTESIAN_POINT('',(-9.532549146944E0,7.340650861581E0,-5.868372237546E0));
#210=CARTESIAN_POINT('',(-9.557183546003E0,7.325357747754E0,-5.870025753951E0));
#212=DIRECTION('',(-8.643096103772E-1,-5.000457882589E-1,-5.406576600993E-2));
#213=VECTOR('',#212,9.917788763143E-1);
#214=CARTESIAN_POINT('',(-9.557183546003E0,7.325357747754E0,-5.870025753951E0));
#215=LINE('',#214,#213);
#216=CARTESIAN_POINT('',(-1.037415906004E1,6.760692979325E0,-5.931078229465E0));
#217=DIRECTION('',(-1.093726621750E-13,-1.074951318135E-1,9.942056108454E-1));
#218=DIRECTION('',(-5.029601350444E-1,8.593014641249E-1,9.290907549299E-2));
#219=AXIS2_PLACEMENT_3D('',#216,#217,#218);
#221=DIRECTION('',(3.267555583566E-3,-9.942003033046E-1,-1.074945579536E-1));
#222=VECTOR('',#221,5.984462406609E-1);
#223=CARTESIAN_POINT('',(-1.045414210954E1,6.760433143239E0,-5.931106323367E0));
#224=LINE('',#223,#222);
#225=DIRECTION('',(-9.999946591992E-1,-3.249329977567E-3,-3.513228555891E-4));
#226=VECTOR('',#225,9.777899635263E-1);
#227=CARTESIAN_POINT('',(-7.574335930012E0,5.981880694572E0,-6.015284683638E0));
#228=LINE('',#227,#226);
#229=CARTESIAN_POINT('',(-8.552120671357E0,5.978703532331E0,-6.015628203600E0));
#230=CARTESIAN_POINT('',(-8.560291431807E0,5.978676982693E0,-6.015631074190E0));
#231=CARTESIAN_POINT('',(-8.576614943654E0,5.980262079608E0,-6.015459690927E0));
#232=CARTESIAN_POINT('',(-8.608093193437E0,5.988780096281E0,-6.014538709075E0));
#233=CARTESIAN_POINT('',(-8.661603234415E0,6.015904618671E0,-6.011605961484E0));
#234=CARTESIAN_POINT('',(-8.719604442579E0,6.072956568537E0,-6.005437411635E0));
#235=CARTESIAN_POINT('',(-8.746742094493E0,6.138480143961E0,-5.998352895816E0));
#236=CARTESIAN_POINT('',(-8.746848966927E0,6.170998188005E0,-5.994836991870E0));
#238=DIRECTION('',(-3.267496849364E-3,9.942003034954E-1,1.074945579743E-1));
#239=VECTOR('',#238,3.558830566038E0);
#240=CARTESIAN_POINT('',(-8.746848966927E0,6.170998188005E0,-5.994836991870E0));
#241=LINE('',#240,#239);
#242=CARTESIAN_POINT('',(-8.758477434589E0,9.709188616849E0,-5.612282073268E0));
#243=CARTESIAN_POINT('',(-8.758584250384E0,9.741689427216E0,-5.608768032655E0));
#244=CARTESIAN_POINT('',(-8.731898195320E0,9.807373657610E0,-5.601666146558E0));
#245=CARTESIAN_POINT('',(-8.674287771420E0,9.864805977029E0,-5.595456470533E0));
#246=CARTESIAN_POINT('',(-8.620950887191E0,9.892294368699E0,-5.592484380803E0));
#247=CARTESIAN_POINT('',(-8.589513884513E0,9.901025348138E0,-5.591540373070E0));
#248=CARTESIAN_POINT('',(-8.573192565350E0,9.902718111877E0,-5.591357348693E0));
#249=CARTESIAN_POINT('',(-8.565017494265E0,9.902744675524E0,-5.591354476588E0));
#251=DIRECTION('',(9.999946591987E-1,3.249330126122E-3,3.513228716499E-4));
#252=VECTOR('',#251,9.777795155417E-1);
#253=CARTESIAN_POINT('',(-8.565017494265E0,9.902744675524E0,-5.591354476588E0));
#254=LINE('',#253,#252);
#255=CARTESIAN_POINT('',(-7.587243200849E0,9.905921803960E0,-5.591010960281E0));
#256=CARTESIAN_POINT('',(-7.579072982517E0,9.905948351839E0,-5.591008089881E0));
#257=CARTESIAN_POINT('',(-7.562750555448E0,9.904363305621E0,-5.591179467662E0));
#258=CARTESIAN_POINT('',(-7.531274471120E0,9.895845591410E0,-5.592100416813E0));
#259=CARTESIAN_POINT('',(-7.477767050592E0,9.868721474569E0,-5.595033120554E0));
#260=CARTESIAN_POINT('',(-7.419768793877E0,9.811668689725E0,-5.601201760683E0));
#261=CARTESIAN_POINT('',(-7.392632249560E0,9.746145646039E0,-5.608286219009E0));
#262=CARTESIAN_POINT('',(-7.392525353828E0,9.713627196090E0,-5.611802166843E0));
#264=DIRECTION('',(3.268168344373E-3,-9.942003013137E-1,-1.074945577384E-1));
#265=VECTOR('',#264,1.040139628218E0);
#266=CARTESIAN_POINT('',(-7.392525353828E0,9.713627196090E0,-5.611802166843E0));
#267=LINE('',#266,#265);
#268=CARTESIAN_POINT('',(-7.389126002422E0,8.679520064307E0,-5.723611516164E0));
#269=CARTESIAN_POINT('',(-7.388952952060E0,8.626876900498E0,-5.729303380876E0));
#270=CARTESIAN_POINT('',(-7.354113031272E0,8.524206810086E0,-5.740404238466E0));
#271=CARTESIAN_POINT('',(-7.244048011109E0,8.442107290749E0,-5.749280972371E0));
#272=CARTESIAN_POINT('',(-7.140240182121E0,8.421867767769E0,-5.751469302599E0));
#273=CARTESIAN_POINT('',(-7.055439748038E0,8.420262856789E0,-5.751642828191E0));
#274=CARTESIAN_POINT('',(-6.969797728527E0,8.420766556449E0,-5.751588367362E0));
#275=CARTESIAN_POINT('',(-6.862301894985E0,8.439883824219E0,-5.749521377198E0));
#276=CARTESIAN_POINT('',(-6.746137344466E0,8.521184892968E0,-5.740730973074E0));
#277=CARTESIAN_POINT('',(-6.710200080265E0,8.627968646315E0,-5.729185339538E0));
#278=CARTESIAN_POINT('',(-6.710376747375E0,8.681725246046E0,-5.723373088319E0));
#280=DIRECTION('',(-3.267366152313E-3,9.942003039199E-1,1.074945580202E-1));
#281=VECTOR('',#280,1.040139836208E0);
#282=CARTESIAN_POINT('',(-6.710376747375E0,8.681725246046E0,-5.723373088319E0));
#283=LINE('',#282,#281);
#284=CARTESIAN_POINT('',(-6.713775265069E0,9.715832587324E0,-5.611563716347E0));
#285=CARTESIAN_POINT('',(-6.713882078005E0,9.748333827833E0,-5.608049629225E0));
#286=CARTESIAN_POINT('',(-6.687197128609E0,9.814017585783E0,-5.600947794211E0));
#287=CARTESIAN_POINT('',(-6.629589622784E0,9.871450758239E0,-5.594738025954E0));
#288=CARTESIAN_POINT('',(-6.576255332251E0,9.898938724729E0,-5.591765982194E0));
#289=CARTESIAN_POINT('',(-6.544820510475E0,9.907669378245E0,-5.590822009699E0));
#290=CARTESIAN_POINT('',(-6.528500285480E0,9.909362082905E0,-5.590638991712E0));
#291=CARTESIAN_POINT('',(-6.520325761377E0,9.909388644774E0,-5.590636119799E0));
#293=DIRECTION('',(9.999946591987E-1,3.249330124868E-3,3.513228715147E-4));
#294=VECTOR('',#293,9.778004122301E-1);
#295=CARTESIAN_POINT('',(-6.520325761377E0,9.909388644774E0,-5.590636119799E0));
#296=LINE('',#295,#294);
#297=CARTESIAN_POINT('',(-5.542530571385E0,9.912565841109E0,-5.590292596151E0));
#298=CARTESIAN_POINT('',(-5.534360353053E0,9.912592388988E0,-5.590289725751E0));
#299=CARTESIAN_POINT('',(-5.518037925983E0,9.911007342750E0,-5.590461103533E0));
#300=CARTESIAN_POINT('',(-5.486561841660E0,9.902489628510E0,-5.591382052688E0));
#301=CARTESIAN_POINT('',(-5.433054421201E0,9.875365511659E0,-5.594314756430E0));
#302=CARTESIAN_POINT('',(-5.375056145501E0,9.818312708301E0,-5.600483398560E0));
#303=CARTESIAN_POINT('',(-5.347919598056E0,9.752789630071E0,-5.607567860622E0));
#304=CARTESIAN_POINT('',(-5.347812724200E0,9.720271151010E0,-5.611083811603E0));
#306=DIRECTION('',(3.267496599610E-3,-9.942003034962E-1,-1.074945579743E-1));
#307=VECTOR('',#306,3.558830565941E0);
#308=CARTESIAN_POINT('',(-5.347812724200E0,9.720271151010E0,-5.611083811603E0));
#309=LINE('',#308,#307);
#310=CARTESIAN_POINT('',(-5.336184257428E0,6.182080722260E0,-5.993638730195E0));
#311=CARTESIAN_POINT('',(-5.336077440265E0,6.149579493127E0,-5.997152816086E0));
#312=CARTESIAN_POINT('',(-5.362762388979E0,6.083895748932E0,-6.004254649613E0));
#313=CARTESIAN_POINT('',(-5.420369887343E0,6.026462584032E0,-6.010464417053E0));
#314=CARTESIAN_POINT('',(-5.473704177873E0,5.998974617716E0,-6.013436460794E0));
#315=CARTESIAN_POINT('',(-5.505138999591E0,5.990243964277E0,-6.014380433281E0));
#316=CARTESIAN_POINT('',(-5.521459224559E0,5.988551259643E0,-6.014563451265E0));
#317=CARTESIAN_POINT('',(-5.529633748646E0,5.988524697775E0,-6.014566323178E0));
#319=DIRECTION('',(-9.999946591992E-1,-3.249329972032E-3,-3.513228549908E-4));
#320=VECTOR('',#319,9.777795153764E-1);
#321=CARTESIAN_POINT('',(-5.529633748646E0,5.988524697775E0,-6.014566323178E0));
#322=LINE('',#321,#320);
#323=CARTESIAN_POINT('',(-6.507408041897E0,5.985347569489E0,-6.014909839469E0));
#324=CARTESIAN_POINT('',(-6.515578802352E0,5.985321019851E0,-6.014912710059E0));
#325=CARTESIAN_POINT('',(-6.531902314199E0,5.986906116772E0,-6.014741326796E0));
#326=CARTESIAN_POINT('',(-6.563380564006E0,5.995424133426E0,-6.013820344944E0));
#327=CARTESIAN_POINT('',(-6.616890605030E0,6.022548655766E0,-6.010887597360E0));
#328=CARTESIAN_POINT('',(-6.674891794117E0,6.079600586977E0,-6.004719049528E0));
#329=CARTESIAN_POINT('',(-6.702029442918E0,6.145124127716E0,-5.997634537459E0));
#330=CARTESIAN_POINT('',(-6.702136337197E0,6.177642142554E0,-5.994118636670E0));
#332=DIRECTION('',(-3.268167665757E-3,9.942003013159E-1,1.074945577386E-1));
#333=VECTOR('',#332,1.040139629615E0);
#334=CARTESIAN_POINT('',(-6.702136337197E0,6.177642142554E0,-5.994118636670E0));
#335=LINE('',#334,#333);
#336=CARTESIAN_POINT('',(-6.705535687903E0,7.211749275728E0,-5.882309287198E0));
#337=CARTESIAN_POINT('',(-6.705708743531E0,7.264394052635E0,-5.876617248076E0));
#338=CARTESIAN_POINT('',(-6.740547370597E0,7.367067704850E0,-5.865516005377E0));
#339=CARTESIAN_POINT('',(-6.850612216119E0,7.449175173139E0,-5.856638412018E0));
#340=CARTESIAN_POINT('',(-6.954423156317E0,7.469420897579E0,-5.854449411279E0));
#341=CARTESIAN_POINT('',(-7.039225520549E0,7.471028013819E0,-5.854275647251E0));
#342=CARTESIAN_POINT('',(-7.124868438786E0,7.470521570629E0,-5.854330404715E0));
#343=CARTESIAN_POINT('',(-7.232362533453E0,7.451397191619E0,-5.856398163757E0));
#344=CARTESIAN_POINT('',(-7.348520685838E0,7.370085714346E0,-5.865189693269E0));
#345=CARTESIAN_POINT('',(-7.384451165309E0,7.263301470785E0,-5.876735379807E0));
#346=CARTESIAN_POINT('',(-7.384274495709E0,7.209544126776E0,-5.882547711499E0));
#348=DIRECTION('',(3.267366954794E-3,-9.942003039173E-1,-1.074945580199E-1));
#349=VECTOR('',#348,1.040139836336E0);
#350=CARTESIAN_POINT('',(-7.384274495709E0,7.209544126776E0,-5.882547711499E0));
#351=LINE('',#350,#349);
#352=CARTESIAN_POINT('',(-7.380875977180E0,6.175436785374E0,-5.994357083484E0));
#353=CARTESIAN_POINT('',(-7.380769165594E0,6.142935963686E0,-5.997871125322E0));
#354=CARTESIAN_POINT('',(-7.407455221767E0,6.077251719808E0,-6.004973012876E0));
#355=CARTESIAN_POINT('',(-7.465065652894E0,6.019819392961E0,-6.011182689705E0));
#356=CARTESIAN_POINT('',(-7.518402537180E0,5.992331001335E0,-6.014154779430E0));
#357=CARTESIAN_POINT('',(-7.549839539837E0,5.983600021946E0,-6.015098787158E0));
#358=CARTESIAN_POINT('',(-7.566160858968E0,5.981907258217E0,-6.015281811533E0));
#359=CARTESIAN_POINT('',(-7.574335930012E0,5.981880694572E0,-6.015284683638E0));
#361=CARTESIAN_POINT('',(-4.527594558394E0,7.338275264523E0,-5.868629090974E0));
#362=CARTESIAN_POINT('',(-4.553322067951E0,7.352930025807E0,-5.867044594288E0));
#363=CARTESIAN_POINT('',(-4.599139131094E0,7.394015121503E0,-5.862602406747E0));
#364=CARTESIAN_POINT('',(-4.644347332936E0,7.471261257185E0,-5.854250428599E0));
#365=CARTESIAN_POINT('',(-4.657630213414E0,7.531153167629E0,-5.847774817581E0));
#366=CARTESIAN_POINT('',(-4.657727063758E0,7.560621263874E0,-5.844588678963E0));
#368=DIRECTION('',(-3.267555606614E-3,9.942003033045E-1,1.074945579536E-1));
#369=VECTOR('',#368,1.630391523791E0);
#370=CARTESIAN_POINT('',(-4.657727063758E0,7.560621263874E0,-5.844588678963E0));
#371=LINE('',#370,#369);
#372=CARTESIAN_POINT('',(-4.663054458722E0,9.181557011331E0,-5.669330462822E0));
#373=CARTESIAN_POINT('',(-4.663151364176E0,9.211041875417E0,-5.666142511238E0));
#374=CARTESIAN_POINT('',(-4.650265053586E0,9.271043177854E0,-5.659655072579E0));
#375=CARTESIAN_POINT('',(-4.605566776717E0,9.348604261006E0,-5.651269041797E0));
#376=CARTESIAN_POINT('',(-4.560022038917E0,9.389993083359E0,-5.646794014837E0));
#377=CARTESIAN_POINT('',(-4.534394065444E0,9.404811098758E0,-5.645191866847E0));
#379=DIRECTION('',(8.644427996150E-1,4.998181666758E-1,5.404115519320E-2));
#380=VECTOR('',#379,8.923761076509E-1);
#381=CARTESIAN_POINT('',(-4.534394065444E0,9.404811098758E0,-5.645191866847E0));
#382=LINE('',#381,#380);
#383=CARTESIAN_POINT('',(-3.762985964637E0,9.850836888870E0,-5.596966831123E0));
#384=CARTESIAN_POINT('',(-3.737030322491E0,9.865844361288E0,-5.595344198734E0));
#385=CARTESIAN_POINT('',(-3.682055415271E0,9.891210501571E0,-5.592601570283E0));
#386=CARTESIAN_POINT('',(-3.609222483750E0,9.910870712179E0,-5.590475876255E0));
#387=CARTESIAN_POINT('',(-3.549437623687E0,9.919105079333E0,-5.589585563051E0));
#388=CARTESIAN_POINT('',(-3.519432640515E0,9.920586740681E0,-5.589425363410E0));
#389=CARTESIAN_POINT('',(-3.504426959627E0,9.920635499708E0,-5.589420091504E0));
#391=DIRECTION('',(9.999946591209E-1,3.249353792338E-3,3.513254304802E-4));
#392=VECTOR('',#391,1.088598239326E0);
#393=CARTESIAN_POINT('',(-3.504426959627E0,9.920635499708E0,-5.589420091504E0));
#394=LINE('',#393,#392);
#395=CARTESIAN_POINT('',(-2.415834534372E0,9.924172740525E0,-5.589037639259E0));
#396=CARTESIAN_POINT('',(-2.400826140104E0,9.924221508368E0,-5.589032366401E0));
#397=CARTESIAN_POINT('',(-2.370806520634E0,9.922936155969E0,-5.589171340798E0));
#398=CARTESIAN_POINT('',(-2.310962221690E0,9.915094430809E0,-5.590019200909E0));
#399=CARTESIAN_POINT('',(-2.238073668834E0,9.895929054272E0,-5.592091392672E0));
#400=CARTESIAN_POINT('',(-2.182998970856E0,9.870967338350E0,-5.594790294099E0));
#401=CARTESIAN_POINT('',(-2.157006976178E0,9.856177854812E0,-5.596389357176E0));
#403=DIRECTION('',(8.679105347265E-1,-4.938423567498E-1,-5.339504087974E-2));
#404=VECTOR('',#403,8.895800944982E-1);
#405=CARTESIAN_POINT('',(-2.157006976178E0,9.856177854812E0,-5.596389357176E0));
#406=LINE('',#405,#404);
#407=CARTESIAN_POINT('',(-1.384931040680E0,9.416865524427E0,-5.643888522688E0));
#408=CARTESIAN_POINT('',(-1.358998091510E0,9.402109637871E0,-5.645483953203E0));
#409=CARTESIAN_POINT('',(-1.312250083890E0,9.361026363832E0,-5.649925943783E0));
#410=CARTESIAN_POINT('',(-1.266139433336E0,9.283162860694E0,-5.658344672709E0));
#411=CARTESIAN_POINT('',(-1.252487650760E0,9.222506307313E0,-5.664902958167E0));
#412=CARTESIAN_POINT('',(-1.252389520854E0,9.192648253370E0,-5.668131259647E0));
#414=DIRECTION('',(3.267486328564E-3,-9.942003035295E-1,-1.074945579780E-1));
#415=VECTOR('',#414,3.014756051811E0);
#416=CARTESIAN_POINT('',(-1.252389520854E0,9.192648253370E0,-5.668131259647E0));
#417=LINE('',#416,#415);
#418=CARTESIAN_POINT('',(-1.242538846670E0,6.195376871592E0,-5.992201128848E0));
#419=CARTESIAN_POINT('',(-1.242432026898E0,6.162874746310E0,-5.995715311632E0));
#420=CARTESIAN_POINT('',(-1.269117713983E0,6.097189178373E0,-6.002817342346E0));
#421=CARTESIAN_POINT('',(-1.326726813295E0,6.039754421102E0,-6.009027281955E0));
#422=CARTESIAN_POINT('',(-1.380062588849E0,6.012265692365E0,-6.011999408130E0));
#423=CARTESIAN_POINT('',(-1.411498279503E0,6.003534798480E0,-6.012943406613E0));
#424=CARTESIAN_POINT('',(-1.427818954871E0,6.001842047117E0,-6.013126429651E0));
#425=CARTESIAN_POINT('',(-1.435993704004E0,6.001815484295E0,-6.013129301667E0));
#427=DIRECTION('',(-9.999946591098E-1,-3.249357184410E-3,-3.513257972364E-4));
#428=VECTOR('',#427,9.777790159783E-1);
#429=CARTESIAN_POINT('',(-1.435993704004E0,6.001815484295E0,-6.013129301667E0));
#430=LINE('',#429,#428);
#431=CARTESIAN_POINT('',(-2.413767497772E0,5.998638331025E0,-6.013472820659E0));
#432=CARTESIAN_POINT('',(-2.421938206794E0,5.998611781331E0,-6.013475691256E0));
#433=CARTESIAN_POINT('',(-2.438261357128E0,6.000196814792E0,-6.013304314853E0));
#434=CARTESIAN_POINT('',(-2.469738565454E0,6.008714850793E0,-6.012383330911E0));
#435=CARTESIAN_POINT('',(-2.523247472843E0,6.035839706109E0,-6.009450547324E0));
#436=CARTESIAN_POINT('',(-2.581247355942E0,6.092894097284E0,-6.003281733517E0));
#437=CARTESIAN_POINT('',(-2.608384653462E0,6.158418989414E0,-5.996197075333E0));
#438=CARTESIAN_POINT('',(-2.608491532187E0,6.190938363178E0,-5.992681027615E0));
#440=DIRECTION('',(-3.267555277353E-3,9.942003033055E-1,1.074945579537E-1));
#441=VECTOR('',#440,5.648395131934E-1);
#442=CARTESIAN_POINT('',(-2.608491532187E0,6.190938363178E0,-5.992681027615E0));
#443=LINE('',#442,#441);
#444=CARTESIAN_POINT('',(-2.690329658490E0,6.752242111785E0,-5.931991951044E0));
#445=DIRECTION('',(1.423216789987E-14,-1.074951318136E-1,9.942056108454E-1));
#446=DIRECTION('',(9.999946615261E-1,3.248622060724E-3,3.512463144550E-4));
#447=AXIS2_PLACEMENT_3D('',#444,#445,#446);
#449=DIRECTION('',(-9.999946591092E-1,-3.249357374108E-3,-3.513258177470E-4));
#450=VECTOR('',#449,8.036795293548E-1);
#451=CARTESIAN_POINT('',(-2.690591098911E0,6.831771085993E0,-5.923393148671E0));
#452=LINE('',#451,#450);
#453=CARTESIAN_POINT('',(-3.494266335901E0,6.829159643988E0,-5.923675502039E0));
#454=CARTESIAN_POINT('',(-3.509284441798E0,6.829110844537E0,-5.923680778316E0));
#455=CARTESIAN_POINT('',(-3.539323448101E0,6.830396031281E0,-5.923541821829E0));
#456=CARTESIAN_POINT('',(-3.599184750399E0,6.838234543820E0,-5.922694309072E0));
#457=CARTESIAN_POINT('',(-3.672131799766E0,6.857397562245E0,-5.920622372272E0));
#458=CARTESIAN_POINT('',(-3.727247804252E0,6.882386186032E0,-5.917920561521E0));
#459=CARTESIAN_POINT('',(-3.753275347734E0,6.897211850977E0,-5.916317586452E0));
#461=DIRECTION('',(-8.676798038344E-1,4.942429567495E-1,5.343835440493E-2));
#462=VECTOR('',#461,8.924020211578E-1);
#463=CARTESIAN_POINT('',(-3.753275347734E0,6.897211850977E0,-5.916317586452E0));
#464=LINE('',#463,#462);
#465=CARTESIAN_POINT('',(1.598532013433E0,7.536481671443E0,-5.847198691059E0));
#466=CARTESIAN_POINT('',(1.622584806390E0,7.522842320408E0,-5.848673399934E0));
#467=CARTESIAN_POINT('',(1.665429661465E0,7.484526940280E0,-5.852816121311E0));
#468=CARTESIAN_POINT('',(1.707711603587E0,7.412428043556E0,-5.860611571590E0));
#469=CARTESIAN_POINT('',(1.720145067015E0,7.356496441979E0,-5.866658987555E0));
#470=CARTESIAN_POINT('',(1.720235511346E0,7.328976963696E0,-5.869634438422E0));
#472=DIRECTION('',(3.267495851364E-3,-9.942003034986E-1,-1.074945579746E-1));
#473=VECTOR('',#472,1.017178560932E0);
#474=CARTESIAN_POINT('',(1.720235511346E0,7.328976963696E0,-5.869634438422E0));
#475=LINE('',#474,#473);
#476=CARTESIAN_POINT('',(1.723559138074E0,6.317697729705E0,-5.978975598210E0));
#477=CARTESIAN_POINT('',(1.723693770396E0,6.276733180314E0,-5.983404752088E0));
#478=CARTESIAN_POINT('',(1.692410065531E0,6.193830301032E0,-5.992368346579E0));
#479=CARTESIAN_POINT('',(1.599320373505E0,6.138211388666E0,-5.998381954077E0));
#480=CARTESIAN_POINT('',(1.513196817362E0,6.136573834062E0,-5.998559009150E0));
#481=CARTESIAN_POINT('',(1.471447288917E0,6.150379137368E0,-5.997066357246E0));
#482=CARTESIAN_POINT('',(1.452684663076E0,6.161065954560E0,-5.995910881145E0));
#484=DIRECTION('',(-8.676927581560E-1,4.942204765990E-1,5.343592381441E-2));
#485=VECTOR('',#484,2.184000966657E0);
#486=CARTESIAN_POINT('',(1.452684663076E0,6.161065954560E0,-5.995910881145E0));
#487=LINE('',#486,#485);
#488=CARTESIAN_POINT('',(-4.423571594981E-1,7.240443953194E0,
-5.879206771880E0));
#489=CARTESIAN_POINT('',(-4.663371961922E-1,7.254102503473E0,
-5.877729987152E0));
#490=CARTESIAN_POINT('',(-5.090446536351E-1,7.292400768132E0,
-5.873589116329E0));
#491=CARTESIAN_POINT('',(-5.511846354543E-1,7.364410566698E0,
-5.865803299486E0));
#492=CARTESIAN_POINT('',(-5.635665627461E-1,7.420245155240E0,
-5.859766372727E0));
#493=CARTESIAN_POINT('',(-5.636568267127E-1,7.447717962677E0,
-5.856795967991E0));
#495=DIRECTION('',(-3.266519573617E-3,9.942003066696E-1,1.074945583175E-1));
#496=VECTOR('',#495,1.045457309811E0);
#497=CARTESIAN_POINT('',(-5.636568267127E-1,7.447717962677E0,
-5.856795967991E0));
#498=LINE('',#497,#496);
#499=CARTESIAN_POINT('',(-5.670718334785E-1,8.487111940701E0,
-5.744414996233E0));
#500=CARTESIAN_POINT('',(-5.671620972029E-1,8.514584674431E0,
-5.741444599464E0));
#501=CARTESIAN_POINT('',(-5.551492871662E-1,8.570498924135E0,
-5.735399059612E0));
#502=CARTESIAN_POINT('',(-5.134823756564E-1,8.642780378516E0,
-5.727583870900E0));
#503=CARTESIAN_POINT('',(-4.710288383594E-1,8.681356752449E0,
-5.723412930447E0));
#504=CARTESIAN_POINT('',(-4.471390210104E-1,8.695170874754E0,
-5.721919325018E0));
#506=DIRECTION('',(8.644253467250E-1,4.998480017175E-1,5.404438100656E-2));
#507=VECTOR('',#506,2.184002635778E0);
#508=CARTESIAN_POINT('',(-4.471390210104E-1,8.695170874754E0,
-5.721919325018E0));
#509=LINE('',#508,#507);
#510=CARTESIAN_POINT('',(1.440768214670E0,9.786840227994E0,-5.603886254451E0));
#511=CARTESIAN_POINT('',(1.458674740870E0,9.797194553411E0,-5.602766727903E0));
#512=CARTESIAN_POINT('',(1.498400160117E0,9.811000413372E0,-5.601274015812E0));
#513=CARTESIAN_POINT('',(1.582522639455E0,9.811675596540E0,-5.601201013907E0));
#514=CARTESIAN_POINT('',(1.678493716126E0,9.759408669675E0,-5.606852199266E0));
#515=CARTESIAN_POINT('',(1.712526092900E0,9.674691231292E0,-5.616011986846E0));
#516=CARTESIAN_POINT('',(1.712666448897E0,9.631971964019E0,-5.620630863683E0));
#518=DIRECTION('',(3.266488026451E-3,-9.942003067721E-1,-1.074945583285E-1));
#519=VECTOR('',#518,1.017178217216E0);
#520=CARTESIAN_POINT('',(1.712666448897E0,9.631971964019E0,-5.620630863683E0));
#521=LINE('',#520,#519);
#522=CARTESIAN_POINT('',(1.715989049364E0,8.620693068420E0,-5.729971986884E0));
#523=CARTESIAN_POINT('',(1.716079465637E0,8.593173638903E0,-5.732947432476E0));
#524=CARTESIAN_POINT('',(1.704015781182E0,8.537162053874E0,-5.739003496384E0));
#525=CARTESIAN_POINT('',(1.662210777546E0,8.464796187485E0,-5.746827811859E0));
#526=CARTESIAN_POINT('',(1.619626605551E0,8.426205121110E0,-5.751000340882E0));
#527=CARTESIAN_POINT('',(1.595670438420E0,8.412411510908E0,-5.752491728510E0));
#529=DIRECTION('',(-8.653535741365E-1,-4.982579151116E-1,-5.387245824990E-2));
#530=VECTOR('',#529,6.741996724611E-1);
#531=CARTESIAN_POINT('',(1.595670438420E0,8.412411510908E0,-5.752491728510E0));
#532=LINE('',#531,#530);
#533=CARTESIAN_POINT('',(1.012249342175E0,8.076486187739E0,-5.788812522216E0));
#534=CARTESIAN_POINT('',(9.959531450739E-1,8.067103076102E0,-5.789827039547E0));
#535=CARTESIAN_POINT('',(9.724278429069E-1,8.031116511855E0,-5.793717965554E0));
#536=CARTESIAN_POINT('',(9.642863429519E-1,7.972151021910E0,-5.800093410476E0));
#537=CARTESIAN_POINT('',(9.729561532670E-1,7.913318014759E0,-5.806454531144E0));
#538=CARTESIAN_POINT('',(9.967737957485E-1,7.877714041599E0,-5.810304090778E0));
#539=CARTESIAN_POINT('',(1.013041923302E0,7.868489054597E0,-5.811301511416E0));
#541=DIRECTION('',(8.686412681299E-1,-4.925707867510E-1,-5.325755665803E-2));
#542=VECTOR('',#541,6.740297883749E-1);
#543=CARTESIAN_POINT('',(1.013041923302E0,7.868489054597E0,-5.811301511416E0));
#544=LINE('',#543,#542);
#545=CARTESIAN_POINT('',(2.538768063625E0,6.523707468431E0,-5.956701489336E0));
#546=CARTESIAN_POINT('',(2.512444603152E0,6.538061501976E0,-5.955149507823E0));
#547=CARTESIAN_POINT('',(2.465374883988E0,6.579161670206E0,-5.950705690615E0));
#548=CARTESIAN_POINT('',(2.418983303956E0,6.657225451588E0,-5.942265307280E0));
#549=CARTESIAN_POINT('',(2.405241158754E0,6.718053048676E0,-5.935688528297E0));
#550=CARTESIAN_POINT('',(2.405142735894E0,6.748000240846E0,-5.932450589047E0));
#552=DIRECTION('',(-3.267486198669E-3,9.942003035300E-1,1.074945579780E-1));
#553=VECTOR('',#552,3.013303158597E0);
#554=CARTESIAN_POINT('',(2.405142735894E0,6.748000240846E0,-5.932450589047E0));
#555=LINE('',#554,#553);
#556=CARTESIAN_POINT('',(2.395296809411E0,9.743827155752E0,-5.608536897960E0));
#557=CARTESIAN_POINT('',(2.395189989641E0,9.776329281491E0,-5.605022715126E0));
#558=CARTESIAN_POINT('',(2.421875674958E0,9.842014848912E0,-5.597920684469E0));
#559=CARTESIAN_POINT('',(2.479484771256E0,9.899449607549E0,-5.591710744710E0));
#560=CARTESIAN_POINT('',(2.532820544231E0,9.926938335420E0,-5.588738618629E0));
#561=CARTESIAN_POINT('',(2.564256233698E0,9.935669229071E0,-5.587794620172E0));
#562=CARTESIAN_POINT('',(2.580576909060E0,9.937361980250E0,-5.587611597154E0));
#563=CARTESIAN_POINT('',(2.588751658737E0,9.937388542852E0,-5.587608725162E0));
#565=DIRECTION('',(9.999946591987E-1,3.249330126273E-3,3.513228716672E-4));
#566=VECTOR('',#565,9.777956135147E-1);
#567=CARTESIAN_POINT('',(2.588751658737E0,9.937388542852E0,-5.587608725162E0));
#568=LINE('',#567,#566);
#569=CARTESIAN_POINT('',(3.566542050040E0,9.940565723596E0,-5.587265203199E0));
#570=CARTESIAN_POINT('',(3.574712493568E0,9.940592272206E0,-5.587262332720E0));
#571=CARTESIAN_POINT('',(3.591035370534E0,9.939007182530E0,-5.587433715200E0));
#572=CARTESIAN_POINT('',(3.622512322750E0,9.930489234589E0,-5.588354689621E0));
#573=CARTESIAN_POINT('',(3.676021230196E0,9.903364367510E0,-5.591287474481E0));
#574=CARTESIAN_POINT('',(3.734021104668E0,9.846309991776E0,-5.597456286618E0));
#575=CARTESIAN_POINT('',(3.761158401320E0,9.780785113540E0,-5.604540943299E0));
#576=CARTESIAN_POINT('',(3.761265289923E0,9.748265752779E0,-5.608056989611E0));
#578=DIRECTION('',(3.267858844451E-3,-9.942003023193E-1,-1.074945578471E-1));
#579=VECTOR('',#578,2.262991157874E0);
#580=CARTESIAN_POINT('',(3.761265289923E0,9.748265752779E0,-5.608056989611E0));
#581=LINE('',#580,#579);
#582=CARTESIAN_POINT('',(3.768660425593E0,7.498399259475E0,-5.851316223539E0));
#583=CARTESIAN_POINT('',(3.768833459288E0,7.445756180253E0,-5.857008079105E0));
#584=CARTESIAN_POINT('',(3.803672544614E0,7.343086008404E0,-5.868108945502E0));
#585=CARTESIAN_POINT('',(3.913735736900E0,7.260984107789E0,-5.876985936873E0));
#586=CARTESIAN_POINT('',(4.017543510631E0,7.240741640379E0,-5.879174585456E0));
#587=CARTESIAN_POINT('',(4.102344068862E0,7.239135434469E0,-5.879348251058E0));
#588=CARTESIAN_POINT('',(4.187986148841E0,7.239640343709E0,-5.879293659449E0));
#589=CARTESIAN_POINT('',(4.295481679306E0,7.258760694829E0,-5.877226335907E0));
#590=CARTESIAN_POINT('',(4.411643621019E0,7.340064727350E0,-5.868435611335E0));
#591=CARTESIAN_POINT('',(4.447579793631E0,7.446848122834E0,-5.856890016492E0));
#592=CARTESIAN_POINT('',(4.447403121673E0,7.500604584511E0,-5.851077780200E0));
#594=DIRECTION('',(-3.267464202606E-3,9.942003036014E-1,1.074945579857E-1));
#595=VECTOR('',#594,2.262991263233E0);
#596=CARTESIAN_POINT('',(4.447403121673E0,7.500604584511E0,-5.851077780200E0));
#597=LINE('',#596,#595);
#598=CARTESIAN_POINT('',(4.440008878730E0,9.750471185465E0,-5.607818534633E0));
#599=CARTESIAN_POINT('',(4.439902059673E0,9.782973313146E0,-5.604304351590E0));
#600=CARTESIAN_POINT('',(4.466587745186E0,9.848658882960E0,-5.597202320674E0));
#601=CARTESIAN_POINT('',(4.524196842893E0,9.906093642719E0,-5.590992380794E0));
#602=CARTESIAN_POINT('',(4.577532615868E0,9.933582370690E0,-5.588020254702E0));
#603=CARTESIAN_POINT('',(4.608968305295E0,9.942313264380E0,-5.587076256240E0));
#604=CARTESIAN_POINT('',(4.625288980611E0,9.944006015586E0,-5.586893233219E0));
#605=CARTESIAN_POINT('',(4.633463730246E0,9.944032578189E0,-5.586890361227E0));
#607=DIRECTION('',(9.999946591987E-1,3.249330128486E-3,3.513228719056E-4));
#608=VECTOR('',#607,9.777798190939E-1);
#609=CARTESIAN_POINT('',(4.633463730246E0,9.944032578189E0,-5.586890361227E0));
#610=LINE('',#609,#608);
#611=CARTESIAN_POINT('',(5.611238327212E0,9.947209707614E0,-5.586546844813E0));
#612=CARTESIAN_POINT('',(5.619408770750E0,9.947236256224E0,-5.586543974334E0));
#613=CARTESIAN_POINT('',(5.635731647742E0,9.945651166534E0,-5.586715356817E0));
#614=CARTESIAN_POINT('',(5.667208600006E0,9.937133218520E0,-5.587636331245E0));
#615=CARTESIAN_POINT('',(5.720717507366E0,9.910008351289E0,-5.590569116120E0));
#616=CARTESIAN_POINT('',(5.778717401581E0,9.852953956225E0,-5.596737930348E0));
#617=CARTESIAN_POINT('',(5.805854701036E0,9.787429042041E0,-5.603822590916E0));
#618=CARTESIAN_POINT('',(5.805961566953E0,9.754909651111E0,-5.607338640490E0));
#620=DIRECTION('',(3.267162279929E-3,-9.942003045822E-1,-1.074945580918E-1));
#621=VECTOR('',#620,3.013303027432E0);
#622=CARTESIAN_POINT('',(5.805961566953E0,9.754909651111E0,-5.607338640490E0));
#623=LINE('',#622,#621);
#624=CARTESIAN_POINT('',(5.815806516942E0,6.759082863440E0,-5.931252317820E0));
#625=CARTESIAN_POINT('',(5.815901515024E0,6.730174865250E0,-5.934377897722E0));
#626=CARTESIAN_POINT('',(5.803484410938E0,6.671238913382E0,-5.940750148941E0));
#627=CARTESIAN_POINT('',(5.760072205476E0,6.594616187796E0,-5.949034722973E0));
#628=CARTESIAN_POINT('',(5.715865489090E0,6.553237992709E0,-5.953508600897E0));
#629=CARTESIAN_POINT('',(5.690876313824E0,6.538107425350E0,-5.955144542513E0));
#631=DIRECTION('',(-8.643628894394E-1,-4.999547505161E-1,-5.405592286073E-2));
#632=VECTOR('',#631,8.927361318514E-1);
#633=CARTESIAN_POINT('',(5.690876313824E0,6.538107425350E0,-5.955144542513E0));
#634=LINE('',#633,#632);
#635=CARTESIAN_POINT('',(4.919228331390E0,6.091779755274E0,-6.003402217991E0));
#636=CARTESIAN_POINT('',(4.892425509459E0,6.077346642055E0,-6.004962749728E0));
#637=CARTESIAN_POINT('',(4.837461744019E0,6.049760060376E0,-6.007945455922E0));
#638=CARTESIAN_POINT('',(4.763247289738E0,6.030086421152E0,-6.010072601875E0));
#639=CARTESIAN_POINT('',(4.702727207213E0,6.021671611537E0,-6.010982424811E0));
#640=CARTESIAN_POINT('',(4.672377008101E0,6.020125179485E0,-6.011149627567E0));
#641=CARTESIAN_POINT('',(4.657195763895E0,6.020075850003E0,-6.011154961151E0));
#643=DIRECTION('',(-9.999946591242E-1,-3.249352802333E-3,-3.513253234391E-4));
#644=VECTOR('',#643,1.088598240932E0);
#645=CARTESIAN_POINT('',(4.657195763895E0,6.020075850003E0,-6.011154961151E0));
#646=LINE('',#645,#644);
#647=CARTESIAN_POINT('',(3.568603337031E0,6.016538610258E0,-6.011537413280E0));
#648=CARTESIAN_POINT('',(3.553581344116E0,6.016489798243E0,-6.011542690915E0));
#649=CARTESIAN_POINT('',(3.523534350281E0,6.017772989719E0,-6.011403950159E0));
#650=CARTESIAN_POINT('',(3.463663057155E0,6.025605439543E0,-6.010557092914E0));
#651=CARTESIAN_POINT('',(3.390715626706E0,6.044765513006E0,-6.008485474527E0));
#652=CARTESIAN_POINT('',(3.335601581162E0,6.069747916587E0,-6.005784336316E0));
#653=CARTESIAN_POINT('',(3.309579866615E0,6.084572601561E0,-6.004181467203E0));
#655=DIRECTION('',(-8.676459469052E-1,4.943017036153E-1,5.344470621185E-2));
#656=VECTOR('',#655,8.883944029695E-1);
#657=CARTESIAN_POINT('',(3.309579866615E0,6.084572601561E0,-6.004181467203E0));
#658=LINE('',#657,#656);
#659=DIRECTION('',(9.999946591830E-1,3.249334914558E-3,3.513233893834E-4));
#660=VECTOR('',#659,1.180281678688E0);
#661=CARTESIAN_POINT('',(8.507835231946E0,9.956654453372E0,-5.585525663501E0));
#662=LINE('',#661,#660);
#663=CARTESIAN_POINT('',(9.688110606965E0,9.960489583840E0,-5.585111002941E0));
#664=CARTESIAN_POINT('',(9.696280616280E0,9.960516131078E0,-5.585108132611E0));
#665=CARTESIAN_POINT('',(9.712602622668E0,9.958931016876E0,-5.585279517744E0));
#666=CARTESIAN_POINT('',(9.744077750170E0,9.950412998910E0,-5.586200499736E0));
#667=CARTESIAN_POINT('',(9.797585710476E0,9.923286776599E0,-5.589133431124E0));
#668=CARTESIAN_POINT('',(9.855584376411E0,9.866226114323E0,-5.595302922973E0));
#669=CARTESIAN_POINT('',(9.882721633473E0,9.800696960366E0,-5.602388041951E0));
#670=CARTESIAN_POINT('',(9.882828521655E0,9.768174122393E0,-5.605904464226E0));
#672=DIRECTION('',(3.267496600192E-3,-9.942003034962E-1,-1.074945579743E-1));
#673=VECTOR('',#672,3.558872350596E0);
#674=CARTESIAN_POINT('',(9.882828521655E0,9.768174122393E0,-5.605904464226E0));
#675=LINE('',#674,#673);
#676=CARTESIAN_POINT('',(9.894457124961E0,6.229942151327E0,-5.988463874440E0));
#677=CARTESIAN_POINT('',(9.894563941824E0,6.197441013445E0,-5.991977950465E0));
#678=CARTESIAN_POINT('',(9.867879032141E0,6.131757415402E0,-5.999079768190E0));
#679=CARTESIAN_POINT('',(9.810271603569E0,6.074324408093E0,-6.005289518592E0));
#680=CARTESIAN_POINT('',(9.756937384896E0,6.046836473157E0,-6.008261558939E0));
#681=CARTESIAN_POINT('',(9.725502582818E0,6.038105815500E0,-6.009205531880E0));
#682=CARTESIAN_POINT('',(9.709182367479E0,6.036413104759E0,-6.009388550527E0));
#683=CARTESIAN_POINT('',(9.701007847668E0,6.036386538651E0,-6.009391422898E0));
#685=DIRECTION('',(-9.999946574887E-1,-3.249850268118E-3,-3.513791102517E-4));
#686=VECTOR('',#685,7.819709787532E-1);
#687=CARTESIAN_POINT('',(9.701007847668E0,6.036386538651E0,-6.009391422898E0));
#688=LINE('',#687,#686);
#689=CARTESIAN_POINT('',(8.919041046604E0,6.033845250056E0,-6.009666191165E0));
#690=CARTESIAN_POINT('',(8.910870288440E0,6.033818696174E0,-6.009669062214E0));
#691=CARTESIAN_POINT('',(8.894546780880E0,6.035403785272E0,-6.009497679796E0));
#692=CARTESIAN_POINT('',(8.863068538942E0,6.043921789521E0,-6.008576699287E0));
#693=CARTESIAN_POINT('',(8.809558497216E0,6.0710463E0,-6.005643952984E0));
#694=CARTESIAN_POINT('',(8.751557286196E0,6.128098258796E0,-5.999475402169E0));
#695=CARTESIAN_POINT('',(8.724419621378E0,6.193621849224E0,-5.992390884728E0));
#696=CARTESIAN_POINT('',(8.724312749584E0,6.226139908695E0,-5.988874979114E0));
#698=DIRECTION('',(-3.267475714077E-3,9.942003035640E-1,1.074945579817E-1));
#699=VECTOR('',#698,1.250361612425E0);
#700=CARTESIAN_POINT('',(8.724312749584E0,6.226139908695E0,-5.988874979114E0));
#701=LINE('',#700,#699);
#702=CARTESIAN_POINT('',(8.720227223382E0,7.469249803332E0,-5.854467910269E0));
#703=CARTESIAN_POINT('',(8.720112160294E0,7.504260241562E0,-5.850682524598E0));
#704=CARTESIAN_POINT('',(8.698267982195E0,7.575267430594E0,-5.843005111534E0));
#705=CARTESIAN_POINT('',(8.624893220398E0,7.627969579289E0,-5.837306869281E0));
#706=CARTESIAN_POINT('',(8.566364621116E0,7.640379324819E0,-5.835965107359E0));
#707=CARTESIAN_POINT('',(8.532836302011E0,7.640727638929E0,-5.835927447070E0));
#708=CARTESIAN_POINT('',(8.484806703659E0,7.634906681419E0,-5.836556818488E0));
#709=CARTESIAN_POINT('',(8.413634717804E0,7.602412157256E0,-5.840070179426E0));
#710=CARTESIAN_POINT('',(8.381693169007E0,7.538221262119E0,-5.847010603679E0));
#711=CARTESIAN_POINT('',(8.375126730964E0,7.504480149162E0,-5.850658747830E0));
#713=DIRECTION('',(-1.899616484935E-1,-9.761026294380E-1,-1.055378079448E-1));
#714=VECTOR('',#713,1.296632254584E0);
#715=CARTESIAN_POINT('',(8.375126730964E0,7.504480149162E0,-5.850658747830E0));
#716=LINE('',#715,#714);
#717=CARTESIAN_POINT('',(8.128816330393E0,6.238833996048E0,-5.987502473690E0));
#718=CARTESIAN_POINT('',(8.121516387235E0,6.201323826135E0,-5.991558134425E0));
#719=CARTESIAN_POINT('',(8.081532018568E0,6.129729419048E0,-5.999299038463E0));
#720=CARTESIAN_POINT('',(8.006541604678E0,6.068126823120E0,-6.005959611585E0));
#721=CARTESIAN_POINT('',(7.941918110033E0,6.040638986725E0,-6.008931641278E0));
#722=CARTESIAN_POINT('',(7.904408801285E0,6.032106412146E0,-6.009854197154E0));
#723=CARTESIAN_POINT('',(7.885192728310E0,6.030485859374E0,-6.010029413963E0));
#724=CARTESIAN_POINT('',(7.875562557481E0,6.030454571012E0,-6.010032796912E0));
#726=DIRECTION('',(-9.999946603624E-1,-3.248976114551E-3,-3.512845953426E-4));
#727=VECTOR('',#726,1.180268512357E0);
#728=CARTESIAN_POINT('',(7.875562557481E0,6.030454571012E0,-6.010032796912E0));
#729=LINE('',#728,#727);
#730=CARTESIAN_POINT('',(6.695300347330E0,6.026619906806E0,-6.010447407059E0));
#731=CARTESIAN_POINT('',(6.687139288261E0,6.026593391579E0,-6.010450273928E0));
#732=CARTESIAN_POINT('',(6.670835392232E0,6.028180489363E0,-6.010278674328E0));
#733=CARTESIAN_POINT('',(6.639399713247E0,6.036703973308E0,-6.009357101345E0));
#734=CARTESIAN_POINT('',(6.585883521710E0,6.063868070220E0,-6.006420074893E0));
#735=CARTESIAN_POINT('',(6.527902892821E0,6.120896631095E0,-6.000254053899E0));
#736=CARTESIAN_POINT('',(6.500689283894E0,6.186423235838E0,-5.993169210546E0));
#737=CARTESIAN_POINT('',(6.500582500106E0,6.218914316381E0,-5.989656221937E0));
#739=DIRECTION('',(-3.267495961502E-3,9.942003034982E-1,1.074945579746E-1));
#740=VECTOR('',#739,3.558872207193E0);
#741=CARTESIAN_POINT('',(6.500582500106E0,6.218914316381E0,-5.989656221937E0));
#742=LINE('',#741,#740);
#743=CARTESIAN_POINT('',(6.488953899542E0,9.757146144884E0,-5.607096827137E0));
#744=CARTESIAN_POINT('',(6.488847068201E0,9.789651694391E0,-5.603582274120E0));
#745=CARTESIAN_POINT('',(6.515532666666E0,9.855341550887E0,-5.596479779719E0));
#746=CARTESIAN_POINT('',(6.573140524569E0,9.912782600589E0,-5.590269159763E0));
#747=CARTESIAN_POINT('',(6.626475390430E0,9.940272677270E0,-5.587296887846E0));
#748=CARTESIAN_POINT('',(6.657909224031E0,9.949003612862E0,-5.586352884853E0));
#749=CARTESIAN_POINT('',(6.674229011902E0,9.950696380285E0,-5.586169860079E0));
#750=CARTESIAN_POINT('',(6.682403319298E0,9.950722941396E0,-5.586166988248E0));
#752=DIRECTION('',(9.999946592202E-1,3.249323592415E-3,3.513221652151E-4));
#753=VECTOR('',#752,7.819707639659E-1);
#754=CARTESIAN_POINT('',(6.682403319298E0,9.950722941396E0,-5.586166988248E0));
#755=LINE('',#754,#753);
#756=CARTESIAN_POINT('',(7.464369906930E0,9.953263817448E0,-5.585892264586E0));
#757=CARTESIAN_POINT('',(7.472540459262E0,9.953290366358E0,-5.585889394075E0));
#758=CARTESIAN_POINT('',(7.488863551345E0,9.951705201824E0,-5.586060784648E0));
#759=CARTESIAN_POINT('',(7.520340845107E0,9.943186880979E0,-5.586981799389E0));
#760=CARTESIAN_POINT('',(7.573851425974E0,9.916060252660E0,-5.589914774676E0));
#761=CARTESIAN_POINT('',(7.631853025712E0,9.859000442791E0,-5.596084174361E0));
#762=CARTESIAN_POINT('',(7.658991387097E0,9.793470789476E0,-5.603169347331E0));
#763=CARTESIAN_POINT('',(7.659098272846E0,9.760948385199E0,-5.606685722714E0));
#765=DIRECTION('',(3.267465824701E-3,-9.942003035961E-1,-1.074945579852E-1));
#766=VECTOR('',#765,1.250230291847E0);
#767=CARTESIAN_POINT('',(7.659098272846E0,9.760948385199E0,-5.606685722714E0));
#768=LINE('',#767,#766);
#769=CARTESIAN_POINT('',(7.663183357598E0,8.517969049479E0,-5.741078675315E0));
#770=CARTESIAN_POINT('',(7.663300646877E0,8.482281136244E0,-5.744937310688E0));
#771=CARTESIAN_POINT('',(7.685410427031E0,8.411797971865E0,-5.752558065351E0));
#772=CARTESIAN_POINT('',(7.757531758208E0,8.359907608349E0,-5.758168536069E0));
#773=CARTESIAN_POINT('',(7.821935372899E0,8.345423980299E0,-5.759734529550E0));
#774=CARTESIAN_POINT('',(7.887020200627E0,8.347643041569E0,-5.759494601027E0));
#775=CARTESIAN_POINT('',(7.966531944198E0,8.381714000137E0,-5.755810793431E0));
#776=CARTESIAN_POINT('',(8.000154047803E0,8.444979999691E0,-5.748970370396E0));
#777=CARTESIAN_POINT('',(8.007321574984E0,8.477962117053E0,-5.745404290085E0));
#779=DIRECTION('',(1.900502359369E-1,9.760855843174E-1,1.055359649986E-1));
#780=VECTOR('',#779,1.297412523071E0);
#781=CARTESIAN_POINT('',(8.007321574984E0,8.477962117053E0,-5.745404290085E0));
#782=LINE('',#781,#780);
#783=CARTESIAN_POINT('',(8.253895131101E0,9.744347777736E0,-5.608480607462E0));
#784=CARTESIAN_POINT('',(8.260463889454E0,9.782277091634E0,-5.604379628195E0));
#785=CARTESIAN_POINT('',(8.298671431861E0,9.853883389435E0,-5.596637438515E0));
#786=CARTESIAN_POINT('',(8.375414598715E0,9.918185811219E0,-5.589684955818E0));
#787=CARTESIAN_POINT('',(8.440508628074E0,9.946162077359E0,-5.586660116304E0));
#788=CARTESIAN_POINT('',(8.478560518441E0,9.954955939576E0,-5.585709309582E0));
#789=CARTESIAN_POINT('',(8.498060719018E0,9.956622692536E0,-5.585529097534E0));
#790=CARTESIAN_POINT('',(8.507835231946E0,9.956654453372E0,-5.585525663501E0));
#792=CARTESIAN_POINT('',(1.084899246088E1,6.187013504730E0,-5.993105389710E0));
#793=CARTESIAN_POINT('',(1.083108585898E1,6.176659135180E0,-5.994224921030E0));
#794=CARTESIAN_POINT('',(1.079136036093E1,6.162853217773E0,-5.995717639332E0));
#795=CARTESIAN_POINT('',(1.070723779257E1,6.162178034061E0,-5.995790641296E0));
#796=CARTESIAN_POINT('',(1.061126671565E1,6.214444961521E0,-5.990139455872E0));
#797=CARTESIAN_POINT('',(1.057723433979E1,6.299162400315E0,-5.980979668248E0));
#798=CARTESIAN_POINT('',(1.057709398380E1,6.341881667528E0,-5.976360791418E0));
#800=DIRECTION('',(-3.266487849499E-3,9.942003067727E-1,1.074945583286E-1));
#801=VECTOR('',#800,1.017178216237E0);
#802=CARTESIAN_POINT('',(1.057709398380E1,6.341881667528E0,-5.976360791418E0));
#803=LINE('',#802,#801);
#804=CARTESIAN_POINT('',(1.057377138352E1,7.353160562153E0,-5.867019668322E0));
#805=CARTESIAN_POINT('',(1.057368096725E1,7.380679991663E0,-5.864044222729E0));
#806=CARTESIAN_POINT('',(1.058574465160E1,7.436691576739E0,-5.857988158818E0));
#807=CARTESIAN_POINT('',(1.062754965548E1,7.509057443420E0,-5.850163843312E0));
#808=CARTESIAN_POINT('',(1.067013382778E1,7.547648509584E0,-5.845991314311E0));
#809=CARTESIAN_POINT('',(1.069408999502E1,7.561442119851E0,-5.844499926676E0));
#811=DIRECTION('',(8.653535741225E-1,4.982579151356E-1,5.387245825250E-2));
#812=VECTOR('',#811,6.741996724278E-1);
#813=CARTESIAN_POINT('',(1.069408999502E1,7.561442119851E0,-5.844499926676E0));
#814=LINE('',#813,#812);
#815=CARTESIAN_POINT('',(1.127751109123E1,7.897367443020E0,-5.808179132970E0));
#816=CARTESIAN_POINT('',(1.129380728798E1,7.906750554458E0,-5.807164615661E0));
#817=CARTESIAN_POINT('',(1.131733258936E1,7.942737118139E0,-5.803273689715E0));
#818=CARTESIAN_POINT('',(1.132547408964E1,8.001702606919E0,-5.796898244918E0));
#819=CARTESIAN_POINT('',(1.131680428422E1,8.060535584875E0,-5.790537127407E0));
#820=CARTESIAN_POINT('',(1.129298667461E1,8.096139533592E0,-5.786687570416E0));
#821=CARTESIAN_POINT('',(1.127671859094E1,8.105364528984E0,-5.785690148871E0));
#823=DIRECTION('',(-8.686404987373E-1,4.925721278828E-1,5.325770166338E-2));
#824=VECTOR('',#823,6.740374104297E-1);
#825=CARTESIAN_POINT('',(1.127671859094E1,8.105364528984E0,-5.785690148871E0));
#826=LINE('',#825,#824);
#827=CARTESIAN_POINT('',(1.069122239858E1,8.437376570512E0,-5.749792465557E0));
#828=CARTESIAN_POINT('',(1.066717181692E1,8.451014716810E0,-5.748317886941E0));
#829=CARTESIAN_POINT('',(1.062432951073E1,8.489328840827E0,-5.744175301376E0));
#830=CARTESIAN_POINT('',(1.058204882947E1,8.561425586386E0,-5.736380083685E0));
#831=CARTESIAN_POINT('',(1.056961536587E1,8.617357187825E0,-5.730332667732E0));
#832=CARTESIAN_POINT('',(1.056952492154E1,8.644876666013E0,-5.727357216878E0));
#834=DIRECTION('',(-3.267495938559E-3,9.942003034983E-1,1.074945579746E-1));
#835=VECTOR('',#834,1.017178561754E0);
#836=CARTESIAN_POINT('',(1.056952492154E1,8.644876666013E0,-5.727357216878E0));
#837=LINE('',#836,#835);
#838=CARTESIAN_POINT('',(1.056620129472E1,9.656155900822E0,-5.618016057001E0));
#839=CARTESIAN_POINT('',(1.056606666239E1,9.697120450281E0,-5.613586903116E0));
#840=CARTESIAN_POINT('',(1.059735036731E1,9.780023329904E0,-5.604623308588E0));
#841=CARTESIAN_POINT('',(1.069044006070E1,9.835642242630E0,-5.598609701051E0));
#842=CARTESIAN_POINT('',(1.077656361778E1,9.837279795604E0,-5.598432646153E0));
#843=CARTESIAN_POINT('',(1.081831314658E1,9.823474491565E0,-5.599925298137E0));
#844=CARTESIAN_POINT('',(1.083707577259E1,9.812787674274E0,-5.601080774249E0));
#846=DIRECTION('',(8.676927581420E-1,-4.942204766233E-1,-5.343592381703E-2));
#847=VECTOR('',#846,2.184000964569E0);
#848=CARTESIAN_POINT('',(1.083707577259E1,9.812787674274E0,-5.601080774249E0));
#849=LINE('',#848,#847);
#850=CARTESIAN_POINT('',(1.273211759332E1,8.733409676618E0,-5.717784883408E0));
#851=CARTESIAN_POINT('',(1.275609762982E1,8.719751126450E0,-5.719261668125E0));
#852=CARTESIAN_POINT('',(1.279880508685E1,8.681452861771E0,-5.723402538950E0));
#853=CARTESIAN_POINT('',(1.284094506822E1,8.609443063555E0,-5.731188355756E0));
#854=CARTESIAN_POINT('',(1.285332699562E1,8.553608475183E0,-5.737225282492E0));
#855=CARTESIAN_POINT('',(1.285341725958E1,8.526135667853E0,-5.740195687220E0));
#857=DIRECTION('',(3.266519397557E-3,-9.942003066702E-1,-1.074945583175E-1));
#858=VECTOR('',#857,1.045457309739E0);
#859=CARTESIAN_POINT('',(1.285341725958E1,8.526135667853E0,-5.740195687220E0));
#860=LINE('',#859,#858);
#861=CARTESIAN_POINT('',(1.285683226616E1,7.486741689899E0,-5.852576658971E0));
#862=CARTESIAN_POINT('',(1.285692252988E1,7.459268956311E0,-5.855547055723E0));
#863=CARTESIAN_POINT('',(1.284490972014E1,7.403354706697E0,-5.861592595567E0));
#864=CARTESIAN_POINT('',(1.280324280939E1,7.331073253631E0,-5.869407784136E0));
#865=CARTESIAN_POINT('',(1.276078927356E1,7.292496880011E0,-5.873578724554E0));
#866=CARTESIAN_POINT('',(1.273689945747E1,7.278682757952E0,-5.875072329957E0));
#868=DIRECTION('',(-8.644253390729E-1,-4.998480147979E-1,-5.404438242083E-2));
#869=VECTOR('',#868,2.184002378530E0);
#870=CARTESIAN_POINT('',(1.273689945747E1,7.278682757952E0,-5.875072329957E0));
#871=LINE('',#870,#869);
#872=DIRECTION('',(4.999999999993E-1,8.610073155775E-1,9.309351493378E-2));
#873=VECTOR('',#872,1.962990915246E0);
#874=CARTESIAN_POINT('',(-4.980940107676E1,8.258644867524E0,-5.769117228727E0));
#875=LINE('',#874,#873);
#876=CARTESIAN_POINT('',(-4.848149545762E1,9.749953283794E0,-5.607874531006E0));
#877=DIRECTION('',(0.E0,1.074951318136E-1,-9.942056108454E-1));
#878=DIRECTION('',(-8.660254037844E-1,4.971028054227E-1,5.374756590680E-2));
#879=AXIS2_PLACEMENT_3D('',#876,#877,#878);
#881=CARTESIAN_POINT('',(-4.651850454238E1,9.749953283794E0,-5.607874531006E0));
#882=DIRECTION('',(0.E0,1.074951318136E-1,-9.942056108454E-1));
#883=DIRECTION('',(0.E0,9.942056108454E-1,1.074951318136E-1));
#884=AXIS2_PLACEMENT_3D('',#881,#882,#883);
#886=DIRECTION('',(4.999999999992E-1,-8.610073155775E-1,-9.309351493378E-2));
#887=VECTOR('',#886,1.962990915246E0);
#888=CARTESIAN_POINT('',(-4.617209438087E1,9.948794405963E0,-5.586375504644E0));
#889=LINE('',#888,#887);
#890=CARTESIAN_POINT('',(-4.553700908476E1,8.059803745354E0,-5.790616255090E0));
#891=DIRECTION('',(0.E0,1.074951318136E-1,-9.942056108454E-1));
#892=DIRECTION('',(8.660254037844E-1,4.971028054227E-1,5.374756590680E-2));
#893=AXIS2_PLACEMENT_3D('',#890,#891,#892);
#895=DIRECTION('',(-4.999999999995E-1,-8.610073155774E-1,-9.309351493376E-2));
#896=VECTOR('',#895,1.962990915244E0);
#897=CARTESIAN_POINT('',(-4.519059892324E1,7.860962623183E0,-5.812115281453E0));
#898=LINE('',#897,#896);
#899=CARTESIAN_POINT('',(-4.651850454238E1,6.369654206916E0,-5.973357979173E0));
#900=DIRECTION('',(0.E0,1.074951318136E-1,-9.942056108454E-1));
#901=DIRECTION('',(8.660254037844E-1,-4.971028054227E-1,-5.374756590680E-2));
#902=AXIS2_PLACEMENT_3D('',#899,#900,#901);
#904=CARTESIAN_POINT('',(-4.848149545762E1,6.369654206916E0,-5.973357979173E0));
#905=DIRECTION('',(0.E0,1.074951318136E-1,-9.942056108454E-1));
#906=DIRECTION('',(0.E0,-9.942056108454E-1,-1.074951318136E-1));
#907=AXIS2_PLACEMENT_3D('',#904,#905,#906);
#909=DIRECTION('',(-4.999999999995E-1,8.610073155774E-1,9.309351493376E-2));
#910=VECTOR('',#909,1.962990915244E0);
#911=CARTESIAN_POINT('',(-4.882790561914E1,6.170813084746E0,-5.994857005536E0));
#912=LINE('',#911,#910);
#913=CARTESIAN_POINT('',(-4.946299091524E1,8.059803745354E0,-5.790616255090E0));
#914=DIRECTION('',(0.E0,1.074951318136E-1,-9.942056108454E-1));
#915=DIRECTION('',(-8.660254037844E-1,-4.971028054227E-1,-5.374756590680E-2));
#916=AXIS2_PLACEMENT_3D('',#913,#914,#915);
#918=DIRECTION('',(4.999999999992E-1,8.610073155775E-1,9.309351493378E-2));
#919=VECTOR('',#918,1.962990915246E0);
#920=CARTESIAN_POINT('',(4.519059892324E1,8.258644867524E0,-5.769117228727E0));
#921=LINE('',#920,#919);
#922=CARTESIAN_POINT('',(4.651850454238E1,9.749953283794E0,-5.607874531006E0));
#923=DIRECTION('',(0.E0,1.074951318136E-1,-9.942056108454E-1));
#924=DIRECTION('',(-8.660254037844E-1,4.971028054227E-1,5.374756590680E-2));
#925=AXIS2_PLACEMENT_3D('',#922,#923,#924);
#927=CARTESIAN_POINT('',(4.848149545762E1,9.749953283794E0,-5.607874531006E0));
#928=DIRECTION('',(0.E0,1.074951318136E-1,-9.942056108454E-1));
#929=DIRECTION('',(0.E0,9.942056108454E-1,1.074951318136E-1));
#930=AXIS2_PLACEMENT_3D('',#927,#928,#929);
#932=DIRECTION('',(4.999999999993E-1,-8.610073155775E-1,-9.309351493378E-2));
#933=VECTOR('',#932,1.962990915246E0);
#934=CARTESIAN_POINT('',(4.882790561914E1,9.948794405964E0,-5.586375504644E0));
#935=LINE('',#934,#933);
#936=CARTESIAN_POINT('',(4.946299091524E1,8.059803745354E0,-5.790616255090E0));
#937=DIRECTION('',(0.E0,1.074951318136E-1,-9.942056108454E-1));
#938=DIRECTION('',(8.660254037844E-1,4.971028054227E-1,5.374756590680E-2));
#939=AXIS2_PLACEMENT_3D('',#936,#937,#938);
#941=DIRECTION('',(-4.999999999995E-1,-8.610073155774E-1,-9.309351493376E-2));
#942=VECTOR('',#941,1.962990915244E0);
#943=CARTESIAN_POINT('',(4.980940107676E1,7.860962623183E0,-5.812115281453E0));
#944=LINE('',#943,#942);
#945=CARTESIAN_POINT('',(4.848149545762E1,6.369654206916E0,-5.973357979173E0));
#946=DIRECTION('',(0.E0,1.074951318136E-1,-9.942056108454E-1));
#947=DIRECTION('',(8.660254037844E-1,-4.971028054227E-1,-5.374756590680E-2));
#948=AXIS2_PLACEMENT_3D('',#945,#946,#947);
#950=CARTESIAN_POINT('',(4.651850454238E1,6.369654206916E0,-5.973357979173E0));
#951=DIRECTION('',(0.E0,1.074951318136E-1,-9.942056108454E-1));
#952=DIRECTION('',(0.E0,-9.942056108454E-1,-1.074951318136E-1));
#953=AXIS2_PLACEMENT_3D('',#950,#951,#952);
#955=DIRECTION('',(-4.999999999995E-1,8.610073155774E-1,9.309351493376E-2));
#956=VECTOR('',#955,1.962990915244E0);
#957=CARTESIAN_POINT('',(4.617209438086E1,6.170813084745E0,-5.994857005536E0));
#958=LINE('',#957,#956);
#959=CARTESIAN_POINT('',(4.553700908476E1,8.059803745354E0,-5.790616255090E0));
#960=DIRECTION('',(0.E0,1.074951318136E-1,-9.942056108454E-1));
#961=DIRECTION('',(-8.660254037844E-1,-4.971028054227E-1,-5.374756590680E-2));
#962=AXIS2_PLACEMENT_3D('',#959,#960,#961);
#964=DIRECTION('',(1.E0,2.548966329013E-12,-1.757572394501E-11));
#965=VECTOR('',#964,1.68E2);
#966=CARTESIAN_POINT('',(-8.400000000002E1,1.932193413614E1,-4.091959041557E0));
#967=LINE('',#966,#965);
#968=DIRECTION('',(1.029098402062E-12,-6.402624787481E-2,9.979482148804E-1));
#969=VECTOR('',#968,1.552135409780E1);
#970=CARTESIAN_POINT('',(8.399999999998E1,1.932193413657E1,-4.091959044510E0));
#971=LINE('',#970,#969);
#972=CARTESIAN_POINT('',(-7.106815136382E-13,1.855293555063E1,
7.894074676558E0));
#973=DIRECTION('',(0.E0,9.979482148809E-1,6.402624786719E-2));
#974=DIRECTION('',(1.E0,0.E0,0.E0));
#975=AXIS2_PLACEMENT_3D('',#972,#973,#974);
#977=CARTESIAN_POINT('',(-7.106815136382E-13,1.855293555063E1,
7.894074676558E0));
#978=DIRECTION('',(0.E0,9.979482148809E-1,6.402624786719E-2));
#979=DIRECTION('',(-1.E0,-1.262509051551E-10,1.967820242267E-9));
#980=AXIS2_PLACEMENT_3D('',#977,#978,#979);
#982=CARTESIAN_POINT('',(2.4E1,1.906514553357E1,-8.951104248922E-2));
#983=DIRECTION('',(0.E0,9.979482148809E-1,6.402624786719E-2));
#984=DIRECTION('',(1.E0,0.E0,-5.049337854153E-14));
#985=AXIS2_PLACEMENT_3D('',#982,#983,#984);
#987=CARTESIAN_POINT('',(2.4E1,1.906514553357E1,-8.951104248922E-2));
#988=DIRECTION('',(0.E0,9.979482148809E-1,6.402624786719E-2));
#989=DIRECTION('',(-1.E0,-1.262495119341E-10,1.967794805098E-9));
#990=AXIS2_PLACEMENT_3D('',#987,#988,#989);
#992=CARTESIAN_POINT('',(-8.000000000001E0,1.906514553357E1,
-8.951104248922E-2));
#993=DIRECTION('',(0.E0,9.979482148809E-1,6.402624786719E-2));
#994=DIRECTION('',(1.E0,0.E0,-5.049337854153E-14));
#995=AXIS2_PLACEMENT_3D('',#992,#993,#994);
#997=CARTESIAN_POINT('',(-8.000000000001E0,1.906514553357E1,
-8.951104248922E-2));
#998=DIRECTION('',(0.E0,9.979482148809E-1,6.402624786719E-2));
#999=DIRECTION('',(-1.E0,-1.262495119341E-10,1.967794805098E-9));
#1000=AXIS2_PLACEMENT_3D('',#997,#998,#999);
#1002=CARTESIAN_POINT('',(-1.6E1,1.906514553357E1,-8.951104248922E-2));
#1003=DIRECTION('',(0.E0,9.979482148809E-1,6.402624786719E-2));
#1004=DIRECTION('',(1.E0,0.E0,-5.049337854153E-14));
#1005=AXIS2_PLACEMENT_3D('',#1002,#1003,#1004);
#1007=CARTESIAN_POINT('',(-1.6E1,1.906514553357E1,-8.951104248922E-2));
#1008=DIRECTION('',(0.E0,9.979482148809E-1,6.402624786719E-2));
#1009=DIRECTION('',(-1.E0,-1.262495119341E-10,1.967794805098E-9));
#1010=AXIS2_PLACEMENT_3D('',#1007,#1008,#1009);
#1012=CARTESIAN_POINT('',(-2.4E1,1.906514553357E1,-8.951104248922E-2));
#1013=DIRECTION('',(0.E0,9.979482148809E-1,6.402624786719E-2));
#1014=DIRECTION('',(1.E0,0.E0,-5.049337854153E-14));
#1015=AXIS2_PLACEMENT_3D('',#1012,#1013,#1014);
#1017=CARTESIAN_POINT('',(-2.4E1,1.906514553357E1,-8.951104248922E-2));
#1018=DIRECTION('',(0.E0,9.979482148809E-1,6.402624786719E-2));
#1019=DIRECTION('',(-1.E0,-1.262495119341E-10,1.967794805098E-9));
#1020=AXIS2_PLACEMENT_3D('',#1017,#1018,#1019);
#1022=CARTESIAN_POINT('',(-3.2E1,1.906514553357E1,-8.951104248922E-2));
#1023=DIRECTION('',(0.E0,9.979482148809E-1,6.402624786719E-2));
#1024=DIRECTION('',(1.E0,0.E0,-5.049337854153E-14));
#1025=AXIS2_PLACEMENT_3D('',#1022,#1023,#1024);
#1027=CARTESIAN_POINT('',(-3.2E1,1.906514553357E1,-8.951104248922E-2));
#1028=DIRECTION('',(0.E0,9.979482148809E-1,6.402624786719E-2));
#1029=DIRECTION('',(-1.E0,-1.262495119341E-10,1.967794805098E-9));
#1030=AXIS2_PLACEMENT_3D('',#1027,#1028,#1029);
#1032=CARTESIAN_POINT('',(-7.2E1,1.906514553357E1,-8.951104248922E-2));
#1033=DIRECTION('',(0.E0,9.979482148809E-1,6.402624786719E-2));
#1034=DIRECTION('',(1.E0,0.E0,-5.049337854153E-14));
#1035=AXIS2_PLACEMENT_3D('',#1032,#1033,#1034);
#1037=CARTESIAN_POINT('',(-7.2E1,1.906514553357E1,-8.951104248922E-2));
#1038=DIRECTION('',(0.E0,9.979482148809E-1,6.402624786719E-2));
#1039=DIRECTION('',(-1.E0,-1.262495119341E-10,1.967794805098E-9));
#1040=AXIS2_PLACEMENT_3D('',#1037,#1038,#1039);
#1042=CARTESIAN_POINT('',(-4.8E1,1.906514553357E1,-8.951104248922E-2));
#1043=DIRECTION('',(0.E0,9.979482148809E-1,6.402624786719E-2));
#1044=DIRECTION('',(1.E0,0.E0,-5.049337854153E-14));
#1045=AXIS2_PLACEMENT_3D('',#1042,#1043,#1044);
#1047=CARTESIAN_POINT('',(-4.8E1,1.906514553357E1,-8.951104248922E-2));
#1048=DIRECTION('',(0.E0,9.979482148809E-1,6.402624786719E-2));
#1049=DIRECTION('',(-1.E0,-1.262495119341E-10,1.967794805098E-9));
#1050=AXIS2_PLACEMENT_3D('',#1047,#1048,#1049);
#1052=CARTESIAN_POINT('',(-5.6E1,1.906514553357E1,-8.951104248922E-2));
#1053=DIRECTION('',(0.E0,9.979482148809E-1,6.402624786719E-2));
#1054=DIRECTION('',(1.E0,0.E0,-5.049337854153E-14));
#1055=AXIS2_PLACEMENT_3D('',#1052,#1053,#1054);
#1057=CARTESIAN_POINT('',(-5.6E1,1.906514553357E1,-8.951104248922E-2));
#1058=DIRECTION('',(0.E0,9.979482148809E-1,6.402624786719E-2));
#1059=DIRECTION('',(-1.E0,-1.262495119341E-10,1.967794805098E-9));
#1060=AXIS2_PLACEMENT_3D('',#1057,#1058,#1059);
#1062=CARTESIAN_POINT('',(-8.E1,1.906514553357E1,-8.951104248922E-2));
#1063=DIRECTION('',(0.E0,9.979482148809E-1,6.402624786719E-2));
#1064=DIRECTION('',(1.E0,0.E0,-5.049337854153E-14));
#1065=AXIS2_PLACEMENT_3D('',#1062,#1063,#1064);
#1067=CARTESIAN_POINT('',(-8.E1,1.906514553357E1,-8.951104248922E-2));
#1068=DIRECTION('',(0.E0,9.979482148809E-1,6.402624786719E-2));
#1069=DIRECTION('',(-1.E0,-1.262495119341E-10,1.967794805098E-9));
#1070=AXIS2_PLACEMENT_3D('',#1067,#1068,#1069);
#1072=CARTESIAN_POINT('',(-4.E1,1.906514553357E1,-8.951104248922E-2));
#1073=DIRECTION('',(0.E0,9.979482148809E-1,6.402624786719E-2));
#1074=DIRECTION('',(1.E0,0.E0,-5.049337854153E-14));
#1075=AXIS2_PLACEMENT_3D('',#1072,#1073,#1074);
#1077=CARTESIAN_POINT('',(-4.E1,1.906514553357E1,-8.951104248922E-2));
#1078=DIRECTION('',(0.E0,9.979482148809E-1,6.402624786719E-2));
#1079=DIRECTION('',(-1.E0,-1.262495119341E-10,1.967794805098E-9));
#1080=AXIS2_PLACEMENT_3D('',#1077,#1078,#1079);
#1082=CARTESIAN_POINT('',(-6.4E1,1.906514553357E1,-8.951104248922E-2));
#1083=DIRECTION('',(0.E0,9.979482148809E-1,6.402624786719E-2));
#1084=DIRECTION('',(1.E0,0.E0,-5.049337854153E-14));
#1085=AXIS2_PLACEMENT_3D('',#1082,#1083,#1084);
#1087=CARTESIAN_POINT('',(-6.4E1,1.906514553357E1,-8.951104248922E-2));
#1088=DIRECTION('',(0.E0,9.979482148809E-1,6.402624786719E-2));
#1089=DIRECTION('',(-1.E0,-1.262495119341E-10,1.967794805098E-9));
#1090=AXIS2_PLACEMENT_3D('',#1087,#1088,#1089);
#1092=CARTESIAN_POINT('',(6.4E1,1.855293555063E1,7.894074676558E0));
#1093=DIRECTION('',(0.E0,9.979482148809E-1,6.402624786719E-2));
#1094=DIRECTION('',(1.E0,0.E0,0.E0));
#1095=AXIS2_PLACEMENT_3D('',#1092,#1093,#1094);
#1097=CARTESIAN_POINT('',(6.4E1,1.855293555063E1,7.894074676558E0));
#1098=DIRECTION('',(0.E0,9.979482148809E-1,6.402624786719E-2));
#1099=DIRECTION('',(-1.E0,-1.262509051551E-10,1.967820242267E-9));
#1100=AXIS2_PLACEMENT_3D('',#1097,#1098,#1099);
#1102=CARTESIAN_POINT('',(5.6E1,1.855293555063E1,7.894074676558E0));
#1103=DIRECTION('',(0.E0,9.979482148809E-1,6.402624786719E-2));
#1104=DIRECTION('',(1.E0,0.E0,0.E0));
#1105=AXIS2_PLACEMENT_3D('',#1102,#1103,#1104);
#1107=CARTESIAN_POINT('',(5.6E1,1.855293555063E1,7.894074676558E0));
#1108=DIRECTION('',(0.E0,9.979482148809E-1,6.402624786719E-2));
#1109=DIRECTION('',(-1.E0,-1.262509051551E-10,1.967820938877E-9));
#1110=AXIS2_PLACEMENT_3D('',#1107,#1108,#1109);
#1112=CARTESIAN_POINT('',(4.8E1,1.855293555063E1,7.894074676558E0));
#1113=DIRECTION('',(0.E0,9.979482148809E-1,6.402624786719E-2));
#1114=DIRECTION('',(1.E0,0.E0,0.E0));
#1115=AXIS2_PLACEMENT_3D('',#1112,#1113,#1114);
#1117=CARTESIAN_POINT('',(4.8E1,1.855293555063E1,7.894074676558E0));
#1118=DIRECTION('',(0.E0,9.979482148809E-1,6.402624786719E-2));
#1119=DIRECTION('',(-1.E0,-1.262509051551E-10,1.967820938877E-9));
#1120=AXIS2_PLACEMENT_3D('',#1117,#1118,#1119);
#1122=CARTESIAN_POINT('',(4.E1,1.855293555063E1,7.894074676558E0));
#1123=DIRECTION('',(0.E0,9.979482148809E-1,6.402624786719E-2));
#1124=DIRECTION('',(1.E0,0.E0,0.E0));
#1125=AXIS2_PLACEMENT_3D('',#1122,#1123,#1124);
#1127=CARTESIAN_POINT('',(4.E1,1.855293555063E1,7.894074676558E0));
#1128=DIRECTION('',(0.E0,9.979482148809E-1,6.402624786719E-2));
#1129=DIRECTION('',(-1.E0,-1.262509051551E-10,1.967820242267E-9));
#1130=AXIS2_PLACEMENT_3D('',#1127,#1128,#1129);
#1132=CARTESIAN_POINT('',(3.2E1,1.855293555063E1,7.894074676558E0));
#1133=DIRECTION('',(0.E0,9.979482148809E-1,6.402624786719E-2));
#1134=DIRECTION('',(1.E0,0.E0,0.E0));
#1135=AXIS2_PLACEMENT_3D('',#1132,#1133,#1134);
#1137=CARTESIAN_POINT('',(3.2E1,1.855293555063E1,7.894074676558E0));
#1138=DIRECTION('',(0.E0,9.979482148809E-1,6.402624786719E-2));
#1139=DIRECTION('',(-1.E0,-1.262509051551E-10,1.967820938877E-9));
#1140=AXIS2_PLACEMENT_3D('',#1137,#1138,#1139);
#1142=CARTESIAN_POINT('',(2.4E1,1.855293555063E1,7.894074676558E0));
#1143=DIRECTION('',(0.E0,9.979482148809E-1,6.402624786719E-2));
#1144=DIRECTION('',(1.E0,0.E0,0.E0));
#1145=AXIS2_PLACEMENT_3D('',#1142,#1143,#1144);
#1147=CARTESIAN_POINT('',(2.4E1,1.855293555063E1,7.894074676558E0));
#1148=DIRECTION('',(0.E0,9.979482148809E-1,6.402624786719E-2));
#1149=DIRECTION('',(-1.E0,-1.262509051551E-10,1.967820938877E-9));
#1150=AXIS2_PLACEMENT_3D('',#1147,#1148,#1149);
#1152=CARTESIAN_POINT('',(1.6E1,1.855293555063E1,7.894074676558E0));
#1153=DIRECTION('',(0.E0,9.979482148809E-1,6.402624786719E-2));
#1154=DIRECTION('',(1.E0,0.E0,0.E0));
#1155=AXIS2_PLACEMENT_3D('',#1152,#1153,#1154);
#1157=CARTESIAN_POINT('',(1.6E1,1.855293555063E1,7.894074676558E0));
#1158=DIRECTION('',(0.E0,9.979482148809E-1,6.402624786719E-2));
#1159=DIRECTION('',(-1.E0,-1.262509051551E-10,1.967820242267E-9));
#1160=AXIS2_PLACEMENT_3D('',#1157,#1158,#1159);
#1162=CARTESIAN_POINT('',(7.999999999999E0,1.855293555063E1,7.894074676558E0));
#1163=DIRECTION('',(0.E0,9.979482148809E-1,6.402624786719E-2));
#1164=DIRECTION('',(1.E0,0.E0,0.E0));
#1165=AXIS2_PLACEMENT_3D('',#1162,#1163,#1164);
#1167=CARTESIAN_POINT('',(7.999999999999E0,1.855293555063E1,7.894074676558E0));
#1168=DIRECTION('',(0.E0,9.979482148809E-1,6.402624786719E-2));
#1169=DIRECTION('',(-1.E0,-1.262509051551E-10,1.967820938877E-9));
#1170=AXIS2_PLACEMENT_3D('',#1167,#1168,#1169);
#1172=CARTESIAN_POINT('',(-8.000000000001E0,1.855293555063E1,7.894074676558E0));
#1173=DIRECTION('',(0.E0,9.979482148809E-1,6.402624786719E-2));
#1174=DIRECTION('',(1.E0,0.E0,0.E0));
#1175=AXIS2_PLACEMENT_3D('',#1172,#1173,#1174);
#1177=CARTESIAN_POINT('',(-8.000000000001E0,1.855293555063E1,7.894074676558E0));
#1178=DIRECTION('',(0.E0,9.979482148809E-1,6.402624786719E-2));
#1179=DIRECTION('',(-1.E0,-1.262509051551E-10,1.967820938877E-9));
#1180=AXIS2_PLACEMENT_3D('',#1177,#1178,#1179);
#1182=CARTESIAN_POINT('',(-1.6E1,1.855293555063E1,7.894074676558E0));
#1183=DIRECTION('',(0.E0,9.979482148809E-1,6.402624786719E-2));
#1184=DIRECTION('',(1.E0,0.E0,0.E0));
#1185=AXIS2_PLACEMENT_3D('',#1182,#1183,#1184);
#1187=CARTESIAN_POINT('',(-1.6E1,1.855293555063E1,7.894074676558E0));
#1188=DIRECTION('',(0.E0,9.979482148809E-1,6.402624786719E-2));
#1189=DIRECTION('',(-1.E0,-1.262509051551E-10,1.967820938877E-9));
#1190=AXIS2_PLACEMENT_3D('',#1187,#1188,#1189);
#1192=CARTESIAN_POINT('',(-2.4E1,1.855293555063E1,7.894074676558E0));
#1193=DIRECTION('',(0.E0,9.979482148809E-1,6.402624786719E-2));
#1194=DIRECTION('',(1.E0,0.E0,0.E0));
#1195=AXIS2_PLACEMENT_3D('',#1192,#1193,#1194);
#1197=CARTESIAN_POINT('',(-2.4E1,1.855293555063E1,7.894074676558E0));
#1198=DIRECTION('',(0.E0,9.979482148809E-1,6.402624786719E-2));
#1199=DIRECTION('',(-1.E0,-1.262509051551E-10,1.967820242267E-9));
#1200=AXIS2_PLACEMENT_3D('',#1197,#1198,#1199);
#1202=CARTESIAN_POINT('',(-3.2E1,1.855293555063E1,7.894074676558E0));
#1203=DIRECTION('',(0.E0,9.979482148809E-1,6.402624786719E-2));
#1204=DIRECTION('',(1.E0,0.E0,0.E0));
#1205=AXIS2_PLACEMENT_3D('',#1202,#1203,#1204);
#1207=CARTESIAN_POINT('',(-3.2E1,1.855293555063E1,7.894074676558E0));
#1208=DIRECTION('',(0.E0,9.979482148809E-1,6.402624786719E-2));
#1209=DIRECTION('',(-1.E0,-1.262509051551E-10,1.967820242267E-9));
#1210=AXIS2_PLACEMENT_3D('',#1207,#1208,#1209);
#1212=CARTESIAN_POINT('',(-4.E1,1.855293555063E1,7.894074676558E0));
#1213=DIRECTION('',(0.E0,9.979482148809E-1,6.402624786719E-2));
#1214=DIRECTION('',(1.E0,0.E0,0.E0));
#1215=AXIS2_PLACEMENT_3D('',#1212,#1213,#1214);
#1217=CARTESIAN_POINT('',(-4.E1,1.855293555063E1,7.894074676558E0));
#1218=DIRECTION('',(0.E0,9.979482148809E-1,6.402624786719E-2));
#1219=DIRECTION('',(-1.E0,-1.262509051551E-10,1.967820938877E-9));
#1220=AXIS2_PLACEMENT_3D('',#1217,#1218,#1219);
#1222=CARTESIAN_POINT('',(-4.8E1,1.855293555063E1,7.894074676558E0));
#1223=DIRECTION('',(0.E0,9.979482148809E-1,6.402624786719E-2));
#1224=DIRECTION('',(1.E0,0.E0,0.E0));
#1225=AXIS2_PLACEMENT_3D('',#1222,#1223,#1224);
#1227=CARTESIAN_POINT('',(-4.8E1,1.855293555063E1,7.894074676558E0));
#1228=DIRECTION('',(0.E0,9.979482148809E-1,6.402624786719E-2));
#1229=DIRECTION('',(-1.E0,-1.262509051551E-10,1.967820938877E-9));
#1230=AXIS2_PLACEMENT_3D('',#1227,#1228,#1229);
#1232=CARTESIAN_POINT('',(-5.6E1,1.855293555063E1,7.894074676558E0));
#1233=DIRECTION('',(0.E0,9.979482148809E-1,6.402624786719E-2));
#1234=DIRECTION('',(1.E0,0.E0,0.E0));
#1235=AXIS2_PLACEMENT_3D('',#1232,#1233,#1234);
#1237=CARTESIAN_POINT('',(-5.6E1,1.855293555063E1,7.894074676558E0));
#1238=DIRECTION('',(0.E0,9.979482148809E-1,6.402624786719E-2));
#1239=DIRECTION('',(-1.E0,-1.262509051551E-10,1.967820242267E-9));
#1240=AXIS2_PLACEMENT_3D('',#1237,#1238,#1239);
#1242=CARTESIAN_POINT('',(-6.4E1,1.855293555063E1,7.894074676558E0));
#1243=DIRECTION('',(0.E0,9.979482148809E-1,6.402624786719E-2));
#1244=DIRECTION('',(1.E0,0.E0,0.E0));
#1245=AXIS2_PLACEMENT_3D('',#1242,#1243,#1244);
#1247=CARTESIAN_POINT('',(-6.4E1,1.855293555063E1,7.894074676558E0));
#1248=DIRECTION('',(0.E0,9.979482148809E-1,6.402624786719E-2));
#1249=DIRECTION('',(-1.E0,-1.262509051551E-10,1.967820242267E-9));
#1250=AXIS2_PLACEMENT_3D('',#1247,#1248,#1249);
#1252=CARTESIAN_POINT('',(-7.2E1,1.855293555063E1,7.894074676558E0));
#1253=DIRECTION('',(0.E0,9.979482148809E-1,6.402624786719E-2));
#1254=DIRECTION('',(1.E0,0.E0,0.E0));
#1255=AXIS2_PLACEMENT_3D('',#1252,#1253,#1254);
#1257=CARTESIAN_POINT('',(-7.2E1,1.855293555063E1,7.894074676558E0));
#1258=DIRECTION('',(0.E0,9.979482148809E-1,6.402624786719E-2));
#1259=DIRECTION('',(-1.E0,-1.262509051551E-10,1.967820938877E-9));
#1260=AXIS2_PLACEMENT_3D('',#1257,#1258,#1259);
#1262=CARTESIAN_POINT('',(-8.E1,1.855293555063E1,7.894074676558E0));
#1263=DIRECTION('',(0.E0,9.979482148809E-1,6.402624786719E-2));
#1264=DIRECTION('',(1.E0,0.E0,0.E0));
#1265=AXIS2_PLACEMENT_3D('',#1262,#1263,#1264);
#1267=CARTESIAN_POINT('',(-8.E1,1.855293555063E1,7.894074676558E0));
#1268=DIRECTION('',(0.E0,9.979482148809E-1,6.402624786719E-2));
#1269=DIRECTION('',(-1.E0,-1.262509051551E-10,1.967820938877E-9));
#1270=AXIS2_PLACEMENT_3D('',#1267,#1268,#1269);
#1272=CARTESIAN_POINT('',(6.4E1,1.906514553357E1,-8.951104248922E-2));
#1273=DIRECTION('',(0.E0,9.979482148809E-1,6.402624786719E-2));
#1274=DIRECTION('',(1.E0,0.E0,-5.049337854153E-14));
#1275=AXIS2_PLACEMENT_3D('',#1272,#1273,#1274);
#1277=CARTESIAN_POINT('',(6.4E1,1.906514553357E1,-8.951104248922E-2));
#1278=DIRECTION('',(0.E0,9.979482148809E-1,6.402624786719E-2));
#1279=DIRECTION('',(-1.E0,-1.262495119341E-10,1.967794805098E-9));
#1280=AXIS2_PLACEMENT_3D('',#1277,#1278,#1279);
#1282=CARTESIAN_POINT('',(5.6E1,1.906514553357E1,-8.951104248922E-2));
#1283=DIRECTION('',(0.E0,9.979482148809E-1,6.402624786719E-2));
#1284=DIRECTION('',(1.E0,0.E0,-5.049337854153E-14));
#1285=AXIS2_PLACEMENT_3D('',#1282,#1283,#1284);
#1287=CARTESIAN_POINT('',(5.6E1,1.906514553357E1,-8.951104248922E-2));
#1288=DIRECTION('',(0.E0,9.979482148809E-1,6.402624786719E-2));
#1289=DIRECTION('',(-1.E0,-1.262495119341E-10,1.967794805098E-9));
#1290=AXIS2_PLACEMENT_3D('',#1287,#1288,#1289);
#1292=CARTESIAN_POINT('',(4.8E1,1.906514553357E1,-8.951104248922E-2));
#1293=DIRECTION('',(0.E0,9.979482148809E-1,6.402624786719E-2));
#1294=DIRECTION('',(1.E0,0.E0,-5.049337854153E-14));
#1295=AXIS2_PLACEMENT_3D('',#1292,#1293,#1294);
#1297=CARTESIAN_POINT('',(4.8E1,1.906514553357E1,-8.951104248922E-2));
#1298=DIRECTION('',(0.E0,9.979482148809E-1,6.402624786719E-2));
#1299=DIRECTION('',(-1.E0,-1.262495119341E-10,1.967794805098E-9));
#1300=AXIS2_PLACEMENT_3D('',#1297,#1298,#1299);
#1302=CARTESIAN_POINT('',(4.E1,1.906514553357E1,-8.951104248922E-2));
#1303=DIRECTION('',(0.E0,9.979482148809E-1,6.402624786719E-2));
#1304=DIRECTION('',(1.E0,0.E0,-5.049337854153E-14));
#1305=AXIS2_PLACEMENT_3D('',#1302,#1303,#1304);
#1307=CARTESIAN_POINT('',(4.E1,1.906514553357E1,-8.951104248922E-2));
#1308=DIRECTION('',(0.E0,9.979482148809E-1,6.402624786719E-2));
#1309=DIRECTION('',(-1.E0,-1.262495119341E-10,1.967794805098E-9));
#1310=AXIS2_PLACEMENT_3D('',#1307,#1308,#1309);
#1312=CARTESIAN_POINT('',(3.2E1,1.906514553357E1,-8.951104248922E-2));
#1313=DIRECTION('',(0.E0,9.979482148809E-1,6.402624786719E-2));
#1314=DIRECTION('',(1.E0,0.E0,-5.049337854153E-14));
#1315=AXIS2_PLACEMENT_3D('',#1312,#1313,#1314);
#1317=CARTESIAN_POINT('',(3.2E1,1.906514553357E1,-8.951104248922E-2));
#1318=DIRECTION('',(0.E0,9.979482148809E-1,6.402624786719E-2));
#1319=DIRECTION('',(-1.E0,-1.262495119341E-10,1.967794805098E-9));
#1320=AXIS2_PLACEMENT_3D('',#1317,#1318,#1319);
#1322=CARTESIAN_POINT('',(7.999999999999E0,1.906514553357E1,
-8.951104248922E-2));
#1323=DIRECTION('',(0.E0,9.979482148809E-1,6.402624786719E-2));
#1324=DIRECTION('',(1.E0,0.E0,-5.049337854153E-14));
#1325=AXIS2_PLACEMENT_3D('',#1322,#1323,#1324);
#1327=CARTESIAN_POINT('',(7.999999999999E0,1.906514553357E1,
-8.951104248922E-2));
#1328=DIRECTION('',(0.E0,9.979482148809E-1,6.402624786719E-2));
#1329=DIRECTION('',(-1.E0,-1.262495119341E-10,1.967794805098E-9));
#1330=AXIS2_PLACEMENT_3D('',#1327,#1328,#1329);
#1332=CARTESIAN_POINT('',(1.6E1,1.906514553357E1,-8.951104248922E-2));
#1333=DIRECTION('',(0.E0,9.979482148809E-1,6.402624786719E-2));
#1334=DIRECTION('',(1.E0,0.E0,-5.049337854153E-14));
#1335=AXIS2_PLACEMENT_3D('',#1332,#1333,#1334);
#1337=CARTESIAN_POINT('',(1.6E1,1.906514553357E1,-8.951104248922E-2));
#1338=DIRECTION('',(0.E0,9.979482148809E-1,6.402624786719E-2));
#1339=DIRECTION('',(-1.E0,-1.262495119341E-10,1.967794805098E-9));
#1340=AXIS2_PLACEMENT_3D('',#1337,#1338,#1339);
#1342=CARTESIAN_POINT('',(-8.747169655265E-13,1.906514553357E1,
-8.951104248922E-2));
#1343=DIRECTION('',(0.E0,9.979482148809E-1,6.402624786719E-2));
#1344=DIRECTION('',(1.E0,0.E0,-5.049337854153E-14));
#1345=AXIS2_PLACEMENT_3D('',#1342,#1343,#1344);
#1347=CARTESIAN_POINT('',(-8.747169655265E-13,1.906514553357E1,
-8.951104248922E-2));
#1348=DIRECTION('',(0.E0,9.979482148809E-1,6.402624786719E-2));
#1349=DIRECTION('',(-1.E0,-1.262495119341E-10,1.967794805098E-9));
#1350=AXIS2_PLACEMENT_3D('',#1347,#1348,#1349);
#1352=CARTESIAN_POINT('',(7.2E1,1.906514553357E1,-8.951104248922E-2));
#1353=DIRECTION('',(0.E0,9.979482148809E-1,6.402624786719E-2));
#1354=DIRECTION('',(1.E0,0.E0,-5.049337854153E-14));
#1355=AXIS2_PLACEMENT_3D('',#1352,#1353,#1354);
#1357=CARTESIAN_POINT('',(7.2E1,1.906514553357E1,-8.951104248922E-2));
#1358=DIRECTION('',(0.E0,9.979482148809E-1,6.402624786719E-2));
#1359=DIRECTION('',(-1.E0,-1.262495119341E-10,1.967794805098E-9));
#1360=AXIS2_PLACEMENT_3D('',#1357,#1358,#1359);
#1362=CARTESIAN_POINT('',(8.E1,1.906514553357E1,-8.951104248922E-2));
#1363=DIRECTION('',(0.E0,9.979482148809E-1,6.402624786719E-2));
#1364=DIRECTION('',(1.E0,0.E0,-5.049337854153E-14));
#1365=AXIS2_PLACEMENT_3D('',#1362,#1363,#1364);
#1367=CARTESIAN_POINT('',(8.E1,1.906514553357E1,-8.951104248922E-2));
#1368=DIRECTION('',(0.E0,9.979482148809E-1,6.402624786719E-2));
#1369=DIRECTION('',(-1.E0,-1.262495119341E-10,1.967794805098E-9));
#1370=AXIS2_PLACEMENT_3D('',#1367,#1368,#1369);
#1372=CARTESIAN_POINT('',(7.2E1,1.855293555063E1,7.894074676558E0));
#1373=DIRECTION('',(0.E0,9.979482148809E-1,6.402624786719E-2));
#1374=DIRECTION('',(1.E0,0.E0,0.E0));
#1375=AXIS2_PLACEMENT_3D('',#1372,#1373,#1374);
#1377=CARTESIAN_POINT('',(7.2E1,1.855293555063E1,7.894074676558E0));
#1378=DIRECTION('',(0.E0,9.979482148809E-1,6.402624786719E-2));
#1379=DIRECTION('',(-1.E0,-1.262509051551E-10,1.967820938877E-9));
#1380=AXIS2_PLACEMENT_3D('',#1377,#1378,#1379);
#1382=CARTESIAN_POINT('',(8.E1,1.855293555063E1,7.894074676558E0));
#1383=DIRECTION('',(0.E0,9.979482148809E-1,6.402624786719E-2));
#1384=DIRECTION('',(1.E0,0.E0,0.E0));
#1385=AXIS2_PLACEMENT_3D('',#1382,#1383,#1384);
#1387=CARTESIAN_POINT('',(8.E1,1.855293555063E1,7.894074676558E0));
#1388=DIRECTION('',(0.E0,9.979482148809E-1,6.402624786719E-2));
#1389=DIRECTION('',(-1.E0,-1.262509051551E-10,1.967820242267E-9));
#1390=AXIS2_PLACEMENT_3D('',#1387,#1388,#1389);
#1392=DIRECTION('',(1.E0,0.E0,0.E0));
#1393=VECTOR('',#1392,1.68E2);
#1394=CARTESIAN_POINT('',(-8.4E1,1.832816007175E1,1.139754856992E1));
#1395=LINE('',#1394,#1393);
#1396=DIRECTION('',(-1.820765760385E-13,-9.979482148810E-1,-6.402624786645E-2));
#1397=VECTOR('',#1396,3.2E0);
#1398=CARTESIAN_POINT('',(8.4E1,1.832816007175E1,1.139754856992E1));
#1399=LINE('',#1398,#1397);
#1400=DIRECTION('',(1.E0,0.E0,0.E0));
#1401=VECTOR('',#1400,1.68E2);
#1402=CARTESIAN_POINT('',(-8.4E1,1.513472578413E1,1.119266457675E1));
#1403=LINE('',#1402,#1401);
#1404=DIRECTION('',(1.849884468683E-14,6.402624786521E-2,-9.979482148811E-1));
#1405=VECTOR('',#1404,1.229123652274E1);
#1406=CARTESIAN_POINT('',(8.4E1,1.513472578413E1,1.119266457675E1));
#1407=LINE('',#1406,#1405);
#1408=DIRECTION('',(1.E0,-5.397904345728E-13,3.900998571790E-12));
#1409=VECTOR('',#1408,1.68E2);
#1410=CARTESIAN_POINT('',(-8.4E1,1.592168754040E1,-1.073352970456E0));
#1411=LINE('',#1410,#1409);
#1412=DIRECTION('',(-1.E0,2.659428233187E-12,0.E0));
#1413=VECTOR('',#1412,1.68E2);
#1414=CARTESIAN_POINT('',(8.4E1,1.547646099857E1,-1.602468899486E0));
#1415=LINE('',#1414,#1413);
#1416=DIRECTION('',(0.E0,-9.979482146716E-1,-6.402625113001E-2));
#1417=VECTOR('',#1416,1.299999999995E0);
#1418=CARTESIAN_POINT('',(-2.550000000001E0,1.985026822926E1,7.977308809870E0));
#1419=LINE('',#1418,#1417);
#1420=DIRECTION('',(0.E0,9.979482151128E-1,6.402624425332E-2));
#1421=VECTOR('',#1420,1.299999999995E0);
#1422=CARTESIAN_POINT('',(2.549999999999E0,1.855293555063E1,7.894074676558E0));
#1423=LINE('',#1422,#1421);
#1424=CARTESIAN_POINT('',(-7.106815136382E-13,1.985026822997E1,
7.977308798785E0));
#1425=DIRECTION('',(0.E0,-9.979482148809E-1,-6.402624786719E-2));
#1426=DIRECTION('',(-1.E0,-1.951484725449E-10,3.041693084768E-9));
#1427=AXIS2_PLACEMENT_3D('',#1424,#1425,#1426);
#1429=CARTESIAN_POINT('',(-7.106815136382E-13,1.985026822997E1,
7.977308798785E0));
#1430=DIRECTION('',(0.E0,-9.979482148809E-1,-6.402624786719E-2));
#1431=DIRECTION('',(9.951641129308E-1,6.289055669721E-3,-9.802467094281E-2));
#1432=AXIS2_PLACEMENT_3D('',#1429,#1430,#1431);
#1434=CARTESIAN_POINT('',(2.049999999999E0,1.985026823045E1,7.977308791231E0));
#1435=DIRECTION('',(3.692307459779E-9,-6.402624786719E-2,9.979482148809E-1));
#1436=DIRECTION('',(1.E0,2.364046736147E-10,-3.684730742748E-9));
#1437=AXIS2_PLACEMENT_3D('',#1434,#1435,#1436);
#1439=CARTESIAN_POINT('',(-7.106815136382E-13,1.985026822997E1,
7.977308798785E0));
#1440=DIRECTION('',(0.E0,-9.979482148809E-1,-6.402624786719E-2));
#1441=DIRECTION('',(1.E0,0.E0,0.E0));
#1442=AXIS2_PLACEMENT_3D('',#1439,#1440,#1441);
#1444=CARTESIAN_POINT('',(-7.106815136382E-13,1.985026822997E1,
7.977308798785E0));
#1445=DIRECTION('',(0.E0,-9.979482148809E-1,-6.402624786719E-2));
#1446=DIRECTION('',(-9.951641131245E-1,-6.289055544075E-3,9.802466898442E-2));
#1447=AXIS2_PLACEMENT_3D('',#1444,#1445,#1446);
#1449=CARTESIAN_POINT('',(-2.050000000001E0,1.985026822923E1,7.977308810373E0));
#1450=DIRECTION('',(-5.664196930932E-9,6.402624786719E-2,-9.979482148809E-1));
#1451=DIRECTION('',(-1.E0,-3.626539069046E-10,5.652575296722E-9));
#1452=AXIS2_PLACEMENT_3D('',#1449,#1450,#1451);
#1454=CARTESIAN_POINT('',(-7.106815136382E-13,2.034924233741E1,
8.009321922719E0));
#1455=DIRECTION('',(0.E0,-9.979482148809E-1,-6.402624786719E-2));
#1456=DIRECTION('',(-1.E0,-1.142050140094E-10,1.780067258906E-9));
#1457=AXIS2_PLACEMENT_3D('',#1454,#1455,#1456);
#1459=CARTESIAN_POINT('',(-7.106815136382E-13,2.034924233741E1,
8.009321922719E0));
#1460=DIRECTION('',(0.E0,-9.979482148809E-1,-6.402624786719E-2));
#1461=DIRECTION('',(9.951641129308E-1,6.289055669709E-3,-9.802467094264E-2));
#1462=AXIS2_PLACEMENT_3D('',#1459,#1460,#1461);
#1464=CARTESIAN_POINT('',(-7.106815136382E-13,2.034924233741E1,
8.009321922719E0));
#1465=DIRECTION('',(0.E0,-9.979482148809E-1,-6.402624786719E-2));
#1466=DIRECTION('',(1.E0,3.350642256874E-11,-5.222367795662E-10));
#1467=AXIS2_PLACEMENT_3D('',#1464,#1465,#1466);
#1469=CARTESIAN_POINT('',(-7.106815136382E-13,2.034924233741E1,
8.009321922719E0));
#1470=DIRECTION('',(0.E0,-9.979482148809E-1,-6.402624786719E-2));
#1471=DIRECTION('',(-9.951641131245E-1,-6.289055544077E-3,9.802466898445E-2));
#1472=AXIS2_PLACEMENT_3D('',#1469,#1470,#1471);
#1474=DIRECTION('',(0.E0,-9.979482146716E-1,-6.402625112977E-2));
#1475=VECTOR('',#1474,1.299999999995E0);
#1476=CARTESIAN_POINT('',(2.145E1,2.036247821220E1,-6.276909177104E-3));
#1477=LINE('',#1476,#1475);
#1478=DIRECTION('',(0.E0,9.979482151128E-1,6.402624425366E-2));
#1479=VECTOR('',#1478,1.299999999995E0);
#1480=CARTESIAN_POINT('',(2.655E1,1.906514553357E1,-8.951104248931E-2));
#1481=LINE('',#1480,#1479);
#1482=CARTESIAN_POINT('',(2.4E1,2.036247821291E1,-6.276920262233E-3));
#1483=DIRECTION('',(0.E0,-9.979482148809E-1,-6.402624786719E-2));
#1484=DIRECTION('',(-1.E0,-1.951582250923E-10,3.041847110185E-9));
#1485=AXIS2_PLACEMENT_3D('',#1482,#1483,#1484);
#1487=CARTESIAN_POINT('',(2.4E1,2.036247821291E1,-6.276920262233E-3));
#1488=DIRECTION('',(0.E0,-9.979482148809E-1,-6.402624786719E-2));
#1489=DIRECTION('',(9.951641129308E-1,6.289055669728E-3,-9.802467094291E-2));
#1490=AXIS2_PLACEMENT_3D('',#1487,#1488,#1489);
#1492=CARTESIAN_POINT('',(2.605E1,2.036247821339E1,-6.276927815274E-3));
#1493=DIRECTION('',(3.691985481225E-9,-6.402624786719E-2,9.979482148809E-1));
#1494=DIRECTION('',(1.E0,2.363833573327E-10,-3.684410360139E-9));
#1495=AXIS2_PLACEMENT_3D('',#1492,#1493,#1494);
#1497=CARTESIAN_POINT('',(2.4E1,2.036247821291E1,-6.276920262233E-3));
#1498=DIRECTION('',(0.E0,-9.979482148809E-1,-6.402624786719E-2));
#1499=DIRECTION('',(1.E0,0.E0,1.125019195450E-14));
#1500=AXIS2_PLACEMENT_3D('',#1497,#1498,#1499);
#1502=CARTESIAN_POINT('',(2.4E1,2.036247821291E1,-6.276920262233E-3));
#1503=DIRECTION('',(0.E0,-9.979482148809E-1,-6.402624786719E-2));
#1504=DIRECTION('',(-9.951641131245E-1,-6.289055544075E-3,9.802466898443E-2));
#1505=AXIS2_PLACEMENT_3D('',#1502,#1503,#1504);
#1507=CARTESIAN_POINT('',(2.195E1,2.036247821217E1,-6.276908674870E-3));
#1508=DIRECTION('',(-5.663993524196E-9,6.402624786719E-2,-9.979482148809E-1));
#1509=DIRECTION('',(-1.E0,-3.626468014772E-10,5.652372063458E-9));
#1510=AXIS2_PLACEMENT_3D('',#1507,#1508,#1509);
#1512=CARTESIAN_POINT('',(2.4E1,2.086145232035E1,2.573620367136E-2));
#1513=DIRECTION('',(0.E0,-9.979482148809E-1,-6.402624786719E-2));
#1514=DIRECTION('',(-1.E0,-1.141824846056E-10,1.779707656653E-9));
#1515=AXIS2_PLACEMENT_3D('',#1512,#1513,#1514);
#1517=CARTESIAN_POINT('',(2.4E1,2.086145232035E1,2.573620367136E-2));
#1518=DIRECTION('',(0.E0,-9.979482148809E-1,-6.402624786719E-2));
#1519=DIRECTION('',(9.951641129308E-1,6.289055669709E-3,-9.802467094263E-2));
#1520=AXIS2_PLACEMENT_3D('',#1517,#1518,#1519);
#1522=CARTESIAN_POINT('',(2.4E1,2.086145232035E1,2.573620367136E-2));
#1523=DIRECTION('',(0.E0,-9.979482148809E-1,-6.402624786719E-2));
#1524=DIRECTION('',(1.E0,3.352721894150E-11,-5.225788924219E-10));
#1525=AXIS2_PLACEMENT_3D('',#1522,#1523,#1524);
#1527=CARTESIAN_POINT('',(2.4E1,2.086145232035E1,2.573620367136E-2));
#1528=DIRECTION('',(0.E0,-9.979482148809E-1,-6.402624786719E-2));
#1529=DIRECTION('',(-9.951641131245E-1,-6.289055544056E-3,9.802466898412E-2));
#1530=AXIS2_PLACEMENT_3D('',#1527,#1528,#1529);
#1532=DIRECTION('',(0.E0,-9.979482146716E-1,-6.402625112977E-2));
#1533=VECTOR('',#1532,1.299999999995E0);
#1534=CARTESIAN_POINT('',(-1.055E1,2.036247821220E1,-6.276909177104E-3));
#1535=LINE('',#1534,#1533);
#1536=DIRECTION('',(0.E0,9.979482151128E-1,6.402624425366E-2));
#1537=VECTOR('',#1536,1.299999999995E0);
#1538=CARTESIAN_POINT('',(-5.450000000001E0,1.906514553357E1,
-8.951104248931E-2));
#1539=LINE('',#1538,#1537);
#1540=CARTESIAN_POINT('',(-8.000000000001E0,2.036247821291E1,
-6.276920262233E-3));
#1541=DIRECTION('',(0.E0,-9.979482148809E-1,-6.402624786719E-2));
#1542=DIRECTION('',(-1.E0,-1.951582250923E-10,3.041847115628E-9));
#1543=AXIS2_PLACEMENT_3D('',#1540,#1541,#1542);
#1545=CARTESIAN_POINT('',(-8.000000000001E0,2.036247821291E1,
-6.276920262233E-3));
#1546=DIRECTION('',(0.E0,-9.979482148809E-1,-6.402624786719E-2));
#1547=DIRECTION('',(9.951641129308E-1,6.289055669722E-3,-9.802467094284E-2));
#1548=AXIS2_PLACEMENT_3D('',#1545,#1546,#1547);
#1550=CARTESIAN_POINT('',(-5.950000000001E0,2.036247821339E1,
-6.276927815275E-3));
#1551=DIRECTION('',(3.691985939192E-9,-6.402624786719E-2,9.979482148809E-1));
#1552=DIRECTION('',(1.E0,2.363833573327E-10,-3.684410819840E-9));
#1553=AXIS2_PLACEMENT_3D('',#1550,#1551,#1552);
#1555=CARTESIAN_POINT('',(-8.000000000001E0,2.036247821291E1,
-6.276920262233E-3));
#1556=DIRECTION('',(0.E0,-9.979482148809E-1,-6.402624786719E-2));
#1557=DIRECTION('',(1.E0,0.E0,1.125019195450E-14));
#1558=AXIS2_PLACEMENT_3D('',#1555,#1556,#1557);
#1560=CARTESIAN_POINT('',(-8.000000000001E0,2.036247821291E1,
-6.276920262233E-3));
#1561=DIRECTION('',(0.E0,-9.979482148809E-1,-6.402624786719E-2));
#1562=DIRECTION('',(-9.951641131245E-1,-6.289055544076E-3,9.802466898445E-2));
#1563=AXIS2_PLACEMENT_3D('',#1560,#1561,#1562);
#1565=CARTESIAN_POINT('',(-1.005E1,2.036247821217E1,-6.276908674870E-3));
#1566=DIRECTION('',(-5.663993524196E-9,6.402624786719E-2,-9.979482148809E-1));
#1567=DIRECTION('',(-1.E0,-3.626468014772E-10,5.652372063458E-9));
#1568=AXIS2_PLACEMENT_3D('',#1565,#1566,#1567);
#1570=CARTESIAN_POINT('',(-8.000000000001E0,2.086145232035E1,
2.573620367136E-2));
#1571=DIRECTION('',(0.E0,-9.979482148809E-1,-6.402624786719E-2));
#1572=DIRECTION('',(-1.E0,-1.141824846056E-10,1.779707037229E-9));
#1573=AXIS2_PLACEMENT_3D('',#1570,#1571,#1572);
#1575=CARTESIAN_POINT('',(-8.000000000001E0,2.086145232035E1,
2.573620367136E-2));
#1576=DIRECTION('',(0.E0,-9.979482148809E-1,-6.402624786719E-2));
#1577=DIRECTION('',(9.951641129308E-1,6.289055669714E-3,-9.802467094272E-2));
#1578=AXIS2_PLACEMENT_3D('',#1575,#1576,#1577);
#1580=CARTESIAN_POINT('',(-8.000000000001E0,2.086145232035E1,
2.573620367136E-2));
#1581=DIRECTION('',(0.E0,-9.979482148809E-1,-6.402624786719E-2));
#1582=DIRECTION('',(1.E0,3.352721894150E-11,-5.225786470220E-10));
#1583=AXIS2_PLACEMENT_3D('',#1580,#1581,#1582);
#1585=CARTESIAN_POINT('',(-8.000000000001E0,2.086145232035E1,
2.573620367136E-2));
#1586=DIRECTION('',(0.E0,-9.979482148809E-1,-6.402624786719E-2));
#1587=DIRECTION('',(-9.951641131245E-1,-6.289055544058E-3,9.802466898416E-2));
#1588=AXIS2_PLACEMENT_3D('',#1585,#1586,#1587);
#1590=DIRECTION('',(0.E0,-9.979482146716E-1,-6.402625112977E-2));
#1591=VECTOR('',#1590,1.299999999995E0);
#1592=CARTESIAN_POINT('',(-1.855E1,2.036247821220E1,-6.276909177104E-3));
#1593=LINE('',#1592,#1591);
#1594=DIRECTION('',(0.E0,9.979482151128E-1,6.402624425366E-2));
#1595=VECTOR('',#1594,1.299999999995E0);
#1596=CARTESIAN_POINT('',(-1.345E1,1.906514553357E1,-8.951104248931E-2));
#1597=LINE('',#1596,#1595);
#1598=CARTESIAN_POINT('',(-1.6E1,2.036247821291E1,-6.276920262233E-3));
#1599=DIRECTION('',(0.E0,-9.979482148809E-1,-6.402624786719E-2));
#1600=DIRECTION('',(-1.E0,-1.951582250923E-10,3.041847110185E-9));
#1601=AXIS2_PLACEMENT_3D('',#1598,#1599,#1600);
#1603=CARTESIAN_POINT('',(-1.6E1,2.036247821291E1,-6.276920262233E-3));
#1604=DIRECTION('',(0.E0,-9.979482148809E-1,-6.402624786719E-2));
#1605=DIRECTION('',(9.951641129308E-1,6.289055669728E-3,-9.802467094291E-2));
#1606=AXIS2_PLACEMENT_3D('',#1603,#1604,#1605);
#1608=CARTESIAN_POINT('',(-1.395E1,2.036247821339E1,-6.276927815276E-3));
#1609=DIRECTION('',(3.691986383281E-9,-6.402624786719E-2,9.979482148809E-1));
#1610=DIRECTION('',(1.E0,2.363833573327E-10,-3.684411263929E-9));
#1611=AXIS2_PLACEMENT_3D('',#1608,#1609,#1610);
#1613=CARTESIAN_POINT('',(-1.6E1,2.036247821291E1,-6.276920262233E-3));
#1614=DIRECTION('',(0.E0,-9.979482148809E-1,-6.402624786719E-2));
#1615=DIRECTION('',(1.E0,0.E0,1.125019195450E-14));
#1616=AXIS2_PLACEMENT_3D('',#1613,#1614,#1615);
#1618=CARTESIAN_POINT('',(-1.6E1,2.036247821291E1,-6.276920262233E-3));
#1619=DIRECTION('',(0.E0,-9.979482148809E-1,-6.402624786719E-2));
#1620=DIRECTION('',(-9.951641131245E-1,-6.289055544075E-3,9.802466898443E-2));
#1621=AXIS2_PLACEMENT_3D('',#1618,#1619,#1620);
#1623=CARTESIAN_POINT('',(-1.805E1,2.036247821217E1,-6.276908674872E-3));
#1624=DIRECTION('',(-5.663992636018E-9,6.402624786719E-2,-9.979482148809E-1));
#1625=DIRECTION('',(-1.E0,-3.626468014772E-10,5.652371173545E-9));
#1626=AXIS2_PLACEMENT_3D('',#1623,#1624,#1625);
#1628=CARTESIAN_POINT('',(-1.6E1,2.086145232035E1,2.573620367136E-2));
#1629=DIRECTION('',(0.E0,-9.979482148809E-1,-6.402624786719E-2));
#1630=DIRECTION('',(-1.E0,-1.141824846056E-10,1.779706558277E-9));
#1631=AXIS2_PLACEMENT_3D('',#1628,#1629,#1630);
#1633=CARTESIAN_POINT('',(-1.6E1,2.086145232035E1,2.573620367136E-2));
#1634=DIRECTION('',(0.E0,-9.979482148809E-1,-6.402624786719E-2));
#1635=DIRECTION('',(9.951641129308E-1,6.289055669709E-3,-9.802467094264E-2));
#1636=AXIS2_PLACEMENT_3D('',#1633,#1634,#1635);
#1638=CARTESIAN_POINT('',(-1.6E1,2.086145232035E1,2.573620367136E-2));
#1639=DIRECTION('',(0.E0,-9.979482148809E-1,-6.402624786719E-2));
#1640=DIRECTION('',(1.E0,3.352721894150E-11,-5.225736290170E-10));
#1641=AXIS2_PLACEMENT_3D('',#1638,#1639,#1640);
#1643=CARTESIAN_POINT('',(-1.6E1,2.086145232035E1,2.573620367136E-2));
#1644=DIRECTION('',(0.E0,-9.979482148809E-1,-6.402624786719E-2));
#1645=DIRECTION('',(-9.951641131245E-1,-6.289055544056E-3,9.802466898412E-2));
#1646=AXIS2_PLACEMENT_3D('',#1643,#1644,#1645);
#1648=DIRECTION('',(0.E0,-9.979482146716E-1,-6.402625112977E-2));
#1649=VECTOR('',#1648,1.299999999995E0);
#1650=CARTESIAN_POINT('',(-2.655E1,2.036247821220E1,-6.276909177104E-3));
#1651=LINE('',#1650,#1649);
#1652=DIRECTION('',(0.E0,9.979482151128E-1,6.402624425366E-2));
#1653=VECTOR('',#1652,1.299999999995E0);
#1654=CARTESIAN_POINT('',(-2.145E1,1.906514553357E1,-8.951104248931E-2));
#1655=LINE('',#1654,#1653);
#1656=CARTESIAN_POINT('',(-2.4E1,2.036247821291E1,-6.276920262233E-3));
#1657=DIRECTION('',(0.E0,-9.979482148809E-1,-6.402624786719E-2));
#1658=DIRECTION('',(-1.E0,-1.951582250923E-10,3.041847110185E-9));
#1659=AXIS2_PLACEMENT_3D('',#1656,#1657,#1658);
#1661=CARTESIAN_POINT('',(-2.4E1,2.036247821291E1,-6.276920262233E-3));
#1662=DIRECTION('',(0.E0,-9.979482148809E-1,-6.402624786719E-2));
#1663=DIRECTION('',(9.951641129308E-1,6.289055669728E-3,-9.802467094291E-2));
#1664=AXIS2_PLACEMENT_3D('',#1661,#1662,#1663);
#1666=CARTESIAN_POINT('',(-2.195E1,2.036247821339E1,-6.276927815275E-3));
#1667=DIRECTION('',(3.691985939192E-9,-6.402624786719E-2,9.979482148809E-1));
#1668=DIRECTION('',(1.E0,2.363833573327E-10,-3.684410819840E-9));
#1669=AXIS2_PLACEMENT_3D('',#1666,#1667,#1668);
#1671=CARTESIAN_POINT('',(-2.4E1,2.036247821291E1,-6.276920262233E-3));
#1672=DIRECTION('',(0.E0,-9.979482148809E-1,-6.402624786719E-2));
#1673=DIRECTION('',(1.E0,0.E0,1.125019195450E-14));
#1674=AXIS2_PLACEMENT_3D('',#1671,#1672,#1673);
#1676=CARTESIAN_POINT('',(-2.4E1,2.036247821291E1,-6.276920262233E-3));
#1677=DIRECTION('',(0.E0,-9.979482148809E-1,-6.402624786719E-2));
#1678=DIRECTION('',(-9.951641131245E-1,-6.289055544075E-3,9.802466898443E-2));
#1679=AXIS2_PLACEMENT_3D('',#1676,#1677,#1678);
#1681=CARTESIAN_POINT('',(-2.605E1,2.036247821217E1,-6.276908674872E-3));
#1682=DIRECTION('',(-5.663992636018E-9,6.402624786719E-2,-9.979482148809E-1));
#1683=DIRECTION('',(-1.E0,-3.626468014772E-10,5.652371173545E-9));
#1684=AXIS2_PLACEMENT_3D('',#1681,#1682,#1683);
#1686=CARTESIAN_POINT('',(-2.4E1,2.086145232035E1,2.573620367136E-2));
#1687=DIRECTION('',(0.E0,-9.979482148809E-1,-6.402624786719E-2));
#1688=DIRECTION('',(-1.E0,-1.141824846056E-10,1.779708120374E-9));
#1689=AXIS2_PLACEMENT_3D('',#1686,#1687,#1688);
#1691=CARTESIAN_POINT('',(-2.4E1,2.086145232035E1,2.573620367136E-2));
#1692=DIRECTION('',(0.E0,-9.979482148809E-1,-6.402624786719E-2));
#1693=DIRECTION('',(9.951641129308E-1,6.289055669709E-3,-9.802467094264E-2));
#1694=AXIS2_PLACEMENT_3D('',#1691,#1692,#1693);
#1696=CARTESIAN_POINT('',(-2.4E1,2.086145232035E1,2.573620367136E-2));
#1697=DIRECTION('',(0.E0,-9.979482148809E-1,-6.402624786719E-2));
#1698=DIRECTION('',(1.E0,3.352721894150E-11,-5.225789195005E-10));
#1699=AXIS2_PLACEMENT_3D('',#1696,#1697,#1698);
#1701=CARTESIAN_POINT('',(-2.4E1,2.086145232035E1,2.573620367136E-2));
#1702=DIRECTION('',(0.E0,-9.979482148809E-1,-6.402624786719E-2));
#1703=DIRECTION('',(-9.951641131245E-1,-6.289055544056E-3,9.802466898412E-2));
#1704=AXIS2_PLACEMENT_3D('',#1701,#1702,#1703);
#1706=DIRECTION('',(0.E0,-9.979482146716E-1,-6.402625112977E-2));
#1707=VECTOR('',#1706,1.299999999995E0);
#1708=CARTESIAN_POINT('',(-3.455E1,2.036247821220E1,-6.276909177104E-3));
#1709=LINE('',#1708,#1707);
#1710=DIRECTION('',(0.E0,9.979482151128E-1,6.402624425366E-2));
#1711=VECTOR('',#1710,1.299999999995E0);
#1712=CARTESIAN_POINT('',(-2.945E1,1.906514553357E1,-8.951104248931E-2));
#1713=LINE('',#1712,#1711);
#1714=CARTESIAN_POINT('',(-3.2E1,2.036247821291E1,-6.276920262233E-3));
#1715=DIRECTION('',(0.E0,-9.979482148809E-1,-6.402624786719E-2));
#1716=DIRECTION('',(-1.E0,-1.951582250923E-10,3.041847110185E-9));
#1717=AXIS2_PLACEMENT_3D('',#1714,#1715,#1716);
#1719=CARTESIAN_POINT('',(-3.2E1,2.036247821291E1,-6.276920262233E-3));
#1720=DIRECTION('',(0.E0,-9.979482148809E-1,-6.402624786719E-2));
#1721=DIRECTION('',(9.951641129308E-1,6.289055669728E-3,-9.802467094291E-2));
#1722=AXIS2_PLACEMENT_3D('',#1719,#1720,#1721);
#1724=CARTESIAN_POINT('',(-2.995E1,2.036247821339E1,-6.276927815274E-3));
#1725=DIRECTION('',(3.691985481225E-9,-6.402624786719E-2,9.979482148809E-1));
#1726=DIRECTION('',(1.E0,2.363833573327E-10,-3.684410360139E-9));
#1727=AXIS2_PLACEMENT_3D('',#1724,#1725,#1726);
#1729=CARTESIAN_POINT('',(-3.2E1,2.036247821291E1,-6.276920262233E-3));
#1730=DIRECTION('',(0.E0,-9.979482148809E-1,-6.402624786719E-2));
#1731=DIRECTION('',(1.E0,0.E0,1.125019195450E-14));
#1732=AXIS2_PLACEMENT_3D('',#1729,#1730,#1731);
#1734=CARTESIAN_POINT('',(-3.2E1,2.036247821291E1,-6.276920262233E-3));
#1735=DIRECTION('',(0.E0,-9.979482148809E-1,-6.402624786719E-2));
#1736=DIRECTION('',(-9.951641131245E-1,-6.289055544075E-3,9.802466898443E-2));
#1737=AXIS2_PLACEMENT_3D('',#1734,#1735,#1736);
#1739=CARTESIAN_POINT('',(-3.405E1,2.036247821217E1,-6.276908674870E-3));
#1740=DIRECTION('',(-5.663993524196E-9,6.402624786719E-2,-9.979482148809E-1));
#1741=DIRECTION('',(-1.E0,-3.626468014772E-10,5.652372063458E-9));
#1742=AXIS2_PLACEMENT_3D('',#1739,#1740,#1741);
#1744=CARTESIAN_POINT('',(-3.2E1,2.086145232035E1,2.573620367136E-2));
#1745=DIRECTION('',(0.E0,-9.979482148809E-1,-6.402624786719E-2));
#1746=DIRECTION('',(-1.E0,-1.141824846056E-10,1.779703515318E-9));
#1747=AXIS2_PLACEMENT_3D('',#1744,#1745,#1746);
#1749=CARTESIAN_POINT('',(-3.2E1,2.086145232035E1,2.573620367136E-2));
#1750=DIRECTION('',(0.E0,-9.979482148809E-1,-6.402624786719E-2));
#1751=DIRECTION('',(9.951641129308E-1,6.289055669709E-3,-9.802467094264E-2));
#1752=AXIS2_PLACEMENT_3D('',#1749,#1750,#1751);
#1754=CARTESIAN_POINT('',(-3.2E1,2.086145232035E1,2.573620367136E-2));
#1755=DIRECTION('',(0.E0,-9.979482148809E-1,-6.402624786719E-2));
#1756=DIRECTION('',(1.E0,3.352721894150E-11,-5.225785251682E-10));
#1757=AXIS2_PLACEMENT_3D('',#1754,#1755,#1756);
#1759=CARTESIAN_POINT('',(-3.2E1,2.086145232035E1,2.573620367136E-2));
#1760=DIRECTION('',(0.E0,-9.979482148809E-1,-6.402624786719E-2));
#1761=DIRECTION('',(-9.951641131245E-1,-6.289055544054E-3,9.802466898412E-2));
#1762=AXIS2_PLACEMENT_3D('',#1759,#1760,#1761);
#1764=DIRECTION('',(0.E0,-9.979482146716E-1,-6.402625112977E-2));
#1765=VECTOR('',#1764,1.299999999995E0);
#1766=CARTESIAN_POINT('',(-7.455E1,2.036247821220E1,-6.276909177105E-3));
#1767=LINE('',#1766,#1765);
#1768=DIRECTION('',(-1.093142670404E-14,9.979482151128E-1,6.402624425366E-2));
#1769=VECTOR('',#1768,1.299999999995E0);
#1770=CARTESIAN_POINT('',(-6.945E1,1.906514553357E1,-8.951104248931E-2));
#1771=LINE('',#1770,#1769);
#1772=CARTESIAN_POINT('',(-7.2E1,2.036247821291E1,-6.276920262233E-3));
#1773=DIRECTION('',(0.E0,-9.979482148809E-1,-6.402624786719E-2));
#1774=DIRECTION('',(-1.E0,-1.951582250923E-10,3.041847110185E-9));
#1775=AXIS2_PLACEMENT_3D('',#1772,#1773,#1774);
#1777=CARTESIAN_POINT('',(-7.2E1,2.036247821291E1,-6.276920262233E-3));
#1778=DIRECTION('',(0.E0,-9.979482148809E-1,-6.402624786719E-2));
#1779=DIRECTION('',(9.951641129308E-1,6.289055669728E-3,-9.802467094292E-2));
#1780=AXIS2_PLACEMENT_3D('',#1777,#1778,#1779);
#1782=CARTESIAN_POINT('',(-6.995E1,2.036247821339E1,-6.276927815273E-3));
#1783=DIRECTION('',(3.691985051013E-9,-6.402624786719E-2,9.979482148809E-1));
#1784=DIRECTION('',(1.E0,2.363833573327E-10,-3.684409929927E-9));
#1785=AXIS2_PLACEMENT_3D('',#1782,#1783,#1784);
#1787=CARTESIAN_POINT('',(-7.2E1,2.036247821291E1,-6.276920262233E-3));
#1788=DIRECTION('',(0.E0,-9.979482148809E-1,-6.402624786719E-2));
#1789=DIRECTION('',(1.E0,0.E0,1.125019195450E-14));
#1790=AXIS2_PLACEMENT_3D('',#1787,#1788,#1789);
#1792=CARTESIAN_POINT('',(-7.2E1,2.036247821291E1,-6.276920262233E-3));
#1793=DIRECTION('',(0.E0,-9.979482148809E-1,-6.402624786719E-2));
#1794=DIRECTION('',(-9.951641131245E-1,-6.289055544074E-3,9.802466898443E-2));
#1795=AXIS2_PLACEMENT_3D('',#1792,#1793,#1794);
#1797=CARTESIAN_POINT('',(-7.405E1,2.036247821217E1,-6.276908674874E-3));
#1798=DIRECTION('',(-5.663991761717E-9,6.402624786719E-2,-9.979482148809E-1));
#1799=DIRECTION('',(-1.E0,-3.626468014772E-10,5.652370297510E-9));
#1800=AXIS2_PLACEMENT_3D('',#1797,#1798,#1799);
#1802=CARTESIAN_POINT('',(-7.2E1,2.086145232035E1,2.573620367136E-2));
#1803=DIRECTION('',(0.E0,-9.979482148809E-1,-6.402624786719E-2));
#1804=DIRECTION('',(-1.E0,-1.141824846056E-10,1.779718098842E-9));
#1805=AXIS2_PLACEMENT_3D('',#1802,#1803,#1804);
#1807=CARTESIAN_POINT('',(-7.2E1,2.086145232035E1,2.573620367136E-2));
#1808=DIRECTION('',(0.E0,-9.979482148809E-1,-6.402624786719E-2));
#1809=DIRECTION('',(9.951641129308E-1,6.289055669709E-3,-9.802467094264E-2));
#1810=AXIS2_PLACEMENT_3D('',#1807,#1808,#1809);
#1812=CARTESIAN_POINT('',(-7.2E1,2.086145232035E1,2.573620367136E-2));
#1813=DIRECTION('',(0.E0,-9.979482148809E-1,-6.402624786719E-2));
#1814=DIRECTION('',(1.E0,3.352721894150E-11,-5.225798249415E-10));
#1815=AXIS2_PLACEMENT_3D('',#1812,#1813,#1814);
#1817=CARTESIAN_POINT('',(-7.2E1,2.086145232035E1,2.573620367136E-2));
#1818=DIRECTION('',(0.E0,-9.979482148809E-1,-6.402624786719E-2));
#1819=DIRECTION('',(-9.951641131245E-1,-6.289055544054E-3,9.802466898410E-2));
#1820=AXIS2_PLACEMENT_3D('',#1817,#1818,#1819);
#1822=DIRECTION('',(0.E0,-9.979482146716E-1,-6.402625112977E-2));
#1823=VECTOR('',#1822,1.299999999995E0);
#1824=CARTESIAN_POINT('',(-5.055E1,2.036247821220E1,-6.276909177104E-3));
#1825=LINE('',#1824,#1823);
#1826=DIRECTION('',(0.E0,9.979482151128E-1,6.402624425366E-2));
#1827=VECTOR('',#1826,1.299999999995E0);
#1828=CARTESIAN_POINT('',(-4.545E1,1.906514553357E1,-8.951104248931E-2));
#1829=LINE('',#1828,#1827);
#1830=CARTESIAN_POINT('',(-4.8E1,2.036247821291E1,-6.276920262233E-3));
#1831=DIRECTION('',(0.E0,-9.979482148809E-1,-6.402624786719E-2));
#1832=DIRECTION('',(-1.E0,-1.951582250923E-10,3.041847110185E-9));
#1833=AXIS2_PLACEMENT_3D('',#1830,#1831,#1832);
#1835=CARTESIAN_POINT('',(-4.8E1,2.036247821291E1,-6.276920262233E-3));
#1836=DIRECTION('',(0.E0,-9.979482148809E-1,-6.402624786719E-2));
#1837=DIRECTION('',(9.951641129308E-1,6.289055669728E-3,-9.802467094291E-2));
#1838=AXIS2_PLACEMENT_3D('',#1835,#1836,#1837);
#1840=CARTESIAN_POINT('',(-4.595E1,2.036247821339E1,-6.276927815275E-3));
#1841=DIRECTION('',(3.691985939192E-9,-6.402624786719E-2,9.979482148809E-1));
#1842=DIRECTION('',(1.E0,2.363833573327E-10,-3.684410819840E-9));
#1843=AXIS2_PLACEMENT_3D('',#1840,#1841,#1842);
#1845=CARTESIAN_POINT('',(-4.8E1,2.036247821291E1,-6.276920262233E-3));
#1846=DIRECTION('',(0.E0,-9.979482148809E-1,-6.402624786719E-2));
#1847=DIRECTION('',(1.E0,0.E0,1.125019195450E-14));
#1848=AXIS2_PLACEMENT_3D('',#1845,#1846,#1847);
#1850=CARTESIAN_POINT('',(-4.8E1,2.036247821291E1,-6.276920262233E-3));
#1851=DIRECTION('',(0.E0,-9.979482148809E-1,-6.402624786719E-2));
#1852=DIRECTION('',(-9.951641131245E-1,-6.289055544075E-3,9.802466898443E-2));
#1853=AXIS2_PLACEMENT_3D('',#1850,#1851,#1852);
#1855=CARTESIAN_POINT('',(-5.005E1,2.036247821217E1,-6.276908674872E-3));
#1856=DIRECTION('',(-5.663992636018E-9,6.402624786719E-2,-9.979482148809E-1));
#1857=DIRECTION('',(-1.E0,-3.626468014772E-10,5.652371173545E-9));
#1858=AXIS2_PLACEMENT_3D('',#1855,#1856,#1857);
#1860=CARTESIAN_POINT('',(-4.8E1,2.086145232035E1,2.573620367136E-2));
#1861=DIRECTION('',(0.E0,-9.979482148809E-1,-6.402624786719E-2));
#1862=DIRECTION('',(-1.E0,-1.141824846056E-10,1.779703696406E-9));
#1863=AXIS2_PLACEMENT_3D('',#1860,#1861,#1862);
#1865=CARTESIAN_POINT('',(-4.8E1,2.086145232035E1,2.573620367136E-2));
#1866=DIRECTION('',(0.E0,-9.979482148809E-1,-6.402624786719E-2));
#1867=DIRECTION('',(9.951641129308E-1,6.289055669709E-3,-9.802467094262E-2));
#1868=AXIS2_PLACEMENT_3D('',#1865,#1866,#1867);
#1870=CARTESIAN_POINT('',(-4.8E1,2.086145232035E1,2.573620367136E-2));
#1871=DIRECTION('',(0.E0,-9.979482148809E-1,-6.402624786719E-2));
#1872=DIRECTION('',(1.E0,3.352721894150E-11,-5.225785133213E-10));
#1873=AXIS2_PLACEMENT_3D('',#1870,#1871,#1872);
#1875=CARTESIAN_POINT('',(-4.8E1,2.086145232035E1,2.573620367136E-2));
#1876=DIRECTION('',(0.E0,-9.979482148809E-1,-6.402624786719E-2));
#1877=DIRECTION('',(-9.951641131245E-1,-6.289055544054E-3,9.802466898412E-2));
#1878=AXIS2_PLACEMENT_3D('',#1875,#1876,#1877);
#1880=DIRECTION('',(0.E0,-9.979482146716E-1,-6.402625112977E-2));
#1881=VECTOR('',#1880,1.299999999995E0);
#1882=CARTESIAN_POINT('',(-5.855E1,2.036247821220E1,-6.276909177103E-3));
#1883=LINE('',#1882,#1881);
#1884=DIRECTION('',(0.E0,9.979482151128E-1,6.402624425366E-2));
#1885=VECTOR('',#1884,1.299999999995E0);
#1886=CARTESIAN_POINT('',(-5.345E1,1.906514553357E1,-8.951104248931E-2));
#1887=LINE('',#1886,#1885);
#1888=CARTESIAN_POINT('',(-5.6E1,2.036247821291E1,-6.276920262233E-3));
#1889=DIRECTION('',(0.E0,-9.979482148809E-1,-6.402624786719E-2));
#1890=DIRECTION('',(-1.E0,-1.951582250923E-10,3.041847110185E-9));
#1891=AXIS2_PLACEMENT_3D('',#1888,#1889,#1890);
#1893=CARTESIAN_POINT('',(-5.6E1,2.036247821291E1,-6.276920262233E-3));
#1894=DIRECTION('',(0.E0,-9.979482148809E-1,-6.402624786719E-2));
#1895=DIRECTION('',(9.951641129308E-1,6.289055669728E-3,-9.802467094291E-2));
#1896=AXIS2_PLACEMENT_3D('',#1893,#1894,#1895);
#1898=CARTESIAN_POINT('',(-5.395E1,2.036247821339E1,-6.276927815273E-3));
#1899=DIRECTION('',(3.691985051013E-9,-6.402624786719E-2,9.979482148809E-1));
#1900=DIRECTION('',(1.E0,2.363833573327E-10,-3.684409929927E-9));
#1901=AXIS2_PLACEMENT_3D('',#1898,#1899,#1900);
#1903=CARTESIAN_POINT('',(-5.6E1,2.036247821291E1,-6.276920262233E-3));
#1904=DIRECTION('',(0.E0,-9.979482148809E-1,-6.402624786719E-2));
#1905=DIRECTION('',(1.E0,0.E0,1.125019195450E-14));
#1906=AXIS2_PLACEMENT_3D('',#1903,#1904,#1905);
#1908=CARTESIAN_POINT('',(-5.6E1,2.036247821291E1,-6.276920262233E-3));
#1909=DIRECTION('',(0.E0,-9.979482148809E-1,-6.402624786719E-2));
#1910=DIRECTION('',(-9.951641131245E-1,-6.289055544075E-3,9.802466898443E-2));
#1911=AXIS2_PLACEMENT_3D('',#1908,#1909,#1910);
#1913=CARTESIAN_POINT('',(-5.805E1,2.036247821217E1,-6.276908674869E-3));
#1914=DIRECTION('',(-5.663993982163E-9,6.402624786719E-2,-9.979482148809E-1));
#1915=DIRECTION('',(-1.E0,-3.626468014772E-10,5.652372523160E-9));
#1916=AXIS2_PLACEMENT_3D('',#1913,#1914,#1915);
#1918=CARTESIAN_POINT('',(-5.6E1,2.086145232035E1,2.573620367136E-2));
#1919=DIRECTION('',(0.E0,-9.979482148809E-1,-6.402624786719E-2));
#1920=DIRECTION('',(-1.E0,-1.141824846056E-10,1.779710479598E-9));
#1921=AXIS2_PLACEMENT_3D('',#1918,#1919,#1920);
#1923=CARTESIAN_POINT('',(-5.6E1,2.086145232035E1,2.573620367136E-2));
#1924=DIRECTION('',(0.E0,-9.979482148809E-1,-6.402624786719E-2));
#1925=DIRECTION('',(9.951641129308E-1,6.289055669709E-3,-9.802467094262E-2));
#1926=AXIS2_PLACEMENT_3D('',#1923,#1924,#1925);
#1928=CARTESIAN_POINT('',(-5.6E1,2.086145232035E1,2.573620367136E-2));
#1929=DIRECTION('',(0.E0,-9.979482148809E-1,-6.402624786719E-2));
#1930=DIRECTION('',(1.E0,3.352721894150E-11,-5.225791005887E-10));
#1931=AXIS2_PLACEMENT_3D('',#1928,#1929,#1930);
#1933=CARTESIAN_POINT('',(-5.6E1,2.086145232035E1,2.573620367136E-2));
#1934=DIRECTION('',(0.E0,-9.979482148809E-1,-6.402624786719E-2));
#1935=DIRECTION('',(-9.951641131245E-1,-6.289055544054E-3,9.802466898412E-2));
#1936=AXIS2_PLACEMENT_3D('',#1933,#1934,#1935);
#1938=DIRECTION('',(0.E0,-9.979482146716E-1,-6.402625112977E-2));
#1939=VECTOR('',#1938,1.299999999995E0);
#1940=CARTESIAN_POINT('',(-8.255E1,2.036247821220E1,-6.276909177104E-3));
#1941=LINE('',#1940,#1939);
#1942=DIRECTION('',(-1.093142670404E-14,9.979482151128E-1,6.402624425366E-2));
#1943=VECTOR('',#1942,1.299999999995E0);
#1944=CARTESIAN_POINT('',(-7.745E1,1.906514553357E1,-8.951104248931E-2));
#1945=LINE('',#1944,#1943);
#1946=CARTESIAN_POINT('',(-8.E1,2.036247821291E1,-6.276920262233E-3));
#1947=DIRECTION('',(0.E0,-9.979482148809E-1,-6.402624786719E-2));
#1948=DIRECTION('',(-1.E0,-1.951582250923E-10,3.041847110185E-9));
#1949=AXIS2_PLACEMENT_3D('',#1946,#1947,#1948);
#1951=CARTESIAN_POINT('',(-8.E1,2.036247821291E1,-6.276920262233E-3));
#1952=DIRECTION('',(0.E0,-9.979482148809E-1,-6.402624786719E-2));
#1953=DIRECTION('',(9.951641129308E-1,6.289055669728E-3,-9.802467094292E-2));
#1954=AXIS2_PLACEMENT_3D('',#1951,#1952,#1953);
#1956=CARTESIAN_POINT('',(-7.795E1,2.036247821339E1,-6.276927815273E-3));
#1957=DIRECTION('',(3.691985051013E-9,-6.402624786719E-2,9.979482148809E-1));
#1958=DIRECTION('',(1.E0,2.363833573327E-10,-3.684409929927E-9));
#1959=AXIS2_PLACEMENT_3D('',#1956,#1957,#1958);
#1961=CARTESIAN_POINT('',(-8.E1,2.036247821291E1,-6.276920262233E-3));
#1962=DIRECTION('',(0.E0,-9.979482148809E-1,-6.402624786719E-2));
#1963=DIRECTION('',(1.E0,0.E0,1.125019195450E-14));
#1964=AXIS2_PLACEMENT_3D('',#1961,#1962,#1963);
#1966=CARTESIAN_POINT('',(-8.E1,2.036247821291E1,-6.276920262233E-3));
#1967=DIRECTION('',(0.E0,-9.979482148809E-1,-6.402624786719E-2));
#1968=DIRECTION('',(-9.951641131245E-1,-6.289055544074E-3,9.802466898443E-2));
#1969=AXIS2_PLACEMENT_3D('',#1966,#1967,#1968);
#1971=CARTESIAN_POINT('',(-8.205E1,2.036247821217E1,-6.276908674870E-3));
#1972=DIRECTION('',(-5.663993524196E-9,6.402624786719E-2,-9.979482148809E-1));
#1973=DIRECTION('',(-1.E0,-3.626468014772E-10,5.652372063458E-9));
#1974=AXIS2_PLACEMENT_3D('',#1971,#1972,#1973);
#1976=CARTESIAN_POINT('',(-8.E1,2.086145232035E1,2.573620367136E-2));
#1977=DIRECTION('',(0.E0,-9.979482148809E-1,-6.402624786719E-2));
#1978=DIRECTION('',(-1.E0,-1.141824846056E-10,1.779720172048E-9));
#1979=AXIS2_PLACEMENT_3D('',#1976,#1977,#1978);
#1981=CARTESIAN_POINT('',(-8.E1,2.086145232035E1,2.573620367136E-2));
#1982=DIRECTION('',(0.E0,-9.979482148809E-1,-6.402624786719E-2));
#1983=DIRECTION('',(9.951641129308E-1,6.289055669709E-3,-9.802467094264E-2));
#1984=AXIS2_PLACEMENT_3D('',#1981,#1982,#1983);
#1986=CARTESIAN_POINT('',(-8.E1,2.086145232035E1,2.573620367136E-2));
#1987=DIRECTION('',(0.E0,-9.979482148809E-1,-6.402624786719E-2));
#1988=DIRECTION('',(1.E0,3.352721894150E-11,-5.225799992601E-10));
#1989=AXIS2_PLACEMENT_3D('',#1986,#1987,#1988);
#1991=CARTESIAN_POINT('',(-8.E1,2.086145232035E1,2.573620367136E-2));
#1992=DIRECTION('',(0.E0,-9.979482148809E-1,-6.402624786719E-2));
#1993=DIRECTION('',(-9.951641131245E-1,-6.289055544054E-3,9.802466898410E-2));
#1994=AXIS2_PLACEMENT_3D('',#1991,#1992,#1993);
#1996=DIRECTION('',(0.E0,-9.979482146716E-1,-6.402625112977E-2));
#1997=VECTOR('',#1996,1.299999999995E0);
#1998=CARTESIAN_POINT('',(-4.255E1,2.036247821220E1,-6.276909177103E-3));
#1999=LINE('',#1998,#1997);
#2000=DIRECTION('',(0.E0,9.979482151128E-1,6.402624425366E-2));
#2001=VECTOR('',#2000,1.299999999995E0);
#2002=CARTESIAN_POINT('',(-3.745E1,1.906514553357E1,-8.951104248931E-2));
#2003=LINE('',#2002,#2001);
#2004=CARTESIAN_POINT('',(-4.E1,2.036247821291E1,-6.276920262233E-3));
#2005=DIRECTION('',(0.E0,-9.979482148809E-1,-6.402624786719E-2));
#2006=DIRECTION('',(-1.E0,-1.951582250923E-10,3.041847110185E-9));
#2007=AXIS2_PLACEMENT_3D('',#2004,#2005,#2006);
#2009=CARTESIAN_POINT('',(-4.E1,2.036247821291E1,-6.276920262233E-3));
#2010=DIRECTION('',(0.E0,-9.979482148809E-1,-6.402624786719E-2));
#2011=DIRECTION('',(9.951641129308E-1,6.289055669728E-3,-9.802467094291E-2));
#2012=AXIS2_PLACEMENT_3D('',#2009,#2010,#2011);
#2014=CARTESIAN_POINT('',(-3.795E1,2.036247821339E1,-6.276927815273E-3));
#2015=DIRECTION('',(3.691985051013E-9,-6.402624786719E-2,9.979482148809E-1));
#2016=DIRECTION('',(1.E0,2.363833573327E-10,-3.684409929927E-9));
#2017=AXIS2_PLACEMENT_3D('',#2014,#2015,#2016);
#2019=CARTESIAN_POINT('',(-4.E1,2.036247821291E1,-6.276920262233E-3));
#2020=DIRECTION('',(0.E0,-9.979482148809E-1,-6.402624786719E-2));
#2021=DIRECTION('',(1.E0,0.E0,1.125019195450E-14));
#2022=AXIS2_PLACEMENT_3D('',#2019,#2020,#2021);
#2024=CARTESIAN_POINT('',(-4.E1,2.036247821291E1,-6.276920262233E-3));
#2025=DIRECTION('',(0.E0,-9.979482148809E-1,-6.402624786719E-2));
#2026=DIRECTION('',(-9.951641131245E-1,-6.289055544075E-3,9.802466898443E-2));
#2027=AXIS2_PLACEMENT_3D('',#2024,#2025,#2026);
#2029=CARTESIAN_POINT('',(-4.205E1,2.036247821217E1,-6.276908674869E-3));
#2030=DIRECTION('',(-5.663993982163E-9,6.402624786719E-2,-9.979482148809E-1));
#2031=DIRECTION('',(-1.E0,-3.626468014772E-10,5.652372523160E-9));
#2032=AXIS2_PLACEMENT_3D('',#2029,#2030,#2031);
#2034=CARTESIAN_POINT('',(-4.E1,2.086145232035E1,2.573620367136E-2));
#2035=DIRECTION('',(0.E0,-9.979482148809E-1,-6.402624786719E-2));
#2036=DIRECTION('',(-1.E0,-1.141824846056E-10,1.779710853621E-9));
#2037=AXIS2_PLACEMENT_3D('',#2034,#2035,#2036);
#2039=CARTESIAN_POINT('',(-4.E1,2.086145232035E1,2.573620367136E-2));
#2040=DIRECTION('',(0.E0,-9.979482148809E-1,-6.402624786719E-2));
#2041=DIRECTION('',(9.951641129308E-1,6.289055669709E-3,-9.802467094262E-2));
#2042=AXIS2_PLACEMENT_3D('',#2039,#2040,#2041);
#2044=CARTESIAN_POINT('',(-4.E1,2.086145232035E1,2.573620367136E-2));
#2045=DIRECTION('',(0.E0,-9.979482148809E-1,-6.402624786719E-2));
#2046=DIRECTION('',(1.E0,3.352721894150E-11,-5.225791378218E-10));
#2047=AXIS2_PLACEMENT_3D('',#2044,#2045,#2046);
#2049=CARTESIAN_POINT('',(-4.E1,2.086145232035E1,2.573620367136E-2));
#2050=DIRECTION('',(0.E0,-9.979482148809E-1,-6.402624786719E-2));
#2051=DIRECTION('',(-9.951641131245E-1,-6.289055544054E-3,9.802466898412E-2));
#2052=AXIS2_PLACEMENT_3D('',#2049,#2050,#2051);
#2054=DIRECTION('',(0.E0,-9.979482146716E-1,-6.402625112977E-2));
#2055=VECTOR('',#2054,1.299999999995E0);
#2056=CARTESIAN_POINT('',(-6.655E1,2.036247821220E1,-6.276909177103E-3));
#2057=LINE('',#2056,#2055);
#2058=DIRECTION('',(0.E0,9.979482151128E-1,6.402624425366E-2));
#2059=VECTOR('',#2058,1.299999999995E0);
#2060=CARTESIAN_POINT('',(-6.145E1,1.906514553357E1,-8.951104248931E-2));
#2061=LINE('',#2060,#2059);
#2062=CARTESIAN_POINT('',(-6.4E1,2.036247821291E1,-6.276920262233E-3));
#2063=DIRECTION('',(0.E0,-9.979482148809E-1,-6.402624786719E-2));
#2064=DIRECTION('',(-1.E0,-1.951582250923E-10,3.041847110185E-9));
#2065=AXIS2_PLACEMENT_3D('',#2062,#2063,#2064);
#2067=CARTESIAN_POINT('',(-6.4E1,2.036247821291E1,-6.276920262233E-3));
#2068=DIRECTION('',(0.E0,-9.979482148809E-1,-6.402624786719E-2));
#2069=DIRECTION('',(9.951641129308E-1,6.289055669728E-3,-9.802467094291E-2));
#2070=AXIS2_PLACEMENT_3D('',#2067,#2068,#2069);
#2072=CARTESIAN_POINT('',(-6.195E1,2.036247821339E1,-6.276927815275E-3));
#2073=DIRECTION('',(3.691985939192E-9,-6.402624786719E-2,9.979482148809E-1));
#2074=DIRECTION('',(1.E0,2.363833573327E-10,-3.684410819840E-9));
#2075=AXIS2_PLACEMENT_3D('',#2072,#2073,#2074);
#2077=CARTESIAN_POINT('',(-6.4E1,2.036247821291E1,-6.276920262233E-3));
#2078=DIRECTION('',(0.E0,-9.979482148809E-1,-6.402624786719E-2));
#2079=DIRECTION('',(1.E0,0.E0,1.125019195450E-14));
#2080=AXIS2_PLACEMENT_3D('',#2077,#2078,#2079);
#2082=CARTESIAN_POINT('',(-6.4E1,2.036247821291E1,-6.276920262233E-3));
#2083=DIRECTION('',(0.E0,-9.979482148809E-1,-6.402624786719E-2));
#2084=DIRECTION('',(-9.951641131245E-1,-6.289055544074E-3,9.802466898443E-2));
#2085=AXIS2_PLACEMENT_3D('',#2082,#2083,#2084);
#2087=CARTESIAN_POINT('',(-6.605E1,2.036247821217E1,-6.276908674868E-3));
#2088=DIRECTION('',(-5.663994426253E-9,6.402624786719E-2,-9.979482148809E-1));
#2089=DIRECTION('',(-1.E0,-3.626468014772E-10,5.652372967249E-9));
#2090=AXIS2_PLACEMENT_3D('',#2087,#2088,#2089);
#2092=CARTESIAN_POINT('',(-6.4E1,2.086145232035E1,2.573620367136E-2));
#2093=DIRECTION('',(0.E0,-9.979482148809E-1,-6.402624786719E-2));
#2094=DIRECTION('',(-1.E0,-1.141824846056E-10,1.779720830397E-9));
#2095=AXIS2_PLACEMENT_3D('',#2092,#2093,#2094);
#2097=CARTESIAN_POINT('',(-6.4E1,2.086145232035E1,2.573620367136E-2));
#2098=DIRECTION('',(0.E0,-9.979482148809E-1,-6.402624786719E-2));
#2099=DIRECTION('',(9.951641129308E-1,6.289055669709E-3,-9.802467094262E-2));
#2100=AXIS2_PLACEMENT_3D('',#2097,#2098,#2099);
#2102=CARTESIAN_POINT('',(-6.4E1,2.086145232035E1,2.573620367136E-2));
#2103=DIRECTION('',(0.E0,-9.979482148809E-1,-6.402624786719E-2));
#2104=DIRECTION('',(1.E0,3.352721894150E-11,-5.225800821883E-10));
#2105=AXIS2_PLACEMENT_3D('',#2102,#2103,#2104);
#2107=CARTESIAN_POINT('',(-6.4E1,2.086145232035E1,2.573620367136E-2));
#2108=DIRECTION('',(0.E0,-9.979482148809E-1,-6.402624786719E-2));
#2109=DIRECTION('',(-9.951641131245E-1,-6.289055544054E-3,9.802466898410E-2));
#2110=AXIS2_PLACEMENT_3D('',#2107,#2108,#2109);
#2112=DIRECTION('',(0.E0,-9.979482146716E-1,-6.402625113001E-2));
#2113=VECTOR('',#2112,1.299999999995E0);
#2114=CARTESIAN_POINT('',(6.145E1,1.985026822926E1,7.977308809870E0));
#2115=LINE('',#2114,#2113);
#2116=DIRECTION('',(0.E0,9.979482151128E-1,6.402624425331E-2));
#2117=VECTOR('',#2116,1.299999999995E0);
#2118=CARTESIAN_POINT('',(6.655E1,1.855293555063E1,7.894074676558E0));
#2119=LINE('',#2118,#2117);
#2120=CARTESIAN_POINT('',(6.4E1,1.985026822997E1,7.977308798785E0));
#2121=DIRECTION('',(0.E0,-9.979482148809E-1,-6.402624786719E-2));
#2122=DIRECTION('',(-1.E0,-1.951484725449E-10,3.041693084768E-9));
#2123=AXIS2_PLACEMENT_3D('',#2120,#2121,#2122);
#2125=CARTESIAN_POINT('',(6.4E1,1.985026822997E1,7.977308798785E0));
#2126=DIRECTION('',(0.E0,-9.979482148809E-1,-6.402624786719E-2));
#2127=DIRECTION('',(9.951641129308E-1,6.289055669725E-3,-9.802467094288E-2));
#2128=AXIS2_PLACEMENT_3D('',#2125,#2126,#2127);
#2130=CARTESIAN_POINT('',(6.605E1,1.985026823045E1,7.977308791231E0));
#2131=DIRECTION('',(3.692308347958E-9,-6.402624786719E-2,9.979482148809E-1));
#2132=DIRECTION('',(1.E0,2.364046736147E-10,-3.684732519105E-9));
#2133=AXIS2_PLACEMENT_3D('',#2130,#2131,#2132);
#2135=CARTESIAN_POINT('',(6.4E1,1.985026822997E1,7.977308798785E0));
#2136=DIRECTION('',(0.E0,-9.979482148809E-1,-6.402624786719E-2));
#2137=DIRECTION('',(1.E0,0.E0,0.E0));
#2138=AXIS2_PLACEMENT_3D('',#2135,#2136,#2137);
#2140=CARTESIAN_POINT('',(6.4E1,1.985026822997E1,7.977308798785E0));
#2141=DIRECTION('',(0.E0,-9.979482148809E-1,-6.402624786719E-2));
#2142=DIRECTION('',(-9.951641131245E-1,-6.289055544070E-3,9.802466898437E-2));
#2143=AXIS2_PLACEMENT_3D('',#2140,#2141,#2142);
#2145=CARTESIAN_POINT('',(6.195E1,1.985026822923E1,7.977308810373E0));
#2146=DIRECTION('',(-5.664196028876E-9,6.402624786719E-2,-9.979482148809E-1));
#2147=DIRECTION('',(-1.E0,-3.626539069046E-10,5.652575296722E-9));
#2148=AXIS2_PLACEMENT_3D('',#2145,#2146,#2147);
#2150=CARTESIAN_POINT('',(6.4E1,2.034924233741E1,8.009321922719E0));
#2151=DIRECTION('',(0.E0,-9.979482148809E-1,-6.402624786719E-2));
#2152=DIRECTION('',(-1.E0,-1.142050140094E-10,1.780069858453E-9));
#2153=AXIS2_PLACEMENT_3D('',#2150,#2151,#2152);
#2155=CARTESIAN_POINT('',(6.4E1,2.034924233741E1,8.009321922719E0));
#2156=DIRECTION('',(0.E0,-9.979482148809E-1,-6.402624786719E-2));
#2157=DIRECTION('',(9.951641129308E-1,6.289055669702E-3,-9.802467094254E-2));
#2158=AXIS2_PLACEMENT_3D('',#2155,#2156,#2157);
#2160=CARTESIAN_POINT('',(6.4E1,2.034924233741E1,8.009321922719E0));
#2161=DIRECTION('',(0.E0,-9.979482148809E-1,-6.402624786719E-2));
#2162=DIRECTION('',(1.E0,3.350642256874E-11,-5.222359130506E-10));
#2163=AXIS2_PLACEMENT_3D('',#2160,#2161,#2162);
#2165=CARTESIAN_POINT('',(6.4E1,2.034924233741E1,8.009321922719E0));
#2166=DIRECTION('',(0.E0,-9.979482148809E-1,-6.402624786719E-2));
#2167=DIRECTION('',(-9.951641131245E-1,-6.289055544063E-3,9.802466898425E-2));
#2168=AXIS2_PLACEMENT_3D('',#2165,#2166,#2167);
#2170=DIRECTION('',(0.E0,-9.979482146716E-1,-6.402625113001E-2));
#2171=VECTOR('',#2170,1.299999999995E0);
#2172=CARTESIAN_POINT('',(5.345E1,1.985026822926E1,7.977308809870E0));
#2173=LINE('',#2172,#2171);
#2174=DIRECTION('',(0.E0,9.979482151128E-1,6.402624425331E-2));
#2175=VECTOR('',#2174,1.299999999995E0);
#2176=CARTESIAN_POINT('',(5.855E1,1.855293555063E1,7.894074676558E0));
#2177=LINE('',#2176,#2175);
#2178=CARTESIAN_POINT('',(5.6E1,1.985026822997E1,7.977308798785E0));
#2179=DIRECTION('',(0.E0,-9.979482148809E-1,-6.402624786719E-2));
#2180=DIRECTION('',(-1.E0,-1.951484725449E-10,3.041693084768E-9));
#2181=AXIS2_PLACEMENT_3D('',#2178,#2179,#2180);
#2183=CARTESIAN_POINT('',(5.6E1,1.985026822997E1,7.977308798785E0));
#2184=DIRECTION('',(0.E0,-9.979482148809E-1,-6.402624786719E-2));
#2185=DIRECTION('',(9.951641129308E-1,6.289055669725E-3,-9.802467094288E-2));
#2186=AXIS2_PLACEMENT_3D('',#2183,#2184,#2185);
#2188=CARTESIAN_POINT('',(5.805E1,1.985026823045E1,7.977308791231E0));
#2189=DIRECTION('',(3.692307889991E-9,-6.402624786719E-2,9.979482148809E-1));
#2190=DIRECTION('',(1.E0,2.364046736147E-10,-3.684732519105E-9));
#2191=AXIS2_PLACEMENT_3D('',#2188,#2189,#2190);
#2193=CARTESIAN_POINT('',(5.6E1,1.985026822997E1,7.977308798785E0));
#2194=DIRECTION('',(0.E0,-9.979482148809E-1,-6.402624786719E-2));
#2195=DIRECTION('',(1.E0,0.E0,0.E0));
#2196=AXIS2_PLACEMENT_3D('',#2193,#2194,#2195);
#2198=CARTESIAN_POINT('',(5.6E1,1.985026822997E1,7.977308798785E0));
#2199=DIRECTION('',(0.E0,-9.979482148809E-1,-6.402624786719E-2));
#2200=DIRECTION('',(-9.951641131245E-1,-6.289055544070E-3,9.802466898437E-2));
#2201=AXIS2_PLACEMENT_3D('',#2198,#2199,#2200);
#2203=CARTESIAN_POINT('',(5.395E1,1.985026822923E1,7.977308810373E0));
#2204=DIRECTION('',(-5.664196028876E-9,6.402624786719E-2,-9.979482148809E-1));
#2205=DIRECTION('',(-1.E0,-3.626539069046E-10,5.652575296722E-9));
#2206=AXIS2_PLACEMENT_3D('',#2203,#2204,#2205);
#2208=CARTESIAN_POINT('',(5.6E1,2.034924233741E1,8.009321922719E0));
#2209=DIRECTION('',(0.E0,-9.979482148809E-1,-6.402624786719E-2));
#2210=DIRECTION('',(-1.E0,-1.142050140094E-10,1.780068125422E-9));
#2211=AXIS2_PLACEMENT_3D('',#2208,#2209,#2210);
#2213=CARTESIAN_POINT('',(5.6E1,2.034924233741E1,8.009321922719E0));
#2214=DIRECTION('',(0.E0,-9.979482148809E-1,-6.402624786719E-2));
#2215=DIRECTION('',(9.951641129308E-1,6.289055669702E-3,-9.802467094254E-2));
#2216=AXIS2_PLACEMENT_3D('',#2213,#2214,#2215);
#2218=CARTESIAN_POINT('',(5.6E1,2.034924233741E1,8.009321922719E0));
#2219=DIRECTION('',(0.E0,-9.979482148809E-1,-6.402624786719E-2));
#2220=DIRECTION('',(1.E0,3.350642256874E-11,-5.222359130506E-10));
#2221=AXIS2_PLACEMENT_3D('',#2218,#2219,#2220);
#2223=CARTESIAN_POINT('',(5.6E1,2.034924233741E1,8.009321922719E0));
#2224=DIRECTION('',(0.E0,-9.979482148809E-1,-6.402624786719E-2));
#2225=DIRECTION('',(-9.951641131245E-1,-6.289055544063E-3,9.802466898425E-2));
#2226=AXIS2_PLACEMENT_3D('',#2223,#2224,#2225);
#2228=DIRECTION('',(0.E0,-9.979482146716E-1,-6.402625113001E-2));
#2229=VECTOR('',#2228,1.299999999995E0);
#2230=CARTESIAN_POINT('',(4.545E1,1.985026822926E1,7.977308809870E0));
#2231=LINE('',#2230,#2229);
#2232=DIRECTION('',(0.E0,9.979482151128E-1,6.402624425331E-2));
#2233=VECTOR('',#2232,1.299999999995E0);
#2234=CARTESIAN_POINT('',(5.055E1,1.855293555063E1,7.894074676558E0));
#2235=LINE('',#2234,#2233);
#2236=CARTESIAN_POINT('',(4.8E1,1.985026822997E1,7.977308798785E0));
#2237=DIRECTION('',(0.E0,-9.979482148809E-1,-6.402624786719E-2));
#2238=DIRECTION('',(-1.E0,-1.951484725449E-10,3.041693084768E-9));
#2239=AXIS2_PLACEMENT_3D('',#2236,#2237,#2238);
#2241=CARTESIAN_POINT('',(4.8E1,1.985026822997E1,7.977308798785E0));
#2242=DIRECTION('',(0.E0,-9.979482148809E-1,-6.402624786719E-2));
#2243=DIRECTION('',(9.951641129308E-1,6.289055669725E-3,-9.802467094288E-2));
#2244=AXIS2_PLACEMENT_3D('',#2241,#2242,#2243);
#2246=CARTESIAN_POINT('',(5.005E1,1.985026823045E1,7.977308791231E0));
#2247=DIRECTION('',(3.692307889991E-9,-6.402624786719E-2,9.979482148809E-1));
#2248=DIRECTION('',(1.E0,2.364046736147E-10,-3.684732519105E-9));
#2249=AXIS2_PLACEMENT_3D('',#2246,#2247,#2248);
#2251=CARTESIAN_POINT('',(4.8E1,1.985026822997E1,7.977308798785E0));
#2252=DIRECTION('',(0.E0,-9.979482148809E-1,-6.402624786719E-2));
#2253=DIRECTION('',(1.E0,0.E0,0.E0));
#2254=AXIS2_PLACEMENT_3D('',#2251,#2252,#2253);
#2256=CARTESIAN_POINT('',(4.8E1,1.985026822997E1,7.977308798785E0));
#2257=DIRECTION('',(0.E0,-9.979482148809E-1,-6.402624786719E-2));
#2258=DIRECTION('',(-9.951641131245E-1,-6.289055544070E-3,9.802466898437E-2));
#2259=AXIS2_PLACEMENT_3D('',#2256,#2257,#2258);
#2261=CARTESIAN_POINT('',(4.595E1,1.985026822923E1,7.977308810373E0));
#2262=DIRECTION('',(-5.664196930932E-9,6.402624786719E-2,-9.979482148809E-1));
#2263=DIRECTION('',(-1.E0,-3.626539069046E-10,5.652575296722E-9));
#2264=AXIS2_PLACEMENT_3D('',#2261,#2262,#2263);
#2266=CARTESIAN_POINT('',(4.8E1,2.034924233741E1,8.009321922719E0));
#2267=DIRECTION('',(0.E0,-9.979482148809E-1,-6.402624786719E-2));
#2268=DIRECTION('',(-1.E0,-1.142050140094E-10,1.780069858453E-9));
#2269=AXIS2_PLACEMENT_3D('',#2266,#2267,#2268);
#2271=CARTESIAN_POINT('',(4.8E1,2.034924233741E1,8.009321922719E0));
#2272=DIRECTION('',(0.E0,-9.979482148809E-1,-6.402624786719E-2));
#2273=DIRECTION('',(9.951641129308E-1,6.289055669702E-3,-9.802467094254E-2));
#2274=AXIS2_PLACEMENT_3D('',#2271,#2272,#2273);
#2276=CARTESIAN_POINT('',(4.8E1,2.034924233741E1,8.009321922719E0));
#2277=DIRECTION('',(0.E0,-9.979482148809E-1,-6.402624786719E-2));
#2278=DIRECTION('',(1.E0,3.350642256874E-11,-5.222359130506E-10));
#2279=AXIS2_PLACEMENT_3D('',#2276,#2277,#2278);
#2281=CARTESIAN_POINT('',(4.8E1,2.034924233741E1,8.009321922719E0));
#2282=DIRECTION('',(0.E0,-9.979482148809E-1,-6.402624786719E-2));
#2283=DIRECTION('',(-9.951641131245E-1,-6.289055544063E-3,9.802466898425E-2));
#2284=AXIS2_PLACEMENT_3D('',#2281,#2282,#2283);
#2286=DIRECTION('',(0.E0,-9.979482146716E-1,-6.402625113001E-2));
#2287=VECTOR('',#2286,1.299999999995E0);
#2288=CARTESIAN_POINT('',(3.745E1,1.985026822926E1,7.977308809870E0));
#2289=LINE('',#2288,#2287);
#2290=DIRECTION('',(0.E0,9.979482151128E-1,6.402624425331E-2));
#2291=VECTOR('',#2290,1.299999999995E0);
#2292=CARTESIAN_POINT('',(4.255E1,1.855293555063E1,7.894074676558E0));
#2293=LINE('',#2292,#2291);
#2294=CARTESIAN_POINT('',(4.E1,1.985026822997E1,7.977308798785E0));
#2295=DIRECTION('',(0.E0,-9.979482148809E-1,-6.402624786719E-2));
#2296=DIRECTION('',(-1.E0,-1.951484725449E-10,3.041693084768E-9));
#2297=AXIS2_PLACEMENT_3D('',#2294,#2295,#2296);
#2299=CARTESIAN_POINT('',(4.E1,1.985026822997E1,7.977308798785E0));
#2300=DIRECTION('',(0.E0,-9.979482148809E-1,-6.402624786719E-2));
#2301=DIRECTION('',(9.951641129308E-1,6.289055669725E-3,-9.802467094288E-2));
#2302=AXIS2_PLACEMENT_3D('',#2299,#2300,#2301);
#2304=CARTESIAN_POINT('',(4.205E1,1.985026823045E1,7.977308791231E0));
#2305=DIRECTION('',(3.692307889991E-9,-6.402624786719E-2,9.979482148809E-1));
#2306=DIRECTION('',(1.E0,2.364046736147E-10,-3.684732519105E-9));
#2307=AXIS2_PLACEMENT_3D('',#2304,#2305,#2306);
#2309=CARTESIAN_POINT('',(4.E1,1.985026822997E1,7.977308798785E0));
#2310=DIRECTION('',(0.E0,-9.979482148809E-1,-6.402624786719E-2));
#2311=DIRECTION('',(1.E0,0.E0,0.E0));
#2312=AXIS2_PLACEMENT_3D('',#2309,#2310,#2311);
#2314=CARTESIAN_POINT('',(4.E1,1.985026822997E1,7.977308798785E0));
#2315=DIRECTION('',(0.E0,-9.979482148809E-1,-6.402624786719E-2));
#2316=DIRECTION('',(-9.951641131245E-1,-6.289055544070E-3,9.802466898437E-2));
#2317=AXIS2_PLACEMENT_3D('',#2314,#2315,#2316);
#2319=CARTESIAN_POINT('',(3.795E1,1.985026822923E1,7.977308810373E0));
#2320=DIRECTION('',(-5.664196486843E-9,6.402624786719E-2,-9.979482148809E-1));
#2321=DIRECTION('',(-1.E0,-3.626539069046E-10,5.652575296722E-9));
#2322=AXIS2_PLACEMENT_3D('',#2319,#2320,#2321);
#2324=CARTESIAN_POINT('',(4.E1,2.034924233741E1,8.009321922719E0));
#2325=DIRECTION('',(0.E0,-9.979482148809E-1,-6.402624786719E-2));
#2326=DIRECTION('',(-1.E0,-1.142050140094E-10,1.780065525875E-9));
#2327=AXIS2_PLACEMENT_3D('',#2324,#2325,#2326);
#2329=CARTESIAN_POINT('',(4.E1,2.034924233741E1,8.009321922719E0));
#2330=DIRECTION('',(0.E0,-9.979482148809E-1,-6.402624786719E-2));
#2331=DIRECTION('',(9.951641129308E-1,6.289055669702E-3,-9.802467094254E-2));
#2332=AXIS2_PLACEMENT_3D('',#2329,#2330,#2331);
#2334=CARTESIAN_POINT('',(4.E1,2.034924233741E1,8.009321922719E0));
#2335=DIRECTION('',(0.E0,-9.979482148809E-1,-6.402624786719E-2));
#2336=DIRECTION('',(1.E0,3.350642256874E-11,-5.222359130506E-10));
#2337=AXIS2_PLACEMENT_3D('',#2334,#2335,#2336);
#2339=CARTESIAN_POINT('',(4.E1,2.034924233741E1,8.009321922719E0));
#2340=DIRECTION('',(0.E0,-9.979482148809E-1,-6.402624786719E-2));
#2341=DIRECTION('',(-9.951641131245E-1,-6.289055544063E-3,9.802466898425E-2));
#2342=AXIS2_PLACEMENT_3D('',#2339,#2340,#2341);
#2344=DIRECTION('',(0.E0,-9.979482146716E-1,-6.402625113001E-2));
#2345=VECTOR('',#2344,1.299999999995E0);
#2346=CARTESIAN_POINT('',(2.945E1,1.985026822926E1,7.977308809870E0));
#2347=LINE('',#2346,#2345);
#2348=DIRECTION('',(0.E0,9.979482151128E-1,6.402624425332E-2));
#2349=VECTOR('',#2348,1.299999999995E0);
#2350=CARTESIAN_POINT('',(3.455E1,1.855293555063E1,7.894074676558E0));
#2351=LINE('',#2350,#2349);
#2352=CARTESIAN_POINT('',(3.2E1,1.985026822997E1,7.977308798785E0));
#2353=DIRECTION('',(0.E0,-9.979482148809E-1,-6.402624786719E-2));
#2354=DIRECTION('',(-1.E0,-1.951484725449E-10,3.041693084768E-9));
#2355=AXIS2_PLACEMENT_3D('',#2352,#2353,#2354);
#2357=CARTESIAN_POINT('',(3.2E1,1.985026822997E1,7.977308798785E0));
#2358=DIRECTION('',(0.E0,-9.979482148809E-1,-6.402624786719E-2));
#2359=DIRECTION('',(9.951641129308E-1,6.289055669725E-3,-9.802467094288E-2));
#2360=AXIS2_PLACEMENT_3D('',#2357,#2358,#2359);
#2362=CARTESIAN_POINT('',(3.405E1,1.985026823045E1,7.977308791231E0));
#2363=DIRECTION('',(3.692307459779E-9,-6.402624786719E-2,9.979482148809E-1));
#2364=DIRECTION('',(1.E0,2.364046736147E-10,-3.684730742748E-9));
#2365=AXIS2_PLACEMENT_3D('',#2362,#2363,#2364);
#2367=CARTESIAN_POINT('',(3.2E1,1.985026822997E1,7.977308798785E0));
#2368=DIRECTION('',(0.E0,-9.979482148809E-1,-6.402624786719E-2));
#2369=DIRECTION('',(1.E0,0.E0,0.E0));
#2370=AXIS2_PLACEMENT_3D('',#2367,#2368,#2369);
#2372=CARTESIAN_POINT('',(3.2E1,1.985026822997E1,7.977308798785E0));
#2373=DIRECTION('',(0.E0,-9.979482148809E-1,-6.402624786719E-2));
#2374=DIRECTION('',(-9.951641131245E-1,-6.289055544070E-3,9.802466898437E-2));
#2375=AXIS2_PLACEMENT_3D('',#2372,#2373,#2374);
#2377=CARTESIAN_POINT('',(2.995E1,1.985026822923E1,7.977308810373E0));
#2378=DIRECTION('',(-5.664197375022E-9,6.402624786719E-2,-9.979482148809E-1));
#2379=DIRECTION('',(-1.E0,-3.626539069046E-10,5.652575296722E-9));
#2380=AXIS2_PLACEMENT_3D('',#2377,#2378,#2379);
#2382=CARTESIAN_POINT('',(3.2E1,2.034924233741E1,8.009321922719E0));
#2383=DIRECTION('',(0.E0,-9.979482148809E-1,-6.402624786719E-2));
#2384=DIRECTION('',(-1.E0,-1.142050140094E-10,1.780070724968E-9));
#2385=AXIS2_PLACEMENT_3D('',#2382,#2383,#2384);
#2387=CARTESIAN_POINT('',(3.2E1,2.034924233741E1,8.009321922719E0));
#2388=DIRECTION('',(0.E0,-9.979482148809E-1,-6.402624786719E-2));
#2389=DIRECTION('',(9.951641129308E-1,6.289055669702E-3,-9.802467094254E-2));
#2390=AXIS2_PLACEMENT_3D('',#2387,#2388,#2389);
#2392=CARTESIAN_POINT('',(3.2E1,2.034924233741E1,8.009321922719E0));
#2393=DIRECTION('',(0.E0,-9.979482148809E-1,-6.402624786719E-2));
#2394=DIRECTION('',(1.E0,3.350642256874E-11,-5.222359130506E-10));
#2395=AXIS2_PLACEMENT_3D('',#2392,#2393,#2394);
#2397=CARTESIAN_POINT('',(3.2E1,2.034924233741E1,8.009321922719E0));
#2398=DIRECTION('',(0.E0,-9.979482148809E-1,-6.402624786719E-2));
#2399=DIRECTION('',(-9.951641131245E-1,-6.289055544063E-3,9.802466898424E-2));
#2400=AXIS2_PLACEMENT_3D('',#2397,#2398,#2399);
#2402=DIRECTION('',(0.E0,-9.979482146716E-1,-6.402625113001E-2));
#2403=VECTOR('',#2402,1.299999999995E0);
#2404=CARTESIAN_POINT('',(2.145E1,1.985026822926E1,7.977308809870E0));
#2405=LINE('',#2404,#2403);
#2406=DIRECTION('',(0.E0,9.979482151128E-1,6.402624425332E-2));
#2407=VECTOR('',#2406,1.299999999995E0);
#2408=CARTESIAN_POINT('',(2.655E1,1.855293555063E1,7.894074676558E0));
#2409=LINE('',#2408,#2407);
#2410=CARTESIAN_POINT('',(2.4E1,1.985026822997E1,7.977308798785E0));
#2411=DIRECTION('',(0.E0,-9.979482148809E-1,-6.402624786719E-2));
#2412=DIRECTION('',(-1.E0,-1.951484725449E-10,3.041693084768E-9));
#2413=AXIS2_PLACEMENT_3D('',#2410,#2411,#2412);
#2415=CARTESIAN_POINT('',(2.4E1,1.985026822997E1,7.977308798785E0));
#2416=DIRECTION('',(0.E0,-9.979482148809E-1,-6.402624786719E-2));
#2417=DIRECTION('',(9.951641129308E-1,6.289055669725E-3,-9.802467094288E-2));
#2418=AXIS2_PLACEMENT_3D('',#2415,#2416,#2417);
#2420=CARTESIAN_POINT('',(2.605E1,1.985026823045E1,7.977308791231E0));
#2421=DIRECTION('',(3.692307889991E-9,-6.402624786719E-2,9.979482148809E-1));
#2422=DIRECTION('',(1.E0,2.364046736147E-10,-3.684732519105E-9));
#2423=AXIS2_PLACEMENT_3D('',#2420,#2421,#2422);
#2425=CARTESIAN_POINT('',(2.4E1,1.985026822997E1,7.977308798785E0));
#2426=DIRECTION('',(0.E0,-9.979482148809E-1,-6.402624786719E-2));
#2427=DIRECTION('',(1.E0,0.E0,0.E0));
#2428=AXIS2_PLACEMENT_3D('',#2425,#2426,#2427);
#2430=CARTESIAN_POINT('',(2.4E1,1.985026822997E1,7.977308798785E0));
#2431=DIRECTION('',(0.E0,-9.979482148809E-1,-6.402624786719E-2));
#2432=DIRECTION('',(-9.951641131245E-1,-6.289055544070E-3,9.802466898437E-2));
#2433=AXIS2_PLACEMENT_3D('',#2430,#2431,#2432);
#2435=CARTESIAN_POINT('',(2.195E1,1.985026822923E1,7.977308810373E0));
#2436=DIRECTION('',(-5.664197375022E-9,6.402624786719E-2,-9.979482148809E-1));
#2437=DIRECTION('',(-1.E0,-3.626539069046E-10,5.652575296722E-9));
#2438=AXIS2_PLACEMENT_3D('',#2435,#2436,#2437);
#2440=CARTESIAN_POINT('',(2.4E1,2.034924233741E1,8.009321922719E0));
#2441=DIRECTION('',(0.E0,-9.979482148809E-1,-6.402624786719E-2));
#2442=DIRECTION('',(-1.E0,-1.142050140094E-10,1.780070724968E-9));
#2443=AXIS2_PLACEMENT_3D('',#2440,#2441,#2442);
#2445=CARTESIAN_POINT('',(2.4E1,2.034924233741E1,8.009321922719E0));
#2446=DIRECTION('',(0.E0,-9.979482148809E-1,-6.402624786719E-2));
#2447=DIRECTION('',(9.951641129308E-1,6.289055669704E-3,-9.802467094255E-2));
#2448=AXIS2_PLACEMENT_3D('',#2445,#2446,#2447);
#2450=CARTESIAN_POINT('',(2.4E1,2.034924233741E1,8.009321922719E0));
#2451=DIRECTION('',(0.E0,-9.979482148809E-1,-6.402624786719E-2));
#2452=DIRECTION('',(1.E0,3.350642256874E-11,-5.222359130506E-10));
#2453=AXIS2_PLACEMENT_3D('',#2450,#2451,#2452);
#2455=CARTESIAN_POINT('',(2.4E1,2.034924233741E1,8.009321922719E0));
#2456=DIRECTION('',(0.E0,-9.979482148809E-1,-6.402624786719E-2));
#2457=DIRECTION('',(-9.951641131245E-1,-6.289055544063E-3,9.802466898424E-2));
#2458=AXIS2_PLACEMENT_3D('',#2455,#2456,#2457);
#2460=DIRECTION('',(0.E0,-9.979482146716E-1,-6.402625113001E-2));
#2461=VECTOR('',#2460,1.299999999995E0);
#2462=CARTESIAN_POINT('',(1.345E1,1.985026822926E1,7.977308809870E0));
#2463=LINE('',#2462,#2461);
#2464=DIRECTION('',(0.E0,9.979482151128E-1,6.402624425332E-2));
#2465=VECTOR('',#2464,1.299999999995E0);
#2466=CARTESIAN_POINT('',(1.855E1,1.855293555063E1,7.894074676558E0));
#2467=LINE('',#2466,#2465);
#2468=CARTESIAN_POINT('',(1.6E1,1.985026822997E1,7.977308798785E0));
#2469=DIRECTION('',(0.E0,-9.979482148809E-1,-6.402624786719E-2));
#2470=DIRECTION('',(-1.E0,-1.951484725449E-10,3.041693084768E-9));
#2471=AXIS2_PLACEMENT_3D('',#2468,#2469,#2470);
#2473=CARTESIAN_POINT('',(1.6E1,1.985026822997E1,7.977308798785E0));
#2474=DIRECTION('',(0.E0,-9.979482148809E-1,-6.402624786719E-2));
#2475=DIRECTION('',(9.951641129308E-1,6.289055669725E-3,-9.802467094288E-2));
#2476=AXIS2_PLACEMENT_3D('',#2473,#2474,#2475);
#2478=CARTESIAN_POINT('',(1.805E1,1.985026823045E1,7.977308791231E0));
#2479=DIRECTION('',(3.692307889991E-9,-6.402624786719E-2,9.979482148809E-1));
#2480=DIRECTION('',(1.E0,2.364046736147E-10,-3.684732519105E-9));
#2481=AXIS2_PLACEMENT_3D('',#2478,#2479,#2480);
#2483=CARTESIAN_POINT('',(1.6E1,1.985026822997E1,7.977308798785E0));
#2484=DIRECTION('',(0.E0,-9.979482148809E-1,-6.402624786719E-2));
#2485=DIRECTION('',(1.E0,0.E0,0.E0));
#2486=AXIS2_PLACEMENT_3D('',#2483,#2484,#2485);
#2488=CARTESIAN_POINT('',(1.6E1,1.985026822997E1,7.977308798785E0));
#2489=DIRECTION('',(0.E0,-9.979482148809E-1,-6.402624786719E-2));
#2490=DIRECTION('',(-9.951641131245E-1,-6.289055544070E-3,9.802466898437E-2));
#2491=AXIS2_PLACEMENT_3D('',#2488,#2489,#2490);
#2493=CARTESIAN_POINT('',(1.395E1,1.985026822923E1,7.977308810373E0));
#2494=DIRECTION('',(-5.664196930932E-9,6.402624786719E-2,-9.979482148809E-1));
#2495=DIRECTION('',(-1.E0,-3.626539069046E-10,5.652575296722E-9));
#2496=AXIS2_PLACEMENT_3D('',#2493,#2494,#2495);
#2498=CARTESIAN_POINT('',(1.6E1,2.034924233741E1,8.009321922719E0));
#2499=DIRECTION('',(0.E0,-9.979482148809E-1,-6.402624786719E-2));
#2500=DIRECTION('',(-1.E0,-1.142050140094E-10,1.780067258906E-9));
#2501=AXIS2_PLACEMENT_3D('',#2498,#2499,#2500);
#2503=CARTESIAN_POINT('',(1.6E1,2.034924233741E1,8.009321922719E0));
#2504=DIRECTION('',(0.E0,-9.979482148809E-1,-6.402624786719E-2));
#2505=DIRECTION('',(9.951641129308E-1,6.289055669704E-3,-9.802467094255E-2));
#2506=AXIS2_PLACEMENT_3D('',#2503,#2504,#2505);
#2508=CARTESIAN_POINT('',(1.6E1,2.034924233741E1,8.009321922719E0));
#2509=DIRECTION('',(0.E0,-9.979482148809E-1,-6.402624786719E-2));
#2510=DIRECTION('',(1.E0,3.350642256874E-11,-5.222359130506E-10));
#2511=AXIS2_PLACEMENT_3D('',#2508,#2509,#2510);
#2513=CARTESIAN_POINT('',(1.6E1,2.034924233741E1,8.009321922719E0));
#2514=DIRECTION('',(0.E0,-9.979482148809E-1,-6.402624786719E-2));
#2515=DIRECTION('',(-9.951641131245E-1,-6.289055544063E-3,9.802466898425E-2));
#2516=AXIS2_PLACEMENT_3D('',#2513,#2514,#2515);
#2518=DIRECTION('',(0.E0,-9.979482146716E-1,-6.402625113001E-2));
#2519=VECTOR('',#2518,1.299999999995E0);
#2520=CARTESIAN_POINT('',(5.449999999999E0,1.985026822926E1,7.977308809870E0));
#2521=LINE('',#2520,#2519);
#2522=DIRECTION('',(0.E0,9.979482151128E-1,6.402624425332E-2));
#2523=VECTOR('',#2522,1.299999999995E0);
#2524=CARTESIAN_POINT('',(1.055E1,1.855293555063E1,7.894074676558E0));
#2525=LINE('',#2524,#2523);
#2526=CARTESIAN_POINT('',(7.999999999999E0,1.985026822997E1,7.977308798785E0));
#2527=DIRECTION('',(0.E0,-9.979482148809E-1,-6.402624786719E-2));
#2528=DIRECTION('',(-1.E0,-1.951484725449E-10,3.041693084768E-9));
#2529=AXIS2_PLACEMENT_3D('',#2526,#2527,#2528);
#2531=CARTESIAN_POINT('',(7.999999999999E0,1.985026822997E1,7.977308798785E0));
#2532=DIRECTION('',(0.E0,-9.979482148809E-1,-6.402624786719E-2));
#2533=DIRECTION('',(9.951641129308E-1,6.289055669724E-3,-9.802467094286E-2));
#2534=AXIS2_PLACEMENT_3D('',#2531,#2532,#2533);
#2536=CARTESIAN_POINT('',(1.005E1,1.985026823045E1,7.977308791231E0));
#2537=DIRECTION('',(3.692307459779E-9,-6.402624786719E-2,9.979482148809E-1));
#2538=DIRECTION('',(1.E0,2.364046736147E-10,-3.684730742748E-9));
#2539=AXIS2_PLACEMENT_3D('',#2536,#2537,#2538);
#2541=CARTESIAN_POINT('',(7.999999999999E0,1.985026822997E1,7.977308798785E0));
#2542=DIRECTION('',(0.E0,-9.979482148809E-1,-6.402624786719E-2));
#2543=DIRECTION('',(1.E0,0.E0,0.E0));
#2544=AXIS2_PLACEMENT_3D('',#2541,#2542,#2543);
#2546=CARTESIAN_POINT('',(7.999999999999E0,1.985026822997E1,7.977308798785E0));
#2547=DIRECTION('',(0.E0,-9.979482148809E-1,-6.402624786719E-2));
#2548=DIRECTION('',(-9.951641131245E-1,-6.289055544075E-3,9.802466898442E-2));
#2549=AXIS2_PLACEMENT_3D('',#2546,#2547,#2548);
#2551=CARTESIAN_POINT('',(5.949999999999E0,1.985026822923E1,7.977308810373E0));
#2552=DIRECTION('',(-5.664196930932E-9,6.402624786719E-2,-9.979482148809E-1));
#2553=DIRECTION('',(-1.E0,-3.626539069046E-10,5.652575296722E-9));
#2554=AXIS2_PLACEMENT_3D('',#2551,#2552,#2553);
#2556=CARTESIAN_POINT('',(7.999999999999E0,2.034924233741E1,8.009321922719E0));
#2557=DIRECTION('',(0.E0,-9.979482148809E-1,-6.402624786719E-2));
#2558=DIRECTION('',(-1.E0,-1.142050140094E-10,1.780070724968E-9));
#2559=AXIS2_PLACEMENT_3D('',#2556,#2557,#2558);
#2561=CARTESIAN_POINT('',(7.999999999999E0,2.034924233741E1,8.009321922719E0));
#2562=DIRECTION('',(0.E0,-9.979482148809E-1,-6.402624786719E-2));
#2563=DIRECTION('',(9.951641129308E-1,6.289055669701E-3,-9.802467094250E-2));
#2564=AXIS2_PLACEMENT_3D('',#2561,#2562,#2563);
#2566=CARTESIAN_POINT('',(7.999999999999E0,2.034924233741E1,8.009321922719E0));
#2567=DIRECTION('',(0.E0,-9.979482148809E-1,-6.402624786719E-2));
#2568=DIRECTION('',(1.E0,3.350642256874E-11,-5.222359130506E-10));
#2569=AXIS2_PLACEMENT_3D('',#2566,#2567,#2568);
#2571=CARTESIAN_POINT('',(7.999999999999E0,2.034924233741E1,8.009321922719E0));
#2572=DIRECTION('',(0.E0,-9.979482148809E-1,-6.402624786719E-2));
#2573=DIRECTION('',(-9.951641131245E-1,-6.289055544075E-3,9.802466898442E-2));
#2574=AXIS2_PLACEMENT_3D('',#2571,#2572,#2573);
#2576=DIRECTION('',(0.E0,-9.979482146716E-1,-6.402625113001E-2));
#2577=VECTOR('',#2576,1.299999999995E0);
#2578=CARTESIAN_POINT('',(-1.055E1,1.985026822926E1,7.977308809870E0));
#2579=LINE('',#2578,#2577);
#2580=DIRECTION('',(0.E0,9.979482151128E-1,6.402624425332E-2));
#2581=VECTOR('',#2580,1.299999999995E0);
#2582=CARTESIAN_POINT('',(-5.450000000001E0,1.855293555063E1,7.894074676558E0));
#2583=LINE('',#2582,#2581);
#2584=CARTESIAN_POINT('',(-8.000000000001E0,1.985026822997E1,7.977308798785E0));
#2585=DIRECTION('',(0.E0,-9.979482148809E-1,-6.402624786719E-2));
#2586=DIRECTION('',(-1.E0,-1.951484725449E-10,3.041693084768E-9));
#2587=AXIS2_PLACEMENT_3D('',#2584,#2585,#2586);
#2589=CARTESIAN_POINT('',(-8.000000000001E0,1.985026822997E1,7.977308798785E0));
#2590=DIRECTION('',(0.E0,-9.979482148809E-1,-6.402624786719E-2));
#2591=DIRECTION('',(9.951641129308E-1,6.289055669721E-3,-9.802467094281E-2));
#2592=AXIS2_PLACEMENT_3D('',#2589,#2590,#2591);
#2594=CARTESIAN_POINT('',(-5.950000000001E0,1.985026823045E1,7.977308791231E0));
#2595=DIRECTION('',(3.692307459779E-9,-6.402624786719E-2,9.979482148809E-1));
#2596=DIRECTION('',(1.E0,2.364046736147E-10,-3.684730742748E-9));
#2597=AXIS2_PLACEMENT_3D('',#2594,#2595,#2596);
#2599=CARTESIAN_POINT('',(-8.000000000001E0,1.985026822997E1,7.977308798785E0));
#2600=DIRECTION('',(0.E0,-9.979482148809E-1,-6.402624786719E-2));
#2601=DIRECTION('',(1.E0,0.E0,0.E0));
#2602=AXIS2_PLACEMENT_3D('',#2599,#2600,#2601);
#2604=CARTESIAN_POINT('',(-8.000000000001E0,1.985026822997E1,7.977308798785E0));
#2605=DIRECTION('',(0.E0,-9.979482148809E-1,-6.402624786719E-2));
#2606=DIRECTION('',(-9.951641131245E-1,-6.289055544072E-3,9.802466898438E-2));
#2607=AXIS2_PLACEMENT_3D('',#2604,#2605,#2606);
#2609=CARTESIAN_POINT('',(-1.005E1,1.985026822923E1,7.977308810373E0));
#2610=DIRECTION('',(-5.664196930932E-9,6.402624786719E-2,-9.979482148809E-1));
#2611=DIRECTION('',(-1.E0,-3.626539069046E-10,5.652575296722E-9));
#2612=AXIS2_PLACEMENT_3D('',#2609,#2610,#2611);
#2614=CARTESIAN_POINT('',(-8.000000000001E0,2.034924233741E1,8.009321922719E0));
#2615=DIRECTION('',(0.E0,-9.979482148809E-1,-6.402624786719E-2));
#2616=DIRECTION('',(-1.E0,-1.142050140094E-10,1.780070724968E-9));
#2617=AXIS2_PLACEMENT_3D('',#2614,#2615,#2616);
#2619=CARTESIAN_POINT('',(-8.000000000001E0,2.034924233741E1,8.009321922719E0));
#2620=DIRECTION('',(0.E0,-9.979482148809E-1,-6.402624786719E-2));
#2621=DIRECTION('',(9.951641129308E-1,6.289055669709E-3,-9.802467094263E-2));
#2622=AXIS2_PLACEMENT_3D('',#2619,#2620,#2621);
#2624=CARTESIAN_POINT('',(-8.000000000001E0,2.034924233741E1,8.009321922719E0));
#2625=DIRECTION('',(0.E0,-9.979482148809E-1,-6.402624786719E-2));
#2626=DIRECTION('',(1.E0,3.350642256874E-11,-5.222359130506E-10));
#2627=AXIS2_PLACEMENT_3D('',#2624,#2625,#2626);
#2629=CARTESIAN_POINT('',(-8.000000000001E0,2.034924233741E1,8.009321922719E0));
#2630=DIRECTION('',(0.E0,-9.979482148809E-1,-6.402624786719E-2));
#2631=DIRECTION('',(-9.951641131245E-1,-6.289055544066E-3,9.802466898429E-2));
#2632=AXIS2_PLACEMENT_3D('',#2629,#2630,#2631);
#2634=DIRECTION('',(0.E0,-9.979482146716E-1,-6.402625113001E-2));
#2635=VECTOR('',#2634,1.299999999995E0);
#2636=CARTESIAN_POINT('',(-1.855E1,1.985026822926E1,7.977308809870E0));
#2637=LINE('',#2636,#2635);
#2638=DIRECTION('',(0.E0,9.979482151128E-1,6.402624425332E-2));
#2639=VECTOR('',#2638,1.299999999995E0);
#2640=CARTESIAN_POINT('',(-1.345E1,1.855293555063E1,7.894074676558E0));
#2641=LINE('',#2640,#2639);
#2642=CARTESIAN_POINT('',(-1.6E1,1.985026822997E1,7.977308798785E0));
#2643=DIRECTION('',(0.E0,-9.979482148809E-1,-6.402624786719E-2));
#2644=DIRECTION('',(-1.E0,-1.951484725449E-10,3.041693084768E-9));
#2645=AXIS2_PLACEMENT_3D('',#2642,#2643,#2644);
#2647=CARTESIAN_POINT('',(-1.6E1,1.985026822997E1,7.977308798785E0));
#2648=DIRECTION('',(0.E0,-9.979482148809E-1,-6.402624786719E-2));
#2649=DIRECTION('',(9.951641129308E-1,6.289055669725E-3,-9.802467094288E-2));
#2650=AXIS2_PLACEMENT_3D('',#2647,#2648,#2649);
#2652=CARTESIAN_POINT('',(-1.395E1,1.985026823045E1,7.977308791231E0));
#2653=DIRECTION('',(3.692307459779E-9,-6.402624786719E-2,9.979482148809E-1));
#2654=DIRECTION('',(1.E0,2.364046736147E-10,-3.684730742748E-9));
#2655=AXIS2_PLACEMENT_3D('',#2652,#2653,#2654);
#2657=CARTESIAN_POINT('',(-1.6E1,1.985026822997E1,7.977308798785E0));
#2658=DIRECTION('',(0.E0,-9.979482148809E-1,-6.402624786719E-2));
#2659=DIRECTION('',(1.E0,0.E0,0.E0));
#2660=AXIS2_PLACEMENT_3D('',#2657,#2658,#2659);
#2662=CARTESIAN_POINT('',(-1.6E1,1.985026822997E1,7.977308798785E0));
#2663=DIRECTION('',(0.E0,-9.979482148809E-1,-6.402624786719E-2));
#2664=DIRECTION('',(-9.951641131245E-1,-6.289055544070E-3,9.802466898437E-2));
#2665=AXIS2_PLACEMENT_3D('',#2662,#2663,#2664);
#2667=CARTESIAN_POINT('',(-1.805E1,1.985026822923E1,7.977308810373E0));
#2668=DIRECTION('',(-5.664197375022E-9,6.402624786719E-2,-9.979482148809E-1));
#2669=DIRECTION('',(-1.E0,-3.626539069046E-10,5.652575296722E-9));
#2670=AXIS2_PLACEMENT_3D('',#2667,#2668,#2669);
#2672=CARTESIAN_POINT('',(-1.6E1,2.034924233741E1,8.009321922719E0));
#2673=DIRECTION('',(0.E0,-9.979482148809E-1,-6.402624786719E-2));
#2674=DIRECTION('',(-1.E0,-1.142050140094E-10,1.780070724968E-9));
#2675=AXIS2_PLACEMENT_3D('',#2672,#2673,#2674);
#2677=CARTESIAN_POINT('',(-1.6E1,2.034924233741E1,8.009321922719E0));
#2678=DIRECTION('',(0.E0,-9.979482148809E-1,-6.402624786719E-2));
#2679=DIRECTION('',(9.951641129308E-1,6.289055669704E-3,-9.802467094254E-2));
#2680=AXIS2_PLACEMENT_3D('',#2677,#2678,#2679);
#2682=CARTESIAN_POINT('',(-1.6E1,2.034924233741E1,8.009321922719E0));
#2683=DIRECTION('',(0.E0,-9.979482148809E-1,-6.402624786719E-2));
#2684=DIRECTION('',(1.E0,3.350642256874E-11,-5.222359130506E-10));
#2685=AXIS2_PLACEMENT_3D('',#2682,#2683,#2684);
#2687=CARTESIAN_POINT('',(-1.6E1,2.034924233741E1,8.009321922719E0));
#2688=DIRECTION('',(0.E0,-9.979482148809E-1,-6.402624786719E-2));
#2689=DIRECTION('',(-9.951641131245E-1,-6.289055544063E-3,9.802466898424E-2));
#2690=AXIS2_PLACEMENT_3D('',#2687,#2688,#2689);
#2692=DIRECTION('',(0.E0,-9.979482146716E-1,-6.402625113001E-2));
#2693=VECTOR('',#2692,1.299999999995E0);
#2694=CARTESIAN_POINT('',(-2.655E1,1.985026822926E1,7.977308809870E0));
#2695=LINE('',#2694,#2693);
#2696=DIRECTION('',(0.E0,9.979482151128E-1,6.402624425332E-2));
#2697=VECTOR('',#2696,1.299999999995E0);
#2698=CARTESIAN_POINT('',(-2.145E1,1.855293555063E1,7.894074676558E0));
#2699=LINE('',#2698,#2697);
#2700=CARTESIAN_POINT('',(-2.4E1,1.985026822997E1,7.977308798785E0));
#2701=DIRECTION('',(0.E0,-9.979482148809E-1,-6.402624786719E-2));
#2702=DIRECTION('',(-1.E0,-1.951484725449E-10,3.041693084768E-9));
#2703=AXIS2_PLACEMENT_3D('',#2700,#2701,#2702);
#2705=CARTESIAN_POINT('',(-2.4E1,1.985026822997E1,7.977308798785E0));
#2706=DIRECTION('',(0.E0,-9.979482148809E-1,-6.402624786719E-2));
#2707=DIRECTION('',(9.951641129308E-1,6.289055669725E-3,-9.802467094288E-2));
#2708=AXIS2_PLACEMENT_3D('',#2705,#2706,#2707);
#2710=CARTESIAN_POINT('',(-2.195E1,1.985026823045E1,7.977308791231E0));
#2711=DIRECTION('',(3.692307459779E-9,-6.402624786719E-2,9.979482148809E-1));
#2712=DIRECTION('',(1.E0,2.364046736147E-10,-3.684730742748E-9));
#2713=AXIS2_PLACEMENT_3D('',#2710,#2711,#2712);
#2715=CARTESIAN_POINT('',(-2.4E1,1.985026822997E1,7.977308798785E0));
#2716=DIRECTION('',(0.E0,-9.979482148809E-1,-6.402624786719E-2));
#2717=DIRECTION('',(1.E0,0.E0,0.E0));
#2718=AXIS2_PLACEMENT_3D('',#2715,#2716,#2717);
#2720=CARTESIAN_POINT('',(-2.4E1,1.985026822997E1,7.977308798785E0));
#2721=DIRECTION('',(0.E0,-9.979482148809E-1,-6.402624786719E-2));
#2722=DIRECTION('',(-9.951641131245E-1,-6.289055544070E-3,9.802466898437E-2));
#2723=AXIS2_PLACEMENT_3D('',#2720,#2721,#2722);
#2725=CARTESIAN_POINT('',(-2.605E1,1.985026822923E1,7.977308810373E0));
#2726=DIRECTION('',(-5.664197375022E-9,6.402624786719E-2,-9.979482148809E-1));
#2727=DIRECTION('',(-1.E0,-3.626539069046E-10,5.652575296722E-9));
#2728=AXIS2_PLACEMENT_3D('',#2725,#2726,#2727);
#2730=CARTESIAN_POINT('',(-2.4E1,2.034924233741E1,8.009321922719E0));
#2731=DIRECTION('',(0.E0,-9.979482148809E-1,-6.402624786719E-2));
#2732=DIRECTION('',(-1.E0,-1.142050140094E-10,1.780066392390E-9));
#2733=AXIS2_PLACEMENT_3D('',#2730,#2731,#2732);
#2735=CARTESIAN_POINT('',(-2.4E1,2.034924233741E1,8.009321922719E0));
#2736=DIRECTION('',(0.E0,-9.979482148809E-1,-6.402624786719E-2));
#2737=DIRECTION('',(9.951641129308E-1,6.289055669704E-3,-9.802467094255E-2));
#2738=AXIS2_PLACEMENT_3D('',#2735,#2736,#2737);
#2740=CARTESIAN_POINT('',(-2.4E1,2.034924233741E1,8.009321922719E0));
#2741=DIRECTION('',(0.E0,-9.979482148809E-1,-6.402624786719E-2));
#2742=DIRECTION('',(1.E0,3.350642256874E-11,-5.222359130506E-10));
#2743=AXIS2_PLACEMENT_3D('',#2740,#2741,#2742);
#2745=CARTESIAN_POINT('',(-2.4E1,2.034924233741E1,8.009321922719E0));
#2746=DIRECTION('',(0.E0,-9.979482148809E-1,-6.402624786719E-2));
#2747=DIRECTION('',(-9.951641131245E-1,-6.289055544063E-3,9.802466898424E-2));
#2748=AXIS2_PLACEMENT_3D('',#2745,#2746,#2747);
#2750=DIRECTION('',(0.E0,-9.979482146716E-1,-6.402625113001E-2));
#2751=VECTOR('',#2750,1.299999999995E0);
#2752=CARTESIAN_POINT('',(-3.455E1,1.985026822926E1,7.977308809870E0));
#2753=LINE('',#2752,#2751);
#2754=DIRECTION('',(0.E0,9.979482151128E-1,6.402624425332E-2));
#2755=VECTOR('',#2754,1.299999999995E0);
#2756=CARTESIAN_POINT('',(-2.945E1,1.855293555063E1,7.894074676558E0));
#2757=LINE('',#2756,#2755);
#2758=CARTESIAN_POINT('',(-3.2E1,1.985026822997E1,7.977308798785E0));
#2759=DIRECTION('',(0.E0,-9.979482148809E-1,-6.402624786719E-2));
#2760=DIRECTION('',(-1.E0,-1.951484725449E-10,3.041693084768E-9));
#2761=AXIS2_PLACEMENT_3D('',#2758,#2759,#2760);
#2763=CARTESIAN_POINT('',(-3.2E1,1.985026822997E1,7.977308798785E0));
#2764=DIRECTION('',(0.E0,-9.979482148809E-1,-6.402624786719E-2));
#2765=DIRECTION('',(9.951641129308E-1,6.289055669725E-3,-9.802467094288E-2));
#2766=AXIS2_PLACEMENT_3D('',#2763,#2764,#2765);
#2768=CARTESIAN_POINT('',(-2.995E1,1.985026823045E1,7.977308791231E0));
#2769=DIRECTION('',(3.692307015690E-9,-6.402624786719E-2,9.979482148809E-1));
#2770=DIRECTION('',(1.E0,2.364046736147E-10,-3.684730742748E-9));
#2771=AXIS2_PLACEMENT_3D('',#2768,#2769,#2770);
#2773=CARTESIAN_POINT('',(-3.2E1,1.985026822997E1,7.977308798785E0));
#2774=DIRECTION('',(0.E0,-9.979482148809E-1,-6.402624786719E-2));
#2775=DIRECTION('',(1.E0,0.E0,0.E0));
#2776=AXIS2_PLACEMENT_3D('',#2773,#2774,#2775);
#2778=CARTESIAN_POINT('',(-3.2E1,1.985026822997E1,7.977308798785E0));
#2779=DIRECTION('',(0.E0,-9.979482148809E-1,-6.402624786719E-2));
#2780=DIRECTION('',(-9.951641131245E-1,-6.289055544070E-3,9.802466898437E-2));
#2781=AXIS2_PLACEMENT_3D('',#2778,#2779,#2780);
#2783=CARTESIAN_POINT('',(-3.405E1,1.985026822923E1,7.977308810373E0));
#2784=DIRECTION('',(-5.664196930932E-9,6.402624786719E-2,-9.979482148809E-1));
#2785=DIRECTION('',(-1.E0,-3.626539069046E-10,5.652575296722E-9));
#2786=AXIS2_PLACEMENT_3D('',#2783,#2784,#2785);
#2788=CARTESIAN_POINT('',(-3.2E1,2.034924233741E1,8.009321922719E0));
#2789=DIRECTION('',(0.E0,-9.979482148809E-1,-6.402624786719E-2));
#2790=DIRECTION('',(-1.E0,-1.142050140094E-10,1.780068125422E-9));
#2791=AXIS2_PLACEMENT_3D('',#2788,#2789,#2790);
#2793=CARTESIAN_POINT('',(-3.2E1,2.034924233741E1,8.009321922719E0));
#2794=DIRECTION('',(0.E0,-9.979482148809E-1,-6.402624786719E-2));
#2795=DIRECTION('',(9.951641129308E-1,6.289055669704E-3,-9.802467094255E-2));
#2796=AXIS2_PLACEMENT_3D('',#2793,#2794,#2795);
#2798=CARTESIAN_POINT('',(-3.2E1,2.034924233741E1,8.009321922719E0));
#2799=DIRECTION('',(0.E0,-9.979482148809E-1,-6.402624786719E-2));
#2800=DIRECTION('',(1.E0,3.350642256874E-11,-5.222359130506E-10));
#2801=AXIS2_PLACEMENT_3D('',#2798,#2799,#2800);
#2803=CARTESIAN_POINT('',(-3.2E1,2.034924233741E1,8.009321922719E0));
#2804=DIRECTION('',(0.E0,-9.979482148809E-1,-6.402624786719E-2));
#2805=DIRECTION('',(-9.951641131245E-1,-6.289055544063E-3,9.802466898425E-2));
#2806=AXIS2_PLACEMENT_3D('',#2803,#2804,#2805);
#2808=DIRECTION('',(0.E0,-9.979482146716E-1,-6.402625113001E-2));
#2809=VECTOR('',#2808,1.299999999995E0);
#2810=CARTESIAN_POINT('',(-4.255E1,1.985026822926E1,7.977308809870E0));
#2811=LINE('',#2810,#2809);
#2812=DIRECTION('',(0.E0,9.979482151128E-1,6.402624425332E-2));
#2813=VECTOR('',#2812,1.299999999995E0);
#2814=CARTESIAN_POINT('',(-3.745E1,1.855293555063E1,7.894074676558E0));
#2815=LINE('',#2814,#2813);
#2816=CARTESIAN_POINT('',(-4.E1,1.985026822997E1,7.977308798785E0));
#2817=DIRECTION('',(0.E0,-9.979482148809E-1,-6.402624786719E-2));
#2818=DIRECTION('',(-1.E0,-1.951484725449E-10,3.041693084768E-9));
#2819=AXIS2_PLACEMENT_3D('',#2816,#2817,#2818);
#2821=CARTESIAN_POINT('',(-4.E1,1.985026822997E1,7.977308798785E0));
#2822=DIRECTION('',(0.E0,-9.979482148809E-1,-6.402624786719E-2));
#2823=DIRECTION('',(9.951641129308E-1,6.289055669725E-3,-9.802467094288E-2));
#2824=AXIS2_PLACEMENT_3D('',#2821,#2822,#2823);
#2826=CARTESIAN_POINT('',(-3.795E1,1.985026823045E1,7.977308791231E0));
#2827=DIRECTION('',(3.692307459779E-9,-6.402624786719E-2,9.979482148809E-1));
#2828=DIRECTION('',(1.E0,2.364046736147E-10,-3.684730742748E-9));
#2829=AXIS2_PLACEMENT_3D('',#2826,#2827,#2828);
#2831=CARTESIAN_POINT('',(-4.E1,1.985026822997E1,7.977308798785E0));
#2832=DIRECTION('',(0.E0,-9.979482148809E-1,-6.402624786719E-2));
#2833=DIRECTION('',(1.E0,0.E0,0.E0));
#2834=AXIS2_PLACEMENT_3D('',#2831,#2832,#2833);
#2836=CARTESIAN_POINT('',(-4.E1,1.985026822997E1,7.977308798785E0));
#2837=DIRECTION('',(0.E0,-9.979482148809E-1,-6.402624786719E-2));
#2838=DIRECTION('',(-9.951641131245E-1,-6.289055544070E-3,9.802466898437E-2));
#2839=AXIS2_PLACEMENT_3D('',#2836,#2837,#2838);
#2841=CARTESIAN_POINT('',(-4.205E1,1.985026822923E1,7.977308810373E0));
#2842=DIRECTION('',(-5.664197375022E-9,6.402624786719E-2,-9.979482148809E-1));
#2843=DIRECTION('',(-1.E0,-3.626539069046E-10,5.652575296722E-9));
#2844=AXIS2_PLACEMENT_3D('',#2841,#2842,#2843);
#2846=CARTESIAN_POINT('',(-4.E1,2.034924233741E1,8.009321922719E0));
#2847=DIRECTION('',(0.E0,-9.979482148809E-1,-6.402624786719E-2));
#2848=DIRECTION('',(-1.E0,-1.142050140094E-10,1.780071591484E-9));
#2849=AXIS2_PLACEMENT_3D('',#2846,#2847,#2848);
#2851=CARTESIAN_POINT('',(-4.E1,2.034924233741E1,8.009321922719E0));
#2852=DIRECTION('',(0.E0,-9.979482148809E-1,-6.402624786719E-2));
#2853=DIRECTION('',(9.951641129308E-1,6.289055669702E-3,-9.802467094254E-2));
#2854=AXIS2_PLACEMENT_3D('',#2851,#2852,#2853);
#2856=CARTESIAN_POINT('',(-4.E1,2.034924233741E1,8.009321922719E0));
#2857=DIRECTION('',(0.E0,-9.979482148809E-1,-6.402624786719E-2));
#2858=DIRECTION('',(1.E0,3.350642256874E-11,-5.222359130506E-10));
#2859=AXIS2_PLACEMENT_3D('',#2856,#2857,#2858);
#2861=CARTESIAN_POINT('',(-4.E1,2.034924233741E1,8.009321922719E0));
#2862=DIRECTION('',(0.E0,-9.979482148809E-1,-6.402624786719E-2));
#2863=DIRECTION('',(-9.951641131245E-1,-6.289055544063E-3,9.802466898425E-2));
#2864=AXIS2_PLACEMENT_3D('',#2861,#2862,#2863);
#2866=DIRECTION('',(0.E0,-9.979482146716E-1,-6.402625113001E-2));
#2867=VECTOR('',#2866,1.299999999995E0);
#2868=CARTESIAN_POINT('',(-5.055E1,1.985026822926E1,7.977308809870E0));
#2869=LINE('',#2868,#2867);
#2870=DIRECTION('',(0.E0,9.979482151128E-1,6.402624425332E-2));
#2871=VECTOR('',#2870,1.299999999995E0);
#2872=CARTESIAN_POINT('',(-4.545E1,1.855293555063E1,7.894074676558E0));
#2873=LINE('',#2872,#2871);
#2874=CARTESIAN_POINT('',(-4.8E1,1.985026822997E1,7.977308798785E0));
#2875=DIRECTION('',(0.E0,-9.979482148809E-1,-6.402624786719E-2));
#2876=DIRECTION('',(-1.E0,-1.951484725449E-10,3.041693084768E-9));
#2877=AXIS2_PLACEMENT_3D('',#2874,#2875,#2876);
#2879=CARTESIAN_POINT('',(-4.8E1,1.985026822997E1,7.977308798785E0));
#2880=DIRECTION('',(0.E0,-9.979482148809E-1,-6.402624786719E-2));
#2881=DIRECTION('',(9.951641129308E-1,6.289055669725E-3,-9.802467094288E-2));
#2882=AXIS2_PLACEMENT_3D('',#2879,#2880,#2881);
#2884=CARTESIAN_POINT('',(-4.595E1,1.985026823045E1,7.977308791231E0));
#2885=DIRECTION('',(3.692307459779E-9,-6.402624786719E-2,9.979482148809E-1));
#2886=DIRECTION('',(1.E0,2.364046736147E-10,-3.684730742748E-9));
#2887=AXIS2_PLACEMENT_3D('',#2884,#2885,#2886);
#2889=CARTESIAN_POINT('',(-4.8E1,1.985026822997E1,7.977308798785E0));
#2890=DIRECTION('',(0.E0,-9.979482148809E-1,-6.402624786719E-2));
#2891=DIRECTION('',(1.E0,0.E0,0.E0));
#2892=AXIS2_PLACEMENT_3D('',#2889,#2890,#2891);
#2894=CARTESIAN_POINT('',(-4.8E1,1.985026822997E1,7.977308798785E0));
#2895=DIRECTION('',(0.E0,-9.979482148809E-1,-6.402624786719E-2));
#2896=DIRECTION('',(-9.951641131245E-1,-6.289055544070E-3,9.802466898437E-2));
#2897=AXIS2_PLACEMENT_3D('',#2894,#2895,#2896);
#2899=CARTESIAN_POINT('',(-5.005E1,1.985026822923E1,7.977308810373E0));
#2900=DIRECTION('',(-5.664196930932E-9,6.402624786719E-2,-9.979482148809E-1));
#2901=DIRECTION('',(-1.E0,-3.626539069046E-10,5.652575296722E-9));
#2902=AXIS2_PLACEMENT_3D('',#2899,#2900,#2901);
#2904=CARTESIAN_POINT('',(-4.8E1,2.034924233741E1,8.009321922719E0));
#2905=DIRECTION('',(0.E0,-9.979482148809E-1,-6.402624786719E-2));
#2906=DIRECTION('',(-1.E0,-1.142050140094E-10,1.780071591484E-9));
#2907=AXIS2_PLACEMENT_3D('',#2904,#2905,#2906);
#2909=CARTESIAN_POINT('',(-4.8E1,2.034924233741E1,8.009321922719E0));
#2910=DIRECTION('',(0.E0,-9.979482148809E-1,-6.402624786719E-2));
#2911=DIRECTION('',(9.951641129308E-1,6.289055669702E-3,-9.802467094254E-2));
#2912=AXIS2_PLACEMENT_3D('',#2909,#2910,#2911);
#2914=CARTESIAN_POINT('',(-4.8E1,2.034924233741E1,8.009321922719E0));
#2915=DIRECTION('',(0.E0,-9.979482148809E-1,-6.402624786719E-2));
#2916=DIRECTION('',(1.E0,3.350642256874E-11,-5.222359130506E-10));
#2917=AXIS2_PLACEMENT_3D('',#2914,#2915,#2916);
#2919=CARTESIAN_POINT('',(-4.8E1,2.034924233741E1,8.009321922719E0));
#2920=DIRECTION('',(0.E0,-9.979482148809E-1,-6.402624786719E-2));
#2921=DIRECTION('',(-9.951641131245E-1,-6.289055544063E-3,9.802466898425E-2));
#2922=AXIS2_PLACEMENT_3D('',#2919,#2920,#2921);
#2924=DIRECTION('',(0.E0,-9.979482146716E-1,-6.402625113001E-2));
#2925=VECTOR('',#2924,1.299999999995E0);
#2926=CARTESIAN_POINT('',(-5.855E1,1.985026822926E1,7.977308809870E0));
#2927=LINE('',#2926,#2925);
#2928=DIRECTION('',(0.E0,9.979482151128E-1,6.402624425332E-2));
#2929=VECTOR('',#2928,1.299999999995E0);
#2930=CARTESIAN_POINT('',(-5.345E1,1.855293555063E1,7.894074676558E0));
#2931=LINE('',#2930,#2929);
#2932=CARTESIAN_POINT('',(-5.6E1,1.985026822997E1,7.977308798785E0));
#2933=DIRECTION('',(0.E0,-9.979482148809E-1,-6.402624786719E-2));
#2934=DIRECTION('',(-1.E0,-1.951484725449E-10,3.041693084768E-9));
#2935=AXIS2_PLACEMENT_3D('',#2932,#2933,#2934);
#2937=CARTESIAN_POINT('',(-5.6E1,1.985026822997E1,7.977308798785E0));
#2938=DIRECTION('',(0.E0,-9.979482148809E-1,-6.402624786719E-2));
#2939=DIRECTION('',(9.951641129308E-1,6.289055669725E-3,-9.802467094288E-2));
#2940=AXIS2_PLACEMENT_3D('',#2937,#2938,#2939);
#2942=CARTESIAN_POINT('',(-5.395E1,1.985026823045E1,7.977308791231E0));
#2943=DIRECTION('',(3.692307459779E-9,-6.402624786719E-2,9.979482148809E-1));
#2944=DIRECTION('',(1.E0,2.364046736147E-10,-3.684730742748E-9));
#2945=AXIS2_PLACEMENT_3D('',#2942,#2943,#2944);
#2947=CARTESIAN_POINT('',(-5.6E1,1.985026822997E1,7.977308798785E0));
#2948=DIRECTION('',(0.E0,-9.979482148809E-1,-6.402624786719E-2));
#2949=DIRECTION('',(1.E0,0.E0,0.E0));
#2950=AXIS2_PLACEMENT_3D('',#2947,#2948,#2949);
#2952=CARTESIAN_POINT('',(-5.6E1,1.985026822997E1,7.977308798785E0));
#2953=DIRECTION('',(0.E0,-9.979482148809E-1,-6.402624786719E-2));
#2954=DIRECTION('',(-9.951641131245E-1,-6.289055544070E-3,9.802466898437E-2));
#2955=AXIS2_PLACEMENT_3D('',#2952,#2953,#2954);
#2957=CARTESIAN_POINT('',(-5.805E1,1.985026822923E1,7.977308810373E0));
#2958=DIRECTION('',(-5.664197375022E-9,6.402624786719E-2,-9.979482148809E-1));
#2959=DIRECTION('',(-1.E0,-3.626539069046E-10,5.652575296722E-9));
#2960=AXIS2_PLACEMENT_3D('',#2957,#2958,#2959);
#2962=CARTESIAN_POINT('',(-5.6E1,2.034924233741E1,8.009321922719E0));
#2963=DIRECTION('',(0.E0,-9.979482148809E-1,-6.402624786719E-2));
#2964=DIRECTION('',(-1.E0,-1.142050140094E-10,1.780069858453E-9));
#2965=AXIS2_PLACEMENT_3D('',#2962,#2963,#2964);
#2967=CARTESIAN_POINT('',(-5.6E1,2.034924233741E1,8.009321922719E0));
#2968=DIRECTION('',(0.E0,-9.979482148809E-1,-6.402624786719E-2));
#2969=DIRECTION('',(9.951641129308E-1,6.289055669702E-3,-9.802467094254E-2));
#2970=AXIS2_PLACEMENT_3D('',#2967,#2968,#2969);
#2972=CARTESIAN_POINT('',(-5.6E1,2.034924233741E1,8.009321922719E0));
#2973=DIRECTION('',(0.E0,-9.979482148809E-1,-6.402624786719E-2));
#2974=DIRECTION('',(1.E0,3.350642256874E-11,-5.222359130506E-10));
#2975=AXIS2_PLACEMENT_3D('',#2972,#2973,#2974);
#2977=CARTESIAN_POINT('',(-5.6E1,2.034924233741E1,8.009321922719E0));
#2978=DIRECTION('',(0.E0,-9.979482148809E-1,-6.402624786719E-2));
#2979=DIRECTION('',(-9.951641131245E-1,-6.289055544063E-3,9.802466898425E-2));
#2980=AXIS2_PLACEMENT_3D('',#2977,#2978,#2979);
#2982=DIRECTION('',(0.E0,-9.979482146716E-1,-6.402625113001E-2));
#2983=VECTOR('',#2982,1.299999999995E0);
#2984=CARTESIAN_POINT('',(-6.655E1,1.985026822926E1,7.977308809870E0));
#2985=LINE('',#2984,#2983);
#2986=DIRECTION('',(0.E0,9.979482151128E-1,6.402624425332E-2));
#2987=VECTOR('',#2986,1.299999999995E0);
#2988=CARTESIAN_POINT('',(-6.145E1,1.855293555063E1,7.894074676558E0));
#2989=LINE('',#2988,#2987);
#2990=CARTESIAN_POINT('',(-6.4E1,1.985026822997E1,7.977308798785E0));
#2991=DIRECTION('',(0.E0,-9.979482148809E-1,-6.402624786719E-2));
#2992=DIRECTION('',(-1.E0,-1.951484725449E-10,3.041693084768E-9));
#2993=AXIS2_PLACEMENT_3D('',#2990,#2991,#2992);
#2995=CARTESIAN_POINT('',(-6.4E1,1.985026822997E1,7.977308798785E0));
#2996=DIRECTION('',(0.E0,-9.979482148809E-1,-6.402624786719E-2));
#2997=DIRECTION('',(9.951641129308E-1,6.289055669725E-3,-9.802467094288E-2));
#2998=AXIS2_PLACEMENT_3D('',#2995,#2996,#2997);
#3000=CARTESIAN_POINT('',(-6.195E1,1.985026823045E1,7.977308791231E0));
#3001=DIRECTION('',(3.692307459779E-9,-6.402624786719E-2,9.979482148809E-1));
#3002=DIRECTION('',(1.E0,2.364046736147E-10,-3.684730742748E-9));
#3003=AXIS2_PLACEMENT_3D('',#3000,#3001,#3002);
#3005=CARTESIAN_POINT('',(-6.4E1,1.985026822997E1,7.977308798785E0));
#3006=DIRECTION('',(0.E0,-9.979482148809E-1,-6.402624786719E-2));
#3007=DIRECTION('',(1.E0,0.E0,0.E0));
#3008=AXIS2_PLACEMENT_3D('',#3005,#3006,#3007);
#3010=CARTESIAN_POINT('',(-6.4E1,1.985026822997E1,7.977308798785E0));
#3011=DIRECTION('',(0.E0,-9.979482148809E-1,-6.402624786719E-2));
#3012=DIRECTION('',(-9.951641131245E-1,-6.289055544070E-3,9.802466898437E-2));
#3013=AXIS2_PLACEMENT_3D('',#3010,#3011,#3012);
#3015=CARTESIAN_POINT('',(-6.605E1,1.985026822923E1,7.977308810373E0));
#3016=DIRECTION('',(-5.664196930932E-9,6.402624786719E-2,-9.979482148809E-1));
#3017=DIRECTION('',(-1.E0,-3.626539069046E-10,5.652575296722E-9));
#3018=AXIS2_PLACEMENT_3D('',#3015,#3016,#3017);
#3020=CARTESIAN_POINT('',(-6.4E1,2.034924233741E1,8.009321922719E0));
#3021=DIRECTION('',(0.E0,-9.979482148809E-1,-6.402624786719E-2));
#3022=DIRECTION('',(-1.E0,-1.142050140094E-10,1.780074191030E-9));
#3023=AXIS2_PLACEMENT_3D('',#3020,#3021,#3022);
#3025=CARTESIAN_POINT('',(-6.4E1,2.034924233741E1,8.009321922719E0));
#3026=DIRECTION('',(0.E0,-9.979482148809E-1,-6.402624786719E-2));
#3027=DIRECTION('',(9.951641129308E-1,6.289055669702E-3,-9.802467094254E-2));
#3028=AXIS2_PLACEMENT_3D('',#3025,#3026,#3027);
#3030=CARTESIAN_POINT('',(-6.4E1,2.034924233741E1,8.009321922719E0));
#3031=DIRECTION('',(0.E0,-9.979482148809E-1,-6.402624786719E-2));
#3032=DIRECTION('',(1.E0,3.350642256874E-11,-5.222367795662E-10));
#3033=AXIS2_PLACEMENT_3D('',#3030,#3031,#3032);
#3035=CARTESIAN_POINT('',(-6.4E1,2.034924233741E1,8.009321922719E0));
#3036=DIRECTION('',(0.E0,-9.979482148809E-1,-6.402624786719E-2));
#3037=DIRECTION('',(-9.951641131245E-1,-6.289055544063E-3,9.802466898423E-2));
#3038=AXIS2_PLACEMENT_3D('',#3035,#3036,#3037);
#3040=DIRECTION('',(0.E0,-9.979482146716E-1,-6.402625113001E-2));
#3041=VECTOR('',#3040,1.299999999995E0);
#3042=CARTESIAN_POINT('',(-7.455E1,1.985026822926E1,7.977308809870E0));
#3043=LINE('',#3042,#3041);
#3044=DIRECTION('',(-1.093142670405E-14,9.979482151128E-1,6.402624425332E-2));
#3045=VECTOR('',#3044,1.299999999995E0);
#3046=CARTESIAN_POINT('',(-6.945E1,1.855293555063E1,7.894074676558E0));
#3047=LINE('',#3046,#3045);
#3048=CARTESIAN_POINT('',(-7.2E1,1.985026822997E1,7.977308798785E0));
#3049=DIRECTION('',(0.E0,-9.979482148809E-1,-6.402624786719E-2));
#3050=DIRECTION('',(-1.E0,-1.951484725449E-10,3.041693084768E-9));
#3051=AXIS2_PLACEMENT_3D('',#3048,#3049,#3050);
#3053=CARTESIAN_POINT('',(-7.2E1,1.985026822997E1,7.977308798785E0));
#3054=DIRECTION('',(0.E0,-9.979482148809E-1,-6.402624786719E-2));
#3055=DIRECTION('',(9.951641129308E-1,6.289055669725E-3,-9.802467094288E-2));
#3056=AXIS2_PLACEMENT_3D('',#3053,#3054,#3055);
#3058=CARTESIAN_POINT('',(-6.995E1,1.985026823045E1,7.977308791231E0));
#3059=DIRECTION('',(3.692307459779E-9,-6.402624786719E-2,9.979482148809E-1));
#3060=DIRECTION('',(1.E0,2.364046736147E-10,-3.684730742748E-9));
#3061=AXIS2_PLACEMENT_3D('',#3058,#3059,#3060);
#3063=CARTESIAN_POINT('',(-7.2E1,1.985026822997E1,7.977308798785E0));
#3064=DIRECTION('',(0.E0,-9.979482148809E-1,-6.402624786719E-2));
#3065=DIRECTION('',(1.E0,0.E0,0.E0));
#3066=AXIS2_PLACEMENT_3D('',#3063,#3064,#3065);
#3068=CARTESIAN_POINT('',(-7.2E1,1.985026822997E1,7.977308798785E0));
#3069=DIRECTION('',(0.E0,-9.979482148809E-1,-6.402624786719E-2));
#3070=DIRECTION('',(-9.951641131245E-1,-6.289055544070E-3,9.802466898437E-2));
#3071=AXIS2_PLACEMENT_3D('',#3068,#3069,#3070);
#3073=CARTESIAN_POINT('',(-7.405E1,1.985026822923E1,7.977308810373E0));
#3074=DIRECTION('',(-5.664196930932E-9,6.402624786719E-2,-9.979482148809E-1));
#3075=DIRECTION('',(-1.E0,-3.626539069046E-10,5.652575296722E-9));
#3076=AXIS2_PLACEMENT_3D('',#3073,#3074,#3075);
#3078=CARTESIAN_POINT('',(-7.2E1,2.034924233741E1,8.009321922719E0));
#3079=DIRECTION('',(0.E0,-9.979482148809E-1,-6.402624786719E-2));
#3080=DIRECTION('',(-1.E0,-1.142050140094E-10,1.780068125422E-9));
#3081=AXIS2_PLACEMENT_3D('',#3078,#3079,#3080);
#3083=CARTESIAN_POINT('',(-7.2E1,2.034924233741E1,8.009321922719E0));
#3084=DIRECTION('',(0.E0,-9.979482148809E-1,-6.402624786719E-2));
#3085=DIRECTION('',(9.951641129308E-1,6.289055669702E-3,-9.802467094254E-2));
#3086=AXIS2_PLACEMENT_3D('',#3083,#3084,#3085);
#3088=CARTESIAN_POINT('',(-7.2E1,2.034924233741E1,8.009321922719E0));
#3089=DIRECTION('',(0.E0,-9.979482148809E-1,-6.402624786719E-2));
#3090=DIRECTION('',(1.E0,3.350642256874E-11,-5.222359130506E-10));
#3091=AXIS2_PLACEMENT_3D('',#3088,#3089,#3090);
#3093=CARTESIAN_POINT('',(-7.2E1,2.034924233741E1,8.009321922719E0));
#3094=DIRECTION('',(0.E0,-9.979482148809E-1,-6.402624786719E-2));
#3095=DIRECTION('',(-9.951641131245E-1,-6.289055544063E-3,9.802466898423E-2));
#3096=AXIS2_PLACEMENT_3D('',#3093,#3094,#3095);
#3098=DIRECTION('',(0.E0,-9.979482146716E-1,-6.402625113001E-2));
#3099=VECTOR('',#3098,1.299999999995E0);
#3100=CARTESIAN_POINT('',(-8.255E1,1.985026822926E1,7.977308809870E0));
#3101=LINE('',#3100,#3099);
#3102=DIRECTION('',(-1.093142670405E-14,9.979482151128E-1,6.402624425332E-2));
#3103=VECTOR('',#3102,1.299999999995E0);
#3104=CARTESIAN_POINT('',(-7.745E1,1.855293555063E1,7.894074676558E0));
#3105=LINE('',#3104,#3103);
#3106=CARTESIAN_POINT('',(-8.E1,1.985026822997E1,7.977308798785E0));
#3107=DIRECTION('',(0.E0,-9.979482148809E-1,-6.402624786719E-2));
#3108=DIRECTION('',(-1.E0,-1.951484725449E-10,3.041693084768E-9));
#3109=AXIS2_PLACEMENT_3D('',#3106,#3107,#3108);
#3111=CARTESIAN_POINT('',(-8.E1,1.985026822997E1,7.977308798785E0));
#3112=DIRECTION('',(0.E0,-9.979482148809E-1,-6.402624786719E-2));
#3113=DIRECTION('',(9.951641129308E-1,6.289055669725E-3,-9.802467094288E-2));
#3114=AXIS2_PLACEMENT_3D('',#3111,#3112,#3113);
#3116=CARTESIAN_POINT('',(-7.795E1,1.985026823045E1,7.977308791231E0));
#3117=DIRECTION('',(3.692307459779E-9,-6.402624786719E-2,9.979482148809E-1));
#3118=DIRECTION('',(1.E0,2.364046736147E-10,-3.684730742748E-9));
#3119=AXIS2_PLACEMENT_3D('',#3116,#3117,#3118);
#3121=CARTESIAN_POINT('',(-8.E1,1.985026822997E1,7.977308798785E0));
#3122=DIRECTION('',(0.E0,-9.979482148809E-1,-6.402624786719E-2));
#3123=DIRECTION('',(1.E0,0.E0,0.E0));
#3124=AXIS2_PLACEMENT_3D('',#3121,#3122,#3123);
#3126=CARTESIAN_POINT('',(-8.E1,1.985026822997E1,7.977308798785E0));
#3127=DIRECTION('',(0.E0,-9.979482148809E-1,-6.402624786719E-2));
#3128=DIRECTION('',(-9.951641131245E-1,-6.289055544070E-3,9.802466898437E-2));
#3129=AXIS2_PLACEMENT_3D('',#3126,#3127,#3128);
#3131=CARTESIAN_POINT('',(-8.205E1,1.985026822923E1,7.977308810373E0));
#3132=DIRECTION('',(-5.664197375022E-9,6.402624786719E-2,-9.979482148809E-1));
#3133=DIRECTION('',(-1.E0,-3.626539069046E-10,5.652575296722E-9));
#3134=AXIS2_PLACEMENT_3D('',#3131,#3132,#3133);
#3136=CARTESIAN_POINT('',(-8.E1,2.034924233741E1,8.009321922719E0));
#3137=DIRECTION('',(0.E0,-9.979482148809E-1,-6.402624786719E-2));
#3138=DIRECTION('',(-1.E0,-1.142050140094E-10,1.780068125422E-9));
#3139=AXIS2_PLACEMENT_3D('',#3136,#3137,#3138);
#3141=CARTESIAN_POINT('',(-8.E1,2.034924233741E1,8.009321922719E0));
#3142=DIRECTION('',(0.E0,-9.979482148809E-1,-6.402624786719E-2));
#3143=DIRECTION('',(9.951641129308E-1,6.289055669702E-3,-9.802467094254E-2));
#3144=AXIS2_PLACEMENT_3D('',#3141,#3142,#3143);
#3146=CARTESIAN_POINT('',(-8.E1,2.034924233741E1,8.009321922719E0));
#3147=DIRECTION('',(0.E0,-9.979482148809E-1,-6.402624786719E-2));
#3148=DIRECTION('',(1.E0,3.350642256874E-11,-5.222359130506E-10));
#3149=AXIS2_PLACEMENT_3D('',#3146,#3147,#3148);
#3151=CARTESIAN_POINT('',(-8.E1,2.034924233741E1,8.009321922719E0));
#3152=DIRECTION('',(0.E0,-9.979482148809E-1,-6.402624786719E-2));
#3153=DIRECTION('',(-9.951641131245E-1,-6.289055544063E-3,9.802466898423E-2));
#3154=AXIS2_PLACEMENT_3D('',#3151,#3152,#3153);
#3156=DIRECTION('',(0.E0,-9.979482146716E-1,-6.402625112977E-2));
#3157=VECTOR('',#3156,1.299999999995E0);
#3158=CARTESIAN_POINT('',(6.145E1,2.036247821220E1,-6.276909177104E-3));
#3159=LINE('',#3158,#3157);
#3160=DIRECTION('',(0.E0,9.979482151128E-1,6.402624425366E-2));
#3161=VECTOR('',#3160,1.299999999995E0);
#3162=CARTESIAN_POINT('',(6.655E1,1.906514553357E1,-8.951104248931E-2));
#3163=LINE('',#3162,#3161);
#3164=CARTESIAN_POINT('',(6.4E1,2.036247821291E1,-6.276920262233E-3));
#3165=DIRECTION('',(0.E0,-9.979482148809E-1,-6.402624786719E-2));
#3166=DIRECTION('',(-1.E0,-1.951582250923E-10,3.041847110185E-9));
#3167=AXIS2_PLACEMENT_3D('',#3164,#3165,#3166);
#3169=CARTESIAN_POINT('',(6.4E1,2.036247821291E1,-6.276920262233E-3));
#3170=DIRECTION('',(0.E0,-9.979482148809E-1,-6.402624786719E-2));
#3171=DIRECTION('',(9.951641129308E-1,6.289055669728E-3,-9.802467094292E-2));
#3172=AXIS2_PLACEMENT_3D('',#3169,#3170,#3171);
#3174=CARTESIAN_POINT('',(6.605E1,2.036247821339E1,-6.276927815274E-3));
#3175=DIRECTION('',(3.691985481225E-9,-6.402624786719E-2,9.979482148809E-1));
#3176=DIRECTION('',(1.E0,2.363833573327E-10,-3.684410360139E-9));
#3177=AXIS2_PLACEMENT_3D('',#3174,#3175,#3176);
#3179=CARTESIAN_POINT('',(6.4E1,2.036247821291E1,-6.276920262233E-3));
#3180=DIRECTION('',(0.E0,-9.979482148809E-1,-6.402624786719E-2));
#3181=DIRECTION('',(1.E0,0.E0,1.125019195450E-14));
#3182=AXIS2_PLACEMENT_3D('',#3179,#3180,#3181);
#3184=CARTESIAN_POINT('',(6.4E1,2.036247821291E1,-6.276920262233E-3));
#3185=DIRECTION('',(0.E0,-9.979482148809E-1,-6.402624786719E-2));
#3186=DIRECTION('',(-9.951641131245E-1,-6.289055544075E-3,9.802466898443E-2));
#3187=AXIS2_PLACEMENT_3D('',#3184,#3185,#3186);
#3189=CARTESIAN_POINT('',(6.195E1,2.036247821217E1,-6.276908674870E-3));
#3190=DIRECTION('',(-5.663993524196E-9,6.402624786719E-2,-9.979482148809E-1));
#3191=DIRECTION('',(-1.E0,-3.626468014772E-10,5.652372063458E-9));
#3192=AXIS2_PLACEMENT_3D('',#3189,#3190,#3191);
#3194=CARTESIAN_POINT('',(6.4E1,2.086145232035E1,2.573620367136E-2));
#3195=DIRECTION('',(0.E0,-9.979482148809E-1,-6.402624786719E-2));
#3196=DIRECTION('',(-1.E0,-1.141824846056E-10,1.779710496522E-9));
#3197=AXIS2_PLACEMENT_3D('',#3194,#3195,#3196);
#3199=CARTESIAN_POINT('',(6.4E1,2.086145232035E1,2.573620367136E-2));
#3200=DIRECTION('',(0.E0,-9.979482148809E-1,-6.402624786719E-2));
#3201=DIRECTION('',(9.951641129308E-1,6.289055669709E-3,-9.802467094264E-2));
#3202=AXIS2_PLACEMENT_3D('',#3199,#3200,#3201);
#3204=CARTESIAN_POINT('',(6.4E1,2.086145232035E1,2.573620367136E-2));
#3205=DIRECTION('',(0.E0,-9.979482148809E-1,-6.402624786719E-2));
#3206=DIRECTION('',(1.E0,3.352721894150E-11,-5.225790701253E-10));
#3207=AXIS2_PLACEMENT_3D('',#3204,#3205,#3206);
#3209=CARTESIAN_POINT('',(6.4E1,2.086145232035E1,2.573620367136E-2));
#3210=DIRECTION('',(0.E0,-9.979482148809E-1,-6.402624786719E-2));
#3211=DIRECTION('',(-9.951641131245E-1,-6.289055544054E-3,9.802466898412E-2));
#3212=AXIS2_PLACEMENT_3D('',#3209,#3210,#3211);
#3214=DIRECTION('',(0.E0,-9.979482146716E-1,-6.402625112977E-2));
#3215=VECTOR('',#3214,1.299999999995E0);
#3216=CARTESIAN_POINT('',(5.345E1,2.036247821220E1,-6.276909177104E-3));
#3217=LINE('',#3216,#3215);
#3218=DIRECTION('',(0.E0,9.979482151128E-1,6.402624425366E-2));
#3219=VECTOR('',#3218,1.299999999995E0);
#3220=CARTESIAN_POINT('',(5.855E1,1.906514553357E1,-8.951104248931E-2));
#3221=LINE('',#3220,#3219);
#3222=CARTESIAN_POINT('',(5.6E1,2.036247821291E1,-6.276920262233E-3));
#3223=DIRECTION('',(0.E0,-9.979482148809E-1,-6.402624786719E-2));
#3224=DIRECTION('',(-1.E0,-1.951582250923E-10,3.041847110185E-9));
#3225=AXIS2_PLACEMENT_3D('',#3222,#3223,#3224);
#3227=CARTESIAN_POINT('',(5.6E1,2.036247821291E1,-6.276920262233E-3));
#3228=DIRECTION('',(0.E0,-9.979482148809E-1,-6.402624786719E-2));
#3229=DIRECTION('',(9.951641129308E-1,6.289055669728E-3,-9.802467094291E-2));
#3230=AXIS2_PLACEMENT_3D('',#3227,#3228,#3229);
#3232=CARTESIAN_POINT('',(5.805E1,2.036247821339E1,-6.276927815275E-3));
#3233=DIRECTION('',(3.691985939192E-9,-6.402624786719E-2,9.979482148809E-1));
#3234=DIRECTION('',(1.E0,2.363833573327E-10,-3.684410819840E-9));
#3235=AXIS2_PLACEMENT_3D('',#3232,#3233,#3234);
#3237=CARTESIAN_POINT('',(5.6E1,2.036247821291E1,-6.276920262233E-3));
#3238=DIRECTION('',(0.E0,-9.979482148809E-1,-6.402624786719E-2));
#3239=DIRECTION('',(1.E0,0.E0,1.125019195450E-14));
#3240=AXIS2_PLACEMENT_3D('',#3237,#3238,#3239);
#3242=CARTESIAN_POINT('',(5.6E1,2.036247821291E1,-6.276920262233E-3));
#3243=DIRECTION('',(0.E0,-9.979482148809E-1,-6.402624786719E-2));
#3244=DIRECTION('',(-9.951641131245E-1,-6.289055544075E-3,9.802466898443E-2));
#3245=AXIS2_PLACEMENT_3D('',#3242,#3243,#3244);
#3247=CARTESIAN_POINT('',(5.395E1,2.036247821217E1,-6.276908674870E-3));
#3248=DIRECTION('',(-5.663993524196E-9,6.402624786719E-2,-9.979482148809E-1));
#3249=DIRECTION('',(-1.E0,-3.626468014772E-10,5.652372063458E-9));
#3250=AXIS2_PLACEMENT_3D('',#3247,#3248,#3249);
#3252=CARTESIAN_POINT('',(5.6E1,2.086145232035E1,2.573620367136E-2));
#3253=DIRECTION('',(0.E0,-9.979482148809E-1,-6.402624786719E-2));
#3254=DIRECTION('',(-1.E0,-1.141824846056E-10,1.779710504984E-9));
#3255=AXIS2_PLACEMENT_3D('',#3252,#3253,#3254);
#3257=CARTESIAN_POINT('',(5.6E1,2.086145232035E1,2.573620367136E-2));
#3258=DIRECTION('',(0.E0,-9.979482148809E-1,-6.402624786719E-2));
#3259=DIRECTION('',(9.951641129308E-1,6.289055669709E-3,-9.802467094262E-2));
#3260=AXIS2_PLACEMENT_3D('',#3257,#3258,#3259);
#3262=CARTESIAN_POINT('',(5.6E1,2.086145232035E1,2.573620367136E-2));
#3263=DIRECTION('',(0.E0,-9.979482148809E-1,-6.402624786719E-2));
#3264=DIRECTION('',(1.E0,3.352721894150E-11,-5.225791005887E-10));
#3265=AXIS2_PLACEMENT_3D('',#3262,#3263,#3264);
#3267=CARTESIAN_POINT('',(5.6E1,2.086145232035E1,2.573620367136E-2));
#3268=DIRECTION('',(0.E0,-9.979482148809E-1,-6.402624786719E-2));
#3269=DIRECTION('',(-9.951641131245E-1,-6.289055544054E-3,9.802466898412E-2));
#3270=AXIS2_PLACEMENT_3D('',#3267,#3268,#3269);
#3272=DIRECTION('',(0.E0,-9.979482146716E-1,-6.402625112977E-2));
#3273=VECTOR('',#3272,1.299999999995E0);
#3274=CARTESIAN_POINT('',(4.545E1,2.036247821220E1,-6.276909177104E-3));
#3275=LINE('',#3274,#3273);
#3276=DIRECTION('',(0.E0,9.979482151128E-1,6.402624425366E-2));
#3277=VECTOR('',#3276,1.299999999995E0);
#3278=CARTESIAN_POINT('',(5.055E1,1.906514553357E1,-8.951104248931E-2));
#3279=LINE('',#3278,#3277);
#3280=CARTESIAN_POINT('',(4.8E1,2.036247821291E1,-6.276920262233E-3));
#3281=DIRECTION('',(0.E0,-9.979482148809E-1,-6.402624786719E-2));
#3282=DIRECTION('',(-1.E0,-1.951582250923E-10,3.041847110185E-9));
#3283=AXIS2_PLACEMENT_3D('',#3280,#3281,#3282);
#3285=CARTESIAN_POINT('',(4.8E1,2.036247821291E1,-6.276920262233E-3));
#3286=DIRECTION('',(0.E0,-9.979482148809E-1,-6.402624786719E-2));
#3287=DIRECTION('',(9.951641129308E-1,6.289055669728E-3,-9.802467094291E-2));
#3288=AXIS2_PLACEMENT_3D('',#3285,#3286,#3287);
#3290=CARTESIAN_POINT('',(5.005E1,2.036247821339E1,-6.276927815276E-3));
#3291=DIRECTION('',(3.691986383281E-9,-6.402624786719E-2,9.979482148809E-1));
#3292=DIRECTION('',(1.E0,2.363833573327E-10,-3.684411263929E-9));
#3293=AXIS2_PLACEMENT_3D('',#3290,#3291,#3292);
#3295=CARTESIAN_POINT('',(4.8E1,2.036247821291E1,-6.276920262233E-3));
#3296=DIRECTION('',(0.E0,-9.979482148809E-1,-6.402624786719E-2));
#3297=DIRECTION('',(1.E0,0.E0,1.125019195450E-14));
#3298=AXIS2_PLACEMENT_3D('',#3295,#3296,#3297);
#3300=CARTESIAN_POINT('',(4.8E1,2.036247821291E1,-6.276920262233E-3));
#3301=DIRECTION('',(0.E0,-9.979482148809E-1,-6.402624786719E-2));
#3302=DIRECTION('',(-9.951641131245E-1,-6.289055544075E-3,9.802466898443E-2));
#3303=AXIS2_PLACEMENT_3D('',#3300,#3301,#3302);
#3305=CARTESIAN_POINT('',(4.595E1,2.036247821217E1,-6.276908674870E-3));
#3306=DIRECTION('',(-5.663993524196E-9,6.402624786719E-2,-9.979482148809E-1));
#3307=DIRECTION('',(-1.E0,-3.626468014772E-10,5.652372063458E-9));
#3308=AXIS2_PLACEMENT_3D('',#3305,#3306,#3307);
#3310=CARTESIAN_POINT('',(4.8E1,2.086145232035E1,2.573620367136E-2));
#3311=DIRECTION('',(0.E0,-9.979482148809E-1,-6.402624786719E-2));
#3312=DIRECTION('',(-1.E0,-1.141824846056E-10,1.779707079540E-9));
#3313=AXIS2_PLACEMENT_3D('',#3310,#3311,#3312);
#3315=CARTESIAN_POINT('',(4.8E1,2.086145232035E1,2.573620367136E-2));
#3316=DIRECTION('',(0.E0,-9.979482148809E-1,-6.402624786719E-2));
#3317=DIRECTION('',(9.951641129308E-1,6.289055669709E-3,-9.802467094262E-2));
#3318=AXIS2_PLACEMENT_3D('',#3315,#3316,#3317);
#3320=CARTESIAN_POINT('',(4.8E1,2.086145232035E1,2.573620367136E-2));
#3321=DIRECTION('',(0.E0,-9.979482148809E-1,-6.402624786719E-2));
#3322=DIRECTION('',(1.E0,3.352721894150E-11,-5.225788162633E-10));
#3323=AXIS2_PLACEMENT_3D('',#3320,#3321,#3322);
#3325=CARTESIAN_POINT('',(4.8E1,2.086145232035E1,2.573620367136E-2));
#3326=DIRECTION('',(0.E0,-9.979482148809E-1,-6.402624786719E-2));
#3327=DIRECTION('',(-9.951641131245E-1,-6.289055544054E-3,9.802466898411E-2));
#3328=AXIS2_PLACEMENT_3D('',#3325,#3326,#3327);
#3330=DIRECTION('',(0.E0,-9.979482146716E-1,-6.402625112977E-2));
#3331=VECTOR('',#3330,1.299999999995E0);
#3332=CARTESIAN_POINT('',(3.745E1,2.036247821220E1,-6.276909177104E-3));
#3333=LINE('',#3332,#3331);
#3334=DIRECTION('',(0.E0,9.979482151128E-1,6.402624425366E-2));
#3335=VECTOR('',#3334,1.299999999995E0);
#3336=CARTESIAN_POINT('',(4.255E1,1.906514553357E1,-8.951104248931E-2));
#3337=LINE('',#3336,#3335);
#3338=CARTESIAN_POINT('',(4.E1,2.036247821291E1,-6.276920262233E-3));
#3339=DIRECTION('',(0.E0,-9.979482148809E-1,-6.402624786719E-2));
#3340=DIRECTION('',(-1.E0,-1.951582250923E-10,3.041847110185E-9));
#3341=AXIS2_PLACEMENT_3D('',#3338,#3339,#3340);
#3343=CARTESIAN_POINT('',(4.E1,2.036247821291E1,-6.276920262233E-3));
#3344=DIRECTION('',(0.E0,-9.979482148809E-1,-6.402624786719E-2));
#3345=DIRECTION('',(9.951641129308E-1,6.289055669728E-3,-9.802467094291E-2));
#3346=AXIS2_PLACEMENT_3D('',#3343,#3344,#3345);
#3348=CARTESIAN_POINT('',(4.205E1,2.036247821339E1,-6.276927815275E-3));
#3349=DIRECTION('',(3.691985939192E-9,-6.402624786719E-2,9.979482148809E-1));
#3350=DIRECTION('',(1.E0,2.363833573327E-10,-3.684410819840E-9));
#3351=AXIS2_PLACEMENT_3D('',#3348,#3349,#3350);
#3353=CARTESIAN_POINT('',(4.E1,2.036247821291E1,-6.276920262233E-3));
#3354=DIRECTION('',(0.E0,-9.979482148809E-1,-6.402624786719E-2));
#3355=DIRECTION('',(1.E0,0.E0,1.125019195450E-14));
#3356=AXIS2_PLACEMENT_3D('',#3353,#3354,#3355);
#3358=CARTESIAN_POINT('',(4.E1,2.036247821291E1,-6.276920262233E-3));
#3359=DIRECTION('',(0.E0,-9.979482148809E-1,-6.402624786719E-2));
#3360=DIRECTION('',(-9.951641131245E-1,-6.289055544075E-3,9.802466898443E-2));
#3361=AXIS2_PLACEMENT_3D('',#3358,#3359,#3360);
#3363=CARTESIAN_POINT('',(3.795E1,2.036247821217E1,-6.276908674872E-3));
#3364=DIRECTION('',(-5.663992636018E-9,6.402624786719E-2,-9.979482148809E-1));
#3365=DIRECTION('',(-1.E0,-3.626468014772E-10,5.652371173545E-9));
#3366=AXIS2_PLACEMENT_3D('',#3363,#3364,#3365);
#3368=CARTESIAN_POINT('',(4.E1,2.086145232035E1,2.573620367136E-2));
#3369=DIRECTION('',(0.E0,-9.979482148809E-1,-6.402624786719E-2));
#3370=DIRECTION('',(-1.E0,-1.141824846056E-10,1.779705251734E-9));
#3371=AXIS2_PLACEMENT_3D('',#3368,#3369,#3370);
#3373=CARTESIAN_POINT('',(4.E1,2.086145232035E1,2.573620367136E-2));
#3374=DIRECTION('',(0.E0,-9.979482148809E-1,-6.402624786719E-2));
#3375=DIRECTION('',(9.951641129308E-1,6.289055669709E-3,-9.802467094262E-2));
#3376=AXIS2_PLACEMENT_3D('',#3373,#3374,#3375);
#3378=CARTESIAN_POINT('',(4.E1,2.086145232035E1,2.573620367136E-2));
#3379=DIRECTION('',(0.E0,-9.979482148809E-1,-6.402624786719E-2));
#3380=DIRECTION('',(1.E0,3.352721894150E-11,-5.225786368675E-10));
#3381=AXIS2_PLACEMENT_3D('',#3378,#3379,#3380);
#3383=CARTESIAN_POINT('',(4.E1,2.086145232035E1,2.573620367136E-2));
#3384=DIRECTION('',(0.E0,-9.979482148809E-1,-6.402624786719E-2));
#3385=DIRECTION('',(-9.951641131245E-1,-6.289055544054E-3,9.802466898411E-2));
#3386=AXIS2_PLACEMENT_3D('',#3383,#3384,#3385);
#3388=DIRECTION('',(0.E0,-9.979482146716E-1,-6.402625112977E-2));
#3389=VECTOR('',#3388,1.299999999995E0);
#3390=CARTESIAN_POINT('',(2.945E1,2.036247821220E1,-6.276909177104E-3));
#3391=LINE('',#3390,#3389);
#3392=DIRECTION('',(0.E0,9.979482151128E-1,6.402624425366E-2));
#3393=VECTOR('',#3392,1.299999999995E0);
#3394=CARTESIAN_POINT('',(3.455E1,1.906514553357E1,-8.951104248931E-2));
#3395=LINE('',#3394,#3393);
#3396=CARTESIAN_POINT('',(3.2E1,2.036247821291E1,-6.276920262233E-3));
#3397=DIRECTION('',(0.E0,-9.979482148809E-1,-6.402624786719E-2));
#3398=DIRECTION('',(-1.E0,-1.951582250923E-10,3.041847110185E-9));
#3399=AXIS2_PLACEMENT_3D('',#3396,#3397,#3398);
#3401=CARTESIAN_POINT('',(3.2E1,2.036247821291E1,-6.276920262233E-3));
#3402=DIRECTION('',(0.E0,-9.979482148809E-1,-6.402624786719E-2));
#3403=DIRECTION('',(9.951641129308E-1,6.289055669728E-3,-9.802467094291E-2));
#3404=AXIS2_PLACEMENT_3D('',#3401,#3402,#3403);
#3406=CARTESIAN_POINT('',(3.405E1,2.036247821339E1,-6.276927815275E-3));
#3407=DIRECTION('',(3.691985939192E-9,-6.402624786719E-2,9.979482148809E-1));
#3408=DIRECTION('',(1.E0,2.363833573327E-10,-3.684410819840E-9));
#3409=AXIS2_PLACEMENT_3D('',#3406,#3407,#3408);
#3411=CARTESIAN_POINT('',(3.2E1,2.036247821291E1,-6.276920262233E-3));
#3412=DIRECTION('',(0.E0,-9.979482148809E-1,-6.402624786719E-2));
#3413=DIRECTION('',(1.E0,0.E0,1.125019195450E-14));
#3414=AXIS2_PLACEMENT_3D('',#3411,#3412,#3413);
#3416=CARTESIAN_POINT('',(3.2E1,2.036247821291E1,-6.276920262233E-3));
#3417=DIRECTION('',(0.E0,-9.979482148809E-1,-6.402624786719E-2));
#3418=DIRECTION('',(-9.951641131245E-1,-6.289055544075E-3,9.802466898443E-2));
#3419=AXIS2_PLACEMENT_3D('',#3416,#3417,#3418);
#3421=CARTESIAN_POINT('',(2.995E1,2.036247821217E1,-6.276908674870E-3));
#3422=DIRECTION('',(-5.663993524196E-9,6.402624786719E-2,-9.979482148809E-1));
#3423=DIRECTION('',(-1.E0,-3.626468014772E-10,5.652372063458E-9));
#3424=AXIS2_PLACEMENT_3D('',#3421,#3422,#3423);
#3426=CARTESIAN_POINT('',(3.2E1,2.086145232035E1,2.573620367136E-2));
#3427=DIRECTION('',(0.E0,-9.979482148809E-1,-6.402624786719E-2));
#3428=DIRECTION('',(-1.E0,-1.141824846056E-10,1.779703919804E-9));
#3429=AXIS2_PLACEMENT_3D('',#3426,#3427,#3428);
#3431=CARTESIAN_POINT('',(3.2E1,2.086145232035E1,2.573620367136E-2));
#3432=DIRECTION('',(0.E0,-9.979482148809E-1,-6.402624786719E-2));
#3433=DIRECTION('',(9.951641129308E-1,6.289055669709E-3,-9.802467094262E-2));
#3434=AXIS2_PLACEMENT_3D('',#3431,#3432,#3433);
#3436=CARTESIAN_POINT('',(3.2E1,2.086145232035E1,2.573620367136E-2));
#3437=DIRECTION('',(0.E0,-9.979482148809E-1,-6.402624786719E-2));
#3438=DIRECTION('',(1.E0,3.352721894150E-11,-5.225785336303E-10));
#3439=AXIS2_PLACEMENT_3D('',#3436,#3437,#3438);
#3441=CARTESIAN_POINT('',(3.2E1,2.086145232035E1,2.573620367136E-2));
#3442=DIRECTION('',(0.E0,-9.979482148809E-1,-6.402624786719E-2));
#3443=DIRECTION('',(-9.951641131245E-1,-6.289055544056E-3,9.802466898412E-2));
#3444=AXIS2_PLACEMENT_3D('',#3441,#3442,#3443);
#3446=DIRECTION('',(0.E0,-9.979482146716E-1,-6.402625112977E-2));
#3447=VECTOR('',#3446,1.299999999995E0);
#3448=CARTESIAN_POINT('',(5.449999999999E0,2.036247821220E1,
-6.276909177103E-3));
#3449=LINE('',#3448,#3447);
#3450=DIRECTION('',(0.E0,9.979482151128E-1,6.402624425366E-2));
#3451=VECTOR('',#3450,1.299999999995E0);
#3452=CARTESIAN_POINT('',(1.055E1,1.906514553357E1,-8.951104248931E-2));
#3453=LINE('',#3452,#3451);
#3454=CARTESIAN_POINT('',(7.999999999999E0,2.036247821291E1,
-6.276920262233E-3));
#3455=DIRECTION('',(0.E0,-9.979482148809E-1,-6.402624786719E-2));
#3456=DIRECTION('',(-1.E0,-1.951582250923E-10,3.041847115628E-9));
#3457=AXIS2_PLACEMENT_3D('',#3454,#3455,#3456);
#3459=CARTESIAN_POINT('',(7.999999999999E0,2.036247821291E1,
-6.276920262233E-3));
#3460=DIRECTION('',(0.E0,-9.979482148809E-1,-6.402624786719E-2));
#3461=DIRECTION('',(9.951641129308E-1,6.289055669726E-3,-9.802467094290E-2));
#3462=AXIS2_PLACEMENT_3D('',#3459,#3460,#3461);
#3464=CARTESIAN_POINT('',(1.005E1,2.036247821339E1,-6.276927815275E-3));
#3465=DIRECTION('',(3.691985939192E-9,-6.402624786719E-2,9.979482148809E-1));
#3466=DIRECTION('',(1.E0,2.363833573327E-10,-3.684410819840E-9));
#3467=AXIS2_PLACEMENT_3D('',#3464,#3465,#3466);
#3469=CARTESIAN_POINT('',(7.999999999999E0,2.036247821291E1,
-6.276920262233E-3));
#3470=DIRECTION('',(0.E0,-9.979482148809E-1,-6.402624786719E-2));
#3471=DIRECTION('',(1.E0,0.E0,1.122842287558E-14));
#3472=AXIS2_PLACEMENT_3D('',#3469,#3470,#3471);
#3474=CARTESIAN_POINT('',(7.999999999999E0,2.036247821291E1,
-6.276920262233E-3));
#3475=DIRECTION('',(0.E0,-9.979482148809E-1,-6.402624786719E-2));
#3476=DIRECTION('',(-9.951641131245E-1,-6.289055544079E-3,9.802466898449E-2));
#3477=AXIS2_PLACEMENT_3D('',#3474,#3475,#3476);
#3479=CARTESIAN_POINT('',(5.949999999999E0,2.036247821217E1,
-6.276908674869E-3));
#3480=DIRECTION('',(-5.663993982163E-9,6.402624786719E-2,-9.979482148809E-1));
#3481=DIRECTION('',(-1.E0,-3.626468014772E-10,5.652372523160E-9));
#3482=AXIS2_PLACEMENT_3D('',#3479,#3480,#3481);
#3484=CARTESIAN_POINT('',(7.999999999999E0,2.086145232035E1,2.573620367136E-2));
#3485=DIRECTION('',(0.E0,-9.979482148809E-1,-6.402624786719E-2));
#3486=DIRECTION('',(-1.E0,-1.141824846056E-10,1.779704821861E-9));
#3487=AXIS2_PLACEMENT_3D('',#3484,#3485,#3486);
#3489=CARTESIAN_POINT('',(7.999999999999E0,2.086145232035E1,2.573620367136E-2));
#3490=DIRECTION('',(0.E0,-9.979482148809E-1,-6.402624786719E-2));
#3491=DIRECTION('',(9.951641129308E-1,6.289055669706E-3,-9.802467094259E-2));
#3492=AXIS2_PLACEMENT_3D('',#3489,#3490,#3491);
#3494=CARTESIAN_POINT('',(7.999999999999E0,2.086145232035E1,2.573620367136E-2));
#3495=DIRECTION('',(0.E0,-9.979482148809E-1,-6.402624786719E-2));
#3496=DIRECTION('',(1.E0,3.352721894150E-11,-5.225833942409E-10));
#3497=AXIS2_PLACEMENT_3D('',#3494,#3495,#3496);
#3499=CARTESIAN_POINT('',(7.999999999999E0,2.086145232035E1,2.573620367136E-2));
#3500=DIRECTION('',(0.E0,-9.979482148809E-1,-6.402624786719E-2));
#3501=DIRECTION('',(-9.951641131245E-1,-6.289055544068E-3,9.802466898433E-2));
#3502=AXIS2_PLACEMENT_3D('',#3499,#3500,#3501);
#3504=DIRECTION('',(0.E0,-9.979482146716E-1,-6.402625112977E-2));
#3505=VECTOR('',#3504,1.299999999995E0);
#3506=CARTESIAN_POINT('',(1.345E1,2.036247821220E1,-6.276909177104E-3));
#3507=LINE('',#3506,#3505);
#3508=DIRECTION('',(0.E0,9.979482151128E-1,6.402624425366E-2));
#3509=VECTOR('',#3508,1.299999999995E0);
#3510=CARTESIAN_POINT('',(1.855E1,1.906514553357E1,-8.951104248931E-2));
#3511=LINE('',#3510,#3509);
#3512=CARTESIAN_POINT('',(1.6E1,2.036247821291E1,-6.276920262233E-3));
#3513=DIRECTION('',(0.E0,-9.979482148809E-1,-6.402624786719E-2));
#3514=DIRECTION('',(-1.E0,-1.951582250923E-10,3.041847110185E-9));
#3515=AXIS2_PLACEMENT_3D('',#3512,#3513,#3514);
#3517=CARTESIAN_POINT('',(1.6E1,2.036247821291E1,-6.276920262233E-3));
#3518=DIRECTION('',(0.E0,-9.979482148809E-1,-6.402624786719E-2));
#3519=DIRECTION('',(9.951641129308E-1,6.289055669728E-3,-9.802467094291E-2));
#3520=AXIS2_PLACEMENT_3D('',#3517,#3518,#3519);
#3522=CARTESIAN_POINT('',(1.805E1,2.036247821339E1,-6.276927815275E-3));
#3523=DIRECTION('',(3.691985939192E-9,-6.402624786719E-2,9.979482148809E-1));
#3524=DIRECTION('',(1.E0,2.363833573327E-10,-3.684410819840E-9));
#3525=AXIS2_PLACEMENT_3D('',#3522,#3523,#3524);
#3527=CARTESIAN_POINT('',(1.6E1,2.036247821291E1,-6.276920262233E-3));
#3528=DIRECTION('',(0.E0,-9.979482148809E-1,-6.402624786719E-2));
#3529=DIRECTION('',(1.E0,0.E0,1.125019195450E-14));
#3530=AXIS2_PLACEMENT_3D('',#3527,#3528,#3529);
#3532=CARTESIAN_POINT('',(1.6E1,2.036247821291E1,-6.276920262233E-3));
#3533=DIRECTION('',(0.E0,-9.979482148809E-1,-6.402624786719E-2));
#3534=DIRECTION('',(-9.951641131245E-1,-6.289055544075E-3,9.802466898443E-2));
#3535=AXIS2_PLACEMENT_3D('',#3532,#3533,#3534);
#3537=CARTESIAN_POINT('',(1.395E1,2.036247821217E1,-6.276908674870E-3));
#3538=DIRECTION('',(-5.663993524196E-9,6.402624786719E-2,-9.979482148809E-1));
#3539=DIRECTION('',(-1.E0,-3.626468014772E-10,5.652372063458E-9));
#3540=AXIS2_PLACEMENT_3D('',#3537,#3538,#3539);
#3542=CARTESIAN_POINT('',(1.6E1,2.086145232035E1,2.573620367136E-2));
#3543=DIRECTION('',(0.E0,-9.979482148809E-1,-6.402624786719E-2));
#3544=DIRECTION('',(-1.E0,-1.141807515745E-10,1.779696510420E-9));
#3545=AXIS2_PLACEMENT_3D('',#3542,#3543,#3544);
#3547=CARTESIAN_POINT('',(1.6E1,2.086145232035E1,2.573620367136E-2));
#3548=DIRECTION('',(0.E0,-9.979482148809E-1,-6.402624786719E-2));
#3549=DIRECTION('',(9.951641129308E-1,6.289055669713E-3,-9.802467094268E-2));
#3550=AXIS2_PLACEMENT_3D('',#3547,#3548,#3549);
#3552=CARTESIAN_POINT('',(1.6E1,2.086145232035E1,2.573620367136E-2));
#3553=DIRECTION('',(0.E0,-9.979482148809E-1,-6.402624786719E-2));
#3554=DIRECTION('',(1.E0,3.352721894150E-11,-5.225786977944E-10));
#3555=AXIS2_PLACEMENT_3D('',#3552,#3553,#3554);
#3557=CARTESIAN_POINT('',(1.6E1,2.086145232035E1,2.573620367136E-2));
#3558=DIRECTION('',(0.E0,-9.979482148809E-1,-6.402624786719E-2));
#3559=DIRECTION('',(-9.951641131245E-1,-6.289055544054E-3,9.802466898411E-2));
#3560=AXIS2_PLACEMENT_3D('',#3557,#3558,#3559);
#3562=DIRECTION('',(0.E0,-9.979482146716E-1,-6.402625112977E-2));
#3563=VECTOR('',#3562,1.299999999995E0);
#3564=CARTESIAN_POINT('',(-2.550000000001E0,2.036247821220E1,
-6.276909177104E-3));
#3565=LINE('',#3564,#3563);
#3566=DIRECTION('',(0.E0,9.979482151128E-1,6.402624425366E-2));
#3567=VECTOR('',#3566,1.299999999995E0);
#3568=CARTESIAN_POINT('',(2.549999999999E0,1.906514553357E1,
-8.951104248931E-2));
#3569=LINE('',#3568,#3567);
#3570=CARTESIAN_POINT('',(-8.747169655265E-13,2.036247821291E1,
-6.276920262233E-3));
#3571=DIRECTION('',(0.E0,-9.979482148809E-1,-6.402624786719E-2));
#3572=DIRECTION('',(-1.E0,-1.951582250923E-10,3.041847115628E-9));
#3573=AXIS2_PLACEMENT_3D('',#3570,#3571,#3572);
#3575=CARTESIAN_POINT('',(-8.747169655265E-13,2.036247821291E1,
-6.276920262233E-3));
#3576=DIRECTION('',(0.E0,-9.979482148809E-1,-6.402624786719E-2));
#3577=DIRECTION('',(9.951641129308E-1,6.289055669722E-3,-9.802467094284E-2));
#3578=AXIS2_PLACEMENT_3D('',#3575,#3576,#3577);
#3580=CARTESIAN_POINT('',(2.049999999999E0,2.036247821339E1,
-6.276927815275E-3));
#3581=DIRECTION('',(3.691985939192E-9,-6.402624786719E-2,9.979482148809E-1));
#3582=DIRECTION('',(1.E0,2.363833573327E-10,-3.684410819840E-9));
#3583=AXIS2_PLACEMENT_3D('',#3580,#3581,#3582);
#3585=CARTESIAN_POINT('',(-8.747169655265E-13,2.036247821291E1,
-6.276920262233E-3));
#3586=DIRECTION('',(0.E0,-9.979482148809E-1,-6.402624786719E-2));
#3587=DIRECTION('',(1.E0,0.E0,1.123930741504E-14));
#3588=AXIS2_PLACEMENT_3D('',#3585,#3586,#3587);
#3590=CARTESIAN_POINT('',(-8.747169655265E-13,2.036247821291E1,
-6.276920262233E-3));
#3591=DIRECTION('',(0.E0,-9.979482148809E-1,-6.402624786719E-2));
#3592=DIRECTION('',(-9.951641131245E-1,-6.289055544079E-3,9.802466898449E-2));
#3593=AXIS2_PLACEMENT_3D('',#3590,#3591,#3592);
#3595=CARTESIAN_POINT('',(-2.050000000001E0,2.036247821217E1,
-6.276908674870E-3));
#3596=DIRECTION('',(-5.663993524196E-9,6.402624786719E-2,-9.979482148809E-1));
#3597=DIRECTION('',(-1.E0,-3.626468014772E-10,5.652372063458E-9));
#3598=AXIS2_PLACEMENT_3D('',#3595,#3596,#3597);
#3600=CARTESIAN_POINT('',(-8.747169655265E-13,2.086145232035E1,
2.573620367136E-2));
#3601=DIRECTION('',(0.E0,-9.979482148809E-1,-6.402624786719E-2));
#3602=DIRECTION('',(-1.E0,-1.141824846056E-10,1.779705737456E-9));
#3603=AXIS2_PLACEMENT_3D('',#3600,#3601,#3602);
#3605=CARTESIAN_POINT('',(-8.747169655265E-13,2.086145232035E1,
2.573620367136E-2));
#3606=DIRECTION('',(0.E0,-9.979482148809E-1,-6.402624786719E-2));
#3607=DIRECTION('',(9.951641129308E-1,6.289055669714E-3,-9.802467094273E-2));
#3608=AXIS2_PLACEMENT_3D('',#3605,#3606,#3607);
#3610=CARTESIAN_POINT('',(-8.747169655265E-13,2.086145232035E1,
2.573620367136E-2));
#3611=DIRECTION('',(0.E0,-9.979482148809E-1,-6.402624786719E-2));
#3612=DIRECTION('',(1.E0,3.352721894150E-11,-5.225786808702E-10));
#3613=AXIS2_PLACEMENT_3D('',#3610,#3611,#3612);
#3615=CARTESIAN_POINT('',(-8.747169655265E-13,2.086145232035E1,
2.573620367136E-2));
#3616=DIRECTION('',(0.E0,-9.979482148809E-1,-6.402624786719E-2));
#3617=DIRECTION('',(-9.951641131245E-1,-6.289055544068E-3,9.802466898433E-2));
#3618=AXIS2_PLACEMENT_3D('',#3615,#3616,#3617);
#3620=DIRECTION('',(-1.093142670404E-14,-9.979482146716E-1,-6.402625112977E-2));
#3621=VECTOR('',#3620,1.299999999995E0);
#3622=CARTESIAN_POINT('',(6.945E1,2.036247821220E1,-6.276909177103E-3));
#3623=LINE('',#3622,#3621);
#3624=DIRECTION('',(0.E0,9.979482151128E-1,6.402624425366E-2));
#3625=VECTOR('',#3624,1.299999999995E0);
#3626=CARTESIAN_POINT('',(7.455E1,1.906514553357E1,-8.951104248931E-2));
#3627=LINE('',#3626,#3625);
#3628=CARTESIAN_POINT('',(7.2E1,2.036247821291E1,-6.276920262233E-3));
#3629=DIRECTION('',(0.E0,-9.979482148809E-1,-6.402624786719E-2));
#3630=DIRECTION('',(-1.E0,-1.951582250923E-10,3.041847110185E-9));
#3631=AXIS2_PLACEMENT_3D('',#3628,#3629,#3630);
#3633=CARTESIAN_POINT('',(7.2E1,2.036247821291E1,-6.276920262233E-3));
#3634=DIRECTION('',(0.E0,-9.979482148809E-1,-6.402624786719E-2));
#3635=DIRECTION('',(9.951641129308E-1,6.289055669728E-3,-9.802467094292E-2));
#3636=AXIS2_PLACEMENT_3D('',#3633,#3634,#3635);
#3638=CARTESIAN_POINT('',(7.405E1,2.036247821339E1,-6.276927815271E-3));
#3639=DIRECTION('',(3.691984176712E-9,-6.402624786719E-2,9.979482148809E-1));
#3640=DIRECTION('',(1.E0,2.363833573327E-10,-3.684409052157E-9));
#3641=AXIS2_PLACEMENT_3D('',#3638,#3639,#3640);
#3643=CARTESIAN_POINT('',(7.2E1,2.036247821291E1,-6.276920262233E-3));
#3644=DIRECTION('',(0.E0,-9.979482148809E-1,-6.402624786719E-2));
#3645=DIRECTION('',(1.E0,0.E0,1.125019195450E-14));
#3646=AXIS2_PLACEMENT_3D('',#3643,#3644,#3645);
#3648=CARTESIAN_POINT('',(7.2E1,2.036247821291E1,-6.276920262233E-3));
#3649=DIRECTION('',(0.E0,-9.979482148809E-1,-6.402624786719E-2));
#3650=DIRECTION('',(-9.951641131245E-1,-6.289055544074E-3,9.802466898443E-2));
#3651=AXIS2_PLACEMENT_3D('',#3648,#3649,#3650);
#3653=CARTESIAN_POINT('',(6.995E1,2.036247821217E1,-6.276908674870E-3));
#3654=DIRECTION('',(-5.663993524196E-9,6.402624786719E-2,-9.979482148809E-1));
#3655=DIRECTION('',(-1.E0,-3.626468014772E-10,5.652372063458E-9));
#3656=AXIS2_PLACEMENT_3D('',#3653,#3654,#3655);
#3658=CARTESIAN_POINT('',(7.2E1,2.086145232035E1,2.573620367136E-2));
#3659=DIRECTION('',(0.E0,-9.979482148809E-1,-6.402624786719E-2));
#3660=DIRECTION('',(-1.E0,-1.141824846056E-10,1.779718056531E-9));
#3661=AXIS2_PLACEMENT_3D('',#3658,#3659,#3660);
#3663=CARTESIAN_POINT('',(7.2E1,2.086145232035E1,2.573620367136E-2));
#3664=DIRECTION('',(0.E0,-9.979482148809E-1,-6.402624786719E-2));
#3665=DIRECTION('',(9.951641129308E-1,6.289055669709E-3,-9.802467094264E-2));
#3666=AXIS2_PLACEMENT_3D('',#3663,#3664,#3665);
#3668=CARTESIAN_POINT('',(7.2E1,2.086145232035E1,2.573620367136E-2));
#3669=DIRECTION('',(0.E0,-9.979482148809E-1,-6.402624786719E-2));
#3670=DIRECTION('',(1.E0,3.352721894150E-11,-5.225798215567E-10));
#3671=AXIS2_PLACEMENT_3D('',#3668,#3669,#3670);
#3673=CARTESIAN_POINT('',(7.2E1,2.086145232035E1,2.573620367136E-2));
#3674=DIRECTION('',(0.E0,-9.979482148809E-1,-6.402624786719E-2));
#3675=DIRECTION('',(-9.951641131245E-1,-6.289055544054E-3,9.802466898410E-2));
#3676=AXIS2_PLACEMENT_3D('',#3673,#3674,#3675);
#3678=DIRECTION('',(-1.093142670404E-14,-9.979482146716E-1,-6.402625112977E-2));
#3679=VECTOR('',#3678,1.299999999995E0);
#3680=CARTESIAN_POINT('',(7.745E1,2.036247821220E1,-6.276909177103E-3));
#3681=LINE('',#3680,#3679);
#3682=DIRECTION('',(0.E0,9.979482151128E-1,6.402624425366E-2));
#3683=VECTOR('',#3682,1.299999999995E0);
#3684=CARTESIAN_POINT('',(8.255E1,1.906514553357E1,-8.951104248931E-2));
#3685=LINE('',#3684,#3683);
#3686=CARTESIAN_POINT('',(8.E1,2.036247821291E1,-6.276920262233E-3));
#3687=DIRECTION('',(0.E0,-9.979482148809E-1,-6.402624786719E-2));
#3688=DIRECTION('',(-1.E0,-1.951582250923E-10,3.041847110185E-9));
#3689=AXIS2_PLACEMENT_3D('',#3686,#3687,#3688);
#3691=CARTESIAN_POINT('',(8.E1,2.036247821291E1,-6.276920262233E-3));
#3692=DIRECTION('',(0.E0,-9.979482148809E-1,-6.402624786719E-2));
#3693=DIRECTION('',(9.951641129308E-1,6.289055669728E-3,-9.802467094292E-2));
#3694=AXIS2_PLACEMENT_3D('',#3691,#3692,#3693);
#3696=CARTESIAN_POINT('',(8.205E1,2.036247821339E1,-6.276927815275E-3));
#3697=DIRECTION('',(3.691985939192E-9,-6.402624786719E-2,9.979482148809E-1));
#3698=DIRECTION('',(1.E0,2.363833573327E-10,-3.684410819840E-9));
#3699=AXIS2_PLACEMENT_3D('',#3696,#3697,#3698);
#3701=CARTESIAN_POINT('',(8.E1,2.036247821291E1,-6.276920262233E-3));
#3702=DIRECTION('',(0.E0,-9.979482148809E-1,-6.402624786719E-2));
#3703=DIRECTION('',(1.E0,0.E0,1.125019195450E-14));
#3704=AXIS2_PLACEMENT_3D('',#3701,#3702,#3703);
#3706=CARTESIAN_POINT('',(8.E1,2.036247821291E1,-6.276920262233E-3));
#3707=DIRECTION('',(0.E0,-9.979482148809E-1,-6.402624786719E-2));
#3708=DIRECTION('',(-9.951641131245E-1,-6.289055544074E-3,9.802466898443E-2));
#3709=AXIS2_PLACEMENT_3D('',#3706,#3707,#3708);
#3711=CARTESIAN_POINT('',(7.795E1,2.036247821217E1,-6.276908674870E-3));
#3712=DIRECTION('',(-5.663993524196E-9,6.402624786719E-2,-9.979482148809E-1));
#3713=DIRECTION('',(-1.E0,-3.626468014772E-10,5.652372063458E-9));
#3714=AXIS2_PLACEMENT_3D('',#3711,#3712,#3713);
#3716=CARTESIAN_POINT('',(8.E1,2.086145232035E1,2.573620367136E-2));
#3717=DIRECTION('',(0.E0,-9.979482148809E-1,-6.402624786719E-2));
#3718=DIRECTION('',(-1.E0,-1.141824846056E-10,1.779717340641E-9));
#3719=AXIS2_PLACEMENT_3D('',#3716,#3717,#3718);
#3721=CARTESIAN_POINT('',(8.E1,2.086145232035E1,2.573620367136E-2));
#3722=DIRECTION('',(0.E0,-9.979482148809E-1,-6.402624786719E-2));
#3723=DIRECTION('',(9.951641129308E-1,6.289055669709E-3,-9.802467094264E-2));
#3724=AXIS2_PLACEMENT_3D('',#3721,#3722,#3723);
#3726=CARTESIAN_POINT('',(8.E1,2.086145232035E1,2.573620367136E-2));
#3727=DIRECTION('',(0.E0,-9.979482148809E-1,-6.402624786719E-2));
#3728=DIRECTION('',(1.E0,3.352721894150E-11,-5.225802040421E-10));
#3729=AXIS2_PLACEMENT_3D('',#3726,#3727,#3728);
#3731=CARTESIAN_POINT('',(8.E1,2.086145232035E1,2.573620367136E-2));
#3732=DIRECTION('',(0.E0,-9.979482148809E-1,-6.402624786719E-2));
#3733=DIRECTION('',(-9.951641131245E-1,-6.289055544054E-3,9.802466898410E-2));
#3734=AXIS2_PLACEMENT_3D('',#3731,#3732,#3733);
#3736=DIRECTION('',(-1.093142670405E-14,-9.979482146716E-1,-6.402625113001E-2));
#3737=VECTOR('',#3736,1.299999999995E0);
#3738=CARTESIAN_POINT('',(6.945E1,1.985026822926E1,7.977308809870E0));
#3739=LINE('',#3738,#3737);
#3740=DIRECTION('',(0.E0,9.979482151128E-1,6.402624425332E-2));
#3741=VECTOR('',#3740,1.299999999995E0);
#3742=CARTESIAN_POINT('',(7.455E1,1.855293555063E1,7.894074676558E0));
#3743=LINE('',#3742,#3741);
#3744=CARTESIAN_POINT('',(7.2E1,1.985026822997E1,7.977308798785E0));
#3745=DIRECTION('',(0.E0,-9.979482148809E-1,-6.402624786719E-2));
#3746=DIRECTION('',(-1.E0,-1.951484725449E-10,3.041693084768E-9));
#3747=AXIS2_PLACEMENT_3D('',#3744,#3745,#3746);
#3749=CARTESIAN_POINT('',(7.2E1,1.985026822997E1,7.977308798785E0));
#3750=DIRECTION('',(0.E0,-9.979482148809E-1,-6.402624786719E-2));
#3751=DIRECTION('',(9.951641129308E-1,6.289055669725E-3,-9.802467094288E-2));
#3752=AXIS2_PLACEMENT_3D('',#3749,#3750,#3751);
#3754=CARTESIAN_POINT('',(7.405E1,1.985026823045E1,7.977308791231E0));
#3755=DIRECTION('',(3.692307015690E-9,-6.402624786719E-2,9.979482148809E-1));
#3756=DIRECTION('',(1.E0,2.364046736147E-10,-3.684730742748E-9));
#3757=AXIS2_PLACEMENT_3D('',#3754,#3755,#3756);
#3759=CARTESIAN_POINT('',(7.2E1,1.985026822997E1,7.977308798785E0));
#3760=DIRECTION('',(0.E0,-9.979482148809E-1,-6.402624786719E-2));
#3761=DIRECTION('',(1.E0,0.E0,0.E0));
#3762=AXIS2_PLACEMENT_3D('',#3759,#3760,#3761);
#3764=CARTESIAN_POINT('',(7.2E1,1.985026822997E1,7.977308798785E0));
#3765=DIRECTION('',(0.E0,-9.979482148809E-1,-6.402624786719E-2));
#3766=DIRECTION('',(-9.951641131245E-1,-6.289055544070E-3,9.802466898437E-2));
#3767=AXIS2_PLACEMENT_3D('',#3764,#3765,#3766);
#3769=CARTESIAN_POINT('',(6.995E1,1.985026822923E1,7.977308810373E0));
#3770=DIRECTION('',(-5.664195154576E-9,6.402624786719E-2,-9.979482148809E-1));
#3771=DIRECTION('',(-1.E0,-3.626539069046E-10,5.652573520365E-9));
#3772=AXIS2_PLACEMENT_3D('',#3769,#3770,#3771);
#3774=CARTESIAN_POINT('',(7.2E1,2.034924233741E1,8.009321922719E0));
#3775=DIRECTION('',(0.E0,-9.979482148809E-1,-6.402624786719E-2));
#3776=DIRECTION('',(-1.E0,-1.142050140094E-10,1.780071591484E-9));
#3777=AXIS2_PLACEMENT_3D('',#3774,#3775,#3776);
#3779=CARTESIAN_POINT('',(7.2E1,2.034924233741E1,8.009321922719E0));
#3780=DIRECTION('',(0.E0,-9.979482148809E-1,-6.402624786719E-2));
#3781=DIRECTION('',(9.951641129308E-1,6.289055669702E-3,-9.802467094254E-2));
#3782=AXIS2_PLACEMENT_3D('',#3779,#3780,#3781);
#3784=CARTESIAN_POINT('',(7.2E1,2.034924233741E1,8.009321922719E0));
#3785=DIRECTION('',(0.E0,-9.979482148809E-1,-6.402624786719E-2));
#3786=DIRECTION('',(1.E0,3.350642256874E-11,-5.222359130506E-10));
#3787=AXIS2_PLACEMENT_3D('',#3784,#3785,#3786);
#3789=CARTESIAN_POINT('',(7.2E1,2.034924233741E1,8.009321922719E0));
#3790=DIRECTION('',(0.E0,-9.979482148809E-1,-6.402624786719E-2));
#3791=DIRECTION('',(-9.951641131245E-1,-6.289055544063E-3,9.802466898423E-2));
#3792=AXIS2_PLACEMENT_3D('',#3789,#3790,#3791);
#3794=DIRECTION('',(-1.093142670405E-14,-9.979482151288E-1,-6.402624400413E-2));
#3795=VECTOR('',#3794,1.299999999995E0);
#3796=CARTESIAN_POINT('',(7.745E1,1.985026822996E1,7.977308798908E0));
#3797=LINE('',#3796,#3795);
#3798=DIRECTION('',(0.E0,9.979482146347E-1,6.402625170548E-2));
#3799=VECTOR('',#3798,1.299999999995E0);
#3800=CARTESIAN_POINT('',(8.255E1,1.855293555063E1,7.894074676558E0));
#3801=LINE('',#3800,#3799);
#3802=CARTESIAN_POINT('',(7.795E1,1.985026823023E1,7.977308794796E0));
#3803=DIRECTION('',(-1.949979150373E-9,-6.402624786719E-2,9.979482148809E-1));
#3804=DIRECTION('',(2.842170943040E-14,9.979482148809E-1,6.402624786719E-2));
#3805=AXIS2_PLACEMENT_3D('',#3802,#3803,#3804);
#3807=CARTESIAN_POINT('',(8.E1,1.985026822997E1,7.977308798785E0));
#3808=DIRECTION('',(0.E0,-9.979482148809E-1,-6.402624786719E-2));
#3809=DIRECTION('',(-1.E0,-1.310630906636E-10,2.042831263626E-9));
#3810=AXIS2_PLACEMENT_3D('',#3807,#3808,#3809);
#3812=CARTESIAN_POINT('',(8.E1,1.985026822997E1,7.977308798785E0));
#3813=DIRECTION('',(0.E0,-9.979482148809E-1,-6.402624786719E-2));
#3814=DIRECTION('',(-9.947697185797E-1,6.539837595410E-3,-1.019334955796E-1));
#3815=AXIS2_PLACEMENT_3D('',#3812,#3813,#3814);
#3817=CARTESIAN_POINT('',(8.E1,2.034924233741E1,8.009321922719E0));
#3818=DIRECTION('',(0.E0,-9.979482148809E-1,-6.402624786719E-2));
#3819=DIRECTION('',(-1.E0,-1.137405616846E-10,1.772825788610E-9));
#3820=AXIS2_PLACEMENT_3D('',#3817,#3818,#3819);
#3822=CARTESIAN_POINT('',(8.E1,2.034924233741E1,8.009321922719E0));
#3823=DIRECTION('',(0.E0,-9.979482148809E-1,-6.402624786719E-2));
#3824=DIRECTION('',(-9.947697185797E-1,6.539837595402E-3,-1.019334955795E-1));
#3825=AXIS2_PLACEMENT_3D('',#3822,#3823,#3824);
#3827=CARTESIAN_POINT('',(8.E1,2.034924233741E1,8.009321922719E0));
#3828=DIRECTION('',(0.E0,-9.979482148809E-1,-6.402624786719E-2));
#3829=DIRECTION('',(1.E0,1.251248427363E-11,-1.950231845934E-10));
#3830=AXIS2_PLACEMENT_3D('',#3827,#3828,#3829);
#3832=CARTESIAN_POINT('',(8.E1,2.034924233741E1,8.009321922719E0));
#3833=DIRECTION('',(0.E0,-9.979482148809E-1,-6.402624786719E-2));
#3834=DIRECTION('',(9.947697187811E-1,-6.539837469830E-3,1.019334936223E-1));
#3835=AXIS2_PLACEMENT_3D('',#3832,#3833,#3834);
#3837=CARTESIAN_POINT('',(8.205E1,1.985026822946E1,7.977308806808E0));
#3838=DIRECTION('',(3.921598643042E-9,6.402624786719E-2,-9.979482148809E-1));
#3839=DIRECTION('',(8.526512829121E-14,9.979482148809E-1,6.402624786719E-2));
#3840=AXIS2_PLACEMENT_3D('',#3837,#3838,#3839);
#3842=CARTESIAN_POINT('',(8.E1,1.985026822997E1,7.977308798785E0));
#3843=DIRECTION('',(0.E0,-9.979482148809E-1,-6.402624786719E-2));
#3844=DIRECTION('',(1.E0,0.E0,0.E0));
#3845=AXIS2_PLACEMENT_3D('',#3842,#3843,#3844);
#3847=CARTESIAN_POINT('',(8.E1,1.985026822997E1,7.977308798785E0));
#3848=DIRECTION('',(0.E0,-9.979482148809E-1,-6.402624786719E-2));
#3849=DIRECTION('',(9.947697187811E-1,-6.539837469818E-3,1.019334936221E-1));
#3850=AXIS2_PLACEMENT_3D('',#3847,#3848,#3849);
#3852=DIRECTION('',(-2.106936847210E-9,1.074951318066E-1,-9.942056108461E-1));
#3853=VECTOR('',#3852,4.000000000004E-1);
#3854=CARTESIAN_POINT('',(-1.064563634732E1,5.928902836473E0,
-5.618681472130E0));
#3855=LINE('',#3854,#3853);
#3856=DIRECTION('',(6.646012629097E-9,-1.074971546621E-1,9.942053921296E-1));
#3857=VECTOR('',#3856,4.000000000013E-1);
#3858=CARTESIAN_POINT('',(-1.045218665319E1,6.165457709263E0,
-5.995436037466E0));
#3859=LINE('',#3858,#3857);
#3860=DIRECTION('',(-9.999946591098E-1,-3.249357182663E-3,-3.513257974539E-4));
#3861=VECTOR('',#3860,9.778004223947E-1);
#3862=CARTESIAN_POINT('',(-1.064563634732E1,5.928902836473E0,
-5.618681472130E0));
#3863=LINE('',#3862,#3861);
#3864=CARTESIAN_POINT('',(-1.064563634732E1,5.928902836473E0,
-5.618681472130E0));
#3865=CARTESIAN_POINT('',(-1.063746182463E1,5.928929398615E0,
-5.618678600187E0));
#3866=CARTESIAN_POINT('',(-1.062114241564E1,5.930620878954E0,
-5.618495714575E0));
#3867=CARTESIAN_POINT('',(-1.058970272461E1,5.939358853383E0,
-5.617550950532E0));
#3868=CARTESIAN_POINT('',(-1.055204378487E1,5.958731095807E0,
-5.615456392092E0));
#3869=CARTESIAN_POINT('',(-1.051294177985E1,5.990266298471E0,
-5.612046754558E0));
#3870=CARTESIAN_POINT('',(-1.047191354944E1,6.041207313431E0,
-5.606538928955E0));
#3871=CARTESIAN_POINT('',(-1.045208004703E1,6.089957622663E0,
-5.601267966028E0));
#3872=CARTESIAN_POINT('',(-1.045218665053E1,6.122458847398E0,
-5.597753880612E0));
#3874=CARTESIAN_POINT('',(-1.037415906004E1,6.717694926600E0,
-5.533395985127E0));
#3875=DIRECTION('',(1.093726621750E-13,1.074951318135E-1,-9.942056108454E-1));
#3876=DIRECTION('',(-9.999947662043E-1,-3.216614543510E-3,-3.477856096206E-4));
#3877=AXIS2_PLACEMENT_3D('',#3874,#3875,#3876);
#3879=DIRECTION('',(8.643096103583E-1,5.000457882910E-1,5.406576601317E-2));
#3880=VECTOR('',#3879,9.917753716748E-1);
#3881=CARTESIAN_POINT('',(-1.041438453113E1,6.786426597452E0,
-5.525964604799E0));
#3882=LINE('',#3881,#3880);
#3883=CARTESIAN_POINT('',(-9.557183546070E0,7.282359694988E0,
-5.472343509617E0));
#3884=CARTESIAN_POINT('',(-9.532549146981E0,7.297652808820E0,
-5.470689993211E0));
#3885=CARTESIAN_POINT('',(-9.489073508170E0,7.339011007077E0,
-5.466218277377E0));
#3886=CARTESIAN_POINT('',(-9.446376879625E0,7.415125039665E0,
-5.457988704061E0));
#3887=CARTESIAN_POINT('',(-9.434219097465E0,7.473479906325E0,
-5.451679280724E0));
#3888=CARTESIAN_POINT('',(-9.434313040814E0,7.502077444460E0,
-5.448587268268E0));
#3890=CARTESIAN_POINT('',(-9.441417084069E0,9.663930011343E0,
-5.214844243582E0));
#3891=CARTESIAN_POINT('',(-9.441523974953E0,9.696452837785E0,
-5.211327822555E0));
#3892=CARTESIAN_POINT('',(-9.468661288710E0,9.761981947198E0,
-5.204242708392E0));
#3893=CARTESIAN_POINT('',(-9.526659921072E0,9.819042577263E0,
-5.198073220026E0));
#3894=CARTESIAN_POINT('',(-9.580167871153E0,9.846168787388E0,
-5.195140289955E0));
#3895=CARTESIAN_POINT('',(-9.611642984858E0,9.854686799459E0,
-5.194219308602E0));
#3896=CARTESIAN_POINT('',(-9.627964985080E0,9.856271912900E0,
-5.194047923550E0));
#3897=CARTESIAN_POINT('',(-9.636134988146E0,9.856245366557E0,
-5.194050793784E0));
#3899=CARTESIAN_POINT('',(-1.061390934042E1,9.853068237703E0,
-5.194394310136E0));
#3900=CARTESIAN_POINT('',(-1.062208419093E1,9.853041674252E0,
-5.194397182220E0));
#3901=CARTESIAN_POINT('',(-1.063840506599E1,9.851348846177E0,
-5.194580213552E0));
#3902=CARTESIAN_POINT('',(-1.066984107264E1,9.842617579462E0,
-5.195524252346E0));
#3903=CARTESIAN_POINT('',(-1.072317851803E1,9.815127065600E0,
-5.198496571531E0));
#3904=CARTESIAN_POINT('',(-1.078078928745E1,9.757686875786E0,
-5.204707098517E0));
#3905=CARTESIAN_POINT('',(-1.080747598668E1,9.691996542714E0,
-5.211809644445E0));
#3906=CARTESIAN_POINT('',(-1.080736917039E1,9.659491422545E0,
-5.215324151041E0));
#3908=CARTESIAN_POINT('',(-1.080271589563E1,8.243604547765E0,
-5.368412148712E0));
#3909=CARTESIAN_POINT('',(-1.080253922074E1,8.189848376951E0,
-5.374224353556E0));
#3910=CARTESIAN_POINT('',(-1.083847192441E1,8.083066138089E0,
-5.385769823343E0));
#3911=CARTESIAN_POINT('',(-1.095463288326E1,8.001763747540E0,
-5.394560370383E0));
#3912=CARTESIAN_POINT('',(-1.106212509568E1,7.982646211228E0,
-5.396627389581E0));
#3913=CARTESIAN_POINT('',(-1.114776585102E1,7.982142168619E0,
-5.396681887491E0));
#3914=CARTESIAN_POINT('',(-1.123256599023E1,7.983746586232E0,
-5.396508415241E0));
#3915=CARTESIAN_POINT('',(-1.133637481275E1,8.003985626739E0,
-5.394320137180E0));
#3916=CARTESIAN_POINT('',(-1.144644118265E1,8.086084981149E0,
-5.385443421110E0));
#3917=CARTESIAN_POINT('',(-1.148128158377E1,8.188755727340E0,
-5.374342492614E0));
#3918=CARTESIAN_POINT('',(-1.148145467804E1,8.241399074067E0,
-5.368650608124E0));
#3920=CARTESIAN_POINT('',(-1.148610881673E1,9.657285944463E0,
-5.215562610927E0));
#3921=CARTESIAN_POINT('',(-1.148621570763E1,9.689808779292E0,
-5.212046188993E0));
#3922=CARTESIAN_POINT('',(-1.151335296447E1,9.755337928277E0,
-5.204961070552E0));
#3923=CARTESIAN_POINT('',(-1.157135162738E1,9.812398589692E0,
-5.198791578796E0));
#3924=CARTESIAN_POINT('',(-1.162485958891E1,9.839524812188E0,
-5.195858647387E0));
#3925=CARTESIAN_POINT('',(-1.165633470980E1,9.848042828995E0,
-5.194937665519E0));
#3926=CARTESIAN_POINT('',(-1.167265671504E1,9.849627943444E0,
-5.194766280361E0));
#3927=CARTESIAN_POINT('',(-1.168082671952E1,9.849601397298E0,
-5.194769150573E0));
#3929=CARTESIAN_POINT('',(-1.265862192506E1,9.846424200685E0,
-5.195112674253E0));
#3930=CARTESIAN_POINT('',(-1.266270979968E1,9.846410917641E0,
-5.195114110437E0));
#3931=CARTESIAN_POINT('',(-1.267087528109E1,9.845976757633E0,
-5.195161052526E0));
#3932=CARTESIAN_POINT('',(-1.268706179771E1,9.843609649404E0,
-5.195416988128E0));
#3933=CARTESIAN_POINT('',(-1.271456294476E1,9.835956397744E0,
-5.196244470177E0));
#3934=CARTESIAN_POINT('',(-1.276753567951E1,9.808814092594E0,
-5.199179140468E0));
#3935=CARTESIAN_POINT('',(-1.282683214373E1,9.749077600613E0,
-5.205637947388E0));
#3936=CARTESIAN_POINT('',(-1.285218861775E1,9.685352508242E0,
-5.212528008286E0));
#3937=CARTESIAN_POINT('',(-1.285208200285E1,9.652847381257E0,
-5.216042515619E0));
#3939=CARTESIAN_POINT('',(-1.284497689023E1,7.491015693955E0,
-5.449783282770E0));
#3940=CARTESIAN_POINT('',(-1.284488002113E1,7.461541975777E0,
-5.452970029240E0));
#3941=CARTESIAN_POINT('',(-1.283159662510E1,7.401640671917E0,
-5.459446655889E0));
#3942=CARTESIAN_POINT('',(-1.278638813049E1,7.324385344864E0,
-5.467799627824E0));
#3943=CARTESIAN_POINT('',(-1.274057075676E1,7.283296680689E0,
-5.472242201195E0));
#3944=CARTESIAN_POINT('',(-1.271484502246E1,7.268641438184E0,
-5.473826749911E0));
#3946=DIRECTION('',(8.676791713069E-1,-4.942440543648E-1,-5.343847308138E-2));
#3947=VECTOR('',#3946,9.848287427110E-1);
#3948=CARTESIAN_POINT('',(-1.271484502246E1,7.268641438184E0,
-5.473826749911E0));
#3949=LINE('',#3948,#3947);
#3950=CARTESIAN_POINT('',(-1.190008828494E1,6.712896210180E0,
-5.533914830172E0));
#3951=DIRECTION('',(2.055482020502E-14,1.074951318134E-1,-9.942056108454E-1));
#3952=DIRECTION('',(4.970866456405E-1,8.626731118317E-1,9.327362354089E-2));
#3953=AXIS2_PLACEMENT_3D('',#3950,#3951,#3952);
#3955=CARTESIAN_POINT('',(-1.181814938853E1,6.118020322632E0,
-5.598233781148E0));
#3956=CARTESIAN_POINT('',(-1.181804251267E1,6.085501846090E0,
-5.601749731857E0));
#3957=CARTESIAN_POINT('',(-1.179090596552E1,6.019978773283E0,
-5.608834193332E0));
#3958=CARTESIAN_POINT('',(-1.173290769133E1,5.962925964103E0,
-5.615002836092E0));
#3959=CARTESIAN_POINT('',(-1.167940027069E1,5.935801859389E0,
-5.617935538523E0));
#3960=CARTESIAN_POINT('',(-1.164792418838E1,5.927284127103E0,
-5.618856489627E0));
#3961=CARTESIAN_POINT('',(-1.163160176370E1,5.925699119119E0,
-5.619027863274E0));
#3962=CARTESIAN_POINT('',(-1.162343154739E1,5.925725613647E0,
-5.619024998643E0));
#3964=DIRECTION('',(3.267555546915E-3,-9.942003033047E-1,-1.074945579534E-1));
#3965=VECTOR('',#3964,5.984496290035E-1);
#3966=CARTESIAN_POINT('',(-1.045414211794E1,6.717437650066E0,
-5.533423802285E0));
#3967=LINE('',#3966,#3965);
#3968=DIRECTION('',(2.097815698886E-8,1.074887329317E-1,-9.942063026821E-1));
#3969=VECTOR('',#3968,4.000000000087E-1);
#3970=CARTESIAN_POINT('',(-1.045414211794E1,6.717437650066E0,
-5.533423802285E0));
#3971=LINE('',#3970,#3969);
#3972=DIRECTION('',(7.572613229511E-6,-1.074907507880E-1,9.942060844904E-1));
#3973=VECTOR('',#3972,4.000000000159E-1);
#3974=CARTESIAN_POINT('',(-1.041438756017E1,6.829422897769E0,
-5.923647038611E0));
#3975=LINE('',#3974,#3973);
#3976=DIRECTION('',(1.781113034835E-9,-1.074956739468E-1,9.942055522289E-1));
#3977=VECTOR('',#3976,4.000000000007E-1);
#3978=CARTESIAN_POINT('',(-9.434313041526E0,7.545075714039E0,
-5.846269489160E0));
#3979=LINE('',#3978,#3977);
#3980=DIRECTION('',(1.674482774659E-10,1.074951319129E-1,-9.942056108346E-1));
#3981=VECTOR('',#3980,4.000000000003E-1);
#3982=CARTESIAN_POINT('',(-9.557183546070E0,7.282359694988E0,
-5.472343509617E0));
#3983=LINE('',#3982,#3981);
#3984=DIRECTION('',(-5.621281218275E-10,-1.074949607676E-1,9.942056293391E-1));
#3985=VECTOR('',#3984,4.000000000005E-1);
#3986=CARTESIAN_POINT('',(-9.441417083844E0,9.706927995651E0,
-5.612526495318E0));
#3987=LINE('',#3986,#3985);
#3988=DIRECTION('',(3.267032211021E-3,-9.942003050047E-1,-1.074945581374E-1));
#3989=VECTOR('',#3988,2.174463793665E0);
#3990=CARTESIAN_POINT('',(-9.441417084069E0,9.663930011343E0,
-5.214844243582E0));
#3991=LINE('',#3990,#3989);
#3992=DIRECTION('',(2.689334532844E-8,-1.074951317270E-1,9.942056108547E-1));
#3993=VECTOR('',#3992,4.000000000002E-1);
#3994=CARTESIAN_POINT('',(-9.636134998903E0,9.899243419248E0,
-5.591733038126E0));
#3995=LINE('',#3994,#3993);
#3996=DIRECTION('',(-2.275804433791E-8,-1.074951318890E-1,9.942056108372E-1));
#3997=VECTOR('',#3996,4.000000000004E-1);
#3998=CARTESIAN_POINT('',(-1.061390933132E1,9.896066290459E0,
-5.592076554471E0));
#3999=LINE('',#3998,#3997);
#4000=DIRECTION('',(9.999946591980E-1,3.249330357470E-3,3.513228965366E-4));
#4001=VECTOR('',#4000,9.777795743998E-1);
#4002=CARTESIAN_POINT('',(-1.061390934042E1,9.853068237703E0,
-5.194394310136E0));
#4003=LINE('',#4002,#4001);
#4004=DIRECTION('',(-3.275513194011E-10,-1.074950333714E-1,9.942056214891E-1));
#4005=VECTOR('',#4004,4.000000000001E-1);
#4006=CARTESIAN_POINT('',(-1.080736917026E1,9.702489435893E0,
-5.613006399637E0));
#4007=LINE('',#4006,#4005);
#4008=DIRECTION('',(-2.319344716282E-10,-1.074950624843E-1,9.942056183413E-1));
#4009=VECTOR('',#4008,4.000000000003E-1);
#4010=CARTESIAN_POINT('',(-1.080271589554E1,8.286602572759E0,
-5.766094396049E0));
#4011=LINE('',#4010,#4009);
#4012=DIRECTION('',(-3.267412997561E-3,9.942003037678E-1,1.074945580036E-1));
#4013=VECTOR('',#4012,1.424146491822E0);
#4014=CARTESIAN_POINT('',(-1.080271589563E1,8.243604547765E0,
-5.368412148712E0));
#4015=LINE('',#4014,#4013);
#4016=DIRECTION('',(1.849711495081E-9,-1.074956948591E-1,9.942055499678E-1));
#4017=VECTOR('',#4016,4.000000000005E-1);
#4018=CARTESIAN_POINT('',(-1.148145467878E1,8.284397352011E0,
-5.766332828112E0));
#4019=LINE('',#4018,#4017);
#4020=DIRECTION('',(4.365974248793E-10,-1.074952649397E-1,9.942055964515E-1));
#4021=VECTOR('',#4020,4.000000000005E-1);
#4022=CARTESIAN_POINT('',(-1.148610881690E1,9.700284050439E0,
-5.613244849508E0));
#4023=LINE('',#4022,#4021);
#4024=DIRECTION('',(3.268019626873E-3,-9.942003017969E-1,-1.074945577907E-1));
#4025=VECTOR('',#4024,1.424146490236E0);
#4026=CARTESIAN_POINT('',(-1.148610881673E1,9.657285944463E0,
-5.215562610927E0));
#4027=LINE('',#4026,#4025);
#4028=DIRECTION('',(3.220465227821E-8,-1.074951317083E-1,9.942056108567E-1));
#4029=VECTOR('',#4028,4.000000000007E-1);
#4030=CARTESIAN_POINT('',(-1.168082673240E1,9.892599449981E0,
-5.592451394917E0));
#4031=LINE('',#4030,#4029);
#4032=DIRECTION('',(9.999946591980E-1,3.249330356315E-3,3.513228972973E-4));
#4033=VECTOR('',#4032,9.778004277773E-1);
#4034=CARTESIAN_POINT('',(-1.265862192506E1,9.846424200685E0,
-5.195112674253E0));
#4035=LINE('',#4034,#4033);
#4036=DIRECTION('',(-6.940661378950E-9,-1.074930199060E-1,9.942058391860E-1));
#4037=VECTOR('',#4036,4.000000000007E-1);
#4038=CARTESIAN_POINT('',(-1.285208200007E1,9.695844589220E0,
-5.613724851294E0));
#4039=LINE('',#4038,#4037);
#4040=DIRECTION('',(8.908824788989E-9,1.074951318429E-1,-9.942056108422E-1));
#4041=VECTOR('',#4040,4.E-1);
#4042=CARTESIAN_POINT('',(-1.265862192506E1,9.846424200685E0,
-5.195112674253E0));
#4043=LINE('',#4042,#4041);
#4044=DIRECTION('',(-3.267555546955E-3,9.942003033047E-1,1.074945579534E-1));
#4045=VECTOR('',#4044,2.174442796001E0);
#4046=CARTESIAN_POINT('',(-1.284497689023E1,7.491015693955E0,
-5.449783282770E0));
#4047=LINE('',#4046,#4045);
#4048=DIRECTION('',(-1.429079077297E-11,1.074951366489E-1,-9.942056103225E-1));
#4049=VECTOR('',#4048,4.000000000002E-1);
#4050=CARTESIAN_POINT('',(-1.284497689023E1,7.491015693955E0,
-5.449783282770E0));
#4051=LINE('',#4050,#4049);
#4052=DIRECTION('',(-1.901535545453E-5,-1.074843000626E-1,9.942067817504E-1));
#4053=VECTOR('',#4052,4.000000000964E-1);
#4054=CARTESIAN_POINT('',(-1.271483741631E1,7.311635158220E0,
-5.871509462707E0));
#4055=LINE('',#4054,#4053);
#4056=DIRECTION('',(-7.588021943828E-6,-1.074908096572E-1,9.942060781255E-1));
#4057=VECTOR('',#4056,4.000000000152E-1);
#4058=CARTESIAN_POINT('',(-1.186032659989E1,6.824892011396E0,
-5.924136925434E0));
#4059=LINE('',#4058,#4057);
#4060=DIRECTION('',(-2.091372408543E-8,-1.074887833287E-1,9.942062972334E-1));
#4061=VECTOR('',#4060,4.000000000082E-1);
#4062=CARTESIAN_POINT('',(-1.182010537166E1,6.756154098549E0,
-5.931568980656E0));
#4063=LINE('',#4062,#4061);
#4064=DIRECTION('',(-3.267555554564E-3,9.942003033046E-1,1.074945579538E-1));
#4065=VECTOR('',#4064,5.986100191347E-1);
#4066=CARTESIAN_POINT('',(-1.181814938853E1,6.118020322632E0,
-5.598233781148E0));
#4067=LINE('',#4066,#4065);
#4068=DIRECTION('',(-8.553158181714E-12,1.074951338607E-1,-9.942056106240E-1));
#4069=VECTOR('',#4068,3.999999999999E-1);
#4070=CARTESIAN_POINT('',(-1.181814938853E1,6.118020322632E0,
-5.598233781148E0));
#4071=LINE('',#4070,#4069);
#4072=DIRECTION('',(-2.003159904613E-6,-1.074951383190E-1,9.942056101400E-1));
#4073=VECTOR('',#4072,4.000000000008E-1);
#4074=CARTESIAN_POINT('',(-1.162343074613E1,5.968723668975E0,
-6.016707242700E0));
#4075=LINE('',#4074,#4073);
#4076=DIRECTION('',(-9.999946591992E-1,-3.249329977578E-3,-3.513228553054E-4));
#4077=VECTOR('',#4076,9.777899778640E-1);
#4078=CARTESIAN_POINT('',(-7.574335926838E0,5.938882641857E0,
-5.617602439298E0));
#4079=LINE('',#4078,#4077);
#4080=DIRECTION('',(-2.790985664798E-8,-1.074951319040E-1,9.942056108356E-1));
#4081=VECTOR('',#4080,4.000000000006E-1);
#4082=CARTESIAN_POINT('',(-8.552120671357E0,5.978703532331E0,
-6.015628203600E0));
#4083=LINE('',#4082,#4081);
#4084=DIRECTION('',(9.437339798512E-11,-1.074951604158E-1,9.942056077528E-1));
#4085=VECTOR('',#4084,4.000000000005E-1);
#4086=CARTESIAN_POINT('',(-8.746848966927E0,6.170998188005E0,
-5.994836991870E0));
#4087=LINE('',#4086,#4085);
#4088=DIRECTION('',(-3.267496849371E-3,9.942003034954E-1,1.074945579742E-1));
#4089=VECTOR('',#4088,3.558830596690E0);
#4090=CARTESIAN_POINT('',(-8.746848966889E0,6.128000123839E0,
-5.597154748768E0));
#4091=LINE('',#4090,#4089);
#4092=DIRECTION('',(-1.560840345859E-10,-1.074950842313E-1,9.942056159900E-1));
#4093=VECTOR('',#4092,4.000000000003E-1);
#4094=CARTESIAN_POINT('',(-8.758477434589E0,9.709188616849E0,
-5.612282073268E0));
#4095=LINE('',#4094,#4093);
#4096=DIRECTION('',(-2.384485497942E-8,-1.074951318887E-1,9.942056108372E-1));
#4097=VECTOR('',#4096,3.999999999998E-1);
#4098=CARTESIAN_POINT('',(-8.565017494265E0,9.902744675524E0,
-5.591354476588E0));
#4099=LINE('',#4098,#4097);
#4100=DIRECTION('',(9.999946591987E-1,3.249330127156E-3,3.513228720631E-4));
#4101=VECTOR('',#4100,9.777795362015E-1);
#4102=CARTESIAN_POINT('',(-8.565017503803E0,9.859746622768E0,
-5.193672232253E0));
#4103=LINE('',#4102,#4101);
#4104=DIRECTION('',(2.780445207406E-8,-1.074951317182E-1,9.942056108557E-1));
#4105=VECTOR('',#4104,4.000000000001E-1);
#4106=CARTESIAN_POINT('',(-7.587243200849E0,9.905921803960E0,
-5.591010960281E0));
#4107=LINE('',#4106,#4105);
#4108=DIRECTION('',(5.681810577587E-10,-1.074953046943E-1,9.942055921532E-1));
#4109=VECTOR('',#4108,3.999999999998E-1);
#4110=CARTESIAN_POINT('',(-7.392525353828E0,9.713627196090E0,
-5.611802166843E0));
#4111=LINE('',#4110,#4109);
#4112=DIRECTION('',(3.268168344502E-3,-9.942003013137E-1,-1.074945577384E-1));
#4113=VECTOR('',#4112,1.040139853925E0);
#4114=CARTESIAN_POINT('',(-7.392525353601E0,9.670629074212E0,
-5.214119929982E0));
#4115=LINE('',#4114,#4113);
#4116=DIRECTION('',(2.412638977490E-9,-1.074958656904E-1,9.942055314971E-1));
#4117=VECTOR('',#4116,3.999999999999E-1);
#4118=CARTESIAN_POINT('',(-7.389126002422E0,8.679520064307E0,
-5.723611516164E0));
#4119=LINE('',#4118,#4117);
#4120=DIRECTION('',(-3.149147609354E-10,-1.074950358975E-1,9.942056212159E-1));
#4121=VECTOR('',#4120,3.999999999995E-1);
#4122=CARTESIAN_POINT('',(-6.710376747375E0,8.681725246046E0,
-5.723373088319E0));
#4123=LINE('',#4122,#4121);
#4124=DIRECTION('',(-3.267366152297E-3,9.942003039199E-1,1.074945580208E-1));
#4125=VECTOR('',#4124,1.040139846842E0);
#4126=CARTESIAN_POINT('',(-6.710376747501E0,8.638727231687E0,
-5.325690839833E0));
#4127=LINE('',#4126,#4125);
#4128=DIRECTION('',(-4.017297605684E-10,-1.074950094679E-1,9.942056240736E-1));
#4129=VECTOR('',#4128,4.000000000001E-1);
#4130=CARTESIAN_POINT('',(-6.713775265069E0,9.715832587324E0,
-5.611563716347E0));
#4131=LINE('',#4130,#4129);
#4132=DIRECTION('',(8.289242625625E-9,1.074951318451E-1,-9.942056108419E-1));
#4133=VECTOR('',#4132,4.000000000005E-1);
#4134=CARTESIAN_POINT('',(-6.520325764693E0,9.866390592036E0,
-5.192953875462E0));
#4135=LINE('',#4134,#4133);
#4136=CARTESIAN_POINT('',(-7.574335926838E0,5.938882641857E0,
-5.617602439298E0));
#4137=CARTESIAN_POINT('',(-7.566160856855E0,5.938909205711E0,
-5.617599567171E0));
#4138=CARTESIAN_POINT('',(-7.549839538817E0,5.940601969505E0,
-5.617416542790E0));
#4139=CARTESIAN_POINT('',(-7.518402537180E0,5.949332948605E0,
-5.616472535092E0));
#4140=CARTESIAN_POINT('',(-7.465065652894E0,5.976821340298E0,
-5.613500445360E0));
#4141=CARTESIAN_POINT('',(-7.407455233126E0,6.034253655259E0,
-5.607290769816E0));
#4142=CARTESIAN_POINT('',(-7.380769178686E0,6.099937879708E0,
-5.600188884362E0));
#4143=CARTESIAN_POINT('',(-7.380875977019E0,6.132438683912E0,
-5.596674844415E0));
#4145=CARTESIAN_POINT('',(-7.384274495577E0,7.166546033751E0,
-5.484865471517E0));
#4146=CARTESIAN_POINT('',(-7.384451174672E0,7.220303391203E0,
-5.479053138372E0));
#4147=CARTESIAN_POINT('',(-7.348520697720E0,7.327087652862E0,
-5.467507449877E0));
#4148=CARTESIAN_POINT('',(-7.232362533453E0,7.408399138954E0,
-5.458715919413E0));
#4149=CARTESIAN_POINT('',(-7.124868438786E0,7.427523517894E0,
-5.456648160378E0));
#4150=CARTESIAN_POINT('',(-7.039225520549E0,7.428029961091E0,
-5.456593402914E0));
#4151=CARTESIAN_POINT('',(-6.954423156317E0,7.426422844877E0,
-5.456767166939E0));
#4152=CARTESIAN_POINT('',(-6.850612216119E0,7.406177120296E0,
-5.458956167693E0));
#4153=CARTESIAN_POINT('',(-6.740547453655E0,7.324069714944E0,
-5.467833754247E0));
#4154=CARTESIAN_POINT('',(-6.705708810459E0,7.221396195249E0,
-5.478934982617E0));
#4155=CARTESIAN_POINT('',(-6.705535688867E0,7.168751516267E0,
-5.484627011151E0));
#4157=CARTESIAN_POINT('',(-6.702136337431E0,6.134644160996E0,
-5.596436384637E0));
#4158=CARTESIAN_POINT('',(-6.702029462226E0,6.102126120656E0,
-5.599952288183E0));
#4159=CARTESIAN_POINT('',(-6.674891810588E0,6.036602551075E0,
-5.607036803371E0));
#4160=CARTESIAN_POINT('',(-6.616890605405E0,5.979550602978E0,
-5.613205353028E0));
#4161=CARTESIAN_POINT('',(-6.563380563521E0,5.952426080708E0,
-5.616138100606E0));
#4162=CARTESIAN_POINT('',(-6.531902319266E0,5.943908065182E0,
-5.617059082335E0));
#4163=CARTESIAN_POINT('',(-6.515578809156E0,5.942322967977E0,
-5.617230465629E0));
#4164=CARTESIAN_POINT('',(-6.507408053064E0,5.942349516728E0,
-5.617227595134E0));
#4166=CARTESIAN_POINT('',(-5.529633739083E0,5.945526645080E0,
-5.616884078836E0));
#4167=CARTESIAN_POINT('',(-5.521459217716E0,5.945553207484E0,
-5.616881206866E0));
#4168=CARTESIAN_POINT('',(-5.505138997619E0,5.947245912278E0,
-5.616698188864E0));
#4169=CARTESIAN_POINT('',(-5.473704177509E0,5.955976564982E0,
-5.615754216456E0));
#4170=CARTESIAN_POINT('',(-5.420369887624E0,5.983464531429E0,
-5.612782172701E0));
#4171=CARTESIAN_POINT('',(-5.362762393684E0,6.040897690423E0,
-5.606572405900E0));
#4172=CARTESIAN_POINT('',(-5.336077445806E0,6.106581428704E0,
-5.599470573012E0));
#4173=CARTESIAN_POINT('',(-5.336184257365E0,6.139082650443E0,
-5.595956487921E0));
#4175=CARTESIAN_POINT('',(-5.347812724238E0,9.677273109762E0,
-5.213401566024E0));
#4176=CARTESIAN_POINT('',(-5.347919600874E0,9.709791585105E0,
-5.209885615445E0));
#4177=CARTESIAN_POINT('',(-5.375056148047E0,9.775314657459E0,
-5.202801154018E0));
#4178=CARTESIAN_POINT('',(-5.433054420827E0,9.832367458996E0,
-5.196632512085E0));
#4179=CARTESIAN_POINT('',(-5.486561842145E0,9.859491575778E0,
-5.193699808350E0));
#4180=CARTESIAN_POINT('',(-5.518037920933E0,9.868009288894E0,
-5.192778859317E0));
#4181=CARTESIAN_POINT('',(-5.534360346279E0,9.869594335413E0,
-5.192607481503E0));
#4182=CARTESIAN_POINT('',(-5.542530560265E0,9.869567788419E0,
-5.192610351808E0));
#4184=CARTESIAN_POINT('',(-6.520325764693E0,9.866390592036E0,
-5.192953875462E0));
#4185=CARTESIAN_POINT('',(-6.528500287688E0,9.866364029948E0,
-5.192956747398E0));
#4186=CARTESIAN_POINT('',(-6.544820511539E0,9.864671325224E0,
-5.193139765393E0));
#4187=CARTESIAN_POINT('',(-6.576255332251E0,9.855940672009E0,
-5.194083737855E0));
#4188=CARTESIAN_POINT('',(-6.629589622783E0,9.828452705453E0,
-5.197055781623E0));
#4189=CARTESIAN_POINT('',(-6.687197117204E0,9.771019544929E0,
-5.203265548589E0));
#4190=CARTESIAN_POINT('',(-6.713882064860E0,9.705335806489E0,
-5.210367381494E0));
#4191=CARTESIAN_POINT('',(-6.713775265230E0,9.672834583536E0,
-5.213881466717E0));
#4193=CARTESIAN_POINT('',(-6.710376747501E0,8.638727231687E0,
-5.325690839833E0));
#4194=CARTESIAN_POINT('',(-6.710200071227E0,8.584970618985E0,
-5.331503092455E0));
#4195=CARTESIAN_POINT('',(-6.746137333001E0,8.478186848928E0,
-5.343048727797E0));
#4196=CARTESIAN_POINT('',(-6.862301894985E0,8.396885771404E0,
-5.351839132869E0));
#4197=CARTESIAN_POINT('',(-6.969797728527E0,8.377768503740E0,
-5.353906123022E0));
#4198=CARTESIAN_POINT('',(-7.055439748038E0,8.377264804066E0,
-5.353960583853E0));
#4199=CARTESIAN_POINT('',(-7.140240182121E0,8.378869715022E0,
-5.353787058263E0));
#4200=CARTESIAN_POINT('',(-7.244048011109E0,8.399109238142E0,
-5.351598728020E0));
#4201=CARTESIAN_POINT('',(-7.354112948131E0,8.481208694484E0,
-5.342722000926E0));
#4202=CARTESIAN_POINT('',(-7.388952885062E0,8.583878652242E0,
-5.331621157679E0));
#4203=CARTESIAN_POINT('',(-7.389126001457E0,8.636521718031E0,
-5.325929303566E0));
#4205=CARTESIAN_POINT('',(-7.392525353601E0,9.670629074212E0,
-5.214119929982E0));
#4206=CARTESIAN_POINT('',(-7.392632230664E0,9.703147549122E0,
-5.210603979449E0));
#4207=CARTESIAN_POINT('',(-7.419768777758E0,9.768670620273E0,
-5.203519518153E0));
#4208=CARTESIAN_POINT('',(-7.477767050217E0,9.825723421937E0,
-5.197350876206E0));
#4209=CARTESIAN_POINT('',(-7.531274471606E0,9.852847538676E0,
-5.194418172476E0));
#4210=CARTESIAN_POINT('',(-7.562750550395E0,9.861365251763E0,
-5.193497223447E0));
#4211=CARTESIAN_POINT('',(-7.579072975743E0,9.862950298267E0,
-5.193325845634E0));
#4212=CARTESIAN_POINT('',(-7.587243189728E0,9.862923751273E0,
-5.193328715939E0));
#4214=CARTESIAN_POINT('',(-8.565017503803E0,9.859746622768E0,
-5.193672232253E0));
#4215=CARTESIAN_POINT('',(-8.573192572175E0,9.859720058588E0,
-5.193675104416E0));
#4216=CARTESIAN_POINT('',(-8.589513886481E0,9.858027294687E0,
-5.193858128810E0));
#4217=CARTESIAN_POINT('',(-8.620950887554E0,9.849296315983E0,
-5.194802136464E0));
#4218=CARTESIAN_POINT('',(-8.674287771139E0,9.821807924182E0,
-5.197774226208E0));
#4219=CARTESIAN_POINT('',(-8.731898190629E0,9.764375610654E0,
-5.203983901597E0));
#4220=CARTESIAN_POINT('',(-8.758584244858E0,9.698691386151E0,
-5.211085787056E0));
#4221=CARTESIAN_POINT('',(-8.758477434651E0,9.666190583157E0,
-5.214599826872E0));
#4223=CARTESIAN_POINT('',(-8.746848966889E0,6.128000123839E0,
-5.597154748768E0));
#4224=CARTESIAN_POINT('',(-8.746742091684E0,6.095482083499E0,
-5.600670652314E0));
#4225=CARTESIAN_POINT('',(-8.719604440042E0,6.029958513937E0,
-5.607755167500E0));
#4226=CARTESIAN_POINT('',(-8.661603234790E0,5.972906565883E0,
-5.613923717152E0));
#4227=CARTESIAN_POINT('',(-8.608093192952E0,5.945782043563E0,
-5.616856464736E0));
#4228=CARTESIAN_POINT('',(-8.576614948720E0,5.937264028018E0,
-5.617777446466E0));
#4229=CARTESIAN_POINT('',(-8.560291438609E0,5.935678930819E0,
-5.617948829760E0));
#4230=CARTESIAN_POINT('',(-8.552120682521E0,5.935705479570E0,
-5.617945959265E0));
#4232=DIRECTION('',(4.004330200753E-10,-1.074952536561E-1,9.942055976715E-1));
#4233=VECTOR('',#4232,4.000000000004E-1);
#4234=CARTESIAN_POINT('',(-7.380875977180E0,6.175436785374E0,
-5.994357083484E0));
#4235=LINE('',#4234,#4233);
#4236=DIRECTION('',(-7.934226609047E-9,1.074951317876E-1,-9.942056108482E-1));
#4237=VECTOR('',#4236,4.000000000003E-1);
#4238=CARTESIAN_POINT('',(-7.574335926838E0,5.938882641857E0,
-5.617602439298E0));
#4239=LINE('',#4238,#4237);
#4240=DIRECTION('',(3.309263973956E-10,-1.074952325615E-1,9.942055999523E-1));
#4241=VECTOR('',#4240,4.000000000005E-1);
#4242=CARTESIAN_POINT('',(-7.384274495709E0,7.209544126776E0,
-5.882547711499E0));
#4243=LINE('',#4242,#4241);
#4244=DIRECTION('',(3.267366954863E-3,-9.942003039173E-1,-1.074945580200E-1));
#4245=VECTOR('',#4244,1.040139844823E0);
#4246=CARTESIAN_POINT('',(-7.384274495577E0,7.166546033751E0,
-5.484865471517E0));
#4247=LINE('',#4246,#4245);
#4248=DIRECTION('',(-2.410753818789E-9,-1.074943986525E-1,9.942056901156E-1));
#4249=VECTOR('',#4248,4.000000000008E-1);
#4250=CARTESIAN_POINT('',(-6.705535687903E0,7.211749275728E0,
-5.882309287198E0));
#4251=LINE('',#4250,#4249);
#4252=DIRECTION('',(-5.851608086964E-10,-1.074949538932E-1,9.942056300824E-1));
#4253=VECTOR('',#4252,4.000000000004E-1);
#4254=CARTESIAN_POINT('',(-6.702136337197E0,6.177642142554E0,
-5.994118636670E0));
#4255=LINE('',#4254,#4253);
#4256=DIRECTION('',(-3.268167665908E-3,9.942003013159E-1,1.074945577388E-1));
#4257=VECTOR('',#4256,1.040139853007E0);
#4258=CARTESIAN_POINT('',(-6.702136337431E0,6.134644160996E0,
-5.596436384637E0));
#4259=LINE('',#4258,#4257);
#4260=DIRECTION('',(-2.791735065343E-8,-1.074951319039E-1,9.942056108356E-1));
#4261=VECTOR('',#4260,4.000000000001E-1);
#4262=CARTESIAN_POINT('',(-6.507408041897E0,5.985347569489E0,
-6.014909839469E0));
#4263=LINE('',#4262,#4261);
#4264=DIRECTION('',(2.390711850706E-8,-1.074951317356E-1,9.942056108538E-1));
#4265=VECTOR('',#4264,4.000000000004E-1);
#4266=CARTESIAN_POINT('',(-5.529633748646E0,5.988524697775E0,
-6.014566323178E0));
#4267=LINE('',#4266,#4265);
#4268=DIRECTION('',(-9.999946591992E-1,-3.249329971941E-3,-3.513228552572E-4));
#4269=VECTOR('',#4268,9.777795361063E-1);
#4270=CARTESIAN_POINT('',(-5.529633739083E0,5.945526645080E0,
-5.616884078836E0));
#4271=LINE('',#4270,#4269);
#4272=DIRECTION('',(1.569566698833E-10,-1.074951795430E-1,9.942056056848E-1));
#4273=VECTOR('',#4272,4.E-1);
#4274=CARTESIAN_POINT('',(-5.336184257428E0,6.182080722260E0,
-5.993638730195E0));
#4275=LINE('',#4274,#4273);
#4276=DIRECTION('',(-9.401368572522E-11,-1.074951031213E-1,9.942056139476E-1));
#4277=VECTOR('',#4276,4.000000000002E-1);
#4278=CARTESIAN_POINT('',(-5.347812724200E0,9.720271151010E0,
-5.611083811603E0));
#4279=LINE('',#4278,#4277);
#4280=DIRECTION('',(3.267496599588E-3,-9.942003034962E-1,-1.074945579744E-1));
#4281=VECTOR('',#4280,3.558830596688E0);
#4282=CARTESIAN_POINT('',(-5.347812724238E0,9.677273109762E0,
-5.213401566024E0));
#4283=LINE('',#4282,#4281);
#4284=DIRECTION('',(2.780132124507E-8,-1.074951317256E-1,9.942056108549E-1));
#4285=VECTOR('',#4284,4.000000000010E-1);
#4286=CARTESIAN_POINT('',(-5.542530571385E0,9.912565841109E0,
-5.590292596151E0));
#4287=LINE('',#4286,#4285);
#4288=DIRECTION('',(9.999946591987E-1,3.249330125734E-3,3.513228720848E-4));
#4289=VECTOR('',#4288,9.778004266664E-1);
#4290=CARTESIAN_POINT('',(-6.520325764693E0,9.866390592036E0,
-5.192953875462E0));
#4291=LINE('',#4290,#4289);
#4292=DIRECTION('',(-1.264988114257E-11,1.074951355428E-1,-9.942056104421E-1));
#4293=VECTOR('',#4292,4.000000000002E-1);
#4294=CARTESIAN_POINT('',(-4.657727063753E0,7.517623209656E0,
-5.446906434786E0));
#4295=LINE('',#4294,#4293);
#4296=DIRECTION('',(-1.902358364376E-5,-1.074842954148E-1,9.942067822527E-1));
#4297=VECTOR('',#4296,4.000000000967E-1);
#4298=CARTESIAN_POINT('',(-4.527594558394E0,7.338275264523E0,
-5.868629090974E0));
#4299=LINE('',#4298,#4297);
#4300=DIRECTION('',(-3.267555549141E-3,9.942003033047E-1,1.074945579538E-1));
#4301=VECTOR('',#4300,1.630400305453E0);
#4302=CARTESIAN_POINT('',(-4.657727063753E0,7.517623209656E0,
-5.446906434786E0));
#4303=LINE('',#4302,#4301);
#4304=CARTESIAN_POINT('',(-4.657727063753E0,7.517623209656E0,
-5.446906434786E0));
#4305=CARTESIAN_POINT('',(-4.657630213201E0,7.488155113896E0,
-5.450092573351E0));
#4306=CARTESIAN_POINT('',(-4.644347332700E0,7.428263204057E0,
-5.456568184304E0));
#4307=CARTESIAN_POINT('',(-4.599140598176E0,7.351019575618E0,
-5.464919891365E0));
#4308=CARTESIAN_POINT('',(-4.553326500274E0,7.309935947570E0,
-5.469361920221E0));
#4309=CARTESIAN_POINT('',(-4.527602167827E0,7.295281546347E0,
-5.470946377977E0));
#4311=DIRECTION('',(8.676798037924E-1,-4.942429568222E-1,-5.343835441336E-2));
#4312=VECTOR('',#4311,8.924047478089E-1);
#4313=CARTESIAN_POINT('',(-4.527602167827E0,7.295281546347E0,
-5.470946377977E0));
#4314=LINE('',#4313,#4312);
#4315=CARTESIAN_POINT('',(-3.753280591345E0,6.854216785107E0,
-5.518635019170E0));
#4316=CARTESIAN_POINT('',(-3.727251488737E0,6.839389803778E0,
-5.520238136568E0));
#4317=CARTESIAN_POINT('',(-3.672133623476E0,6.814400022682E0,
-5.522940072450E0));
#4318=CARTESIAN_POINT('',(-3.599185105279E0,6.795236489938E0,
-5.525012064858E0));
#4319=CARTESIAN_POINT('',(-3.539321382897E0,6.787397789690E0,
-5.525859597910E0));
#4320=CARTESIAN_POINT('',(-3.509282849137E0,6.786112661797E0,
-5.525998548035E0));
#4321=CARTESIAN_POINT('',(-3.494263275470E0,6.786161601217E0,
-5.525993256624E0));
#4323=CARTESIAN_POINT('',(-2.690329658490E0,6.709244059060E0,
-5.534309706706E0));
#4324=DIRECTION('',(-1.423216789987E-14,1.074951318136E-1,-9.942056108454E-1));
#4325=DIRECTION('',(-3.342028859962E-3,9.942000586106E-1,1.074945314969E-1));
#4326=AXIS2_PLACEMENT_3D('',#4323,#4324,#4325);
#4328=CARTESIAN_POINT('',(-2.608491565885E0,6.147950642258E0,
-5.594997666185E0));
#4329=CARTESIAN_POINT('',(-2.608387719131E0,6.115427215275E0,
-5.598514152144E0));
#4330=CARTESIAN_POINT('',(-2.581249995642E0,6.049899223612E0,
-5.605599145453E0));
#4331=CARTESIAN_POINT('',(-2.523247472623E0,5.992841581101E0,
-5.611768310801E0));
#4332=CARTESIAN_POINT('',(-2.469738565472E0,5.965716804090E0,
-5.614701085921E0));
#4333=CARTESIAN_POINT('',(-2.438261615237E0,5.957198830705E0,
-5.615622063093E0));
#4334=CARTESIAN_POINT('',(-2.421938740626E0,5.955613780442E0,
-5.615793441312E0));
#4335=CARTESIAN_POINT('',(-2.413768299112E0,5.955640275697E0,
-5.615790576602E0));
#4337=CARTESIAN_POINT('',(-1.435993698695E0,5.958817431587E0,
-5.615447057326E0));
#4338=CARTESIAN_POINT('',(-1.427818951450E0,5.958843994780E0,
-5.615444185270E0));
#4339=CARTESIAN_POINT('',(-1.411498277534E0,5.960536746262E0,
-5.615261162219E0));
#4340=CARTESIAN_POINT('',(-1.380062588936E0,5.969267639629E0,
-5.614317163792E0));
#4341=CARTESIAN_POINT('',(-1.326726813229E0,5.996756368505E0,
-5.611345037602E0));
#4342=CARTESIAN_POINT('',(-1.269117719445E0,6.054191119188E0,
-5.605135098704E0));
#4343=CARTESIAN_POINT('',(-1.242432033175E0,6.119876680155E0,
-5.598033068745E0));
#4344=CARTESIAN_POINT('',(-1.242538846599E0,6.152378797060E0,
-5.594518886867E0));
#4346=CARTESIAN_POINT('',(-1.252389520915E0,9.149650219134E0,
-5.270449013310E0));
#4347=CARTESIAN_POINT('',(-1.252487653379E0,9.179508267208E0,
-5.267220712465E0));
#4348=CARTESIAN_POINT('',(-1.266139433502E0,9.240164817908E0,
-5.260662427295E0));
#4349=CARTESIAN_POINT('',(-1.312283315738E0,9.318084390980E0,
-5.252237635997E0));
#4350=CARTESIAN_POINT('',(-1.359098586438E0,9.359199931440E0,
-5.247792156719E0));
#4351=CARTESIAN_POINT('',(-1.385101981961E0,9.373964686228E0,
-5.246195767356E0));
#4353=DIRECTION('',(-8.679105237574E-1,4.938423758049E-1,5.339504293932E-2));
#4354=VECTOR('',#4353,8.891620458670E-1);
#4355=CARTESIAN_POINT('',(-1.385101981961E0,9.373964686228E0,
-5.246195767356E0));
#4356=LINE('',#4355,#4354);
#4357=CARTESIAN_POINT('',(-2.156815078895E0,9.813070583434E0,
-5.198718921737E0));
#4358=CARTESIAN_POINT('',(-2.182864149454E0,9.827908190939E0,
-5.197114655418E0));
#4359=CARTESIAN_POINT('',(-2.238002262599E0,9.852912213804E0,
-5.194411179695E0));
#4360=CARTESIAN_POINT('',(-2.310962221524E0,9.872096379413E0,
-5.192336956427E0));
#4361=CARTESIAN_POINT('',(-2.370806516522E0,9.879938102543E0,
-5.191489096535E0));
#4362=CARTESIAN_POINT('',(-2.400826135367E0,9.881223455348E0,
-5.191350122094E0));
#4363=CARTESIAN_POINT('',(-2.415834526266E0,9.881174687826E0,
-5.191355394918E0));
#4365=CARTESIAN_POINT('',(-3.504426961446E0,9.877637446976E0,
-5.191737847166E0));
#4366=CARTESIAN_POINT('',(-3.519432641723E0,9.877588687895E0,
-5.191743119078E0));
#4367=CARTESIAN_POINT('',(-3.549437624411E0,9.876107026459E0,
-5.191903318728E0));
#4368=CARTESIAN_POINT('',(-3.609222483183E0,9.867872659779E0,
-5.192793631881E0));
#4369=CARTESIAN_POINT('',(-3.682055388698E0,9.848212454623E0,
-5.194919325320E0));
#4370=CARTESIAN_POINT('',(-3.737030254424E0,9.822846341071E0,
-5.197661950881E0));
#4371=CARTESIAN_POINT('',(-3.762985871811E0,9.807838889817E0,
-5.199284580981E0));
#4373=DIRECTION('',(-8.644427996019E-1,-4.998181666982E-1,-5.404115519564E-2));
#4374=VECTOR('',#4373,8.923722184594E-1);
#4375=CARTESIAN_POINT('',(-3.762985871811E0,9.807838889817E0,
-5.199284580981E0));
#4376=LINE('',#4375,#4374);
#4377=CARTESIAN_POINT('',(-4.534390610623E0,9.361815043574E0,
-5.247509406531E0));
#4378=CARTESIAN_POINT('',(-4.560020189748E0,9.346996836240E0,
-5.249111575273E0));
#4379=CARTESIAN_POINT('',(-4.605565859377E0,9.305607587134E0,
-5.253586648374E0));
#4380=CARTESIAN_POINT('',(-4.650263652736E0,9.228047615219E0,
-5.261972559008E0));
#4381=CARTESIAN_POINT('',(-4.663150116336E0,9.168049633118E0,
-5.268459638667E0));
#4382=CARTESIAN_POINT('',(-4.663054487318E0,9.138567687845E0,
-5.271647274664E0));
#4384=CARTESIAN_POINT('',(-2.577516055723E0,8.334972717705E0,
-5.358533273191E0));
#4385=CARTESIAN_POINT('',(-2.577149675460E0,8.269967001327E0,
-5.365561797246E0));
#4386=CARTESIAN_POINT('',(-2.613717313200E0,8.139164249504E0,
-5.379704404062E0));
#4387=CARTESIAN_POINT('',(-2.730600974344E0,8.017876639769E0,
-5.392818218200E0));
#4388=CARTESIAN_POINT('',(-2.839065208082E0,7.973323773728E0,
-5.397635346726E0));
#4389=CARTESIAN_POINT('',(-2.903057690747E0,7.960540184813E0,
-5.399017529204E0));
#4390=CARTESIAN_POINT('',(-2.951871007876E0,7.957026691532E0,
-5.399397413826E0));
#4391=CARTESIAN_POINT('',(-3.000698660729E0,7.959722162227E0,
-5.399105975140E0));
#4392=CARTESIAN_POINT('',(-3.064748880231E0,7.971392486421E0,
-5.397844160659E0));
#4393=CARTESIAN_POINT('',(-3.173965853992E0,8.014059897444E0,
-5.393230890604E0));
#4394=CARTESIAN_POINT('',(-3.293965346834E0,8.134209077314E0,
-5.380240165360E0));
#4395=CARTESIAN_POINT('',(-3.332312564215E0,8.266038033846E0,
-5.365986603616E0));
#4396=CARTESIAN_POINT('',(-3.332550352003E0,8.332222585440E0,
-5.358830621976E0));
#4398=CARTESIAN_POINT('',(-2.955034827190E0,8.334011453588E0,
-5.358637206635E0));
#4399=DIRECTION('',(6.686512817873E-14,1.074951318138E-1,-9.942056108453E-1));
#4400=DIRECTION('',(-9.999886421216E-1,-4.738474873802E-3,-5.123316300628E-4));
#4401=AXIS2_PLACEMENT_3D('',#4398,#4399,#4400);
#4403=DIRECTION('',(1.310902698021E-5,1.074876646610E-1,-9.942064180913E-1));
#4404=VECTOR('',#4403,4.000000000457E-1);
#4405=CARTESIAN_POINT('',(-3.753280591345E0,6.854216785107E0,
-5.518635019170E0));
#4406=LINE('',#4405,#4404);
#4407=DIRECTION('',(7.651078906868E-6,-1.074951069248E-1,9.942056135069E-1));
#4408=VECTOR('',#4407,4.000000000121E-1);
#4409=CARTESIAN_POINT('',(-3.494266335901E0,6.829159643988E0,
-5.923675502039E0));
#4410=LINE('',#4409,#4408);
#4411=DIRECTION('',(-1.609317121578E-5,-1.074951844746E-1,9.942056050213E-1));
#4412=VECTOR('',#4411,4.000000000518E-1);
#4413=CARTESIAN_POINT('',(-2.690591098911E0,6.831771085993E0,
-5.923393148671E0));
#4414=LINE('',#4413,#4412);
#4415=DIRECTION('',(-9.999946591098E-1,-3.249357171796E-3,-3.513257953640E-4));
#4416=VECTOR('',#4415,8.036700316035E-1);
#4417=CARTESIAN_POINT('',(-2.690597536180E0,6.788773012198E0,
-5.525710906611E0));
#4418=LINE('',#4417,#4416);
#4419=DIRECTION('',(-5.738577390184E-8,-1.074777865542E-1,9.942074860900E-1));
#4420=VECTOR('',#4419,4.000000000608E-1);
#4421=CARTESIAN_POINT('',(-2.610337176519E0,6.752501978514E0,
-5.931963853830E0));
#4422=LINE('',#4421,#4420);
#4423=DIRECTION('',(-8.424526629008E-8,-1.074693022639E-1,9.942084032389E-1));
#4424=VECTOR('',#4423,4.000000001352E-1);
#4425=CARTESIAN_POINT('',(-2.608491532187E0,6.190938363178E0,
-5.992681027615E0));
#4426=LINE('',#4425,#4424);
#4427=DIRECTION('',(-3.267556003257E-3,9.942003033032E-1,1.074945579529E-1));
#4428=VECTOR('',#4427,5.648360996893E-1);
#4429=CARTESIAN_POINT('',(-2.608491565885E0,6.147950642258E0,
-5.594997666185E0));
#4430=LINE('',#4429,#4428);
#4431=DIRECTION('',(-2.003349364170E-6,-1.074951383196E-1,9.942056101399E-1));
#4432=VECTOR('',#4431,4.000000000014E-1);
#4433=CARTESIAN_POINT('',(-2.413767497772E0,5.998638331025E0,
-6.013472820659E0));
#4434=LINE('',#4433,#4432);
#4435=DIRECTION('',(-9.999946591098E-1,-3.249357183056E-3,-3.513257972201E-4));
#4436=VECTOR('',#4435,9.777798226317E-1);
#4437=CARTESIAN_POINT('',(-1.435993698695E0,5.958817431587E0,
-5.615447057326E0));
#4438=LINE('',#4437,#4436);
#4439=DIRECTION('',(-1.327331466958E-8,1.074951317704E-1,-9.942056108500E-1));
#4440=VECTOR('',#4439,4.000000000008E-1);
#4441=CARTESIAN_POINT('',(-1.435993698695E0,5.958817431587E0,
-5.615447057326E0));
#4442=LINE('',#4441,#4440);
#4443=DIRECTION('',(1.792499482175E-10,-1.074951863288E-1,9.942056049511E-1));
#4444=VECTOR('',#4443,4.000000000006E-1);
#4445=CARTESIAN_POINT('',(-1.242538846670E0,6.195376871592E0,
-5.992201128848E0));
#4446=LINE('',#4445,#4444);
#4447=DIRECTION('',(-1.519889769597E-10,-1.074950855917E-1,9.942056158429E-1));
#4448=VECTOR('',#4447,4.E-1);
#4449=CARTESIAN_POINT('',(-1.252389520854E0,9.192648253370E0,
-5.668131259647E0));
#4450=LINE('',#4449,#4448);
#4451=DIRECTION('',(3.267486328585E-3,-9.942003035296E-1,-1.074945579777E-1));
#4452=VECTOR('',#4451,3.014756092341E0);
#4453=CARTESIAN_POINT('',(-1.252389520915E0,9.149650219134E0,
-5.270449013310E0));
#4454=LINE('',#4453,#4452);
#4455=DIRECTION('',(-4.273531501694E-4,-1.072520825006E-1,9.942317678331E-1));
#4456=VECTOR('',#4455,4.000000484783E-1);
#4457=CARTESIAN_POINT('',(-1.384931040680E0,9.416865524427E0,
-5.643888522688E0));
#4458=LINE('',#4457,#4456);
#4459=DIRECTION('',(4.797431356310E-4,-1.077681619786E-1,9.941759366985E-1));
#4460=VECTOR('',#4459,4.000000611160E-1);
#4461=CARTESIAN_POINT('',(-2.157006976178E0,9.856177854812E0,
-5.596389357176E0));
#4462=LINE('',#4461,#4460);
#4463=DIRECTION('',(2.026391610064E-8,-1.074951317464E-1,9.942056108526E-1));
#4464=VECTOR('',#4463,4.000000000005E-1);
#4465=CARTESIAN_POINT('',(-2.415834534372E0,9.924172740525E0,
-5.589037639259E0));
#4466=LINE('',#4465,#4464);
#4467=DIRECTION('',(9.999946591209E-1,3.249353792629E-3,3.513254303343E-4));
#4468=VECTOR('',#4467,1.088598249251E0);
#4469=CARTESIAN_POINT('',(-3.504426961446E0,9.877637446976E0,
-5.191737847166E0));
#4470=LINE('',#4469,#4468);
#4471=DIRECTION('',(2.320657999098E-7,-1.074949976318E-1,9.942056253533E-1));
#4472=VECTOR('',#4471,4.000000000003E-1);
#4473=CARTESIAN_POINT('',(-3.762985964637E0,9.850836888870E0,
-5.596966831123E0));
#4474=LINE('',#4473,#4472);
#4475=DIRECTION('',(4.548412757536E-9,1.074951318277E-1,-9.942056108438E-1));
#4476=VECTOR('',#4475,4.000000000006E-1);
#4477=CARTESIAN_POINT('',(-3.504426961446E0,9.877637446976E0,
-5.191737847166E0));
#4478=LINE('',#4477,#4476);
#4479=DIRECTION('',(8.637053902756E-6,-1.074901379550E-1,9.942061507393E-1));
#4480=VECTOR('',#4479,4.000000000203E-1);
#4481=CARTESIAN_POINT('',(-4.534394065444E0,9.404811098758E0,
-5.645191866847E0));
#4482=LINE('',#4481,#4480);
#4483=DIRECTION('',(-7.148951651150E-8,-1.074733086884E-1,9.942079701549E-1));
#4484=VECTOR('',#4483,4.000000000968E-1);
#4485=CARTESIAN_POINT('',(-4.663054458722E0,9.181557011331E0,
-5.669330462822E0));
#4486=LINE('',#4485,#4484);
#4487=DIRECTION('',(4.235798058336E-7,1.071084437443E-1,-9.942473441144E-1));
#4488=VECTOR('',#4487,4.000000302545E-1);
#4489=CARTESIAN_POINT('',(-2.577516055723E0,8.334972717705E0,
-5.358533273191E0));
#4490=LINE('',#4489,#4488);
#4491=DIRECTION('',(4.307665335535E-13,-1.074951318112E-1,9.942056108456E-1));
#4492=VECTOR('',#4491,4.000000000009E-1);
#4493=CARTESIAN_POINT('',(-3.332550352003E0,8.375220638165E0,
-5.756512866315E0));
#4494=LINE('',#4493,#4492);
#4495=CARTESIAN_POINT('',(-2.955034827190E0,8.377009506314E0,
-5.756319450974E0));
#4496=DIRECTION('',(6.686512817873E-14,1.074951318138E-1,-9.942056108453E-1));
#4497=DIRECTION('',(-9.999886421215E-1,-4.738474881909E-3,-5.123316309404E-4));
#4498=AXIS2_PLACEMENT_3D('',#4495,#4496,#4497);
#4500=CARTESIAN_POINT('',(-3.332550352003E0,8.375220638165E0,
-5.756512866315E0));
#4501=CARTESIAN_POINT('',(-3.332312564215E0,8.309036086572E0,
-5.763668847955E0));
#4502=CARTESIAN_POINT('',(-3.293965346826E0,8.177207130018E0,
-5.777922409702E0));
#4503=CARTESIAN_POINT('',(-3.173965854011E0,8.057057950220E0,
-5.790913134938E0));
#4504=CARTESIAN_POINT('',(-3.064748880205E0,8.014390539080E0,
-5.795526405005E0));
#4505=CARTESIAN_POINT('',(-3.000698660774E0,8.002720215070E0,
-5.796788219466E0));
#4506=CARTESIAN_POINT('',(-2.951871007703E0,8.000024743810E0,
-5.797079658214E0));
#4507=CARTESIAN_POINT('',(-2.903057691396E0,8.003538239220E0,
-5.796699773361E0));
#4508=CARTESIAN_POINT('',(-2.839065204637E0,8.016321817530E0,
-5.795317592030E0));
#4509=CARTESIAN_POINT('',(-2.730601015316E0,8.060874798630E0,
-5.790500451064E0));
#4510=CARTESIAN_POINT('',(-2.613754389667E0,8.182122641532E0,
-5.777390936581E0));
#4511=CARTESIAN_POINT('',(-2.577179491207E0,8.312862607670E0,
-5.763255118254E0));
#4512=CARTESIAN_POINT('',(-2.577515886291E0,8.377816098444E0,
-5.756232240917E0));
#4514=DIRECTION('',(1.121203130339E-10,1.074950976433E-1,-9.942056145399E-1));
#4515=VECTOR('',#4514,3.999999999999E-1);
#4516=CARTESIAN_POINT('',(1.720235511301E0,7.285978924639E0,-5.471952192606E0));
#4517=LINE('',#4516,#4515);
#4518=DIRECTION('',(4.302533442355E-5,-1.075195310469E-1,9.942029715266E-1));
#4519=VECTOR('',#4518,4.000000004905E-1);
#4520=CARTESIAN_POINT('',(1.598532013433E0,7.536481671443E0,-5.847198691059E0));
#4521=LINE('',#4520,#4519);
#4522=DIRECTION('',(3.267495851422E-3,-9.942003034986E-1,-1.074945579743E-1));
#4523=VECTOR('',#4522,1.017178596530E0);
#4524=CARTESIAN_POINT('',(1.720235511301E0,7.285978924639E0,-5.471952192606E0));
#4525=LINE('',#4524,#4523);
#4526=DIRECTION('',(1.788147407921E-10,-1.074951861219E-1,9.942056049734E-1));
#4527=VECTOR('',#4526,4.000000000002E-1);
#4528=CARTESIAN_POINT('',(1.723559138074E0,6.317697729705E0,-5.978975598210E0));
#4529=LINE('',#4528,#4527);
#4530=DIRECTION('',(1.877765293255E-7,-1.074952387667E-1,9.942055992814E-1));
#4531=VECTOR('',#4530,4.000000000004E-1);
#4532=CARTESIAN_POINT('',(1.452684663076E0,6.161065954560E0,-5.995910881145E0));
#4533=LINE('',#4532,#4531);
#4534=DIRECTION('',(-4.339003645268E-7,-1.074948846716E-1,9.942056375666E-1));
#4535=VECTOR('',#4534,4.000000000002E-1);
#4536=CARTESIAN_POINT('',(-4.423571594981E-1,7.240443953194E0,
-5.879206771880E0));
#4537=LINE('',#4536,#4535);
#4538=DIRECTION('',(1.648419734046E-9,-1.074956334689E-1,9.942055566054E-1));
#4539=VECTOR('',#4538,4.E-1);
#4540=CARTESIAN_POINT('',(-5.636568267127E-1,7.447717962677E0,
-5.856795967991E0));
#4541=LINE('',#4540,#4539);
#4542=DIRECTION('',(-3.266519573479E-3,9.942003066697E-1,1.074945583173E-1));
#4543=VECTOR('',#4542,1.045457909583E0);
#4544=CARTESIAN_POINT('',(-5.636568260533E-1,7.404719709290E0,
-5.459113745348E0));
#4545=LINE('',#4544,#4543);
#4546=DIRECTION('',(-3.249143731843E-9,-1.074941427332E-1,9.942057177858E-1));
#4547=VECTOR('',#4546,4.E-1);
#4548=CARTESIAN_POINT('',(-5.670718334785E-1,8.487111940701E0,
-5.744414996233E0));
#4549=LINE('',#4548,#4547);
#4550=DIRECTION('',(7.218885073043E-9,1.074951359887E-1,-9.942056103939E-1));
#4551=VECTOR('',#4550,4.000000000002E-1);
#4552=CARTESIAN_POINT('',(-4.471390238980E-1,8.652172820359E0,
-5.324237080861E0));
#4553=LINE('',#4552,#4551);
#4554=CARTESIAN_POINT('',(1.720235511301E0,7.285978924639E0,-5.471952192606E0));
#4555=CARTESIAN_POINT('',(1.720145065072E0,7.313498398515E0,-5.468976742216E0));
#4556=CARTESIAN_POINT('',(1.707711601408E0,7.369429994410E0,-5.462929326866E0));
#4557=CARTESIAN_POINT('',(1.665432980694E0,7.441523227273E0,-5.455134488972E0));
#4558=CARTESIAN_POINT('',(1.622594832980E0,7.479835301439E0,-5.450992125040E0));
#4559=CARTESIAN_POINT('',(1.598549223567E0,7.493473858972E0,-5.449517501961E0));
#4561=DIRECTION('',(-8.686412675912E-1,4.925707876901E-1,5.325755675919E-2));
#4562=VECTOR('',#4561,6.740423787944E-1);
#4563=CARTESIAN_POINT('',(1.598549223567E0,7.493473858972E0,-5.449517501961E0));
#4564=LINE('',#4563,#4562);
#4565=CARTESIAN_POINT('',(1.013048197241E0,7.825487444431E0,-5.413619651714E0));
#4566=CARTESIAN_POINT('',(9.967766168095E-1,7.834711771757E0,
-5.412622302402E0));
#4567=CARTESIAN_POINT('',(9.729564865152E-1,7.870317700085E0,
-5.408772531370E0));
#4568=CARTESIAN_POINT('',(9.642863431169E-1,7.929152969217E0,
-5.402411166134E0));
#4569=CARTESIAN_POINT('',(9.724278462771E-1,7.988118486960E0,
-5.396035718206E0));
#4570=CARTESIAN_POINT('',(9.959531804904E-1,8.024105076667E0,
-5.392144789447E0));
#4571=CARTESIAN_POINT('',(1.012249420734E0,8.033488180247E0,-5.391130272988E0));
#4573=DIRECTION('',(8.653535741358E-1,4.982579151128E-1,5.387245824992E-2));
#4574=VECTOR('',#4573,6.741997365034E-1);
#4575=CARTESIAN_POINT('',(1.012249420734E0,8.033488180247E0,-5.391130272988E0));
#4576=LINE('',#4575,#4574);
#4577=CARTESIAN_POINT('',(1.595670572398E0,8.369413535326E0,-5.354809475831E0));
#4578=CARTESIAN_POINT('',(1.619626683727E0,8.383207138999E0,-5.353318088909E0));
#4579=CARTESIAN_POINT('',(1.662210802717E0,8.421798178871E0,-5.349145562751E0));
#4580=CARTESIAN_POINT('',(1.704015713004E0,8.494163882498E0,-5.341321264875E0));
#4581=CARTESIAN_POINT('',(1.716079406901E0,8.550175314548E0,-5.335265217508E0));
#4582=CARTESIAN_POINT('',(1.715989050706E0,8.577694607060E0,-5.332289786728E0));
#4584=CARTESIAN_POINT('',(1.712666448323E0,9.588974085914E0,-5.222948600464E0));
#4585=CARTESIAN_POINT('',(1.712526045907E0,9.631693296339E0,-5.218329729774E0));
#4586=CARTESIAN_POINT('',(1.678493663053E0,9.716410645589E0,-5.209169951831E0));
#4587=CARTESIAN_POINT('',(1.582522639214E0,9.768677543720E0,-5.203518769579E0));
#4588=CARTESIAN_POINT('',(1.498400163422E0,9.768002360902E0,-5.203591771446E0));
#4589=CARTESIAN_POINT('',(1.458674745390E0,9.754196502043E0,-5.205084483418E0));
#4590=CARTESIAN_POINT('',(1.440768221107E0,9.743842178991E0,-5.206204009710E0));
#4592=DIRECTION('',(-8.644253467249E-1,-4.998480017177E-1,-5.404438100663E-2));
#4593=VECTOR('',#4592,2.184002646565E0);
#4594=CARTESIAN_POINT('',(1.440768221107E0,9.743842178991E0,-5.206204009710E0));
#4595=LINE('',#4594,#4593);
#4596=CARTESIAN_POINT('',(-4.471390238980E-1,8.652172820359E0,
-5.324237080861E0));
#4597=CARTESIAN_POINT('',(-4.710288400397E-1,8.638358698198E0,
-5.325730686273E0));
#4598=CARTESIAN_POINT('',(-5.134823762054E-1,8.599782324764E0,
-5.329901626674E0));
#4599=CARTESIAN_POINT('',(-5.551492212522E-1,8.527500986012E0,
-5.337716802884E0));
#4600=CARTESIAN_POINT('',(-5.671620405485E-1,8.471586884871E0,
-5.343762326672E0));
#4601=CARTESIAN_POINT('',(-5.670718347782E-1,8.444114283608E0,
-5.346732709118E0));
#4603=CARTESIAN_POINT('',(-5.636568260533E-1,7.404719709290E0,
-5.459113745348E0));
#4604=CARTESIAN_POINT('',(-5.635665332830E-1,7.377246968874E0,
-5.462084142838E0));
#4605=CARTESIAN_POINT('',(-5.511846016978E-1,7.321412456814E0,
-5.468121061328E0));
#4606=CARTESIAN_POINT('',(-5.090446877192E-1,7.249402773033E0,
-5.475906865759E0));
#4607=CARTESIAN_POINT('',(-4.663372968986E-1,7.211104541358E0,
-5.480047733017E0));
#4608=CARTESIAN_POINT('',(-4.423573330582E-1,7.197445999326E0,
-5.481524516854E0));
#4610=DIRECTION('',(8.676927581560E-1,-4.942204765991E-1,-5.343592381431E-2));
#4611=VECTOR('',#4610,2.184001253246E0);
#4612=CARTESIAN_POINT('',(-4.423573330582E-1,7.197445999326E0,
-5.481524516854E0));
#4613=LINE('',#4612,#4611);
#4614=CARTESIAN_POINT('',(1.452684738187E0,6.118067859054E0,-5.598228641432E0));
#4615=CARTESIAN_POINT('',(1.471447344812E0,6.107381065995E0,-5.599384114924E0));
#4616=CARTESIAN_POINT('',(1.513196846168E0,6.093575782055E0,-5.600876764734E0));
#4617=CARTESIAN_POINT('',(1.599320373677E0,6.095213335909E0,-5.600699709742E0));
#4618=CARTESIAN_POINT('',(1.692410058654E0,6.150832243762E0,-5.594686102732E0));
#4619=CARTESIAN_POINT('',(1.723693764608E0,6.233735113320E0,-5.585722509292E0));
#4620=CARTESIAN_POINT('',(1.723559138145E0,6.274699655257E0,-5.581293356221E0));
#4622=DIRECTION('',(-1.568484742888E-5,1.075040253969E-1,-9.942046490927E-1));
#4623=VECTOR('',#4622,4.000000000648E-1);
#4624=CARTESIAN_POINT('',(1.013048197241E0,7.825487444431E0,-5.413619651714E0));
#4625=LINE('',#4624,#4623);
#4626=DIRECTION('',(1.963974682885E-7,-1.074950187310E-1,9.942056230720E-1));
#4627=VECTOR('',#4626,3.999999999998E-1);
#4628=CARTESIAN_POINT('',(1.012249342175E0,8.076486187739E0,-5.788812522216E0));
#4629=LINE('',#4628,#4627);
#4630=DIRECTION('',(3.349444066549E-7,-1.074949389550E-1,9.942056316975E-1));
#4631=VECTOR('',#4630,3.999999999997E-1);
#4632=CARTESIAN_POINT('',(1.595670438420E0,8.412411510908E0,-5.752491728510E0));
#4633=LINE('',#4632,#4631);
#4634=DIRECTION('',(3.355560829201E-9,-1.074961534001E-1,9.942055003892E-1));
#4635=VECTOR('',#4634,3.999999999998E-1);
#4636=CARTESIAN_POINT('',(1.715989049364E0,8.620693068420E0,-5.729971986884E0));
#4637=LINE('',#4636,#4635);
#4638=DIRECTION('',(-1.434865559702E-9,-1.074946952609E-1,9.942056580460E-1));
#4639=VECTOR('',#4638,4.000000000001E-1);
#4640=CARTESIAN_POINT('',(1.712666448897E0,9.631971964019E0,-5.620630863683E0));
#4641=LINE('',#4640,#4639);
#4642=DIRECTION('',(3.266488026312E-3,-9.942003067720E-1,-1.074945583289E-1));
#4643=VECTOR('',#4642,1.017178803875E0);
#4644=CARTESIAN_POINT('',(1.712666448323E0,9.588974085914E0,-5.222948600464E0));
#4645=LINE('',#4644,#4643);
#4646=DIRECTION('',(1.609312239025E-8,-1.074951225071E-1,9.942056118516E-1));
#4647=VECTOR('',#4646,4.000000000003E-1);
#4648=CARTESIAN_POINT('',(1.440768214670E0,9.786840227994E0,-5.603886254451E0));
#4649=LINE('',#4648,#4647);
#4650=DIRECTION('',(-9.199307982036E-11,-1.074951317627E-1,9.942056108508E-1));
#4651=VECTOR('',#4650,4.000000000003E-1);
#4652=CARTESIAN_POINT('',(2.538768063625E0,6.523707468431E0,-5.956701489336E0));
#4653=LINE('',#4652,#4651);
#4654=DIRECTION('',(1.536848426296E-10,-1.074951785279E-1,9.942056057945E-1));
#4655=VECTOR('',#4654,4.000000000004E-1);
#4656=CARTESIAN_POINT('',(2.405142735894E0,6.748000240846E0,-5.932450589047E0));
#4657=LINE('',#4656,#4655);
#4658=DIRECTION('',(-3.267486198645E-3,9.942003035300E-1,1.074945579780E-1));
#4659=VECTOR('',#4658,3.013303199567E0);
#4660=CARTESIAN_POINT('',(2.405142735955E0,6.705002169435E0,-5.534768346729E0));
#4661=LINE('',#4660,#4659);
#4662=DIRECTION('',(-1.808020400061E-10,-1.074950766982E-1,9.942056168045E-1));
#4663=VECTOR('',#4662,4.000000000004E-1);
#4664=CARTESIAN_POINT('',(2.395296809411E0,9.743827155752E0,-5.608536897960E0));
#4665=LINE('',#4664,#4663);
#4666=DIRECTION('',(-2.527250964056E-8,-1.074951318944E-1,9.942056108366E-1));
#4667=VECTOR('',#4666,4.000000000002E-1);
#4668=CARTESIAN_POINT('',(2.588751658737E0,9.937388542852E0,-5.587608725162E0));
#4669=LINE('',#4668,#4667);
#4670=DIRECTION('',(9.999946591987E-1,3.249330125413E-3,3.513228719878E-4));
#4671=VECTOR('',#4670,9.777956351630E-1);
#4672=CARTESIAN_POINT('',(2.588751648628E0,9.894390490094E0,-5.189926480827E0));
#4673=LINE('',#4672,#4671);
#4674=DIRECTION('',(2.884798067089E-8,-1.074951317205E-1,9.942056108554E-1));
#4675=VECTOR('',#4674,4.000000000006E-1);
#4676=CARTESIAN_POINT('',(3.566542050040E0,9.940565723596E0,-5.587265203199E0));
#4677=LINE('',#4676,#4675);
#4678=DIRECTION('',(2.690769829168E-10,-1.074952136973E-1,9.942056019919E-1));
#4679=VECTOR('',#4678,4.000000000006E-1);
#4680=CARTESIAN_POINT('',(3.761265289923E0,9.748265752779E0,-5.608056989611E0));
#4681=LINE('',#4680,#4679);
#4682=DIRECTION('',(3.267858844489E-3,-9.942003023193E-1,-1.074945578471E-1));
#4683=VECTOR('',#4682,2.262991273797E0);
#4684=CARTESIAN_POINT('',(3.761265290030E0,9.705267667300E0,-5.210374748814E0));
#4685=LINE('',#4684,#4683);
#4686=DIRECTION('',(1.216341471986E-9,-1.074955018229E-1,9.942055708393E-1));
#4687=VECTOR('',#4686,4.000000000007E-1);
#4688=CARTESIAN_POINT('',(3.768660425593E0,7.498399259475E0,-5.851316223539E0));
#4689=LINE('',#4688,#4687);
#4690=DIRECTION('',(-1.206368338556E-10,-1.074950951236E-1,9.942056148123E-1));
#4691=VECTOR('',#4690,4.000000000006E-1);
#4692=CARTESIAN_POINT('',(4.447403121673E0,7.500604584511E0,-5.851077780200E0));
#4693=LINE('',#4692,#4691);
#4694=DIRECTION('',(-3.267464202606E-3,9.942003036014E-1,1.074945579856E-1));
#4695=VECTOR('',#4694,2.262991274867E0);
#4696=CARTESIAN_POINT('',(4.447403121625E0,7.457606546461E0,-5.453395534275E0));
#4697=LINE('',#4696,#4695);
#4698=DIRECTION('',(-2.156697043175E-10,-1.074950662071E-1,9.942056179388E-1));
#4699=VECTOR('',#4698,4.000000000002E-1);
#4700=CARTESIAN_POINT('',(4.440008878730E0,9.750471185465E0,-5.607818534633E0));
#4701=LINE('',#4700,#4699);
#4702=DIRECTION('',(7.888214526010E-9,1.074951318352E-1,-9.942056108430E-1));
#4703=VECTOR('',#4702,4.000000000005E-1);
#4704=CARTESIAN_POINT('',(4.633463727091E0,9.901034525454E0,-5.189208116890E0));
#4705=LINE('',#4704,#4703);
#4706=CARTESIAN_POINT('',(2.405142735955E0,6.705002169435E0,-5.534768346729E0));
#4707=CARTESIAN_POINT('',(2.405241161404E0,6.675054983184E0,-5.538006285339E0));
#4708=CARTESIAN_POINT('',(2.418983306956E0,6.614227394322E0,-5.544583063433E0));
#4709=CARTESIAN_POINT('',(2.465374883981E0,6.536163617351E0,-5.553023446291E0));
#4710=CARTESIAN_POINT('',(2.512444603130E0,6.495063449270E0,-5.557467263482E0));
#4711=CARTESIAN_POINT('',(2.538768063588E0,6.480709415726E0,-5.559019244995E0));
#4713=DIRECTION('',(8.676459469054E-1,-4.943017036149E-1,-5.344470621162E-2));
#4714=VECTOR('',#4713,8.883944046234E-1);
#4715=CARTESIAN_POINT('',(2.538768063588E0,6.480709415726E0,-5.559019244995E0));
#4716=LINE('',#4715,#4714);
#4717=CARTESIAN_POINT('',(3.309579868013E0,6.041574548039E0,-5.606499222950E0));
#4718=CARTESIAN_POINT('',(3.335601582145E0,6.026749863416E0,-5.608102092026E0));
#4719=CARTESIAN_POINT('',(3.390715627180E0,6.001767460144E0,-5.610803230204E0));
#4720=CARTESIAN_POINT('',(3.463663057287E0,5.982607386818E0,-5.612874848575E0));
#4721=CARTESIAN_POINT('',(3.523534348068E0,5.974774937253E0,-5.613721705793E0));
#4722=CARTESIAN_POINT('',(3.553581340609E0,5.973491745690E0,-5.613860446557E0));
#4723=CARTESIAN_POINT('',(3.568603331523E0,5.973540557515E0,-5.613855168943E0));
#4725=CARTESIAN_POINT('',(4.657195767640E0,5.977077797290E0,-5.613472716811E0));
#4726=CARTESIAN_POINT('',(4.672377010722E0,5.977127126875E0,-5.613467383215E0));
#4727=CARTESIAN_POINT('',(4.702727208156E0,5.978673558966E0,-5.613300180456E0));
#4728=CARTESIAN_POINT('',(4.763247289838E0,5.987088368427E0,-5.612390357536E0));
#4729=CARTESIAN_POINT('',(4.837461743982E0,6.006762007650E0,-5.610263211583E0));
#4730=CARTESIAN_POINT('',(4.892425509456E0,6.034348589328E0,-5.607280505389E0));
#4731=CARTESIAN_POINT('',(4.919228331386E0,6.048781702546E0,-5.605719973653E0));
#4733=CARTESIAN_POINT('',(5.690876313838E0,6.495109372633E0,-5.557462298174E0));
#4734=CARTESIAN_POINT('',(5.715865489098E0,6.510239939991E0,-5.555826356558E0));
#4735=CARTESIAN_POINT('',(5.760072205479E0,6.551618135137E0,-5.551352478627E0));
#4736=CARTESIAN_POINT('',(5.803484384322E0,6.628240813459E0,-5.543067909705E0));
#4737=CARTESIAN_POINT('',(5.815901492289E0,6.687176705078E0,-5.536695665001E0));
#4738=CARTESIAN_POINT('',(5.815806517473E0,6.716084649116E0,-5.533570090954E0));
#4740=CARTESIAN_POINT('',(5.805961566784E0,9.711911649767E0,-5.209656390596E0));
#4741=CARTESIAN_POINT('',(5.805854687458E0,9.744431022769E0,-5.206140342960E0));
#4742=CARTESIAN_POINT('',(5.778717389825E0,9.809955914628E0,-5.199055684806E0));
#4743=CARTESIAN_POINT('',(5.720717507629E0,9.867010298607E0,-5.192886871777E0));
#4744=CARTESIAN_POINT('',(5.667208599665E0,9.894135165790E0,-5.189954086907E0));
#4745=CARTESIAN_POINT('',(5.635731651917E0,9.902653112843E0,-5.189033112582E0));
#4746=CARTESIAN_POINT('',(5.619408776804E0,9.904238202779E0,-5.188861730074E0));
#4747=CARTESIAN_POINT('',(5.611238336969E0,9.904211654922E0,-5.188864600471E0));
#4749=CARTESIAN_POINT('',(4.633463727091E0,9.901034525454E0,-5.189208116890E0));
#4750=CARTESIAN_POINT('',(4.625288978512E0,9.901007962644E0,-5.189210988904E0));
#4751=CARTESIAN_POINT('',(4.608968304278E0,9.899315211370E0,-5.189394011931E0));
#4752=CARTESIAN_POINT('',(4.577532615869E0,9.890584317973E0,-5.190338010362E0));
#4753=CARTESIAN_POINT('',(4.524196842893E0,9.863095589892E0,-5.193310136466E0));
#4754=CARTESIAN_POINT('',(4.466587751543E0,9.805660837387E0,-5.199520075561E0));
#4755=CARTESIAN_POINT('',(4.439902067004E0,9.739975276876E0,-5.206622105472E0));
#4756=CARTESIAN_POINT('',(4.440008878643E0,9.707473158982E0,-5.210136287457E0));
#4758=CARTESIAN_POINT('',(4.447403121625E0,7.457606546461E0,-5.453395534275E0));
#4759=CARTESIAN_POINT('',(4.447579797324E0,7.403850079489E0,-5.459207771139E0));
#4760=CARTESIAN_POINT('',(4.411643625698E0,7.297066678620E0,-5.470753366564E0));
#4761=CARTESIAN_POINT('',(4.295481679306E0,7.215762642006E0,-5.479544091578E0));
#4762=CARTESIAN_POINT('',(4.187986148841E0,7.196642291002E0,-5.481611415108E0));
#4763=CARTESIAN_POINT('',(4.102344068862E0,7.196137381746E0,-5.481666006719E0));
#4764=CARTESIAN_POINT('',(4.017543510631E0,7.197743587630E0,-5.481492341119E0));
#4765=CARTESIAN_POINT('',(3.913735736900E0,7.217986055193E0,-5.479303692520E0));
#4766=CARTESIAN_POINT('',(3.803672586851E0,7.300087923236E0,-5.470426704670E0));
#4767=CARTESIAN_POINT('',(3.768833493318E0,7.402758029317E0,-5.459325845385E0));
#4768=CARTESIAN_POINT('',(3.768660426079E0,7.455401058745E0,-5.453633995203E0));
#4770=CARTESIAN_POINT('',(3.761265290030E0,9.705267667300E0,-5.210374748814E0));
#4771=CARTESIAN_POINT('',(3.761158410367E0,9.737787040012E0,-5.206858701210E0));
#4772=CARTESIAN_POINT('',(3.734021112308E0,9.803311930857E0,-5.199774043165E0));
#4773=CARTESIAN_POINT('',(3.676021230604E0,9.860366314853E0,-5.193605230134E0));
#4774=CARTESIAN_POINT('',(3.622512322221E0,9.887491181856E0,-5.190672445283E0));
#4775=CARTESIAN_POINT('',(3.591035375853E0,9.896009128623E0,-5.189751470989E0));
#4776=CARTESIAN_POINT('',(3.574712500563E0,9.897594218593E0,-5.189580088477E0));
#4777=CARTESIAN_POINT('',(3.566542061579E0,9.897567670908E0,-5.189582958856E0));
#4779=CARTESIAN_POINT('',(2.588751648628E0,9.894390490094E0,-5.189926480827E0));
#4780=CARTESIAN_POINT('',(2.580576901810E0,9.894363926929E0,-5.189929352880E0));
#4781=CARTESIAN_POINT('',(2.564256231649E0,9.892671175582E0,-5.190112375916E0));
#4782=CARTESIAN_POINT('',(2.532820543834E0,9.883940282704E0,-5.191056374290E0));
#4783=CARTESIAN_POINT('',(2.479484771563E0,9.856451554691E0,-5.194028500386E0));
#4784=CARTESIAN_POINT('',(2.421875680368E0,9.799016802771E0,-5.200238439418E0));
#4785=CARTESIAN_POINT('',(2.395189996006E0,9.733331242318E0,-5.207340469322E0));
#4786=CARTESIAN_POINT('',(2.395296809338E0,9.700829125072E0,-5.210854651237E0));
#4788=DIRECTION('',(-3.496136713461E-9,1.074951338059E-1,-9.942056106299E-1));
#4789=VECTOR('',#4788,4.000000000005E-1);
#4790=CARTESIAN_POINT('',(3.309579868013E0,6.041574548039E0,-5.606499222950E0));
#4791=LINE('',#4790,#4789);
#4792=DIRECTION('',(-1.377162273106E-8,-1.074951318579E-1,9.942056108406E-1));
#4793=VECTOR('',#4792,4.000000000008E-1);
#4794=CARTESIAN_POINT('',(3.568603337031E0,6.016538610258E0,-6.011537413280E0));
#4795=LINE('',#4794,#4793);
#4796=DIRECTION('',(-9.999946591242E-1,-3.249352802300E-3,-3.513253235416E-4));
#4797=VECTOR('',#4796,1.088598250186E0);
#4798=CARTESIAN_POINT('',(4.657195767640E0,5.977077797290E0,-5.613472716811E0));
#4799=LINE('',#4798,#4797);
#4800=DIRECTION('',(-9.362497443967E-9,1.074951317828E-1,-9.942056108487E-1));
#4801=VECTOR('',#4800,4.000000000009E-1);
#4802=CARTESIAN_POINT('',(4.657195767640E0,5.977077797290E0,-5.613472716811E0));
#4803=LINE('',#4802,#4801);
#4804=DIRECTION('',(-8.643628894394E-1,-4.999547505162E-1,-5.405592286033E-2));
#4805=VECTOR('',#4804,8.927361318721E-1);
#4806=CARTESIAN_POINT('',(5.690876313838E0,6.495109372633E0,-5.557462298174E0));
#4807=LINE('',#4806,#4805);
#4808=DIRECTION('',(9.339196083127E-12,1.074951318188E-1,-9.942056108448E-1));
#4809=VECTOR('',#4808,4.000000000009E-1);
#4810=CARTESIAN_POINT('',(4.919228331386E0,6.048781702546E0,-5.605719973653E0));
#4811=LINE('',#4810,#4809);
#4812=DIRECTION('',(1.327022935980E-9,-1.074955358088E-1,9.942055671647E-1));
#4813=VECTOR('',#4812,4.000000000005E-1);
#4814=CARTESIAN_POINT('',(5.815806516942E0,6.759082863440E0,-5.931252317820E0));
#4815=LINE('',#4814,#4813);
#4816=DIRECTION('',(-3.518074720428E-11,1.074951317928E-1,-9.942056108476E-1));
#4817=VECTOR('',#4816,4.000000000005E-1);
#4818=CARTESIAN_POINT('',(5.690876313838E0,6.495109372633E0,-5.557462298174E0));
#4819=LINE('',#4818,#4817);
#4820=DIRECTION('',(-4.227285188555E-10,-1.074950033593E-1,9.942056247340E-1));
#4821=VECTOR('',#4820,4.000000000007E-1);
#4822=CARTESIAN_POINT('',(5.805961566953E0,9.754909651111E0,-5.607338640490E0));
#4823=LINE('',#4822,#4821);
#4824=DIRECTION('',(3.267162279929E-3,-9.942003045822E-1,-1.074945580919E-1));
#4825=VECTOR('',#4824,3.013303241654E0);
#4826=CARTESIAN_POINT('',(5.805961566784E0,9.711911649767E0,-5.209656390596E0));
#4827=LINE('',#4826,#4825);
#4828=DIRECTION('',(2.439118018670E-8,-1.074951317292E-1,9.942056108545E-1));
#4829=VECTOR('',#4828,4.000000000002E-1);
#4830=CARTESIAN_POINT('',(5.611238327212E0,9.947209707614E0,-5.586546844813E0));
#4831=LINE('',#4830,#4829);
#4832=DIRECTION('',(9.999946591987E-1,3.249330128974E-3,3.513228716137E-4));
#4833=VECTOR('',#4832,9.777798320057E-1);
#4834=CARTESIAN_POINT('',(4.633463727091E0,9.901034525454E0,-5.189208116890E0));
#4835=LINE('',#4834,#4833);
#4836=DIRECTION('',(9.999946591830E-1,3.249334914301E-3,3.513233886438E-4));
#4837=VECTOR('',#4836,1.180281696529E0);
#4838=CARTESIAN_POINT('',(8.507835227861E0,9.913656400634E0,-5.187843419164E0));
#4839=LINE('',#4838,#4837);
#4840=DIRECTION('',(3.438899831569E-8,-1.074951317012E-1,9.942056108575E-1));
#4841=VECTOR('',#4840,3.999999999996E-1);
#4842=CARTESIAN_POINT('',(9.688110606965E0,9.960489583840E0,-5.585111002941E0));
#4843=LINE('',#4842,#4841);
#4844=DIRECTION('',(-1.236610813750E-10,-1.074950942621E-1,9.942056149055E-1));
#4845=VECTOR('',#4844,3.999999999994E-1);
#4846=CARTESIAN_POINT('',(9.882828521655E0,9.768174122393E0,-5.605904464226E0));
#4847=LINE('',#4846,#4845);
#4848=DIRECTION('',(3.267496600178E-3,-9.942003034962E-1,-1.074945579743E-1));
#4849=VECTOR('',#4848,3.558872388785E0);
#4850=CARTESIAN_POINT('',(9.882828521605E0,9.725176084689E0,-5.208222218264E0));
#4851=LINE('',#4850,#4849);
#4852=DIRECTION('',(1.881783617820E-10,-1.074951891816E-1,9.942056046426E-1));
#4853=VECTOR('',#4852,3.999999999996E-1);
#4854=CARTESIAN_POINT('',(9.894457124961E0,6.229942151327E0,-5.988463874440E0));
#4855=LINE('',#4854,#4853);
#4856=DIRECTION('',(3.907699497319E-8,-1.074951316865E-1,9.942056108591E-1));
#4857=VECTOR('',#4856,4.E-1);
#4858=CARTESIAN_POINT('',(9.701007847668E0,6.036386538651E0,-6.009391422898E0));
#4859=LINE('',#4858,#4857);
#4860=DIRECTION('',(-9.999946574887E-1,-3.249850267992E-3,-3.513791104379E-4));
#4861=VECTOR('',#4860,7.819710109865E-1);
#4862=CARTESIAN_POINT('',(9.701007863299E0,5.993388485977E0,-5.611709178554E0));
#4863=LINE('',#4862,#4861);
#4864=DIRECTION('',(-4.150578103437E-8,-1.074951319481E-1,9.942056108308E-1));
#4865=VECTOR('',#4864,3.999999999998E-1);
#4866=CARTESIAN_POINT('',(8.919041046604E0,6.033845250056E0,-6.009666191165E0));
#4867=LINE('',#4866,#4865);
#4868=DIRECTION('',(1.444355746118E-10,-1.074951757814E-1,9.942056060915E-1));
#4869=VECTOR('',#4868,3.999999999995E-1);
#4870=CARTESIAN_POINT('',(8.724312749584E0,6.226139908695E0,-5.988874979114E0));
#4871=LINE('',#4870,#4869);
#4872=DIRECTION('',(-3.267475714098E-3,9.942003035640E-1,1.074945579818E-1));
#4873=VECTOR('',#4872,1.250361615627E0);
#4874=CARTESIAN_POINT('',(8.724312749642E0,6.183141838382E0,-5.591192736677E0));
#4875=LINE('',#4874,#4873);
#4876=DIRECTION('',(1.182121067701E-10,-1.074951678223E-1,9.942056069520E-1));
#4877=VECTOR('',#4876,3.999999999997E-1);
#4878=CARTESIAN_POINT('',(8.720227223382E0,7.469249803332E0,-5.854467910269E0));
#4879=LINE('',#4878,#4877);
#4880=DIRECTION('',(-9.199257799972E-8,-1.074956045142E-1,9.942055597361E-1));
#4881=VECTOR('',#4880,3.999999999996E-1);
#4882=CARTESIAN_POINT('',(8.375126730964E0,7.504480149162E0,-5.850658747830E0));
#4883=LINE('',#4882,#4881);
#4884=DIRECTION('',(-1.966992968505E-7,-1.074961425361E-1,9.942055015638E-1));
#4885=VECTOR('',#4884,4.E-1);
#4886=CARTESIAN_POINT('',(8.128816330393E0,6.238833996048E0,-5.987502473690E0));
#4887=LINE('',#4886,#4885);
#4888=DIRECTION('',(4.311981216535E-8,-1.074951316737E-1,9.942056108605E-1));
#4889=VECTOR('',#4888,3.999999999997E-1);
#4890=CARTESIAN_POINT('',(7.875562557481E0,6.030454571012E0,-6.010032796912E0));
#4891=LINE('',#4890,#4889);
#4892=DIRECTION('',(-9.999946603624E-1,-3.248976114529E-3,-3.512845955518E-4));
#4893=VECTOR('',#4892,1.180268545732E0);
#4894=CARTESIAN_POINT('',(7.875562574729E0,5.987456518342E0,-5.612350552568E0));
#4895=LINE('',#4894,#4893);
#4896=DIRECTION('',(-4.031620592931E-8,-1.074951319448E-1,9.942056108312E-1));
#4897=VECTOR('',#4896,3.999999999995E-1);
#4898=CARTESIAN_POINT('',(6.695300347330E0,6.026619906806E0,-6.010447407059E0));
#4899=LINE('',#4898,#4897);
#4900=DIRECTION('',(1.567457275089E-10,-1.074951793811E-1,9.942056057023E-1));
#4901=VECTOR('',#4900,3.999999999995E-1);
#4902=CARTESIAN_POINT('',(6.500582500106E0,6.218914316381E0,-5.989656221937E0));
#4903=LINE('',#4902,#4901);
#4904=DIRECTION('',(-3.267495961490E-3,9.942003034982E-1,1.074945579746E-1));
#4905=VECTOR('',#4904,3.558872249635E0);
#4906=CARTESIAN_POINT('',(6.500582500169E0,6.175916244629E0,-5.591973979656E0));
#4907=LINE('',#4906,#4905);
#4908=DIRECTION('',(-1.898481372111E-10,-1.074950738909E-1,9.942056171080E-1));
#4909=VECTOR('',#4908,3.999999999995E-1);
#4910=CARTESIAN_POINT('',(6.488953899542E0,9.757146144884E0,-5.607096827137E0));
#4911=LINE('',#4910,#4909);
#4912=DIRECTION('',(-2.953314925953E-8,-1.074951319066E-1,9.942056108353E-1));
#4913=VECTOR('',#4912,3.999999999991E-1);
#4914=CARTESIAN_POINT('',(6.682403319298E0,9.950722941396E0,-5.586166988248E0));
#4915=LINE('',#4914,#4913);
#4916=DIRECTION('',(9.999946592202E-1,3.249323591874E-3,3.513221658400E-4));
#4917=VECTOR('',#4916,7.819707965400E-1);
#4918=CARTESIAN_POINT('',(6.682403307485E0,9.907724888634E0,-5.188484743915E0));
#4919=LINE('',#4918,#4917);
#4920=DIRECTION('',(5.190174512397E-8,-1.074951316429E-1,9.942056108638E-1));
#4921=VECTOR('',#4920,3.999999999997E-1);
#4922=CARTESIAN_POINT('',(7.464369906930E0,9.953263817448E0,-5.585892264586E0));
#4923=LINE('',#4922,#4921);
#4924=DIRECTION('',(-1.540900740339E-10,-1.074950847677E-1,9.942056159320E-1));
#4925=VECTOR('',#4924,3.999999999998E-1);
#4926=CARTESIAN_POINT('',(7.659098272846E0,9.760948385199E0,-5.606685722714E0));
#4927=LINE('',#4926,#4925);
#4928=DIRECTION('',(3.267465824641E-3,-9.942003035962E-1,-1.074945579851E-1));
#4929=VECTOR('',#4928,1.250230286703E0);
#4930=CARTESIAN_POINT('',(7.659098272784E0,9.717950351292E0,-5.209003476341E0));
#4931=LINE('',#4930,#4929);
#4932=DIRECTION('',(-1.963007534301E-10,-1.074950719812E-1,9.942056173145E-1));
#4933=VECTOR('',#4932,3.999999999999E-1);
#4934=CARTESIAN_POINT('',(7.663183357598E0,8.517969049479E0,-5.741078675315E0));
#4935=LINE('',#4934,#4933);
#4936=CARTESIAN_POINT('',(8.507835227861E0,9.913656400634E0,-5.187843419164E0));
#4937=CARTESIAN_POINT('',(8.498060716301E0,9.913624639579E0,-5.187846853221E0));
#4938=CARTESIAN_POINT('',(8.478560517112E0,9.911957886543E0,-5.188027065276E0));
#4939=CARTESIAN_POINT('',(8.440508628074E0,9.903164024634E0,-5.188977871966E0));
#4940=CARTESIAN_POINT('',(8.375414598715E0,9.875187758494E0,-5.192002711479E0));
#4941=CARTESIAN_POINT('',(8.298671431842E0,9.810885336691E0,-5.198955194177E0));
#4942=CARTESIAN_POINT('',(8.260463889430E0,9.739279038870E0,-5.206697383861E0));
#4943=CARTESIAN_POINT('',(8.253895131089E0,9.701349724943E0,-5.210798363131E0));
#4945=CARTESIAN_POINT('',(8.007321574986E0,8.434964064335E0,-5.347722045747E0));
#4946=CARTESIAN_POINT('',(8.000154047806E0,8.401981946970E0,-5.351288126058E0));
#4947=CARTESIAN_POINT('',(7.966531944202E0,8.338715947409E0,-5.358128549094E0));
#4948=CARTESIAN_POINT('',(7.887020200627E0,8.304644988858E0,-5.361812356687E0));
#4949=CARTESIAN_POINT('',(7.821935372899E0,8.302425927549E0,-5.362052285215E0));
#4950=CARTESIAN_POINT('',(7.757531758208E0,8.316909555761E0,-5.360486291716E0));
#4951=CARTESIAN_POINT('',(7.685410421008E0,8.368799922301E0,-5.354875820672E0));
#4952=CARTESIAN_POINT('',(7.663300642305E0,8.439283100741E0,-5.347255064487E0));
#4953=CARTESIAN_POINT('',(7.663183357519E0,8.474971020687E0,-5.343396428390E0));
#4955=CARTESIAN_POINT('',(7.659098272784E0,9.717950351292E0,-5.209003476341E0));
#4956=CARTESIAN_POINT('',(7.658991382530E0,9.750472749546E0,-5.205487101610E0));
#4957=CARTESIAN_POINT('',(7.631853021438E0,9.816002393002E0,-5.198401929705E0));
#4958=CARTESIAN_POINT('',(7.573851427015E0,9.873062200051E0,-5.192232530325E0));
#4959=CARTESIAN_POINT('',(7.520340843758E0,9.900188828240E0,-5.189299555053E0));
#4960=CARTESIAN_POINT('',(7.488863562116E0,9.908707146838E0,-5.188378540555E0));
#4961=CARTESIAN_POINT('',(7.472540471329E0,9.910292311932E0,-5.188207149921E0));
#4962=CARTESIAN_POINT('',(7.464369927691E0,9.910265764791E0,-5.188210020241E0));
#4964=CARTESIAN_POINT('',(6.682403307485E0,9.907724888634E0,-5.188484743915E0));
#4965=CARTESIAN_POINT('',(6.674229003448E0,9.907698326861E0,-5.188487615817E0));
#4966=CARTESIAN_POINT('',(6.657909221596E0,9.906005559237E0,-5.188670640613E0));
#4967=CARTESIAN_POINT('',(6.626475389979E0,9.897274624562E0,-5.189614643507E0));
#4968=CARTESIAN_POINT('',(6.573140524918E0,9.869784547637E0,-5.192586915450E0));
#4969=CARTESIAN_POINT('',(6.515532672652E0,9.812343506096E0,-5.198797534524E0));
#4970=CARTESIAN_POINT('',(6.488847075253E0,9.746653655428E0,-5.205900028294E0));
#4971=CARTESIAN_POINT('',(6.488953899466E0,9.714148115327E0,-5.209414580294E0));
#4973=CARTESIAN_POINT('',(6.500582500169E0,6.175916244629E0,-5.591973979656E0));
#4974=CARTESIAN_POINT('',(6.500689288291E0,6.143425169871E0,-5.595486967640E0));
#4975=CARTESIAN_POINT('',(6.527902896815E0,6.077898576055E0,-5.602571809812E0));
#4976=CARTESIAN_POINT('',(6.585883521014E0,6.020870017322E0,-5.608737830574E0));
#4977=CARTESIAN_POINT('',(6.639399714146E0,5.993705920600E0,-5.611674857006E0));
#4978=CARTESIAN_POINT('',(6.670835384316E0,5.985182438346E0,-5.612596429806E0));
#4979=CARTESIAN_POINT('',(6.687139278694E0,5.983595340139E0,-5.612768029452E0));
#4980=CARTESIAN_POINT('',(6.695300331203E0,5.983621854029E0,-5.612765162727E0));
#4982=CARTESIAN_POINT('',(7.875562574729E0,5.987456518342E0,-5.612350552568E0));
#4983=CARTESIAN_POINT('',(7.885192740670E0,5.987487807477E0,-5.612347169536E0));
#4984=CARTESIAN_POINT('',(7.904408804847E0,5.989108360503E0,-5.612171952699E0));
#4985=CARTESIAN_POINT('',(7.941918110703E0,5.997640933975E0,-5.611249396943E0));
#4986=CARTESIAN_POINT('',(8.006541604224E0,6.025128770724E0,-5.608277367211E0));
#4987=CARTESIAN_POINT('',(8.081531912161E0,6.086731276529E0,-5.601616803833E0));
#4988=CARTESIAN_POINT('',(8.121516247565E0,6.158325526716E0,-5.593875916760E0));
#4989=CARTESIAN_POINT('',(8.128816251714E0,6.195835539034E0,-5.589820273064E0));
#4991=DIRECTION('',(1.899616484938E-1,9.761026294380E-1,1.055378079446E-1));
#4992=VECTOR('',#4991,1.296632475062E0);
#4993=CARTESIAN_POINT('',(8.128816251714E0,6.195835539034E0,-5.589820273064E0));
#4994=LINE('',#4993,#4992);
#4995=CARTESIAN_POINT('',(8.375126694167E0,7.461481907356E0,-5.452976523936E0));
#4996=CARTESIAN_POINT('',(8.381693106482E0,7.495223084799E0,-5.449328372812E0));
#4997=CARTESIAN_POINT('',(8.413634655462E0,7.559414075363E0,-5.442387938241E0));
#4998=CARTESIAN_POINT('',(8.484806703668E0,7.591908628745E0,-5.438874574144E0));
#4999=CARTESIAN_POINT('',(8.532836302010E0,7.597729586194E0,-5.438245202732E0));
#5000=CARTESIAN_POINT('',(8.566364621117E0,7.597381272123E0,-5.438282863017E0));
#5001=CARTESIAN_POINT('',(8.624893220399E0,7.584971526256E0,-5.439624624976E0));
#5002=CARTESIAN_POINT('',(8.698267984774E0,7.532269378493E0,-5.445322867128E0));
#5003=CARTESIAN_POINT('',(8.720112162222E0,7.461262177309E0,-5.453000281507E0));
#5004=CARTESIAN_POINT('',(8.720227223429E0,7.426251736203E0,-5.456785667488E0));
#5006=CARTESIAN_POINT('',(8.724312749642E0,6.183141838382E0,-5.591192736677E0));
#5007=CARTESIAN_POINT('',(8.724419625618E0,6.150623784503E0,-5.594708641687E0));
#5008=CARTESIAN_POINT('',(8.751557290068E0,6.085100203407E0,-5.601793158119E0));
#5009=CARTESIAN_POINT('',(8.809558496526E0,6.028048247160E0,-5.607961708658E0));
#5010=CARTESIAN_POINT('',(8.863068539836E0,6.000923736808E0,-5.610894454948E0));
#5011=CARTESIAN_POINT('',(8.894546772826E0,5.992405734291E0,-5.611815435269E0));
#5012=CARTESIAN_POINT('',(8.910870278548E0,5.990820644760E0,-5.611986817734E0));
#5013=CARTESIAN_POINT('',(8.919041030002E0,5.990847197277E0,-5.611983946832E0));
#5015=CARTESIAN_POINT('',(9.701007863299E0,5.993388485977E0,-5.611709178554E0));
#5016=CARTESIAN_POINT('',(9.709182378762E0,5.993415052940E0,-5.611706306091E0));
#5017=CARTESIAN_POINT('',(9.725502585815E0,5.995107763936E0,-5.611523287416E0));
#5018=CARTESIAN_POINT('',(9.756937385566E0,6.003838420415E0,-5.610579314603E0));
#5019=CARTESIAN_POINT('',(9.810271603051E0,6.031326355593E0,-5.607607274229E0));
#5020=CARTESIAN_POINT('',(9.867879026268E0,6.088759354810E0,-5.601397524702E0));
#5021=CARTESIAN_POINT('',(9.894563934836E0,6.154442947092E0,-5.594295707601E0));
#5022=CARTESIAN_POINT('',(9.894457125036E0,6.186944075655E0,-5.590781632583E0));
#5024=CARTESIAN_POINT('',(9.882828521605E0,9.725176084689E0,-5.208222218264E0));
#5025=CARTESIAN_POINT('',(9.882721629921E0,9.757698917978E0,-5.204705796496E0));
#5026=CARTESIAN_POINT('',(9.855584373129E0,9.823228063681E0,-5.197620678409E0));
#5027=CARTESIAN_POINT('',(9.797585711167E0,9.880288723989E0,-5.191451186773E0));
#5028=CARTESIAN_POINT('',(9.744077749275E0,9.907414946172E0,-5.188518255399E0));
#5029=CARTESIAN_POINT('',(9.712602629808E0,9.915932962654E0,-5.187597273567E0));
#5030=CARTESIAN_POINT('',(9.696280624274E0,9.917518077225E0,-5.187425888395E0));
#5031=CARTESIAN_POINT('',(9.688110620721E0,9.917491531159E0,-5.187428758599E0));
#5033=DIRECTION('',(1.021218665186E-8,1.074951318452E-1,-9.942056108419E-1));
#5034=VECTOR('',#5033,4.000000000004E-1);
#5035=CARTESIAN_POINT('',(8.507835227861E0,9.913656400634E0,-5.187843419164E0));
#5036=LINE('',#5035,#5034);
#5037=DIRECTION('',(4.427569422212E-12,-1.074951317945E-1,9.942056108474E-1));
#5038=VECTOR('',#5037,3.999999999994E-1);
#5039=CARTESIAN_POINT('',(8.007321574984E0,8.477962117053E0,-5.745404290085E0));
#5040=LINE('',#5039,#5038);
#5041=DIRECTION('',(1.900502359372E-1,9.760855843172E-1,1.055359649990E-1));
#5042=VECTOR('',#5041,1.297412522995E0);
#5043=CARTESIAN_POINT('',(8.007321574986E0,8.434964064335E0,-5.347722045747E0));
#5044=LINE('',#5043,#5042);
#5045=DIRECTION('',(3.069100529274E-11,1.074951319817E-1,-9.942056108272E-1));
#5046=VECTOR('',#5045,4.E-1);
#5047=CARTESIAN_POINT('',(8.253895131089E0,9.701349724943E0,-5.210798363131E0));
#5048=LINE('',#5047,#5046);
#5049=DIRECTION('',(-1.423945406031E-9,1.074955647510E-1,-9.942055640354E-1));
#5050=VECTOR('',#5049,4.000000000001E-1);
#5051=CARTESIAN_POINT('',(1.057709398437E1,6.298883441627E0,-5.578678565804E0));
#5052=LINE('',#5051,#5050);
#5053=DIRECTION('',(-5.760316890144E-7,-1.074954648988E-1,9.942055748314E-1));
#5054=VECTOR('',#5053,4.000000000002E-1);
#5055=CARTESIAN_POINT('',(1.084899246088E1,6.187013504730E0,-5.993105389710E0));
#5056=LINE('',#5055,#5054);
#5057=DIRECTION('',(-3.266487848756E-3,9.942003067726E-1,1.074945583288E-1));
#5058=VECTOR('',#5057,1.017178801118E0);
#5059=CARTESIAN_POINT('',(1.057709398437E1,6.298883441627E0,-5.578678565804E0));
#5060=LINE('',#5059,#5058);
#5061=DIRECTION('',(3.319642916107E-7,1.074953229545E-1,-9.942055901788E-1));
#5062=VECTOR('',#5061,4.000000000005E-1);
#5063=CARTESIAN_POINT('',(1.069408986224E1,7.518443990669E0,-5.446817690604E0));
#5064=LINE('',#5063,#5062);
#5065=DIRECTION('',(-3.350426602818E-9,-1.074941110299E-1,9.942057212136E-1));
#5066=VECTOR('',#5065,4.000000000005E-1);
#5067=CARTESIAN_POINT('',(1.057377138352E1,7.353160562153E0,-5.867019668322E0));
#5068=LINE('',#5067,#5066);
#5069=DIRECTION('',(1.588850348797E-5,1.074861226915E-1,-9.942065847581E-1));
#5070=VECTOR('',#5069,4.000000000676E-1);
#5071=CARTESIAN_POINT('',(1.127671223554E1,8.062370079900E0,-5.388007514901E0));
#5072=LINE('',#5071,#5070);
#5073=DIRECTION('',(-1.944604077759E-7,-1.074952437840E-1,9.942055987389E-1));
#5074=VECTOR('',#5073,4.000000000010E-1);
#5075=CARTESIAN_POINT('',(1.127751109123E1,7.897367443020E0,-5.808179132970E0));
#5076=LINE('',#5075,#5074);
#5077=DIRECTION('',(-2.668291935918E-5,-1.074800003551E-1,9.942072464088E-1));
#5078=VECTOR('',#5077,4.000000001892E-1);
#5079=CARTESIAN_POINT('',(1.069122239858E1,8.437376570512E0,-5.749792465557E0));
#5080=LINE('',#5079,#5078);
#5081=DIRECTION('',(1.184563558354E-10,-1.074951680414E-1,9.942056069283E-1));
#5082=VECTOR('',#5081,4.000000000002E-1);
#5083=CARTESIAN_POINT('',(1.056952492154E1,8.644876666013E0,-5.727357216878E0));
#5084=LINE('',#5083,#5082);
#5085=DIRECTION('',(-3.267495939332E-3,9.942003034983E-1,1.074945579748E-1));
#5086=VECTOR('',#5085,1.017178597349E0);
#5087=CARTESIAN_POINT('',(1.056952492159E1,8.601878598797E0,-5.329674974106E0));
#5088=LINE('',#5087,#5086);
#5089=DIRECTION('',(-1.742739286213E-10,-1.074950795703E-1,9.942056164940E-1));
#5090=VECTOR('',#5089,4.000000000003E-1);
#5091=CARTESIAN_POINT('',(1.056620129472E1,9.656155900822E0,-5.618016057001E0));
#5092=LINE('',#5091,#5090);
#5093=DIRECTION('',(1.796725079828E-7,1.074950294755E-1,-9.942056219103E-1));
#5094=VECTOR('',#5093,4.E-1);
#5095=CARTESIAN_POINT('',(1.083707570072E1,9.769789662484E0,-5.203398525485E0));
#5096=LINE('',#5095,#5094);
#5097=CARTESIAN_POINT('',(1.057709398437E1,6.298883441627E0,-5.578678565804E0));
#5098=CARTESIAN_POINT('',(1.057723438648E1,6.256164230894E0,-5.583297436527E0));
#5099=CARTESIAN_POINT('',(1.061126676847E1,6.171446880250E0,-5.592457214620E0));
#5100=CARTESIAN_POINT('',(1.070723779257E1,6.119179981308E0,-5.598108396961E0));
#5101=CARTESIAN_POINT('',(1.079136027056E1,6.119855164328E0,-5.598035395072E0));
#5102=CARTESIAN_POINT('',(1.083108568856E1,6.133661023228E0,-5.596542683096E0));
#5103=CARTESIAN_POINT('',(1.084899223046E1,6.144015318770E0,-5.595423159778E0));
#5105=DIRECTION('',(8.644253390730E-1,4.998480147978E-1,5.404438242081E-2));
#5106=VECTOR('',#5105,2.184002650300E0);
#5107=CARTESIAN_POINT('',(1.084899223046E1,6.144015318770E0,-5.595423159778E0));
#5108=LINE('',#5107,#5106);
#5109=CARTESIAN_POINT('',(1.273689946199E1,7.235684707836E0,-5.477390085337E0));
#5110=CARTESIAN_POINT('',(1.276078927629E1,7.249498829682E0,-5.475896479957E0));
#5111=CARTESIAN_POINT('',(1.280324281007E1,7.288075202479E0,-5.471725539627E0));
#5112=CARTESIAN_POINT('',(1.284490965358E1,7.360356537612E0,-5.463910363809E0));
#5113=CARTESIAN_POINT('',(1.285692247263E1,7.416270638904E0,-5.457864840002E0));
#5114=CARTESIAN_POINT('',(1.285683226747E1,7.443743238652E0,-5.454894457721E0));
#5116=CARTESIAN_POINT('',(1.285341725892E1,8.483137814827E0,-5.342513421290E0));
#5117=CARTESIAN_POINT('',(1.285332696627E1,8.510610555383E0,-5.339543023782E0));
#5118=CARTESIAN_POINT('',(1.284094503451E1,8.566445067929E0,-5.333506105243E0));
#5119=CARTESIAN_POINT('',(1.279880512160E1,8.638454750581E0,-5.325720300933E0));
#5120=CARTESIAN_POINT('',(1.275609773106E1,8.676752982439E0,-5.321579433656E0));
#5121=CARTESIAN_POINT('',(1.273211776823E1,8.690411524270E0,-5.320102649840E0));
#5123=DIRECTION('',(-8.676927581420E-1,4.942204766233E-1,5.343592381663E-2));
#5124=VECTOR('',#5123,2.184001248974E0);
#5125=CARTESIAN_POINT('',(1.273211776823E1,8.690411524270E0,-5.320102649840E0));
#5126=LINE('',#5125,#5124);
#5127=CARTESIAN_POINT('',(1.083707570072E1,9.769789662484E0,-5.203398525485E0));
#5128=CARTESIAN_POINT('',(1.081831309327E1,9.780476456468E0,-5.202243051893E0));
#5129=CARTESIAN_POINT('',(1.077656358966E1,9.794281742353E0,-5.200750401872E0));
#5130=CARTESIAN_POINT('',(1.069044006070E1,9.792644189859E0,-5.200927456718E0));
#5131=CARTESIAN_POINT('',(1.059735037377E1,9.737025281387E0,-5.206941063795E0));
#5132=CARTESIAN_POINT('',(1.056606666788E1,9.654122411380E0,-5.215904657283E0));
#5133=CARTESIAN_POINT('',(1.056620129465E1,9.613157868993E0,-5.220333810403E0));
#5135=CARTESIAN_POINT('',(1.056952492159E1,8.601878598797E0,-5.329674974106E0));
#5136=CARTESIAN_POINT('',(1.056961536791E1,8.574359125228E0,-5.332650424461E0));
#5137=CARTESIAN_POINT('',(1.058204883195E1,8.518427529930E0,-5.338697839749E0));
#5138=CARTESIAN_POINT('',(1.062432745138E1,8.446334299065E0,-5.346492677426E0));
#5139=CARTESIAN_POINT('',(1.066716559941E1,8.408022224713E0,-5.350635041378E0));
#5140=CARTESIAN_POINT('',(1.069121172541E1,8.394384570350E0,-5.352109566805E0));
#5142=DIRECTION('',(8.686404984260E-1,-4.925721284254E-1,-5.325770172169E-2));
#5143=VECTOR('',#5142,6.740423813885E-1);
#5144=CARTESIAN_POINT('',(1.069121172541E1,8.394384570350E0,-5.352109566805E0));
#5145=LINE('',#5144,#5143);
#5146=CARTESIAN_POINT('',(1.127671223554E1,8.062370079900E0,-5.388007514901E0));
#5147=CARTESIAN_POINT('',(1.129298381728E1,8.053145752815E0,-5.389004864187E0));
#5148=CARTESIAN_POINT('',(1.131680394626E1,8.017539823914E0,-5.392854635279E0));
#5149=CARTESIAN_POINT('',(1.132547408953E1,7.958704554074E0,-5.399216000592E0));
#5150=CARTESIAN_POINT('',(1.131733258620E1,7.899739038096E0,-5.405591448330E0));
#5151=CARTESIAN_POINT('',(1.129380725273E1,7.863752449001E0,-5.409482377023E0));
#5152=CARTESIAN_POINT('',(1.127751101345E1,7.854369345506E0,-5.410496893473E0));
#5154=DIRECTION('',(-8.653535741230E-1,-4.982579151346E-1,-5.387245825312E-2));
#5155=VECTOR('',#5154,6.741997359870E-1);
#5156=CARTESIAN_POINT('',(1.127751101345E1,7.854369345506E0,-5.410496893473E0));
#5157=LINE('',#5156,#5155);
#5158=CARTESIAN_POINT('',(1.069408986224E1,7.518443990669E0,-5.446817690604E0));
#5159=CARTESIAN_POINT('',(1.067013375041E1,7.504650386886E0,-5.448309077538E0));
#5160=CARTESIAN_POINT('',(1.062754963035E1,7.466059346821E0,-5.452481603716E0));
#5161=CARTESIAN_POINT('',(1.058574471974E1,7.393693642505E0,-5.460305901668E0));
#5162=CARTESIAN_POINT('',(1.057368102592E1,7.337682210392E0,-5.466361949041E0));
#5163=CARTESIAN_POINT('',(1.057377138218E1,7.310162917741E0,-5.469337379836E0));
#5165=DIRECTION('',(-1.127971938075E-8,1.074951252910E-1,-9.942056115506E-1));
#5166=VECTOR('',#5165,4.000000000001E-1);
#5167=CARTESIAN_POINT('',(1.273689946199E1,7.235684707836E0,-5.477390085337E0));
#5168=LINE('',#5167,#5166);
#5169=DIRECTION('',(3.276245941203E-9,-1.074961281193E-1,9.942055031227E-1));
#5170=VECTOR('',#5169,4.000000000006E-1);
#5171=CARTESIAN_POINT('',(1.285683226616E1,7.486741689899E0,-5.852576658971E0));
#5172=LINE('',#5171,#5170);
#5173=DIRECTION('',(3.266519397571E-3,-9.942003066703E-1,-1.074945583172E-1));
#5174=VECTOR('',#5173,1.045457911451E0);
#5175=CARTESIAN_POINT('',(1.285341725892E1,8.483137814827E0,-5.342513421290E0));
#5176=LINE('',#5175,#5174);
#5177=DIRECTION('',(1.637538993293E-9,1.074946325653E-1,-9.942056648248E-1));
#5178=VECTOR('',#5177,4.000000000001E-1);
#5179=CARTESIAN_POINT('',(1.285341725892E1,8.483137814827E0,-5.342513421290E0));
#5180=LINE('',#5179,#5178);
#5181=DIRECTION('',(4.372667028452E-7,-1.074953808710E-1,9.942055839167E-1));
#5182=VECTOR('',#5181,4.000000000010E-1);
#5183=CARTESIAN_POINT('',(1.273211759332E1,8.733409676618E0,-5.717784883408E0));
#5184=LINE('',#5183,#5182);
#5185=DIRECTION('',(-4.999999999993E-1,-8.610073155775E-1,-9.309351493391E-2));
#5186=VECTOR('',#5185,1.962990915147E0);
#5187=CARTESIAN_POINT('',(-4.882790561915E1,9.640646168232E0,
-2.736360794838E0));
#5188=LINE('',#5187,#5186);
#5189=CARTESIAN_POINT('',(-4.946299091524E1,7.751655507646E0,
-2.940601545282E0));
#5190=DIRECTION('',(0.E0,-1.074951318136E-1,9.942056108454E-1));
#5191=DIRECTION('',(-8.660254036253E-1,4.971028056966E-1,5.374756593642E-2));
#5192=AXIS2_PLACEMENT_3D('',#5189,#5190,#5191);
#5194=DIRECTION('',(4.999999999995E-1,-8.610073155774E-1,-9.309351493376E-2));
#5195=VECTOR('',#5194,1.962990915054E0);
#5196=CARTESIAN_POINT('',(-4.980940107670E1,7.552814385385E0,
-2.962100571654E0));
#5197=LINE('',#5196,#5195);
#5198=CARTESIAN_POINT('',(-4.848149545762E1,6.061505969208E0,
-3.123343269365E0));
#5199=DIRECTION('',(0.E0,-1.074951318136E-1,9.942056108454E-1));
#5200=DIRECTION('',(-8.660254039743E-1,-4.971028050958E-1,-5.374756587146E-2));
#5201=AXIS2_PLACEMENT_3D('',#5198,#5199,#5200);
#5203=DIRECTION('',(1.E0,0.E0,0.E0));
#5204=VECTOR('',#5203,1.962990915243E0);
#5205=CARTESIAN_POINT('',(-4.848149545762E1,5.663823724870E0,
-3.166341322090E0));
#5206=LINE('',#5205,#5204);
#5207=CARTESIAN_POINT('',(-4.651850454238E1,6.061505969208E0,
-3.123343269365E0));
#5208=DIRECTION('',(0.E0,-1.074951318136E-1,9.942056108454E-1));
#5209=DIRECTION('',(1.598721155460E-11,-9.942056108454E-1,-1.074951318136E-1));
#5210=AXIS2_PLACEMENT_3D('',#5207,#5208,#5209);
#5212=DIRECTION('',(4.999999999995E-1,8.610073155774E-1,9.309351493376E-2));
#5213=VECTOR('',#5212,1.962990915074E0);
#5214=CARTESIAN_POINT('',(-4.617209438083E1,5.862664847104E0,
-3.144842295721E0));
#5215=LINE('',#5214,#5213);
#5216=CARTESIAN_POINT('',(-4.553700908476E1,7.751655507646E0,
-2.940601545282E0));
#5217=DIRECTION('',(0.E0,-1.074951318136E-1,9.942056108454E-1));
#5218=DIRECTION('',(8.660254035982E-1,-4.971028057434E-1,-5.374756594148E-2));
#5219=AXIS2_PLACEMENT_3D('',#5216,#5217,#5218);
#5221=DIRECTION('',(-4.999999999993E-1,8.610073155775E-1,9.309351493391E-2));
#5222=VECTOR('',#5221,1.962990915094E0);
#5223=CARTESIAN_POINT('',(-4.519059892329E1,7.950496629899E0,
-2.919102518910E0));
#5224=LINE('',#5223,#5222);
#5225=CARTESIAN_POINT('',(-4.651850454238E1,9.441805046086E0,
-2.757859821198E0));
#5226=DIRECTION('',(0.E0,-1.074951318136E-1,9.942056108454E-1));
#5227=DIRECTION('',(8.660254038859E-1,4.971028052480E-1,5.374756588791E-2));
#5228=AXIS2_PLACEMENT_3D('',#5225,#5226,#5227);
#5230=DIRECTION('',(-1.E0,0.E0,0.E0));
#5231=VECTOR('',#5230,1.962990915216E0);
#5232=CARTESIAN_POINT('',(-4.651850454239E1,9.839487290421E0,
-2.714861768473E0));
#5233=LINE('',#5232,#5231);
#5234=CARTESIAN_POINT('',(-4.848149545762E1,9.441805046086E0,
-2.757859821198E0));
#5235=DIRECTION('',(0.E0,-1.074951318136E-1,9.942056108454E-1));
#5236=DIRECTION('',(1.544364636175E-10,9.942056108454E-1,1.074951318136E-1));
#5237=AXIS2_PLACEMENT_3D('',#5234,#5235,#5236);
#5239=CARTESIAN_POINT('',(-4.75E1,7.751655507646E0,-2.940601545282E0));
#5240=DIRECTION('',(0.E0,1.074951318136E-1,-9.942056108454E-1));
#5241=DIRECTION('',(-1.E0,-2.860706840495E-12,-3.093177887738E-13));
#5242=AXIS2_PLACEMENT_3D('',#5239,#5240,#5241);
#5244=CARTESIAN_POINT('',(-4.75E1,7.751655507646E0,-2.940601545282E0));
#5245=DIRECTION('',(0.E0,1.074951318136E-1,-9.942056108454E-1));
#5246=DIRECTION('',(1.E0,-2.863023827677E-12,-3.093177887738E-13));
#5247=AXIS2_PLACEMENT_3D('',#5244,#5245,#5246);
#5249=DIRECTION('',(-1.263131981729E-11,1.074951317918E-1,-9.942056108477E-1));
#5250=VECTOR('',#5249,2.866625050913E0);
#5251=CARTESIAN_POINT('',(-4.980940107672E1,7.950496629878E0,
-2.919102518912E0));
#5252=LINE('',#5251,#5250);
#5253=DIRECTION('',(1.832979004098E-11,-1.074951318449E-1,9.942056108420E-1));
#5254=VECTOR('',#5253,2.866625050914E0);
#5255=CARTESIAN_POINT('',(-4.980940107676E1,7.860962623183E0,
-5.812115281453E0));
#5256=LINE('',#5255,#5254);
#5257=DIRECTION('',(1.488939131523E-11,1.074951317876E-1,-9.942056108482E-1));
#5258=VECTOR('',#5257,2.866625050914E0);
#5259=CARTESIAN_POINT('',(-4.882790561918E1,5.862664847112E0,
-3.144842295720E0));
#5260=LINE('',#5259,#5258);
#5261=DIRECTION('',(-2.900047917234E-13,-1.074951318136E-1,9.942056108454E-1));
#5262=VECTOR('',#5261,2.866625050914E0);
#5263=CARTESIAN_POINT('',(-4.848149545762E1,5.971971962578E0,
-6.016356031898E0));
#5264=LINE('',#5263,#5262);
#5265=DIRECTION('',(1.E0,0.E0,0.E0));
#5266=VECTOR('',#5265,1.962990915240E0);
#5267=CARTESIAN_POINT('',(-4.848149545762E1,5.971971962578E0,
-6.016356031898E0));
#5268=LINE('',#5267,#5266);
#5269=DIRECTION('',(-6.692418270540E-13,1.074951318136E-1,-9.942056108454E-1));
#5270=VECTOR('',#5269,2.866625050914E0);
#5271=CARTESIAN_POINT('',(-4.651850454238E1,5.663823724870E0,
-3.166341322090E0));
#5272=LINE('',#5271,#5270);
#5273=DIRECTION('',(1.306756634159E-11,-1.074951317906E-1,9.942056108478E-1));
#5274=VECTOR('',#5273,2.866625050914E0);
#5275=CARTESIAN_POINT('',(-4.617209438086E1,6.170813084746E0,
-5.994857005536E0));
#5276=LINE('',#5275,#5274);
#5277=DIRECTION('',(1.656001720944E-11,1.074951318416E-1,-9.942056108423E-1));
#5278=VECTOR('',#5277,2.866625050914E0);
#5279=CARTESIAN_POINT('',(-4.519059892329E1,7.552814385395E0,
-2.962100571653E0));
#5280=LINE('',#5279,#5278);
#5281=DIRECTION('',(-1.703592250868E-11,-1.074951317848E-1,9.942056108485E-1));
#5282=VECTOR('',#5281,2.866625050914E0);
#5283=CARTESIAN_POINT('',(-4.519059892324E1,8.258644867524E0,
-5.769117228727E0));
#5284=LINE('',#5283,#5282);
#5285=DIRECTION('',(-9.503233944167E-12,1.074951318305E-1,-9.942056108435E-1));
#5286=VECTOR('',#5285,2.866625050914E0);
#5287=CARTESIAN_POINT('',(-4.617209438084E1,9.640646168207E0,
-2.736360794841E0));
#5288=LINE('',#5287,#5286);
#5289=DIRECTION('',(-3.824593107942E-12,-1.074951318131E-1,9.942056108454E-1));
#5290=VECTOR('',#5289,2.866625050914E0);
#5291=CARTESIAN_POINT('',(-4.651850454238E1,1.014763552813E1,
-5.564876478281E0));
#5292=LINE('',#5291,#5290);
#5293=DIRECTION('',(-1.E0,0.E0,0.E0));
#5294=VECTOR('',#5293,1.962990915240E0);
#5295=CARTESIAN_POINT('',(-4.651850454238E1,1.014763552813E1,
-5.564876478281E0));
#5296=LINE('',#5295,#5294);
#5297=DIRECTION('',(-4.424432078857E-12,1.074951318131E-1,-9.942056108454E-1));
#5298=VECTOR('',#5297,2.866625050914E0);
#5299=CARTESIAN_POINT('',(-4.848149545761E1,9.839487290421E0,
-2.714861768473E0));
#5300=LINE('',#5299,#5298);
#5301=DIRECTION('',(-4.553323097401E-12,-1.074951318214E-1,9.942056108445E-1));
#5302=VECTOR('',#5301,2.866625050914E0);
#5303=CARTESIAN_POINT('',(-4.882790561913E1,9.948794405963E0,
-5.586375504644E0));
#5304=LINE('',#5303,#5302);
#5305=DIRECTION('',(0.E0,-1.074951318130E-1,9.942056108454E-1));
#5306=VECTOR('',#5305,1.7E0);
#5307=CARTESIAN_POINT('',(-4.635E1,7.751655507645E0,-2.940601545282E0));
#5308=LINE('',#5307,#5306);
#5309=DIRECTION('',(0.E0,1.074951318130E-1,-9.942056108454E-1));
#5310=VECTOR('',#5309,1.7E0);
#5311=CARTESIAN_POINT('',(-4.865E1,7.568913783561E0,-1.250452006845E0));
#5312=LINE('',#5311,#5310);
#5313=CARTESIAN_POINT('',(-4.75E1,7.568913783568E0,-1.250452006844E0));
#5314=DIRECTION('',(0.E0,1.074951318136E-1,-9.942056108454E-1));
#5315=DIRECTION('',(-1.E0,-1.785021994714E-12,-1.932329635055E-13));
#5316=AXIS2_PLACEMENT_3D('',#5313,#5314,#5315);
#5318=CARTESIAN_POINT('',(-4.75E1,7.568913783568E0,-1.250452006844E0));
#5319=DIRECTION('',(0.E0,1.074951318136E-1,-9.942056108454E-1));
#5320=DIRECTION('',(1.E0,-1.801485789811E-12,-1.945327368026E-13));
#5321=AXIS2_PLACEMENT_3D('',#5318,#5319,#5320);
#5323=CARTESIAN_POINT('',(-4.75E1,7.568913783563E0,-1.250452006845E0));
#5324=DIRECTION('',(0.E0,-1.074951318136E-1,9.942056108454E-1));
#5325=DIRECTION('',(-1.E0,-7.723290606088E-14,0.E0));
#5326=AXIS2_PLACEMENT_3D('',#5323,#5324,#5325);
#5328=CARTESIAN_POINT('',(-4.75E1,7.568913783563E0,-1.250452006845E0));
#5329=DIRECTION('',(0.E0,-1.074951318136E-1,9.942056108454E-1));
#5330=DIRECTION('',(1.E0,-7.723290606088E-14,0.E0));
#5331=AXIS2_PLACEMENT_3D('',#5328,#5329,#5330);
#5333=DIRECTION('',(2.013204417987E-13,1.074951318118E-1,-9.942056108455E-1));
#5334=VECTOR('',#5333,1.2E0);
#5335=CARTESIAN_POINT('',(-4.955E1,7.568913783560E0,-1.250452006845E0));
#5336=LINE('',#5335,#5334);
#5337=DIRECTION('',(2.072416312634E-13,1.074951318146E-1,-9.942056108452E-1));
#5338=VECTOR('',#5337,1.2E0);
#5339=CARTESIAN_POINT('',(-4.545E1,7.568913783566E0,-1.250452006845E0));
#5340=LINE('',#5339,#5338);
#5341=DIRECTION('',(-1.262884114385E-11,1.074951317918E-1,-9.942056108477E-1));
#5342=VECTOR('',#5341,2.866625050913E0);
#5343=CARTESIAN_POINT('',(4.519059892328E1,7.950496629878E0,-2.919102518912E0));
#5344=LINE('',#5343,#5342);
#5345=DIRECTION('',(1.840910759085E-11,-1.074951318449E-1,9.942056108420E-1));
#5346=VECTOR('',#5345,2.866625050913E0);
#5347=CARTESIAN_POINT('',(4.519059892324E1,7.860962623183E0,-5.812115281453E0));
#5348=LINE('',#5347,#5346);
#5349=DIRECTION('',(4.999999999995E-1,8.610073155774E-1,9.309351493376E-2));
#5350=VECTOR('',#5349,1.962990915075E0);
#5351=CARTESIAN_POINT('',(4.882790561917E1,5.862664847089E0,-3.144842295722E0));
#5352=LINE('',#5351,#5350);
#5353=CARTESIAN_POINT('',(4.946299091524E1,7.751655507646E0,-2.940601545282E0));
#5354=DIRECTION('',(0.E0,-1.074951318136E-1,9.942056108454E-1));
#5355=DIRECTION('',(8.660254035406E-1,-4.971028058425E-1,-5.374756595219E-2));
#5356=AXIS2_PLACEMENT_3D('',#5353,#5354,#5355);
#5358=DIRECTION('',(-4.999999999993E-1,8.610073155775E-1,9.309351493391E-2));
#5359=VECTOR('',#5358,1.962990915094E0);
#5360=CARTESIAN_POINT('',(4.980940107671E1,7.950496629899E0,-2.919102518910E0));
#5361=LINE('',#5360,#5359);
#5362=CARTESIAN_POINT('',(4.848149545762E1,9.441805046086E0,-2.757859821198E0));
#5363=DIRECTION('',(0.E0,-1.074951318136E-1,9.942056108454E-1));
#5364=DIRECTION('',(8.660254038859E-1,4.971028052480E-1,5.374756588791E-2));
#5365=AXIS2_PLACEMENT_3D('',#5362,#5363,#5364);
#5367=DIRECTION('',(-1.E0,0.E0,0.E0));
#5368=VECTOR('',#5367,1.962990915216E0);
#5369=CARTESIAN_POINT('',(4.848149545761E1,9.839487290421E0,-2.714861768473E0));
#5370=LINE('',#5369,#5368);
#5371=CARTESIAN_POINT('',(4.651850454238E1,9.441805046086E0,-2.757859821198E0));
#5372=DIRECTION('',(0.E0,-1.074951318136E-1,9.942056108454E-1));
#5373=DIRECTION('',(1.544364636175E-10,9.942056108454E-1,1.074951318136E-1));
#5374=AXIS2_PLACEMENT_3D('',#5371,#5372,#5373);
#5376=DIRECTION('',(-4.999999999993E-1,-8.610073155775E-1,-9.309351493391E-2));
#5377=VECTOR('',#5376,1.962990915148E0);
#5378=CARTESIAN_POINT('',(4.617209438085E1,9.640646168232E0,-2.736360794838E0));
#5379=LINE('',#5378,#5377);
#5380=CARTESIAN_POINT('',(4.553700908476E1,7.751655507646E0,-2.940601545282E0));
#5381=DIRECTION('',(0.E0,-1.074951318136E-1,9.942056108454E-1));
#5382=DIRECTION('',(-8.660254036253E-1,4.971028056966E-1,5.374756593642E-2));
#5383=AXIS2_PLACEMENT_3D('',#5380,#5381,#5382);
#5385=DIRECTION('',(4.999999999995E-1,-8.610073155774E-1,-9.309351493376E-2));
#5386=VECTOR('',#5385,1.962990915054E0);
#5387=CARTESIAN_POINT('',(4.519059892330E1,7.552814385385E0,-2.962100571654E0));
#5388=LINE('',#5387,#5386);
#5389=CARTESIAN_POINT('',(4.651850454238E1,6.061505969208E0,-3.123343269365E0));
#5390=DIRECTION('',(0.E0,-1.074951318136E-1,9.942056108454E-1));
#5391=DIRECTION('',(-8.660254039750E-1,-4.971028050945E-1,-5.374756587131E-2));
#5392=AXIS2_PLACEMENT_3D('',#5389,#5390,#5391);
#5394=DIRECTION('',(1.E0,0.E0,0.E0));
#5395=VECTOR('',#5394,1.962990915243E0);
#5396=CARTESIAN_POINT('',(4.651850454238E1,5.663823724870E0,-3.166341322090E0));
#5397=LINE('',#5396,#5395);
#5398=CARTESIAN_POINT('',(4.848149545762E1,6.061505969208E0,-3.123343269365E0));
#5399=DIRECTION('',(0.E0,-1.074951318136E-1,9.942056108454E-1));
#5400=DIRECTION('',(1.598721155460E-11,-9.942056108454E-1,-1.074951318136E-1));
#5401=AXIS2_PLACEMENT_3D('',#5398,#5399,#5400);
#5403=CARTESIAN_POINT('',(4.75E1,7.751655507646E0,-2.940601545282E0));
#5404=DIRECTION('',(0.E0,1.074951318136E-1,-9.942056108454E-1));
#5405=DIRECTION('',(-1.E0,-2.863023827677E-12,-3.097039533041E-13));
#5406=AXIS2_PLACEMENT_3D('',#5403,#5404,#5405);
#5408=CARTESIAN_POINT('',(4.75E1,7.751655507646E0,-2.940601545282E0));
#5409=DIRECTION('',(0.E0,1.074951318136E-1,-9.942056108454E-1));
#5410=DIRECTION('',(1.E0,-2.860706840495E-12,-3.089316242435E-13));
#5411=AXIS2_PLACEMENT_3D('',#5408,#5409,#5410);
#5413=DIRECTION('',(1.883791809485E-11,1.074951318464E-1,-9.942056108418E-1));
#5414=VECTOR('',#5413,2.866625050913E0);
#5415=CARTESIAN_POINT('',(4.980940107670E1,7.552814385381E0,-2.962100571655E0));
#5416=LINE('',#5415,#5414);
#5417=DIRECTION('',(-1.713259077258E-11,-1.074951317848E-1,9.942056108485E-1));
#5418=VECTOR('',#5417,2.866625050914E0);
#5419=CARTESIAN_POINT('',(4.980940107676E1,8.258644867525E0,-5.769117228727E0));
#5420=LINE('',#5419,#5418);
#5421=DIRECTION('',(-9.414001700559E-12,1.074951318306E-1,-9.942056108435E-1));
#5422=VECTOR('',#5421,2.866625050914E0);
#5423=CARTESIAN_POINT('',(4.882790561916E1,9.640646168207E0,-2.736360794840E0));
#5424=LINE('',#5423,#5422);
#5425=DIRECTION('',(-3.829550454809E-12,-1.074951318131E-1,9.942056108454E-1));
#5426=VECTOR('',#5425,2.866625050914E0);
#5427=CARTESIAN_POINT('',(4.848149545762E1,1.014763552813E1,-5.564876478281E0));
#5428=LINE('',#5427,#5426);
#5429=DIRECTION('',(-1.E0,0.E0,0.E0));
#5430=VECTOR('',#5429,1.962990915240E0);
#5431=CARTESIAN_POINT('',(4.848149545762E1,1.014763552813E1,-5.564876478281E0));
#5432=LINE('',#5431,#5430);
#5433=DIRECTION('',(-4.426910752290E-12,1.074951318131E-1,-9.942056108454E-1));
#5434=VECTOR('',#5433,2.866625050914E0);
#5435=CARTESIAN_POINT('',(4.651850454239E1,9.839487290421E0,-2.714861768473E0));
#5436=LINE('',#5435,#5434);
#5437=DIRECTION('',(-4.526057689632E-12,-1.074951318214E-1,9.942056108445E-1));
#5438=VECTOR('',#5437,2.866625050914E0);
#5439=CARTESIAN_POINT('',(4.617209438087E1,9.948794405963E0,-5.586375504644E0));
#5440=LINE('',#5439,#5438);
#5441=DIRECTION('',(-7.039432551235E-13,1.074951318136E-1,-9.942056108454E-1));
#5442=VECTOR('',#5441,2.866625050914E0);
#5443=CARTESIAN_POINT('',(4.848149545762E1,5.663823724870E0,-3.166341322090E0));
#5444=LINE('',#5443,#5442);
#5445=DIRECTION('',(1.065581709076E-11,-1.074951317956E-1,9.942056108473E-1));
#5446=VECTOR('',#5445,2.866625050913E0);
#5447=CARTESIAN_POINT('',(4.882790561914E1,6.170813084746E0,-5.994857005536E0));
#5448=LINE('',#5447,#5446);
#5449=DIRECTION('',(1.E0,0.E0,0.E0));
#5450=VECTOR('',#5449,1.962990915240E0);
#5451=CARTESIAN_POINT('',(4.651850454238E1,5.971971962578E0,-6.016356031898E0));
#5452=LINE('',#5451,#5450);
#5453=DIRECTION('',(1.477289366386E-11,1.074951317877E-1,-9.942056108481E-1));
#5454=VECTOR('',#5453,2.866625050913E0);
#5455=CARTESIAN_POINT('',(4.617209438082E1,5.862664847112E0,-3.144842295720E0));
#5456=LINE('',#5455,#5454);
#5457=DIRECTION('',(-2.924834651569E-13,-1.074951318136E-1,9.942056108454E-1));
#5458=VECTOR('',#5457,2.866625050914E0);
#5459=CARTESIAN_POINT('',(4.651850454238E1,5.971971962578E0,-6.016356031898E0));
#5460=LINE('',#5459,#5458);
#5461=DIRECTION('',(0.E0,-1.074951318130E-1,9.942056108454E-1));
#5462=VECTOR('',#5461,1.7E0);
#5463=CARTESIAN_POINT('',(4.865E1,7.751655507645E0,-2.940601545282E0));
#5464=LINE('',#5463,#5462);
#5465=DIRECTION('',(0.E0,1.074951318130E-1,-9.942056108454E-1));
#5466=VECTOR('',#5465,1.7E0);
#5467=CARTESIAN_POINT('',(4.635E1,7.568913783563E0,-1.250452006845E0));
#5468=LINE('',#5467,#5466);
#5469=CARTESIAN_POINT('',(4.75E1,7.568913783568E0,-1.250452006844E0));
#5470=DIRECTION('',(0.E0,1.074951318136E-1,-9.942056108454E-1));
#5471=DIRECTION('',(-1.E0,-1.799752758748E-12,-1.947493656855E-13));
#5472=AXIS2_PLACEMENT_3D('',#5469,#5470,#5471);
#5474=CARTESIAN_POINT('',(4.75E1,7.568913783568E0,-1.250452006844E0));
#5475=DIRECTION('',(0.E0,1.074951318136E-1,-9.942056108454E-1));
#5476=DIRECTION('',(1.E0,-1.796286696623E-12,-1.939911645955E-13));
#5477=AXIS2_PLACEMENT_3D('',#5474,#5475,#5476);
#5479=CARTESIAN_POINT('',(4.75E1,7.568913783563E0,-1.250452006845E0));
#5480=DIRECTION('',(0.E0,-1.074951318136E-1,9.942056108454E-1));
#5481=DIRECTION('',(-1.E0,-7.800523512149E-14,0.E0));
#5482=AXIS2_PLACEMENT_3D('',#5479,#5480,#5481);
#5484=CARTESIAN_POINT('',(4.75E1,7.568913783563E0,-1.250452006845E0));
#5485=DIRECTION('',(0.E0,-1.074951318136E-1,9.942056108454E-1));
#5486=DIRECTION('',(1.E0,-7.646057700027E-14,0.E0));
#5487=AXIS2_PLACEMENT_3D('',#5484,#5485,#5486);
#5489=DIRECTION('',(1.953992523341E-13,1.074951318118E-1,-9.942056108455E-1));
#5490=VECTOR('',#5489,1.2E0);
#5491=CARTESIAN_POINT('',(4.545E1,7.568913783560E0,-1.250452006845E0));
#5492=LINE('',#5491,#5490);
#5493=DIRECTION('',(2.013204417987E-13,1.074951318146E-1,-9.942056108452E-1));
#5494=VECTOR('',#5493,1.2E0);
#5495=CARTESIAN_POINT('',(4.955E1,7.568913783566E0,-1.250452006845E0));
#5496=LINE('',#5495,#5494);
#5497=CARTESIAN_POINT('',(-8.400000000003E1,1.887670759142E1,
-4.621074972778E0));
#5498=CARTESIAN_POINT('',(-8.400000000003E1,1.932193413591E1,
-4.091959039859E0));
#5499=VERTEX_POINT('',#5497);
#5500=VERTEX_POINT('',#5498);
#5501=CARTESIAN_POINT('',(-8.4E1,1.832816007175E1,1.139754856992E1));
#5502=VERTEX_POINT('',#5501);
#5503=CARTESIAN_POINT('',(-8.4E1,1.513472578413E1,1.119266457675E1));
#5504=VERTEX_POINT('',#5503);
#5505=CARTESIAN_POINT('',(-8.4E1,1.592168754040E1,-1.073352970456E0));
#5506=VERTEX_POINT('',#5505);
#5507=CARTESIAN_POINT('',(-8.4E1,1.547646099916E1,-1.602468899497E0));
#5508=VERTEX_POINT('',#5507);
#5509=CARTESIAN_POINT('',(8.4E1,1.547646099857E1,-1.602468899486E0));
#5510=VERTEX_POINT('',#5509);
#5511=CARTESIAN_POINT('',(8.4E1,1.592168754026E1,-1.073352969458E0));
#5512=VERTEX_POINT('',#5511);
#5513=CARTESIAN_POINT('',(8.4E1,1.513472578413E1,1.119266457675E1));
#5514=VERTEX_POINT('',#5513);
#5515=CARTESIAN_POINT('',(8.4E1,1.832816007175E1,1.139754856992E1));
#5516=VERTEX_POINT('',#5515);
#5517=CARTESIAN_POINT('',(8.399999999998E1,1.932193413657E1,-4.091959044510E0));
#5518=VERTEX_POINT('',#5517);
#5519=CARTESIAN_POINT('',(8.399999999997E1,1.887670759824E1,-4.621074972526E0));
#5520=VERTEX_POINT('',#5519);
#5521=CARTESIAN_POINT('',(2.549999999999E0,1.855293555063E1,7.894074676558E0));
#5522=CARTESIAN_POINT('',(-2.550000000001E0,1.855293555031E1,7.894074681576E0));
#5523=VERTEX_POINT('',#5521);
#5524=VERTEX_POINT('',#5522);
#5525=CARTESIAN_POINT('',(2.655E1,1.906514553357E1,-8.951104248935E-2));
#5526=CARTESIAN_POINT('',(2.145E1,1.906514553325E1,-8.951103747134E-2));
#5527=VERTEX_POINT('',#5525);
#5528=VERTEX_POINT('',#5526);
#5529=CARTESIAN_POINT('',(-5.450000000001E0,1.906514553357E1,
-8.951104248935E-2));
#5530=CARTESIAN_POINT('',(-1.055E1,1.906514553325E1,-8.951103747134E-2));
#5531=VERTEX_POINT('',#5529);
#5532=VERTEX_POINT('',#5530);
#5533=CARTESIAN_POINT('',(-1.345E1,1.906514553357E1,-8.951104248935E-2));
#5534=CARTESIAN_POINT('',(-1.855E1,1.906514553325E1,-8.951103747134E-2));
#5535=VERTEX_POINT('',#5533);
#5536=VERTEX_POINT('',#5534);
#5537=CARTESIAN_POINT('',(-2.145E1,1.906514553357E1,-8.951104248935E-2));
#5538=CARTESIAN_POINT('',(-2.655E1,1.906514553325E1,-8.951103747134E-2));
#5539=VERTEX_POINT('',#5537);
#5540=VERTEX_POINT('',#5538);
#5541=CARTESIAN_POINT('',(-2.945E1,1.906514553357E1,-8.951104248935E-2));
#5542=CARTESIAN_POINT('',(-3.455E1,1.906514553325E1,-8.951103747134E-2));
#5543=VERTEX_POINT('',#5541);
#5544=VERTEX_POINT('',#5542);
#5545=CARTESIAN_POINT('',(-6.945E1,1.906514553357E1,-8.951104248935E-2));
#5546=CARTESIAN_POINT('',(-7.455E1,1.906514553325E1,-8.951103747134E-2));
#5547=VERTEX_POINT('',#5545);
#5548=VERTEX_POINT('',#5546);
#5549=CARTESIAN_POINT('',(-4.545E1,1.906514553357E1,-8.951104248935E-2));
#5550=CARTESIAN_POINT('',(-5.055E1,1.906514553325E1,-8.951103747134E-2));
#5551=VERTEX_POINT('',#5549);
#5552=VERTEX_POINT('',#5550);
#5553=CARTESIAN_POINT('',(-5.345E1,1.906514553357E1,-8.951104248935E-2));
#5554=CARTESIAN_POINT('',(-5.855E1,1.906514553325E1,-8.951103747134E-2));
#5555=VERTEX_POINT('',#5553);
#5556=VERTEX_POINT('',#5554);
#5557=CARTESIAN_POINT('',(-7.745E1,1.906514553357E1,-8.951104248935E-2));
#5558=CARTESIAN_POINT('',(-8.255E1,1.906514553325E1,-8.951103747134E-2));
#5559=VERTEX_POINT('',#5557);
#5560=VERTEX_POINT('',#5558);
#5561=CARTESIAN_POINT('',(-3.745E1,1.906514553357E1,-8.951104248935E-2));
#5562=CARTESIAN_POINT('',(-4.255E1,1.906514553325E1,-8.951103747134E-2));
#5563=VERTEX_POINT('',#5561);
#5564=VERTEX_POINT('',#5562);
#5565=CARTESIAN_POINT('',(-6.145E1,1.906514553357E1,-8.951104248935E-2));
#5566=CARTESIAN_POINT('',(-6.655E1,1.906514553325E1,-8.951103747134E-2));
#5567=VERTEX_POINT('',#5565);
#5568=VERTEX_POINT('',#5566);
#5569=CARTESIAN_POINT('',(6.655E1,1.855293555063E1,7.894074676558E0));
#5570=CARTESIAN_POINT('',(6.145E1,1.855293555031E1,7.894074681576E0));
#5571=VERTEX_POINT('',#5569);
#5572=VERTEX_POINT('',#5570);
#5573=CARTESIAN_POINT('',(5.855E1,1.855293555063E1,7.894074676558E0));
#5574=CARTESIAN_POINT('',(5.345E1,1.855293555031E1,7.894074681576E0));
#5575=VERTEX_POINT('',#5573);
#5576=VERTEX_POINT('',#5574);
#5577=CARTESIAN_POINT('',(5.055E1,1.855293555063E1,7.894074676558E0));
#5578=CARTESIAN_POINT('',(4.545E1,1.855293555031E1,7.894074681576E0));
#5579=VERTEX_POINT('',#5577);
#5580=VERTEX_POINT('',#5578);
#5581=CARTESIAN_POINT('',(4.255E1,1.855293555063E1,7.894074676558E0));
#5582=CARTESIAN_POINT('',(3.745E1,1.855293555031E1,7.894074681576E0));
#5583=VERTEX_POINT('',#5581);
#5584=VERTEX_POINT('',#5582);
#5585=CARTESIAN_POINT('',(3.455E1,1.855293555063E1,7.894074676558E0));
#5586=CARTESIAN_POINT('',(2.945E1,1.855293555031E1,7.894074681576E0));
#5587=VERTEX_POINT('',#5585);
#5588=VERTEX_POINT('',#5586);
#5589=CARTESIAN_POINT('',(2.655E1,1.855293555063E1,7.894074676558E0));
#5590=CARTESIAN_POINT('',(2.145E1,1.855293555031E1,7.894074681576E0));
#5591=VERTEX_POINT('',#5589);
#5592=VERTEX_POINT('',#5590);
#5593=CARTESIAN_POINT('',(1.855E1,1.855293555063E1,7.894074676558E0));
#5594=CARTESIAN_POINT('',(1.345E1,1.855293555031E1,7.894074681576E0));
#5595=VERTEX_POINT('',#5593);
#5596=VERTEX_POINT('',#5594);
#5597=CARTESIAN_POINT('',(1.055E1,1.855293555063E1,7.894074676558E0));
#5598=CARTESIAN_POINT('',(5.449999999999E0,1.855293555031E1,7.894074681576E0));
#5599=VERTEX_POINT('',#5597);
#5600=VERTEX_POINT('',#5598);
#5601=CARTESIAN_POINT('',(-5.450000000001E0,1.855293555063E1,7.894074676558E0));
#5602=CARTESIAN_POINT('',(-1.055E1,1.855293555031E1,7.894074681576E0));
#5603=VERTEX_POINT('',#5601);
#5604=VERTEX_POINT('',#5602);
#5605=CARTESIAN_POINT('',(-1.345E1,1.855293555063E1,7.894074676558E0));
#5606=CARTESIAN_POINT('',(-1.855E1,1.855293555031E1,7.894074681576E0));
#5607=VERTEX_POINT('',#5605);
#5608=VERTEX_POINT('',#5606);
#5609=CARTESIAN_POINT('',(-2.145E1,1.855293555063E1,7.894074676558E0));
#5610=CARTESIAN_POINT('',(-2.655E1,1.855293555031E1,7.894074681576E0));
#5611=VERTEX_POINT('',#5609);
#5612=VERTEX_POINT('',#5610);
#5613=CARTESIAN_POINT('',(-2.945E1,1.855293555063E1,7.894074676558E0));
#5614=CARTESIAN_POINT('',(-3.455E1,1.855293555031E1,7.894074681576E0));
#5615=VERTEX_POINT('',#5613);
#5616=VERTEX_POINT('',#5614);
#5617=CARTESIAN_POINT('',(-3.745E1,1.855293555063E1,7.894074676558E0));
#5618=CARTESIAN_POINT('',(-4.255E1,1.855293555031E1,7.894074681576E0));
#5619=VERTEX_POINT('',#5617);
#5620=VERTEX_POINT('',#5618);
#5621=CARTESIAN_POINT('',(-4.545E1,1.855293555063E1,7.894074676558E0));
#5622=CARTESIAN_POINT('',(-5.055E1,1.855293555031E1,7.894074681576E0));
#5623=VERTEX_POINT('',#5621);
#5624=VERTEX_POINT('',#5622);
#5625=CARTESIAN_POINT('',(-5.345E1,1.855293555063E1,7.894074676558E0));
#5626=CARTESIAN_POINT('',(-5.855E1,1.855293555031E1,7.894074681576E0));
#5627=VERTEX_POINT('',#5625);
#5628=VERTEX_POINT('',#5626);
#5629=CARTESIAN_POINT('',(-6.145E1,1.855293555063E1,7.894074676558E0));
#5630=CARTESIAN_POINT('',(-6.655E1,1.855293555031E1,7.894074681576E0));
#5631=VERTEX_POINT('',#5629);
#5632=VERTEX_POINT('',#5630);
#5633=CARTESIAN_POINT('',(-6.945E1,1.855293555063E1,7.894074676558E0));
#5634=CARTESIAN_POINT('',(-7.455E1,1.855293555031E1,7.894074681576E0));
#5635=VERTEX_POINT('',#5633);
#5636=VERTEX_POINT('',#5634);
#5637=CARTESIAN_POINT('',(-7.745E1,1.855293555063E1,7.894074676558E0));
#5638=CARTESIAN_POINT('',(-8.255E1,1.855293555031E1,7.894074681576E0));
#5639=VERTEX_POINT('',#5637);
#5640=VERTEX_POINT('',#5638);
#5641=CARTESIAN_POINT('',(6.655E1,1.906514553357E1,-8.951104248935E-2));
#5642=CARTESIAN_POINT('',(6.145E1,1.906514553325E1,-8.951103747134E-2));
#5643=VERTEX_POINT('',#5641);
#5644=VERTEX_POINT('',#5642);
#5645=CARTESIAN_POINT('',(5.855E1,1.906514553357E1,-8.951104248935E-2));
#5646=CARTESIAN_POINT('',(5.345E1,1.906514553325E1,-8.951103747134E-2));
#5647=VERTEX_POINT('',#5645);
#5648=VERTEX_POINT('',#5646);
#5649=CARTESIAN_POINT('',(5.055E1,1.906514553357E1,-8.951104248935E-2));
#5650=CARTESIAN_POINT('',(4.545E1,1.906514553325E1,-8.951103747134E-2));
#5651=VERTEX_POINT('',#5649);
#5652=VERTEX_POINT('',#5650);
#5653=CARTESIAN_POINT('',(4.255E1,1.906514553357E1,-8.951104248935E-2));
#5654=CARTESIAN_POINT('',(3.745E1,1.906514553325E1,-8.951103747134E-2));
#5655=VERTEX_POINT('',#5653);
#5656=VERTEX_POINT('',#5654);
#5657=CARTESIAN_POINT('',(3.455E1,1.906514553357E1,-8.951104248935E-2));
#5658=CARTESIAN_POINT('',(2.945E1,1.906514553325E1,-8.951103747134E-2));
#5659=VERTEX_POINT('',#5657);
#5660=VERTEX_POINT('',#5658);
#5661=CARTESIAN_POINT('',(1.055E1,1.906514553357E1,-8.951104248935E-2));
#5662=CARTESIAN_POINT('',(5.449999999999E0,1.906514553325E1,
-8.951103747134E-2));
#5663=VERTEX_POINT('',#5661);
#5664=VERTEX_POINT('',#5662);
#5665=CARTESIAN_POINT('',(1.855E1,1.906514553357E1,-8.951104248935E-2));
#5666=CARTESIAN_POINT('',(1.345E1,1.906514553325E1,-8.951103747134E-2));
#5667=VERTEX_POINT('',#5665);
#5668=VERTEX_POINT('',#5666);
#5669=CARTESIAN_POINT('',(2.549999999999E0,1.906514553357E1,
-8.951104248935E-2));
#5670=CARTESIAN_POINT('',(-2.550000000001E0,1.906514553325E1,
-8.951103747134E-2));
#5671=VERTEX_POINT('',#5669);
#5672=VERTEX_POINT('',#5670);
#5673=CARTESIAN_POINT('',(7.455E1,1.906514553357E1,-8.951104248935E-2));
#5674=CARTESIAN_POINT('',(6.945E1,1.906514553325E1,-8.951103747134E-2));
#5675=VERTEX_POINT('',#5673);
#5676=VERTEX_POINT('',#5674);
#5677=CARTESIAN_POINT('',(8.255E1,1.906514553357E1,-8.951104248935E-2));
#5678=CARTESIAN_POINT('',(7.745E1,1.906514553325E1,-8.951103747134E-2));
#5679=VERTEX_POINT('',#5677);
#5680=VERTEX_POINT('',#5678);
#5681=CARTESIAN_POINT('',(7.455E1,1.855293555063E1,7.894074676558E0));
#5682=CARTESIAN_POINT('',(6.945E1,1.855293555031E1,7.894074681576E0));
#5683=VERTEX_POINT('',#5681);
#5684=VERTEX_POINT('',#5682);
#5685=CARTESIAN_POINT('',(8.255E1,1.855293555063E1,7.894074676558E0));
#5686=CARTESIAN_POINT('',(7.745E1,1.855293555031E1,7.894074681576E0));
#5687=VERTEX_POINT('',#5685);
#5688=VERTEX_POINT('',#5686);
#5689=CARTESIAN_POINT('',(2.537668487973E0,1.986630532193E1,7.727345887881E0));
#5690=CARTESIAN_POINT('',(2.549999999999E0,1.985026822997E1,7.977308798785E0));
#5691=VERTEX_POINT('',#5689);
#5692=VERTEX_POINT('',#5690);
#5693=CARTESIAN_POINT('',(-2.550000000001E0,1.985026822947E1,7.977308806541E0));
#5694=VERTEX_POINT('',#5693);
#5695=CARTESIAN_POINT('',(2.049999999999E0,2.034924233790E1,8.009321915165E0));
#5696=VERTEX_POINT('',#5695);
#5697=CARTESIAN_POINT('',(2.040086431507E0,2.036213490153E1,7.808371347286E0));
#5698=VERTEX_POINT('',#5697);
#5699=CARTESIAN_POINT('',(-2.05E0,2.034924233718E1,8.009321926368E0));
#5700=VERTEX_POINT('',#5699);
#5701=CARTESIAN_POINT('',(-2.537668488468E0,1.983423113833E1,8.227271704695E0));
#5702=VERTEX_POINT('',#5701);
#5703=CARTESIAN_POINT('',(-2.040086431906E0,2.033634977355E1,8.210272494137E0));
#5704=VERTEX_POINT('',#5703);
#5705=CARTESIAN_POINT('',(2.653766848797E1,2.037851530487E1,
-2.562398311667E-1));
#5706=CARTESIAN_POINT('',(2.655E1,2.036247821291E1,-6.276920262205E-3));
#5707=VERTEX_POINT('',#5705);
#5708=VERTEX_POINT('',#5706);
#5709=CARTESIAN_POINT('',(2.145E1,2.036247821241E1,-6.276912505523E-3));
#5710=VERTEX_POINT('',#5709);
#5711=CARTESIAN_POINT('',(2.605E1,2.086145232084E1,2.573619611832E-2));
#5712=VERTEX_POINT('',#5711);
#5713=CARTESIAN_POINT('',(2.604008643151E1,2.087434488447E1,
-1.752143717610E-1));
#5714=VERTEX_POINT('',#5713);
#5715=CARTESIAN_POINT('',(2.195E1,2.086145232012E1,2.573620731976E-2));
#5716=VERTEX_POINT('',#5715);
#5717=CARTESIAN_POINT('',(2.146233151153E1,2.034644112127E1,2.436859856481E-1));
#5718=VERTEX_POINT('',#5717);
#5719=CARTESIAN_POINT('',(2.195991356809E1,2.084855975649E1,2.266867750888E-1));
#5720=VERTEX_POINT('',#5719);
#5721=CARTESIAN_POINT('',(-5.462331512027E0,2.037851530487E1,
-2.562398311665E-1));
#5722=CARTESIAN_POINT('',(-5.450000000001E0,2.036247821291E1,
-6.276920262205E-3));
#5723=VERTEX_POINT('',#5721);
#5724=VERTEX_POINT('',#5722);
#5725=CARTESIAN_POINT('',(-1.055E1,2.036247821241E1,-6.276912505523E-3));
#5726=VERTEX_POINT('',#5725);
#5727=CARTESIAN_POINT('',(-5.950000000001E0,2.086145232084E1,
2.573619611832E-2));
#5728=VERTEX_POINT('',#5727);
#5729=CARTESIAN_POINT('',(-5.959913568493E0,2.087434488447E1,
-1.752143717612E-1));
#5730=VERTEX_POINT('',#5729);
#5731=CARTESIAN_POINT('',(-1.005E1,2.086145232012E1,2.573620731976E-2));
#5732=VERTEX_POINT('',#5731);
#5733=CARTESIAN_POINT('',(-1.053766848847E1,2.034644112127E1,
2.436859856481E-1));
#5734=VERTEX_POINT('',#5733);
#5735=CARTESIAN_POINT('',(-1.004008643191E1,2.084855975649E1,
2.266867750889E-1));
#5736=VERTEX_POINT('',#5735);
#5737=CARTESIAN_POINT('',(-1.346233151203E1,2.037851530487E1,
-2.562398311667E-1));
#5738=CARTESIAN_POINT('',(-1.345E1,2.036247821291E1,-6.276920262205E-3));
#5739=VERTEX_POINT('',#5737);
#5740=VERTEX_POINT('',#5738);
#5741=CARTESIAN_POINT('',(-1.855E1,2.036247821241E1,-6.276912505523E-3));
#5742=VERTEX_POINT('',#5741);
#5743=CARTESIAN_POINT('',(-1.395E1,2.086145232084E1,2.573619611832E-2));
#5744=VERTEX_POINT('',#5743);
#5745=CARTESIAN_POINT('',(-1.395991356849E1,2.087434488447E1,
-1.752143717610E-1));
#5746=VERTEX_POINT('',#5745);
#5747=CARTESIAN_POINT('',(-1.805E1,2.086145232012E1,2.573620731976E-2));
#5748=VERTEX_POINT('',#5747);
#5749=CARTESIAN_POINT('',(-1.853766848847E1,2.034644112127E1,
2.436859856481E-1));
#5750=VERTEX_POINT('',#5749);
#5751=CARTESIAN_POINT('',(-1.804008643191E1,2.084855975649E1,
2.266867750888E-1));
#5752=VERTEX_POINT('',#5751);
#5753=CARTESIAN_POINT('',(-2.146233151203E1,2.037851530487E1,
-2.562398311667E-1));
#5754=CARTESIAN_POINT('',(-2.145E1,2.036247821291E1,-6.276920262205E-3));
#5755=VERTEX_POINT('',#5753);
#5756=VERTEX_POINT('',#5754);
#5757=CARTESIAN_POINT('',(-2.655E1,2.036247821241E1,-6.276912505523E-3));
#5758=VERTEX_POINT('',#5757);
#5759=CARTESIAN_POINT('',(-2.195E1,2.086145232084E1,2.573619611832E-2));
#5760=VERTEX_POINT('',#5759);
#5761=CARTESIAN_POINT('',(-2.195991356849E1,2.087434488447E1,
-1.752143717611E-1));
#5762=VERTEX_POINT('',#5761);
#5763=CARTESIAN_POINT('',(-2.605E1,2.086145232012E1,2.573620731976E-2));
#5764=VERTEX_POINT('',#5763);
#5765=CARTESIAN_POINT('',(-2.653766848847E1,2.034644112127E1,
2.436859856481E-1));
#5766=VERTEX_POINT('',#5765);
#5767=CARTESIAN_POINT('',(-2.604008643191E1,2.084855975649E1,
2.266867750888E-1));
#5768=VERTEX_POINT('',#5767);
#5769=CARTESIAN_POINT('',(-2.946233151203E1,2.037851530487E1,
-2.562398311667E-1));
#5770=CARTESIAN_POINT('',(-2.945E1,2.036247821291E1,-6.276920262205E-3));
#5771=VERTEX_POINT('',#5769);
#5772=VERTEX_POINT('',#5770);
#5773=CARTESIAN_POINT('',(-3.455E1,2.036247821241E1,-6.276912505523E-3));
#5774=VERTEX_POINT('',#5773);
#5775=CARTESIAN_POINT('',(-2.995E1,2.086145232084E1,2.573619611832E-2));
#5776=VERTEX_POINT('',#5775);
#5777=CARTESIAN_POINT('',(-2.995991356849E1,2.087434488447E1,
-1.752143717611E-1));
#5778=VERTEX_POINT('',#5777);
#5779=CARTESIAN_POINT('',(-3.405E1,2.086145232012E1,2.573620731976E-2));
#5780=VERTEX_POINT('',#5779);
#5781=CARTESIAN_POINT('',(-3.453766848847E1,2.034644112127E1,
2.436859856481E-1));
#5782=VERTEX_POINT('',#5781);
#5783=CARTESIAN_POINT('',(-3.404008643191E1,2.084855975649E1,
2.266867750888E-1));
#5784=VERTEX_POINT('',#5783);
#5785=CARTESIAN_POINT('',(-6.946233151203E1,2.037851530487E1,
-2.562398311667E-1));
#5786=CARTESIAN_POINT('',(-6.945E1,2.036247821291E1,-6.276920262205E-3));
#5787=VERTEX_POINT('',#5785);
#5788=VERTEX_POINT('',#5786);
#5789=CARTESIAN_POINT('',(-7.455E1,2.036247821241E1,-6.276912505523E-3));
#5790=VERTEX_POINT('',#5789);
#5791=CARTESIAN_POINT('',(-6.995E1,2.086145232084E1,2.573619611832E-2));
#5792=VERTEX_POINT('',#5791);
#5793=CARTESIAN_POINT('',(-6.995991356849E1,2.087434488447E1,
-1.752143717611E-1));
#5794=VERTEX_POINT('',#5793);
#5795=CARTESIAN_POINT('',(-7.405E1,2.086145232012E1,2.573620731979E-2));
#5796=VERTEX_POINT('',#5795);
#5797=CARTESIAN_POINT('',(-7.453766848847E1,2.034644112127E1,
2.436859856481E-1));
#5798=VERTEX_POINT('',#5797);
#5799=CARTESIAN_POINT('',(-7.404008643191E1,2.084855975649E1,
2.266867750888E-1));
#5800=VERTEX_POINT('',#5799);
#5801=CARTESIAN_POINT('',(-4.546233151203E1,2.037851530487E1,
-2.562398311667E-1));
#5802=CARTESIAN_POINT('',(-4.545E1,2.036247821291E1,-6.276920262205E-3));
#5803=VERTEX_POINT('',#5801);
#5804=VERTEX_POINT('',#5802);
#5805=CARTESIAN_POINT('',(-5.055E1,2.036247821241E1,-6.276912505523E-3));
#5806=VERTEX_POINT('',#5805);
#5807=CARTESIAN_POINT('',(-4.595E1,2.086145232084E1,2.573619611832E-2));
#5808=VERTEX_POINT('',#5807);
#5809=CARTESIAN_POINT('',(-4.595991356849E1,2.087434488447E1,
-1.752143717610E-1));
#5810=VERTEX_POINT('',#5809);
#5811=CARTESIAN_POINT('',(-5.005E1,2.086145232012E1,2.573620731976E-2));
#5812=VERTEX_POINT('',#5811);
#5813=CARTESIAN_POINT('',(-5.053766848847E1,2.034644112127E1,
2.436859856481E-1));
#5814=VERTEX_POINT('',#5813);
#5815=CARTESIAN_POINT('',(-5.004008643191E1,2.084855975649E1,
2.266867750888E-1));
#5816=VERTEX_POINT('',#5815);
#5817=CARTESIAN_POINT('',(-5.346233151203E1,2.037851530487E1,
-2.562398311667E-1));
#5818=CARTESIAN_POINT('',(-5.345E1,2.036247821291E1,-6.276920262205E-3));
#5819=VERTEX_POINT('',#5817);
#5820=VERTEX_POINT('',#5818);
#5821=CARTESIAN_POINT('',(-5.855E1,2.036247821241E1,-6.276912505523E-3));
#5822=VERTEX_POINT('',#5821);
#5823=CARTESIAN_POINT('',(-5.395E1,2.086145232084E1,2.573619611832E-2));
#5824=VERTEX_POINT('',#5823);
#5825=CARTESIAN_POINT('',(-5.395991356849E1,2.087434488447E1,
-1.752143717610E-1));
#5826=VERTEX_POINT('',#5825);
#5827=CARTESIAN_POINT('',(-5.805E1,2.086145232012E1,2.573620731977E-2));
#5828=VERTEX_POINT('',#5827);
#5829=CARTESIAN_POINT('',(-5.853766848847E1,2.034644112127E1,
2.436859856481E-1));
#5830=VERTEX_POINT('',#5829);
#5831=CARTESIAN_POINT('',(-5.804008643191E1,2.084855975649E1,
2.266867750888E-1));
#5832=VERTEX_POINT('',#5831);
#5833=CARTESIAN_POINT('',(-7.746233151203E1,2.037851530487E1,
-2.562398311667E-1));
#5834=CARTESIAN_POINT('',(-7.745E1,2.036247821291E1,-6.276920262205E-3));
#5835=VERTEX_POINT('',#5833);
#5836=VERTEX_POINT('',#5834);
#5837=CARTESIAN_POINT('',(-8.255E1,2.036247821241E1,-6.276912505523E-3));
#5838=VERTEX_POINT('',#5837);
#5839=CARTESIAN_POINT('',(-7.795E1,2.086145232084E1,2.573619611832E-2));
#5840=VERTEX_POINT('',#5839);
#5841=CARTESIAN_POINT('',(-7.795991356849E1,2.087434488447E1,
-1.752143717611E-1));
#5842=VERTEX_POINT('',#5841);
#5843=CARTESIAN_POINT('',(-8.205E1,2.086145232012E1,2.573620731979E-2));
#5844=VERTEX_POINT('',#5843);
#5845=CARTESIAN_POINT('',(-8.253766848847E1,2.034644112127E1,
2.436859856481E-1));
#5846=VERTEX_POINT('',#5845);
#5847=CARTESIAN_POINT('',(-8.204008643191E1,2.084855975649E1,
2.266867750888E-1));
#5848=VERTEX_POINT('',#5847);
#5849=CARTESIAN_POINT('',(-3.746233151203E1,2.037851530487E1,
-2.562398311667E-1));
#5850=CARTESIAN_POINT('',(-3.745E1,2.036247821291E1,-6.276920262205E-3));
#5851=VERTEX_POINT('',#5849);
#5852=VERTEX_POINT('',#5850);
#5853=CARTESIAN_POINT('',(-4.255E1,2.036247821241E1,-6.276912505523E-3));
#5854=VERTEX_POINT('',#5853);
#5855=CARTESIAN_POINT('',(-3.795E1,2.086145232084E1,2.573619611832E-2));
#5856=VERTEX_POINT('',#5855);
#5857=CARTESIAN_POINT('',(-3.795991356849E1,2.087434488447E1,
-1.752143717610E-1));
#5858=VERTEX_POINT('',#5857);
#5859=CARTESIAN_POINT('',(-4.205E1,2.086145232012E1,2.573620731977E-2));
#5860=VERTEX_POINT('',#5859);
#5861=CARTESIAN_POINT('',(-4.253766848847E1,2.034644112127E1,
2.436859856481E-1));
#5862=VERTEX_POINT('',#5861);
#5863=CARTESIAN_POINT('',(-4.204008643191E1,2.084855975649E1,
2.266867750888E-1));
#5864=VERTEX_POINT('',#5863);
#5865=CARTESIAN_POINT('',(-6.146233151203E1,2.037851530487E1,
-2.562398311667E-1));
#5866=CARTESIAN_POINT('',(-6.145E1,2.036247821291E1,-6.276920262205E-3));
#5867=VERTEX_POINT('',#5865);
#5868=VERTEX_POINT('',#5866);
#5869=CARTESIAN_POINT('',(-6.655E1,2.036247821241E1,-6.276912505523E-3));
#5870=VERTEX_POINT('',#5869);
#5871=CARTESIAN_POINT('',(-6.195E1,2.086145232084E1,2.573619611832E-2));
#5872=VERTEX_POINT('',#5871);
#5873=CARTESIAN_POINT('',(-6.195991356849E1,2.087434488447E1,
-1.752143717610E-1));
#5874=VERTEX_POINT('',#5873);
#5875=CARTESIAN_POINT('',(-6.605E1,2.086145232012E1,2.573620731979E-2));
#5876=VERTEX_POINT('',#5875);
#5877=CARTESIAN_POINT('',(-6.653766848847E1,2.034644112127E1,
2.436859856481E-1));
#5878=VERTEX_POINT('',#5877);
#5879=CARTESIAN_POINT('',(-6.604008643191E1,2.084855975649E1,
2.266867750888E-1));
#5880=VERTEX_POINT('',#5879);
#5881=CARTESIAN_POINT('',(6.653766848797E1,1.986630532193E1,7.727345887881E0));
#5882=CARTESIAN_POINT('',(6.655E1,1.985026822997E1,7.977308798785E0));
#5883=VERTEX_POINT('',#5881);
#5884=VERTEX_POINT('',#5882);
#5885=CARTESIAN_POINT('',(6.145E1,1.985026822947E1,7.977308806541E0));
#5886=VERTEX_POINT('',#5885);
#5887=CARTESIAN_POINT('',(6.605E1,2.034924233790E1,8.009321915165E0));
#5888=VERTEX_POINT('',#5887);
#5889=CARTESIAN_POINT('',(6.604008643151E1,2.036213490153E1,7.808371347286E0));
#5890=VERTEX_POINT('',#5889);
#5891=CARTESIAN_POINT('',(6.195E1,2.034924233718E1,8.009321926368E0));
#5892=VERTEX_POINT('',#5891);
#5893=CARTESIAN_POINT('',(6.146233151153E1,1.983423113833E1,8.227271704695E0));
#5894=VERTEX_POINT('',#5893);
#5895=CARTESIAN_POINT('',(6.195991356809E1,2.033634977355E1,8.210272494136E0));
#5896=VERTEX_POINT('',#5895);
#5897=CARTESIAN_POINT('',(5.853766848797E1,1.986630532193E1,7.727345887881E0));
#5898=CARTESIAN_POINT('',(5.855E1,1.985026822997E1,7.977308798785E0));
#5899=VERTEX_POINT('',#5897);
#5900=VERTEX_POINT('',#5898);
#5901=CARTESIAN_POINT('',(5.345E1,1.985026822947E1,7.977308806541E0));
#5902=VERTEX_POINT('',#5901);
#5903=CARTESIAN_POINT('',(5.805E1,2.034924233790E1,8.009321915165E0));
#5904=VERTEX_POINT('',#5903);
#5905=CARTESIAN_POINT('',(5.804008643151E1,2.036213490153E1,7.808371347286E0));
#5906=VERTEX_POINT('',#5905);
#5907=CARTESIAN_POINT('',(5.395E1,2.034924233718E1,8.009321926368E0));
#5908=VERTEX_POINT('',#5907);
#5909=CARTESIAN_POINT('',(5.346233151153E1,1.983423113833E1,8.227271704695E0));
#5910=VERTEX_POINT('',#5909);
#5911=CARTESIAN_POINT('',(5.395991356809E1,2.033634977355E1,8.210272494136E0));
#5912=VERTEX_POINT('',#5911);
#5913=CARTESIAN_POINT('',(5.053766848797E1,1.986630532193E1,7.727345887881E0));
#5914=CARTESIAN_POINT('',(5.055E1,1.985026822997E1,7.977308798785E0));
#5915=VERTEX_POINT('',#5913);
#5916=VERTEX_POINT('',#5914);
#5917=CARTESIAN_POINT('',(4.545E1,1.985026822947E1,7.977308806541E0));
#5918=VERTEX_POINT('',#5917);
#5919=CARTESIAN_POINT('',(5.005E1,2.034924233790E1,8.009321915165E0));
#5920=VERTEX_POINT('',#5919);
#5921=CARTESIAN_POINT('',(5.004008643151E1,2.036213490153E1,7.808371347286E0));
#5922=VERTEX_POINT('',#5921);
#5923=CARTESIAN_POINT('',(4.595E1,2.034924233718E1,8.009321926368E0));
#5924=VERTEX_POINT('',#5923);
#5925=CARTESIAN_POINT('',(4.546233151153E1,1.983423113833E1,8.227271704695E0));
#5926=VERTEX_POINT('',#5925);
#5927=CARTESIAN_POINT('',(4.595991356809E1,2.033634977355E1,8.210272494136E0));
#5928=VERTEX_POINT('',#5927);
#5929=CARTESIAN_POINT('',(4.253766848797E1,1.986630532193E1,7.727345887881E0));
#5930=CARTESIAN_POINT('',(4.255E1,1.985026822997E1,7.977308798785E0));
#5931=VERTEX_POINT('',#5929);
#5932=VERTEX_POINT('',#5930);
#5933=CARTESIAN_POINT('',(3.745E1,1.985026822947E1,7.977308806541E0));
#5934=VERTEX_POINT('',#5933);
#5935=CARTESIAN_POINT('',(4.205E1,2.034924233790E1,8.009321915165E0));
#5936=VERTEX_POINT('',#5935);
#5937=CARTESIAN_POINT('',(4.204008643151E1,2.036213490153E1,7.808371347286E0));
#5938=VERTEX_POINT('',#5937);
#5939=CARTESIAN_POINT('',(3.795E1,2.034924233718E1,8.009321926368E0));
#5940=VERTEX_POINT('',#5939);
#5941=CARTESIAN_POINT('',(3.746233151153E1,1.983423113833E1,8.227271704695E0));
#5942=VERTEX_POINT('',#5941);
#5943=CARTESIAN_POINT('',(3.795991356809E1,2.033634977355E1,8.210272494136E0));
#5944=VERTEX_POINT('',#5943);
#5945=CARTESIAN_POINT('',(3.453766848797E1,1.986630532193E1,7.727345887881E0));
#5946=CARTESIAN_POINT('',(3.455E1,1.985026822997E1,7.977308798785E0));
#5947=VERTEX_POINT('',#5945);
#5948=VERTEX_POINT('',#5946);
#5949=CARTESIAN_POINT('',(2.945E1,1.985026822947E1,7.977308806541E0));
#5950=VERTEX_POINT('',#5949);
#5951=CARTESIAN_POINT('',(3.405E1,2.034924233790E1,8.009321915165E0));
#5952=VERTEX_POINT('',#5951);
#5953=CARTESIAN_POINT('',(3.404008643151E1,2.036213490153E1,7.808371347286E0));
#5954=VERTEX_POINT('',#5953);
#5955=CARTESIAN_POINT('',(2.995E1,2.034924233718E1,8.009321926368E0));
#5956=VERTEX_POINT('',#5955);
#5957=CARTESIAN_POINT('',(2.946233151153E1,1.983423113833E1,8.227271704695E0));
#5958=VERTEX_POINT('',#5957);
#5959=CARTESIAN_POINT('',(2.995991356809E1,2.033634977355E1,8.210272494136E0));
#5960=VERTEX_POINT('',#5959);
#5961=CARTESIAN_POINT('',(2.653766848797E1,1.986630532193E1,7.727345887881E0));
#5962=CARTESIAN_POINT('',(2.655E1,1.985026822997E1,7.977308798785E0));
#5963=VERTEX_POINT('',#5961);
#5964=VERTEX_POINT('',#5962);
#5965=CARTESIAN_POINT('',(2.145E1,1.985026822947E1,7.977308806541E0));
#5966=VERTEX_POINT('',#5965);
#5967=CARTESIAN_POINT('',(2.605E1,2.034924233790E1,8.009321915165E0));
#5968=VERTEX_POINT('',#5967);
#5969=CARTESIAN_POINT('',(2.604008643151E1,2.036213490153E1,7.808371347286E0));
#5970=VERTEX_POINT('',#5969);
#5971=CARTESIAN_POINT('',(2.195E1,2.034924233718E1,8.009321926368E0));
#5972=VERTEX_POINT('',#5971);
#5973=CARTESIAN_POINT('',(2.146233151153E1,1.983423113833E1,8.227271704695E0));
#5974=VERTEX_POINT('',#5973);
#5975=CARTESIAN_POINT('',(2.195991356809E1,2.033634977355E1,8.210272494136E0));
#5976=VERTEX_POINT('',#5975);
#5977=CARTESIAN_POINT('',(1.853766848797E1,1.986630532193E1,7.727345887881E0));
#5978=CARTESIAN_POINT('',(1.855E1,1.985026822997E1,7.977308798785E0));
#5979=VERTEX_POINT('',#5977);
#5980=VERTEX_POINT('',#5978);
#5981=CARTESIAN_POINT('',(1.345E1,1.985026822947E1,7.977308806541E0));
#5982=VERTEX_POINT('',#5981);
#5983=CARTESIAN_POINT('',(1.805E1,2.034924233790E1,8.009321915165E0));
#5984=VERTEX_POINT('',#5983);
#5985=CARTESIAN_POINT('',(1.804008643151E1,2.036213490153E1,7.808371347286E0));
#5986=VERTEX_POINT('',#5985);
#5987=CARTESIAN_POINT('',(1.395E1,2.034924233718E1,8.009321926368E0));
#5988=VERTEX_POINT('',#5987);
#5989=CARTESIAN_POINT('',(1.346233151153E1,1.983423113833E1,8.227271704695E0));
#5990=VERTEX_POINT('',#5989);
#5991=CARTESIAN_POINT('',(1.395991356809E1,2.033634977355E1,8.210272494136E0));
#5992=VERTEX_POINT('',#5991);
#5993=CARTESIAN_POINT('',(1.053766848797E1,1.986630532193E1,7.727345887881E0));
#5994=CARTESIAN_POINT('',(1.055E1,1.985026822997E1,7.977308798785E0));
#5995=VERTEX_POINT('',#5993);
#5996=VERTEX_POINT('',#5994);
#5997=CARTESIAN_POINT('',(5.449999999999E0,1.985026822947E1,7.977308806541E0));
#5998=VERTEX_POINT('',#5997);
#5999=CARTESIAN_POINT('',(1.005E1,2.034924233790E1,8.009321915165E0));
#6000=VERTEX_POINT('',#5999);
#6001=CARTESIAN_POINT('',(1.004008643151E1,2.036213490153E1,7.808371347286E0));
#6002=VERTEX_POINT('',#6001);
#6003=CARTESIAN_POINT('',(5.949999999999E0,2.034924233718E1,8.009321926368E0));
#6004=VERTEX_POINT('',#6003);
#6005=CARTESIAN_POINT('',(5.462331511532E0,1.983423113833E1,8.227271704695E0));
#6006=VERTEX_POINT('',#6005);
#6007=CARTESIAN_POINT('',(5.959913568094E0,2.033634977355E1,8.210272494137E0));
#6008=VERTEX_POINT('',#6007);
#6009=CARTESIAN_POINT('',(-5.462331512027E0,1.986630532193E1,7.727345887881E0));
#6010=CARTESIAN_POINT('',(-5.450000000001E0,1.985026822997E1,7.977308798785E0));
#6011=VERTEX_POINT('',#6009);
#6012=VERTEX_POINT('',#6010);
#6013=CARTESIAN_POINT('',(-1.055E1,1.985026822947E1,7.977308806541E0));
#6014=VERTEX_POINT('',#6013);
#6015=CARTESIAN_POINT('',(-5.950000000001E0,2.034924233790E1,8.009321915165E0));
#6016=VERTEX_POINT('',#6015);
#6017=CARTESIAN_POINT('',(-5.959913568493E0,2.036213490153E1,7.808371347286E0));
#6018=VERTEX_POINT('',#6017);
#6019=CARTESIAN_POINT('',(-1.005E1,2.034924233718E1,8.009321926368E0));
#6020=VERTEX_POINT('',#6019);
#6021=CARTESIAN_POINT('',(-1.053766848847E1,1.983423113833E1,8.227271704695E0));
#6022=VERTEX_POINT('',#6021);
#6023=CARTESIAN_POINT('',(-1.004008643191E1,2.033634977355E1,8.210272494136E0));
#6024=VERTEX_POINT('',#6023);
#6025=CARTESIAN_POINT('',(-1.346233151203E1,1.986630532193E1,7.727345887881E0));
#6026=CARTESIAN_POINT('',(-1.345E1,1.985026822997E1,7.977308798785E0));
#6027=VERTEX_POINT('',#6025);
#6028=VERTEX_POINT('',#6026);
#6029=CARTESIAN_POINT('',(-1.855E1,1.985026822947E1,7.977308806541E0));
#6030=VERTEX_POINT('',#6029);
#6031=CARTESIAN_POINT('',(-1.395E1,2.034924233790E1,8.009321915165E0));
#6032=VERTEX_POINT('',#6031);
#6033=CARTESIAN_POINT('',(-1.395991356849E1,2.036213490153E1,7.808371347286E0));
#6034=VERTEX_POINT('',#6033);
#6035=CARTESIAN_POINT('',(-1.805E1,2.034924233718E1,8.009321926368E0));
#6036=VERTEX_POINT('',#6035);
#6037=CARTESIAN_POINT('',(-1.853766848847E1,1.983423113833E1,8.227271704695E0));
#6038=VERTEX_POINT('',#6037);
#6039=CARTESIAN_POINT('',(-1.804008643191E1,2.033634977355E1,8.210272494136E0));
#6040=VERTEX_POINT('',#6039);
#6041=CARTESIAN_POINT('',(-2.146233151203E1,1.986630532193E1,7.727345887881E0));
#6042=CARTESIAN_POINT('',(-2.145E1,1.985026822997E1,7.977308798785E0));
#6043=VERTEX_POINT('',#6041);
#6044=VERTEX_POINT('',#6042);
#6045=CARTESIAN_POINT('',(-2.655E1,1.985026822947E1,7.977308806541E0));
#6046=VERTEX_POINT('',#6045);
#6047=CARTESIAN_POINT('',(-2.195E1,2.034924233790E1,8.009321915165E0));
#6048=VERTEX_POINT('',#6047);
#6049=CARTESIAN_POINT('',(-2.195991356849E1,2.036213490153E1,7.808371347286E0));
#6050=VERTEX_POINT('',#6049);
#6051=CARTESIAN_POINT('',(-2.605E1,2.034924233718E1,8.009321926368E0));
#6052=VERTEX_POINT('',#6051);
#6053=CARTESIAN_POINT('',(-2.653766848847E1,1.983423113833E1,8.227271704695E0));
#6054=VERTEX_POINT('',#6053);
#6055=CARTESIAN_POINT('',(-2.604008643191E1,2.033634977355E1,8.210272494136E0));
#6056=VERTEX_POINT('',#6055);
#6057=CARTESIAN_POINT('',(-2.946233151203E1,1.986630532193E1,7.727345887881E0));
#6058=CARTESIAN_POINT('',(-2.945E1,1.985026822997E1,7.977308798785E0));
#6059=VERTEX_POINT('',#6057);
#6060=VERTEX_POINT('',#6058);
#6061=CARTESIAN_POINT('',(-3.455E1,1.985026822947E1,7.977308806541E0));
#6062=VERTEX_POINT('',#6061);
#6063=CARTESIAN_POINT('',(-2.995E1,2.034924233790E1,8.009321915165E0));
#6064=VERTEX_POINT('',#6063);
#6065=CARTESIAN_POINT('',(-2.995991356849E1,2.036213490153E1,7.808371347286E0));
#6066=VERTEX_POINT('',#6065);
#6067=CARTESIAN_POINT('',(-3.405E1,2.034924233718E1,8.009321926368E0));
#6068=VERTEX_POINT('',#6067);
#6069=CARTESIAN_POINT('',(-3.453766848847E1,1.983423113833E1,8.227271704695E0));
#6070=VERTEX_POINT('',#6069);
#6071=CARTESIAN_POINT('',(-3.404008643191E1,2.033634977355E1,8.210272494136E0));
#6072=VERTEX_POINT('',#6071);
#6073=CARTESIAN_POINT('',(-3.746233151203E1,1.986630532193E1,7.727345887881E0));
#6074=CARTESIAN_POINT('',(-3.745E1,1.985026822997E1,7.977308798785E0));
#6075=VERTEX_POINT('',#6073);
#6076=VERTEX_POINT('',#6074);
#6077=CARTESIAN_POINT('',(-4.255E1,1.985026822947E1,7.977308806541E0));
#6078=VERTEX_POINT('',#6077);
#6079=CARTESIAN_POINT('',(-3.795E1,2.034924233790E1,8.009321915165E0));
#6080=VERTEX_POINT('',#6079);
#6081=CARTESIAN_POINT('',(-3.795991356849E1,2.036213490153E1,7.808371347286E0));
#6082=VERTEX_POINT('',#6081);
#6083=CARTESIAN_POINT('',(-4.205E1,2.034924233718E1,8.009321926368E0));
#6084=VERTEX_POINT('',#6083);
#6085=CARTESIAN_POINT('',(-4.253766848847E1,1.983423113833E1,8.227271704695E0));
#6086=VERTEX_POINT('',#6085);
#6087=CARTESIAN_POINT('',(-4.204008643191E1,2.033634977355E1,8.210272494136E0));
#6088=VERTEX_POINT('',#6087);
#6089=CARTESIAN_POINT('',(-4.546233151203E1,1.986630532193E1,7.727345887881E0));
#6090=CARTESIAN_POINT('',(-4.545E1,1.985026822997E1,7.977308798785E0));
#6091=VERTEX_POINT('',#6089);
#6092=VERTEX_POINT('',#6090);
#6093=CARTESIAN_POINT('',(-5.055E1,1.985026822947E1,7.977308806541E0));
#6094=VERTEX_POINT('',#6093);
#6095=CARTESIAN_POINT('',(-4.595E1,2.034924233790E1,8.009321915165E0));
#6096=VERTEX_POINT('',#6095);
#6097=CARTESIAN_POINT('',(-4.595991356849E1,2.036213490153E1,7.808371347286E0));
#6098=VERTEX_POINT('',#6097);
#6099=CARTESIAN_POINT('',(-5.005E1,2.034924233718E1,8.009321926368E0));
#6100=VERTEX_POINT('',#6099);
#6101=CARTESIAN_POINT('',(-5.053766848847E1,1.983423113833E1,8.227271704695E0));
#6102=VERTEX_POINT('',#6101);
#6103=CARTESIAN_POINT('',(-5.004008643191E1,2.033634977355E1,8.210272494136E0));
#6104=VERTEX_POINT('',#6103);
#6105=CARTESIAN_POINT('',(-5.346233151203E1,1.986630532193E1,7.727345887881E0));
#6106=CARTESIAN_POINT('',(-5.345E1,1.985026822997E1,7.977308798785E0));
#6107=VERTEX_POINT('',#6105);
#6108=VERTEX_POINT('',#6106);
#6109=CARTESIAN_POINT('',(-5.855E1,1.985026822947E1,7.977308806541E0));
#6110=VERTEX_POINT('',#6109);
#6111=CARTESIAN_POINT('',(-5.395E1,2.034924233790E1,8.009321915165E0));
#6112=VERTEX_POINT('',#6111);
#6113=CARTESIAN_POINT('',(-5.395991356849E1,2.036213490153E1,7.808371347286E0));
#6114=VERTEX_POINT('',#6113);
#6115=CARTESIAN_POINT('',(-5.805E1,2.034924233718E1,8.009321926368E0));
#6116=VERTEX_POINT('',#6115);
#6117=CARTESIAN_POINT('',(-5.853766848847E1,1.983423113833E1,8.227271704695E0));
#6118=VERTEX_POINT('',#6117);
#6119=CARTESIAN_POINT('',(-5.804008643191E1,2.033634977355E1,8.210272494136E0));
#6120=VERTEX_POINT('',#6119);
#6121=CARTESIAN_POINT('',(-6.146233151203E1,1.986630532193E1,7.727345887881E0));
#6122=CARTESIAN_POINT('',(-6.145E1,1.985026822997E1,7.977308798785E0));
#6123=VERTEX_POINT('',#6121);
#6124=VERTEX_POINT('',#6122);
#6125=CARTESIAN_POINT('',(-6.655E1,1.985026822947E1,7.977308806541E0));
#6126=VERTEX_POINT('',#6125);
#6127=CARTESIAN_POINT('',(-6.195E1,2.034924233790E1,8.009321915165E0));
#6128=VERTEX_POINT('',#6127);
#6129=CARTESIAN_POINT('',(-6.195991356849E1,2.036213490153E1,7.808371347286E0));
#6130=VERTEX_POINT('',#6129);
#6131=CARTESIAN_POINT('',(-6.605E1,2.034924233718E1,8.009321926368E0));
#6132=VERTEX_POINT('',#6131);
#6133=CARTESIAN_POINT('',(-6.653766848847E1,1.983423113833E1,8.227271704695E0));
#6134=VERTEX_POINT('',#6133);
#6135=CARTESIAN_POINT('',(-6.604008643191E1,2.033634977355E1,8.210272494136E0));
#6136=VERTEX_POINT('',#6135);
#6137=CARTESIAN_POINT('',(-6.946233151203E1,1.986630532193E1,7.727345887881E0));
#6138=CARTESIAN_POINT('',(-6.945E1,1.985026822997E1,7.977308798785E0));
#6139=VERTEX_POINT('',#6137);
#6140=VERTEX_POINT('',#6138);
#6141=CARTESIAN_POINT('',(-7.455E1,1.985026822947E1,7.977308806541E0));
#6142=VERTEX_POINT('',#6141);
#6143=CARTESIAN_POINT('',(-6.995E1,2.034924233790E1,8.009321915165E0));
#6144=VERTEX_POINT('',#6143);
#6145=CARTESIAN_POINT('',(-6.995991356849E1,2.036213490153E1,7.808371347286E0));
#6146=VERTEX_POINT('',#6145);
#6147=CARTESIAN_POINT('',(-7.405E1,2.034924233718E1,8.009321926368E0));
#6148=VERTEX_POINT('',#6147);
#6149=CARTESIAN_POINT('',(-7.453766848847E1,1.983423113833E1,8.227271704695E0));
#6150=VERTEX_POINT('',#6149);
#6151=CARTESIAN_POINT('',(-7.404008643191E1,2.033634977355E1,8.210272494136E0));
#6152=VERTEX_POINT('',#6151);
#6153=CARTESIAN_POINT('',(-7.746233151203E1,1.986630532193E1,7.727345887881E0));
#6154=CARTESIAN_POINT('',(-7.745E1,1.985026822997E1,7.977308798785E0));
#6155=VERTEX_POINT('',#6153);
#6156=VERTEX_POINT('',#6154);
#6157=CARTESIAN_POINT('',(-8.255E1,1.985026822947E1,7.977308806541E0));
#6158=VERTEX_POINT('',#6157);
#6159=CARTESIAN_POINT('',(-7.795E1,2.034924233790E1,8.009321915165E0));
#6160=VERTEX_POINT('',#6159);
#6161=CARTESIAN_POINT('',(-7.795991356849E1,2.036213490153E1,7.808371347286E0));
#6162=VERTEX_POINT('',#6161);
#6163=CARTESIAN_POINT('',(-8.205E1,2.034924233718E1,8.009321926368E0));
#6164=VERTEX_POINT('',#6163);
#6165=CARTESIAN_POINT('',(-8.253766848847E1,1.983423113833E1,8.227271704695E0));
#6166=VERTEX_POINT('',#6165);
#6167=CARTESIAN_POINT('',(-8.204008643191E1,2.033634977355E1,8.210272494136E0));
#6168=VERTEX_POINT('',#6167);
#6169=CARTESIAN_POINT('',(6.653766848797E1,2.037851530487E1,
-2.562398311667E-1));
#6170=CARTESIAN_POINT('',(6.655E1,2.036247821291E1,-6.276920262205E-3));
#6171=VERTEX_POINT('',#6169);
#6172=VERTEX_POINT('',#6170);
#6173=CARTESIAN_POINT('',(6.145E1,2.036247821241E1,-6.276912505523E-3));
#6174=VERTEX_POINT('',#6173);
#6175=CARTESIAN_POINT('',(6.605E1,2.086145232084E1,2.573619611832E-2));
#6176=VERTEX_POINT('',#6175);
#6177=CARTESIAN_POINT('',(6.604008643151E1,2.087434488447E1,
-1.752143717611E-1));
#6178=VERTEX_POINT('',#6177);
#6179=CARTESIAN_POINT('',(6.195E1,2.086145232012E1,2.573620731977E-2));
#6180=VERTEX_POINT('',#6179);
#6181=CARTESIAN_POINT('',(6.146233151153E1,2.034644112127E1,2.436859856481E-1));
#6182=VERTEX_POINT('',#6181);
#6183=CARTESIAN_POINT('',(6.195991356809E1,2.084855975649E1,2.266867750888E-1));
#6184=VERTEX_POINT('',#6183);
#6185=CARTESIAN_POINT('',(5.853766848797E1,2.037851530487E1,
-2.562398311667E-1));
#6186=CARTESIAN_POINT('',(5.855E1,2.036247821291E1,-6.276920262205E-3));
#6187=VERTEX_POINT('',#6185);
#6188=VERTEX_POINT('',#6186);
#6189=CARTESIAN_POINT('',(5.345E1,2.036247821241E1,-6.276912505523E-3));
#6190=VERTEX_POINT('',#6189);
#6191=CARTESIAN_POINT('',(5.805E1,2.086145232084E1,2.573619611832E-2));
#6192=VERTEX_POINT('',#6191);
#6193=CARTESIAN_POINT('',(5.804008643151E1,2.087434488447E1,
-1.752143717610E-1));
#6194=VERTEX_POINT('',#6193);
#6195=CARTESIAN_POINT('',(5.395E1,2.086145232012E1,2.573620731977E-2));
#6196=VERTEX_POINT('',#6195);
#6197=CARTESIAN_POINT('',(5.346233151153E1,2.034644112127E1,2.436859856481E-1));
#6198=VERTEX_POINT('',#6197);
#6199=CARTESIAN_POINT('',(5.395991356809E1,2.084855975649E1,2.266867750888E-1));
#6200=VERTEX_POINT('',#6199);
#6201=CARTESIAN_POINT('',(5.053766848797E1,2.037851530487E1,
-2.562398311667E-1));
#6202=CARTESIAN_POINT('',(5.055E1,2.036247821291E1,-6.276920262205E-3));
#6203=VERTEX_POINT('',#6201);
#6204=VERTEX_POINT('',#6202);
#6205=CARTESIAN_POINT('',(4.545E1,2.036247821241E1,-6.276912505523E-3));
#6206=VERTEX_POINT('',#6205);
#6207=CARTESIAN_POINT('',(5.005E1,2.086145232084E1,2.573619611832E-2));
#6208=VERTEX_POINT('',#6207);
#6209=CARTESIAN_POINT('',(5.004008643151E1,2.087434488447E1,
-1.752143717610E-1));
#6210=VERTEX_POINT('',#6209);
#6211=CARTESIAN_POINT('',(4.595E1,2.086145232012E1,2.573620731976E-2));
#6212=VERTEX_POINT('',#6211);
#6213=CARTESIAN_POINT('',(4.546233151153E1,2.034644112127E1,2.436859856481E-1));
#6214=VERTEX_POINT('',#6213);
#6215=CARTESIAN_POINT('',(4.595991356809E1,2.084855975649E1,2.266867750888E-1));
#6216=VERTEX_POINT('',#6215);
#6217=CARTESIAN_POINT('',(4.253766848797E1,2.037851530487E1,
-2.562398311667E-1));
#6218=CARTESIAN_POINT('',(4.255E1,2.036247821291E1,-6.276920262205E-3));
#6219=VERTEX_POINT('',#6217);
#6220=VERTEX_POINT('',#6218);
#6221=CARTESIAN_POINT('',(3.745E1,2.036247821241E1,-6.276912505523E-3));
#6222=VERTEX_POINT('',#6221);
#6223=CARTESIAN_POINT('',(4.205E1,2.086145232084E1,2.573619611832E-2));
#6224=VERTEX_POINT('',#6223);
#6225=CARTESIAN_POINT('',(4.204008643151E1,2.087434488447E1,
-1.752143717610E-1));
#6226=VERTEX_POINT('',#6225);
#6227=CARTESIAN_POINT('',(3.795E1,2.086145232012E1,2.573620731976E-2));
#6228=VERTEX_POINT('',#6227);
#6229=CARTESIAN_POINT('',(3.746233151153E1,2.034644112127E1,2.436859856481E-1));
#6230=VERTEX_POINT('',#6229);
#6231=CARTESIAN_POINT('',(3.795991356809E1,2.084855975649E1,2.266867750888E-1));
#6232=VERTEX_POINT('',#6231);
#6233=CARTESIAN_POINT('',(3.453766848797E1,2.037851530487E1,
-2.562398311667E-1));
#6234=CARTESIAN_POINT('',(3.455E1,2.036247821291E1,-6.276920262205E-3));
#6235=VERTEX_POINT('',#6233);
#6236=VERTEX_POINT('',#6234);
#6237=CARTESIAN_POINT('',(2.945E1,2.036247821241E1,-6.276912505523E-3));
#6238=VERTEX_POINT('',#6237);
#6239=CARTESIAN_POINT('',(3.405E1,2.086145232084E1,2.573619611832E-2));
#6240=VERTEX_POINT('',#6239);
#6241=CARTESIAN_POINT('',(3.404008643151E1,2.087434488447E1,
-1.752143717610E-1));
#6242=VERTEX_POINT('',#6241);
#6243=CARTESIAN_POINT('',(2.995E1,2.086145232012E1,2.573620731976E-2));
#6244=VERTEX_POINT('',#6243);
#6245=CARTESIAN_POINT('',(2.946233151153E1,2.034644112127E1,2.436859856481E-1));
#6246=VERTEX_POINT('',#6245);
#6247=CARTESIAN_POINT('',(2.995991356809E1,2.084855975649E1,2.266867750888E-1));
#6248=VERTEX_POINT('',#6247);
#6249=CARTESIAN_POINT('',(1.053766848797E1,2.037851530487E1,
-2.562398311666E-1));
#6250=CARTESIAN_POINT('',(1.055E1,2.036247821291E1,-6.276920262205E-3));
#6251=VERTEX_POINT('',#6249);
#6252=VERTEX_POINT('',#6250);
#6253=CARTESIAN_POINT('',(5.449999999999E0,2.036247821241E1,
-6.276912505523E-3));
#6254=VERTEX_POINT('',#6253);
#6255=CARTESIAN_POINT('',(1.005E1,2.086145232084E1,2.573619611832E-2));
#6256=VERTEX_POINT('',#6255);
#6257=CARTESIAN_POINT('',(1.004008643151E1,2.087434488447E1,
-1.752143717610E-1));
#6258=VERTEX_POINT('',#6257);
#6259=CARTESIAN_POINT('',(5.949999999999E0,2.086145232012E1,2.573620731976E-2));
#6260=VERTEX_POINT('',#6259);
#6261=CARTESIAN_POINT('',(5.462331511532E0,2.034644112127E1,2.436859856482E-1));
#6262=VERTEX_POINT('',#6261);
#6263=CARTESIAN_POINT('',(5.959913568094E0,2.084855975649E1,2.266867750892E-1));
#6264=VERTEX_POINT('',#6263);
#6265=CARTESIAN_POINT('',(1.853766848797E1,2.037851530487E1,
-2.562398311667E-1));
#6266=CARTESIAN_POINT('',(1.855E1,2.036247821291E1,-6.276920262205E-3));
#6267=VERTEX_POINT('',#6265);
#6268=VERTEX_POINT('',#6266);
#6269=CARTESIAN_POINT('',(1.345E1,2.036247821241E1,-6.276912505523E-3));
#6270=VERTEX_POINT('',#6269);
#6271=CARTESIAN_POINT('',(1.805E1,2.086145232084E1,2.573619611832E-2));
#6272=VERTEX_POINT('',#6271);
#6273=CARTESIAN_POINT('',(1.804008643151E1,2.087434488447E1,
-1.752143717611E-1));
#6274=VERTEX_POINT('',#6273);
#6275=CARTESIAN_POINT('',(1.395E1,2.086145232012E1,2.573620731974E-2));
#6276=VERTEX_POINT('',#6275);
#6277=CARTESIAN_POINT('',(1.346233151153E1,2.034644112127E1,2.436859856481E-1));
#6278=VERTEX_POINT('',#6277);
#6279=CARTESIAN_POINT('',(1.395991356809E1,2.084855975649E1,2.266867750888E-1));
#6280=VERTEX_POINT('',#6279);
#6281=CARTESIAN_POINT('',(2.537668487973E0,2.037851530487E1,
-2.562398311665E-1));
#6282=CARTESIAN_POINT('',(2.549999999999E0,2.036247821291E1,
-6.276920262205E-3));
#6283=VERTEX_POINT('',#6281);
#6284=VERTEX_POINT('',#6282);
#6285=CARTESIAN_POINT('',(-2.550000000001E0,2.036247821241E1,
-6.276912505523E-3));
#6286=VERTEX_POINT('',#6285);
#6287=CARTESIAN_POINT('',(2.049999999999E0,2.086145232084E1,2.573619611832E-2));
#6288=VERTEX_POINT('',#6287);
#6289=CARTESIAN_POINT('',(2.040086431507E0,2.087434488447E1,
-1.752143717612E-1));
#6290=VERTEX_POINT('',#6289);
#6291=CARTESIAN_POINT('',(-2.050000000001E0,2.086145232012E1,
2.573620731976E-2));
#6292=VERTEX_POINT('',#6291);
#6293=CARTESIAN_POINT('',(-2.537668488468E0,2.034644112127E1,
2.436859856482E-1));
#6294=VERTEX_POINT('',#6293);
#6295=CARTESIAN_POINT('',(-2.040086431906E0,2.084855975649E1,
2.266867750892E-1));
#6296=VERTEX_POINT('',#6295);
#6297=CARTESIAN_POINT('',(7.453766848797E1,2.037851530487E1,
-2.562398311667E-1));
#6298=CARTESIAN_POINT('',(7.455E1,2.036247821291E1,-6.276920262205E-3));
#6299=VERTEX_POINT('',#6297);
#6300=VERTEX_POINT('',#6298);
#6301=CARTESIAN_POINT('',(6.945E1,2.036247821241E1,-6.276912505523E-3));
#6302=VERTEX_POINT('',#6301);
#6303=CARTESIAN_POINT('',(7.405E1,2.086145232084E1,2.573619611832E-2));
#6304=VERTEX_POINT('',#6303);
#6305=CARTESIAN_POINT('',(7.404008643151E1,2.087434488447E1,
-1.752143717611E-1));
#6306=VERTEX_POINT('',#6305);
#6307=CARTESIAN_POINT('',(6.995E1,2.086145232012E1,2.573620731979E-2));
#6308=VERTEX_POINT('',#6307);
#6309=CARTESIAN_POINT('',(6.946233151153E1,2.034644112127E1,2.436859856481E-1));
#6310=VERTEX_POINT('',#6309);
#6311=CARTESIAN_POINT('',(6.995991356809E1,2.084855975649E1,2.266867750888E-1));
#6312=VERTEX_POINT('',#6311);
#6313=CARTESIAN_POINT('',(8.253766848797E1,2.037851530487E1,
-2.562398311667E-1));
#6314=CARTESIAN_POINT('',(8.255E1,2.036247821291E1,-6.276920262205E-3));
#6315=VERTEX_POINT('',#6313);
#6316=VERTEX_POINT('',#6314);
#6317=CARTESIAN_POINT('',(7.745E1,2.036247821241E1,-6.276912505523E-3));
#6318=VERTEX_POINT('',#6317);
#6319=CARTESIAN_POINT('',(8.205E1,2.086145232084E1,2.573619611832E-2));
#6320=VERTEX_POINT('',#6319);
#6321=CARTESIAN_POINT('',(8.204008643151E1,2.087434488447E1,
-1.752143717611E-1));
#6322=VERTEX_POINT('',#6321);
#6323=CARTESIAN_POINT('',(7.795E1,2.086145232012E1,2.573620731978E-2));
#6324=VERTEX_POINT('',#6323);
#6325=CARTESIAN_POINT('',(7.746233151153E1,2.034644112127E1,2.436859856481E-1));
#6326=VERTEX_POINT('',#6325);
#6327=CARTESIAN_POINT('',(7.795991356809E1,2.084855975649E1,2.266867750888E-1));
#6328=VERTEX_POINT('',#6327);
#6329=CARTESIAN_POINT('',(7.453766848797E1,1.986630532193E1,7.727345887881E0));
#6330=CARTESIAN_POINT('',(7.455E1,1.985026822997E1,7.977308798785E0));
#6331=VERTEX_POINT('',#6329);
#6332=VERTEX_POINT('',#6330);
#6333=CARTESIAN_POINT('',(6.945E1,1.985026822947E1,7.977308806541E0));
#6334=VERTEX_POINT('',#6333);
#6335=CARTESIAN_POINT('',(7.405E1,2.034924233790E1,8.009321915165E0));
#6336=VERTEX_POINT('',#6335);
#6337=CARTESIAN_POINT('',(7.404008643151E1,2.036213490153E1,7.808371347286E0));
#6338=VERTEX_POINT('',#6337);
#6339=CARTESIAN_POINT('',(6.995E1,2.034924233718E1,8.009321926368E0));
#6340=VERTEX_POINT('',#6339);
#6341=CARTESIAN_POINT('',(6.946233151153E1,1.983423113833E1,8.227271704695E0));
#6342=VERTEX_POINT('',#6341);
#6343=CARTESIAN_POINT('',(6.995991356809E1,2.033634977355E1,8.210272494136E0));
#6344=VERTEX_POINT('',#6343);
#6345=CARTESIAN_POINT('',(7.746333721762E1,1.986694481584E1,7.717378385057E0));
#6346=CARTESIAN_POINT('',(8.255E1,1.985026822997E1,7.977308798785E0));
#6347=VERTEX_POINT('',#6345);
#6348=VERTEX_POINT('',#6346);
#6349=CARTESIAN_POINT('',(7.745E1,1.985026822964E1,7.977308803994E0));
#6350=VERTEX_POINT('',#6349);
#6351=CARTESIAN_POINT('',(7.796072207691E1,2.036264900448E1,7.800358256781E0));
#6352=CARTESIAN_POINT('',(8.205E1,2.034924233744E1,8.009321922319E0));
#6353=VERTEX_POINT('',#6351);
#6354=VERTEX_POINT('',#6352);
#6355=CARTESIAN_POINT('',(7.795E1,2.034924233718E1,8.009321926353E0));
#6356=VERTEX_POINT('',#6355);
#6357=CARTESIAN_POINT('',(8.203927792350E1,2.033583567060E1,8.218285584644E0));
#6358=VERTEX_POINT('',#6357);
#6359=CARTESIAN_POINT('',(8.253666278289E1,1.983359164442E1,8.237239207521E0));
#6360=VERTEX_POINT('',#6359);
#6361=CARTESIAN_POINT('',(-8.4E1,-4.676940515150E-1,-3.326376942343E0));
#6362=CARTESIAN_POINT('',(-8.4E1,-2.519363286193E-1,-6.689295145156E0));
#6363=VERTEX_POINT('',#6361);
#6364=VERTEX_POINT('',#6362);
#6365=CARTESIAN_POINT('',(8.4E1,-4.676940515150E-1,-3.326376942343E0));
#6366=VERTEX_POINT('',#6365);
#6367=CARTESIAN_POINT('',(8.4E1,-2.519363286193E-1,-6.689295145156E0));
#6368=VERTEX_POINT('',#6367);
#6369=VERTEX_POINT('',#3864);
#6370=VERTEX_POINT('',#3872);
#6371=CARTESIAN_POINT('',(-1.162343154739E1,5.925725613647E0,
-5.619024998643E0));
#6372=VERTEX_POINT('',#6371);
#6373=CARTESIAN_POINT('',(-1.045414211794E1,6.717437650066E0,
-5.533423802285E0));
#6374=VERTEX_POINT('',#6373);
#6375=CARTESIAN_POINT('',(-1.041438453070E1,6.786426597700E0,
-5.525964604772E0));
#6376=VERTEX_POINT('',#6375);
#6377=CARTESIAN_POINT('',(-9.557183546070E0,7.282359694988E0,
-5.472343509617E0));
#6378=VERTEX_POINT('',#6377);
#6379=VERTEX_POINT('',#3888);
#6380=CARTESIAN_POINT('',(-9.441417084069E0,9.663930011343E0,
-5.214844243582E0));
#6381=VERTEX_POINT('',#6380);
#6382=VERTEX_POINT('',#3897);
#6383=CARTESIAN_POINT('',(-1.061390934042E1,9.853068237703E0,
-5.194394310136E0));
#6384=VERTEX_POINT('',#6383);
#6385=VERTEX_POINT('',#3906);
#6386=CARTESIAN_POINT('',(-1.080271589563E1,8.243604547765E0,
-5.368412148712E0));
#6387=VERTEX_POINT('',#6386);
#6388=VERTEX_POINT('',#3918);
#6389=CARTESIAN_POINT('',(-1.148610881673E1,9.657285944463E0,
-5.215562610927E0));
#6390=VERTEX_POINT('',#6389);
#6391=VERTEX_POINT('',#3927);
#6392=CARTESIAN_POINT('',(-1.265862192506E1,9.846424200685E0,
-5.195112674253E0));
#6393=VERTEX_POINT('',#6392);
#6394=VERTEX_POINT('',#3937);
#6395=CARTESIAN_POINT('',(-1.284497689023E1,7.491015693955E0,
-5.449783282770E0));
#6396=VERTEX_POINT('',#6395);
#6397=VERTEX_POINT('',#3944);
#6398=CARTESIAN_POINT('',(-1.186032963510E1,6.781895687532E0,
-5.526454494169E0));
#6399=VERTEX_POINT('',#6398);
#6400=CARTESIAN_POINT('',(-1.182010538002E1,6.713158584618E0,
-5.533886461820E0));
#6401=VERTEX_POINT('',#6400);
#6402=CARTESIAN_POINT('',(-1.181814938853E1,6.118020322632E0,
-5.598233781148E0));
#6403=VERTEX_POINT('',#6402);
#6404=CARTESIAN_POINT('',(-7.574335926838E0,5.938882641857E0,
-5.617602439298E0));
#6405=CARTESIAN_POINT('',(-8.552120682521E0,5.935705479570E0,
-5.617945959265E0));
#6406=VERTEX_POINT('',#6404);
#6407=VERTEX_POINT('',#6405);
#6408=VERTEX_POINT('',#4223);
#6409=CARTESIAN_POINT('',(-8.758477434651E0,9.666190583157E0,
-5.214599826872E0));
#6410=VERTEX_POINT('',#6409);
#6411=VERTEX_POINT('',#4214);
#6412=CARTESIAN_POINT('',(-7.587243189728E0,9.862923751273E0,
-5.193328715939E0));
#6413=VERTEX_POINT('',#6412);
#6414=VERTEX_POINT('',#4205);
#6415=CARTESIAN_POINT('',(-7.389126001457E0,8.636521718031E0,
-5.325929303566E0));
#6416=VERTEX_POINT('',#6415);
#6417=VERTEX_POINT('',#4193);
#6418=CARTESIAN_POINT('',(-6.713775265230E0,9.672834583536E0,
-5.213881466717E0));
#6419=VERTEX_POINT('',#6418);
#6420=VERTEX_POINT('',#4184);
#6421=VERTEX_POINT('',#4143);
#6422=CARTESIAN_POINT('',(-7.384274495577E0,7.166546033751E0,
-5.484865471517E0));
#6423=VERTEX_POINT('',#6422);
#6424=VERTEX_POINT('',#4155);
#6425=CARTESIAN_POINT('',(-6.702136337431E0,6.134644160996E0,
-5.596436384637E0));
#6426=VERTEX_POINT('',#6425);
#6427=VERTEX_POINT('',#4164);
#6428=CARTESIAN_POINT('',(-5.529633739083E0,5.945526645080E0,
-5.616884078836E0));
#6429=VERTEX_POINT('',#6428);
#6430=VERTEX_POINT('',#4173);
#6431=CARTESIAN_POINT('',(-5.347812724238E0,9.677273109762E0,
-5.213401566024E0));
#6432=VERTEX_POINT('',#6431);
#6433=VERTEX_POINT('',#4182);
#6434=VERTEX_POINT('',#4304);
#6435=VERTEX_POINT('',#4309);
#6436=CARTESIAN_POINT('',(-4.663054487318E0,9.138567687845E0,
-5.271647274664E0));
#6437=VERTEX_POINT('',#6436);
#6438=CARTESIAN_POINT('',(-3.753280591345E0,6.854216785107E0,
-5.518635019170E0));
#6439=VERTEX_POINT('',#6438);
#6440=VERTEX_POINT('',#4321);
#6441=CARTESIAN_POINT('',(-2.690597536180E0,6.788773012198E0,
-5.525710906611E0));
#6442=VERTEX_POINT('',#6441);
#6443=CARTESIAN_POINT('',(-2.610337199526E0,6.709510879582E0,
-5.534280857636E0));
#6444=VERTEX_POINT('',#6443);
#6445=CARTESIAN_POINT('',(-2.608491565885E0,6.147950642258E0,
-5.594997666185E0));
#6446=VERTEX_POINT('',#6445);
#6447=VERTEX_POINT('',#4335);
#6448=CARTESIAN_POINT('',(-1.435993698695E0,5.958817431587E0,
-5.615447057326E0));
#6449=VERTEX_POINT('',#6448);
#6450=VERTEX_POINT('',#4344);
#6451=CARTESIAN_POINT('',(-1.252389520915E0,9.149650219134E0,
-5.270449013310E0));
#6452=VERTEX_POINT('',#6451);
#6453=VERTEX_POINT('',#4351);
#6454=CARTESIAN_POINT('',(-2.156815078895E0,9.813070583434E0,
-5.198718921737E0));
#6455=VERTEX_POINT('',#6454);
#6456=VERTEX_POINT('',#4363);
#6457=CARTESIAN_POINT('',(-3.504426961446E0,9.877637446976E0,
-5.191737847166E0));
#6458=VERTEX_POINT('',#6457);
#6459=VERTEX_POINT('',#4371);
#6460=CARTESIAN_POINT('',(-4.534390610623E0,9.361815043574E0,
-5.247509406531E0));
#6461=VERTEX_POINT('',#6460);
#6462=VERTEX_POINT('',#4384);
#6463=VERTEX_POINT('',#4396);
#6464=CARTESIAN_POINT('',(-2.577515886291E0,8.377816098444E0,
-5.756232240917E0));
#6465=VERTEX_POINT('',#6464);
#6466=VERTEX_POINT('',#4500);
#6467=VERTEX_POINT('',#4554);
#6468=VERTEX_POINT('',#4559);
#6469=CARTESIAN_POINT('',(1.723559138145E0,6.274699655257E0,-5.581293356221E0));
#6470=VERTEX_POINT('',#6469);
#6471=VERTEX_POINT('',#4614);
#6472=CARTESIAN_POINT('',(-4.423573330582E-1,7.197445999326E0,
-5.481524516854E0));
#6473=VERTEX_POINT('',#6472);
#6474=VERTEX_POINT('',#4603);
#6475=CARTESIAN_POINT('',(-5.670718347782E-1,8.444114283608E0,
-5.346732709118E0));
#6476=VERTEX_POINT('',#6475);
#6477=VERTEX_POINT('',#4596);
#6478=CARTESIAN_POINT('',(1.013048197241E0,7.825487444431E0,-5.413619651714E0));
#6479=VERTEX_POINT('',#6478);
#6480=VERTEX_POINT('',#4571);
#6481=CARTESIAN_POINT('',(1.595670572398E0,8.369413535326E0,-5.354809475831E0));
#6482=VERTEX_POINT('',#6481);
#6483=VERTEX_POINT('',#4582);
#6484=CARTESIAN_POINT('',(1.712666448323E0,9.588974085914E0,-5.222948600464E0));
#6485=VERTEX_POINT('',#6484);
#6486=VERTEX_POINT('',#4590);
#6487=VERTEX_POINT('',#4706);
#6488=VERTEX_POINT('',#4711);
#6489=CARTESIAN_POINT('',(2.395296809338E0,9.700829125072E0,-5.210854651237E0));
#6490=VERTEX_POINT('',#6489);
#6491=VERTEX_POINT('',#4779);
#6492=CARTESIAN_POINT('',(3.566542061579E0,9.897567670908E0,-5.189582958856E0));
#6493=VERTEX_POINT('',#6492);
#6494=VERTEX_POINT('',#4770);
#6495=CARTESIAN_POINT('',(3.768660426079E0,7.455401058745E0,-5.453633995203E0));
#6496=VERTEX_POINT('',#6495);
#6497=VERTEX_POINT('',#4758);
#6498=CARTESIAN_POINT('',(4.440008878643E0,9.707473158982E0,-5.210136287457E0));
#6499=VERTEX_POINT('',#6498);
#6500=VERTEX_POINT('',#4749);
#6501=CARTESIAN_POINT('',(3.309579868013E0,6.041574548039E0,-5.606499222950E0));
#6502=VERTEX_POINT('',#6501);
#6503=VERTEX_POINT('',#4723);
#6504=CARTESIAN_POINT('',(4.657195767640E0,5.977077797290E0,-5.613472716811E0));
#6505=VERTEX_POINT('',#6504);
#6506=VERTEX_POINT('',#4731);
#6507=CARTESIAN_POINT('',(5.690876313838E0,6.495109372633E0,-5.557462298174E0));
#6508=VERTEX_POINT('',#6507);
#6509=VERTEX_POINT('',#4738);
#6510=CARTESIAN_POINT('',(5.805961566784E0,9.711911649767E0,-5.209656390596E0));
#6511=VERTEX_POINT('',#6510);
#6512=VERTEX_POINT('',#4747);
#6513=CARTESIAN_POINT('',(8.507835227861E0,9.913656400634E0,-5.187843419164E0));
#6514=CARTESIAN_POINT('',(9.688110620721E0,9.917491531159E0,-5.187428758599E0));
#6515=VERTEX_POINT('',#6513);
#6516=VERTEX_POINT('',#6514);
#6517=VERTEX_POINT('',#5024);
#6518=CARTESIAN_POINT('',(9.894457125036E0,6.186944075655E0,-5.590781632583E0));
#6519=VERTEX_POINT('',#6518);
#6520=VERTEX_POINT('',#5015);
#6521=CARTESIAN_POINT('',(8.919041030002E0,5.990847197277E0,-5.611983946832E0));
#6522=VERTEX_POINT('',#6521);
#6523=VERTEX_POINT('',#5006);
#6524=CARTESIAN_POINT('',(8.720227223429E0,7.426251736203E0,-5.456785667488E0));
#6525=VERTEX_POINT('',#6524);
#6526=VERTEX_POINT('',#4995);
#6527=CARTESIAN_POINT('',(8.128816251714E0,6.195835539034E0,-5.589820273064E0));
#6528=VERTEX_POINT('',#6527);
#6529=VERTEX_POINT('',#4982);
#6530=CARTESIAN_POINT('',(6.695300331203E0,5.983621854029E0,-5.612765162727E0));
#6531=VERTEX_POINT('',#6530);
#6532=VERTEX_POINT('',#4973);
#6533=CARTESIAN_POINT('',(6.488953899466E0,9.714148115327E0,-5.209414580294E0));
#6534=VERTEX_POINT('',#6533);
#6535=VERTEX_POINT('',#4964);
#6536=CARTESIAN_POINT('',(7.464369927691E0,9.910265764791E0,-5.188210020241E0));
#6537=VERTEX_POINT('',#6536);
#6538=VERTEX_POINT('',#4955);
#6539=CARTESIAN_POINT('',(7.663183357519E0,8.474971020687E0,-5.343396428390E0));
#6540=VERTEX_POINT('',#6539);
#6541=VERTEX_POINT('',#4945);
#6542=VERTEX_POINT('',#4943);
#6543=VERTEX_POINT('',#5097);
#6544=VERTEX_POINT('',#5103);
#6545=CARTESIAN_POINT('',(1.057377138218E1,7.310162917741E0,-5.469337379836E0));
#6546=VERTEX_POINT('',#6545);
#6547=VERTEX_POINT('',#5158);
#6548=CARTESIAN_POINT('',(1.127751101345E1,7.854369345506E0,-5.410496893473E0));
#6549=VERTEX_POINT('',#6548);
#6550=VERTEX_POINT('',#5146);
#6551=CARTESIAN_POINT('',(1.069121172541E1,8.394384570350E0,-5.352109566805E0));
#6552=VERTEX_POINT('',#6551);
#6553=VERTEX_POINT('',#5135);
#6554=CARTESIAN_POINT('',(1.056620129465E1,9.613157868993E0,-5.220333810403E0));
#6555=VERTEX_POINT('',#6554);
#6556=VERTEX_POINT('',#5127);
#6557=CARTESIAN_POINT('',(1.273689946199E1,7.235684707836E0,-5.477390085337E0));
#6558=VERTEX_POINT('',#6557);
#6559=VERTEX_POINT('',#5114);
#6560=CARTESIAN_POINT('',(1.285341725892E1,8.483137814827E0,-5.342513421290E0));
#6561=VERTEX_POINT('',#6560);
#6562=VERTEX_POINT('',#5121);
#6563=CARTESIAN_POINT('',(-4.882790561915E1,9.640646168232E0,
-2.736360794838E0));
#6564=CARTESIAN_POINT('',(-4.980940107672E1,7.950496629878E0,
-2.919102518912E0));
#6565=VERTEX_POINT('',#6563);
#6566=VERTEX_POINT('',#6564);
#6567=CARTESIAN_POINT('',(-4.980940107670E1,7.552814385385E0,
-2.962100571654E0));
#6568=CARTESIAN_POINT('',(-4.882790561918E1,5.862664847112E0,
-3.144842295720E0));
#6569=VERTEX_POINT('',#6567);
#6570=VERTEX_POINT('',#6568);
#6571=CARTESIAN_POINT('',(-4.848149545762E1,5.663823724870E0,
-3.166341322090E0));
#6572=CARTESIAN_POINT('',(-4.651850454238E1,5.663823724870E0,
-3.166341322090E0));
#6573=VERTEX_POINT('',#6571);
#6574=VERTEX_POINT('',#6572);
#6575=CARTESIAN_POINT('',(-4.617209438083E1,5.862664847104E0,
-3.144842295721E0));
#6576=CARTESIAN_POINT('',(-4.519059892329E1,7.552814385395E0,
-2.962100571653E0));
#6577=VERTEX_POINT('',#6575);
#6578=VERTEX_POINT('',#6576);
#6579=CARTESIAN_POINT('',(-4.519059892329E1,7.950496629899E0,
-2.919102518910E0));
#6580=CARTESIAN_POINT('',(-4.617209438084E1,9.640646168207E0,
-2.736360794841E0));
#6581=VERTEX_POINT('',#6579);
#6582=VERTEX_POINT('',#6580);
#6583=CARTESIAN_POINT('',(-4.651850454239E1,9.839487290421E0,
-2.714861768473E0));
#6584=CARTESIAN_POINT('',(-4.848149545761E1,9.839487290421E0,
-2.714861768473E0));
#6585=VERTEX_POINT('',#6583);
#6586=VERTEX_POINT('',#6584);
#6587=CARTESIAN_POINT('',(-4.865E1,7.751655507643E0,-2.940601545282E0));
#6588=CARTESIAN_POINT('',(-4.635E1,7.751655507643E0,-2.940601545282E0));
#6589=VERTEX_POINT('',#6587);
#6590=VERTEX_POINT('',#6588);
#6591=CARTESIAN_POINT('',(-4.865E1,7.568913783561E0,-1.250452006845E0));
#6592=VERTEX_POINT('',#6591);
#6593=CARTESIAN_POINT('',(-4.635E1,7.568913783563E0,-1.250452006845E0));
#6594=VERTEX_POINT('',#6593);
#6595=CARTESIAN_POINT('',(-4.955E1,7.568913783564E0,-1.250452006845E0));
#6596=CARTESIAN_POINT('',(-4.545E1,7.568913783564E0,-1.250452006845E0));
#6597=VERTEX_POINT('',#6595);
#6598=VERTEX_POINT('',#6596);
#6599=CARTESIAN_POINT('',(4.545E1,7.568913783564E0,-1.250452006845E0));
#6600=CARTESIAN_POINT('',(4.955E1,7.568913783564E0,-1.250452006845E0));
#6601=VERTEX_POINT('',#6599);
#6602=VERTEX_POINT('',#6600);
#6603=CARTESIAN_POINT('',(4.635E1,7.568913783563E0,-1.250452006845E0));
#6604=CARTESIAN_POINT('',(4.865E1,7.568913783563E0,-1.250452006845E0));
#6605=VERTEX_POINT('',#6603);
#6606=VERTEX_POINT('',#6604);
#6607=CARTESIAN_POINT('',(4.865E1,7.751655507645E0,-2.940601545282E0));
#6608=VERTEX_POINT('',#6607);
#6609=CARTESIAN_POINT('',(4.635E1,7.751655507645E0,-2.940601545282E0));
#6610=VERTEX_POINT('',#6609);
#6611=CARTESIAN_POINT('',(4.882790561917E1,5.862664847089E0,-3.144842295722E0));
#6612=CARTESIAN_POINT('',(4.980940107670E1,7.552814385381E0,-2.962100571655E0));
#6613=VERTEX_POINT('',#6611);
#6614=VERTEX_POINT('',#6612);
#6615=CARTESIAN_POINT('',(4.980940107671E1,7.950496629899E0,-2.919102518910E0));
#6616=CARTESIAN_POINT('',(4.882790561916E1,9.640646168207E0,-2.736360794840E0));
#6617=VERTEX_POINT('',#6615);
#6618=VERTEX_POINT('',#6616);
#6619=CARTESIAN_POINT('',(4.848149545761E1,9.839487290421E0,-2.714861768473E0));
#6620=CARTESIAN_POINT('',(4.651850454239E1,9.839487290421E0,-2.714861768473E0));
#6621=VERTEX_POINT('',#6619);
#6622=VERTEX_POINT('',#6620);
#6623=CARTESIAN_POINT('',(4.617209438085E1,9.640646168232E0,-2.736360794838E0));
#6624=CARTESIAN_POINT('',(4.519059892328E1,7.950496629878E0,-2.919102518912E0));
#6625=VERTEX_POINT('',#6623);
#6626=VERTEX_POINT('',#6624);
#6627=CARTESIAN_POINT('',(4.519059892330E1,7.552814385385E0,-2.962100571654E0));
#6628=CARTESIAN_POINT('',(4.617209438082E1,5.862664847112E0,-3.144842295720E0));
#6629=VERTEX_POINT('',#6627);
#6630=VERTEX_POINT('',#6628);
#6631=CARTESIAN_POINT('',(4.651850454238E1,5.663823724870E0,-3.166341322090E0));
#6632=CARTESIAN_POINT('',(4.848149545762E1,5.663823724870E0,-3.166341322090E0));
#6633=VERTEX_POINT('',#6631);
#6634=VERTEX_POINT('',#6632);
#6635=CARTESIAN_POINT('',(-4.545E1,7.697907941744E0,-2.443498739859E0));
#6636=CARTESIAN_POINT('',(-4.955E1,7.697907941734E0,-2.443498739860E0));
#6637=VERTEX_POINT('',#6635);
#6638=VERTEX_POINT('',#6636);
#6639=CARTESIAN_POINT('',(4.955E1,7.697907941744E0,-2.443498739859E0));
#6640=CARTESIAN_POINT('',(4.545E1,7.697907941734E0,-2.443498739860E0));
#6641=VERTEX_POINT('',#6639);
#6642=VERTEX_POINT('',#6640);
#6643=VERTEX_POINT('',#89);
#6644=VERTEX_POINT('',#97);
#6645=CARTESIAN_POINT('',(-1.162343074613E1,5.968723668975E0,
-6.016707242700E0));
#6646=VERTEX_POINT('',#6645);
#6647=VERTEX_POINT('',#110);
#6648=CARTESIAN_POINT('',(-1.182010537166E1,6.756154098549E0,
-5.931568980656E0));
#6649=VERTEX_POINT('',#6648);
#6650=CARTESIAN_POINT('',(-1.186032659987E1,6.824892011428E0,
-5.924136925430E0));
#6651=VERTEX_POINT('',#6650);
#6652=CARTESIAN_POINT('',(-1.271483741631E1,7.311635158220E0,
-5.871509462707E0));
#6653=VERTEX_POINT('',#6652);
#6654=VERTEX_POINT('',#130);
#6655=CARTESIAN_POINT('',(-1.285208200007E1,9.695844589220E0,
-5.613724851294E0));
#6656=VERTEX_POINT('',#6655);
#6657=VERTEX_POINT('',#144);
#6658=CARTESIAN_POINT('',(-1.168082673240E1,9.892599449981E0,
-5.592451394917E0));
#6659=VERTEX_POINT('',#6658);
#6660=VERTEX_POINT('',#157);
#6661=CARTESIAN_POINT('',(-1.148145467878E1,8.284397352011E0,
-5.766332828112E0));
#6662=VERTEX_POINT('',#6661);
#6663=VERTEX_POINT('',#173);
#6664=CARTESIAN_POINT('',(-1.080736917026E1,9.702489435893E0,
-5.613006399637E0));
#6665=VERTEX_POINT('',#6664);
#6666=VERTEX_POINT('',#186);
#6667=CARTESIAN_POINT('',(-9.636134998903E0,9.899243419248E0,
-5.591733038126E0));
#6668=VERTEX_POINT('',#6667);
#6669=VERTEX_POINT('',#199);
#6670=CARTESIAN_POINT('',(-9.434313041526E0,7.545075714039E0,
-5.846269489160E0));
#6671=VERTEX_POINT('',#6670);
#6672=VERTEX_POINT('',#210);
#6673=CARTESIAN_POINT('',(-1.041438756017E1,6.829422897769E0,
-5.923647038611E0));
#6674=VERTEX_POINT('',#6673);
#6675=CARTESIAN_POINT('',(-1.045414210957E1,6.760433143239E0,
-5.931106323367E0));
#6676=VERTEX_POINT('',#6675);
#6677=CARTESIAN_POINT('',(-7.574335930012E0,5.981880694572E0,
-6.015284683638E0));
#6678=CARTESIAN_POINT('',(-8.552120671357E0,5.978703532331E0,
-6.015628203600E0));
#6679=VERTEX_POINT('',#6677);
#6680=VERTEX_POINT('',#6678);
#6681=VERTEX_POINT('',#236);
#6682=CARTESIAN_POINT('',(-8.758477434589E0,9.709188616849E0,
-5.612282073268E0));
#6683=VERTEX_POINT('',#6682);
#6684=VERTEX_POINT('',#249);
#6685=CARTESIAN_POINT('',(-7.587243200849E0,9.905921803960E0,
-5.591010960281E0));
#6686=VERTEX_POINT('',#6685);
#6687=VERTEX_POINT('',#262);
#6688=CARTESIAN_POINT('',(-7.389126002422E0,8.679520064307E0,
-5.723611516164E0));
#6689=VERTEX_POINT('',#6688);
#6690=VERTEX_POINT('',#278);
#6691=CARTESIAN_POINT('',(-6.713775265069E0,9.715832587324E0,
-5.611563716347E0));
#6692=VERTEX_POINT('',#6691);
#6693=VERTEX_POINT('',#291);
#6694=CARTESIAN_POINT('',(-5.542530571385E0,9.912565841109E0,
-5.590292596151E0));
#6695=VERTEX_POINT('',#6694);
#6696=VERTEX_POINT('',#304);
#6697=CARTESIAN_POINT('',(-5.336184257428E0,6.182080722260E0,
-5.993638730195E0));
#6698=VERTEX_POINT('',#6697);
#6699=VERTEX_POINT('',#317);
#6700=CARTESIAN_POINT('',(-6.507408041897E0,5.985347569489E0,
-6.014909839469E0));
#6701=VERTEX_POINT('',#6700);
#6702=VERTEX_POINT('',#330);
#6703=CARTESIAN_POINT('',(-6.705535687903E0,7.211749275728E0,
-5.882309287198E0));
#6704=VERTEX_POINT('',#6703);
#6705=VERTEX_POINT('',#346);
#6706=CARTESIAN_POINT('',(-7.380875977180E0,6.175436785374E0,
-5.994357083484E0));
#6707=VERTEX_POINT('',#6706);
#6708=VERTEX_POINT('',#361);
#6709=VERTEX_POINT('',#366);
#6710=CARTESIAN_POINT('',(-4.663054458722E0,9.181557011331E0,
-5.669330462822E0));
#6711=VERTEX_POINT('',#6710);
#6712=VERTEX_POINT('',#377);
#6713=CARTESIAN_POINT('',(-3.762985964637E0,9.850836888870E0,
-5.596966831123E0));
#6714=VERTEX_POINT('',#6713);
#6715=VERTEX_POINT('',#389);
#6716=CARTESIAN_POINT('',(-2.415834534372E0,9.924172740525E0,
-5.589037639259E0));
#6717=VERTEX_POINT('',#6716);
#6718=VERTEX_POINT('',#401);
#6719=CARTESIAN_POINT('',(-1.384931040680E0,9.416865524427E0,
-5.643888522688E0));
#6720=VERTEX_POINT('',#6719);
#6721=VERTEX_POINT('',#412);
#6722=CARTESIAN_POINT('',(-1.242538846670E0,6.195376871592E0,
-5.992201128848E0));
#6723=VERTEX_POINT('',#6722);
#6724=VERTEX_POINT('',#425);
#6725=CARTESIAN_POINT('',(-2.413767497772E0,5.998638331025E0,
-6.013472820659E0));
#6726=VERTEX_POINT('',#6725);
#6727=VERTEX_POINT('',#438);
#6728=CARTESIAN_POINT('',(-2.610337176519E0,6.752501978514E0,
-5.931963853830E0));
#6729=VERTEX_POINT('',#6728);
#6730=CARTESIAN_POINT('',(-2.690591098912E0,6.831771086146E0,
-5.923393148655E0));
#6731=VERTEX_POINT('',#6730);
#6732=CARTESIAN_POINT('',(-3.494266335901E0,6.829159643988E0,
-5.923675502039E0));
#6733=VERTEX_POINT('',#6732);
#6734=VERTEX_POINT('',#459);
#6735=VERTEX_POINT('',#465);
#6736=VERTEX_POINT('',#470);
#6737=CARTESIAN_POINT('',(1.723559138074E0,6.317697729705E0,-5.978975598210E0));
#6738=VERTEX_POINT('',#6737);
#6739=VERTEX_POINT('',#482);
#6740=CARTESIAN_POINT('',(-4.423571594981E-1,7.240443953194E0,
-5.879206771880E0));
#6741=VERTEX_POINT('',#6740);
#6742=VERTEX_POINT('',#493);
#6743=CARTESIAN_POINT('',(-5.670718334785E-1,8.487111940701E0,
-5.744414996233E0));
#6744=VERTEX_POINT('',#6743);
#6745=VERTEX_POINT('',#504);
#6746=CARTESIAN_POINT('',(1.440768214670E0,9.786840227994E0,-5.603886254451E0));
#6747=VERTEX_POINT('',#6746);
#6748=VERTEX_POINT('',#516);
#6749=CARTESIAN_POINT('',(1.715989049364E0,8.620693068420E0,-5.729971986884E0));
#6750=VERTEX_POINT('',#6749);
#6751=VERTEX_POINT('',#527);
#6752=CARTESIAN_POINT('',(1.012249342175E0,8.076486187739E0,-5.788812522216E0));
#6753=VERTEX_POINT('',#6752);
#6754=VERTEX_POINT('',#539);
#6755=VERTEX_POINT('',#545);
#6756=VERTEX_POINT('',#550);
#6757=CARTESIAN_POINT('',(2.395296809411E0,9.743827155752E0,-5.608536897960E0));
#6758=VERTEX_POINT('',#6757);
#6759=VERTEX_POINT('',#563);
#6760=CARTESIAN_POINT('',(3.566542050040E0,9.940565723596E0,-5.587265203199E0));
#6761=VERTEX_POINT('',#6760);
#6762=VERTEX_POINT('',#576);
#6763=CARTESIAN_POINT('',(3.768660425593E0,7.498399259475E0,-5.851316223539E0));
#6764=VERTEX_POINT('',#6763);
#6765=VERTEX_POINT('',#592);
#6766=CARTESIAN_POINT('',(4.440008878730E0,9.750471185465E0,-5.607818534633E0));
#6767=VERTEX_POINT('',#6766);
#6768=VERTEX_POINT('',#605);
#6769=CARTESIAN_POINT('',(5.611238327212E0,9.947209707614E0,-5.586546844813E0));
#6770=VERTEX_POINT('',#6769);
#6771=VERTEX_POINT('',#618);
#6772=CARTESIAN_POINT('',(5.815806516942E0,6.759082863440E0,-5.931252317820E0));
#6773=VERTEX_POINT('',#6772);
#6774=VERTEX_POINT('',#629);
#6775=CARTESIAN_POINT('',(4.919228331390E0,6.091779755274E0,-6.003402217991E0));
#6776=VERTEX_POINT('',#6775);
#6777=VERTEX_POINT('',#641);
#6778=CARTESIAN_POINT('',(3.568603337031E0,6.016538610258E0,-6.011537413280E0));
#6779=VERTEX_POINT('',#6778);
#6780=VERTEX_POINT('',#653);
#6781=CARTESIAN_POINT('',(8.507835231946E0,9.956654453372E0,-5.585525663501E0));
#6782=CARTESIAN_POINT('',(9.688110606965E0,9.960489583840E0,-5.585111002941E0));
#6783=VERTEX_POINT('',#6781);
#6784=VERTEX_POINT('',#6782);
#6785=VERTEX_POINT('',#670);
#6786=CARTESIAN_POINT('',(9.894457124961E0,6.229942151327E0,-5.988463874440E0));
#6787=VERTEX_POINT('',#6786);
#6788=VERTEX_POINT('',#683);
#6789=CARTESIAN_POINT('',(8.919041046604E0,6.033845250056E0,-6.009666191165E0));
#6790=VERTEX_POINT('',#6789);
#6791=VERTEX_POINT('',#696);
#6792=CARTESIAN_POINT('',(8.720227223382E0,7.469249803332E0,-5.854467910269E0));
#6793=VERTEX_POINT('',#6792);
#6794=VERTEX_POINT('',#711);
#6795=CARTESIAN_POINT('',(8.128816330393E0,6.238833996048E0,-5.987502473690E0));
#6796=VERTEX_POINT('',#6795);
#6797=VERTEX_POINT('',#724);
#6798=CARTESIAN_POINT('',(6.695300347330E0,6.026619906806E0,-6.010447407059E0));
#6799=VERTEX_POINT('',#6798);
#6800=VERTEX_POINT('',#737);
#6801=CARTESIAN_POINT('',(6.488953899542E0,9.757146144884E0,-5.607096827137E0));
#6802=VERTEX_POINT('',#6801);
#6803=VERTEX_POINT('',#750);
#6804=CARTESIAN_POINT('',(7.464369906930E0,9.953263817448E0,-5.585892264586E0));
#6805=VERTEX_POINT('',#6804);
#6806=VERTEX_POINT('',#763);
#6807=CARTESIAN_POINT('',(7.663183357598E0,8.517969049479E0,-5.741078675315E0));
#6808=VERTEX_POINT('',#6807);
#6809=VERTEX_POINT('',#777);
#6810=CARTESIAN_POINT('',(8.253895131101E0,9.744347777736E0,-5.608480607462E0));
#6811=VERTEX_POINT('',#6810);
#6812=VERTEX_POINT('',#792);
#6813=VERTEX_POINT('',#798);
#6814=CARTESIAN_POINT('',(1.057377138352E1,7.353160562153E0,-5.867019668322E0));
#6815=VERTEX_POINT('',#6814);
#6816=VERTEX_POINT('',#809);
#6817=CARTESIAN_POINT('',(1.127751109123E1,7.897367443020E0,-5.808179132970E0));
#6818=VERTEX_POINT('',#6817);
#6819=VERTEX_POINT('',#821);
#6820=CARTESIAN_POINT('',(1.069122239858E1,8.437376570512E0,-5.749792465557E0));
#6821=VERTEX_POINT('',#6820);
#6822=VERTEX_POINT('',#832);
#6823=CARTESIAN_POINT('',(1.056620129472E1,9.656155900822E0,-5.618016057001E0));
#6824=VERTEX_POINT('',#6823);
#6825=VERTEX_POINT('',#844);
#6826=CARTESIAN_POINT('',(1.273211759332E1,8.733409676618E0,-5.717784883408E0));
#6827=VERTEX_POINT('',#6826);
#6828=VERTEX_POINT('',#855);
#6829=CARTESIAN_POINT('',(1.285683226616E1,7.486741689899E0,-5.852576658971E0));
#6830=VERTEX_POINT('',#6829);
#6831=VERTEX_POINT('',#866);
#6832=CARTESIAN_POINT('',(-4.980940107676E1,8.258644867524E0,
-5.769117228727E0));
#6833=CARTESIAN_POINT('',(-4.882790561913E1,9.948794405963E0,
-5.586375504644E0));
#6834=VERTEX_POINT('',#6832);
#6835=VERTEX_POINT('',#6833);
#6836=CARTESIAN_POINT('',(-4.651850454238E1,1.014763552813E1,
-5.564876478281E0));
#6837=CARTESIAN_POINT('',(-4.848149545762E1,1.014763552813E1,
-5.564876478281E0));
#6838=VERTEX_POINT('',#6836);
#6839=VERTEX_POINT('',#6837);
#6840=CARTESIAN_POINT('',(-4.617209438087E1,9.948794405963E0,
-5.586375504644E0));
#6841=CARTESIAN_POINT('',(-4.519059892324E1,8.258644867524E0,
-5.769117228727E0));
#6842=VERTEX_POINT('',#6840);
#6843=VERTEX_POINT('',#6841);
#6844=CARTESIAN_POINT('',(-4.519059892324E1,7.860962623183E0,
-5.812115281453E0));
#6845=CARTESIAN_POINT('',(-4.617209438086E1,6.170813084746E0,
-5.994857005536E0));
#6846=VERTEX_POINT('',#6844);
#6847=VERTEX_POINT('',#6845);
#6848=CARTESIAN_POINT('',(-4.848149545762E1,5.971971962578E0,
-6.016356031898E0));
#6849=CARTESIAN_POINT('',(-4.651850454238E1,5.971971962578E0,
-6.016356031898E0));
#6850=VERTEX_POINT('',#6848);
#6851=VERTEX_POINT('',#6849);
#6852=CARTESIAN_POINT('',(-4.882790561914E1,6.170813084746E0,
-5.994857005536E0));
#6853=CARTESIAN_POINT('',(-4.980940107676E1,7.860962623183E0,
-5.812115281453E0));
#6854=VERTEX_POINT('',#6852);
#6855=VERTEX_POINT('',#6853);
#6856=CARTESIAN_POINT('',(4.519059892324E1,8.258644867524E0,-5.769117228727E0));
#6857=CARTESIAN_POINT('',(4.617209438087E1,9.948794405963E0,-5.586375504644E0));
#6858=VERTEX_POINT('',#6856);
#6859=VERTEX_POINT('',#6857);
#6860=CARTESIAN_POINT('',(4.848149545762E1,1.014763552813E1,-5.564876478281E0));
#6861=CARTESIAN_POINT('',(4.651850454238E1,1.014763552813E1,-5.564876478281E0));
#6862=VERTEX_POINT('',#6860);
#6863=VERTEX_POINT('',#6861);
#6864=CARTESIAN_POINT('',(4.882790561914E1,9.948794405964E0,-5.586375504644E0));
#6865=CARTESIAN_POINT('',(4.980940107676E1,8.258644867525E0,-5.769117228727E0));
#6866=VERTEX_POINT('',#6864);
#6867=VERTEX_POINT('',#6865);
#6868=CARTESIAN_POINT('',(4.980940107676E1,7.860962623183E0,-5.812115281453E0));
#6869=CARTESIAN_POINT('',(4.882790561914E1,6.170813084746E0,-5.994857005536E0));
#6870=VERTEX_POINT('',#6868);
#6871=VERTEX_POINT('',#6869);
#6872=CARTESIAN_POINT('',(4.651850454238E1,5.971971962578E0,-6.016356031898E0));
#6873=CARTESIAN_POINT('',(4.848149545762E1,5.971971962578E0,-6.016356031898E0));
#6874=VERTEX_POINT('',#6872);
#6875=VERTEX_POINT('',#6873);
#6876=CARTESIAN_POINT('',(4.617209438086E1,6.170813084745E0,-5.994857005536E0));
#6877=CARTESIAN_POINT('',(4.519059892324E1,7.860962623183E0,-5.812115281453E0));
#6878=VERTEX_POINT('',#6876);
#6879=VERTEX_POINT('',#6877);
#6880=CARTESIAN_POINT('',(-8.4E1,1.855293555063E1,7.894074676558E0));
#6881=DIRECTION('',(1.E0,0.E0,0.E0));
#6882=DIRECTION('',(0.E0,6.402624786721E-2,-9.979482148809E-1));
#6883=AXIS2_PLACEMENT_3D('',#6880,#6881,#6882);
#6884=PLANE('',#6883);
#6886=ORIENTED_EDGE('',*,*,#6885,.T.);
#6888=ORIENTED_EDGE('',*,*,#6887,.T.);
#6890=ORIENTED_EDGE('',*,*,#6889,.T.);
#6892=ORIENTED_EDGE('',*,*,#6891,.T.);
#6894=ORIENTED_EDGE('',*,*,#6893,.T.);
#6896=ORIENTED_EDGE('',*,*,#6895,.T.);
#6898=ORIENTED_EDGE('',*,*,#6897,.T.);
#6900=ORIENTED_EDGE('',*,*,#6899,.T.);
#6901=EDGE_LOOP('',(#6886,#6888,#6890,#6892,#6894,#6896,#6898,#6900));
#6902=FACE_OUTER_BOUND('',#6901,.F.);
#6903=ADVANCED_FACE('',(#6902),#6884,.F.);
#6904=CARTESIAN_POINT('',(-1.249999969698E2,1.595233344161E1,
-1.551016795003E0));
#6905=DIRECTION('',(0.E0,-1.074951318136E-1,9.942056108454E-1));
#6906=DIRECTION('',(0.E0,9.942056108454E-1,1.074951318136E-1));
#6907=AXIS2_PLACEMENT_3D('',#6904,#6905,#6906);
#6908=PLANE('',#6907);
#6910=ORIENTED_EDGE('',*,*,#6909,.F.);
#6912=ORIENTED_EDGE('',*,*,#6911,.T.);
#6913=ORIENTED_EDGE('',*,*,#6885,.F.);
#6915=ORIENTED_EDGE('',*,*,#6914,.F.);
#6916=EDGE_LOOP('',(#6910,#6912,#6913,#6915));
#6917=FACE_OUTER_BOUND('',#6916,.F.);
#6919=ORIENTED_EDGE('',*,*,#6918,.T.);
#6921=ORIENTED_EDGE('',*,*,#6920,.T.);
#6922=EDGE_LOOP('',(#6919,#6921));
#6923=FACE_BOUND('',#6922,.F.);
#6925=ORIENTED_EDGE('',*,*,#6924,.T.);
#6927=ORIENTED_EDGE('',*,*,#6926,.T.);
#6928=EDGE_LOOP('',(#6925,#6927));
#6929=FACE_BOUND('',#6928,.F.);
#6930=ADVANCED_FACE('',(#6917,#6923,#6929),#6908,.T.);
#6931=CARTESIAN_POINT('',(8.4E1,1.855293555063E1,7.894074676558E0));
#6932=DIRECTION('',(1.E0,0.E0,0.E0));
#6933=DIRECTION('',(0.E0,6.402624786721E-2,-9.979482148809E-1));
#6934=AXIS2_PLACEMENT_3D('',#6931,#6932,#6933);
#6935=PLANE('',#6934);
#6937=ORIENTED_EDGE('',*,*,#6936,.T.);
#6938=ORIENTED_EDGE('',*,*,#6909,.T.);
#6940=ORIENTED_EDGE('',*,*,#6939,.T.);
#6942=ORIENTED_EDGE('',*,*,#6941,.F.);
#6944=ORIENTED_EDGE('',*,*,#6943,.F.);
#6946=ORIENTED_EDGE('',*,*,#6945,.F.);
#6948=ORIENTED_EDGE('',*,*,#6947,.T.);
#6950=ORIENTED_EDGE('',*,*,#6949,.T.);
#6951=EDGE_LOOP('',(#6937,#6938,#6940,#6942,#6944,#6946,#6948,#6950));
#6952=FACE_OUTER_BOUND('',#6951,.F.);
#6953=ADVANCED_FACE('',(#6952),#6935,.T.);
#6954=CARTESIAN_POINT('',(-1.249999969698E2,-4.844667036906E-1,
-3.064949186460E0));
#6955=DIRECTION('',(0.E0,-9.979482148809E-1,-6.402624786721E-2));
#6956=DIRECTION('',(1.E0,0.E0,0.E0));
#6957=AXIS2_PLACEMENT_3D('',#6954,#6955,#6956);
#6958=PLANE('',#6957);
#6959=ORIENTED_EDGE('',*,*,#6887,.F.);
#6960=ORIENTED_EDGE('',*,*,#6911,.F.);
#6961=ORIENTED_EDGE('',*,*,#6936,.F.);
#6963=ORIENTED_EDGE('',*,*,#6962,.T.);
#6964=EDGE_LOOP('',(#6959,#6960,#6961,#6963));
#6965=FACE_OUTER_BOUND('',#6964,.F.);
#6966=ADVANCED_FACE('',(#6965),#6958,.T.);
#6967=CARTESIAN_POINT('',(-1.249999969698E2,5.718980308490E0,
-6.043709902071E0));
#6968=DIRECTION('',(0.E0,1.074951318136E-1,-9.942056108454E-1));
#6969=DIRECTION('',(0.E0,-9.942056108454E-1,-1.074951318136E-1));
#6970=AXIS2_PLACEMENT_3D('',#6967,#6968,#6969);
#6971=PLANE('',#6970);
#6972=ORIENTED_EDGE('',*,*,#6889,.F.);
#6973=ORIENTED_EDGE('',*,*,#6962,.F.);
#6974=ORIENTED_EDGE('',*,*,#6949,.F.);
#6976=ORIENTED_EDGE('',*,*,#6975,.T.);
#6977=EDGE_LOOP('',(#6972,#6973,#6974,#6976));
#6978=FACE_OUTER_BOUND('',#6977,.F.);
#6980=ORIENTED_EDGE('',*,*,#6979,.T.);
#6982=ORIENTED_EDGE('',*,*,#6981,.T.);
#6984=ORIENTED_EDGE('',*,*,#6983,.T.);
#6986=ORIENTED_EDGE('',*,*,#6985,.T.);
#6988=ORIENTED_EDGE('',*,*,#6987,.T.);
#6990=ORIENTED_EDGE('',*,*,#6989,.T.);
#6992=ORIENTED_EDGE('',*,*,#6991,.T.);
#6994=ORIENTED_EDGE('',*,*,#6993,.T.);
#6996=ORIENTED_EDGE('',*,*,#6995,.T.);
#6998=ORIENTED_EDGE('',*,*,#6997,.T.);
#7000=ORIENTED_EDGE('',*,*,#6999,.T.);
#7002=ORIENTED_EDGE('',*,*,#7001,.T.);
#7004=ORIENTED_EDGE('',*,*,#7003,.T.);
#7006=ORIENTED_EDGE('',*,*,#7005,.T.);
#7008=ORIENTED_EDGE('',*,*,#7007,.T.);
#7010=ORIENTED_EDGE('',*,*,#7009,.T.);
#7012=ORIENTED_EDGE('',*,*,#7011,.T.);
#7014=ORIENTED_EDGE('',*,*,#7013,.T.);
#7016=ORIENTED_EDGE('',*,*,#7015,.T.);
#7018=ORIENTED_EDGE('',*,*,#7017,.T.);
#7020=ORIENTED_EDGE('',*,*,#7019,.T.);
#7022=ORIENTED_EDGE('',*,*,#7021,.T.);
#7023=EDGE_LOOP('',(#6980,#6982,#6984,#6986,#6988,#6990,#6992,#6994,#6996,#6998,
#7000,#7002,#7004,#7006,#7008,#7010,#7012,#7014,#7016,#7018,#7020,#7022));
#7024=FACE_BOUND('',#7023,.F.);
#7026=ORIENTED_EDGE('',*,*,#7025,.T.);
#7028=ORIENTED_EDGE('',*,*,#7027,.T.);
#7030=ORIENTED_EDGE('',*,*,#7029,.T.);
#7032=ORIENTED_EDGE('',*,*,#7031,.T.);
#7034=ORIENTED_EDGE('',*,*,#7033,.T.);
#7036=ORIENTED_EDGE('',*,*,#7035,.T.);
#7038=ORIENTED_EDGE('',*,*,#7037,.T.);
#7040=ORIENTED_EDGE('',*,*,#7039,.T.);
#7042=ORIENTED_EDGE('',*,*,#7041,.T.);
#7044=ORIENTED_EDGE('',*,*,#7043,.T.);
#7046=ORIENTED_EDGE('',*,*,#7045,.T.);
#7048=ORIENTED_EDGE('',*,*,#7047,.T.);
#7050=ORIENTED_EDGE('',*,*,#7049,.T.);
#7052=ORIENTED_EDGE('',*,*,#7051,.T.);
#7054=ORIENTED_EDGE('',*,*,#7053,.T.);
#7056=ORIENTED_EDGE('',*,*,#7055,.T.);
#7058=ORIENTED_EDGE('',*,*,#7057,.T.);
#7060=ORIENTED_EDGE('',*,*,#7059,.T.);
#7062=ORIENTED_EDGE('',*,*,#7061,.T.);
#7064=ORIENTED_EDGE('',*,*,#7063,.T.);
#7065=EDGE_LOOP('',(#7026,#7028,#7030,#7032,#7034,#7036,#7038,#7040,#7042,#7044,
#7046,#7048,#7050,#7052,#7054,#7056,#7058,#7060,#7062,#7064));
#7066=FACE_BOUND('',#7065,.F.);
#7068=ORIENTED_EDGE('',*,*,#7067,.T.);
#7070=ORIENTED_EDGE('',*,*,#7069,.T.);
#7072=ORIENTED_EDGE('',*,*,#7071,.T.);
#7074=ORIENTED_EDGE('',*,*,#7073,.T.);
#7076=ORIENTED_EDGE('',*,*,#7075,.T.);
#7078=ORIENTED_EDGE('',*,*,#7077,.T.);
#7080=ORIENTED_EDGE('',*,*,#7079,.T.);
#7082=ORIENTED_EDGE('',*,*,#7081,.T.);
#7084=ORIENTED_EDGE('',*,*,#7083,.T.);
#7086=ORIENTED_EDGE('',*,*,#7085,.T.);
#7088=ORIENTED_EDGE('',*,*,#7087,.T.);
#7090=ORIENTED_EDGE('',*,*,#7089,.T.);
#7092=ORIENTED_EDGE('',*,*,#7091,.T.);
#7094=ORIENTED_EDGE('',*,*,#7093,.T.);
#7096=ORIENTED_EDGE('',*,*,#7095,.T.);
#7098=ORIENTED_EDGE('',*,*,#7097,.T.);
#7100=ORIENTED_EDGE('',*,*,#7099,.T.);
#7102=ORIENTED_EDGE('',*,*,#7101,.T.);
#7103=EDGE_LOOP('',(#7068,#7070,#7072,#7074,#7076,#7078,#7080,#7082,#7084,#7086,
#7088,#7090,#7092,#7094,#7096,#7098,#7100,#7102));
#7104=FACE_BOUND('',#7103,.F.);
#7106=ORIENTED_EDGE('',*,*,#7105,.T.);
#7108=ORIENTED_EDGE('',*,*,#7107,.T.);
#7110=ORIENTED_EDGE('',*,*,#7109,.T.);
#7112=ORIENTED_EDGE('',*,*,#7111,.T.);
#7114=ORIENTED_EDGE('',*,*,#7113,.T.);
#7116=ORIENTED_EDGE('',*,*,#7115,.T.);
#7118=ORIENTED_EDGE('',*,*,#7117,.T.);
#7120=ORIENTED_EDGE('',*,*,#7119,.T.);
#7122=ORIENTED_EDGE('',*,*,#7121,.T.);
#7124=ORIENTED_EDGE('',*,*,#7123,.T.);
#7126=ORIENTED_EDGE('',*,*,#7125,.T.);
#7128=ORIENTED_EDGE('',*,*,#7127,.T.);
#7130=ORIENTED_EDGE('',*,*,#7129,.T.);
#7132=ORIENTED_EDGE('',*,*,#7131,.T.);
#7133=EDGE_LOOP('',(#7106,#7108,#7110,#7112,#7114,#7116,#7118,#7120,#7122,#7124,
#7126,#7128,#7130,#7132));
#7134=FACE_BOUND('',#7133,.F.);
#7136=ORIENTED_EDGE('',*,*,#7135,.T.);
#7138=ORIENTED_EDGE('',*,*,#7137,.T.);
#7140=ORIENTED_EDGE('',*,*,#7139,.T.);
#7142=ORIENTED_EDGE('',*,*,#7141,.T.);
#7144=ORIENTED_EDGE('',*,*,#7143,.T.);
#7146=ORIENTED_EDGE('',*,*,#7145,.T.);
#7148=ORIENTED_EDGE('',*,*,#7147,.T.);
#7150=ORIENTED_EDGE('',*,*,#7149,.T.);
#7152=ORIENTED_EDGE('',*,*,#7151,.T.);
#7154=ORIENTED_EDGE('',*,*,#7153,.T.);
#7156=ORIENTED_EDGE('',*,*,#7155,.T.);
#7158=ORIENTED_EDGE('',*,*,#7157,.T.);
#7160=ORIENTED_EDGE('',*,*,#7159,.T.);
#7162=ORIENTED_EDGE('',*,*,#7161,.T.);
#7164=ORIENTED_EDGE('',*,*,#7163,.T.);
#7166=ORIENTED_EDGE('',*,*,#7165,.T.);
#7168=ORIENTED_EDGE('',*,*,#7167,.T.);
#7170=ORIENTED_EDGE('',*,*,#7169,.T.);
#7171=EDGE_LOOP('',(#7136,#7138,#7140,#7142,#7144,#7146,#7148,#7150,#7152,#7154,
#7156,#7158,#7160,#7162,#7164,#7166,#7168,#7170));
#7172=FACE_BOUND('',#7171,.F.);
#7174=ORIENTED_EDGE('',*,*,#7173,.T.);
#7176=ORIENTED_EDGE('',*,*,#7175,.T.);
#7178=ORIENTED_EDGE('',*,*,#7177,.T.);
#7180=ORIENTED_EDGE('',*,*,#7179,.T.);
#7182=ORIENTED_EDGE('',*,*,#7181,.T.);
#7184=ORIENTED_EDGE('',*,*,#7183,.T.);
#7186=ORIENTED_EDGE('',*,*,#7185,.T.);
#7188=ORIENTED_EDGE('',*,*,#7187,.T.);
#7190=ORIENTED_EDGE('',*,*,#7189,.T.);
#7192=ORIENTED_EDGE('',*,*,#7191,.T.);
#7194=ORIENTED_EDGE('',*,*,#7193,.T.);
#7196=ORIENTED_EDGE('',*,*,#7195,.T.);
#7198=ORIENTED_EDGE('',*,*,#7197,.T.);
#7200=ORIENTED_EDGE('',*,*,#7199,.T.);
#7202=ORIENTED_EDGE('',*,*,#7201,.T.);
#7204=ORIENTED_EDGE('',*,*,#7203,.T.);
#7206=ORIENTED_EDGE('',*,*,#7205,.T.);
#7208=ORIENTED_EDGE('',*,*,#7207,.T.);
#7210=ORIENTED_EDGE('',*,*,#7209,.T.);
#7212=ORIENTED_EDGE('',*,*,#7211,.T.);
#7213=EDGE_LOOP('',(#7174,#7176,#7178,#7180,#7182,#7184,#7186,#7188,#7190,#7192,
#7194,#7196,#7198,#7200,#7202,#7204,#7206,#7208,#7210,#7212));
#7214=FACE_BOUND('',#7213,.F.);
#7216=ORIENTED_EDGE('',*,*,#7215,.T.);
#7218=ORIENTED_EDGE('',*,*,#7217,.T.);
#7220=ORIENTED_EDGE('',*,*,#7219,.T.);
#7222=ORIENTED_EDGE('',*,*,#7221,.T.);
#7224=ORIENTED_EDGE('',*,*,#7223,.T.);
#7226=ORIENTED_EDGE('',*,*,#7225,.T.);
#7228=ORIENTED_EDGE('',*,*,#7227,.T.);
#7230=ORIENTED_EDGE('',*,*,#7229,.T.);
#7232=ORIENTED_EDGE('',*,*,#7231,.T.);
#7234=ORIENTED_EDGE('',*,*,#7233,.T.);
#7236=ORIENTED_EDGE('',*,*,#7235,.T.);
#7238=ORIENTED_EDGE('',*,*,#7237,.T.);
#7240=ORIENTED_EDGE('',*,*,#7239,.T.);
#7242=ORIENTED_EDGE('',*,*,#7241,.T.);
#7243=EDGE_LOOP('',(#7216,#7218,#7220,#7222,#7224,#7226,#7228,#7230,#7232,#7234,
#7236,#7238,#7240,#7242));
#7244=FACE_BOUND('',#7243,.F.);
#7246=ORIENTED_EDGE('',*,*,#7245,.T.);
#7248=ORIENTED_EDGE('',*,*,#7247,.T.);
#7250=ORIENTED_EDGE('',*,*,#7249,.F.);
#7252=ORIENTED_EDGE('',*,*,#7251,.T.);
#7254=ORIENTED_EDGE('',*,*,#7253,.T.);
#7256=ORIENTED_EDGE('',*,*,#7255,.T.);
#7258=ORIENTED_EDGE('',*,*,#7257,.T.);
#7260=ORIENTED_EDGE('',*,*,#7259,.T.);
#7262=ORIENTED_EDGE('',*,*,#7261,.F.);
#7264=ORIENTED_EDGE('',*,*,#7263,.T.);
#7266=ORIENTED_EDGE('',*,*,#7265,.T.);
#7268=ORIENTED_EDGE('',*,*,#7267,.T.);
#7269=EDGE_LOOP('',(#7246,#7248,#7250,#7252,#7254,#7256,#7258,#7260,#7262,#7264,
#7266,#7268));
#7270=FACE_BOUND('',#7269,.F.);
#7272=ORIENTED_EDGE('',*,*,#7271,.T.);
#7274=ORIENTED_EDGE('',*,*,#7273,.T.);
#7276=ORIENTED_EDGE('',*,*,#7275,.F.);
#7278=ORIENTED_EDGE('',*,*,#7277,.T.);
#7280=ORIENTED_EDGE('',*,*,#7279,.T.);
#7282=ORIENTED_EDGE('',*,*,#7281,.T.);
#7284=ORIENTED_EDGE('',*,*,#7283,.T.);
#7286=ORIENTED_EDGE('',*,*,#7285,.T.);
#7288=ORIENTED_EDGE('',*,*,#7287,.F.);
#7290=ORIENTED_EDGE('',*,*,#7289,.T.);
#7292=ORIENTED_EDGE('',*,*,#7291,.T.);
#7294=ORIENTED_EDGE('',*,*,#7293,.T.);
#7295=EDGE_LOOP('',(#7272,#7274,#7276,#7278,#7280,#7282,#7284,#7286,#7288,#7290,
#7292,#7294));
#7296=FACE_BOUND('',#7295,.F.);
#7297=ADVANCED_FACE('',(#6978,#7024,#7066,#7104,#7134,#7172,#7214,#7244,#7270,
#7296),#6971,.T.);
#7298=CARTESIAN_POINT('',(7.371880883511E-13,1.882296002893E1,
-4.123972167229E0));
#7299=DIRECTION('',(-1.E0,-3.042607335798E-12,2.560213114375E-12));
#7300=DIRECTION('',(-2.560213114375E-12,0.E0,-1.E0));
#7301=AXIS2_PLACEMENT_3D('',#7298,#7299,#7300);
#7302=CYLINDRICAL_SURFACE('',#7301,4.999999999997E-1);
#7303=ORIENTED_EDGE('',*,*,#6891,.F.);
#7304=ORIENTED_EDGE('',*,*,#6975,.F.);
#7305=ORIENTED_EDGE('',*,*,#6947,.F.);
#7307=ORIENTED_EDGE('',*,*,#7306,.F.);
#7308=EDGE_LOOP('',(#7303,#7304,#7305,#7307));
#7309=FACE_OUTER_BOUND('',#7308,.F.);
#7310=ADVANCED_FACE('',(#7309),#7302,.T.);
#7311=CARTESIAN_POINT('',(-1.249999969698E2,1.935258003763E1,
-4.569622868171E0));
#7312=DIRECTION('',(0.E0,9.979482148809E-1,6.402624786721E-2));
#7313=DIRECTION('',(-1.E0,0.E0,0.E0));
#7314=AXIS2_PLACEMENT_3D('',#7311,#7312,#7313);
#7315=PLANE('',#7314);
#7316=ORIENTED_EDGE('',*,*,#6893,.F.);
#7317=ORIENTED_EDGE('',*,*,#7306,.T.);
#7318=ORIENTED_EDGE('',*,*,#6945,.T.);
#7320=ORIENTED_EDGE('',*,*,#7319,.F.);
#7321=EDGE_LOOP('',(#7316,#7317,#7318,#7320));
#7322=FACE_OUTER_BOUND('',#7321,.F.);
#7324=ORIENTED_EDGE('',*,*,#7323,.T.);
#7326=ORIENTED_EDGE('',*,*,#7325,.T.);
#7327=EDGE_LOOP('',(#7324,#7326));
#7328=FACE_BOUND('',#7327,.F.);
#7330=ORIENTED_EDGE('',*,*,#7329,.T.);
#7332=ORIENTED_EDGE('',*,*,#7331,.T.);
#7333=EDGE_LOOP('',(#7330,#7332));
#7334=FACE_BOUND('',#7333,.F.);
#7336=ORIENTED_EDGE('',*,*,#7335,.T.);
#7338=ORIENTED_EDGE('',*,*,#7337,.T.);
#7339=EDGE_LOOP('',(#7336,#7338));
#7340=FACE_BOUND('',#7339,.F.);
#7342=ORIENTED_EDGE('',*,*,#7341,.T.);
#7344=ORIENTED_EDGE('',*,*,#7343,.T.);
#7345=EDGE_LOOP('',(#7342,#7344));
#7346=FACE_BOUND('',#7345,.F.);
#7348=ORIENTED_EDGE('',*,*,#7347,.T.);
#7350=ORIENTED_EDGE('',*,*,#7349,.T.);
#7351=EDGE_LOOP('',(#7348,#7350));
#7352=FACE_BOUND('',#7351,.F.);
#7354=ORIENTED_EDGE('',*,*,#7353,.T.);
#7356=ORIENTED_EDGE('',*,*,#7355,.T.);
#7357=EDGE_LOOP('',(#7354,#7356));
#7358=FACE_BOUND('',#7357,.F.);
#7360=ORIENTED_EDGE('',*,*,#7359,.T.);
#7362=ORIENTED_EDGE('',*,*,#7361,.T.);
#7363=EDGE_LOOP('',(#7360,#7362));
#7364=FACE_BOUND('',#7363,.F.);
#7366=ORIENTED_EDGE('',*,*,#7365,.T.);
#7368=ORIENTED_EDGE('',*,*,#7367,.T.);
#7369=EDGE_LOOP('',(#7366,#7368));
#7370=FACE_BOUND('',#7369,.F.);
#7372=ORIENTED_EDGE('',*,*,#7371,.T.);
#7374=ORIENTED_EDGE('',*,*,#7373,.T.);
#7375=EDGE_LOOP('',(#7372,#7374));
#7376=FACE_BOUND('',#7375,.F.);
#7378=ORIENTED_EDGE('',*,*,#7377,.T.);
#7380=ORIENTED_EDGE('',*,*,#7379,.T.);
#7381=EDGE_LOOP('',(#7378,#7380));
#7382=FACE_BOUND('',#7381,.F.);
#7384=ORIENTED_EDGE('',*,*,#7383,.T.);
#7386=ORIENTED_EDGE('',*,*,#7385,.T.);
#7387=EDGE_LOOP('',(#7384,#7386));
#7388=FACE_BOUND('',#7387,.F.);
#7390=ORIENTED_EDGE('',*,*,#7389,.T.);
#7392=ORIENTED_EDGE('',*,*,#7391,.T.);
#7393=EDGE_LOOP('',(#7390,#7392));
#7394=FACE_BOUND('',#7393,.F.);
#7396=ORIENTED_EDGE('',*,*,#7395,.T.);
#7398=ORIENTED_EDGE('',*,*,#7397,.T.);
#7399=EDGE_LOOP('',(#7396,#7398));
#7400=FACE_BOUND('',#7399,.F.);
#7402=ORIENTED_EDGE('',*,*,#7401,.T.);
#7404=ORIENTED_EDGE('',*,*,#7403,.T.);
#7405=EDGE_LOOP('',(#7402,#7404));
#7406=FACE_BOUND('',#7405,.F.);
#7408=ORIENTED_EDGE('',*,*,#7407,.T.);
#7410=ORIENTED_EDGE('',*,*,#7409,.T.);
#7411=EDGE_LOOP('',(#7408,#7410));
#7412=FACE_BOUND('',#7411,.F.);
#7414=ORIENTED_EDGE('',*,*,#7413,.T.);
#7416=ORIENTED_EDGE('',*,*,#7415,.T.);
#7417=EDGE_LOOP('',(#7414,#7416));
#7418=FACE_BOUND('',#7417,.F.);
#7420=ORIENTED_EDGE('',*,*,#7419,.T.);
#7422=ORIENTED_EDGE('',*,*,#7421,.T.);
#7423=EDGE_LOOP('',(#7420,#7422));
#7424=FACE_BOUND('',#7423,.F.);
#7426=ORIENTED_EDGE('',*,*,#7425,.T.);
#7428=ORIENTED_EDGE('',*,*,#7427,.T.);
#7429=EDGE_LOOP('',(#7426,#7428));
#7430=FACE_BOUND('',#7429,.F.);
#7432=ORIENTED_EDGE('',*,*,#7431,.T.);
#7434=ORIENTED_EDGE('',*,*,#7433,.T.);
#7435=EDGE_LOOP('',(#7432,#7434));
#7436=FACE_BOUND('',#7435,.F.);
#7438=ORIENTED_EDGE('',*,*,#7437,.T.);
#7440=ORIENTED_EDGE('',*,*,#7439,.T.);
#7441=EDGE_LOOP('',(#7438,#7440));
#7442=FACE_BOUND('',#7441,.F.);
#7444=ORIENTED_EDGE('',*,*,#7443,.T.);
#7446=ORIENTED_EDGE('',*,*,#7445,.T.);
#7447=EDGE_LOOP('',(#7444,#7446));
#7448=FACE_BOUND('',#7447,.F.);
#7450=ORIENTED_EDGE('',*,*,#7449,.T.);
#7452=ORIENTED_EDGE('',*,*,#7451,.T.);
#7453=EDGE_LOOP('',(#7450,#7452));
#7454=FACE_BOUND('',#7453,.F.);
#7456=ORIENTED_EDGE('',*,*,#7455,.T.);
#7458=ORIENTED_EDGE('',*,*,#7457,.T.);
#7459=EDGE_LOOP('',(#7456,#7458));
#7460=FACE_BOUND('',#7459,.F.);
#7462=ORIENTED_EDGE('',*,*,#7461,.T.);
#7464=ORIENTED_EDGE('',*,*,#7463,.T.);
#7465=EDGE_LOOP('',(#7462,#7464));
#7466=FACE_BOUND('',#7465,.F.);
#7468=ORIENTED_EDGE('',*,*,#7467,.T.);
#7470=ORIENTED_EDGE('',*,*,#7469,.T.);
#7471=EDGE_LOOP('',(#7468,#7470));
#7472=FACE_BOUND('',#7471,.F.);
#7474=ORIENTED_EDGE('',*,*,#7473,.T.);
#7476=ORIENTED_EDGE('',*,*,#7475,.T.);
#7477=EDGE_LOOP('',(#7474,#7476));
#7478=FACE_BOUND('',#7477,.F.);
#7480=ORIENTED_EDGE('',*,*,#7479,.T.);
#7482=ORIENTED_EDGE('',*,*,#7481,.T.);
#7483=EDGE_LOOP('',(#7480,#7482));
#7484=FACE_BOUND('',#7483,.F.);
#7486=ORIENTED_EDGE('',*,*,#7485,.T.);
#7488=ORIENTED_EDGE('',*,*,#7487,.T.);
#7489=EDGE_LOOP('',(#7486,#7488));
#7490=FACE_BOUND('',#7489,.F.);
#7492=ORIENTED_EDGE('',*,*,#7491,.T.);
#7494=ORIENTED_EDGE('',*,*,#7493,.T.);
#7495=EDGE_LOOP('',(#7492,#7494));
#7496=FACE_BOUND('',#7495,.F.);
#7498=ORIENTED_EDGE('',*,*,#7497,.T.);
#7500=ORIENTED_EDGE('',*,*,#7499,.T.);
#7501=EDGE_LOOP('',(#7498,#7500));
#7502=FACE_BOUND('',#7501,.F.);
#7504=ORIENTED_EDGE('',*,*,#7503,.T.);
#7506=ORIENTED_EDGE('',*,*,#7505,.T.);
#7507=EDGE_LOOP('',(#7504,#7506));
#7508=FACE_BOUND('',#7507,.F.);
#7510=ORIENTED_EDGE('',*,*,#7509,.T.);
#7512=ORIENTED_EDGE('',*,*,#7511,.T.);
#7513=EDGE_LOOP('',(#7510,#7512));
#7514=FACE_BOUND('',#7513,.F.);
#7516=ORIENTED_EDGE('',*,*,#7515,.T.);
#7518=ORIENTED_EDGE('',*,*,#7517,.T.);
#7519=EDGE_LOOP('',(#7516,#7518));
#7520=FACE_BOUND('',#7519,.F.);
#7522=ORIENTED_EDGE('',*,*,#7521,.T.);
#7524=ORIENTED_EDGE('',*,*,#7523,.T.);
#7525=EDGE_LOOP('',(#7522,#7524));
#7526=FACE_BOUND('',#7525,.F.);
#7528=ORIENTED_EDGE('',*,*,#7527,.T.);
#7530=ORIENTED_EDGE('',*,*,#7529,.T.);
#7531=EDGE_LOOP('',(#7528,#7530));
#7532=FACE_BOUND('',#7531,.F.);
#7534=ORIENTED_EDGE('',*,*,#7533,.T.);
#7536=ORIENTED_EDGE('',*,*,#7535,.T.);
#7537=EDGE_LOOP('',(#7534,#7536));
#7538=FACE_BOUND('',#7537,.F.);
#7540=ORIENTED_EDGE('',*,*,#7539,.T.);
#7542=ORIENTED_EDGE('',*,*,#7541,.T.);
#7543=EDGE_LOOP('',(#7540,#7542));
#7544=FACE_BOUND('',#7543,.F.);
#7546=ORIENTED_EDGE('',*,*,#7545,.T.);
#7548=ORIENTED_EDGE('',*,*,#7547,.T.);
#7549=EDGE_LOOP('',(#7546,#7548));
#7550=FACE_BOUND('',#7549,.F.);
#7552=ORIENTED_EDGE('',*,*,#7551,.T.);
#7554=ORIENTED_EDGE('',*,*,#7553,.T.);
#7555=EDGE_LOOP('',(#7552,#7554));
#7556=FACE_BOUND('',#7555,.F.);
#7558=ORIENTED_EDGE('',*,*,#7557,.T.);
#7560=ORIENTED_EDGE('',*,*,#7559,.T.);
#7561=EDGE_LOOP('',(#7558,#7560));
#7562=FACE_BOUND('',#7561,.F.);
#7564=ORIENTED_EDGE('',*,*,#7563,.T.);
#7566=ORIENTED_EDGE('',*,*,#7565,.T.);
#7567=EDGE_LOOP('',(#7564,#7566));
#7568=FACE_BOUND('',#7567,.F.);
#7570=ORIENTED_EDGE('',*,*,#7569,.T.);
#7572=ORIENTED_EDGE('',*,*,#7571,.T.);
#7573=EDGE_LOOP('',(#7570,#7572));
#7574=FACE_BOUND('',#7573,.F.);
#7575=ADVANCED_FACE('',(#7322,#7328,#7334,#7340,#7346,#7352,#7358,#7364,#7370,
#7376,#7382,#7388,#7394,#7400,#7406,#7412,#7418,#7424,#7430,#7436,#7442,#7448,
#7454,#7460,#7466,#7472,#7478,#7484,#7490,#7496,#7502,#7508,#7514,#7520,#7526,
#7532,#7538,#7544,#7550,#7556,#7562,#7568,#7574),#7315,.T.);
#7576=CARTESIAN_POINT('',(-1.249999969698E2,1.832816007175E1,1.139754856992E1));
#7577=DIRECTION('',(0.E0,-6.402624786722E-2,9.979482148809E-1));
#7578=DIRECTION('',(0.E0,9.979482148809E-1,6.402624786722E-2));
#7579=AXIS2_PLACEMENT_3D('',#7576,#7577,#7578);
#7580=PLANE('',#7579);
#7581=ORIENTED_EDGE('',*,*,#6895,.F.);
#7582=ORIENTED_EDGE('',*,*,#7319,.T.);
#7583=ORIENTED_EDGE('',*,*,#6943,.T.);
#7585=ORIENTED_EDGE('',*,*,#7584,.F.);
#7586=EDGE_LOOP('',(#7581,#7582,#7583,#7585));
#7587=FACE_OUTER_BOUND('',#7586,.F.);
#7588=ADVANCED_FACE('',(#7587),#7580,.T.);
#7589=CARTESIAN_POINT('',(-1.249999969698E2,1.507069953627E1,1.219061279163E1));
#7590=DIRECTION('',(0.E0,-9.979482148809E-1,-6.402624786721E-2));
#7591=DIRECTION('',(1.E0,0.E0,0.E0));
#7592=AXIS2_PLACEMENT_3D('',#7589,#7590,#7591);
#7593=PLANE('',#7592);
#7594=ORIENTED_EDGE('',*,*,#6897,.F.);
#7595=ORIENTED_EDGE('',*,*,#7584,.T.);
#7596=ORIENTED_EDGE('',*,*,#6941,.T.);
#7598=ORIENTED_EDGE('',*,*,#7597,.F.);
#7599=EDGE_LOOP('',(#7594,#7595,#7596,#7598));
#7600=FACE_OUTER_BOUND('',#7599,.F.);
#7601=ADVANCED_FACE('',(#7600),#7593,.T.);
#7602=CARTESIAN_POINT('',(-5.326294960639E-13,1.542271343291E1,
-1.105366094061E0));
#7603=DIRECTION('',(1.E0,-6.266351391510E-13,5.272844386808E-13));
#7604=DIRECTION('',(-5.272844386808E-13,0.E0,1.E0));
#7605=AXIS2_PLACEMENT_3D('',#7602,#7603,#7604);
#7606=CYLINDRICAL_SURFACE('',#7605,5.E-1);
#7607=ORIENTED_EDGE('',*,*,#6899,.F.);
#7608=ORIENTED_EDGE('',*,*,#7597,.T.);
#7609=ORIENTED_EDGE('',*,*,#6939,.F.);
#7610=ORIENTED_EDGE('',*,*,#6914,.T.);
#7611=EDGE_LOOP('',(#7607,#7608,#7609,#7610));
#7612=FACE_OUTER_BOUND('',#7611,.F.);
#7613=ADVANCED_FACE('',(#7612),#7606,.F.);
#7614=CARTESIAN_POINT('',(-7.106815136382E-13,1.855293555063E1,
7.894074676558E0));
#7615=DIRECTION('',(0.E0,9.979482148809E-1,6.402624786719E-2));
#7616=DIRECTION('',(1.E0,0.E0,0.E0));
#7617=AXIS2_PLACEMENT_3D('',#7614,#7615,#7616);
#7618=CYLINDRICAL_SURFACE('',#7617,2.55E0);
#7620=ORIENTED_EDGE('',*,*,#7619,.F.);
#7622=ORIENTED_EDGE('',*,*,#7621,.F.);
#7624=ORIENTED_EDGE('',*,*,#7623,.T.);
#7625=ORIENTED_EDGE('',*,*,#7323,.F.);
#7627=ORIENTED_EDGE('',*,*,#7626,.T.);
#7628=EDGE_LOOP('',(#7620,#7622,#7624,#7625,#7627));
#7629=FACE_OUTER_BOUND('',#7628,.F.);
#7630=ADVANCED_FACE('',(#7629),#7618,.T.);
#7631=CARTESIAN_POINT('',(-7.106815136382E-13,1.985026822997E1,
7.977308798785E0));
#7632=DIRECTION('',(0.E0,9.979482148809E-1,6.402624786719E-2));
#7633=DIRECTION('',(-9.951641129308E-1,-6.289055669722E-3,9.802467094283E-2));
#7634=AXIS2_PLACEMENT_3D('',#7631,#7632,#7633);
#7635=TOROIDAL_SURFACE('',#7634,2.05E0,5.E-1);
#7636=ORIENTED_EDGE('',*,*,#7621,.T.);
#7637=ORIENTED_EDGE('',*,*,#7619,.T.);
#7639=ORIENTED_EDGE('',*,*,#7638,.T.);
#7641=ORIENTED_EDGE('',*,*,#7640,.F.);
#7643=ORIENTED_EDGE('',*,*,#7642,.F.);
#7645=ORIENTED_EDGE('',*,*,#7644,.F.);
#7646=EDGE_LOOP('',(#7636,#7637,#7639,#7641,#7643,#7645));
#7647=FACE_OUTER_BOUND('',#7646,.F.);
#7648=ADVANCED_FACE('',(#7647),#7635,.T.);
#7649=CARTESIAN_POINT('',(-7.106815136382E-13,1.985026822997E1,
7.977308798785E0));
#7650=DIRECTION('',(0.E0,9.979482148809E-1,6.402624786719E-2));
#7651=DIRECTION('',(9.951641131245E-1,6.289055544076E-3,-9.802466898445E-2));
#7652=AXIS2_PLACEMENT_3D('',#7649,#7650,#7651);
#7653=TOROIDAL_SURFACE('',#7652,2.05E0,5.E-1);
#7655=ORIENTED_EDGE('',*,*,#7654,.T.);
#7657=ORIENTED_EDGE('',*,*,#7656,.T.);
#7658=ORIENTED_EDGE('',*,*,#7644,.T.);
#7660=ORIENTED_EDGE('',*,*,#7659,.F.);
#7662=ORIENTED_EDGE('',*,*,#7661,.F.);
#7663=ORIENTED_EDGE('',*,*,#7638,.F.);
#7664=EDGE_LOOP('',(#7655,#7657,#7658,#7660,#7662,#7663));
#7665=FACE_OUTER_BOUND('',#7664,.F.);
#7666=ADVANCED_FACE('',(#7665),#7653,.T.);
#7667=CARTESIAN_POINT('',(-7.106815136382E-13,1.855293555063E1,
7.894074676558E0));
#7668=DIRECTION('',(0.E0,9.979482148809E-1,6.402624786719E-2));
#7669=DIRECTION('',(1.E0,0.E0,0.E0));
#7670=AXIS2_PLACEMENT_3D('',#7667,#7668,#7669);
#7671=CYLINDRICAL_SURFACE('',#7670,2.55E0);
#7672=ORIENTED_EDGE('',*,*,#7656,.F.);
#7673=ORIENTED_EDGE('',*,*,#7654,.F.);
#7674=ORIENTED_EDGE('',*,*,#7626,.F.);
#7675=ORIENTED_EDGE('',*,*,#7325,.F.);
#7676=ORIENTED_EDGE('',*,*,#7623,.F.);
#7677=EDGE_LOOP('',(#7672,#7673,#7674,#7675,#7676));
#7678=FACE_OUTER_BOUND('',#7677,.F.);
#7679=ADVANCED_FACE('',(#7678),#7671,.T.);
#7680=CARTESIAN_POINT('',(-7.105427357601E-13,2.034924233741E1,
8.009321922719E0));
#7681=DIRECTION('',(0.E0,9.979482148809E-1,6.402624786721E-2));
#7682=DIRECTION('',(1.E0,0.E0,0.E0));
#7683=AXIS2_PLACEMENT_3D('',#7680,#7681,#7682);
#7684=PLANE('',#7683);
#7685=ORIENTED_EDGE('',*,*,#7642,.T.);
#7686=ORIENTED_EDGE('',*,*,#7640,.T.);
#7687=ORIENTED_EDGE('',*,*,#7661,.T.);
#7688=ORIENTED_EDGE('',*,*,#7659,.T.);
#7689=EDGE_LOOP('',(#7685,#7686,#7687,#7688));
#7690=FACE_OUTER_BOUND('',#7689,.F.);
#7691=ADVANCED_FACE('',(#7690),#7684,.T.);
#7692=CARTESIAN_POINT('',(2.4E1,1.906514553357E1,-8.951104248922E-2));
#7693=DIRECTION('',(0.E0,9.979482148809E-1,6.402624786719E-2));
#7694=DIRECTION('',(1.E0,0.E0,0.E0));
#7695=AXIS2_PLACEMENT_3D('',#7692,#7693,#7694);
#7696=CYLINDRICAL_SURFACE('',#7695,2.55E0);
#7698=ORIENTED_EDGE('',*,*,#7697,.F.);
#7700=ORIENTED_EDGE('',*,*,#7699,.F.);
#7702=ORIENTED_EDGE('',*,*,#7701,.T.);
#7703=ORIENTED_EDGE('',*,*,#7329,.F.);
#7705=ORIENTED_EDGE('',*,*,#7704,.T.);
#7706=EDGE_LOOP('',(#7698,#7700,#7702,#7703,#7705));
#7707=FACE_OUTER_BOUND('',#7706,.F.);
#7708=ADVANCED_FACE('',(#7707),#7696,.T.);
#7709=CARTESIAN_POINT('',(2.4E1,2.036247821291E1,-6.276920262233E-3));
#7710=DIRECTION('',(0.E0,9.979482148809E-1,6.402624786719E-2));
#7711=DIRECTION('',(-9.951641129308E-1,-6.289055669722E-3,9.802467094283E-2));
#7712=AXIS2_PLACEMENT_3D('',#7709,#7710,#7711);
#7713=TOROIDAL_SURFACE('',#7712,2.05E0,5.E-1);
#7714=ORIENTED_EDGE('',*,*,#7699,.T.);
#7715=ORIENTED_EDGE('',*,*,#7697,.T.);
#7717=ORIENTED_EDGE('',*,*,#7716,.T.);
#7719=ORIENTED_EDGE('',*,*,#7718,.F.);
#7721=ORIENTED_EDGE('',*,*,#7720,.F.);
#7723=ORIENTED_EDGE('',*,*,#7722,.F.);
#7724=EDGE_LOOP('',(#7714,#7715,#7717,#7719,#7721,#7723));
#7725=FACE_OUTER_BOUND('',#7724,.F.);
#7726=ADVANCED_FACE('',(#7725),#7713,.T.);
#7727=CARTESIAN_POINT('',(2.4E1,2.036247821291E1,-6.276920262233E-3));
#7728=DIRECTION('',(0.E0,9.979482148809E-1,6.402624786719E-2));
#7729=DIRECTION('',(9.951641131245E-1,6.289055544076E-3,-9.802466898445E-2));
#7730=AXIS2_PLACEMENT_3D('',#7727,#7728,#7729);
#7731=TOROIDAL_SURFACE('',#7730,2.05E0,5.E-1);
#7733=ORIENTED_EDGE('',*,*,#7732,.T.);
#7735=ORIENTED_EDGE('',*,*,#7734,.T.);
#7736=ORIENTED_EDGE('',*,*,#7722,.T.);
#7738=ORIENTED_EDGE('',*,*,#7737,.F.);
#7740=ORIENTED_EDGE('',*,*,#7739,.F.);
#7741=ORIENTED_EDGE('',*,*,#7716,.F.);
#7742=EDGE_LOOP('',(#7733,#7735,#7736,#7738,#7740,#7741));
#7743=FACE_OUTER_BOUND('',#7742,.F.);
#7744=ADVANCED_FACE('',(#7743),#7731,.T.);
#7745=CARTESIAN_POINT('',(2.4E1,1.906514553357E1,-8.951104248922E-2));
#7746=DIRECTION('',(0.E0,9.979482148809E-1,6.402624786719E-2));
#7747=DIRECTION('',(1.E0,0.E0,0.E0));
#7748=AXIS2_PLACEMENT_3D('',#7745,#7746,#7747);
#7749=CYLINDRICAL_SURFACE('',#7748,2.55E0);
#7750=ORIENTED_EDGE('',*,*,#7734,.F.);
#7751=ORIENTED_EDGE('',*,*,#7732,.F.);
#7752=ORIENTED_EDGE('',*,*,#7704,.F.);
#7753=ORIENTED_EDGE('',*,*,#7331,.F.);
#7754=ORIENTED_EDGE('',*,*,#7701,.F.);
#7755=EDGE_LOOP('',(#7750,#7751,#7752,#7753,#7754));
#7756=FACE_OUTER_BOUND('',#7755,.F.);
#7757=ADVANCED_FACE('',(#7756),#7749,.T.);
#7758=CARTESIAN_POINT('',(2.4E1,2.086145232035E1,2.573620367180E-2));
#7759=DIRECTION('',(0.E0,9.979482148809E-1,6.402624786721E-2));
#7760=DIRECTION('',(1.E0,0.E0,0.E0));
#7761=AXIS2_PLACEMENT_3D('',#7758,#7759,#7760);
#7762=PLANE('',#7761);
#7763=ORIENTED_EDGE('',*,*,#7720,.T.);
#7764=ORIENTED_EDGE('',*,*,#7718,.T.);
#7765=ORIENTED_EDGE('',*,*,#7739,.T.);
#7766=ORIENTED_EDGE('',*,*,#7737,.T.);
#7767=EDGE_LOOP('',(#7763,#7764,#7765,#7766));
#7768=FACE_OUTER_BOUND('',#7767,.F.);
#7769=ADVANCED_FACE('',(#7768),#7762,.T.);
#7770=CARTESIAN_POINT('',(-8.000000000001E0,1.906514553357E1,
-8.951104248922E-2));
#7771=DIRECTION('',(0.E0,9.979482148809E-1,6.402624786719E-2));
#7772=DIRECTION('',(1.E0,0.E0,0.E0));
#7773=AXIS2_PLACEMENT_3D('',#7770,#7771,#7772);
#7774=CYLINDRICAL_SURFACE('',#7773,2.55E0);
#7776=ORIENTED_EDGE('',*,*,#7775,.F.);
#7778=ORIENTED_EDGE('',*,*,#7777,.F.);
#7780=ORIENTED_EDGE('',*,*,#7779,.T.);
#7781=ORIENTED_EDGE('',*,*,#7335,.F.);
#7783=ORIENTED_EDGE('',*,*,#7782,.T.);
#7784=EDGE_LOOP('',(#7776,#7778,#7780,#7781,#7783));
#7785=FACE_OUTER_BOUND('',#7784,.F.);
#7786=ADVANCED_FACE('',(#7785),#7774,.T.);
#7787=CARTESIAN_POINT('',(-8.000000000001E0,2.036247821291E1,
-6.276920262233E-3));
#7788=DIRECTION('',(0.E0,9.979482148809E-1,6.402624786719E-2));
#7789=DIRECTION('',(-9.951641129308E-1,-6.289055669722E-3,9.802467094283E-2));
#7790=AXIS2_PLACEMENT_3D('',#7787,#7788,#7789);
#7791=TOROIDAL_SURFACE('',#7790,2.05E0,5.E-1);
#7792=ORIENTED_EDGE('',*,*,#7777,.T.);
#7793=ORIENTED_EDGE('',*,*,#7775,.T.);
#7795=ORIENTED_EDGE('',*,*,#7794,.T.);
#7797=ORIENTED_EDGE('',*,*,#7796,.F.);
#7799=ORIENTED_EDGE('',*,*,#7798,.F.);
#7801=ORIENTED_EDGE('',*,*,#7800,.F.);
#7802=EDGE_LOOP('',(#7792,#7793,#7795,#7797,#7799,#7801));
#7803=FACE_OUTER_BOUND('',#7802,.F.);
#7804=ADVANCED_FACE('',(#7803),#7791,.T.);
#7805=CARTESIAN_POINT('',(-8.000000000001E0,2.036247821291E1,
-6.276920262233E-3));
#7806=DIRECTION('',(0.E0,9.979482148809E-1,6.402624786719E-2));
#7807=DIRECTION('',(9.951641131245E-1,6.289055544076E-3,-9.802466898445E-2));
#7808=AXIS2_PLACEMENT_3D('',#7805,#7806,#7807);
#7809=TOROIDAL_SURFACE('',#7808,2.05E0,5.E-1);
#7811=ORIENTED_EDGE('',*,*,#7810,.T.);
#7813=ORIENTED_EDGE('',*,*,#7812,.T.);
#7814=ORIENTED_EDGE('',*,*,#7800,.T.);
#7816=ORIENTED_EDGE('',*,*,#7815,.F.);
#7818=ORIENTED_EDGE('',*,*,#7817,.F.);
#7819=ORIENTED_EDGE('',*,*,#7794,.F.);
#7820=EDGE_LOOP('',(#7811,#7813,#7814,#7816,#7818,#7819));
#7821=FACE_OUTER_BOUND('',#7820,.F.);
#7822=ADVANCED_FACE('',(#7821),#7809,.T.);
#7823=CARTESIAN_POINT('',(-8.000000000001E0,1.906514553357E1,
-8.951104248922E-2));
#7824=DIRECTION('',(0.E0,9.979482148809E-1,6.402624786719E-2));
#7825=DIRECTION('',(1.E0,0.E0,0.E0));
#7826=AXIS2_PLACEMENT_3D('',#7823,#7824,#7825);
#7827=CYLINDRICAL_SURFACE('',#7826,2.55E0);
#7828=ORIENTED_EDGE('',*,*,#7812,.F.);
#7829=ORIENTED_EDGE('',*,*,#7810,.F.);
#7830=ORIENTED_EDGE('',*,*,#7782,.F.);
#7831=ORIENTED_EDGE('',*,*,#7337,.F.);
#7832=ORIENTED_EDGE('',*,*,#7779,.F.);
#7833=EDGE_LOOP('',(#7828,#7829,#7830,#7831,#7832));
#7834=FACE_OUTER_BOUND('',#7833,.F.);
#7835=ADVANCED_FACE('',(#7834),#7827,.T.);
#7836=CARTESIAN_POINT('',(-8.000000000001E0,2.086145232035E1,
2.573620367180E-2));
#7837=DIRECTION('',(0.E0,9.979482148809E-1,6.402624786721E-2));
#7838=DIRECTION('',(1.E0,0.E0,0.E0));
#7839=AXIS2_PLACEMENT_3D('',#7836,#7837,#7838);
#7840=PLANE('',#7839);
#7841=ORIENTED_EDGE('',*,*,#7798,.T.);
#7842=ORIENTED_EDGE('',*,*,#7796,.T.);
#7843=ORIENTED_EDGE('',*,*,#7817,.T.);
#7844=ORIENTED_EDGE('',*,*,#7815,.T.);
#7845=EDGE_LOOP('',(#7841,#7842,#7843,#7844));
#7846=FACE_OUTER_BOUND('',#7845,.F.);
#7847=ADVANCED_FACE('',(#7846),#7840,.T.);
#7848=CARTESIAN_POINT('',(-1.6E1,1.906514553357E1,-8.951104248922E-2));
#7849=DIRECTION('',(0.E0,9.979482148809E-1,6.402624786719E-2));
#7850=DIRECTION('',(1.E0,0.E0,0.E0));
#7851=AXIS2_PLACEMENT_3D('',#7848,#7849,#7850);
#7852=CYLINDRICAL_SURFACE('',#7851,2.55E0);
#7854=ORIENTED_EDGE('',*,*,#7853,.F.);
#7856=ORIENTED_EDGE('',*,*,#7855,.F.);
#7858=ORIENTED_EDGE('',*,*,#7857,.T.);
#7859=ORIENTED_EDGE('',*,*,#7341,.F.);
#7861=ORIENTED_EDGE('',*,*,#7860,.T.);
#7862=EDGE_LOOP('',(#7854,#7856,#7858,#7859,#7861));
#7863=FACE_OUTER_BOUND('',#7862,.F.);
#7864=ADVANCED_FACE('',(#7863),#7852,.T.);
#7865=CARTESIAN_POINT('',(-1.6E1,2.036247821291E1,-6.276920262233E-3));
#7866=DIRECTION('',(0.E0,9.979482148809E-1,6.402624786719E-2));
#7867=DIRECTION('',(-9.951641129308E-1,-6.289055669722E-3,9.802467094283E-2));
#7868=AXIS2_PLACEMENT_3D('',#7865,#7866,#7867);
#7869=TOROIDAL_SURFACE('',#7868,2.05E0,5.E-1);
#7870=ORIENTED_EDGE('',*,*,#7855,.T.);
#7871=ORIENTED_EDGE('',*,*,#7853,.T.);
#7873=ORIENTED_EDGE('',*,*,#7872,.T.);
#7875=ORIENTED_EDGE('',*,*,#7874,.F.);
#7877=ORIENTED_EDGE('',*,*,#7876,.F.);
#7879=ORIENTED_EDGE('',*,*,#7878,.F.);
#7880=EDGE_LOOP('',(#7870,#7871,#7873,#7875,#7877,#7879));
#7881=FACE_OUTER_BOUND('',#7880,.F.);
#7882=ADVANCED_FACE('',(#7881),#7869,.T.);
#7883=CARTESIAN_POINT('',(-1.6E1,2.036247821291E1,-6.276920262233E-3));
#7884=DIRECTION('',(0.E0,9.979482148809E-1,6.402624786719E-2));
#7885=DIRECTION('',(9.951641131245E-1,6.289055544076E-3,-9.802466898445E-2));
#7886=AXIS2_PLACEMENT_3D('',#7883,#7884,#7885);
#7887=TOROIDAL_SURFACE('',#7886,2.05E0,5.E-1);
#7889=ORIENTED_EDGE('',*,*,#7888,.T.);
#7891=ORIENTED_EDGE('',*,*,#7890,.T.);
#7892=ORIENTED_EDGE('',*,*,#7878,.T.);
#7894=ORIENTED_EDGE('',*,*,#7893,.F.);
#7896=ORIENTED_EDGE('',*,*,#7895,.F.);
#7897=ORIENTED_EDGE('',*,*,#7872,.F.);
#7898=EDGE_LOOP('',(#7889,#7891,#7892,#7894,#7896,#7897));
#7899=FACE_OUTER_BOUND('',#7898,.F.);
#7900=ADVANCED_FACE('',(#7899),#7887,.T.);
#7901=CARTESIAN_POINT('',(-1.6E1,1.906514553357E1,-8.951104248922E-2));
#7902=DIRECTION('',(0.E0,9.979482148809E-1,6.402624786719E-2));
#7903=DIRECTION('',(1.E0,0.E0,0.E0));
#7904=AXIS2_PLACEMENT_3D('',#7901,#7902,#7903);
#7905=CYLINDRICAL_SURFACE('',#7904,2.55E0);
#7906=ORIENTED_EDGE('',*,*,#7890,.F.);
#7907=ORIENTED_EDGE('',*,*,#7888,.F.);
#7908=ORIENTED_EDGE('',*,*,#7860,.F.);
#7909=ORIENTED_EDGE('',*,*,#7343,.F.);
#7910=ORIENTED_EDGE('',*,*,#7857,.F.);
#7911=EDGE_LOOP('',(#7906,#7907,#7908,#7909,#7910));
#7912=FACE_OUTER_BOUND('',#7911,.F.);
#7913=ADVANCED_FACE('',(#7912),#7905,.T.);
#7914=CARTESIAN_POINT('',(-1.6E1,2.086145232035E1,2.573620367180E-2));
#7915=DIRECTION('',(0.E0,9.979482148809E-1,6.402624786721E-2));
#7916=DIRECTION('',(1.E0,0.E0,0.E0));
#7917=AXIS2_PLACEMENT_3D('',#7914,#7915,#7916);
#7918=PLANE('',#7917);
#7919=ORIENTED_EDGE('',*,*,#7876,.T.);
#7920=ORIENTED_EDGE('',*,*,#7874,.T.);
#7921=ORIENTED_EDGE('',*,*,#7895,.T.);
#7922=ORIENTED_EDGE('',*,*,#7893,.T.);
#7923=EDGE_LOOP('',(#7919,#7920,#7921,#7922));
#7924=FACE_OUTER_BOUND('',#7923,.F.);
#7925=ADVANCED_FACE('',(#7924),#7918,.T.);
#7926=CARTESIAN_POINT('',(-2.4E1,1.906514553357E1,-8.951104248922E-2));
#7927=DIRECTION('',(0.E0,9.979482148809E-1,6.402624786719E-2));
#7928=DIRECTION('',(1.E0,0.E0,0.E0));
#7929=AXIS2_PLACEMENT_3D('',#7926,#7927,#7928);
#7930=CYLINDRICAL_SURFACE('',#7929,2.55E0);
#7932=ORIENTED_EDGE('',*,*,#7931,.F.);
#7934=ORIENTED_EDGE('',*,*,#7933,.F.);
#7936=ORIENTED_EDGE('',*,*,#7935,.T.);
#7937=ORIENTED_EDGE('',*,*,#7347,.F.);
#7939=ORIENTED_EDGE('',*,*,#7938,.T.);
#7940=EDGE_LOOP('',(#7932,#7934,#7936,#7937,#7939));
#7941=FACE_OUTER_BOUND('',#7940,.F.);
#7942=ADVANCED_FACE('',(#7941),#7930,.T.);
#7943=CARTESIAN_POINT('',(-2.4E1,2.036247821291E1,-6.276920262233E-3));
#7944=DIRECTION('',(0.E0,9.979482148809E-1,6.402624786719E-2));
#7945=DIRECTION('',(-9.951641129308E-1,-6.289055669722E-3,9.802467094283E-2));
#7946=AXIS2_PLACEMENT_3D('',#7943,#7944,#7945);
#7947=TOROIDAL_SURFACE('',#7946,2.05E0,5.E-1);
#7948=ORIENTED_EDGE('',*,*,#7933,.T.);
#7949=ORIENTED_EDGE('',*,*,#7931,.T.);
#7951=ORIENTED_EDGE('',*,*,#7950,.T.);
#7953=ORIENTED_EDGE('',*,*,#7952,.F.);
#7955=ORIENTED_EDGE('',*,*,#7954,.F.);
#7957=ORIENTED_EDGE('',*,*,#7956,.F.);
#7958=EDGE_LOOP('',(#7948,#7949,#7951,#7953,#7955,#7957));
#7959=FACE_OUTER_BOUND('',#7958,.F.);
#7960=ADVANCED_FACE('',(#7959),#7947,.T.);
#7961=CARTESIAN_POINT('',(-2.4E1,2.036247821291E1,-6.276920262233E-3));
#7962=DIRECTION('',(0.E0,9.979482148809E-1,6.402624786719E-2));
#7963=DIRECTION('',(9.951641131245E-1,6.289055544076E-3,-9.802466898445E-2));
#7964=AXIS2_PLACEMENT_3D('',#7961,#7962,#7963);
#7965=TOROIDAL_SURFACE('',#7964,2.05E0,5.E-1);
#7967=ORIENTED_EDGE('',*,*,#7966,.T.);
#7969=ORIENTED_EDGE('',*,*,#7968,.T.);
#7970=ORIENTED_EDGE('',*,*,#7956,.T.);
#7972=ORIENTED_EDGE('',*,*,#7971,.F.);
#7974=ORIENTED_EDGE('',*,*,#7973,.F.);
#7975=ORIENTED_EDGE('',*,*,#7950,.F.);
#7976=EDGE_LOOP('',(#7967,#7969,#7970,#7972,#7974,#7975));
#7977=FACE_OUTER_BOUND('',#7976,.F.);
#7978=ADVANCED_FACE('',(#7977),#7965,.T.);
#7979=CARTESIAN_POINT('',(-2.4E1,1.906514553357E1,-8.951104248922E-2));
#7980=DIRECTION('',(0.E0,9.979482148809E-1,6.402624786719E-2));
#7981=DIRECTION('',(1.E0,0.E0,0.E0));
#7982=AXIS2_PLACEMENT_3D('',#7979,#7980,#7981);
#7983=CYLINDRICAL_SURFACE('',#7982,2.55E0);
#7984=ORIENTED_EDGE('',*,*,#7968,.F.);
#7985=ORIENTED_EDGE('',*,*,#7966,.F.);
#7986=ORIENTED_EDGE('',*,*,#7938,.F.);
#7987=ORIENTED_EDGE('',*,*,#7349,.F.);
#7988=ORIENTED_EDGE('',*,*,#7935,.F.);
#7989=EDGE_LOOP('',(#7984,#7985,#7986,#7987,#7988));
#7990=FACE_OUTER_BOUND('',#7989,.F.);
#7991=ADVANCED_FACE('',(#7990),#7983,.T.);
#7992=CARTESIAN_POINT('',(-2.4E1,2.086145232035E1,2.573620367180E-2));
#7993=DIRECTION('',(0.E0,9.979482148809E-1,6.402624786721E-2));
#7994=DIRECTION('',(1.E0,0.E0,0.E0));
#7995=AXIS2_PLACEMENT_3D('',#7992,#7993,#7994);
#7996=PLANE('',#7995);
#7997=ORIENTED_EDGE('',*,*,#7954,.T.);
#7998=ORIENTED_EDGE('',*,*,#7952,.T.);
#7999=ORIENTED_EDGE('',*,*,#7973,.T.);
#8000=ORIENTED_EDGE('',*,*,#7971,.T.);
#8001=EDGE_LOOP('',(#7997,#7998,#7999,#8000));
#8002=FACE_OUTER_BOUND('',#8001,.F.);
#8003=ADVANCED_FACE('',(#8002),#7996,.T.);
#8004=CARTESIAN_POINT('',(-3.2E1,1.906514553357E1,-8.951104248922E-2));
#8005=DIRECTION('',(0.E0,9.979482148809E-1,6.402624786719E-2));
#8006=DIRECTION('',(1.E0,0.E0,0.E0));
#8007=AXIS2_PLACEMENT_3D('',#8004,#8005,#8006);
#8008=CYLINDRICAL_SURFACE('',#8007,2.55E0);
#8010=ORIENTED_EDGE('',*,*,#8009,.F.);
#8012=ORIENTED_EDGE('',*,*,#8011,.F.);
#8014=ORIENTED_EDGE('',*,*,#8013,.T.);
#8015=ORIENTED_EDGE('',*,*,#7353,.F.);
#8017=ORIENTED_EDGE('',*,*,#8016,.T.);
#8018=EDGE_LOOP('',(#8010,#8012,#8014,#8015,#8017));
#8019=FACE_OUTER_BOUND('',#8018,.F.);
#8020=ADVANCED_FACE('',(#8019),#8008,.T.);
#8021=CARTESIAN_POINT('',(-3.2E1,2.036247821291E1,-6.276920262233E-3));
#8022=DIRECTION('',(0.E0,9.979482148809E-1,6.402624786719E-2));
#8023=DIRECTION('',(-9.951641129308E-1,-6.289055669722E-3,9.802467094283E-2));
#8024=AXIS2_PLACEMENT_3D('',#8021,#8022,#8023);
#8025=TOROIDAL_SURFACE('',#8024,2.05E0,5.E-1);
#8026=ORIENTED_EDGE('',*,*,#8011,.T.);
#8027=ORIENTED_EDGE('',*,*,#8009,.T.);
#8029=ORIENTED_EDGE('',*,*,#8028,.T.);
#8031=ORIENTED_EDGE('',*,*,#8030,.F.);
#8033=ORIENTED_EDGE('',*,*,#8032,.F.);
#8035=ORIENTED_EDGE('',*,*,#8034,.F.);
#8036=EDGE_LOOP('',(#8026,#8027,#8029,#8031,#8033,#8035));
#8037=FACE_OUTER_BOUND('',#8036,.F.);
#8038=ADVANCED_FACE('',(#8037),#8025,.T.);
#8039=CARTESIAN_POINT('',(-3.2E1,2.036247821291E1,-6.276920262233E-3));
#8040=DIRECTION('',(0.E0,9.979482148809E-1,6.402624786719E-2));
#8041=DIRECTION('',(9.951641131245E-1,6.289055544076E-3,-9.802466898445E-2));
#8042=AXIS2_PLACEMENT_3D('',#8039,#8040,#8041);
#8043=TOROIDAL_SURFACE('',#8042,2.05E0,5.E-1);
#8045=ORIENTED_EDGE('',*,*,#8044,.T.);
#8047=ORIENTED_EDGE('',*,*,#8046,.T.);
#8048=ORIENTED_EDGE('',*,*,#8034,.T.);
#8050=ORIENTED_EDGE('',*,*,#8049,.F.);
#8052=ORIENTED_EDGE('',*,*,#8051,.F.);
#8053=ORIENTED_EDGE('',*,*,#8028,.F.);
#8054=EDGE_LOOP('',(#8045,#8047,#8048,#8050,#8052,#8053));
#8055=FACE_OUTER_BOUND('',#8054,.F.);
#8056=ADVANCED_FACE('',(#8055),#8043,.T.);
#8057=CARTESIAN_POINT('',(-3.2E1,1.906514553357E1,-8.951104248922E-2));
#8058=DIRECTION('',(0.E0,9.979482148809E-1,6.402624786719E-2));
#8059=DIRECTION('',(1.E0,0.E0,0.E0));
#8060=AXIS2_PLACEMENT_3D('',#8057,#8058,#8059);
#8061=CYLINDRICAL_SURFACE('',#8060,2.55E0);
#8062=ORIENTED_EDGE('',*,*,#8046,.F.);
#8063=ORIENTED_EDGE('',*,*,#8044,.F.);
#8064=ORIENTED_EDGE('',*,*,#8016,.F.);
#8065=ORIENTED_EDGE('',*,*,#7355,.F.);
#8066=ORIENTED_EDGE('',*,*,#8013,.F.);
#8067=EDGE_LOOP('',(#8062,#8063,#8064,#8065,#8066));
#8068=FACE_OUTER_BOUND('',#8067,.F.);
#8069=ADVANCED_FACE('',(#8068),#8061,.T.);
#8070=CARTESIAN_POINT('',(-3.2E1,2.086145232035E1,2.573620367180E-2));
#8071=DIRECTION('',(0.E0,9.979482148809E-1,6.402624786721E-2));
#8072=DIRECTION('',(1.E0,0.E0,0.E0));
#8073=AXIS2_PLACEMENT_3D('',#8070,#8071,#8072);
#8074=PLANE('',#8073);
#8075=ORIENTED_EDGE('',*,*,#8032,.T.);
#8076=ORIENTED_EDGE('',*,*,#8030,.T.);
#8077=ORIENTED_EDGE('',*,*,#8051,.T.);
#8078=ORIENTED_EDGE('',*,*,#8049,.T.);
#8079=EDGE_LOOP('',(#8075,#8076,#8077,#8078));
#8080=FACE_OUTER_BOUND('',#8079,.F.);
#8081=ADVANCED_FACE('',(#8080),#8074,.T.);
#8082=CARTESIAN_POINT('',(-7.2E1,1.906514553357E1,-8.951104248922E-2));
#8083=DIRECTION('',(0.E0,9.979482148809E-1,6.402624786719E-2));
#8084=DIRECTION('',(1.E0,0.E0,0.E0));
#8085=AXIS2_PLACEMENT_3D('',#8082,#8083,#8084);
#8086=CYLINDRICAL_SURFACE('',#8085,2.55E0);
#8088=ORIENTED_EDGE('',*,*,#8087,.F.);
#8090=ORIENTED_EDGE('',*,*,#8089,.F.);
#8092=ORIENTED_EDGE('',*,*,#8091,.T.);
#8093=ORIENTED_EDGE('',*,*,#7359,.F.);
#8095=ORIENTED_EDGE('',*,*,#8094,.T.);
#8096=EDGE_LOOP('',(#8088,#8090,#8092,#8093,#8095));
#8097=FACE_OUTER_BOUND('',#8096,.F.);
#8098=ADVANCED_FACE('',(#8097),#8086,.T.);
#8099=CARTESIAN_POINT('',(-7.2E1,2.036247821291E1,-6.276920262233E-3));
#8100=DIRECTION('',(0.E0,9.979482148809E-1,6.402624786719E-2));
#8101=DIRECTION('',(-9.951641129308E-1,-6.289055669722E-3,9.802467094283E-2));
#8102=AXIS2_PLACEMENT_3D('',#8099,#8100,#8101);
#8103=TOROIDAL_SURFACE('',#8102,2.05E0,5.E-1);
#8104=ORIENTED_EDGE('',*,*,#8089,.T.);
#8105=ORIENTED_EDGE('',*,*,#8087,.T.);
#8107=ORIENTED_EDGE('',*,*,#8106,.T.);
#8109=ORIENTED_EDGE('',*,*,#8108,.F.);
#8111=ORIENTED_EDGE('',*,*,#8110,.F.);
#8113=ORIENTED_EDGE('',*,*,#8112,.F.);
#8114=EDGE_LOOP('',(#8104,#8105,#8107,#8109,#8111,#8113));
#8115=FACE_OUTER_BOUND('',#8114,.F.);
#8116=ADVANCED_FACE('',(#8115),#8103,.T.);
#8117=CARTESIAN_POINT('',(-7.2E1,2.036247821291E1,-6.276920262233E-3));
#8118=DIRECTION('',(0.E0,9.979482148809E-1,6.402624786719E-2));
#8119=DIRECTION('',(9.951641131245E-1,6.289055544076E-3,-9.802466898445E-2));
#8120=AXIS2_PLACEMENT_3D('',#8117,#8118,#8119);
#8121=TOROIDAL_SURFACE('',#8120,2.05E0,5.E-1);
#8123=ORIENTED_EDGE('',*,*,#8122,.T.);
#8125=ORIENTED_EDGE('',*,*,#8124,.T.);
#8126=ORIENTED_EDGE('',*,*,#8112,.T.);
#8128=ORIENTED_EDGE('',*,*,#8127,.F.);
#8130=ORIENTED_EDGE('',*,*,#8129,.F.);
#8131=ORIENTED_EDGE('',*,*,#8106,.F.);
#8132=EDGE_LOOP('',(#8123,#8125,#8126,#8128,#8130,#8131));
#8133=FACE_OUTER_BOUND('',#8132,.F.);
#8134=ADVANCED_FACE('',(#8133),#8121,.T.);
#8135=CARTESIAN_POINT('',(-7.2E1,1.906514553357E1,-8.951104248922E-2));
#8136=DIRECTION('',(0.E0,9.979482148809E-1,6.402624786719E-2));
#8137=DIRECTION('',(1.E0,0.E0,0.E0));
#8138=AXIS2_PLACEMENT_3D('',#8135,#8136,#8137);
#8139=CYLINDRICAL_SURFACE('',#8138,2.55E0);
#8140=ORIENTED_EDGE('',*,*,#8124,.F.);
#8141=ORIENTED_EDGE('',*,*,#8122,.F.);
#8142=ORIENTED_EDGE('',*,*,#8094,.F.);
#8143=ORIENTED_EDGE('',*,*,#7361,.F.);
#8144=ORIENTED_EDGE('',*,*,#8091,.F.);
#8145=EDGE_LOOP('',(#8140,#8141,#8142,#8143,#8144));
#8146=FACE_OUTER_BOUND('',#8145,.F.);
#8147=ADVANCED_FACE('',(#8146),#8139,.T.);
#8148=CARTESIAN_POINT('',(-7.2E1,2.086145232035E1,2.573620367180E-2));
#8149=DIRECTION('',(0.E0,9.979482148809E-1,6.402624786721E-2));
#8150=DIRECTION('',(1.E0,0.E0,0.E0));
#8151=AXIS2_PLACEMENT_3D('',#8148,#8149,#8150);
#8152=PLANE('',#8151);
#8153=ORIENTED_EDGE('',*,*,#8110,.T.);
#8154=ORIENTED_EDGE('',*,*,#8108,.T.);
#8155=ORIENTED_EDGE('',*,*,#8129,.T.);
#8156=ORIENTED_EDGE('',*,*,#8127,.T.);
#8157=EDGE_LOOP('',(#8153,#8154,#8155,#8156));
#8158=FACE_OUTER_BOUND('',#8157,.F.);
#8159=ADVANCED_FACE('',(#8158),#8152,.T.);
#8160=CARTESIAN_POINT('',(-4.8E1,1.906514553357E1,-8.951104248922E-2));
#8161=DIRECTION('',(0.E0,9.979482148809E-1,6.402624786719E-2));
#8162=DIRECTION('',(1.E0,0.E0,0.E0));
#8163=AXIS2_PLACEMENT_3D('',#8160,#8161,#8162);
#8164=CYLINDRICAL_SURFACE('',#8163,2.55E0);
#8166=ORIENTED_EDGE('',*,*,#8165,.F.);
#8168=ORIENTED_EDGE('',*,*,#8167,.F.);
#8170=ORIENTED_EDGE('',*,*,#8169,.T.);
#8171=ORIENTED_EDGE('',*,*,#7365,.F.);
#8173=ORIENTED_EDGE('',*,*,#8172,.T.);
#8174=EDGE_LOOP('',(#8166,#8168,#8170,#8171,#8173));
#8175=FACE_OUTER_BOUND('',#8174,.F.);
#8176=ADVANCED_FACE('',(#8175),#8164,.T.);
#8177=CARTESIAN_POINT('',(-4.8E1,2.036247821291E1,-6.276920262233E-3));
#8178=DIRECTION('',(0.E0,9.979482148809E-1,6.402624786719E-2));
#8179=DIRECTION('',(-9.951641129308E-1,-6.289055669722E-3,9.802467094283E-2));
#8180=AXIS2_PLACEMENT_3D('',#8177,#8178,#8179);
#8181=TOROIDAL_SURFACE('',#8180,2.05E0,5.E-1);
#8182=ORIENTED_EDGE('',*,*,#8167,.T.);
#8183=ORIENTED_EDGE('',*,*,#8165,.T.);
#8185=ORIENTED_EDGE('',*,*,#8184,.T.);
#8187=ORIENTED_EDGE('',*,*,#8186,.F.);
#8189=ORIENTED_EDGE('',*,*,#8188,.F.);
#8191=ORIENTED_EDGE('',*,*,#8190,.F.);
#8192=EDGE_LOOP('',(#8182,#8183,#8185,#8187,#8189,#8191));
#8193=FACE_OUTER_BOUND('',#8192,.F.);
#8194=ADVANCED_FACE('',(#8193),#8181,.T.);
#8195=CARTESIAN_POINT('',(-4.8E1,2.036247821291E1,-6.276920262233E-3));
#8196=DIRECTION('',(0.E0,9.979482148809E-1,6.402624786719E-2));
#8197=DIRECTION('',(9.951641131245E-1,6.289055544076E-3,-9.802466898445E-2));
#8198=AXIS2_PLACEMENT_3D('',#8195,#8196,#8197);
#8199=TOROIDAL_SURFACE('',#8198,2.05E0,5.E-1);
#8201=ORIENTED_EDGE('',*,*,#8200,.T.);
#8203=ORIENTED_EDGE('',*,*,#8202,.T.);
#8204=ORIENTED_EDGE('',*,*,#8190,.T.);
#8206=ORIENTED_EDGE('',*,*,#8205,.F.);
#8208=ORIENTED_EDGE('',*,*,#8207,.F.);
#8209=ORIENTED_EDGE('',*,*,#8184,.F.);
#8210=EDGE_LOOP('',(#8201,#8203,#8204,#8206,#8208,#8209));
#8211=FACE_OUTER_BOUND('',#8210,.F.);
#8212=ADVANCED_FACE('',(#8211),#8199,.T.);
#8213=CARTESIAN_POINT('',(-4.8E1,1.906514553357E1,-8.951104248922E-2));
#8214=DIRECTION('',(0.E0,9.979482148809E-1,6.402624786719E-2));
#8215=DIRECTION('',(1.E0,0.E0,0.E0));
#8216=AXIS2_PLACEMENT_3D('',#8213,#8214,#8215);
#8217=CYLINDRICAL_SURFACE('',#8216,2.55E0);
#8218=ORIENTED_EDGE('',*,*,#8202,.F.);
#8219=ORIENTED_EDGE('',*,*,#8200,.F.);
#8220=ORIENTED_EDGE('',*,*,#8172,.F.);
#8221=ORIENTED_EDGE('',*,*,#7367,.F.);
#8222=ORIENTED_EDGE('',*,*,#8169,.F.);
#8223=EDGE_LOOP('',(#8218,#8219,#8220,#8221,#8222));
#8224=FACE_OUTER_BOUND('',#8223,.F.);
#8225=ADVANCED_FACE('',(#8224),#8217,.T.);
#8226=CARTESIAN_POINT('',(-4.8E1,2.086145232035E1,2.573620367180E-2));
#8227=DIRECTION('',(0.E0,9.979482148809E-1,6.402624786721E-2));
#8228=DIRECTION('',(1.E0,0.E0,0.E0));
#8229=AXIS2_PLACEMENT_3D('',#8226,#8227,#8228);
#8230=PLANE('',#8229);
#8231=ORIENTED_EDGE('',*,*,#8188,.T.);
#8232=ORIENTED_EDGE('',*,*,#8186,.T.);
#8233=ORIENTED_EDGE('',*,*,#8207,.T.);
#8234=ORIENTED_EDGE('',*,*,#8205,.T.);
#8235=EDGE_LOOP('',(#8231,#8232,#8233,#8234));
#8236=FACE_OUTER_BOUND('',#8235,.F.);
#8237=ADVANCED_FACE('',(#8236),#8230,.T.);
#8238=CARTESIAN_POINT('',(-5.6E1,1.906514553357E1,-8.951104248922E-2));
#8239=DIRECTION('',(0.E0,9.979482148809E-1,6.402624786719E-2));
#8240=DIRECTION('',(1.E0,0.E0,0.E0));
#8241=AXIS2_PLACEMENT_3D('',#8238,#8239,#8240);
#8242=CYLINDRICAL_SURFACE('',#8241,2.55E0);
#8244=ORIENTED_EDGE('',*,*,#8243,.F.);
#8246=ORIENTED_EDGE('',*,*,#8245,.F.);
#8248=ORIENTED_EDGE('',*,*,#8247,.T.);
#8249=ORIENTED_EDGE('',*,*,#7371,.F.);
#8251=ORIENTED_EDGE('',*,*,#8250,.T.);
#8252=EDGE_LOOP('',(#8244,#8246,#8248,#8249,#8251));
#8253=FACE_OUTER_BOUND('',#8252,.F.);
#8254=ADVANCED_FACE('',(#8253),#8242,.T.);
#8255=CARTESIAN_POINT('',(-5.6E1,2.036247821291E1,-6.276920262233E-3));
#8256=DIRECTION('',(0.E0,9.979482148809E-1,6.402624786719E-2));
#8257=DIRECTION('',(-9.951641129308E-1,-6.289055669722E-3,9.802467094283E-2));
#8258=AXIS2_PLACEMENT_3D('',#8255,#8256,#8257);
#8259=TOROIDAL_SURFACE('',#8258,2.05E0,5.E-1);
#8260=ORIENTED_EDGE('',*,*,#8245,.T.);
#8261=ORIENTED_EDGE('',*,*,#8243,.T.);
#8263=ORIENTED_EDGE('',*,*,#8262,.T.);
#8265=ORIENTED_EDGE('',*,*,#8264,.F.);
#8267=ORIENTED_EDGE('',*,*,#8266,.F.);
#8269=ORIENTED_EDGE('',*,*,#8268,.F.);
#8270=EDGE_LOOP('',(#8260,#8261,#8263,#8265,#8267,#8269));
#8271=FACE_OUTER_BOUND('',#8270,.F.);
#8272=ADVANCED_FACE('',(#8271),#8259,.T.);
#8273=CARTESIAN_POINT('',(-5.6E1,2.036247821291E1,-6.276920262233E-3));
#8274=DIRECTION('',(0.E0,9.979482148809E-1,6.402624786719E-2));
#8275=DIRECTION('',(9.951641131245E-1,6.289055544076E-3,-9.802466898445E-2));
#8276=AXIS2_PLACEMENT_3D('',#8273,#8274,#8275);
#8277=TOROIDAL_SURFACE('',#8276,2.05E0,5.E-1);
#8279=ORIENTED_EDGE('',*,*,#8278,.T.);
#8281=ORIENTED_EDGE('',*,*,#8280,.T.);
#8282=ORIENTED_EDGE('',*,*,#8268,.T.);
#8284=ORIENTED_EDGE('',*,*,#8283,.F.);
#8286=ORIENTED_EDGE('',*,*,#8285,.F.);
#8287=ORIENTED_EDGE('',*,*,#8262,.F.);
#8288=EDGE_LOOP('',(#8279,#8281,#8282,#8284,#8286,#8287));
#8289=FACE_OUTER_BOUND('',#8288,.F.);
#8290=ADVANCED_FACE('',(#8289),#8277,.T.);
#8291=CARTESIAN_POINT('',(-5.6E1,1.906514553357E1,-8.951104248922E-2));
#8292=DIRECTION('',(0.E0,9.979482148809E-1,6.402624786719E-2));
#8293=DIRECTION('',(1.E0,0.E0,0.E0));
#8294=AXIS2_PLACEMENT_3D('',#8291,#8292,#8293);
#8295=CYLINDRICAL_SURFACE('',#8294,2.55E0);
#8296=ORIENTED_EDGE('',*,*,#8280,.F.);
#8297=ORIENTED_EDGE('',*,*,#8278,.F.);
#8298=ORIENTED_EDGE('',*,*,#8250,.F.);
#8299=ORIENTED_EDGE('',*,*,#7373,.F.);
#8300=ORIENTED_EDGE('',*,*,#8247,.F.);
#8301=EDGE_LOOP('',(#8296,#8297,#8298,#8299,#8300));
#8302=FACE_OUTER_BOUND('',#8301,.F.);
#8303=ADVANCED_FACE('',(#8302),#8295,.T.);
#8304=CARTESIAN_POINT('',(-5.6E1,2.086145232035E1,2.573620367180E-2));
#8305=DIRECTION('',(0.E0,9.979482148809E-1,6.402624786721E-2));
#8306=DIRECTION('',(1.E0,0.E0,0.E0));
#8307=AXIS2_PLACEMENT_3D('',#8304,#8305,#8306);
#8308=PLANE('',#8307);
#8309=ORIENTED_EDGE('',*,*,#8266,.T.);
#8310=ORIENTED_EDGE('',*,*,#8264,.T.);
#8311=ORIENTED_EDGE('',*,*,#8285,.T.);
#8312=ORIENTED_EDGE('',*,*,#8283,.T.);
#8313=EDGE_LOOP('',(#8309,#8310,#8311,#8312));
#8314=FACE_OUTER_BOUND('',#8313,.F.);
#8315=ADVANCED_FACE('',(#8314),#8308,.T.);
#8316=CARTESIAN_POINT('',(-8.E1,1.906514553357E1,-8.951104248922E-2));
#8317=DIRECTION('',(0.E0,9.979482148809E-1,6.402624786719E-2));
#8318=DIRECTION('',(1.E0,0.E0,0.E0));
#8319=AXIS2_PLACEMENT_3D('',#8316,#8317,#8318);
#8320=CYLINDRICAL_SURFACE('',#8319,2.55E0);
#8322=ORIENTED_EDGE('',*,*,#8321,.F.);
#8324=ORIENTED_EDGE('',*,*,#8323,.F.);
#8326=ORIENTED_EDGE('',*,*,#8325,.T.);
#8327=ORIENTED_EDGE('',*,*,#7377,.F.);
#8329=ORIENTED_EDGE('',*,*,#8328,.T.);
#8330=EDGE_LOOP('',(#8322,#8324,#8326,#8327,#8329));
#8331=FACE_OUTER_BOUND('',#8330,.F.);
#8332=ADVANCED_FACE('',(#8331),#8320,.T.);
#8333=CARTESIAN_POINT('',(-8.E1,2.036247821291E1,-6.276920262233E-3));
#8334=DIRECTION('',(0.E0,9.979482148809E-1,6.402624786719E-2));
#8335=DIRECTION('',(-9.951641129308E-1,-6.289055669722E-3,9.802467094283E-2));
#8336=AXIS2_PLACEMENT_3D('',#8333,#8334,#8335);
#8337=TOROIDAL_SURFACE('',#8336,2.05E0,5.E-1);
#8338=ORIENTED_EDGE('',*,*,#8323,.T.);
#8339=ORIENTED_EDGE('',*,*,#8321,.T.);
#8341=ORIENTED_EDGE('',*,*,#8340,.T.);
#8343=ORIENTED_EDGE('',*,*,#8342,.F.);
#8345=ORIENTED_EDGE('',*,*,#8344,.F.);
#8347=ORIENTED_EDGE('',*,*,#8346,.F.);
#8348=EDGE_LOOP('',(#8338,#8339,#8341,#8343,#8345,#8347));
#8349=FACE_OUTER_BOUND('',#8348,.F.);
#8350=ADVANCED_FACE('',(#8349),#8337,.T.);
#8351=CARTESIAN_POINT('',(-8.E1,2.036247821291E1,-6.276920262233E-3));
#8352=DIRECTION('',(0.E0,9.979482148809E-1,6.402624786719E-2));
#8353=DIRECTION('',(9.951641131245E-1,6.289055544076E-3,-9.802466898445E-2));
#8354=AXIS2_PLACEMENT_3D('',#8351,#8352,#8353);
#8355=TOROIDAL_SURFACE('',#8354,2.05E0,5.E-1);
#8357=ORIENTED_EDGE('',*,*,#8356,.T.);
#8359=ORIENTED_EDGE('',*,*,#8358,.T.);
#8360=ORIENTED_EDGE('',*,*,#8346,.T.);
#8362=ORIENTED_EDGE('',*,*,#8361,.F.);
#8364=ORIENTED_EDGE('',*,*,#8363,.F.);
#8365=ORIENTED_EDGE('',*,*,#8340,.F.);
#8366=EDGE_LOOP('',(#8357,#8359,#8360,#8362,#8364,#8365));
#8367=FACE_OUTER_BOUND('',#8366,.F.);
#8368=ADVANCED_FACE('',(#8367),#8355,.T.);
#8369=CARTESIAN_POINT('',(-8.E1,1.906514553357E1,-8.951104248922E-2));
#8370=DIRECTION('',(0.E0,9.979482148809E-1,6.402624786719E-2));
#8371=DIRECTION('',(1.E0,0.E0,0.E0));
#8372=AXIS2_PLACEMENT_3D('',#8369,#8370,#8371);
#8373=CYLINDRICAL_SURFACE('',#8372,2.55E0);
#8374=ORIENTED_EDGE('',*,*,#8358,.F.);
#8375=ORIENTED_EDGE('',*,*,#8356,.F.);
#8376=ORIENTED_EDGE('',*,*,#8328,.F.);
#8377=ORIENTED_EDGE('',*,*,#7379,.F.);
#8378=ORIENTED_EDGE('',*,*,#8325,.F.);
#8379=EDGE_LOOP('',(#8374,#8375,#8376,#8377,#8378));
#8380=FACE_OUTER_BOUND('',#8379,.F.);
#8381=ADVANCED_FACE('',(#8380),#8373,.T.);
#8382=CARTESIAN_POINT('',(-8.E1,2.086145232035E1,2.573620367180E-2));
#8383=DIRECTION('',(0.E0,9.979482148809E-1,6.402624786721E-2));
#8384=DIRECTION('',(1.E0,0.E0,0.E0));
#8385=AXIS2_PLACEMENT_3D('',#8382,#8383,#8384);
#8386=PLANE('',#8385);
#8387=ORIENTED_EDGE('',*,*,#8344,.T.);
#8388=ORIENTED_EDGE('',*,*,#8342,.T.);
#8389=ORIENTED_EDGE('',*,*,#8363,.T.);
#8390=ORIENTED_EDGE('',*,*,#8361,.T.);
#8391=EDGE_LOOP('',(#8387,#8388,#8389,#8390));
#8392=FACE_OUTER_BOUND('',#8391,.F.);
#8393=ADVANCED_FACE('',(#8392),#8386,.T.);
#8394=CARTESIAN_POINT('',(-4.E1,1.906514553357E1,-8.951104248922E-2));
#8395=DIRECTION('',(0.E0,9.979482148809E-1,6.402624786719E-2));
#8396=DIRECTION('',(1.E0,0.E0,0.E0));
#8397=AXIS2_PLACEMENT_3D('',#8394,#8395,#8396);
#8398=CYLINDRICAL_SURFACE('',#8397,2.55E0);
#8400=ORIENTED_EDGE('',*,*,#8399,.F.);
#8402=ORIENTED_EDGE('',*,*,#8401,.F.);
#8404=ORIENTED_EDGE('',*,*,#8403,.T.);
#8405=ORIENTED_EDGE('',*,*,#7383,.F.);
#8407=ORIENTED_EDGE('',*,*,#8406,.T.);
#8408=EDGE_LOOP('',(#8400,#8402,#8404,#8405,#8407));
#8409=FACE_OUTER_BOUND('',#8408,.F.);
#8410=ADVANCED_FACE('',(#8409),#8398,.T.);
#8411=CARTESIAN_POINT('',(-4.E1,2.036247821291E1,-6.276920262233E-3));
#8412=DIRECTION('',(0.E0,9.979482148809E-1,6.402624786719E-2));
#8413=DIRECTION('',(-9.951641129308E-1,-6.289055669722E-3,9.802467094283E-2));
#8414=AXIS2_PLACEMENT_3D('',#8411,#8412,#8413);
#8415=TOROIDAL_SURFACE('',#8414,2.05E0,5.E-1);
#8416=ORIENTED_EDGE('',*,*,#8401,.T.);
#8417=ORIENTED_EDGE('',*,*,#8399,.T.);
#8419=ORIENTED_EDGE('',*,*,#8418,.T.);
#8421=ORIENTED_EDGE('',*,*,#8420,.F.);
#8423=ORIENTED_EDGE('',*,*,#8422,.F.);
#8425=ORIENTED_EDGE('',*,*,#8424,.F.);
#8426=EDGE_LOOP('',(#8416,#8417,#8419,#8421,#8423,#8425));
#8427=FACE_OUTER_BOUND('',#8426,.F.);
#8428=ADVANCED_FACE('',(#8427),#8415,.T.);
#8429=CARTESIAN_POINT('',(-4.E1,2.036247821291E1,-6.276920262233E-3));
#8430=DIRECTION('',(0.E0,9.979482148809E-1,6.402624786719E-2));
#8431=DIRECTION('',(9.951641131245E-1,6.289055544076E-3,-9.802466898445E-2));
#8432=AXIS2_PLACEMENT_3D('',#8429,#8430,#8431);
#8433=TOROIDAL_SURFACE('',#8432,2.05E0,5.E-1);
#8435=ORIENTED_EDGE('',*,*,#8434,.T.);
#8437=ORIENTED_EDGE('',*,*,#8436,.T.);
#8438=ORIENTED_EDGE('',*,*,#8424,.T.);
#8440=ORIENTED_EDGE('',*,*,#8439,.F.);
#8442=ORIENTED_EDGE('',*,*,#8441,.F.);
#8443=ORIENTED_EDGE('',*,*,#8418,.F.);
#8444=EDGE_LOOP('',(#8435,#8437,#8438,#8440,#8442,#8443));
#8445=FACE_OUTER_BOUND('',#8444,.F.);
#8446=ADVANCED_FACE('',(#8445),#8433,.T.);
#8447=CARTESIAN_POINT('',(-4.E1,1.906514553357E1,-8.951104248922E-2));
#8448=DIRECTION('',(0.E0,9.979482148809E-1,6.402624786719E-2));
#8449=DIRECTION('',(1.E0,0.E0,0.E0));
#8450=AXIS2_PLACEMENT_3D('',#8447,#8448,#8449);
#8451=CYLINDRICAL_SURFACE('',#8450,2.55E0);
#8452=ORIENTED_EDGE('',*,*,#8436,.F.);
#8453=ORIENTED_EDGE('',*,*,#8434,.F.);
#8454=ORIENTED_EDGE('',*,*,#8406,.F.);
#8455=ORIENTED_EDGE('',*,*,#7385,.F.);
#8456=ORIENTED_EDGE('',*,*,#8403,.F.);
#8457=EDGE_LOOP('',(#8452,#8453,#8454,#8455,#8456));
#8458=FACE_OUTER_BOUND('',#8457,.F.);
#8459=ADVANCED_FACE('',(#8458),#8451,.T.);
#8460=CARTESIAN_POINT('',(-4.E1,2.086145232035E1,2.573620367180E-2));
#8461=DIRECTION('',(0.E0,9.979482148809E-1,6.402624786721E-2));
#8462=DIRECTION('',(1.E0,0.E0,0.E0));
#8463=AXIS2_PLACEMENT_3D('',#8460,#8461,#8462);
#8464=PLANE('',#8463);
#8465=ORIENTED_EDGE('',*,*,#8422,.T.);
#8466=ORIENTED_EDGE('',*,*,#8420,.T.);
#8467=ORIENTED_EDGE('',*,*,#8441,.T.);
#8468=ORIENTED_EDGE('',*,*,#8439,.T.);
#8469=EDGE_LOOP('',(#8465,#8466,#8467,#8468));
#8470=FACE_OUTER_BOUND('',#8469,.F.);
#8471=ADVANCED_FACE('',(#8470),#8464,.T.);
#8472=CARTESIAN_POINT('',(-6.4E1,1.906514553357E1,-8.951104248922E-2));
#8473=DIRECTION('',(0.E0,9.979482148809E-1,6.402624786719E-2));
#8474=DIRECTION('',(1.E0,0.E0,0.E0));
#8475=AXIS2_PLACEMENT_3D('',#8472,#8473,#8474);
#8476=CYLINDRICAL_SURFACE('',#8475,2.55E0);
#8478=ORIENTED_EDGE('',*,*,#8477,.F.);
#8480=ORIENTED_EDGE('',*,*,#8479,.F.);
#8482=ORIENTED_EDGE('',*,*,#8481,.T.);
#8483=ORIENTED_EDGE('',*,*,#7389,.F.);
#8485=ORIENTED_EDGE('',*,*,#8484,.T.);
#8486=EDGE_LOOP('',(#8478,#8480,#8482,#8483,#8485));
#8487=FACE_OUTER_BOUND('',#8486,.F.);
#8488=ADVANCED_FACE('',(#8487),#8476,.T.);
#8489=CARTESIAN_POINT('',(-6.4E1,2.036247821291E1,-6.276920262233E-3));
#8490=DIRECTION('',(0.E0,9.979482148809E-1,6.402624786719E-2));
#8491=DIRECTION('',(-9.951641129308E-1,-6.289055669722E-3,9.802467094283E-2));
#8492=AXIS2_PLACEMENT_3D('',#8489,#8490,#8491);
#8493=TOROIDAL_SURFACE('',#8492,2.05E0,5.E-1);
#8494=ORIENTED_EDGE('',*,*,#8479,.T.);
#8495=ORIENTED_EDGE('',*,*,#8477,.T.);
#8497=ORIENTED_EDGE('',*,*,#8496,.T.);
#8499=ORIENTED_EDGE('',*,*,#8498,.F.);
#8501=ORIENTED_EDGE('',*,*,#8500,.F.);
#8503=ORIENTED_EDGE('',*,*,#8502,.F.);
#8504=EDGE_LOOP('',(#8494,#8495,#8497,#8499,#8501,#8503));
#8505=FACE_OUTER_BOUND('',#8504,.F.);
#8506=ADVANCED_FACE('',(#8505),#8493,.T.);
#8507=CARTESIAN_POINT('',(-6.4E1,2.036247821291E1,-6.276920262233E-3));
#8508=DIRECTION('',(0.E0,9.979482148809E-1,6.402624786719E-2));
#8509=DIRECTION('',(9.951641131245E-1,6.289055544076E-3,-9.802466898445E-2));
#8510=AXIS2_PLACEMENT_3D('',#8507,#8508,#8509);
#8511=TOROIDAL_SURFACE('',#8510,2.05E0,5.E-1);
#8513=ORIENTED_EDGE('',*,*,#8512,.T.);
#8515=ORIENTED_EDGE('',*,*,#8514,.T.);
#8516=ORIENTED_EDGE('',*,*,#8502,.T.);
#8518=ORIENTED_EDGE('',*,*,#8517,.F.);
#8520=ORIENTED_EDGE('',*,*,#8519,.F.);
#8521=ORIENTED_EDGE('',*,*,#8496,.F.);
#8522=EDGE_LOOP('',(#8513,#8515,#8516,#8518,#8520,#8521));
#8523=FACE_OUTER_BOUND('',#8522,.F.);
#8524=ADVANCED_FACE('',(#8523),#8511,.T.);
#8525=CARTESIAN_POINT('',(-6.4E1,1.906514553357E1,-8.951104248922E-2));
#8526=DIRECTION('',(0.E0,9.979482148809E-1,6.402624786719E-2));
#8527=DIRECTION('',(1.E0,0.E0,0.E0));
#8528=AXIS2_PLACEMENT_3D('',#8525,#8526,#8527);
#8529=CYLINDRICAL_SURFACE('',#8528,2.55E0);
#8530=ORIENTED_EDGE('',*,*,#8514,.F.);
#8531=ORIENTED_EDGE('',*,*,#8512,.F.);
#8532=ORIENTED_EDGE('',*,*,#8484,.F.);
#8533=ORIENTED_EDGE('',*,*,#7391,.F.);
#8534=ORIENTED_EDGE('',*,*,#8481,.F.);
#8535=EDGE_LOOP('',(#8530,#8531,#8532,#8533,#8534));
#8536=FACE_OUTER_BOUND('',#8535,.F.);
#8537=ADVANCED_FACE('',(#8536),#8529,.T.);
#8538=CARTESIAN_POINT('',(-6.4E1,2.086145232035E1,2.573620367180E-2));
#8539=DIRECTION('',(0.E0,9.979482148809E-1,6.402624786721E-2));
#8540=DIRECTION('',(1.E0,0.E0,0.E0));
#8541=AXIS2_PLACEMENT_3D('',#8538,#8539,#8540);
#8542=PLANE('',#8541);
#8543=ORIENTED_EDGE('',*,*,#8500,.T.);
#8544=ORIENTED_EDGE('',*,*,#8498,.T.);
#8545=ORIENTED_EDGE('',*,*,#8519,.T.);
#8546=ORIENTED_EDGE('',*,*,#8517,.T.);
#8547=EDGE_LOOP('',(#8543,#8544,#8545,#8546));
#8548=FACE_OUTER_BOUND('',#8547,.F.);
#8549=ADVANCED_FACE('',(#8548),#8542,.T.);
#8550=CARTESIAN_POINT('',(6.4E1,1.855293555063E1,7.894074676558E0));
#8551=DIRECTION('',(0.E0,9.979482148809E-1,6.402624786719E-2));
#8552=DIRECTION('',(1.E0,0.E0,0.E0));
#8553=AXIS2_PLACEMENT_3D('',#8550,#8551,#8552);
#8554=CYLINDRICAL_SURFACE('',#8553,2.55E0);
#8556=ORIENTED_EDGE('',*,*,#8555,.F.);
#8558=ORIENTED_EDGE('',*,*,#8557,.F.);
#8560=ORIENTED_EDGE('',*,*,#8559,.T.);
#8561=ORIENTED_EDGE('',*,*,#7395,.F.);
#8563=ORIENTED_EDGE('',*,*,#8562,.T.);
#8564=EDGE_LOOP('',(#8556,#8558,#8560,#8561,#8563));
#8565=FACE_OUTER_BOUND('',#8564,.F.);
#8566=ADVANCED_FACE('',(#8565),#8554,.T.);
#8567=CARTESIAN_POINT('',(6.4E1,1.985026822997E1,7.977308798785E0));
#8568=DIRECTION('',(0.E0,9.979482148809E-1,6.402624786719E-2));
#8569=DIRECTION('',(-9.951641129308E-1,-6.289055669722E-3,9.802467094283E-2));
#8570=AXIS2_PLACEMENT_3D('',#8567,#8568,#8569);
#8571=TOROIDAL_SURFACE('',#8570,2.05E0,5.E-1);
#8572=ORIENTED_EDGE('',*,*,#8557,.T.);
#8573=ORIENTED_EDGE('',*,*,#8555,.T.);
#8575=ORIENTED_EDGE('',*,*,#8574,.T.);
#8577=ORIENTED_EDGE('',*,*,#8576,.F.);
#8579=ORIENTED_EDGE('',*,*,#8578,.F.);
#8581=ORIENTED_EDGE('',*,*,#8580,.F.);
#8582=EDGE_LOOP('',(#8572,#8573,#8575,#8577,#8579,#8581));
#8583=FACE_OUTER_BOUND('',#8582,.F.);
#8584=ADVANCED_FACE('',(#8583),#8571,.T.);
#8585=CARTESIAN_POINT('',(6.4E1,1.985026822997E1,7.977308798785E0));
#8586=DIRECTION('',(0.E0,9.979482148809E-1,6.402624786719E-2));
#8587=DIRECTION('',(9.951641131245E-1,6.289055544076E-3,-9.802466898445E-2));
#8588=AXIS2_PLACEMENT_3D('',#8585,#8586,#8587);
#8589=TOROIDAL_SURFACE('',#8588,2.05E0,5.E-1);
#8591=ORIENTED_EDGE('',*,*,#8590,.T.);
#8593=ORIENTED_EDGE('',*,*,#8592,.T.);
#8594=ORIENTED_EDGE('',*,*,#8580,.T.);
#8596=ORIENTED_EDGE('',*,*,#8595,.F.);
#8598=ORIENTED_EDGE('',*,*,#8597,.F.);
#8599=ORIENTED_EDGE('',*,*,#8574,.F.);
#8600=EDGE_LOOP('',(#8591,#8593,#8594,#8596,#8598,#8599));
#8601=FACE_OUTER_BOUND('',#8600,.F.);
#8602=ADVANCED_FACE('',(#8601),#8589,.T.);
#8603=CARTESIAN_POINT('',(6.4E1,1.855293555063E1,7.894074676558E0));
#8604=DIRECTION('',(0.E0,9.979482148809E-1,6.402624786719E-2));
#8605=DIRECTION('',(1.E0,0.E0,0.E0));
#8606=AXIS2_PLACEMENT_3D('',#8603,#8604,#8605);
#8607=CYLINDRICAL_SURFACE('',#8606,2.55E0);
#8608=ORIENTED_EDGE('',*,*,#8592,.F.);
#8609=ORIENTED_EDGE('',*,*,#8590,.F.);
#8610=ORIENTED_EDGE('',*,*,#8562,.F.);
#8611=ORIENTED_EDGE('',*,*,#7397,.F.);
#8612=ORIENTED_EDGE('',*,*,#8559,.F.);
#8613=EDGE_LOOP('',(#8608,#8609,#8610,#8611,#8612));
#8614=FACE_OUTER_BOUND('',#8613,.F.);
#8615=ADVANCED_FACE('',(#8614),#8607,.T.);
#8616=CARTESIAN_POINT('',(6.4E1,2.034924233741E1,8.009321922719E0));
#8617=DIRECTION('',(0.E0,9.979482148809E-1,6.402624786721E-2));
#8618=DIRECTION('',(1.E0,0.E0,0.E0));
#8619=AXIS2_PLACEMENT_3D('',#8616,#8617,#8618);
#8620=PLANE('',#8619);
#8621=ORIENTED_EDGE('',*,*,#8578,.T.);
#8622=ORIENTED_EDGE('',*,*,#8576,.T.);
#8623=ORIENTED_EDGE('',*,*,#8597,.T.);
#8624=ORIENTED_EDGE('',*,*,#8595,.T.);
#8625=EDGE_LOOP('',(#8621,#8622,#8623,#8624));
#8626=FACE_OUTER_BOUND('',#8625,.F.);
#8627=ADVANCED_FACE('',(#8626),#8620,.T.);
#8628=CARTESIAN_POINT('',(5.6E1,1.855293555063E1,7.894074676558E0));
#8629=DIRECTION('',(0.E0,9.979482148809E-1,6.402624786719E-2));
#8630=DIRECTION('',(1.E0,0.E0,0.E0));
#8631=AXIS2_PLACEMENT_3D('',#8628,#8629,#8630);
#8632=CYLINDRICAL_SURFACE('',#8631,2.55E0);
#8634=ORIENTED_EDGE('',*,*,#8633,.F.);
#8636=ORIENTED_EDGE('',*,*,#8635,.F.);
#8638=ORIENTED_EDGE('',*,*,#8637,.T.);
#8639=ORIENTED_EDGE('',*,*,#7401,.F.);
#8641=ORIENTED_EDGE('',*,*,#8640,.T.);
#8642=EDGE_LOOP('',(#8634,#8636,#8638,#8639,#8641));
#8643=FACE_OUTER_BOUND('',#8642,.F.);
#8644=ADVANCED_FACE('',(#8643),#8632,.T.);
#8645=CARTESIAN_POINT('',(5.6E1,1.985026822997E1,7.977308798785E0));
#8646=DIRECTION('',(0.E0,9.979482148809E-1,6.402624786719E-2));
#8647=DIRECTION('',(-9.951641129308E-1,-6.289055669722E-3,9.802467094283E-2));
#8648=AXIS2_PLACEMENT_3D('',#8645,#8646,#8647);
#8649=TOROIDAL_SURFACE('',#8648,2.05E0,5.E-1);
#8650=ORIENTED_EDGE('',*,*,#8635,.T.);
#8651=ORIENTED_EDGE('',*,*,#8633,.T.);
#8653=ORIENTED_EDGE('',*,*,#8652,.T.);
#8655=ORIENTED_EDGE('',*,*,#8654,.F.);
#8657=ORIENTED_EDGE('',*,*,#8656,.F.);
#8659=ORIENTED_EDGE('',*,*,#8658,.F.);
#8660=EDGE_LOOP('',(#8650,#8651,#8653,#8655,#8657,#8659));
#8661=FACE_OUTER_BOUND('',#8660,.F.);
#8662=ADVANCED_FACE('',(#8661),#8649,.T.);
#8663=CARTESIAN_POINT('',(5.6E1,1.985026822997E1,7.977308798785E0));
#8664=DIRECTION('',(0.E0,9.979482148809E-1,6.402624786719E-2));
#8665=DIRECTION('',(9.951641131245E-1,6.289055544076E-3,-9.802466898445E-2));
#8666=AXIS2_PLACEMENT_3D('',#8663,#8664,#8665);
#8667=TOROIDAL_SURFACE('',#8666,2.05E0,5.E-1);
#8669=ORIENTED_EDGE('',*,*,#8668,.T.);
#8671=ORIENTED_EDGE('',*,*,#8670,.T.);
#8672=ORIENTED_EDGE('',*,*,#8658,.T.);
#8674=ORIENTED_EDGE('',*,*,#8673,.F.);
#8676=ORIENTED_EDGE('',*,*,#8675,.F.);
#8677=ORIENTED_EDGE('',*,*,#8652,.F.);
#8678=EDGE_LOOP('',(#8669,#8671,#8672,#8674,#8676,#8677));
#8679=FACE_OUTER_BOUND('',#8678,.F.);
#8680=ADVANCED_FACE('',(#8679),#8667,.T.);
#8681=CARTESIAN_POINT('',(5.6E1,1.855293555063E1,7.894074676558E0));
#8682=DIRECTION('',(0.E0,9.979482148809E-1,6.402624786719E-2));
#8683=DIRECTION('',(1.E0,0.E0,0.E0));
#8684=AXIS2_PLACEMENT_3D('',#8681,#8682,#8683);
#8685=CYLINDRICAL_SURFACE('',#8684,2.55E0);
#8686=ORIENTED_EDGE('',*,*,#8670,.F.);
#8687=ORIENTED_EDGE('',*,*,#8668,.F.);
#8688=ORIENTED_EDGE('',*,*,#8640,.F.);
#8689=ORIENTED_EDGE('',*,*,#7403,.F.);
#8690=ORIENTED_EDGE('',*,*,#8637,.F.);
#8691=EDGE_LOOP('',(#8686,#8687,#8688,#8689,#8690));
#8692=FACE_OUTER_BOUND('',#8691,.F.);
#8693=ADVANCED_FACE('',(#8692),#8685,.T.);
#8694=CARTESIAN_POINT('',(5.6E1,2.034924233741E1,8.009321922719E0));
#8695=DIRECTION('',(0.E0,9.979482148809E-1,6.402624786721E-2));
#8696=DIRECTION('',(1.E0,0.E0,0.E0));
#8697=AXIS2_PLACEMENT_3D('',#8694,#8695,#8696);
#8698=PLANE('',#8697);
#8699=ORIENTED_EDGE('',*,*,#8656,.T.);
#8700=ORIENTED_EDGE('',*,*,#8654,.T.);
#8701=ORIENTED_EDGE('',*,*,#8675,.T.);
#8702=ORIENTED_EDGE('',*,*,#8673,.T.);
#8703=EDGE_LOOP('',(#8699,#8700,#8701,#8702));
#8704=FACE_OUTER_BOUND('',#8703,.F.);
#8705=ADVANCED_FACE('',(#8704),#8698,.T.);
#8706=CARTESIAN_POINT('',(4.8E1,1.855293555063E1,7.894074676558E0));
#8707=DIRECTION('',(0.E0,9.979482148809E-1,6.402624786719E-2));
#8708=DIRECTION('',(1.E0,0.E0,0.E0));
#8709=AXIS2_PLACEMENT_3D('',#8706,#8707,#8708);
#8710=CYLINDRICAL_SURFACE('',#8709,2.55E0);
#8712=ORIENTED_EDGE('',*,*,#8711,.F.);
#8714=ORIENTED_EDGE('',*,*,#8713,.F.);
#8716=ORIENTED_EDGE('',*,*,#8715,.T.);
#8717=ORIENTED_EDGE('',*,*,#7407,.F.);
#8719=ORIENTED_EDGE('',*,*,#8718,.T.);
#8720=EDGE_LOOP('',(#8712,#8714,#8716,#8717,#8719));
#8721=FACE_OUTER_BOUND('',#8720,.F.);
#8722=ADVANCED_FACE('',(#8721),#8710,.T.);
#8723=CARTESIAN_POINT('',(4.8E1,1.985026822997E1,7.977308798785E0));
#8724=DIRECTION('',(0.E0,9.979482148809E-1,6.402624786719E-2));
#8725=DIRECTION('',(-9.951641129308E-1,-6.289055669722E-3,9.802467094283E-2));
#8726=AXIS2_PLACEMENT_3D('',#8723,#8724,#8725);
#8727=TOROIDAL_SURFACE('',#8726,2.05E0,5.E-1);
#8728=ORIENTED_EDGE('',*,*,#8713,.T.);
#8729=ORIENTED_EDGE('',*,*,#8711,.T.);
#8731=ORIENTED_EDGE('',*,*,#8730,.T.);
#8733=ORIENTED_EDGE('',*,*,#8732,.F.);
#8735=ORIENTED_EDGE('',*,*,#8734,.F.);
#8737=ORIENTED_EDGE('',*,*,#8736,.F.);
#8738=EDGE_LOOP('',(#8728,#8729,#8731,#8733,#8735,#8737));
#8739=FACE_OUTER_BOUND('',#8738,.F.);
#8740=ADVANCED_FACE('',(#8739),#8727,.T.);
#8741=CARTESIAN_POINT('',(4.8E1,1.985026822997E1,7.977308798785E0));
#8742=DIRECTION('',(0.E0,9.979482148809E-1,6.402624786719E-2));
#8743=DIRECTION('',(9.951641131245E-1,6.289055544076E-3,-9.802466898445E-2));
#8744=AXIS2_PLACEMENT_3D('',#8741,#8742,#8743);
#8745=TOROIDAL_SURFACE('',#8744,2.05E0,5.E-1);
#8747=ORIENTED_EDGE('',*,*,#8746,.T.);
#8749=ORIENTED_EDGE('',*,*,#8748,.T.);
#8750=ORIENTED_EDGE('',*,*,#8736,.T.);
#8752=ORIENTED_EDGE('',*,*,#8751,.F.);
#8754=ORIENTED_EDGE('',*,*,#8753,.F.);
#8755=ORIENTED_EDGE('',*,*,#8730,.F.);
#8756=EDGE_LOOP('',(#8747,#8749,#8750,#8752,#8754,#8755));
#8757=FACE_OUTER_BOUND('',#8756,.F.);
#8758=ADVANCED_FACE('',(#8757),#8745,.T.);
#8759=CARTESIAN_POINT('',(4.8E1,1.855293555063E1,7.894074676558E0));
#8760=DIRECTION('',(0.E0,9.979482148809E-1,6.402624786719E-2));
#8761=DIRECTION('',(1.E0,0.E0,0.E0));
#8762=AXIS2_PLACEMENT_3D('',#8759,#8760,#8761);
#8763=CYLINDRICAL_SURFACE('',#8762,2.55E0);
#8764=ORIENTED_EDGE('',*,*,#8748,.F.);
#8765=ORIENTED_EDGE('',*,*,#8746,.F.);
#8766=ORIENTED_EDGE('',*,*,#8718,.F.);
#8767=ORIENTED_EDGE('',*,*,#7409,.F.);
#8768=ORIENTED_EDGE('',*,*,#8715,.F.);
#8769=EDGE_LOOP('',(#8764,#8765,#8766,#8767,#8768));
#8770=FACE_OUTER_BOUND('',#8769,.F.);
#8771=ADVANCED_FACE('',(#8770),#8763,.T.);
#8772=CARTESIAN_POINT('',(4.8E1,2.034924233741E1,8.009321922719E0));
#8773=DIRECTION('',(0.E0,9.979482148809E-1,6.402624786721E-2));
#8774=DIRECTION('',(1.E0,0.E0,0.E0));
#8775=AXIS2_PLACEMENT_3D('',#8772,#8773,#8774);
#8776=PLANE('',#8775);
#8777=ORIENTED_EDGE('',*,*,#8734,.T.);
#8778=ORIENTED_EDGE('',*,*,#8732,.T.);
#8779=ORIENTED_EDGE('',*,*,#8753,.T.);
#8780=ORIENTED_EDGE('',*,*,#8751,.T.);
#8781=EDGE_LOOP('',(#8777,#8778,#8779,#8780));
#8782=FACE_OUTER_BOUND('',#8781,.F.);
#8783=ADVANCED_FACE('',(#8782),#8776,.T.);
#8784=CARTESIAN_POINT('',(4.E1,1.855293555063E1,7.894074676558E0));
#8785=DIRECTION('',(0.E0,9.979482148809E-1,6.402624786719E-2));
#8786=DIRECTION('',(1.E0,0.E0,0.E0));
#8787=AXIS2_PLACEMENT_3D('',#8784,#8785,#8786);
#8788=CYLINDRICAL_SURFACE('',#8787,2.55E0);
#8790=ORIENTED_EDGE('',*,*,#8789,.F.);
#8792=ORIENTED_EDGE('',*,*,#8791,.F.);
#8794=ORIENTED_EDGE('',*,*,#8793,.T.);
#8795=ORIENTED_EDGE('',*,*,#7413,.F.);
#8797=ORIENTED_EDGE('',*,*,#8796,.T.);
#8798=EDGE_LOOP('',(#8790,#8792,#8794,#8795,#8797));
#8799=FACE_OUTER_BOUND('',#8798,.F.);
#8800=ADVANCED_FACE('',(#8799),#8788,.T.);
#8801=CARTESIAN_POINT('',(4.E1,1.985026822997E1,7.977308798785E0));
#8802=DIRECTION('',(0.E0,9.979482148809E-1,6.402624786719E-2));
#8803=DIRECTION('',(-9.951641129308E-1,-6.289055669722E-3,9.802467094283E-2));
#8804=AXIS2_PLACEMENT_3D('',#8801,#8802,#8803);
#8805=TOROIDAL_SURFACE('',#8804,2.05E0,5.E-1);
#8806=ORIENTED_EDGE('',*,*,#8791,.T.);
#8807=ORIENTED_EDGE('',*,*,#8789,.T.);
#8809=ORIENTED_EDGE('',*,*,#8808,.T.);
#8811=ORIENTED_EDGE('',*,*,#8810,.F.);
#8813=ORIENTED_EDGE('',*,*,#8812,.F.);
#8815=ORIENTED_EDGE('',*,*,#8814,.F.);
#8816=EDGE_LOOP('',(#8806,#8807,#8809,#8811,#8813,#8815));
#8817=FACE_OUTER_BOUND('',#8816,.F.);
#8818=ADVANCED_FACE('',(#8817),#8805,.T.);
#8819=CARTESIAN_POINT('',(4.E1,1.985026822997E1,7.977308798785E0));
#8820=DIRECTION('',(0.E0,9.979482148809E-1,6.402624786719E-2));
#8821=DIRECTION('',(9.951641131245E-1,6.289055544076E-3,-9.802466898445E-2));
#8822=AXIS2_PLACEMENT_3D('',#8819,#8820,#8821);
#8823=TOROIDAL_SURFACE('',#8822,2.05E0,5.E-1);
#8825=ORIENTED_EDGE('',*,*,#8824,.T.);
#8827=ORIENTED_EDGE('',*,*,#8826,.T.);
#8828=ORIENTED_EDGE('',*,*,#8814,.T.);
#8830=ORIENTED_EDGE('',*,*,#8829,.F.);
#8832=ORIENTED_EDGE('',*,*,#8831,.F.);
#8833=ORIENTED_EDGE('',*,*,#8808,.F.);
#8834=EDGE_LOOP('',(#8825,#8827,#8828,#8830,#8832,#8833));
#8835=FACE_OUTER_BOUND('',#8834,.F.);
#8836=ADVANCED_FACE('',(#8835),#8823,.T.);
#8837=CARTESIAN_POINT('',(4.E1,1.855293555063E1,7.894074676558E0));
#8838=DIRECTION('',(0.E0,9.979482148809E-1,6.402624786719E-2));
#8839=DIRECTION('',(1.E0,0.E0,0.E0));
#8840=AXIS2_PLACEMENT_3D('',#8837,#8838,#8839);
#8841=CYLINDRICAL_SURFACE('',#8840,2.55E0);
#8842=ORIENTED_EDGE('',*,*,#8826,.F.);
#8843=ORIENTED_EDGE('',*,*,#8824,.F.);
#8844=ORIENTED_EDGE('',*,*,#8796,.F.);
#8845=ORIENTED_EDGE('',*,*,#7415,.F.);
#8846=ORIENTED_EDGE('',*,*,#8793,.F.);
#8847=EDGE_LOOP('',(#8842,#8843,#8844,#8845,#8846));
#8848=FACE_OUTER_BOUND('',#8847,.F.);
#8849=ADVANCED_FACE('',(#8848),#8841,.T.);
#8850=CARTESIAN_POINT('',(4.E1,2.034924233741E1,8.009321922719E0));
#8851=DIRECTION('',(0.E0,9.979482148809E-1,6.402624786721E-2));
#8852=DIRECTION('',(1.E0,0.E0,0.E0));
#8853=AXIS2_PLACEMENT_3D('',#8850,#8851,#8852);
#8854=PLANE('',#8853);
#8855=ORIENTED_EDGE('',*,*,#8812,.T.);
#8856=ORIENTED_EDGE('',*,*,#8810,.T.);
#8857=ORIENTED_EDGE('',*,*,#8831,.T.);
#8858=ORIENTED_EDGE('',*,*,#8829,.T.);
#8859=EDGE_LOOP('',(#8855,#8856,#8857,#8858));
#8860=FACE_OUTER_BOUND('',#8859,.F.);
#8861=ADVANCED_FACE('',(#8860),#8854,.T.);
#8862=CARTESIAN_POINT('',(3.2E1,1.855293555063E1,7.894074676558E0));
#8863=DIRECTION('',(0.E0,9.979482148809E-1,6.402624786719E-2));
#8864=DIRECTION('',(1.E0,0.E0,0.E0));
#8865=AXIS2_PLACEMENT_3D('',#8862,#8863,#8864);
#8866=CYLINDRICAL_SURFACE('',#8865,2.55E0);
#8868=ORIENTED_EDGE('',*,*,#8867,.F.);
#8870=ORIENTED_EDGE('',*,*,#8869,.F.);
#8872=ORIENTED_EDGE('',*,*,#8871,.T.);
#8873=ORIENTED_EDGE('',*,*,#7419,.F.);
#8875=ORIENTED_EDGE('',*,*,#8874,.T.);
#8876=EDGE_LOOP('',(#8868,#8870,#8872,#8873,#8875));
#8877=FACE_OUTER_BOUND('',#8876,.F.);
#8878=ADVANCED_FACE('',(#8877),#8866,.T.);
#8879=CARTESIAN_POINT('',(3.2E1,1.985026822997E1,7.977308798785E0));
#8880=DIRECTION('',(0.E0,9.979482148809E-1,6.402624786719E-2));
#8881=DIRECTION('',(-9.951641129308E-1,-6.289055669722E-3,9.802467094283E-2));
#8882=AXIS2_PLACEMENT_3D('',#8879,#8880,#8881);
#8883=TOROIDAL_SURFACE('',#8882,2.05E0,5.E-1);
#8884=ORIENTED_EDGE('',*,*,#8869,.T.);
#8885=ORIENTED_EDGE('',*,*,#8867,.T.);
#8887=ORIENTED_EDGE('',*,*,#8886,.T.);
#8889=ORIENTED_EDGE('',*,*,#8888,.F.);
#8891=ORIENTED_EDGE('',*,*,#8890,.F.);
#8893=ORIENTED_EDGE('',*,*,#8892,.F.);
#8894=EDGE_LOOP('',(#8884,#8885,#8887,#8889,#8891,#8893));
#8895=FACE_OUTER_BOUND('',#8894,.F.);
#8896=ADVANCED_FACE('',(#8895),#8883,.T.);
#8897=CARTESIAN_POINT('',(3.2E1,1.985026822997E1,7.977308798785E0));
#8898=DIRECTION('',(0.E0,9.979482148809E-1,6.402624786719E-2));
#8899=DIRECTION('',(9.951641131245E-1,6.289055544076E-3,-9.802466898445E-2));
#8900=AXIS2_PLACEMENT_3D('',#8897,#8898,#8899);
#8901=TOROIDAL_SURFACE('',#8900,2.05E0,5.E-1);
#8903=ORIENTED_EDGE('',*,*,#8902,.T.);
#8905=ORIENTED_EDGE('',*,*,#8904,.T.);
#8906=ORIENTED_EDGE('',*,*,#8892,.T.);
#8908=ORIENTED_EDGE('',*,*,#8907,.F.);
#8910=ORIENTED_EDGE('',*,*,#8909,.F.);
#8911=ORIENTED_EDGE('',*,*,#8886,.F.);
#8912=EDGE_LOOP('',(#8903,#8905,#8906,#8908,#8910,#8911));
#8913=FACE_OUTER_BOUND('',#8912,.F.);
#8914=ADVANCED_FACE('',(#8913),#8901,.T.);
#8915=CARTESIAN_POINT('',(3.2E1,1.855293555063E1,7.894074676558E0));
#8916=DIRECTION('',(0.E0,9.979482148809E-1,6.402624786719E-2));
#8917=DIRECTION('',(1.E0,0.E0,0.E0));
#8918=AXIS2_PLACEMENT_3D('',#8915,#8916,#8917);
#8919=CYLINDRICAL_SURFACE('',#8918,2.55E0);
#8920=ORIENTED_EDGE('',*,*,#8904,.F.);
#8921=ORIENTED_EDGE('',*,*,#8902,.F.);
#8922=ORIENTED_EDGE('',*,*,#8874,.F.);
#8923=ORIENTED_EDGE('',*,*,#7421,.F.);
#8924=ORIENTED_EDGE('',*,*,#8871,.F.);
#8925=EDGE_LOOP('',(#8920,#8921,#8922,#8923,#8924));
#8926=FACE_OUTER_BOUND('',#8925,.F.);
#8927=ADVANCED_FACE('',(#8926),#8919,.T.);
#8928=CARTESIAN_POINT('',(3.2E1,2.034924233741E1,8.009321922719E0));
#8929=DIRECTION('',(0.E0,9.979482148809E-1,6.402624786721E-2));
#8930=DIRECTION('',(1.E0,0.E0,0.E0));
#8931=AXIS2_PLACEMENT_3D('',#8928,#8929,#8930);
#8932=PLANE('',#8931);
#8933=ORIENTED_EDGE('',*,*,#8890,.T.);
#8934=ORIENTED_EDGE('',*,*,#8888,.T.);
#8935=ORIENTED_EDGE('',*,*,#8909,.T.);
#8936=ORIENTED_EDGE('',*,*,#8907,.T.);
#8937=EDGE_LOOP('',(#8933,#8934,#8935,#8936));
#8938=FACE_OUTER_BOUND('',#8937,.F.);
#8939=ADVANCED_FACE('',(#8938),#8932,.T.);
#8940=CARTESIAN_POINT('',(2.4E1,1.855293555063E1,7.894074676558E0));
#8941=DIRECTION('',(0.E0,9.979482148809E-1,6.402624786719E-2));
#8942=DIRECTION('',(1.E0,0.E0,0.E0));
#8943=AXIS2_PLACEMENT_3D('',#8940,#8941,#8942);
#8944=CYLINDRICAL_SURFACE('',#8943,2.55E0);
#8946=ORIENTED_EDGE('',*,*,#8945,.F.);
#8948=ORIENTED_EDGE('',*,*,#8947,.F.);
#8950=ORIENTED_EDGE('',*,*,#8949,.T.);
#8951=ORIENTED_EDGE('',*,*,#7425,.F.);
#8953=ORIENTED_EDGE('',*,*,#8952,.T.);
#8954=EDGE_LOOP('',(#8946,#8948,#8950,#8951,#8953));
#8955=FACE_OUTER_BOUND('',#8954,.F.);
#8956=ADVANCED_FACE('',(#8955),#8944,.T.);
#8957=CARTESIAN_POINT('',(2.4E1,1.985026822997E1,7.977308798785E0));
#8958=DIRECTION('',(0.E0,9.979482148809E-1,6.402624786719E-2));
#8959=DIRECTION('',(-9.951641129308E-1,-6.289055669722E-3,9.802467094283E-2));
#8960=AXIS2_PLACEMENT_3D('',#8957,#8958,#8959);
#8961=TOROIDAL_SURFACE('',#8960,2.05E0,5.E-1);
#8962=ORIENTED_EDGE('',*,*,#8947,.T.);
#8963=ORIENTED_EDGE('',*,*,#8945,.T.);
#8965=ORIENTED_EDGE('',*,*,#8964,.T.);
#8967=ORIENTED_EDGE('',*,*,#8966,.F.);
#8969=ORIENTED_EDGE('',*,*,#8968,.F.);
#8971=ORIENTED_EDGE('',*,*,#8970,.F.);
#8972=EDGE_LOOP('',(#8962,#8963,#8965,#8967,#8969,#8971));
#8973=FACE_OUTER_BOUND('',#8972,.F.);
#8974=ADVANCED_FACE('',(#8973),#8961,.T.);
#8975=CARTESIAN_POINT('',(2.4E1,1.985026822997E1,7.977308798785E0));
#8976=DIRECTION('',(0.E0,9.979482148809E-1,6.402624786719E-2));
#8977=DIRECTION('',(9.951641131245E-1,6.289055544076E-3,-9.802466898445E-2));
#8978=AXIS2_PLACEMENT_3D('',#8975,#8976,#8977);
#8979=TOROIDAL_SURFACE('',#8978,2.05E0,5.E-1);
#8981=ORIENTED_EDGE('',*,*,#8980,.T.);
#8983=ORIENTED_EDGE('',*,*,#8982,.T.);
#8984=ORIENTED_EDGE('',*,*,#8970,.T.);
#8986=ORIENTED_EDGE('',*,*,#8985,.F.);
#8988=ORIENTED_EDGE('',*,*,#8987,.F.);
#8989=ORIENTED_EDGE('',*,*,#8964,.F.);
#8990=EDGE_LOOP('',(#8981,#8983,#8984,#8986,#8988,#8989));
#8991=FACE_OUTER_BOUND('',#8990,.F.);
#8992=ADVANCED_FACE('',(#8991),#8979,.T.);
#8993=CARTESIAN_POINT('',(2.4E1,1.855293555063E1,7.894074676558E0));
#8994=DIRECTION('',(0.E0,9.979482148809E-1,6.402624786719E-2));
#8995=DIRECTION('',(1.E0,0.E0,0.E0));
#8996=AXIS2_PLACEMENT_3D('',#8993,#8994,#8995);
#8997=CYLINDRICAL_SURFACE('',#8996,2.55E0);
#8998=ORIENTED_EDGE('',*,*,#8982,.F.);
#8999=ORIENTED_EDGE('',*,*,#8980,.F.);
#9000=ORIENTED_EDGE('',*,*,#8952,.F.);
#9001=ORIENTED_EDGE('',*,*,#7427,.F.);
#9002=ORIENTED_EDGE('',*,*,#8949,.F.);
#9003=EDGE_LOOP('',(#8998,#8999,#9000,#9001,#9002));
#9004=FACE_OUTER_BOUND('',#9003,.F.);
#9005=ADVANCED_FACE('',(#9004),#8997,.T.);
#9006=CARTESIAN_POINT('',(2.4E1,2.034924233741E1,8.009321922719E0));
#9007=DIRECTION('',(0.E0,9.979482148809E-1,6.402624786721E-2));
#9008=DIRECTION('',(1.E0,0.E0,0.E0));
#9009=AXIS2_PLACEMENT_3D('',#9006,#9007,#9008);
#9010=PLANE('',#9009);
#9011=ORIENTED_EDGE('',*,*,#8968,.T.);
#9012=ORIENTED_EDGE('',*,*,#8966,.T.);
#9013=ORIENTED_EDGE('',*,*,#8987,.T.);
#9014=ORIENTED_EDGE('',*,*,#8985,.T.);
#9015=EDGE_LOOP('',(#9011,#9012,#9013,#9014));
#9016=FACE_OUTER_BOUND('',#9015,.F.);
#9017=ADVANCED_FACE('',(#9016),#9010,.T.);
#9018=CARTESIAN_POINT('',(1.6E1,1.855293555063E1,7.894074676558E0));
#9019=DIRECTION('',(0.E0,9.979482148809E-1,6.402624786719E-2));
#9020=DIRECTION('',(1.E0,0.E0,0.E0));
#9021=AXIS2_PLACEMENT_3D('',#9018,#9019,#9020);
#9022=CYLINDRICAL_SURFACE('',#9021,2.55E0);
#9024=ORIENTED_EDGE('',*,*,#9023,.F.);
#9026=ORIENTED_EDGE('',*,*,#9025,.F.);
#9028=ORIENTED_EDGE('',*,*,#9027,.T.);
#9029=ORIENTED_EDGE('',*,*,#7431,.F.);
#9031=ORIENTED_EDGE('',*,*,#9030,.T.);
#9032=EDGE_LOOP('',(#9024,#9026,#9028,#9029,#9031));
#9033=FACE_OUTER_BOUND('',#9032,.F.);
#9034=ADVANCED_FACE('',(#9033),#9022,.T.);
#9035=CARTESIAN_POINT('',(1.6E1,1.985026822997E1,7.977308798785E0));
#9036=DIRECTION('',(0.E0,9.979482148809E-1,6.402624786719E-2));
#9037=DIRECTION('',(-9.951641129308E-1,-6.289055669722E-3,9.802467094283E-2));
#9038=AXIS2_PLACEMENT_3D('',#9035,#9036,#9037);
#9039=TOROIDAL_SURFACE('',#9038,2.05E0,5.E-1);
#9040=ORIENTED_EDGE('',*,*,#9025,.T.);
#9041=ORIENTED_EDGE('',*,*,#9023,.T.);
#9043=ORIENTED_EDGE('',*,*,#9042,.T.);
#9045=ORIENTED_EDGE('',*,*,#9044,.F.);
#9047=ORIENTED_EDGE('',*,*,#9046,.F.);
#9049=ORIENTED_EDGE('',*,*,#9048,.F.);
#9050=EDGE_LOOP('',(#9040,#9041,#9043,#9045,#9047,#9049));
#9051=FACE_OUTER_BOUND('',#9050,.F.);
#9052=ADVANCED_FACE('',(#9051),#9039,.T.);
#9053=CARTESIAN_POINT('',(1.6E1,1.985026822997E1,7.977308798785E0));
#9054=DIRECTION('',(0.E0,9.979482148809E-1,6.402624786719E-2));
#9055=DIRECTION('',(9.951641131245E-1,6.289055544076E-3,-9.802466898445E-2));
#9056=AXIS2_PLACEMENT_3D('',#9053,#9054,#9055);
#9057=TOROIDAL_SURFACE('',#9056,2.05E0,5.E-1);
#9059=ORIENTED_EDGE('',*,*,#9058,.T.);
#9061=ORIENTED_EDGE('',*,*,#9060,.T.);
#9062=ORIENTED_EDGE('',*,*,#9048,.T.);
#9064=ORIENTED_EDGE('',*,*,#9063,.F.);
#9066=ORIENTED_EDGE('',*,*,#9065,.F.);
#9067=ORIENTED_EDGE('',*,*,#9042,.F.);
#9068=EDGE_LOOP('',(#9059,#9061,#9062,#9064,#9066,#9067));
#9069=FACE_OUTER_BOUND('',#9068,.F.);
#9070=ADVANCED_FACE('',(#9069),#9057,.T.);
#9071=CARTESIAN_POINT('',(1.6E1,1.855293555063E1,7.894074676558E0));
#9072=DIRECTION('',(0.E0,9.979482148809E-1,6.402624786719E-2));
#9073=DIRECTION('',(1.E0,0.E0,0.E0));
#9074=AXIS2_PLACEMENT_3D('',#9071,#9072,#9073);
#9075=CYLINDRICAL_SURFACE('',#9074,2.55E0);
#9076=ORIENTED_EDGE('',*,*,#9060,.F.);
#9077=ORIENTED_EDGE('',*,*,#9058,.F.);
#9078=ORIENTED_EDGE('',*,*,#9030,.F.);
#9079=ORIENTED_EDGE('',*,*,#7433,.F.);
#9080=ORIENTED_EDGE('',*,*,#9027,.F.);
#9081=EDGE_LOOP('',(#9076,#9077,#9078,#9079,#9080));
#9082=FACE_OUTER_BOUND('',#9081,.F.);
#9083=ADVANCED_FACE('',(#9082),#9075,.T.);
#9084=CARTESIAN_POINT('',(1.6E1,2.034924233741E1,8.009321922719E0));
#9085=DIRECTION('',(0.E0,9.979482148809E-1,6.402624786721E-2));
#9086=DIRECTION('',(1.E0,0.E0,0.E0));
#9087=AXIS2_PLACEMENT_3D('',#9084,#9085,#9086);
#9088=PLANE('',#9087);
#9089=ORIENTED_EDGE('',*,*,#9046,.T.);
#9090=ORIENTED_EDGE('',*,*,#9044,.T.);
#9091=ORIENTED_EDGE('',*,*,#9065,.T.);
#9092=ORIENTED_EDGE('',*,*,#9063,.T.);
#9093=EDGE_LOOP('',(#9089,#9090,#9091,#9092));
#9094=FACE_OUTER_BOUND('',#9093,.F.);
#9095=ADVANCED_FACE('',(#9094),#9088,.T.);
#9096=CARTESIAN_POINT('',(7.999999999999E0,1.855293555063E1,7.894074676558E0));
#9097=DIRECTION('',(0.E0,9.979482148809E-1,6.402624786719E-2));
#9098=DIRECTION('',(1.E0,0.E0,0.E0));
#9099=AXIS2_PLACEMENT_3D('',#9096,#9097,#9098);
#9100=CYLINDRICAL_SURFACE('',#9099,2.55E0);
#9102=ORIENTED_EDGE('',*,*,#9101,.F.);
#9104=ORIENTED_EDGE('',*,*,#9103,.F.);
#9106=ORIENTED_EDGE('',*,*,#9105,.T.);
#9107=ORIENTED_EDGE('',*,*,#7437,.F.);
#9109=ORIENTED_EDGE('',*,*,#9108,.T.);
#9110=EDGE_LOOP('',(#9102,#9104,#9106,#9107,#9109));
#9111=FACE_OUTER_BOUND('',#9110,.F.);
#9112=ADVANCED_FACE('',(#9111),#9100,.T.);
#9113=CARTESIAN_POINT('',(7.999999999999E0,1.985026822997E1,7.977308798785E0));
#9114=DIRECTION('',(0.E0,9.979482148809E-1,6.402624786719E-2));
#9115=DIRECTION('',(-9.951641129308E-1,-6.289055669722E-3,9.802467094283E-2));
#9116=AXIS2_PLACEMENT_3D('',#9113,#9114,#9115);
#9117=TOROIDAL_SURFACE('',#9116,2.05E0,5.E-1);
#9118=ORIENTED_EDGE('',*,*,#9103,.T.);
#9119=ORIENTED_EDGE('',*,*,#9101,.T.);
#9121=ORIENTED_EDGE('',*,*,#9120,.T.);
#9123=ORIENTED_EDGE('',*,*,#9122,.F.);
#9125=ORIENTED_EDGE('',*,*,#9124,.F.);
#9127=ORIENTED_EDGE('',*,*,#9126,.F.);
#9128=EDGE_LOOP('',(#9118,#9119,#9121,#9123,#9125,#9127));
#9129=FACE_OUTER_BOUND('',#9128,.F.);
#9130=ADVANCED_FACE('',(#9129),#9117,.T.);
#9131=CARTESIAN_POINT('',(7.999999999999E0,1.985026822997E1,7.977308798785E0));
#9132=DIRECTION('',(0.E0,9.979482148809E-1,6.402624786719E-2));
#9133=DIRECTION('',(9.951641131245E-1,6.289055544076E-3,-9.802466898445E-2));
#9134=AXIS2_PLACEMENT_3D('',#9131,#9132,#9133);
#9135=TOROIDAL_SURFACE('',#9134,2.05E0,5.E-1);
#9137=ORIENTED_EDGE('',*,*,#9136,.T.);
#9139=ORIENTED_EDGE('',*,*,#9138,.T.);
#9140=ORIENTED_EDGE('',*,*,#9126,.T.);
#9142=ORIENTED_EDGE('',*,*,#9141,.F.);
#9144=ORIENTED_EDGE('',*,*,#9143,.F.);
#9145=ORIENTED_EDGE('',*,*,#9120,.F.);
#9146=EDGE_LOOP('',(#9137,#9139,#9140,#9142,#9144,#9145));
#9147=FACE_OUTER_BOUND('',#9146,.F.);
#9148=ADVANCED_FACE('',(#9147),#9135,.T.);
#9149=CARTESIAN_POINT('',(7.999999999999E0,1.855293555063E1,7.894074676558E0));
#9150=DIRECTION('',(0.E0,9.979482148809E-1,6.402624786719E-2));
#9151=DIRECTION('',(1.E0,0.E0,0.E0));
#9152=AXIS2_PLACEMENT_3D('',#9149,#9150,#9151);
#9153=CYLINDRICAL_SURFACE('',#9152,2.55E0);
#9154=ORIENTED_EDGE('',*,*,#9138,.F.);
#9155=ORIENTED_EDGE('',*,*,#9136,.F.);
#9156=ORIENTED_EDGE('',*,*,#9108,.F.);
#9157=ORIENTED_EDGE('',*,*,#7439,.F.);
#9158=ORIENTED_EDGE('',*,*,#9105,.F.);
#9159=EDGE_LOOP('',(#9154,#9155,#9156,#9157,#9158));
#9160=FACE_OUTER_BOUND('',#9159,.F.);
#9161=ADVANCED_FACE('',(#9160),#9153,.T.);
#9162=CARTESIAN_POINT('',(7.999999999999E0,2.034924233741E1,8.009321922719E0));
#9163=DIRECTION('',(0.E0,9.979482148809E-1,6.402624786721E-2));
#9164=DIRECTION('',(1.E0,0.E0,0.E0));
#9165=AXIS2_PLACEMENT_3D('',#9162,#9163,#9164);
#9166=PLANE('',#9165);
#9167=ORIENTED_EDGE('',*,*,#9124,.T.);
#9168=ORIENTED_EDGE('',*,*,#9122,.T.);
#9169=ORIENTED_EDGE('',*,*,#9143,.T.);
#9170=ORIENTED_EDGE('',*,*,#9141,.T.);
#9171=EDGE_LOOP('',(#9167,#9168,#9169,#9170));
#9172=FACE_OUTER_BOUND('',#9171,.F.);
#9173=ADVANCED_FACE('',(#9172),#9166,.T.);
#9174=CARTESIAN_POINT('',(-8.000000000001E0,1.855293555063E1,7.894074676558E0));
#9175=DIRECTION('',(0.E0,9.979482148809E-1,6.402624786719E-2));
#9176=DIRECTION('',(1.E0,0.E0,0.E0));
#9177=AXIS2_PLACEMENT_3D('',#9174,#9175,#9176);
#9178=CYLINDRICAL_SURFACE('',#9177,2.55E0);
#9180=ORIENTED_EDGE('',*,*,#9179,.F.);
#9182=ORIENTED_EDGE('',*,*,#9181,.F.);
#9184=ORIENTED_EDGE('',*,*,#9183,.T.);
#9185=ORIENTED_EDGE('',*,*,#7443,.F.);
#9187=ORIENTED_EDGE('',*,*,#9186,.T.);
#9188=EDGE_LOOP('',(#9180,#9182,#9184,#9185,#9187));
#9189=FACE_OUTER_BOUND('',#9188,.F.);
#9190=ADVANCED_FACE('',(#9189),#9178,.T.);
#9191=CARTESIAN_POINT('',(-8.000000000001E0,1.985026822997E1,7.977308798785E0));
#9192=DIRECTION('',(0.E0,9.979482148809E-1,6.402624786719E-2));
#9193=DIRECTION('',(-9.951641129308E-1,-6.289055669722E-3,9.802467094283E-2));
#9194=AXIS2_PLACEMENT_3D('',#9191,#9192,#9193);
#9195=TOROIDAL_SURFACE('',#9194,2.05E0,5.E-1);
#9196=ORIENTED_EDGE('',*,*,#9181,.T.);
#9197=ORIENTED_EDGE('',*,*,#9179,.T.);
#9199=ORIENTED_EDGE('',*,*,#9198,.T.);
#9201=ORIENTED_EDGE('',*,*,#9200,.F.);
#9203=ORIENTED_EDGE('',*,*,#9202,.F.);
#9205=ORIENTED_EDGE('',*,*,#9204,.F.);
#9206=EDGE_LOOP('',(#9196,#9197,#9199,#9201,#9203,#9205));
#9207=FACE_OUTER_BOUND('',#9206,.F.);
#9208=ADVANCED_FACE('',(#9207),#9195,.T.);
#9209=CARTESIAN_POINT('',(-8.000000000001E0,1.985026822997E1,7.977308798785E0));
#9210=DIRECTION('',(0.E0,9.979482148809E-1,6.402624786719E-2));
#9211=DIRECTION('',(9.951641131245E-1,6.289055544076E-3,-9.802466898445E-2));
#9212=AXIS2_PLACEMENT_3D('',#9209,#9210,#9211);
#9213=TOROIDAL_SURFACE('',#9212,2.05E0,5.E-1);
#9215=ORIENTED_EDGE('',*,*,#9214,.T.);
#9217=ORIENTED_EDGE('',*,*,#9216,.T.);
#9218=ORIENTED_EDGE('',*,*,#9204,.T.);
#9220=ORIENTED_EDGE('',*,*,#9219,.F.);
#9222=ORIENTED_EDGE('',*,*,#9221,.F.);
#9223=ORIENTED_EDGE('',*,*,#9198,.F.);
#9224=EDGE_LOOP('',(#9215,#9217,#9218,#9220,#9222,#9223));
#9225=FACE_OUTER_BOUND('',#9224,.F.);
#9226=ADVANCED_FACE('',(#9225),#9213,.T.);
#9227=CARTESIAN_POINT('',(-8.000000000001E0,1.855293555063E1,7.894074676558E0));
#9228=DIRECTION('',(0.E0,9.979482148809E-1,6.402624786719E-2));
#9229=DIRECTION('',(1.E0,0.E0,0.E0));
#9230=AXIS2_PLACEMENT_3D('',#9227,#9228,#9229);
#9231=CYLINDRICAL_SURFACE('',#9230,2.55E0);
#9232=ORIENTED_EDGE('',*,*,#9216,.F.);
#9233=ORIENTED_EDGE('',*,*,#9214,.F.);
#9234=ORIENTED_EDGE('',*,*,#9186,.F.);
#9235=ORIENTED_EDGE('',*,*,#7445,.F.);
#9236=ORIENTED_EDGE('',*,*,#9183,.F.);
#9237=EDGE_LOOP('',(#9232,#9233,#9234,#9235,#9236));
#9238=FACE_OUTER_BOUND('',#9237,.F.);
#9239=ADVANCED_FACE('',(#9238),#9231,.T.);
#9240=CARTESIAN_POINT('',(-8.000000000001E0,2.034924233741E1,8.009321922719E0));
#9241=DIRECTION('',(0.E0,9.979482148809E-1,6.402624786721E-2));
#9242=DIRECTION('',(1.E0,0.E0,0.E0));
#9243=AXIS2_PLACEMENT_3D('',#9240,#9241,#9242);
#9244=PLANE('',#9243);
#9245=ORIENTED_EDGE('',*,*,#9202,.T.);
#9246=ORIENTED_EDGE('',*,*,#9200,.T.);
#9247=ORIENTED_EDGE('',*,*,#9221,.T.);
#9248=ORIENTED_EDGE('',*,*,#9219,.T.);
#9249=EDGE_LOOP('',(#9245,#9246,#9247,#9248));
#9250=FACE_OUTER_BOUND('',#9249,.F.);
#9251=ADVANCED_FACE('',(#9250),#9244,.T.);
#9252=CARTESIAN_POINT('',(-1.6E1,1.855293555063E1,7.894074676558E0));
#9253=DIRECTION('',(0.E0,9.979482148809E-1,6.402624786719E-2));
#9254=DIRECTION('',(1.E0,0.E0,0.E0));
#9255=AXIS2_PLACEMENT_3D('',#9252,#9253,#9254);
#9256=CYLINDRICAL_SURFACE('',#9255,2.55E0);
#9258=ORIENTED_EDGE('',*,*,#9257,.F.);
#9260=ORIENTED_EDGE('',*,*,#9259,.F.);
#9262=ORIENTED_EDGE('',*,*,#9261,.T.);
#9263=ORIENTED_EDGE('',*,*,#7449,.F.);
#9265=ORIENTED_EDGE('',*,*,#9264,.T.);
#9266=EDGE_LOOP('',(#9258,#9260,#9262,#9263,#9265));
#9267=FACE_OUTER_BOUND('',#9266,.F.);
#9268=ADVANCED_FACE('',(#9267),#9256,.T.);
#9269=CARTESIAN_POINT('',(-1.6E1,1.985026822997E1,7.977308798785E0));
#9270=DIRECTION('',(0.E0,9.979482148809E-1,6.402624786719E-2));
#9271=DIRECTION('',(-9.951641129308E-1,-6.289055669722E-3,9.802467094283E-2));
#9272=AXIS2_PLACEMENT_3D('',#9269,#9270,#9271);
#9273=TOROIDAL_SURFACE('',#9272,2.05E0,5.E-1);
#9274=ORIENTED_EDGE('',*,*,#9259,.T.);
#9275=ORIENTED_EDGE('',*,*,#9257,.T.);
#9277=ORIENTED_EDGE('',*,*,#9276,.T.);
#9279=ORIENTED_EDGE('',*,*,#9278,.F.);
#9281=ORIENTED_EDGE('',*,*,#9280,.F.);
#9283=ORIENTED_EDGE('',*,*,#9282,.F.);
#9284=EDGE_LOOP('',(#9274,#9275,#9277,#9279,#9281,#9283));
#9285=FACE_OUTER_BOUND('',#9284,.F.);
#9286=ADVANCED_FACE('',(#9285),#9273,.T.);
#9287=CARTESIAN_POINT('',(-1.6E1,1.985026822997E1,7.977308798785E0));
#9288=DIRECTION('',(0.E0,9.979482148809E-1,6.402624786719E-2));
#9289=DIRECTION('',(9.951641131245E-1,6.289055544076E-3,-9.802466898445E-2));
#9290=AXIS2_PLACEMENT_3D('',#9287,#9288,#9289);
#9291=TOROIDAL_SURFACE('',#9290,2.05E0,5.E-1);
#9293=ORIENTED_EDGE('',*,*,#9292,.T.);
#9295=ORIENTED_EDGE('',*,*,#9294,.T.);
#9296=ORIENTED_EDGE('',*,*,#9282,.T.);
#9298=ORIENTED_EDGE('',*,*,#9297,.F.);
#9300=ORIENTED_EDGE('',*,*,#9299,.F.);
#9301=ORIENTED_EDGE('',*,*,#9276,.F.);
#9302=EDGE_LOOP('',(#9293,#9295,#9296,#9298,#9300,#9301));
#9303=FACE_OUTER_BOUND('',#9302,.F.);
#9304=ADVANCED_FACE('',(#9303),#9291,.T.);
#9305=CARTESIAN_POINT('',(-1.6E1,1.855293555063E1,7.894074676558E0));
#9306=DIRECTION('',(0.E0,9.979482148809E-1,6.402624786719E-2));
#9307=DIRECTION('',(1.E0,0.E0,0.E0));
#9308=AXIS2_PLACEMENT_3D('',#9305,#9306,#9307);
#9309=CYLINDRICAL_SURFACE('',#9308,2.55E0);
#9310=ORIENTED_EDGE('',*,*,#9294,.F.);
#9311=ORIENTED_EDGE('',*,*,#9292,.F.);
#9312=ORIENTED_EDGE('',*,*,#9264,.F.);
#9313=ORIENTED_EDGE('',*,*,#7451,.F.);
#9314=ORIENTED_EDGE('',*,*,#9261,.F.);
#9315=EDGE_LOOP('',(#9310,#9311,#9312,#9313,#9314));
#9316=FACE_OUTER_BOUND('',#9315,.F.);
#9317=ADVANCED_FACE('',(#9316),#9309,.T.);
#9318=CARTESIAN_POINT('',(-1.6E1,2.034924233741E1,8.009321922719E0));
#9319=DIRECTION('',(0.E0,9.979482148809E-1,6.402624786721E-2));
#9320=DIRECTION('',(1.E0,0.E0,0.E0));
#9321=AXIS2_PLACEMENT_3D('',#9318,#9319,#9320);
#9322=PLANE('',#9321);
#9323=ORIENTED_EDGE('',*,*,#9280,.T.);
#9324=ORIENTED_EDGE('',*,*,#9278,.T.);
#9325=ORIENTED_EDGE('',*,*,#9299,.T.);
#9326=ORIENTED_EDGE('',*,*,#9297,.T.);
#9327=EDGE_LOOP('',(#9323,#9324,#9325,#9326));
#9328=FACE_OUTER_BOUND('',#9327,.F.);
#9329=ADVANCED_FACE('',(#9328),#9322,.T.);
#9330=CARTESIAN_POINT('',(-2.4E1,1.855293555063E1,7.894074676558E0));
#9331=DIRECTION('',(0.E0,9.979482148809E-1,6.402624786719E-2));
#9332=DIRECTION('',(1.E0,0.E0,0.E0));
#9333=AXIS2_PLACEMENT_3D('',#9330,#9331,#9332);
#9334=CYLINDRICAL_SURFACE('',#9333,2.55E0);
#9336=ORIENTED_EDGE('',*,*,#9335,.F.);
#9338=ORIENTED_EDGE('',*,*,#9337,.F.);
#9340=ORIENTED_EDGE('',*,*,#9339,.T.);
#9341=ORIENTED_EDGE('',*,*,#7455,.F.);
#9343=ORIENTED_EDGE('',*,*,#9342,.T.);
#9344=EDGE_LOOP('',(#9336,#9338,#9340,#9341,#9343));
#9345=FACE_OUTER_BOUND('',#9344,.F.);
#9346=ADVANCED_FACE('',(#9345),#9334,.T.);
#9347=CARTESIAN_POINT('',(-2.4E1,1.985026822997E1,7.977308798785E0));
#9348=DIRECTION('',(0.E0,9.979482148809E-1,6.402624786719E-2));
#9349=DIRECTION('',(-9.951641129308E-1,-6.289055669722E-3,9.802467094283E-2));
#9350=AXIS2_PLACEMENT_3D('',#9347,#9348,#9349);
#9351=TOROIDAL_SURFACE('',#9350,2.05E0,5.E-1);
#9352=ORIENTED_EDGE('',*,*,#9337,.T.);
#9353=ORIENTED_EDGE('',*,*,#9335,.T.);
#9355=ORIENTED_EDGE('',*,*,#9354,.T.);
#9357=ORIENTED_EDGE('',*,*,#9356,.F.);
#9359=ORIENTED_EDGE('',*,*,#9358,.F.);
#9361=ORIENTED_EDGE('',*,*,#9360,.F.);
#9362=EDGE_LOOP('',(#9352,#9353,#9355,#9357,#9359,#9361));
#9363=FACE_OUTER_BOUND('',#9362,.F.);
#9364=ADVANCED_FACE('',(#9363),#9351,.T.);
#9365=CARTESIAN_POINT('',(-2.4E1,1.985026822997E1,7.977308798785E0));
#9366=DIRECTION('',(0.E0,9.979482148809E-1,6.402624786719E-2));
#9367=DIRECTION('',(9.951641131245E-1,6.289055544076E-3,-9.802466898445E-2));
#9368=AXIS2_PLACEMENT_3D('',#9365,#9366,#9367);
#9369=TOROIDAL_SURFACE('',#9368,2.05E0,5.E-1);
#9371=ORIENTED_EDGE('',*,*,#9370,.T.);
#9373=ORIENTED_EDGE('',*,*,#9372,.T.);
#9374=ORIENTED_EDGE('',*,*,#9360,.T.);
#9376=ORIENTED_EDGE('',*,*,#9375,.F.);
#9378=ORIENTED_EDGE('',*,*,#9377,.F.);
#9379=ORIENTED_EDGE('',*,*,#9354,.F.);
#9380=EDGE_LOOP('',(#9371,#9373,#9374,#9376,#9378,#9379));
#9381=FACE_OUTER_BOUND('',#9380,.F.);
#9382=ADVANCED_FACE('',(#9381),#9369,.T.);
#9383=CARTESIAN_POINT('',(-2.4E1,1.855293555063E1,7.894074676558E0));
#9384=DIRECTION('',(0.E0,9.979482148809E-1,6.402624786719E-2));
#9385=DIRECTION('',(1.E0,0.E0,0.E0));
#9386=AXIS2_PLACEMENT_3D('',#9383,#9384,#9385);
#9387=CYLINDRICAL_SURFACE('',#9386,2.55E0);
#9388=ORIENTED_EDGE('',*,*,#9372,.F.);
#9389=ORIENTED_EDGE('',*,*,#9370,.F.);
#9390=ORIENTED_EDGE('',*,*,#9342,.F.);
#9391=ORIENTED_EDGE('',*,*,#7457,.F.);
#9392=ORIENTED_EDGE('',*,*,#9339,.F.);
#9393=EDGE_LOOP('',(#9388,#9389,#9390,#9391,#9392));
#9394=FACE_OUTER_BOUND('',#9393,.F.);
#9395=ADVANCED_FACE('',(#9394),#9387,.T.);
#9396=CARTESIAN_POINT('',(-2.4E1,2.034924233741E1,8.009321922719E0));
#9397=DIRECTION('',(0.E0,9.979482148809E-1,6.402624786721E-2));
#9398=DIRECTION('',(1.E0,0.E0,0.E0));
#9399=AXIS2_PLACEMENT_3D('',#9396,#9397,#9398);
#9400=PLANE('',#9399);
#9401=ORIENTED_EDGE('',*,*,#9358,.T.);
#9402=ORIENTED_EDGE('',*,*,#9356,.T.);
#9403=ORIENTED_EDGE('',*,*,#9377,.T.);
#9404=ORIENTED_EDGE('',*,*,#9375,.T.);
#9405=EDGE_LOOP('',(#9401,#9402,#9403,#9404));
#9406=FACE_OUTER_BOUND('',#9405,.F.);
#9407=ADVANCED_FACE('',(#9406),#9400,.T.);
#9408=CARTESIAN_POINT('',(-3.2E1,1.855293555063E1,7.894074676558E0));
#9409=DIRECTION('',(0.E0,9.979482148809E-1,6.402624786719E-2));
#9410=DIRECTION('',(1.E0,0.E0,0.E0));
#9411=AXIS2_PLACEMENT_3D('',#9408,#9409,#9410);
#9412=CYLINDRICAL_SURFACE('',#9411,2.55E0);
#9414=ORIENTED_EDGE('',*,*,#9413,.F.);
#9416=ORIENTED_EDGE('',*,*,#9415,.F.);
#9418=ORIENTED_EDGE('',*,*,#9417,.T.);
#9419=ORIENTED_EDGE('',*,*,#7461,.F.);
#9421=ORIENTED_EDGE('',*,*,#9420,.T.);
#9422=EDGE_LOOP('',(#9414,#9416,#9418,#9419,#9421));
#9423=FACE_OUTER_BOUND('',#9422,.F.);
#9424=ADVANCED_FACE('',(#9423),#9412,.T.);
#9425=CARTESIAN_POINT('',(-3.2E1,1.985026822997E1,7.977308798785E0));
#9426=DIRECTION('',(0.E0,9.979482148809E-1,6.402624786719E-2));
#9427=DIRECTION('',(-9.951641129308E-1,-6.289055669722E-3,9.802467094283E-2));
#9428=AXIS2_PLACEMENT_3D('',#9425,#9426,#9427);
#9429=TOROIDAL_SURFACE('',#9428,2.05E0,5.E-1);
#9430=ORIENTED_EDGE('',*,*,#9415,.T.);
#9431=ORIENTED_EDGE('',*,*,#9413,.T.);
#9433=ORIENTED_EDGE('',*,*,#9432,.T.);
#9435=ORIENTED_EDGE('',*,*,#9434,.F.);
#9437=ORIENTED_EDGE('',*,*,#9436,.F.);
#9439=ORIENTED_EDGE('',*,*,#9438,.F.);
#9440=EDGE_LOOP('',(#9430,#9431,#9433,#9435,#9437,#9439));
#9441=FACE_OUTER_BOUND('',#9440,.F.);
#9442=ADVANCED_FACE('',(#9441),#9429,.T.);
#9443=CARTESIAN_POINT('',(-3.2E1,1.985026822997E1,7.977308798785E0));
#9444=DIRECTION('',(0.E0,9.979482148809E-1,6.402624786719E-2));
#9445=DIRECTION('',(9.951641131245E-1,6.289055544076E-3,-9.802466898445E-2));
#9446=AXIS2_PLACEMENT_3D('',#9443,#9444,#9445);
#9447=TOROIDAL_SURFACE('',#9446,2.05E0,5.E-1);
#9449=ORIENTED_EDGE('',*,*,#9448,.T.);
#9451=ORIENTED_EDGE('',*,*,#9450,.T.);
#9452=ORIENTED_EDGE('',*,*,#9438,.T.);
#9454=ORIENTED_EDGE('',*,*,#9453,.F.);
#9456=ORIENTED_EDGE('',*,*,#9455,.F.);
#9457=ORIENTED_EDGE('',*,*,#9432,.F.);
#9458=EDGE_LOOP('',(#9449,#9451,#9452,#9454,#9456,#9457));
#9459=FACE_OUTER_BOUND('',#9458,.F.);
#9460=ADVANCED_FACE('',(#9459),#9447,.T.);
#9461=CARTESIAN_POINT('',(-3.2E1,1.855293555063E1,7.894074676558E0));
#9462=DIRECTION('',(0.E0,9.979482148809E-1,6.402624786719E-2));
#9463=DIRECTION('',(1.E0,0.E0,0.E0));
#9464=AXIS2_PLACEMENT_3D('',#9461,#9462,#9463);
#9465=CYLINDRICAL_SURFACE('',#9464,2.55E0);
#9466=ORIENTED_EDGE('',*,*,#9450,.F.);
#9467=ORIENTED_EDGE('',*,*,#9448,.F.);
#9468=ORIENTED_EDGE('',*,*,#9420,.F.);
#9469=ORIENTED_EDGE('',*,*,#7463,.F.);
#9470=ORIENTED_EDGE('',*,*,#9417,.F.);
#9471=EDGE_LOOP('',(#9466,#9467,#9468,#9469,#9470));
#9472=FACE_OUTER_BOUND('',#9471,.F.);
#9473=ADVANCED_FACE('',(#9472),#9465,.T.);
#9474=CARTESIAN_POINT('',(-3.2E1,2.034924233741E1,8.009321922719E0));
#9475=DIRECTION('',(0.E0,9.979482148809E-1,6.402624786721E-2));
#9476=DIRECTION('',(1.E0,0.E0,0.E0));
#9477=AXIS2_PLACEMENT_3D('',#9474,#9475,#9476);
#9478=PLANE('',#9477);
#9479=ORIENTED_EDGE('',*,*,#9436,.T.);
#9480=ORIENTED_EDGE('',*,*,#9434,.T.);
#9481=ORIENTED_EDGE('',*,*,#9455,.T.);
#9482=ORIENTED_EDGE('',*,*,#9453,.T.);
#9483=EDGE_LOOP('',(#9479,#9480,#9481,#9482));
#9484=FACE_OUTER_BOUND('',#9483,.F.);
#9485=ADVANCED_FACE('',(#9484),#9478,.T.);
#9486=CARTESIAN_POINT('',(-4.E1,1.855293555063E1,7.894074676558E0));
#9487=DIRECTION('',(0.E0,9.979482148809E-1,6.402624786719E-2));
#9488=DIRECTION('',(1.E0,0.E0,0.E0));
#9489=AXIS2_PLACEMENT_3D('',#9486,#9487,#9488);
#9490=CYLINDRICAL_SURFACE('',#9489,2.55E0);
#9492=ORIENTED_EDGE('',*,*,#9491,.F.);
#9494=ORIENTED_EDGE('',*,*,#9493,.F.);
#9496=ORIENTED_EDGE('',*,*,#9495,.T.);
#9497=ORIENTED_EDGE('',*,*,#7467,.F.);
#9499=ORIENTED_EDGE('',*,*,#9498,.T.);
#9500=EDGE_LOOP('',(#9492,#9494,#9496,#9497,#9499));
#9501=FACE_OUTER_BOUND('',#9500,.F.);
#9502=ADVANCED_FACE('',(#9501),#9490,.T.);
#9503=CARTESIAN_POINT('',(-4.E1,1.985026822997E1,7.977308798785E0));
#9504=DIRECTION('',(0.E0,9.979482148809E-1,6.402624786719E-2));
#9505=DIRECTION('',(-9.951641129308E-1,-6.289055669722E-3,9.802467094283E-2));
#9506=AXIS2_PLACEMENT_3D('',#9503,#9504,#9505);
#9507=TOROIDAL_SURFACE('',#9506,2.05E0,5.E-1);
#9508=ORIENTED_EDGE('',*,*,#9493,.T.);
#9509=ORIENTED_EDGE('',*,*,#9491,.T.);
#9511=ORIENTED_EDGE('',*,*,#9510,.T.);
#9513=ORIENTED_EDGE('',*,*,#9512,.F.);
#9515=ORIENTED_EDGE('',*,*,#9514,.F.);
#9517=ORIENTED_EDGE('',*,*,#9516,.F.);
#9518=EDGE_LOOP('',(#9508,#9509,#9511,#9513,#9515,#9517));
#9519=FACE_OUTER_BOUND('',#9518,.F.);
#9520=ADVANCED_FACE('',(#9519),#9507,.T.);
#9521=CARTESIAN_POINT('',(-4.E1,1.985026822997E1,7.977308798785E0));
#9522=DIRECTION('',(0.E0,9.979482148809E-1,6.402624786719E-2));
#9523=DIRECTION('',(9.951641131245E-1,6.289055544076E-3,-9.802466898445E-2));
#9524=AXIS2_PLACEMENT_3D('',#9521,#9522,#9523);
#9525=TOROIDAL_SURFACE('',#9524,2.05E0,5.E-1);
#9527=ORIENTED_EDGE('',*,*,#9526,.T.);
#9529=ORIENTED_EDGE('',*,*,#9528,.T.);
#9530=ORIENTED_EDGE('',*,*,#9516,.T.);
#9532=ORIENTED_EDGE('',*,*,#9531,.F.);
#9534=ORIENTED_EDGE('',*,*,#9533,.F.);
#9535=ORIENTED_EDGE('',*,*,#9510,.F.);
#9536=EDGE_LOOP('',(#9527,#9529,#9530,#9532,#9534,#9535));
#9537=FACE_OUTER_BOUND('',#9536,.F.);
#9538=ADVANCED_FACE('',(#9537),#9525,.T.);
#9539=CARTESIAN_POINT('',(-4.E1,1.855293555063E1,7.894074676558E0));
#9540=DIRECTION('',(0.E0,9.979482148809E-1,6.402624786719E-2));
#9541=DIRECTION('',(1.E0,0.E0,0.E0));
#9542=AXIS2_PLACEMENT_3D('',#9539,#9540,#9541);
#9543=CYLINDRICAL_SURFACE('',#9542,2.55E0);
#9544=ORIENTED_EDGE('',*,*,#9528,.F.);
#9545=ORIENTED_EDGE('',*,*,#9526,.F.);
#9546=ORIENTED_EDGE('',*,*,#9498,.F.);
#9547=ORIENTED_EDGE('',*,*,#7469,.F.);
#9548=ORIENTED_EDGE('',*,*,#9495,.F.);
#9549=EDGE_LOOP('',(#9544,#9545,#9546,#9547,#9548));
#9550=FACE_OUTER_BOUND('',#9549,.F.);
#9551=ADVANCED_FACE('',(#9550),#9543,.T.);
#9552=CARTESIAN_POINT('',(-4.E1,2.034924233741E1,8.009321922719E0));
#9553=DIRECTION('',(0.E0,9.979482148809E-1,6.402624786721E-2));
#9554=DIRECTION('',(1.E0,0.E0,0.E0));
#9555=AXIS2_PLACEMENT_3D('',#9552,#9553,#9554);
#9556=PLANE('',#9555);
#9557=ORIENTED_EDGE('',*,*,#9514,.T.);
#9558=ORIENTED_EDGE('',*,*,#9512,.T.);
#9559=ORIENTED_EDGE('',*,*,#9533,.T.);
#9560=ORIENTED_EDGE('',*,*,#9531,.T.);
#9561=EDGE_LOOP('',(#9557,#9558,#9559,#9560));
#9562=FACE_OUTER_BOUND('',#9561,.F.);
#9563=ADVANCED_FACE('',(#9562),#9556,.T.);
#9564=CARTESIAN_POINT('',(-4.8E1,1.855293555063E1,7.894074676558E0));
#9565=DIRECTION('',(0.E0,9.979482148809E-1,6.402624786719E-2));
#9566=DIRECTION('',(1.E0,0.E0,0.E0));
#9567=AXIS2_PLACEMENT_3D('',#9564,#9565,#9566);
#9568=CYLINDRICAL_SURFACE('',#9567,2.55E0);
#9570=ORIENTED_EDGE('',*,*,#9569,.F.);
#9572=ORIENTED_EDGE('',*,*,#9571,.F.);
#9574=ORIENTED_EDGE('',*,*,#9573,.T.);
#9575=ORIENTED_EDGE('',*,*,#7473,.F.);
#9577=ORIENTED_EDGE('',*,*,#9576,.T.);
#9578=EDGE_LOOP('',(#9570,#9572,#9574,#9575,#9577));
#9579=FACE_OUTER_BOUND('',#9578,.F.);
#9580=ADVANCED_FACE('',(#9579),#9568,.T.);
#9581=CARTESIAN_POINT('',(-4.8E1,1.985026822997E1,7.977308798785E0));
#9582=DIRECTION('',(0.E0,9.979482148809E-1,6.402624786719E-2));
#9583=DIRECTION('',(-9.951641129308E-1,-6.289055669722E-3,9.802467094283E-2));
#9584=AXIS2_PLACEMENT_3D('',#9581,#9582,#9583);
#9585=TOROIDAL_SURFACE('',#9584,2.05E0,5.E-1);
#9586=ORIENTED_EDGE('',*,*,#9571,.T.);
#9587=ORIENTED_EDGE('',*,*,#9569,.T.);
#9589=ORIENTED_EDGE('',*,*,#9588,.T.);
#9591=ORIENTED_EDGE('',*,*,#9590,.F.);
#9593=ORIENTED_EDGE('',*,*,#9592,.F.);
#9595=ORIENTED_EDGE('',*,*,#9594,.F.);
#9596=EDGE_LOOP('',(#9586,#9587,#9589,#9591,#9593,#9595));
#9597=FACE_OUTER_BOUND('',#9596,.F.);
#9598=ADVANCED_FACE('',(#9597),#9585,.T.);
#9599=CARTESIAN_POINT('',(-4.8E1,1.985026822997E1,7.977308798785E0));
#9600=DIRECTION('',(0.E0,9.979482148809E-1,6.402624786719E-2));
#9601=DIRECTION('',(9.951641131245E-1,6.289055544076E-3,-9.802466898445E-2));
#9602=AXIS2_PLACEMENT_3D('',#9599,#9600,#9601);
#9603=TOROIDAL_SURFACE('',#9602,2.05E0,5.E-1);
#9605=ORIENTED_EDGE('',*,*,#9604,.T.);
#9607=ORIENTED_EDGE('',*,*,#9606,.T.);
#9608=ORIENTED_EDGE('',*,*,#9594,.T.);
#9610=ORIENTED_EDGE('',*,*,#9609,.F.);
#9612=ORIENTED_EDGE('',*,*,#9611,.F.);
#9613=ORIENTED_EDGE('',*,*,#9588,.F.);
#9614=EDGE_LOOP('',(#9605,#9607,#9608,#9610,#9612,#9613));
#9615=FACE_OUTER_BOUND('',#9614,.F.);
#9616=ADVANCED_FACE('',(#9615),#9603,.T.);
#9617=CARTESIAN_POINT('',(-4.8E1,1.855293555063E1,7.894074676558E0));
#9618=DIRECTION('',(0.E0,9.979482148809E-1,6.402624786719E-2));
#9619=DIRECTION('',(1.E0,0.E0,0.E0));
#9620=AXIS2_PLACEMENT_3D('',#9617,#9618,#9619);
#9621=CYLINDRICAL_SURFACE('',#9620,2.55E0);
#9622=ORIENTED_EDGE('',*,*,#9606,.F.);
#9623=ORIENTED_EDGE('',*,*,#9604,.F.);
#9624=ORIENTED_EDGE('',*,*,#9576,.F.);
#9625=ORIENTED_EDGE('',*,*,#7475,.F.);
#9626=ORIENTED_EDGE('',*,*,#9573,.F.);
#9627=EDGE_LOOP('',(#9622,#9623,#9624,#9625,#9626));
#9628=FACE_OUTER_BOUND('',#9627,.F.);
#9629=ADVANCED_FACE('',(#9628),#9621,.T.);
#9630=CARTESIAN_POINT('',(-4.8E1,2.034924233741E1,8.009321922719E0));
#9631=DIRECTION('',(0.E0,9.979482148809E-1,6.402624786721E-2));
#9632=DIRECTION('',(1.E0,0.E0,0.E0));
#9633=AXIS2_PLACEMENT_3D('',#9630,#9631,#9632);
#9634=PLANE('',#9633);
#9635=ORIENTED_EDGE('',*,*,#9592,.T.);
#9636=ORIENTED_EDGE('',*,*,#9590,.T.);
#9637=ORIENTED_EDGE('',*,*,#9611,.T.);
#9638=ORIENTED_EDGE('',*,*,#9609,.T.);
#9639=EDGE_LOOP('',(#9635,#9636,#9637,#9638));
#9640=FACE_OUTER_BOUND('',#9639,.F.);
#9641=ADVANCED_FACE('',(#9640),#9634,.T.);
#9642=CARTESIAN_POINT('',(-5.6E1,1.855293555063E1,7.894074676558E0));
#9643=DIRECTION('',(0.E0,9.979482148809E-1,6.402624786719E-2));
#9644=DIRECTION('',(1.E0,0.E0,0.E0));
#9645=AXIS2_PLACEMENT_3D('',#9642,#9643,#9644);
#9646=CYLINDRICAL_SURFACE('',#9645,2.55E0);
#9648=ORIENTED_EDGE('',*,*,#9647,.F.);
#9650=ORIENTED_EDGE('',*,*,#9649,.F.);
#9652=ORIENTED_EDGE('',*,*,#9651,.T.);
#9653=ORIENTED_EDGE('',*,*,#7479,.F.);
#9655=ORIENTED_EDGE('',*,*,#9654,.T.);
#9656=EDGE_LOOP('',(#9648,#9650,#9652,#9653,#9655));
#9657=FACE_OUTER_BOUND('',#9656,.F.);
#9658=ADVANCED_FACE('',(#9657),#9646,.T.);
#9659=CARTESIAN_POINT('',(-5.6E1,1.985026822997E1,7.977308798785E0));
#9660=DIRECTION('',(0.E0,9.979482148809E-1,6.402624786719E-2));
#9661=DIRECTION('',(-9.951641129308E-1,-6.289055669722E-3,9.802467094283E-2));
#9662=AXIS2_PLACEMENT_3D('',#9659,#9660,#9661);
#9663=TOROIDAL_SURFACE('',#9662,2.05E0,5.E-1);
#9664=ORIENTED_EDGE('',*,*,#9649,.T.);
#9665=ORIENTED_EDGE('',*,*,#9647,.T.);
#9667=ORIENTED_EDGE('',*,*,#9666,.T.);
#9669=ORIENTED_EDGE('',*,*,#9668,.F.);
#9671=ORIENTED_EDGE('',*,*,#9670,.F.);
#9673=ORIENTED_EDGE('',*,*,#9672,.F.);
#9674=EDGE_LOOP('',(#9664,#9665,#9667,#9669,#9671,#9673));
#9675=FACE_OUTER_BOUND('',#9674,.F.);
#9676=ADVANCED_FACE('',(#9675),#9663,.T.);
#9677=CARTESIAN_POINT('',(-5.6E1,1.985026822997E1,7.977308798785E0));
#9678=DIRECTION('',(0.E0,9.979482148809E-1,6.402624786719E-2));
#9679=DIRECTION('',(9.951641131245E-1,6.289055544076E-3,-9.802466898445E-2));
#9680=AXIS2_PLACEMENT_3D('',#9677,#9678,#9679);
#9681=TOROIDAL_SURFACE('',#9680,2.05E0,5.E-1);
#9683=ORIENTED_EDGE('',*,*,#9682,.T.);
#9685=ORIENTED_EDGE('',*,*,#9684,.T.);
#9686=ORIENTED_EDGE('',*,*,#9672,.T.);
#9688=ORIENTED_EDGE('',*,*,#9687,.F.);
#9690=ORIENTED_EDGE('',*,*,#9689,.F.);
#9691=ORIENTED_EDGE('',*,*,#9666,.F.);
#9692=EDGE_LOOP('',(#9683,#9685,#9686,#9688,#9690,#9691));
#9693=FACE_OUTER_BOUND('',#9692,.F.);
#9694=ADVANCED_FACE('',(#9693),#9681,.T.);
#9695=CARTESIAN_POINT('',(-5.6E1,1.855293555063E1,7.894074676558E0));
#9696=DIRECTION('',(0.E0,9.979482148809E-1,6.402624786719E-2));
#9697=DIRECTION('',(1.E0,0.E0,0.E0));
#9698=AXIS2_PLACEMENT_3D('',#9695,#9696,#9697);
#9699=CYLINDRICAL_SURFACE('',#9698,2.55E0);
#9700=ORIENTED_EDGE('',*,*,#9684,.F.);
#9701=ORIENTED_EDGE('',*,*,#9682,.F.);
#9702=ORIENTED_EDGE('',*,*,#9654,.F.);
#9703=ORIENTED_EDGE('',*,*,#7481,.F.);
#9704=ORIENTED_EDGE('',*,*,#9651,.F.);
#9705=EDGE_LOOP('',(#9700,#9701,#9702,#9703,#9704));
#9706=FACE_OUTER_BOUND('',#9705,.F.);
#9707=ADVANCED_FACE('',(#9706),#9699,.T.);
#9708=CARTESIAN_POINT('',(-5.6E1,2.034924233741E1,8.009321922719E0));
#9709=DIRECTION('',(0.E0,9.979482148809E-1,6.402624786721E-2));
#9710=DIRECTION('',(1.E0,0.E0,0.E0));
#9711=AXIS2_PLACEMENT_3D('',#9708,#9709,#9710);
#9712=PLANE('',#9711);
#9713=ORIENTED_EDGE('',*,*,#9670,.T.);
#9714=ORIENTED_EDGE('',*,*,#9668,.T.);
#9715=ORIENTED_EDGE('',*,*,#9689,.T.);
#9716=ORIENTED_EDGE('',*,*,#9687,.T.);
#9717=EDGE_LOOP('',(#9713,#9714,#9715,#9716));
#9718=FACE_OUTER_BOUND('',#9717,.F.);
#9719=ADVANCED_FACE('',(#9718),#9712,.T.);
#9720=CARTESIAN_POINT('',(-6.4E1,1.855293555063E1,7.894074676558E0));
#9721=DIRECTION('',(0.E0,9.979482148809E-1,6.402624786719E-2));
#9722=DIRECTION('',(1.E0,0.E0,0.E0));
#9723=AXIS2_PLACEMENT_3D('',#9720,#9721,#9722);
#9724=CYLINDRICAL_SURFACE('',#9723,2.55E0);
#9726=ORIENTED_EDGE('',*,*,#9725,.F.);
#9728=ORIENTED_EDGE('',*,*,#9727,.F.);
#9730=ORIENTED_EDGE('',*,*,#9729,.T.);
#9731=ORIENTED_EDGE('',*,*,#7485,.F.);
#9733=ORIENTED_EDGE('',*,*,#9732,.T.);
#9734=EDGE_LOOP('',(#9726,#9728,#9730,#9731,#9733));
#9735=FACE_OUTER_BOUND('',#9734,.F.);
#9736=ADVANCED_FACE('',(#9735),#9724,.T.);
#9737=CARTESIAN_POINT('',(-6.4E1,1.985026822997E1,7.977308798785E0));
#9738=DIRECTION('',(0.E0,9.979482148809E-1,6.402624786719E-2));
#9739=DIRECTION('',(-9.951641129308E-1,-6.289055669722E-3,9.802467094283E-2));
#9740=AXIS2_PLACEMENT_3D('',#9737,#9738,#9739);
#9741=TOROIDAL_SURFACE('',#9740,2.05E0,5.E-1);
#9742=ORIENTED_EDGE('',*,*,#9727,.T.);
#9743=ORIENTED_EDGE('',*,*,#9725,.T.);
#9745=ORIENTED_EDGE('',*,*,#9744,.T.);
#9747=ORIENTED_EDGE('',*,*,#9746,.F.);
#9749=ORIENTED_EDGE('',*,*,#9748,.F.);
#9751=ORIENTED_EDGE('',*,*,#9750,.F.);
#9752=EDGE_LOOP('',(#9742,#9743,#9745,#9747,#9749,#9751));
#9753=FACE_OUTER_BOUND('',#9752,.F.);
#9754=ADVANCED_FACE('',(#9753),#9741,.T.);
#9755=CARTESIAN_POINT('',(-6.4E1,1.985026822997E1,7.977308798785E0));
#9756=DIRECTION('',(0.E0,9.979482148809E-1,6.402624786719E-2));
#9757=DIRECTION('',(9.951641131245E-1,6.289055544076E-3,-9.802466898445E-2));
#9758=AXIS2_PLACEMENT_3D('',#9755,#9756,#9757);
#9759=TOROIDAL_SURFACE('',#9758,2.05E0,5.E-1);
#9761=ORIENTED_EDGE('',*,*,#9760,.T.);
#9763=ORIENTED_EDGE('',*,*,#9762,.T.);
#9764=ORIENTED_EDGE('',*,*,#9750,.T.);
#9766=ORIENTED_EDGE('',*,*,#9765,.F.);
#9768=ORIENTED_EDGE('',*,*,#9767,.F.);
#9769=ORIENTED_EDGE('',*,*,#9744,.F.);
#9770=EDGE_LOOP('',(#9761,#9763,#9764,#9766,#9768,#9769));
#9771=FACE_OUTER_BOUND('',#9770,.F.);
#9772=ADVANCED_FACE('',(#9771),#9759,.T.);
#9773=CARTESIAN_POINT('',(-6.4E1,1.855293555063E1,7.894074676558E0));
#9774=DIRECTION('',(0.E0,9.979482148809E-1,6.402624786719E-2));
#9775=DIRECTION('',(1.E0,0.E0,0.E0));
#9776=AXIS2_PLACEMENT_3D('',#9773,#9774,#9775);
#9777=CYLINDRICAL_SURFACE('',#9776,2.55E0);
#9778=ORIENTED_EDGE('',*,*,#9762,.F.);
#9779=ORIENTED_EDGE('',*,*,#9760,.F.);
#9780=ORIENTED_EDGE('',*,*,#9732,.F.);
#9781=ORIENTED_EDGE('',*,*,#7487,.F.);
#9782=ORIENTED_EDGE('',*,*,#9729,.F.);
#9783=EDGE_LOOP('',(#9778,#9779,#9780,#9781,#9782));
#9784=FACE_OUTER_BOUND('',#9783,.F.);
#9785=ADVANCED_FACE('',(#9784),#9777,.T.);
#9786=CARTESIAN_POINT('',(-6.4E1,2.034924233741E1,8.009321922719E0));
#9787=DIRECTION('',(0.E0,9.979482148809E-1,6.402624786721E-2));
#9788=DIRECTION('',(1.E0,0.E0,0.E0));
#9789=AXIS2_PLACEMENT_3D('',#9786,#9787,#9788);
#9790=PLANE('',#9789);
#9791=ORIENTED_EDGE('',*,*,#9748,.T.);
#9792=ORIENTED_EDGE('',*,*,#9746,.T.);
#9793=ORIENTED_EDGE('',*,*,#9767,.T.);
#9794=ORIENTED_EDGE('',*,*,#9765,.T.);
#9795=EDGE_LOOP('',(#9791,#9792,#9793,#9794));
#9796=FACE_OUTER_BOUND('',#9795,.F.);
#9797=ADVANCED_FACE('',(#9796),#9790,.T.);
#9798=CARTESIAN_POINT('',(-7.2E1,1.855293555063E1,7.894074676558E0));
#9799=DIRECTION('',(0.E0,9.979482148809E-1,6.402624786719E-2));
#9800=DIRECTION('',(1.E0,0.E0,0.E0));
#9801=AXIS2_PLACEMENT_3D('',#9798,#9799,#9800);
#9802=CYLINDRICAL_SURFACE('',#9801,2.55E0);
#9804=ORIENTED_EDGE('',*,*,#9803,.F.);
#9806=ORIENTED_EDGE('',*,*,#9805,.F.);
#9808=ORIENTED_EDGE('',*,*,#9807,.T.);
#9809=ORIENTED_EDGE('',*,*,#7491,.F.);
#9811=ORIENTED_EDGE('',*,*,#9810,.T.);
#9812=EDGE_LOOP('',(#9804,#9806,#9808,#9809,#9811));
#9813=FACE_OUTER_BOUND('',#9812,.F.);
#9814=ADVANCED_FACE('',(#9813),#9802,.T.);
#9815=CARTESIAN_POINT('',(-7.2E1,1.985026822997E1,7.977308798785E0));
#9816=DIRECTION('',(0.E0,9.979482148809E-1,6.402624786719E-2));
#9817=DIRECTION('',(-9.951641129308E-1,-6.289055669722E-3,9.802467094283E-2));
#9818=AXIS2_PLACEMENT_3D('',#9815,#9816,#9817);
#9819=TOROIDAL_SURFACE('',#9818,2.05E0,5.E-1);
#9820=ORIENTED_EDGE('',*,*,#9805,.T.);
#9821=ORIENTED_EDGE('',*,*,#9803,.T.);
#9823=ORIENTED_EDGE('',*,*,#9822,.T.);
#9825=ORIENTED_EDGE('',*,*,#9824,.F.);
#9827=ORIENTED_EDGE('',*,*,#9826,.F.);
#9829=ORIENTED_EDGE('',*,*,#9828,.F.);
#9830=EDGE_LOOP('',(#9820,#9821,#9823,#9825,#9827,#9829));
#9831=FACE_OUTER_BOUND('',#9830,.F.);
#9832=ADVANCED_FACE('',(#9831),#9819,.T.);
#9833=CARTESIAN_POINT('',(-7.2E1,1.985026822997E1,7.977308798785E0));
#9834=DIRECTION('',(0.E0,9.979482148809E-1,6.402624786719E-2));
#9835=DIRECTION('',(9.951641131245E-1,6.289055544076E-3,-9.802466898445E-2));
#9836=AXIS2_PLACEMENT_3D('',#9833,#9834,#9835);
#9837=TOROIDAL_SURFACE('',#9836,2.05E0,5.E-1);
#9839=ORIENTED_EDGE('',*,*,#9838,.T.);
#9841=ORIENTED_EDGE('',*,*,#9840,.T.);
#9842=ORIENTED_EDGE('',*,*,#9828,.T.);
#9844=ORIENTED_EDGE('',*,*,#9843,.F.);
#9846=ORIENTED_EDGE('',*,*,#9845,.F.);
#9847=ORIENTED_EDGE('',*,*,#9822,.F.);
#9848=EDGE_LOOP('',(#9839,#9841,#9842,#9844,#9846,#9847));
#9849=FACE_OUTER_BOUND('',#9848,.F.);
#9850=ADVANCED_FACE('',(#9849),#9837,.T.);
#9851=CARTESIAN_POINT('',(-7.2E1,1.855293555063E1,7.894074676558E0));
#9852=DIRECTION('',(0.E0,9.979482148809E-1,6.402624786719E-2));
#9853=DIRECTION('',(1.E0,0.E0,0.E0));
#9854=AXIS2_PLACEMENT_3D('',#9851,#9852,#9853);
#9855=CYLINDRICAL_SURFACE('',#9854,2.55E0);
#9856=ORIENTED_EDGE('',*,*,#9840,.F.);
#9857=ORIENTED_EDGE('',*,*,#9838,.F.);
#9858=ORIENTED_EDGE('',*,*,#9810,.F.);
#9859=ORIENTED_EDGE('',*,*,#7493,.F.);
#9860=ORIENTED_EDGE('',*,*,#9807,.F.);
#9861=EDGE_LOOP('',(#9856,#9857,#9858,#9859,#9860));
#9862=FACE_OUTER_BOUND('',#9861,.F.);
#9863=ADVANCED_FACE('',(#9862),#9855,.T.);
#9864=CARTESIAN_POINT('',(-7.2E1,2.034924233741E1,8.009321922719E0));
#9865=DIRECTION('',(0.E0,9.979482148809E-1,6.402624786721E-2));
#9866=DIRECTION('',(1.E0,0.E0,0.E0));
#9867=AXIS2_PLACEMENT_3D('',#9864,#9865,#9866);
#9868=PLANE('',#9867);
#9869=ORIENTED_EDGE('',*,*,#9826,.T.);
#9870=ORIENTED_EDGE('',*,*,#9824,.T.);
#9871=ORIENTED_EDGE('',*,*,#9845,.T.);
#9872=ORIENTED_EDGE('',*,*,#9843,.T.);
#9873=EDGE_LOOP('',(#9869,#9870,#9871,#9872));
#9874=FACE_OUTER_BOUND('',#9873,.F.);
#9875=ADVANCED_FACE('',(#9874),#9868,.T.);
#9876=CARTESIAN_POINT('',(-8.E1,1.855293555063E1,7.894074676558E0));
#9877=DIRECTION('',(0.E0,9.979482148809E-1,6.402624786719E-2));
#9878=DIRECTION('',(1.E0,0.E0,0.E0));
#9879=AXIS2_PLACEMENT_3D('',#9876,#9877,#9878);
#9880=CYLINDRICAL_SURFACE('',#9879,2.55E0);
#9882=ORIENTED_EDGE('',*,*,#9881,.F.);
#9884=ORIENTED_EDGE('',*,*,#9883,.F.);
#9886=ORIENTED_EDGE('',*,*,#9885,.T.);
#9887=ORIENTED_EDGE('',*,*,#7497,.F.);
#9889=ORIENTED_EDGE('',*,*,#9888,.T.);
#9890=EDGE_LOOP('',(#9882,#9884,#9886,#9887,#9889));
#9891=FACE_OUTER_BOUND('',#9890,.F.);
#9892=ADVANCED_FACE('',(#9891),#9880,.T.);
#9893=CARTESIAN_POINT('',(-8.E1,1.985026822997E1,7.977308798785E0));
#9894=DIRECTION('',(0.E0,9.979482148809E-1,6.402624786719E-2));
#9895=DIRECTION('',(-9.951641129308E-1,-6.289055669722E-3,9.802467094283E-2));
#9896=AXIS2_PLACEMENT_3D('',#9893,#9894,#9895);
#9897=TOROIDAL_SURFACE('',#9896,2.05E0,5.E-1);
#9898=ORIENTED_EDGE('',*,*,#9883,.T.);
#9899=ORIENTED_EDGE('',*,*,#9881,.T.);
#9901=ORIENTED_EDGE('',*,*,#9900,.T.);
#9903=ORIENTED_EDGE('',*,*,#9902,.F.);
#9905=ORIENTED_EDGE('',*,*,#9904,.F.);
#9907=ORIENTED_EDGE('',*,*,#9906,.F.);
#9908=EDGE_LOOP('',(#9898,#9899,#9901,#9903,#9905,#9907));
#9909=FACE_OUTER_BOUND('',#9908,.F.);
#9910=ADVANCED_FACE('',(#9909),#9897,.T.);
#9911=CARTESIAN_POINT('',(-8.E1,1.985026822997E1,7.977308798785E0));
#9912=DIRECTION('',(0.E0,9.979482148809E-1,6.402624786719E-2));
#9913=DIRECTION('',(9.951641131245E-1,6.289055544076E-3,-9.802466898445E-2));
#9914=AXIS2_PLACEMENT_3D('',#9911,#9912,#9913);
#9915=TOROIDAL_SURFACE('',#9914,2.05E0,5.E-1);
#9917=ORIENTED_EDGE('',*,*,#9916,.T.);
#9919=ORIENTED_EDGE('',*,*,#9918,.T.);
#9920=ORIENTED_EDGE('',*,*,#9906,.T.);
#9922=ORIENTED_EDGE('',*,*,#9921,.F.);
#9924=ORIENTED_EDGE('',*,*,#9923,.F.);
#9925=ORIENTED_EDGE('',*,*,#9900,.F.);
#9926=EDGE_LOOP('',(#9917,#9919,#9920,#9922,#9924,#9925));
#9927=FACE_OUTER_BOUND('',#9926,.F.);
#9928=ADVANCED_FACE('',(#9927),#9915,.T.);
#9929=CARTESIAN_POINT('',(-8.E1,1.855293555063E1,7.894074676558E0));
#9930=DIRECTION('',(0.E0,9.979482148809E-1,6.402624786719E-2));
#9931=DIRECTION('',(1.E0,0.E0,0.E0));
#9932=AXIS2_PLACEMENT_3D('',#9929,#9930,#9931);
#9933=CYLINDRICAL_SURFACE('',#9932,2.55E0);
#9934=ORIENTED_EDGE('',*,*,#9918,.F.);
#9935=ORIENTED_EDGE('',*,*,#9916,.F.);
#9936=ORIENTED_EDGE('',*,*,#9888,.F.);
#9937=ORIENTED_EDGE('',*,*,#7499,.F.);
#9938=ORIENTED_EDGE('',*,*,#9885,.F.);
#9939=EDGE_LOOP('',(#9934,#9935,#9936,#9937,#9938));
#9940=FACE_OUTER_BOUND('',#9939,.F.);
#9941=ADVANCED_FACE('',(#9940),#9933,.T.);
#9942=CARTESIAN_POINT('',(-8.E1,2.034924233741E1,8.009321922719E0));
#9943=DIRECTION('',(0.E0,9.979482148809E-1,6.402624786721E-2));
#9944=DIRECTION('',(1.E0,0.E0,0.E0));
#9945=AXIS2_PLACEMENT_3D('',#9942,#9943,#9944);
#9946=PLANE('',#9945);
#9947=ORIENTED_EDGE('',*,*,#9904,.T.);
#9948=ORIENTED_EDGE('',*,*,#9902,.T.);
#9949=ORIENTED_EDGE('',*,*,#9923,.T.);
#9950=ORIENTED_EDGE('',*,*,#9921,.T.);
#9951=EDGE_LOOP('',(#9947,#9948,#9949,#9950));
#9952=FACE_OUTER_BOUND('',#9951,.F.);
#9953=ADVANCED_FACE('',(#9952),#9946,.T.);
#9954=CARTESIAN_POINT('',(6.4E1,1.906514553357E1,-8.951104248922E-2));
#9955=DIRECTION('',(0.E0,9.979482148809E-1,6.402624786719E-2));
#9956=DIRECTION('',(1.E0,0.E0,0.E0));
#9957=AXIS2_PLACEMENT_3D('',#9954,#9955,#9956);
#9958=CYLINDRICAL_SURFACE('',#9957,2.55E0);
#9960=ORIENTED_EDGE('',*,*,#9959,.F.);
#9962=ORIENTED_EDGE('',*,*,#9961,.F.);
#9964=ORIENTED_EDGE('',*,*,#9963,.T.);
#9965=ORIENTED_EDGE('',*,*,#7503,.F.);
#9967=ORIENTED_EDGE('',*,*,#9966,.T.);
#9968=EDGE_LOOP('',(#9960,#9962,#9964,#9965,#9967));
#9969=FACE_OUTER_BOUND('',#9968,.F.);
#9970=ADVANCED_FACE('',(#9969),#9958,.T.);
#9971=CARTESIAN_POINT('',(6.4E1,2.036247821291E1,-6.276920262233E-3));
#9972=DIRECTION('',(0.E0,9.979482148809E-1,6.402624786719E-2));
#9973=DIRECTION('',(-9.951641129308E-1,-6.289055669722E-3,9.802467094283E-2));
#9974=AXIS2_PLACEMENT_3D('',#9971,#9972,#9973);
#9975=TOROIDAL_SURFACE('',#9974,2.05E0,5.E-1);
#9976=ORIENTED_EDGE('',*,*,#9961,.T.);
#9977=ORIENTED_EDGE('',*,*,#9959,.T.);
#9979=ORIENTED_EDGE('',*,*,#9978,.T.);
#9981=ORIENTED_EDGE('',*,*,#9980,.F.);
#9983=ORIENTED_EDGE('',*,*,#9982,.F.);
#9985=ORIENTED_EDGE('',*,*,#9984,.F.);
#9986=EDGE_LOOP('',(#9976,#9977,#9979,#9981,#9983,#9985));
#9987=FACE_OUTER_BOUND('',#9986,.F.);
#9988=ADVANCED_FACE('',(#9987),#9975,.T.);
#9989=CARTESIAN_POINT('',(6.4E1,2.036247821291E1,-6.276920262233E-3));
#9990=DIRECTION('',(0.E0,9.979482148809E-1,6.402624786719E-2));
#9991=DIRECTION('',(9.951641131245E-1,6.289055544076E-3,-9.802466898445E-2));
#9992=AXIS2_PLACEMENT_3D('',#9989,#9990,#9991);
#9993=TOROIDAL_SURFACE('',#9992,2.05E0,5.E-1);
#9995=ORIENTED_EDGE('',*,*,#9994,.T.);
#9997=ORIENTED_EDGE('',*,*,#9996,.T.);
#9998=ORIENTED_EDGE('',*,*,#9984,.T.);
#10000=ORIENTED_EDGE('',*,*,#9999,.F.);
#10002=ORIENTED_EDGE('',*,*,#10001,.F.);
#10003=ORIENTED_EDGE('',*,*,#9978,.F.);
#10004=EDGE_LOOP('',(#9995,#9997,#9998,#10000,#10002,#10003));
#10005=FACE_OUTER_BOUND('',#10004,.F.);
#10006=ADVANCED_FACE('',(#10005),#9993,.T.);
#10007=CARTESIAN_POINT('',(6.4E1,1.906514553357E1,-8.951104248922E-2));
#10008=DIRECTION('',(0.E0,9.979482148809E-1,6.402624786719E-2));
#10009=DIRECTION('',(1.E0,0.E0,0.E0));
#10010=AXIS2_PLACEMENT_3D('',#10007,#10008,#10009);
#10011=CYLINDRICAL_SURFACE('',#10010,2.55E0);
#10012=ORIENTED_EDGE('',*,*,#9996,.F.);
#10013=ORIENTED_EDGE('',*,*,#9994,.F.);
#10014=ORIENTED_EDGE('',*,*,#9966,.F.);
#10015=ORIENTED_EDGE('',*,*,#7505,.F.);
#10016=ORIENTED_EDGE('',*,*,#9963,.F.);
#10017=EDGE_LOOP('',(#10012,#10013,#10014,#10015,#10016));
#10018=FACE_OUTER_BOUND('',#10017,.F.);
#10019=ADVANCED_FACE('',(#10018),#10011,.T.);
#10020=CARTESIAN_POINT('',(6.4E1,2.086145232035E1,2.573620367180E-2));
#10021=DIRECTION('',(0.E0,9.979482148809E-1,6.402624786721E-2));
#10022=DIRECTION('',(1.E0,0.E0,0.E0));
#10023=AXIS2_PLACEMENT_3D('',#10020,#10021,#10022);
#10024=PLANE('',#10023);
#10025=ORIENTED_EDGE('',*,*,#9982,.T.);
#10026=ORIENTED_EDGE('',*,*,#9980,.T.);
#10027=ORIENTED_EDGE('',*,*,#10001,.T.);
#10028=ORIENTED_EDGE('',*,*,#9999,.T.);
#10029=EDGE_LOOP('',(#10025,#10026,#10027,#10028));
#10030=FACE_OUTER_BOUND('',#10029,.F.);
#10031=ADVANCED_FACE('',(#10030),#10024,.T.);
#10032=CARTESIAN_POINT('',(5.6E1,1.906514553357E1,-8.951104248922E-2));
#10033=DIRECTION('',(0.E0,9.979482148809E-1,6.402624786719E-2));
#10034=DIRECTION('',(1.E0,0.E0,0.E0));
#10035=AXIS2_PLACEMENT_3D('',#10032,#10033,#10034);
#10036=CYLINDRICAL_SURFACE('',#10035,2.55E0);
#10038=ORIENTED_EDGE('',*,*,#10037,.F.);
#10040=ORIENTED_EDGE('',*,*,#10039,.F.);
#10042=ORIENTED_EDGE('',*,*,#10041,.T.);
#10043=ORIENTED_EDGE('',*,*,#7509,.F.);
#10045=ORIENTED_EDGE('',*,*,#10044,.T.);
#10046=EDGE_LOOP('',(#10038,#10040,#10042,#10043,#10045));
#10047=FACE_OUTER_BOUND('',#10046,.F.);
#10048=ADVANCED_FACE('',(#10047),#10036,.T.);
#10049=CARTESIAN_POINT('',(5.6E1,2.036247821291E1,-6.276920262233E-3));
#10050=DIRECTION('',(0.E0,9.979482148809E-1,6.402624786719E-2));
#10051=DIRECTION('',(-9.951641129308E-1,-6.289055669722E-3,9.802467094283E-2));
#10052=AXIS2_PLACEMENT_3D('',#10049,#10050,#10051);
#10053=TOROIDAL_SURFACE('',#10052,2.05E0,5.E-1);
#10054=ORIENTED_EDGE('',*,*,#10039,.T.);
#10055=ORIENTED_EDGE('',*,*,#10037,.T.);
#10057=ORIENTED_EDGE('',*,*,#10056,.T.);
#10059=ORIENTED_EDGE('',*,*,#10058,.F.);
#10061=ORIENTED_EDGE('',*,*,#10060,.F.);
#10063=ORIENTED_EDGE('',*,*,#10062,.F.);
#10064=EDGE_LOOP('',(#10054,#10055,#10057,#10059,#10061,#10063));
#10065=FACE_OUTER_BOUND('',#10064,.F.);
#10066=ADVANCED_FACE('',(#10065),#10053,.T.);
#10067=CARTESIAN_POINT('',(5.6E1,2.036247821291E1,-6.276920262233E-3));
#10068=DIRECTION('',(0.E0,9.979482148809E-1,6.402624786719E-2));
#10069=DIRECTION('',(9.951641131245E-1,6.289055544076E-3,-9.802466898445E-2));
#10070=AXIS2_PLACEMENT_3D('',#10067,#10068,#10069);
#10071=TOROIDAL_SURFACE('',#10070,2.05E0,5.E-1);
#10073=ORIENTED_EDGE('',*,*,#10072,.T.);
#10075=ORIENTED_EDGE('',*,*,#10074,.T.);
#10076=ORIENTED_EDGE('',*,*,#10062,.T.);
#10078=ORIENTED_EDGE('',*,*,#10077,.F.);
#10080=ORIENTED_EDGE('',*,*,#10079,.F.);
#10081=ORIENTED_EDGE('',*,*,#10056,.F.);
#10082=EDGE_LOOP('',(#10073,#10075,#10076,#10078,#10080,#10081));
#10083=FACE_OUTER_BOUND('',#10082,.F.);
#10084=ADVANCED_FACE('',(#10083),#10071,.T.);
#10085=CARTESIAN_POINT('',(5.6E1,1.906514553357E1,-8.951104248922E-2));
#10086=DIRECTION('',(0.E0,9.979482148809E-1,6.402624786719E-2));
#10087=DIRECTION('',(1.E0,0.E0,0.E0));
#10088=AXIS2_PLACEMENT_3D('',#10085,#10086,#10087);
#10089=CYLINDRICAL_SURFACE('',#10088,2.55E0);
#10090=ORIENTED_EDGE('',*,*,#10074,.F.);
#10091=ORIENTED_EDGE('',*,*,#10072,.F.);
#10092=ORIENTED_EDGE('',*,*,#10044,.F.);
#10093=ORIENTED_EDGE('',*,*,#7511,.F.);
#10094=ORIENTED_EDGE('',*,*,#10041,.F.);
#10095=EDGE_LOOP('',(#10090,#10091,#10092,#10093,#10094));
#10096=FACE_OUTER_BOUND('',#10095,.F.);
#10097=ADVANCED_FACE('',(#10096),#10089,.T.);
#10098=CARTESIAN_POINT('',(5.6E1,2.086145232035E1,2.573620367180E-2));
#10099=DIRECTION('',(0.E0,9.979482148809E-1,6.402624786721E-2));
#10100=DIRECTION('',(1.E0,0.E0,0.E0));
#10101=AXIS2_PLACEMENT_3D('',#10098,#10099,#10100);
#10102=PLANE('',#10101);
#10103=ORIENTED_EDGE('',*,*,#10060,.T.);
#10104=ORIENTED_EDGE('',*,*,#10058,.T.);
#10105=ORIENTED_EDGE('',*,*,#10079,.T.);
#10106=ORIENTED_EDGE('',*,*,#10077,.T.);
#10107=EDGE_LOOP('',(#10103,#10104,#10105,#10106));
#10108=FACE_OUTER_BOUND('',#10107,.F.);
#10109=ADVANCED_FACE('',(#10108),#10102,.T.);
#10110=CARTESIAN_POINT('',(4.8E1,1.906514553357E1,-8.951104248922E-2));
#10111=DIRECTION('',(0.E0,9.979482148809E-1,6.402624786719E-2));
#10112=DIRECTION('',(1.E0,0.E0,0.E0));
#10113=AXIS2_PLACEMENT_3D('',#10110,#10111,#10112);
#10114=CYLINDRICAL_SURFACE('',#10113,2.55E0);
#10116=ORIENTED_EDGE('',*,*,#10115,.F.);
#10118=ORIENTED_EDGE('',*,*,#10117,.F.);
#10120=ORIENTED_EDGE('',*,*,#10119,.T.);
#10121=ORIENTED_EDGE('',*,*,#7515,.F.);
#10123=ORIENTED_EDGE('',*,*,#10122,.T.);
#10124=EDGE_LOOP('',(#10116,#10118,#10120,#10121,#10123));
#10125=FACE_OUTER_BOUND('',#10124,.F.);
#10126=ADVANCED_FACE('',(#10125),#10114,.T.);
#10127=CARTESIAN_POINT('',(4.8E1,2.036247821291E1,-6.276920262233E-3));
#10128=DIRECTION('',(0.E0,9.979482148809E-1,6.402624786719E-2));
#10129=DIRECTION('',(-9.951641129308E-1,-6.289055669722E-3,9.802467094283E-2));
#10130=AXIS2_PLACEMENT_3D('',#10127,#10128,#10129);
#10131=TOROIDAL_SURFACE('',#10130,2.05E0,5.E-1);
#10132=ORIENTED_EDGE('',*,*,#10117,.T.);
#10133=ORIENTED_EDGE('',*,*,#10115,.T.);
#10135=ORIENTED_EDGE('',*,*,#10134,.T.);
#10137=ORIENTED_EDGE('',*,*,#10136,.F.);
#10139=ORIENTED_EDGE('',*,*,#10138,.F.);
#10141=ORIENTED_EDGE('',*,*,#10140,.F.);
#10142=EDGE_LOOP('',(#10132,#10133,#10135,#10137,#10139,#10141));
#10143=FACE_OUTER_BOUND('',#10142,.F.);
#10144=ADVANCED_FACE('',(#10143),#10131,.T.);
#10145=CARTESIAN_POINT('',(4.8E1,2.036247821291E1,-6.276920262233E-3));
#10146=DIRECTION('',(0.E0,9.979482148809E-1,6.402624786719E-2));
#10147=DIRECTION('',(9.951641131245E-1,6.289055544076E-3,-9.802466898445E-2));
#10148=AXIS2_PLACEMENT_3D('',#10145,#10146,#10147);
#10149=TOROIDAL_SURFACE('',#10148,2.05E0,5.E-1);
#10151=ORIENTED_EDGE('',*,*,#10150,.T.);
#10153=ORIENTED_EDGE('',*,*,#10152,.T.);
#10154=ORIENTED_EDGE('',*,*,#10140,.T.);
#10156=ORIENTED_EDGE('',*,*,#10155,.F.);
#10158=ORIENTED_EDGE('',*,*,#10157,.F.);
#10159=ORIENTED_EDGE('',*,*,#10134,.F.);
#10160=EDGE_LOOP('',(#10151,#10153,#10154,#10156,#10158,#10159));
#10161=FACE_OUTER_BOUND('',#10160,.F.);
#10162=ADVANCED_FACE('',(#10161),#10149,.T.);
#10163=CARTESIAN_POINT('',(4.8E1,1.906514553357E1,-8.951104248922E-2));
#10164=DIRECTION('',(0.E0,9.979482148809E-1,6.402624786719E-2));
#10165=DIRECTION('',(1.E0,0.E0,0.E0));
#10166=AXIS2_PLACEMENT_3D('',#10163,#10164,#10165);
#10167=CYLINDRICAL_SURFACE('',#10166,2.55E0);
#10168=ORIENTED_EDGE('',*,*,#10152,.F.);
#10169=ORIENTED_EDGE('',*,*,#10150,.F.);
#10170=ORIENTED_EDGE('',*,*,#10122,.F.);
#10171=ORIENTED_EDGE('',*,*,#7517,.F.);
#10172=ORIENTED_EDGE('',*,*,#10119,.F.);
#10173=EDGE_LOOP('',(#10168,#10169,#10170,#10171,#10172));
#10174=FACE_OUTER_BOUND('',#10173,.F.);
#10175=ADVANCED_FACE('',(#10174),#10167,.T.);
#10176=CARTESIAN_POINT('',(4.8E1,2.086145232035E1,2.573620367180E-2));
#10177=DIRECTION('',(0.E0,9.979482148809E-1,6.402624786721E-2));
#10178=DIRECTION('',(1.E0,0.E0,0.E0));
#10179=AXIS2_PLACEMENT_3D('',#10176,#10177,#10178);
#10180=PLANE('',#10179);
#10181=ORIENTED_EDGE('',*,*,#10138,.T.);
#10182=ORIENTED_EDGE('',*,*,#10136,.T.);
#10183=ORIENTED_EDGE('',*,*,#10157,.T.);
#10184=ORIENTED_EDGE('',*,*,#10155,.T.);
#10185=EDGE_LOOP('',(#10181,#10182,#10183,#10184));
#10186=FACE_OUTER_BOUND('',#10185,.F.);
#10187=ADVANCED_FACE('',(#10186),#10180,.T.);
#10188=CARTESIAN_POINT('',(4.E1,1.906514553357E1,-8.951104248922E-2));
#10189=DIRECTION('',(0.E0,9.979482148809E-1,6.402624786719E-2));
#10190=DIRECTION('',(1.E0,0.E0,0.E0));
#10191=AXIS2_PLACEMENT_3D('',#10188,#10189,#10190);
#10192=CYLINDRICAL_SURFACE('',#10191,2.55E0);
#10194=ORIENTED_EDGE('',*,*,#10193,.F.);
#10196=ORIENTED_EDGE('',*,*,#10195,.F.);
#10198=ORIENTED_EDGE('',*,*,#10197,.T.);
#10199=ORIENTED_EDGE('',*,*,#7521,.F.);
#10201=ORIENTED_EDGE('',*,*,#10200,.T.);
#10202=EDGE_LOOP('',(#10194,#10196,#10198,#10199,#10201));
#10203=FACE_OUTER_BOUND('',#10202,.F.);
#10204=ADVANCED_FACE('',(#10203),#10192,.T.);
#10205=CARTESIAN_POINT('',(4.E1,2.036247821291E1,-6.276920262233E-3));
#10206=DIRECTION('',(0.E0,9.979482148809E-1,6.402624786719E-2));
#10207=DIRECTION('',(-9.951641129308E-1,-6.289055669722E-3,9.802467094283E-2));
#10208=AXIS2_PLACEMENT_3D('',#10205,#10206,#10207);
#10209=TOROIDAL_SURFACE('',#10208,2.05E0,5.E-1);
#10210=ORIENTED_EDGE('',*,*,#10195,.T.);
#10211=ORIENTED_EDGE('',*,*,#10193,.T.);
#10213=ORIENTED_EDGE('',*,*,#10212,.T.);
#10215=ORIENTED_EDGE('',*,*,#10214,.F.);
#10217=ORIENTED_EDGE('',*,*,#10216,.F.);
#10219=ORIENTED_EDGE('',*,*,#10218,.F.);
#10220=EDGE_LOOP('',(#10210,#10211,#10213,#10215,#10217,#10219));
#10221=FACE_OUTER_BOUND('',#10220,.F.);
#10222=ADVANCED_FACE('',(#10221),#10209,.T.);
#10223=CARTESIAN_POINT('',(4.E1,2.036247821291E1,-6.276920262233E-3));
#10224=DIRECTION('',(0.E0,9.979482148809E-1,6.402624786719E-2));
#10225=DIRECTION('',(9.951641131245E-1,6.289055544076E-3,-9.802466898445E-2));
#10226=AXIS2_PLACEMENT_3D('',#10223,#10224,#10225);
#10227=TOROIDAL_SURFACE('',#10226,2.05E0,5.E-1);
#10229=ORIENTED_EDGE('',*,*,#10228,.T.);
#10231=ORIENTED_EDGE('',*,*,#10230,.T.);
#10232=ORIENTED_EDGE('',*,*,#10218,.T.);
#10234=ORIENTED_EDGE('',*,*,#10233,.F.);
#10236=ORIENTED_EDGE('',*,*,#10235,.F.);
#10237=ORIENTED_EDGE('',*,*,#10212,.F.);
#10238=EDGE_LOOP('',(#10229,#10231,#10232,#10234,#10236,#10237));
#10239=FACE_OUTER_BOUND('',#10238,.F.);
#10240=ADVANCED_FACE('',(#10239),#10227,.T.);
#10241=CARTESIAN_POINT('',(4.E1,1.906514553357E1,-8.951104248922E-2));
#10242=DIRECTION('',(0.E0,9.979482148809E-1,6.402624786719E-2));
#10243=DIRECTION('',(1.E0,0.E0,0.E0));
#10244=AXIS2_PLACEMENT_3D('',#10241,#10242,#10243);
#10245=CYLINDRICAL_SURFACE('',#10244,2.55E0);
#10246=ORIENTED_EDGE('',*,*,#10230,.F.);
#10247=ORIENTED_EDGE('',*,*,#10228,.F.);
#10248=ORIENTED_EDGE('',*,*,#10200,.F.);
#10249=ORIENTED_EDGE('',*,*,#7523,.F.);
#10250=ORIENTED_EDGE('',*,*,#10197,.F.);
#10251=EDGE_LOOP('',(#10246,#10247,#10248,#10249,#10250));
#10252=FACE_OUTER_BOUND('',#10251,.F.);
#10253=ADVANCED_FACE('',(#10252),#10245,.T.);
#10254=CARTESIAN_POINT('',(4.E1,2.086145232035E1,2.573620367180E-2));
#10255=DIRECTION('',(0.E0,9.979482148809E-1,6.402624786721E-2));
#10256=DIRECTION('',(1.E0,0.E0,0.E0));
#10257=AXIS2_PLACEMENT_3D('',#10254,#10255,#10256);
#10258=PLANE('',#10257);
#10259=ORIENTED_EDGE('',*,*,#10216,.T.);
#10260=ORIENTED_EDGE('',*,*,#10214,.T.);
#10261=ORIENTED_EDGE('',*,*,#10235,.T.);
#10262=ORIENTED_EDGE('',*,*,#10233,.T.);
#10263=EDGE_LOOP('',(#10259,#10260,#10261,#10262));
#10264=FACE_OUTER_BOUND('',#10263,.F.);
#10265=ADVANCED_FACE('',(#10264),#10258,.T.);
#10266=CARTESIAN_POINT('',(3.2E1,1.906514553357E1,-8.951104248922E-2));
#10267=DIRECTION('',(0.E0,9.979482148809E-1,6.402624786719E-2));
#10268=DIRECTION('',(1.E0,0.E0,0.E0));
#10269=AXIS2_PLACEMENT_3D('',#10266,#10267,#10268);
#10270=CYLINDRICAL_SURFACE('',#10269,2.55E0);
#10272=ORIENTED_EDGE('',*,*,#10271,.F.);
#10274=ORIENTED_EDGE('',*,*,#10273,.F.);
#10276=ORIENTED_EDGE('',*,*,#10275,.T.);
#10277=ORIENTED_EDGE('',*,*,#7527,.F.);
#10279=ORIENTED_EDGE('',*,*,#10278,.T.);
#10280=EDGE_LOOP('',(#10272,#10274,#10276,#10277,#10279));
#10281=FACE_OUTER_BOUND('',#10280,.F.);
#10282=ADVANCED_FACE('',(#10281),#10270,.T.);
#10283=CARTESIAN_POINT('',(3.2E1,2.036247821291E1,-6.276920262233E-3));
#10284=DIRECTION('',(0.E0,9.979482148809E-1,6.402624786719E-2));
#10285=DIRECTION('',(-9.951641129308E-1,-6.289055669722E-3,9.802467094283E-2));
#10286=AXIS2_PLACEMENT_3D('',#10283,#10284,#10285);
#10287=TOROIDAL_SURFACE('',#10286,2.05E0,5.E-1);
#10288=ORIENTED_EDGE('',*,*,#10273,.T.);
#10289=ORIENTED_EDGE('',*,*,#10271,.T.);
#10291=ORIENTED_EDGE('',*,*,#10290,.T.);
#10293=ORIENTED_EDGE('',*,*,#10292,.F.);
#10295=ORIENTED_EDGE('',*,*,#10294,.F.);
#10297=ORIENTED_EDGE('',*,*,#10296,.F.);
#10298=EDGE_LOOP('',(#10288,#10289,#10291,#10293,#10295,#10297));
#10299=FACE_OUTER_BOUND('',#10298,.F.);
#10300=ADVANCED_FACE('',(#10299),#10287,.T.);
#10301=CARTESIAN_POINT('',(3.2E1,2.036247821291E1,-6.276920262233E-3));
#10302=DIRECTION('',(0.E0,9.979482148809E-1,6.402624786719E-2));
#10303=DIRECTION('',(9.951641131245E-1,6.289055544076E-3,-9.802466898445E-2));
#10304=AXIS2_PLACEMENT_3D('',#10301,#10302,#10303);
#10305=TOROIDAL_SURFACE('',#10304,2.05E0,5.E-1);
#10307=ORIENTED_EDGE('',*,*,#10306,.T.);
#10309=ORIENTED_EDGE('',*,*,#10308,.T.);
#10310=ORIENTED_EDGE('',*,*,#10296,.T.);
#10312=ORIENTED_EDGE('',*,*,#10311,.F.);
#10314=ORIENTED_EDGE('',*,*,#10313,.F.);
#10315=ORIENTED_EDGE('',*,*,#10290,.F.);
#10316=EDGE_LOOP('',(#10307,#10309,#10310,#10312,#10314,#10315));
#10317=FACE_OUTER_BOUND('',#10316,.F.);
#10318=ADVANCED_FACE('',(#10317),#10305,.T.);
#10319=CARTESIAN_POINT('',(3.2E1,1.906514553357E1,-8.951104248922E-2));
#10320=DIRECTION('',(0.E0,9.979482148809E-1,6.402624786719E-2));
#10321=DIRECTION('',(1.E0,0.E0,0.E0));
#10322=AXIS2_PLACEMENT_3D('',#10319,#10320,#10321);
#10323=CYLINDRICAL_SURFACE('',#10322,2.55E0);
#10324=ORIENTED_EDGE('',*,*,#10308,.F.);
#10325=ORIENTED_EDGE('',*,*,#10306,.F.);
#10326=ORIENTED_EDGE('',*,*,#10278,.F.);
#10327=ORIENTED_EDGE('',*,*,#7529,.F.);
#10328=ORIENTED_EDGE('',*,*,#10275,.F.);
#10329=EDGE_LOOP('',(#10324,#10325,#10326,#10327,#10328));
#10330=FACE_OUTER_BOUND('',#10329,.F.);
#10331=ADVANCED_FACE('',(#10330),#10323,.T.);
#10332=CARTESIAN_POINT('',(3.2E1,2.086145232035E1,2.573620367180E-2));
#10333=DIRECTION('',(0.E0,9.979482148809E-1,6.402624786721E-2));
#10334=DIRECTION('',(1.E0,0.E0,0.E0));
#10335=AXIS2_PLACEMENT_3D('',#10332,#10333,#10334);
#10336=PLANE('',#10335);
#10337=ORIENTED_EDGE('',*,*,#10294,.T.);
#10338=ORIENTED_EDGE('',*,*,#10292,.T.);
#10339=ORIENTED_EDGE('',*,*,#10313,.T.);
#10340=ORIENTED_EDGE('',*,*,#10311,.T.);
#10341=EDGE_LOOP('',(#10337,#10338,#10339,#10340));
#10342=FACE_OUTER_BOUND('',#10341,.F.);
#10343=ADVANCED_FACE('',(#10342),#10336,.T.);
#10344=CARTESIAN_POINT('',(7.999999999999E0,1.906514553357E1,
-8.951104248922E-2));
#10345=DIRECTION('',(0.E0,9.979482148809E-1,6.402624786719E-2));
#10346=DIRECTION('',(1.E0,0.E0,0.E0));
#10347=AXIS2_PLACEMENT_3D('',#10344,#10345,#10346);
#10348=CYLINDRICAL_SURFACE('',#10347,2.55E0);
#10350=ORIENTED_EDGE('',*,*,#10349,.F.);
#10352=ORIENTED_EDGE('',*,*,#10351,.F.);
#10354=ORIENTED_EDGE('',*,*,#10353,.T.);
#10355=ORIENTED_EDGE('',*,*,#7533,.F.);
#10357=ORIENTED_EDGE('',*,*,#10356,.T.);
#10358=EDGE_LOOP('',(#10350,#10352,#10354,#10355,#10357));
#10359=FACE_OUTER_BOUND('',#10358,.F.);
#10360=ADVANCED_FACE('',(#10359),#10348,.T.);
#10361=CARTESIAN_POINT('',(7.999999999999E0,2.036247821291E1,
-6.276920262233E-3));
#10362=DIRECTION('',(0.E0,9.979482148809E-1,6.402624786719E-2));
#10363=DIRECTION('',(-9.951641129308E-1,-6.289055669722E-3,9.802467094283E-2));
#10364=AXIS2_PLACEMENT_3D('',#10361,#10362,#10363);
#10365=TOROIDAL_SURFACE('',#10364,2.05E0,5.E-1);
#10366=ORIENTED_EDGE('',*,*,#10351,.T.);
#10367=ORIENTED_EDGE('',*,*,#10349,.T.);
#10369=ORIENTED_EDGE('',*,*,#10368,.T.);
#10371=ORIENTED_EDGE('',*,*,#10370,.F.);
#10373=ORIENTED_EDGE('',*,*,#10372,.F.);
#10375=ORIENTED_EDGE('',*,*,#10374,.F.);
#10376=EDGE_LOOP('',(#10366,#10367,#10369,#10371,#10373,#10375));
#10377=FACE_OUTER_BOUND('',#10376,.F.);
#10378=ADVANCED_FACE('',(#10377),#10365,.T.);
#10379=CARTESIAN_POINT('',(7.999999999999E0,2.036247821291E1,
-6.276920262233E-3));
#10380=DIRECTION('',(0.E0,9.979482148809E-1,6.402624786719E-2));
#10381=DIRECTION('',(9.951641131245E-1,6.289055544076E-3,-9.802466898445E-2));
#10382=AXIS2_PLACEMENT_3D('',#10379,#10380,#10381);
#10383=TOROIDAL_SURFACE('',#10382,2.05E0,5.E-1);
#10385=ORIENTED_EDGE('',*,*,#10384,.T.);
#10387=ORIENTED_EDGE('',*,*,#10386,.T.);
#10388=ORIENTED_EDGE('',*,*,#10374,.T.);
#10390=ORIENTED_EDGE('',*,*,#10389,.F.);
#10392=ORIENTED_EDGE('',*,*,#10391,.F.);
#10393=ORIENTED_EDGE('',*,*,#10368,.F.);
#10394=EDGE_LOOP('',(#10385,#10387,#10388,#10390,#10392,#10393));
#10395=FACE_OUTER_BOUND('',#10394,.F.);
#10396=ADVANCED_FACE('',(#10395),#10383,.T.);
#10397=CARTESIAN_POINT('',(7.999999999999E0,1.906514553357E1,
-8.951104248922E-2));
#10398=DIRECTION('',(0.E0,9.979482148809E-1,6.402624786719E-2));
#10399=DIRECTION('',(1.E0,0.E0,0.E0));
#10400=AXIS2_PLACEMENT_3D('',#10397,#10398,#10399);
#10401=CYLINDRICAL_SURFACE('',#10400,2.55E0);
#10402=ORIENTED_EDGE('',*,*,#10386,.F.);
#10403=ORIENTED_EDGE('',*,*,#10384,.F.);
#10404=ORIENTED_EDGE('',*,*,#10356,.F.);
#10405=ORIENTED_EDGE('',*,*,#7535,.F.);
#10406=ORIENTED_EDGE('',*,*,#10353,.F.);
#10407=EDGE_LOOP('',(#10402,#10403,#10404,#10405,#10406));
#10408=FACE_OUTER_BOUND('',#10407,.F.);
#10409=ADVANCED_FACE('',(#10408),#10401,.T.);
#10410=CARTESIAN_POINT('',(7.999999999999E0,2.086145232035E1,
2.573620367180E-2));
#10411=DIRECTION('',(0.E0,9.979482148809E-1,6.402624786721E-2));
#10412=DIRECTION('',(1.E0,0.E0,0.E0));
#10413=AXIS2_PLACEMENT_3D('',#10410,#10411,#10412);
#10414=PLANE('',#10413);
#10415=ORIENTED_EDGE('',*,*,#10372,.T.);
#10416=ORIENTED_EDGE('',*,*,#10370,.T.);
#10417=ORIENTED_EDGE('',*,*,#10391,.T.);
#10418=ORIENTED_EDGE('',*,*,#10389,.T.);
#10419=EDGE_LOOP('',(#10415,#10416,#10417,#10418));
#10420=FACE_OUTER_BOUND('',#10419,.F.);
#10421=ADVANCED_FACE('',(#10420),#10414,.T.);
#10422=CARTESIAN_POINT('',(1.6E1,1.906514553357E1,-8.951104248922E-2));
#10423=DIRECTION('',(0.E0,9.979482148809E-1,6.402624786719E-2));
#10424=DIRECTION('',(1.E0,0.E0,0.E0));
#10425=AXIS2_PLACEMENT_3D('',#10422,#10423,#10424);
#10426=CYLINDRICAL_SURFACE('',#10425,2.55E0);
#10428=ORIENTED_EDGE('',*,*,#10427,.F.);
#10430=ORIENTED_EDGE('',*,*,#10429,.F.);
#10432=ORIENTED_EDGE('',*,*,#10431,.T.);
#10433=ORIENTED_EDGE('',*,*,#7539,.F.);
#10435=ORIENTED_EDGE('',*,*,#10434,.T.);
#10436=EDGE_LOOP('',(#10428,#10430,#10432,#10433,#10435));
#10437=FACE_OUTER_BOUND('',#10436,.F.);
#10438=ADVANCED_FACE('',(#10437),#10426,.T.);
#10439=CARTESIAN_POINT('',(1.6E1,2.036247821291E1,-6.276920262233E-3));
#10440=DIRECTION('',(0.E0,9.979482148809E-1,6.402624786719E-2));
#10441=DIRECTION('',(-9.951641129308E-1,-6.289055669722E-3,9.802467094283E-2));
#10442=AXIS2_PLACEMENT_3D('',#10439,#10440,#10441);
#10443=TOROIDAL_SURFACE('',#10442,2.05E0,5.E-1);
#10444=ORIENTED_EDGE('',*,*,#10429,.T.);
#10445=ORIENTED_EDGE('',*,*,#10427,.T.);
#10447=ORIENTED_EDGE('',*,*,#10446,.T.);
#10449=ORIENTED_EDGE('',*,*,#10448,.F.);
#10451=ORIENTED_EDGE('',*,*,#10450,.F.);
#10453=ORIENTED_EDGE('',*,*,#10452,.F.);
#10454=EDGE_LOOP('',(#10444,#10445,#10447,#10449,#10451,#10453));
#10455=FACE_OUTER_BOUND('',#10454,.F.);
#10456=ADVANCED_FACE('',(#10455),#10443,.T.);
#10457=CARTESIAN_POINT('',(1.6E1,2.036247821291E1,-6.276920262233E-3));
#10458=DIRECTION('',(0.E0,9.979482148809E-1,6.402624786719E-2));
#10459=DIRECTION('',(9.951641131245E-1,6.289055544076E-3,-9.802466898445E-2));
#10460=AXIS2_PLACEMENT_3D('',#10457,#10458,#10459);
#10461=TOROIDAL_SURFACE('',#10460,2.05E0,5.E-1);
#10463=ORIENTED_EDGE('',*,*,#10462,.T.);
#10465=ORIENTED_EDGE('',*,*,#10464,.T.);
#10466=ORIENTED_EDGE('',*,*,#10452,.T.);
#10468=ORIENTED_EDGE('',*,*,#10467,.F.);
#10470=ORIENTED_EDGE('',*,*,#10469,.F.);
#10471=ORIENTED_EDGE('',*,*,#10446,.F.);
#10472=EDGE_LOOP('',(#10463,#10465,#10466,#10468,#10470,#10471));
#10473=FACE_OUTER_BOUND('',#10472,.F.);
#10474=ADVANCED_FACE('',(#10473),#10461,.T.);
#10475=CARTESIAN_POINT('',(1.6E1,1.906514553357E1,-8.951104248922E-2));
#10476=DIRECTION('',(0.E0,9.979482148809E-1,6.402624786719E-2));
#10477=DIRECTION('',(1.E0,0.E0,0.E0));
#10478=AXIS2_PLACEMENT_3D('',#10475,#10476,#10477);
#10479=CYLINDRICAL_SURFACE('',#10478,2.55E0);
#10480=ORIENTED_EDGE('',*,*,#10464,.F.);
#10481=ORIENTED_EDGE('',*,*,#10462,.F.);
#10482=ORIENTED_EDGE('',*,*,#10434,.F.);
#10483=ORIENTED_EDGE('',*,*,#7541,.F.);
#10484=ORIENTED_EDGE('',*,*,#10431,.F.);
#10485=EDGE_LOOP('',(#10480,#10481,#10482,#10483,#10484));
#10486=FACE_OUTER_BOUND('',#10485,.F.);
#10487=ADVANCED_FACE('',(#10486),#10479,.T.);
#10488=CARTESIAN_POINT('',(1.6E1,2.086145232035E1,2.573620367180E-2));
#10489=DIRECTION('',(0.E0,9.979482148809E-1,6.402624786721E-2));
#10490=DIRECTION('',(1.E0,0.E0,0.E0));
#10491=AXIS2_PLACEMENT_3D('',#10488,#10489,#10490);
#10492=PLANE('',#10491);
#10493=ORIENTED_EDGE('',*,*,#10450,.T.);
#10494=ORIENTED_EDGE('',*,*,#10448,.T.);
#10495=ORIENTED_EDGE('',*,*,#10469,.T.);
#10496=ORIENTED_EDGE('',*,*,#10467,.T.);
#10497=EDGE_LOOP('',(#10493,#10494,#10495,#10496));
#10498=FACE_OUTER_BOUND('',#10497,.F.);
#10499=ADVANCED_FACE('',(#10498),#10492,.T.);
#10500=CARTESIAN_POINT('',(-8.747169655265E-13,1.906514553357E1,
-8.951104248922E-2));
#10501=DIRECTION('',(0.E0,9.979482148809E-1,6.402624786719E-2));
#10502=DIRECTION('',(1.E0,0.E0,0.E0));
#10503=AXIS2_PLACEMENT_3D('',#10500,#10501,#10502);
#10504=CYLINDRICAL_SURFACE('',#10503,2.55E0);
#10506=ORIENTED_EDGE('',*,*,#10505,.F.);
#10508=ORIENTED_EDGE('',*,*,#10507,.F.);
#10510=ORIENTED_EDGE('',*,*,#10509,.T.);
#10511=ORIENTED_EDGE('',*,*,#7545,.F.);
#10513=ORIENTED_EDGE('',*,*,#10512,.T.);
#10514=EDGE_LOOP('',(#10506,#10508,#10510,#10511,#10513));
#10515=FACE_OUTER_BOUND('',#10514,.F.);
#10516=ADVANCED_FACE('',(#10515),#10504,.T.);
#10517=CARTESIAN_POINT('',(-8.747169655265E-13,2.036247821291E1,
-6.276920262233E-3));
#10518=DIRECTION('',(0.E0,9.979482148809E-1,6.402624786719E-2));
#10519=DIRECTION('',(-9.951641129308E-1,-6.289055669722E-3,9.802467094283E-2));
#10520=AXIS2_PLACEMENT_3D('',#10517,#10518,#10519);
#10521=TOROIDAL_SURFACE('',#10520,2.05E0,5.E-1);
#10522=ORIENTED_EDGE('',*,*,#10507,.T.);
#10523=ORIENTED_EDGE('',*,*,#10505,.T.);
#10525=ORIENTED_EDGE('',*,*,#10524,.T.);
#10527=ORIENTED_EDGE('',*,*,#10526,.F.);
#10529=ORIENTED_EDGE('',*,*,#10528,.F.);
#10531=ORIENTED_EDGE('',*,*,#10530,.F.);
#10532=EDGE_LOOP('',(#10522,#10523,#10525,#10527,#10529,#10531));
#10533=FACE_OUTER_BOUND('',#10532,.F.);
#10534=ADVANCED_FACE('',(#10533),#10521,.T.);
#10535=CARTESIAN_POINT('',(-8.747169655265E-13,2.036247821291E1,
-6.276920262233E-3));
#10536=DIRECTION('',(0.E0,9.979482148809E-1,6.402624786719E-2));
#10537=DIRECTION('',(9.951641131245E-1,6.289055544076E-3,-9.802466898445E-2));
#10538=AXIS2_PLACEMENT_3D('',#10535,#10536,#10537);
#10539=TOROIDAL_SURFACE('',#10538,2.05E0,5.E-1);
#10541=ORIENTED_EDGE('',*,*,#10540,.T.);
#10543=ORIENTED_EDGE('',*,*,#10542,.T.);
#10544=ORIENTED_EDGE('',*,*,#10530,.T.);
#10546=ORIENTED_EDGE('',*,*,#10545,.F.);
#10548=ORIENTED_EDGE('',*,*,#10547,.F.);
#10549=ORIENTED_EDGE('',*,*,#10524,.F.);
#10550=EDGE_LOOP('',(#10541,#10543,#10544,#10546,#10548,#10549));
#10551=FACE_OUTER_BOUND('',#10550,.F.);
#10552=ADVANCED_FACE('',(#10551),#10539,.T.);
#10553=CARTESIAN_POINT('',(-8.747169655265E-13,1.906514553357E1,
-8.951104248922E-2));
#10554=DIRECTION('',(0.E0,9.979482148809E-1,6.402624786719E-2));
#10555=DIRECTION('',(1.E0,0.E0,0.E0));
#10556=AXIS2_PLACEMENT_3D('',#10553,#10554,#10555);
#10557=CYLINDRICAL_SURFACE('',#10556,2.55E0);
#10558=ORIENTED_EDGE('',*,*,#10542,.F.);
#10559=ORIENTED_EDGE('',*,*,#10540,.F.);
#10560=ORIENTED_EDGE('',*,*,#10512,.F.);
#10561=ORIENTED_EDGE('',*,*,#7547,.F.);
#10562=ORIENTED_EDGE('',*,*,#10509,.F.);
#10563=EDGE_LOOP('',(#10558,#10559,#10560,#10561,#10562));
#10564=FACE_OUTER_BOUND('',#10563,.F.);
#10565=ADVANCED_FACE('',(#10564),#10557,.T.);
#10566=CARTESIAN_POINT('',(-8.748557434046E-13,2.086145232035E1,
2.573620367180E-2));
#10567=DIRECTION('',(0.E0,9.979482148809E-1,6.402624786721E-2));
#10568=DIRECTION('',(1.E0,0.E0,0.E0));
#10569=AXIS2_PLACEMENT_3D('',#10566,#10567,#10568);
#10570=PLANE('',#10569);
#10571=ORIENTED_EDGE('',*,*,#10528,.T.);
#10572=ORIENTED_EDGE('',*,*,#10526,.T.);
#10573=ORIENTED_EDGE('',*,*,#10547,.T.);
#10574=ORIENTED_EDGE('',*,*,#10545,.T.);
#10575=EDGE_LOOP('',(#10571,#10572,#10573,#10574));
#10576=FACE_OUTER_BOUND('',#10575,.F.);
#10577=ADVANCED_FACE('',(#10576),#10570,.T.);
#10578=CARTESIAN_POINT('',(7.2E1,1.906514553357E1,-8.951104248922E-2));
#10579=DIRECTION('',(0.E0,9.979482148809E-1,6.402624786719E-2));
#10580=DIRECTION('',(1.E0,0.E0,0.E0));
#10581=AXIS2_PLACEMENT_3D('',#10578,#10579,#10580);
#10582=CYLINDRICAL_SURFACE('',#10581,2.55E0);
#10584=ORIENTED_EDGE('',*,*,#10583,.F.);
#10586=ORIENTED_EDGE('',*,*,#10585,.F.);
#10588=ORIENTED_EDGE('',*,*,#10587,.T.);
#10589=ORIENTED_EDGE('',*,*,#7551,.F.);
#10591=ORIENTED_EDGE('',*,*,#10590,.T.);
#10592=EDGE_LOOP('',(#10584,#10586,#10588,#10589,#10591));
#10593=FACE_OUTER_BOUND('',#10592,.F.);
#10594=ADVANCED_FACE('',(#10593),#10582,.T.);
#10595=CARTESIAN_POINT('',(7.2E1,2.036247821291E1,-6.276920262233E-3));
#10596=DIRECTION('',(0.E0,9.979482148809E-1,6.402624786719E-2));
#10597=DIRECTION('',(-9.951641129308E-1,-6.289055669722E-3,9.802467094283E-2));
#10598=AXIS2_PLACEMENT_3D('',#10595,#10596,#10597);
#10599=TOROIDAL_SURFACE('',#10598,2.05E0,5.E-1);
#10600=ORIENTED_EDGE('',*,*,#10585,.T.);
#10601=ORIENTED_EDGE('',*,*,#10583,.T.);
#10603=ORIENTED_EDGE('',*,*,#10602,.T.);
#10605=ORIENTED_EDGE('',*,*,#10604,.F.);
#10607=ORIENTED_EDGE('',*,*,#10606,.F.);
#10609=ORIENTED_EDGE('',*,*,#10608,.F.);
#10610=EDGE_LOOP('',(#10600,#10601,#10603,#10605,#10607,#10609));
#10611=FACE_OUTER_BOUND('',#10610,.F.);
#10612=ADVANCED_FACE('',(#10611),#10599,.T.);
#10613=CARTESIAN_POINT('',(7.2E1,2.036247821291E1,-6.276920262233E-3));
#10614=DIRECTION('',(0.E0,9.979482148809E-1,6.402624786719E-2));
#10615=DIRECTION('',(9.951641131245E-1,6.289055544076E-3,-9.802466898445E-2));
#10616=AXIS2_PLACEMENT_3D('',#10613,#10614,#10615);
#10617=TOROIDAL_SURFACE('',#10616,2.05E0,5.E-1);
#10619=ORIENTED_EDGE('',*,*,#10618,.T.);
#10621=ORIENTED_EDGE('',*,*,#10620,.T.);
#10622=ORIENTED_EDGE('',*,*,#10608,.T.);
#10624=ORIENTED_EDGE('',*,*,#10623,.F.);
#10626=ORIENTED_EDGE('',*,*,#10625,.F.);
#10627=ORIENTED_EDGE('',*,*,#10602,.F.);
#10628=EDGE_LOOP('',(#10619,#10621,#10622,#10624,#10626,#10627));
#10629=FACE_OUTER_BOUND('',#10628,.F.);
#10630=ADVANCED_FACE('',(#10629),#10617,.T.);
#10631=CARTESIAN_POINT('',(7.2E1,1.906514553357E1,-8.951104248922E-2));
#10632=DIRECTION('',(0.E0,9.979482148809E-1,6.402624786719E-2));
#10633=DIRECTION('',(1.E0,0.E0,0.E0));
#10634=AXIS2_PLACEMENT_3D('',#10631,#10632,#10633);
#10635=CYLINDRICAL_SURFACE('',#10634,2.55E0);
#10636=ORIENTED_EDGE('',*,*,#10620,.F.);
#10637=ORIENTED_EDGE('',*,*,#10618,.F.);
#10638=ORIENTED_EDGE('',*,*,#10590,.F.);
#10639=ORIENTED_EDGE('',*,*,#7553,.F.);
#10640=ORIENTED_EDGE('',*,*,#10587,.F.);
#10641=EDGE_LOOP('',(#10636,#10637,#10638,#10639,#10640));
#10642=FACE_OUTER_BOUND('',#10641,.F.);
#10643=ADVANCED_FACE('',(#10642),#10635,.T.);
#10644=CARTESIAN_POINT('',(7.2E1,2.086145232035E1,2.573620367180E-2));
#10645=DIRECTION('',(0.E0,9.979482148809E-1,6.402624786721E-2));
#10646=DIRECTION('',(1.E0,0.E0,0.E0));
#10647=AXIS2_PLACEMENT_3D('',#10644,#10645,#10646);
#10648=PLANE('',#10647);
#10649=ORIENTED_EDGE('',*,*,#10606,.T.);
#10650=ORIENTED_EDGE('',*,*,#10604,.T.);
#10651=ORIENTED_EDGE('',*,*,#10625,.T.);
#10652=ORIENTED_EDGE('',*,*,#10623,.T.);
#10653=EDGE_LOOP('',(#10649,#10650,#10651,#10652));
#10654=FACE_OUTER_BOUND('',#10653,.F.);
#10655=ADVANCED_FACE('',(#10654),#10648,.T.);
#10656=CARTESIAN_POINT('',(8.E1,1.906514553357E1,-8.951104248922E-2));
#10657=DIRECTION('',(0.E0,9.979482148809E-1,6.402624786719E-2));
#10658=DIRECTION('',(1.E0,0.E0,0.E0));
#10659=AXIS2_PLACEMENT_3D('',#10656,#10657,#10658);
#10660=CYLINDRICAL_SURFACE('',#10659,2.55E0);
#10662=ORIENTED_EDGE('',*,*,#10661,.F.);
#10664=ORIENTED_EDGE('',*,*,#10663,.F.);
#10666=ORIENTED_EDGE('',*,*,#10665,.T.);
#10667=ORIENTED_EDGE('',*,*,#7557,.F.);
#10669=ORIENTED_EDGE('',*,*,#10668,.T.);
#10670=EDGE_LOOP('',(#10662,#10664,#10666,#10667,#10669));
#10671=FACE_OUTER_BOUND('',#10670,.F.);
#10672=ADVANCED_FACE('',(#10671),#10660,.T.);
#10673=CARTESIAN_POINT('',(8.E1,2.036247821291E1,-6.276920262233E-3));
#10674=DIRECTION('',(0.E0,9.979482148809E-1,6.402624786719E-2));
#10675=DIRECTION('',(-9.951641129308E-1,-6.289055669722E-3,9.802467094283E-2));
#10676=AXIS2_PLACEMENT_3D('',#10673,#10674,#10675);
#10677=TOROIDAL_SURFACE('',#10676,2.05E0,5.E-1);
#10678=ORIENTED_EDGE('',*,*,#10663,.T.);
#10679=ORIENTED_EDGE('',*,*,#10661,.T.);
#10681=ORIENTED_EDGE('',*,*,#10680,.T.);
#10683=ORIENTED_EDGE('',*,*,#10682,.F.);
#10685=ORIENTED_EDGE('',*,*,#10684,.F.);
#10687=ORIENTED_EDGE('',*,*,#10686,.F.);
#10688=EDGE_LOOP('',(#10678,#10679,#10681,#10683,#10685,#10687));
#10689=FACE_OUTER_BOUND('',#10688,.F.);
#10690=ADVANCED_FACE('',(#10689),#10677,.T.);
#10691=CARTESIAN_POINT('',(8.E1,2.036247821291E1,-6.276920262233E-3));
#10692=DIRECTION('',(0.E0,9.979482148809E-1,6.402624786719E-2));
#10693=DIRECTION('',(9.951641131245E-1,6.289055544076E-3,-9.802466898445E-2));
#10694=AXIS2_PLACEMENT_3D('',#10691,#10692,#10693);
#10695=TOROIDAL_SURFACE('',#10694,2.05E0,5.E-1);
#10697=ORIENTED_EDGE('',*,*,#10696,.T.);
#10699=ORIENTED_EDGE('',*,*,#10698,.T.);
#10700=ORIENTED_EDGE('',*,*,#10686,.T.);
#10702=ORIENTED_EDGE('',*,*,#10701,.F.);
#10704=ORIENTED_EDGE('',*,*,#10703,.F.);
#10705=ORIENTED_EDGE('',*,*,#10680,.F.);
#10706=EDGE_LOOP('',(#10697,#10699,#10700,#10702,#10704,#10705));
#10707=FACE_OUTER_BOUND('',#10706,.F.);
#10708=ADVANCED_FACE('',(#10707),#10695,.T.);
#10709=CARTESIAN_POINT('',(8.E1,1.906514553357E1,-8.951104248922E-2));
#10710=DIRECTION('',(0.E0,9.979482148809E-1,6.402624786719E-2));
#10711=DIRECTION('',(1.E0,0.E0,0.E0));
#10712=AXIS2_PLACEMENT_3D('',#10709,#10710,#10711);
#10713=CYLINDRICAL_SURFACE('',#10712,2.55E0);
#10714=ORIENTED_EDGE('',*,*,#10698,.F.);
#10715=ORIENTED_EDGE('',*,*,#10696,.F.);
#10716=ORIENTED_EDGE('',*,*,#10668,.F.);
#10717=ORIENTED_EDGE('',*,*,#7559,.F.);
#10718=ORIENTED_EDGE('',*,*,#10665,.F.);
#10719=EDGE_LOOP('',(#10714,#10715,#10716,#10717,#10718));
#10720=FACE_OUTER_BOUND('',#10719,.F.);
#10721=ADVANCED_FACE('',(#10720),#10713,.T.);
#10722=CARTESIAN_POINT('',(8.E1,2.086145232035E1,2.573620367180E-2));
#10723=DIRECTION('',(0.E0,9.979482148809E-1,6.402624786721E-2));
#10724=DIRECTION('',(1.E0,0.E0,0.E0));
#10725=AXIS2_PLACEMENT_3D('',#10722,#10723,#10724);
#10726=PLANE('',#10725);
#10727=ORIENTED_EDGE('',*,*,#10684,.T.);
#10728=ORIENTED_EDGE('',*,*,#10682,.T.);
#10729=ORIENTED_EDGE('',*,*,#10703,.T.);
#10730=ORIENTED_EDGE('',*,*,#10701,.T.);
#10731=EDGE_LOOP('',(#10727,#10728,#10729,#10730));
#10732=FACE_OUTER_BOUND('',#10731,.F.);
#10733=ADVANCED_FACE('',(#10732),#10726,.T.);
#10734=CARTESIAN_POINT('',(7.2E1,1.855293555063E1,7.894074676558E0));
#10735=DIRECTION('',(0.E0,9.979482148809E-1,6.402624786719E-2));
#10736=DIRECTION('',(1.E0,0.E0,0.E0));
#10737=AXIS2_PLACEMENT_3D('',#10734,#10735,#10736);
#10738=CYLINDRICAL_SURFACE('',#10737,2.55E0);
#10740=ORIENTED_EDGE('',*,*,#10739,.F.);
#10742=ORIENTED_EDGE('',*,*,#10741,.F.);
#10744=ORIENTED_EDGE('',*,*,#10743,.T.);
#10745=ORIENTED_EDGE('',*,*,#7563,.F.);
#10747=ORIENTED_EDGE('',*,*,#10746,.T.);
#10748=EDGE_LOOP('',(#10740,#10742,#10744,#10745,#10747));
#10749=FACE_OUTER_BOUND('',#10748,.F.);
#10750=ADVANCED_FACE('',(#10749),#10738,.T.);
#10751=CARTESIAN_POINT('',(7.2E1,1.985026822997E1,7.977308798785E0));
#10752=DIRECTION('',(0.E0,9.979482148809E-1,6.402624786719E-2));
#10753=DIRECTION('',(-9.951641129308E-1,-6.289055669722E-3,9.802467094283E-2));
#10754=AXIS2_PLACEMENT_3D('',#10751,#10752,#10753);
#10755=TOROIDAL_SURFACE('',#10754,2.05E0,5.E-1);
#10756=ORIENTED_EDGE('',*,*,#10741,.T.);
#10757=ORIENTED_EDGE('',*,*,#10739,.T.);
#10759=ORIENTED_EDGE('',*,*,#10758,.T.);
#10761=ORIENTED_EDGE('',*,*,#10760,.F.);
#10763=ORIENTED_EDGE('',*,*,#10762,.F.);
#10765=ORIENTED_EDGE('',*,*,#10764,.F.);
#10766=EDGE_LOOP('',(#10756,#10757,#10759,#10761,#10763,#10765));
#10767=FACE_OUTER_BOUND('',#10766,.F.);
#10768=ADVANCED_FACE('',(#10767),#10755,.T.);
#10769=CARTESIAN_POINT('',(7.2E1,1.985026822997E1,7.977308798785E0));
#10770=DIRECTION('',(0.E0,9.979482148809E-1,6.402624786719E-2));
#10771=DIRECTION('',(9.951641131245E-1,6.289055544076E-3,-9.802466898445E-2));
#10772=AXIS2_PLACEMENT_3D('',#10769,#10770,#10771);
#10773=TOROIDAL_SURFACE('',#10772,2.05E0,5.E-1);
#10775=ORIENTED_EDGE('',*,*,#10774,.T.);
#10777=ORIENTED_EDGE('',*,*,#10776,.T.);
#10778=ORIENTED_EDGE('',*,*,#10764,.T.);
#10780=ORIENTED_EDGE('',*,*,#10779,.F.);
#10782=ORIENTED_EDGE('',*,*,#10781,.F.);
#10783=ORIENTED_EDGE('',*,*,#10758,.F.);
#10784=EDGE_LOOP('',(#10775,#10777,#10778,#10780,#10782,#10783));
#10785=FACE_OUTER_BOUND('',#10784,.F.);
#10786=ADVANCED_FACE('',(#10785),#10773,.T.);
#10787=CARTESIAN_POINT('',(7.2E1,1.855293555063E1,7.894074676558E0));
#10788=DIRECTION('',(0.E0,9.979482148809E-1,6.402624786719E-2));
#10789=DIRECTION('',(1.E0,0.E0,0.E0));
#10790=AXIS2_PLACEMENT_3D('',#10787,#10788,#10789);
#10791=CYLINDRICAL_SURFACE('',#10790,2.55E0);
#10792=ORIENTED_EDGE('',*,*,#10776,.F.);
#10793=ORIENTED_EDGE('',*,*,#10774,.F.);
#10794=ORIENTED_EDGE('',*,*,#10746,.F.);
#10795=ORIENTED_EDGE('',*,*,#7565,.F.);
#10796=ORIENTED_EDGE('',*,*,#10743,.F.);
#10797=EDGE_LOOP('',(#10792,#10793,#10794,#10795,#10796));
#10798=FACE_OUTER_BOUND('',#10797,.F.);
#10799=ADVANCED_FACE('',(#10798),#10791,.T.);
#10800=CARTESIAN_POINT('',(7.2E1,2.034924233741E1,8.009321922719E0));
#10801=DIRECTION('',(0.E0,9.979482148809E-1,6.402624786721E-2));
#10802=DIRECTION('',(1.E0,0.E0,0.E0));
#10803=AXIS2_PLACEMENT_3D('',#10800,#10801,#10802);
#10804=PLANE('',#10803);
#10805=ORIENTED_EDGE('',*,*,#10762,.T.);
#10806=ORIENTED_EDGE('',*,*,#10760,.T.);
#10807=ORIENTED_EDGE('',*,*,#10781,.T.);
#10808=ORIENTED_EDGE('',*,*,#10779,.T.);
#10809=EDGE_LOOP('',(#10805,#10806,#10807,#10808));
#10810=FACE_OUTER_BOUND('',#10809,.F.);
#10811=ADVANCED_FACE('',(#10810),#10804,.T.);
#10812=CARTESIAN_POINT('',(8.E1,1.855293555063E1,7.894074676558E0));
#10813=DIRECTION('',(0.E0,9.979482148809E-1,6.402624786719E-2));
#10814=DIRECTION('',(1.E0,0.E0,0.E0));
#10815=AXIS2_PLACEMENT_3D('',#10812,#10813,#10814);
#10816=CYLINDRICAL_SURFACE('',#10815,2.55E0);
#10818=ORIENTED_EDGE('',*,*,#10817,.F.);
#10820=ORIENTED_EDGE('',*,*,#10819,.F.);
#10822=ORIENTED_EDGE('',*,*,#10821,.T.);
#10823=ORIENTED_EDGE('',*,*,#7569,.F.);
#10825=ORIENTED_EDGE('',*,*,#10824,.T.);
#10826=EDGE_LOOP('',(#10818,#10820,#10822,#10823,#10825));
#10827=FACE_OUTER_BOUND('',#10826,.F.);
#10828=ADVANCED_FACE('',(#10827),#10816,.T.);
#10829=CARTESIAN_POINT('',(8.E1,1.985026822997E1,7.977308798785E0));
#10830=DIRECTION('',(0.E0,9.979482148809E-1,6.402624786719E-2));
#10831=DIRECTION('',(9.947697185797E-1,-6.539837595415E-3,1.019334955797E-1));
#10832=AXIS2_PLACEMENT_3D('',#10829,#10830,#10831);
#10833=TOROIDAL_SURFACE('',#10832,2.05E0,5.E-1);
#10835=ORIENTED_EDGE('',*,*,#10834,.F.);
#10837=ORIENTED_EDGE('',*,*,#10836,.F.);
#10839=ORIENTED_EDGE('',*,*,#10838,.T.);
#10840=ORIENTED_EDGE('',*,*,#10819,.T.);
#10841=ORIENTED_EDGE('',*,*,#10817,.T.);
#10843=ORIENTED_EDGE('',*,*,#10842,.F.);
#10844=EDGE_LOOP('',(#10835,#10837,#10839,#10840,#10841,#10843));
#10845=FACE_OUTER_BOUND('',#10844,.F.);
#10846=ADVANCED_FACE('',(#10845),#10833,.T.);
#10847=CARTESIAN_POINT('',(8.E1,2.034924233741E1,8.009321922719E0));
#10848=DIRECTION('',(0.E0,9.979482148809E-1,6.402624786721E-2));
#10849=DIRECTION('',(1.E0,0.E0,0.E0));
#10850=AXIS2_PLACEMENT_3D('',#10847,#10848,#10849);
#10851=PLANE('',#10850);
#10852=ORIENTED_EDGE('',*,*,#10836,.T.);
#10853=ORIENTED_EDGE('',*,*,#10834,.T.);
#10855=ORIENTED_EDGE('',*,*,#10854,.T.);
#10857=ORIENTED_EDGE('',*,*,#10856,.T.);
#10858=EDGE_LOOP('',(#10852,#10853,#10855,#10857));
#10859=FACE_OUTER_BOUND('',#10858,.F.);
#10860=ADVANCED_FACE('',(#10859),#10851,.T.);
#10861=CARTESIAN_POINT('',(8.E1,1.985026822997E1,7.977308798785E0));
#10862=DIRECTION('',(0.E0,9.979482148809E-1,6.402624786719E-2));
#10863=DIRECTION('',(-9.947697187811E-1,6.539837469819E-3,-1.019334936221E-1));
#10864=AXIS2_PLACEMENT_3D('',#10861,#10862,#10863);
#10865=TOROIDAL_SURFACE('',#10864,2.05E0,5.E-1);
#10866=ORIENTED_EDGE('',*,*,#10856,.F.);
#10867=ORIENTED_EDGE('',*,*,#10854,.F.);
#10868=ORIENTED_EDGE('',*,*,#10842,.T.);
#10870=ORIENTED_EDGE('',*,*,#10869,.T.);
#10872=ORIENTED_EDGE('',*,*,#10871,.T.);
#10873=ORIENTED_EDGE('',*,*,#10838,.F.);
#10874=EDGE_LOOP('',(#10866,#10867,#10868,#10870,#10872,#10873));
#10875=FACE_OUTER_BOUND('',#10874,.F.);
#10876=ADVANCED_FACE('',(#10875),#10865,.T.);
#10877=CARTESIAN_POINT('',(8.E1,1.855293555063E1,7.894074676558E0));
#10878=DIRECTION('',(0.E0,9.979482148809E-1,6.402624786719E-2));
#10879=DIRECTION('',(1.E0,0.E0,0.E0));
#10880=AXIS2_PLACEMENT_3D('',#10877,#10878,#10879);
#10881=CYLINDRICAL_SURFACE('',#10880,2.55E0);
#10882=ORIENTED_EDGE('',*,*,#10871,.F.);
#10883=ORIENTED_EDGE('',*,*,#10869,.F.);
#10884=ORIENTED_EDGE('',*,*,#10824,.F.);
#10885=ORIENTED_EDGE('',*,*,#7571,.F.);
#10886=ORIENTED_EDGE('',*,*,#10821,.F.);
#10887=EDGE_LOOP('',(#10882,#10883,#10884,#10885,#10886));
#10888=FACE_OUTER_BOUND('',#10887,.F.);
#10889=ADVANCED_FACE('',(#10888),#10881,.T.);
#10890=CARTESIAN_POINT('',(-1.073876048912E1,5.981058607215E0,
-5.613042305150E0));
#10891=CARTESIAN_POINT('',(-1.071350020737E1,5.942718684423E0,
-5.617187680121E0));
#10892=CARTESIAN_POINT('',(-1.067124333038E1,5.925428000196E0,
-5.619057177094E0));
#10893=CARTESIAN_POINT('',(-1.062114241564E1,5.930620878954E0,
-5.618495714575E0));
#10894=CARTESIAN_POINT('',(-1.058970272461E1,5.939358853383E0,
-5.617550950532E0));
#10895=CARTESIAN_POINT('',(-1.055204378487E1,5.958731095807E0,
-5.615456392092E0));
#10896=CARTESIAN_POINT('',(-1.051294177985E1,5.990266298471E0,
-5.612046754558E0));
#10897=CARTESIAN_POINT('',(-1.047191354944E1,6.041207313430E0,
-5.606538928955E0));
#10898=CARTESIAN_POINT('',(-1.043828766713E1,6.123858986711E0,
-5.597602495267E0));
#10899=CARTESIAN_POINT('',(-1.046730074503E1,6.192990563625E0,
-5.590127876443E0));
#10900=CARTESIAN_POINT('',(-1.050765960633E1,6.224994371900E0,
-5.586667572505E0));
#10902=DIRECTION('',(0.E0,1.074951318135E-1,-9.942056108454E-1));
#10903=VECTOR('',#10902,1.E0);
#10904=SURFACE_OF_LINEAR_EXTRUSION('',#10901,#10903);
#10906=ORIENTED_EDGE('',*,*,#10905,.T.);
#10907=ORIENTED_EDGE('',*,*,#6979,.F.);
#10909=ORIENTED_EDGE('',*,*,#10908,.T.);
#10911=ORIENTED_EDGE('',*,*,#10910,.F.);
#10912=EDGE_LOOP('',(#10906,#10907,#10909,#10911));
#10913=FACE_OUTER_BOUND('',#10912,.F.);
#10914=ADVANCED_FACE('',(#10913),#10904,.T.);
#10915=CARTESIAN_POINT('',(-1.113453394778E1,5.978911888329E0,
-6.096071928592E0));
#10916=DIRECTION('',(3.268294956006E-3,-9.942003009023E-1,-1.074945576938E-1));
#10917=DIRECTION('',(9.999946591098E-1,3.249357183157E-3,3.513257971169E-4));
#10918=AXIS2_PLACEMENT_3D('',#10915,#10916,#10917);
#10919=PLANE('',#10918);
#10920=ORIENTED_EDGE('',*,*,#10905,.F.);
#10922=ORIENTED_EDGE('',*,*,#10921,.T.);
#10924=ORIENTED_EDGE('',*,*,#10923,.F.);
#10925=ORIENTED_EDGE('',*,*,#6981,.F.);
#10926=EDGE_LOOP('',(#10920,#10922,#10924,#10925));
#10927=FACE_OUTER_BOUND('',#10926,.F.);
#10928=ADVANCED_FACE('',(#10927),#10919,.F.);
#10929=CARTESIAN_POINT('',(-1.285218861775E1,9.856258641364E0,
-5.194049358490E0));
#10930=DIRECTION('',(1.432924291302E-14,1.074951318136E-1,-9.942056108454E-1));
#10931=DIRECTION('',(0.E0,-9.942056108454E-1,-1.074951318136E-1));
#10932=AXIS2_PLACEMENT_3D('',#10929,#10930,#10931);
#10933=PLANE('',#10932);
#10934=ORIENTED_EDGE('',*,*,#10910,.T.);
#10936=ORIENTED_EDGE('',*,*,#10935,.F.);
#10938=ORIENTED_EDGE('',*,*,#10937,.T.);
#10940=ORIENTED_EDGE('',*,*,#10939,.T.);
#10942=ORIENTED_EDGE('',*,*,#10941,.T.);
#10944=ORIENTED_EDGE('',*,*,#10943,.F.);
#10946=ORIENTED_EDGE('',*,*,#10945,.T.);
#10948=ORIENTED_EDGE('',*,*,#10947,.F.);
#10950=ORIENTED_EDGE('',*,*,#10949,.T.);
#10952=ORIENTED_EDGE('',*,*,#10951,.F.);
#10954=ORIENTED_EDGE('',*,*,#10953,.T.);
#10956=ORIENTED_EDGE('',*,*,#10955,.F.);
#10958=ORIENTED_EDGE('',*,*,#10957,.T.);
#10960=ORIENTED_EDGE('',*,*,#10959,.F.);
#10962=ORIENTED_EDGE('',*,*,#10961,.T.);
#10964=ORIENTED_EDGE('',*,*,#10963,.F.);
#10966=ORIENTED_EDGE('',*,*,#10965,.T.);
#10968=ORIENTED_EDGE('',*,*,#10967,.T.);
#10970=ORIENTED_EDGE('',*,*,#10969,.T.);
#10972=ORIENTED_EDGE('',*,*,#10971,.F.);
#10974=ORIENTED_EDGE('',*,*,#10973,.T.);
#10975=ORIENTED_EDGE('',*,*,#10921,.F.);
#10976=EDGE_LOOP('',(#10934,#10936,#10938,#10940,#10942,#10944,#10946,#10948,
#10950,#10952,#10954,#10956,#10958,#10960,#10962,#10964,#10966,#10968,#10970,
#10972,#10974,#10975));
#10977=FACE_OUTER_BOUND('',#10976,.F.);
#10978=ADVANCED_FACE('',(#10977),#10933,.T.);
#10979=CARTESIAN_POINT('',(-1.045316438423E1,6.471545911727E0,
-6.042807534685E0));
#10980=DIRECTION('',(9.999946615261E-1,3.248622060717E-3,3.512463144934E-4));
#10981=DIRECTION('',(-3.267555549156E-3,9.942003033048E-1,1.074945579523E-1));
#10982=AXIS2_PLACEMENT_3D('',#10979,#10980,#10981);
#10983=PLANE('',#10982);
#10985=ORIENTED_EDGE('',*,*,#10984,.F.);
#10986=ORIENTED_EDGE('',*,*,#10935,.T.);
#10987=ORIENTED_EDGE('',*,*,#10908,.F.);
#10988=ORIENTED_EDGE('',*,*,#7021,.F.);
#10989=EDGE_LOOP('',(#10985,#10986,#10987,#10988));
#10990=FACE_OUTER_BOUND('',#10989,.F.);
#10991=ADVANCED_FACE('',(#10990),#10983,.F.);
#10992=CARTESIAN_POINT('',(-1.037415906004E1,6.769292589871E0,
-6.010614678337E0));
#10993=DIRECTION('',(1.093726621750E-13,1.074951318135E-1,-9.942056108454E-1));
#10994=DIRECTION('',(-9.999947661606E-1,-3.216627990852E-3,-3.477870635702E-4));
#10995=AXIS2_PLACEMENT_3D('',#10992,#10993,#10994);
#10996=CYLINDRICAL_SURFACE('',#10995,7.998347651673E-2);
#10997=ORIENTED_EDGE('',*,*,#10984,.T.);
#10998=ORIENTED_EDGE('',*,*,#7019,.F.);
#11000=ORIENTED_EDGE('',*,*,#10999,.T.);
#11001=ORIENTED_EDGE('',*,*,#10937,.F.);
#11002=EDGE_LOOP('',(#10997,#10998,#11000,#11001));
#11003=FACE_OUTER_BOUND('',#11002,.F.);
#11004=ADVANCED_FACE('',(#11003),#10996,.T.);
#11005=CARTESIAN_POINT('',(-9.985784038367E0,7.085990809624E0,
-5.976372750400E0));
#11006=DIRECTION('',(5.029601350444E-1,-8.593014641249E-1,-9.290907549319E-2));
#11007=DIRECTION('',(8.643096103574E-1,5.000457882926E-1,5.406576601406E-2));
#11008=AXIS2_PLACEMENT_3D('',#11005,#11006,#11007);
#11009=PLANE('',#11008);
#11010=ORIENTED_EDGE('',*,*,#10999,.F.);
#11011=ORIENTED_EDGE('',*,*,#7017,.F.);
#11013=ORIENTED_EDGE('',*,*,#11012,.F.);
#11014=ORIENTED_EDGE('',*,*,#10939,.F.);
#11015=EDGE_LOOP('',(#11010,#11011,#11013,#11014));
#11016=FACE_OUTER_BOUND('',#11015,.F.);
#11017=ADVANCED_FACE('',(#11016),#11009,.F.);
#11018=CARTESIAN_POINT('',(-9.561687220755E0,7.279641861537E0,
-5.472637366201E0));
#11019=CARTESIAN_POINT('',(-9.560174178685E0,7.280528939244E0,
-5.472541453913E0));
#11020=CARTESIAN_POINT('',(-9.533842275930E0,7.296422660519E0,
-5.470822998852E0));
#11021=CARTESIAN_POINT('',(-9.489073508168E0,7.339011006894E0,
-5.466218277397E0));
#11022=CARTESIAN_POINT('',(-9.446376879298E0,7.415125040910E0,
-5.457988703927E0));
#11023=CARTESIAN_POINT('',(-9.433855729051E0,7.475223998962E0,
-5.451490706584E0));
#11024=CARTESIAN_POINT('',(-9.434347047679E0,7.505569584272E0,
-5.448209692417E0));
#11025=CARTESIAN_POINT('',(-9.434398334990E0,7.507315432039E0,
-5.448020928509E0));
#11027=DIRECTION('',(0.E0,1.074951318136E-1,-9.942056108454E-1));
#11028=VECTOR('',#11027,1.E0);
#11029=SURFACE_OF_LINEAR_EXTRUSION('',#11026,#11028);
#11031=ORIENTED_EDGE('',*,*,#11030,.T.);
#11032=ORIENTED_EDGE('',*,*,#10941,.F.);
#11033=ORIENTED_EDGE('',*,*,#11012,.T.);
#11034=ORIENTED_EDGE('',*,*,#7015,.F.);
#11035=EDGE_LOOP('',(#11031,#11032,#11033,#11034));
#11036=FACE_OUTER_BOUND('',#11035,.F.);
#11037=ADVANCED_FACE('',(#11036),#11029,.T.);
#11038=CARTESIAN_POINT('',(-9.437865062440E0,8.634601390794E0,
-5.808934449172E0));
#11039=DIRECTION('',(9.999946632360E-1,3.248101754981E-3,3.511900581603E-4));
#11040=DIRECTION('',(-3.267032210992E-3,9.942003050047E-1,1.074945581375E-1));
#11041=AXIS2_PLACEMENT_3D('',#11038,#11039,#11040);
#11042=PLANE('',#11041);
#11043=ORIENTED_EDGE('',*,*,#11030,.F.);
#11044=ORIENTED_EDGE('',*,*,#7013,.F.);
#11046=ORIENTED_EDGE('',*,*,#11045,.T.);
#11047=ORIENTED_EDGE('',*,*,#10943,.T.);
#11048=EDGE_LOOP('',(#11043,#11044,#11046,#11047));
#11049=FACE_OUTER_BOUND('',#11048,.F.);
#11050=ADVANCED_FACE('',(#11049),#11042,.F.);
#11051=CARTESIAN_POINT('',(-9.489360924337E0,9.566089797898E0,
-5.225422887002E0));
#11052=CARTESIAN_POINT('',(-9.454399037613E0,9.597267249356E0,
-5.222051930110E0));
#11053=CARTESIAN_POINT('',(-9.428341281264E0,9.664620275556E0,
-5.214769611089E0));
#11054=CARTESIAN_POINT('',(-9.468661288280E0,9.761981947356E0,
-5.204242708374E0));
#11055=CARTESIAN_POINT('',(-9.526659921422E0,9.819042577204E0,
-5.198073220032E0));
#11056=CARTESIAN_POINT('',(-9.580167870700E0,9.846168787394E0,
-5.195140289954E0));
#11057=CARTESIAN_POINT('',(-9.611642986516E0,9.854686799687E0,
-5.194219308576E0));
#11058=CARTESIAN_POINT('',(-9.662080285232E0,9.859585025679E0,
-5.193689704392E0));
#11059=CARTESIAN_POINT('',(-9.704521330399E0,9.841715235796E0,
-5.195621815215E0));
#11060=CARTESIAN_POINT('',(-9.729484523667E0,9.802238477432E0,
-5.199890106748E0));
#11062=DIRECTION('',(0.E0,1.074951318137E-1,-9.942056108453E-1));
#11063=VECTOR('',#11062,1.E0);
#11064=SURFACE_OF_LINEAR_EXTRUSION('',#11061,#11063);
#11065=ORIENTED_EDGE('',*,*,#11045,.F.);
#11066=ORIENTED_EDGE('',*,*,#7011,.F.);
#11068=ORIENTED_EDGE('',*,*,#11067,.T.);
#11069=ORIENTED_EDGE('',*,*,#10945,.F.);
#11070=EDGE_LOOP('',(#11065,#11066,#11068,#11069));
#11071=FACE_OUTER_BOUND('',#11070,.F.);
#11072=ADVANCED_FACE('',(#11071),#11064,.T.);
#11073=CARTESIAN_POINT('',(-1.012502216348E1,9.906254465404E0,
-5.671441245167E0));
#11074=DIRECTION('',(-3.268267975527E-3,9.942003009900E-1,1.074945577034E-1));
#11075=DIRECTION('',(-9.999946591980E-1,-3.249330359041E-3,-3.513228965954E-4));
#11076=AXIS2_PLACEMENT_3D('',#11073,#11074,#11075);
#11077=PLANE('',#11076);
#11078=ORIENTED_EDGE('',*,*,#11067,.F.);
#11079=ORIENTED_EDGE('',*,*,#7009,.F.);
#11081=ORIENTED_EDGE('',*,*,#11080,.T.);
#11082=ORIENTED_EDGE('',*,*,#10947,.T.);
#11083=EDGE_LOOP('',(#11078,#11079,#11081,#11082));
#11084=FACE_OUTER_BOUND('',#11083,.F.);
#11085=ADVANCED_FACE('',(#11084),#11077,.F.);
#11086=CARTESIAN_POINT('',(-1.052087529170E1,9.800724877740E0,
-5.200053759568E0));
#11087=CARTESIAN_POINT('',(-1.054603687125E1,9.839235613399E0,
-5.195889916032E0));
#11088=CARTESIAN_POINT('',(-1.058829326677E1,9.856546523864E0,
-5.194018232165E0));
#11089=CARTESIAN_POINT('',(-1.063840506595E1,9.851348846355E0,
-5.194580213532E0));
#11090=CARTESIAN_POINT('',(-1.066984107230E1,9.842617579454E0,
-5.195524252347E0));
#11091=CARTESIAN_POINT('',(-1.072317851829E1,9.815127065714E0,
-5.198496571519E0));
#11092=CARTESIAN_POINT('',(-1.078078928797E1,9.757686874241E0,
-5.204707098684E0));
#11093=CARTESIAN_POINT('',(-1.082125191261E1,9.658086575862E0,
-5.215476045355E0));
#11094=CARTESIAN_POINT('',(-1.079223614512E1,9.588702080900E0,
-5.222978010090E0));
#11095=CARTESIAN_POINT('',(-1.075193889468E1,9.556214590565E0,
-5.226490610520E0));
#11097=DIRECTION('',(0.E0,1.074951318137E-1,-9.942056108453E-1));
#11098=VECTOR('',#11097,1.E0);
#11099=SURFACE_OF_LINEAR_EXTRUSION('',#11096,#11098);
#11100=ORIENTED_EDGE('',*,*,#11080,.F.);
#11101=ORIENTED_EDGE('',*,*,#7007,.F.);
#11103=ORIENTED_EDGE('',*,*,#11102,.T.);
#11104=ORIENTED_EDGE('',*,*,#10949,.F.);
#11105=EDGE_LOOP('',(#11100,#11101,#11103,#11104));
#11106=FACE_OUTER_BOUND('',#11105,.F.);
#11107=ADVANCED_FACE('',(#11106),#11099,.T.);
#11108=CARTESIAN_POINT('',(-1.080504253301E1,9.003145649254E0,
-5.769086842994E0));
#11109=DIRECTION('',(-9.999946619919E-1,-3.248480335556E-3,-3.512309909094E-4));
#11110=DIRECTION('',(3.267412997995E-3,-9.942003037678E-1,-1.074945580036E-1));
#11111=AXIS2_PLACEMENT_3D('',#11108,#11109,#11110);
#11112=PLANE('',#11111);
#11113=ORIENTED_EDGE('',*,*,#11102,.F.);
#11114=ORIENTED_EDGE('',*,*,#7005,.F.);
#11116=ORIENTED_EDGE('',*,*,#11115,.T.);
#11117=ORIENTED_EDGE('',*,*,#10951,.T.);
#11118=EDGE_LOOP('',(#11113,#11114,#11116,#11117));
#11119=FACE_OUTER_BOUND('',#11118,.F.);
#11120=ADVANCED_FACE('',(#11119),#11112,.F.);
#11121=CARTESIAN_POINT('',(-1.082626125184E1,8.341899732672E0,
-5.357784313037E0));
#11122=CARTESIAN_POINT('',(-1.081032725977E1,8.311356805695E0,
-5.361086664105E0));
#11123=CARTESIAN_POINT('',(-1.079096944722E1,8.224230604852E0,
-5.370506891011E0));
#11124=CARTESIAN_POINT('',(-1.083847192382E1,8.083066137880E0,
-5.385769823366E0));
#11125=CARTESIAN_POINT('',(-1.095463288326E1,8.001763747624E0,
-5.394560370374E0));
#11126=CARTESIAN_POINT('',(-1.106212509568E1,7.982646211214E0,
-5.396627389583E0));
#11127=CARTESIAN_POINT('',(-1.114776585102E1,7.982142168614E0,
-5.396681887491E0));
#11128=CARTESIAN_POINT('',(-1.123256599023E1,7.983746586264E0,
-5.396508415238E0));
#11129=CARTESIAN_POINT('',(-1.133637481275E1,8.003985626574E0,
-5.394320137198E0));
#11130=CARTESIAN_POINT('',(-1.144644118379E1,8.086084983202E0,
-5.385443420887E0));
#11131=CARTESIAN_POINT('',(-1.149274589845E1,8.222539771052E0,
-5.370689706718E0));
#11132=CARTESIAN_POINT('',(-1.147440758397E1,8.308753976732E0,
-5.361368086217E0));
#11133=CARTESIAN_POINT('',(-1.145890557190E1,8.339674135528E0,
-5.358024948230E0));
#11135=DIRECTION('',(0.E0,1.074951318137E-1,-9.942056108453E-1));
#11136=VECTOR('',#11135,1.E0);
#11137=SURFACE_OF_LINEAR_EXTRUSION('',#11134,#11136);
#11138=ORIENTED_EDGE('',*,*,#11115,.F.);
#11139=ORIENTED_EDGE('',*,*,#7003,.F.);
#11141=ORIENTED_EDGE('',*,*,#11140,.T.);
#11142=ORIENTED_EDGE('',*,*,#10953,.F.);
#11143=EDGE_LOOP('',(#11138,#11139,#11141,#11142));
#11144=FACE_OUTER_BOUND('',#11143,.F.);
#11145=ADVANCED_FACE('',(#11144),#11137,.T.);
#11146=CARTESIAN_POINT('',(-1.148378174739E1,9.000940173764E0,
-5.769325302599E0));
#11147=DIRECTION('',(9.999946600096E-1,3.249083449699E-3,3.512962005939E-4));
#11148=DIRECTION('',(-3.268019627184E-3,9.942003017969E-1,1.074945577906E-1));
#11149=AXIS2_PLACEMENT_3D('',#11146,#11147,#11148);
#11150=PLANE('',#11149);
#11151=ORIENTED_EDGE('',*,*,#11140,.F.);
#11152=ORIENTED_EDGE('',*,*,#7001,.F.);
#11154=ORIENTED_EDGE('',*,*,#11153,.T.);
#11155=ORIENTED_EDGE('',*,*,#10955,.T.);
#11156=EDGE_LOOP('',(#11151,#11152,#11154,#11155));
#11157=FACE_OUTER_BOUND('',#11156,.F.);
#11158=ADVANCED_FACE('',(#11157),#11150,.F.);
#11159=CARTESIAN_POINT('',(-1.153405246541E1,9.559445813943E0,
-5.226141245379E0));
#11160=CARTESIAN_POINT('',(-1.149909072744E1,9.590623217798E0,
-5.222770293636E0));
#11161=CARTESIAN_POINT('',(-1.147303304879E1,9.657976215187E0,
-5.215487977731E0));
#11162=CARTESIAN_POINT('',(-1.151335296398E1,9.755337928435E0,
-5.204961070535E0));
#11163=CARTESIAN_POINT('',(-1.157135162790E1,9.812398589634E0,
-5.198791578803E0));
#11164=CARTESIAN_POINT('',(-1.162485958823E1,9.839524812194E0,
-5.195858647387E0));
#11165=CARTESIAN_POINT('',(-1.165633471229E1,9.848042829339E0,
-5.194937665483E0));
#11166=CARTESIAN_POINT('',(-1.170677201583E1,9.852941057562E0,
-5.194408061061E0));
#11167=CARTESIAN_POINT('',(-1.174921306443E1,9.835071267102E0,
-5.196340171944E0));
#11168=CARTESIAN_POINT('',(-1.177417626342E1,9.795594511156E0,
-5.200608463155E0));
#11170=DIRECTION('',(0.E0,1.074951318136E-1,-9.942056108454E-1));
#11171=VECTOR('',#11170,1.E0);
#11172=SURFACE_OF_LINEAR_EXTRUSION('',#11169,#11171);
#11173=ORIENTED_EDGE('',*,*,#11153,.F.);
#11174=ORIENTED_EDGE('',*,*,#6999,.F.);
#11176=ORIENTED_EDGE('',*,*,#11175,.T.);
#11177=ORIENTED_EDGE('',*,*,#10957,.F.);
#11178=EDGE_LOOP('',(#11173,#11174,#11176,#11177));
#11179=FACE_OUTER_BOUND('',#11178,.F.);
#11180=ADVANCED_FACE('',(#11179),#11172,.T.);
#11181=CARTESIAN_POINT('',(-1.216972432545E1,9.899610462254E0,
-5.672159605621E0));
#11182=DIRECTION('',(-3.268267974782E-3,9.942003009900E-1,1.074945577034E-1));
#11183=DIRECTION('',(-9.999946591980E-1,-3.249330358305E-3,-3.513228964671E-4));
#11184=AXIS2_PLACEMENT_3D('',#11181,#11182,#11183);
#11185=PLANE('',#11184);
#11186=ORIENTED_EDGE('',*,*,#11175,.F.);
#11187=ORIENTED_EDGE('',*,*,#6997,.F.);
#11189=ORIENTED_EDGE('',*,*,#11188,.F.);
#11190=ORIENTED_EDGE('',*,*,#10959,.T.);
#11191=EDGE_LOOP('',(#11186,#11187,#11189,#11190));
#11192=FACE_OUTER_BOUND('',#11191,.F.);
#11193=ADVANCED_FACE('',(#11192),#11185,.F.);
#11194=CARTESIAN_POINT('',(-1.256336653253E1,9.795673969858E0,
-5.200599871964E0));
#11195=CARTESIAN_POINT('',(-1.259067103159E1,9.832697144382E0,
-5.196596865963E0));
#11196=CARTESIAN_POINT('',(-1.262893345221E1,9.848206811660E0,
-5.194919935447E0));
#11197=CARTESIAN_POINT('',(-1.267087528109E1,9.845976757634E0,
-5.195161052525E0));
#11198=CARTESIAN_POINT('',(-1.268706179771E1,9.843609649404E0,
-5.195416988127E0));
#11199=CARTESIAN_POINT('',(-1.271456294476E1,9.835956397744E0,
-5.196244470176E0));
#11200=CARTESIAN_POINT('',(-1.276753567951E1,9.808814092594E0,
-5.199179140467E0));
#11201=CARTESIAN_POINT('',(-1.282683214373E1,9.749077600614E0,
-5.205637947387E0));
#11202=CARTESIAN_POINT('',(-1.286574484192E1,9.651283432340E0,
-5.216211612326E0));
#11203=CARTESIAN_POINT('',(-1.283692872941E1,9.580371963866E0,
-5.223878675927E0));
#11204=CARTESIAN_POINT('',(-1.279768134548E1,9.545031167523E0,
-5.227699780455E0));
#11206=DIRECTION('',(0.E0,1.074951318136E-1,-9.942056108454E-1));
#11207=VECTOR('',#11206,1.E0);
#11208=SURFACE_OF_LINEAR_EXTRUSION('',#11205,#11207);
#11210=ORIENTED_EDGE('',*,*,#11209,.T.);
#11211=ORIENTED_EDGE('',*,*,#10961,.F.);
#11212=ORIENTED_EDGE('',*,*,#11188,.T.);
#11213=ORIENTED_EDGE('',*,*,#6995,.F.);
#11214=EDGE_LOOP('',(#11210,#11211,#11212,#11213));
#11215=FACE_OUTER_BOUND('',#11214,.F.);
#11216=ADVANCED_FACE('',(#11215),#11208,.T.);
#11217=CARTESIAN_POINT('',(-1.284852944654E1,8.623529201824E0,
-5.810131592298E0));
#11218=DIRECTION('',(-9.999946615261E-1,-3.248622060881E-3,-3.512463144822E-4));
#11219=DIRECTION('',(3.267555549318E-3,-9.942003033047E-1,-1.074945579536E-1));
#11220=AXIS2_PLACEMENT_3D('',#11217,#11218,#11219);
#11221=PLANE('',#11220);
#11223=ORIENTED_EDGE('',*,*,#11222,.F.);
#11224=ORIENTED_EDGE('',*,*,#10963,.T.);
#11225=ORIENTED_EDGE('',*,*,#11209,.F.);
#11226=ORIENTED_EDGE('',*,*,#6993,.F.);
#11227=EDGE_LOOP('',(#11223,#11224,#11225,#11226));
#11228=FACE_OUTER_BOUND('',#11227,.F.);
#11229=ADVANCED_FACE('',(#11228),#11221,.F.);
#11230=CARTESIAN_POINT('',(-1.284492290545E1,7.496389746082E0,
-5.449202231492E0));
#11231=CARTESIAN_POINT('',(-1.284496495555E1,7.494598347294E0,
-5.449395920450E0));
#11232=CARTESIAN_POINT('',(-1.284527603216E1,7.463327782454E0,
-5.452776944911E0));
#11233=CARTESIAN_POINT('',(-1.283159662509E1,7.401640671887E0,
-5.459446655893E0));
#11234=CARTESIAN_POINT('',(-1.278638813049E1,7.324385344875E0,
-5.467799627824E0));
#11235=CARTESIAN_POINT('',(-1.273920240496E1,7.282069553436E0,
-5.472374880195E0));
#11236=CARTESIAN_POINT('',(-1.271170066348E1,7.266877433818E0,
-5.474017476940E0));
#11237=CARTESIAN_POINT('',(-1.271011052844E1,7.266026675068E0,
-5.474109462364E0));
#11239=DIRECTION('',(0.E0,1.074951318135E-1,-9.942056108454E-1));
#11240=VECTOR('',#11239,1.E0);
#11241=SURFACE_OF_LINEAR_EXTRUSION('',#11238,#11240);
#11242=ORIENTED_EDGE('',*,*,#11222,.T.);
#11243=ORIENTED_EDGE('',*,*,#6991,.F.);
#11245=ORIENTED_EDGE('',*,*,#11244,.T.);
#11246=ORIENTED_EDGE('',*,*,#10965,.F.);
#11247=EDGE_LOOP('',(#11242,#11243,#11245,#11246));
#11248=FACE_OUTER_BOUND('',#11247,.F.);
#11249=ADVANCED_FACE('',(#11248),#11241,.T.);
#11250=CARTESIAN_POINT('',(-1.228758732905E1,7.076866226284E0,
-5.977359315230E0));
#11251=DIRECTION('',(-4.971245876842E-1,-8.626515005270E-1,-9.327128689136E-2));
#11252=DIRECTION('',(8.676791713069E-1,-4.942440543648E-1,-5.343847308101E-2));
#11253=AXIS2_PLACEMENT_3D('',#11250,#11251,#11252);
#11254=PLANE('',#11253);
#11256=ORIENTED_EDGE('',*,*,#11255,.T.);
#11257=ORIENTED_EDGE('',*,*,#10967,.F.);
#11258=ORIENTED_EDGE('',*,*,#11244,.F.);
#11259=ORIENTED_EDGE('',*,*,#6989,.F.);
#11260=EDGE_LOOP('',(#11256,#11257,#11258,#11259));
#11261=FACE_OUTER_BOUND('',#11260,.F.);
#11262=ADVANCED_FACE('',(#11261),#11254,.F.);
#11263=CARTESIAN_POINT('',(-1.190008828494E1,6.764493873451E0,
-6.011133523380E0));
#11264=DIRECTION('',(2.055482020502E-14,1.074951318134E-1,-9.942056108454E-1));
#11265=DIRECTION('',(4.970866325898E-1,8.626731192649E-1,9.327362434458E-2));
#11266=AXIS2_PLACEMENT_3D('',#11263,#11264,#11265);
#11267=CYLINDRICAL_SURFACE('',#11266,7.998334029458E-2);
#11268=ORIENTED_EDGE('',*,*,#11255,.F.);
#11269=ORIENTED_EDGE('',*,*,#6987,.F.);
#11271=ORIENTED_EDGE('',*,*,#11270,.T.);
#11272=ORIENTED_EDGE('',*,*,#10969,.F.);
#11273=EDGE_LOOP('',(#11268,#11269,#11271,#11272));
#11274=FACE_OUTER_BOUND('',#11273,.F.);
#11275=ADVANCED_FACE('',(#11274),#11267,.T.);
#11276=CARTESIAN_POINT('',(-1.181912738428E1,6.467187117306E0,
-6.043278814646E0));
#11277=DIRECTION('',(-9.999946615261E-1,-3.248622061053E-3,-3.512463145003E-4));
#11278=DIRECTION('',(3.267555549491E-3,-9.942003033046E-1,-1.074945579542E-1));
#11279=AXIS2_PLACEMENT_3D('',#11276,#11277,#11278);
#11280=PLANE('',#11279);
#11281=ORIENTED_EDGE('',*,*,#11270,.F.);
#11282=ORIENTED_EDGE('',*,*,#6985,.F.);
#11284=ORIENTED_EDGE('',*,*,#11283,.F.);
#11285=ORIENTED_EDGE('',*,*,#10971,.T.);
#11286=EDGE_LOOP('',(#11281,#11282,#11284,#11285));
#11287=FACE_OUTER_BOUND('',#11286,.F.);
#11288=ADVANCED_FACE('',(#11287),#11280,.F.);
#11289=CARTESIAN_POINT('',(-1.177019516071E1,6.215859400193E0,
-5.587655260545E0));
#11290=CARTESIAN_POINT('',(-1.180516496474E1,6.184683026666E0,
-5.591026100887E0));
#11291=CARTESIAN_POINT('',(-1.183122595598E1,6.117334184054E0,
-5.598307967570E0));
#11292=CARTESIAN_POINT('',(-1.179090596553E1,6.019978773030E0,
-5.608834193358E0));
#11293=CARTESIAN_POINT('',(-1.173290769133E1,5.962925964134E0,
-5.615002836088E0));
#11294=CARTESIAN_POINT('',(-1.167940027069E1,5.935801859386E0,
-5.617935538523E0));
#11295=CARTESIAN_POINT('',(-1.164792418838E1,5.927284127103E0,
-5.618856489626E0));
#11296=CARTESIAN_POINT('',(-1.159748622267E1,5.922386289930E0,
-5.619386051768E0));
#11297=CARTESIAN_POINT('',(-1.155504474946E1,5.940252932086E0,
-5.617454281283E0));
#11298=CARTESIAN_POINT('',(-1.153007990663E1,5.979717135139E0,
-5.613187347289E0));
#11300=DIRECTION('',(0.E0,1.074951318134E-1,-9.942056108454E-1));
#11301=VECTOR('',#11300,1.E0);
#11302=SURFACE_OF_LINEAR_EXTRUSION('',#11299,#11301);
#11303=ORIENTED_EDGE('',*,*,#11283,.T.);
#11304=ORIENTED_EDGE('',*,*,#6983,.F.);
#11305=ORIENTED_EDGE('',*,*,#10923,.T.);
#11306=ORIENTED_EDGE('',*,*,#10973,.F.);
#11307=EDGE_LOOP('',(#11303,#11304,#11305,#11306));
#11308=FACE_OUTER_BOUND('',#11307,.F.);
#11309=ADVANCED_FACE('',(#11308),#11302,.T.);
#11310=CARTESIAN_POINT('',(-8.063228302422E0,5.988891723991E0,
-6.094992892487E0));
#11311=DIRECTION('',(3.268267591509E-3,-9.942003009913E-1,-1.074945577034E-1));
#11312=DIRECTION('',(9.999946591992E-1,3.249329977169E-3,3.513228560462E-4));
#11313=AXIS2_PLACEMENT_3D('',#11310,#11311,#11312);
#11314=PLANE('',#11313);
#11316=ORIENTED_EDGE('',*,*,#11315,.F.);
#11317=ORIENTED_EDGE('',*,*,#7025,.F.);
#11319=ORIENTED_EDGE('',*,*,#11318,.F.);
#11321=ORIENTED_EDGE('',*,*,#11320,.T.);
#11322=EDGE_LOOP('',(#11316,#11317,#11319,#11321));
#11323=FACE_OUTER_BOUND('',#11322,.F.);
#11324=ADVANCED_FACE('',(#11323),#11314,.F.);
#11325=CARTESIAN_POINT('',(-8.698892349189E0,6.225839052129E0,
-5.586576244306E0));
#11326=CARTESIAN_POINT('',(-8.733863956625E0,6.194662871735E0,
-5.589947063765E0));
#11327=CARTESIAN_POINT('',(-8.759925946537E0,6.127314362035E0,
-5.597228894452E0));
#11328=CARTESIAN_POINT('',(-8.719604440501E0,6.029958513767E0,
-5.607755167519E0));
#11329=CARTESIAN_POINT('',(-8.661603234415E0,5.972906565946E0,
-5.613923717146E0));
#11330=CARTESIAN_POINT('',(-8.608093193437E0,5.945782043556E0,
-5.616856464737E0));
#11331=CARTESIAN_POINT('',(-8.576614946943E0,5.937264027773E0,
-5.617777446492E0));
#11332=CARTESIAN_POINT('',(-8.526176035002E0,5.932366148365E0,
-5.618307013200E0));
#11333=CARTESIAN_POINT('',(-8.483734187600E0,5.950232952851E0,
-5.616375225165E0));
#11334=CARTESIAN_POINT('',(-8.458767615341E0,5.989700819244E0,
-5.612107895094E0));
#11336=DIRECTION('',(0.E0,1.074951318135E-1,-9.942056108454E-1));
#11337=VECTOR('',#11336,1.E0);
#11338=SURFACE_OF_LINEAR_EXTRUSION('',#11335,#11337);
#11340=ORIENTED_EDGE('',*,*,#11339,.F.);
#11341=ORIENTED_EDGE('',*,*,#7027,.F.);
#11342=ORIENTED_EDGE('',*,*,#11315,.T.);
#11344=ORIENTED_EDGE('',*,*,#11343,.F.);
#11345=EDGE_LOOP('',(#11340,#11341,#11342,#11344));
#11346=FACE_OUTER_BOUND('',#11345,.F.);
#11347=ADVANCED_FACE('',(#11346),#11338,.T.);
#11348=CARTESIAN_POINT('',(-8.752663200770E0,7.948693016584E0,
-5.883095981046E0));
#11349=DIRECTION('',(-9.999946617179E-1,-3.248563701084E-3,-3.512400045257E-4));
#11350=DIRECTION('',(3.267496849391E-3,-9.942003034954E-1,-1.074945579742E-1));
#11351=AXIS2_PLACEMENT_3D('',#11348,#11349,#11350);
#11352=PLANE('',#11351);
#11354=ORIENTED_EDGE('',*,*,#11353,.F.);
#11355=ORIENTED_EDGE('',*,*,#7029,.F.);
#11356=ORIENTED_EDGE('',*,*,#11339,.T.);
#11358=ORIENTED_EDGE('',*,*,#11357,.T.);
#11359=EDGE_LOOP('',(#11354,#11355,#11356,#11358));
#11360=FACE_OUTER_BOUND('',#11359,.F.);
#11361=ADVANCED_FACE('',(#11360),#11352,.F.);
#11362=CARTESIAN_POINT('',(-8.471981697323E0,9.807408486356E0,
-5.199331116920E0));
#11363=CARTESIAN_POINT('',(-8.497144815926E0,9.845915208104E0,
-5.195167707361E0));
#11364=CARTESIAN_POINT('',(-8.539401516399E0,9.863224694601E0,
-5.193296177455E0));
#11365=CARTESIAN_POINT('',(-8.589513886435E0,9.858027294878E0,
-5.193858128789E0));
#11366=CARTESIAN_POINT('',(-8.620950887191E0,9.849296315974E0,
-5.194802136465E0));
#11367=CARTESIAN_POINT('',(-8.674287771420E0,9.821807924304E0,
-5.197774226195E0));
#11368=CARTESIAN_POINT('',(-8.731898191190E0,9.764375609002E0,
-5.203983901775E0));
#11369=CARTESIAN_POINT('',(-8.772361225581E0,9.664781157057E0,
-5.214752216319E0));
#11370=CARTESIAN_POINT('',(-8.743341105910E0,9.595400214525E0,
-5.222253796960E0));
#11371=CARTESIAN_POINT('',(-8.703033176069E0,9.562913661856E0,
-5.225766296008E0));
#11373=DIRECTION('',(0.E0,1.074951318135E-1,-9.942056108454E-1));
#11374=VECTOR('',#11373,1.E0);
#11375=SURFACE_OF_LINEAR_EXTRUSION('',#11372,#11374);
#11377=ORIENTED_EDGE('',*,*,#11376,.F.);
#11378=ORIENTED_EDGE('',*,*,#7031,.F.);
#11379=ORIENTED_EDGE('',*,*,#11353,.T.);
#11381=ORIENTED_EDGE('',*,*,#11380,.F.);
#11382=EDGE_LOOP('',(#11377,#11378,#11379,#11381));
#11383=FACE_OUTER_BOUND('',#11382,.F.);
#11384=ADVANCED_FACE('',(#11383),#11375,.T.);
#11385=CARTESIAN_POINT('',(-8.076130345901E0,9.912932850294E0,
-5.670719167302E0));
#11386=DIRECTION('',(-3.268267745011E-3,9.942003009908E-1,1.074945577034E-1));
#11387=DIRECTION('',(-9.999946591987E-1,-3.249330129829E-3,-3.513228721034E-4));
#11388=AXIS2_PLACEMENT_3D('',#11385,#11386,#11387);
#11389=PLANE('',#11388);
#11391=ORIENTED_EDGE('',*,*,#11390,.F.);
#11392=ORIENTED_EDGE('',*,*,#7033,.F.);
#11393=ORIENTED_EDGE('',*,*,#11376,.T.);
#11395=ORIENTED_EDGE('',*,*,#11394,.T.);
#11396=EDGE_LOOP('',(#11391,#11392,#11393,#11395));
#11397=FACE_OUTER_BOUND('',#11396,.F.);
#11398=ADVANCED_FACE('',(#11397),#11389,.F.);
#11399=CARTESIAN_POINT('',(-7.440479578777E0,9.572789998883E0,
-5.224698450342E0));
#11400=CARTESIAN_POINT('',(-7.405509775860E0,9.603966368093E0,
-5.221327610468E0));
#11401=CARTESIAN_POINT('',(-7.379448786662E0,9.671315208128E0,
-5.214045744064E0));
#11402=CARTESIAN_POINT('',(-7.419768777133E0,9.768670620528E0,
-5.203519518124E0));
#11403=CARTESIAN_POINT('',(-7.477767050592E0,9.825723421844E0,
-5.197350876215E0));
#11404=CARTESIAN_POINT('',(-7.531274471120E0,9.852847538684E0,
-5.194418172474E0));
#11405=CARTESIAN_POINT('',(-7.562750552172E0,9.861365252010E0,
-5.193497223419E0));
#11406=CARTESIAN_POINT('',(-7.613188350532E0,9.866263192104E0,
-5.192967650150E0));
#11407=CARTESIAN_POINT('',(-7.655629649143E0,9.848394874804E0,
-5.194899601753E0));
#11408=CARTESIAN_POINT('',(-7.680594431667E0,9.808922239657E0,
-5.199167447425E0));
#11410=DIRECTION('',(0.E0,1.074951318135E-1,-9.942056108454E-1));
#11411=VECTOR('',#11410,1.E0);
#11412=SURFACE_OF_LINEAR_EXTRUSION('',#11409,#11411);
#11414=ORIENTED_EDGE('',*,*,#11413,.F.);
#11415=ORIENTED_EDGE('',*,*,#7035,.F.);
#11416=ORIENTED_EDGE('',*,*,#11390,.T.);
#11418=ORIENTED_EDGE('',*,*,#11417,.F.);
#11419=EDGE_LOOP('',(#11414,#11415,#11416,#11418));
#11420=FACE_OUTER_BOUND('',#11419,.F.);
#11421=ADVANCED_FACE('',(#11420),#11412,.T.);
#11422=CARTESIAN_POINT('',(-7.390825677526E0,9.205173058514E0,
-5.747243310074E0));
#11423=DIRECTION('',(9.999946595236E-1,3.249231305225E-3,3.513121869741E-4));
#11424=DIRECTION('',(-3.268168344435E-3,9.942003013137E-1,1.074945577387E-1));
#11425=AXIS2_PLACEMENT_3D('',#11422,#11423,#11424);
#11426=PLANE('',#11425);
#11428=ORIENTED_EDGE('',*,*,#11427,.F.);
#11429=ORIENTED_EDGE('',*,*,#7037,.F.);
#11430=ORIENTED_EDGE('',*,*,#11413,.T.);
#11432=ORIENTED_EDGE('',*,*,#11431,.T.);
#11433=EDGE_LOOP('',(#11428,#11429,#11430,#11432));
#11434=FACE_OUTER_BOUND('',#11433,.F.);
#11435=ADVANCED_FACE('',(#11434),#11426,.F.);
#11436=CARTESIAN_POINT('',(-6.733924550403E0,8.737022679221E0,
-5.315062975763E0));
#11437=CARTESIAN_POINT('',(-6.717988690365E0,8.706479276768E0,
-5.318365378241E0));
#11438=CARTESIAN_POINT('',(-6.698629203988E0,8.619352229023E0,
-5.327785696714E0));
#11439=CARTESIAN_POINT('',(-6.746137332373E0,8.478186848706E0,
-5.343048727819E0));
#11440=CARTESIAN_POINT('',(-6.862301894985E0,8.396885771494E0,
-5.351839132859E0));
#11441=CARTESIAN_POINT('',(-6.969797728527E0,8.377768503724E0,
-5.353906123023E0));
#11442=CARTESIAN_POINT('',(-7.055439748038E0,8.377264804064E0,
-5.353960583852E0));
#11443=CARTESIAN_POINT('',(-7.140240182121E0,8.378869715044E0,
-5.353787058260E0));
#11444=CARTESIAN_POINT('',(-7.244048011109E0,8.399109238024E0,
-5.351598728032E0));
#11445=CARTESIAN_POINT('',(-7.354112948946E0,8.481208695952E0,
-5.342722000766E0));
#11446=CARTESIAN_POINT('',(-7.400417145818E0,8.617662728609E0,
-5.327968368253E0));
#11447=CARTESIAN_POINT('',(-7.382078931837E0,8.703876732435E0,
-5.318646769578E0));
#11448=CARTESIAN_POINT('',(-7.366576930815E0,8.734796968907E0,
-5.315303623191E0));
#11450=DIRECTION('',(0.E0,1.074951318135E-1,-9.942056108454E-1));
#11451=VECTOR('',#11450,1.E0);
#11452=SURFACE_OF_LINEAR_EXTRUSION('',#11449,#11451);
#11454=ORIENTED_EDGE('',*,*,#11453,.F.);
#11455=ORIENTED_EDGE('',*,*,#7039,.F.);
#11456=ORIENTED_EDGE('',*,*,#11427,.T.);
#11458=ORIENTED_EDGE('',*,*,#11457,.F.);
#11459=EDGE_LOOP('',(#11454,#11455,#11456,#11458));
#11460=FACE_OUTER_BOUND('',#11459,.F.);
#11461=ADVANCED_FACE('',(#11460),#11452,.T.);
#11462=CARTESIAN_POINT('',(-6.712076006372E0,9.207378572904E0,
-5.747004846263E0));
#11463=DIRECTION('',(-9.999946621450E-1,-3.248433761305E-3,-3.512259552249E-4));
#11464=DIRECTION('',(3.267366152302E-3,-9.942003039198E-1,-1.074945580211E-1));
#11465=AXIS2_PLACEMENT_3D('',#11462,#11463,#11464);
#11466=PLANE('',#11465);
#11468=ORIENTED_EDGE('',*,*,#11467,.F.);
#11469=ORIENTED_EDGE('',*,*,#7041,.F.);
#11470=ORIENTED_EDGE('',*,*,#11453,.T.);
#11472=ORIENTED_EDGE('',*,*,#11471,.T.);
#11473=EDGE_LOOP('',(#11468,#11469,#11470,#11472));
#11474=FACE_OUTER_BOUND('',#11473,.F.);
#11475=ADVANCED_FACE('',(#11474),#11466,.F.);
#11476=CARTESIAN_POINT('',(-6.427291797212E0,9.814046502170E0,
-5.198613403806E0));
#11477=CARTESIAN_POINT('',(-6.452453196211E0,9.852557828831E0,
-5.194449496377E0));
#11478=CARTESIAN_POINT('',(-6.494709308596E0,9.869868770480E0,
-5.192577809137E0));
#11479=CARTESIAN_POINT('',(-6.544820511540E0,9.864671325224E0,
-5.193139765393E0));
#11480=CARTESIAN_POINT('',(-6.576255332251E0,9.855940672004E0,
-5.194083737856E0));
#11481=CARTESIAN_POINT('',(-6.629589622784E0,9.828452705514E0,
-5.197055781616E0));
#11482=CARTESIAN_POINT('',(-6.687197117533E0,9.771019544101E0,
-5.203265548679E0));
#11483=CARTESIAN_POINT('',(-6.727658548055E0,9.671425645194E0,
-5.214033803427E0));
#11484=CARTESIAN_POINT('',(-6.698639756650E0,9.602044536145E0,
-5.221535402073E0));
#11485=CARTESIAN_POINT('',(-6.658334313073E0,9.569557831262E0,
-5.225047917580E0));
#11487=DIRECTION('',(0.E0,1.074951318135E-1,-9.942056108454E-1));
#11488=VECTOR('',#11487,1.E0);
#11489=SURFACE_OF_LINEAR_EXTRUSION('',#11486,#11488);
#11490=ORIENTED_EDGE('',*,*,#11467,.T.);
#11492=ORIENTED_EDGE('',*,*,#11491,.F.);
#11494=ORIENTED_EDGE('',*,*,#11493,.T.);
#11495=ORIENTED_EDGE('',*,*,#7043,.F.);
#11496=EDGE_LOOP('',(#11490,#11492,#11494,#11495));
#11497=FACE_OUTER_BOUND('',#11496,.F.);
#11498=ADVANCED_FACE('',(#11497),#11489,.T.);
#11499=CARTESIAN_POINT('',(-8.758584246576E0,9.869581063574E0,
-5.192608916477E0));
#11500=DIRECTION('',(0.E0,1.074951318136E-1,-9.942056108454E-1));
#11501=DIRECTION('',(0.E0,-9.942056108454E-1,-1.074951318136E-1));
#11502=AXIS2_PLACEMENT_3D('',#11499,#11500,#11501);
#11503=PLANE('',#11502);
#11504=ORIENTED_EDGE('',*,*,#11320,.F.);
#11506=ORIENTED_EDGE('',*,*,#11505,.T.);
#11508=ORIENTED_EDGE('',*,*,#11507,.F.);
#11510=ORIENTED_EDGE('',*,*,#11509,.T.);
#11512=ORIENTED_EDGE('',*,*,#11511,.F.);
#11514=ORIENTED_EDGE('',*,*,#11513,.T.);
#11516=ORIENTED_EDGE('',*,*,#11515,.F.);
#11518=ORIENTED_EDGE('',*,*,#11517,.T.);
#11520=ORIENTED_EDGE('',*,*,#11519,.F.);
#11522=ORIENTED_EDGE('',*,*,#11521,.T.);
#11524=ORIENTED_EDGE('',*,*,#11523,.F.);
#11525=ORIENTED_EDGE('',*,*,#11491,.T.);
#11526=ORIENTED_EDGE('',*,*,#11471,.F.);
#11527=ORIENTED_EDGE('',*,*,#11457,.T.);
#11528=ORIENTED_EDGE('',*,*,#11431,.F.);
#11529=ORIENTED_EDGE('',*,*,#11417,.T.);
#11530=ORIENTED_EDGE('',*,*,#11394,.F.);
#11531=ORIENTED_EDGE('',*,*,#11380,.T.);
#11532=ORIENTED_EDGE('',*,*,#11357,.F.);
#11533=ORIENTED_EDGE('',*,*,#11343,.T.);
#11534=EDGE_LOOP('',(#11504,#11506,#11508,#11510,#11512,#11514,#11516,#11518,
#11520,#11522,#11524,#11525,#11526,#11527,#11528,#11529,#11530,#11531,#11532,
#11533));
#11535=FACE_OUTER_BOUND('',#11534,.F.);
#11536=ADVANCED_FACE('',(#11535),#11503,.T.);
#11537=CARTESIAN_POINT('',(-7.667371727069E0,5.991220779450E0,
-5.611943554516E0));
#11538=CARTESIAN_POINT('',(-7.642208609453E0,5.952714057830E0,
-5.616106964049E0));
#11539=CARTESIAN_POINT('',(-7.599951909155E0,5.935404570256E0,
-5.617978494071E0));
#11540=CARTESIAN_POINT('',(-7.549839538817E0,5.940601969504E0,
-5.617416542789E0));
#11541=CARTESIAN_POINT('',(-7.518402537180E0,5.949332948610E0,
-5.616472535091E0));
#11542=CARTESIAN_POINT('',(-7.465065652894E0,5.976821340236E0,
-5.613500445366E0));
#11543=CARTESIAN_POINT('',(-7.407455232797E0,6.034253656086E0,
-5.607290769726E0));
#11544=CARTESIAN_POINT('',(-7.366992196796E0,6.133848112978E0,
-5.596522454646E0));
#11545=CARTESIAN_POINT('',(-7.396012268533E0,6.203229060794E0,
-5.589020873434E0));
#11546=CARTESIAN_POINT('',(-7.436320151328E0,6.235715616636E0,
-5.585508374044E0));
#11548=DIRECTION('',(0.E0,1.074951318134E-1,-9.942056108454E-1));
#11549=VECTOR('',#11548,1.E0);
#11550=SURFACE_OF_LINEAR_EXTRUSION('',#11547,#11549);
#11552=ORIENTED_EDGE('',*,*,#11551,.T.);
#11553=ORIENTED_EDGE('',*,*,#11505,.F.);
#11554=ORIENTED_EDGE('',*,*,#11318,.T.);
#11555=ORIENTED_EDGE('',*,*,#7063,.F.);
#11556=EDGE_LOOP('',(#11552,#11553,#11554,#11555));
#11557=FACE_OUTER_BOUND('',#11556,.F.);
#11558=ADVANCED_FACE('',(#11557),#11550,.T.);
#11559=CARTESIAN_POINT('',(-7.382575236295E0,6.701090021138E0,
-6.017988851277E0));
#11560=DIRECTION('',(9.999946621423E-1,3.248434559577E-3,3.512260415351E-4));
#11561=DIRECTION('',(-3.267366955227E-3,9.942003039173E-1,1.074945580200E-1));
#11562=AXIS2_PLACEMENT_3D('',#11559,#11560,#11561);
#11563=PLANE('',#11562);
#11564=ORIENTED_EDGE('',*,*,#11551,.F.);
#11565=ORIENTED_EDGE('',*,*,#7061,.F.);
#11567=ORIENTED_EDGE('',*,*,#11566,.T.);
#11568=ORIENTED_EDGE('',*,*,#11507,.T.);
#11569=EDGE_LOOP('',(#11564,#11565,#11567,#11568));
#11570=FACE_OUTER_BOUND('',#11569,.F.);
#11571=ADVANCED_FACE('',(#11570),#11563,.F.);
#11572=CARTESIAN_POINT('',(-7.360731881915E0,7.068250190651E0,
-5.495493378357E0));
#11573=CARTESIAN_POINT('',(-7.376663924770E0,7.098793790024E0,
-5.492190954587E0));
#11574=CARTESIAN_POINT('',(-7.396019965472E0,7.185921302489E0,
-5.482770585867E0));
#11575=CARTESIAN_POINT('',(-7.348520698139E0,7.327087653009E0,
-5.467507449861E0));
#11576=CARTESIAN_POINT('',(-7.232362533453E0,7.408399138894E0,
-5.458715919419E0));
#11577=CARTESIAN_POINT('',(-7.124868438786E0,7.427523517904E0,
-5.456648160377E0));
#11578=CARTESIAN_POINT('',(-7.039225520549E0,7.428029961094E0,
-5.456593402913E0));
#11579=CARTESIAN_POINT('',(-6.954423156317E0,7.426422844854E0,
-5.456767166941E0));
#11580=CARTESIAN_POINT('',(-6.850612216119E0,7.406177120414E0,
-5.458956167680E0));
#11581=CARTESIAN_POINT('',(-6.740547452839E0,7.324069713476E0,
-5.467833754405E0));
#11582=CARTESIAN_POINT('',(-6.694245368507E0,7.187612105297E0,
-5.482587773511E0));
#11583=CARTESIAN_POINT('',(-6.712582011745E0,7.101396508788E0,
-5.491909544389E0));
#11584=CARTESIAN_POINT('',(-6.728082173215E0,7.070475841406E0,
-5.495252737366E0));
#11586=DIRECTION('',(0.E0,1.074951318134E-1,-9.942056108454E-1));
#11587=VECTOR('',#11586,1.E0);
#11588=SURFACE_OF_LINEAR_EXTRUSION('',#11585,#11587);
#11589=ORIENTED_EDGE('',*,*,#11566,.F.);
#11590=ORIENTED_EDGE('',*,*,#7059,.F.);
#11592=ORIENTED_EDGE('',*,*,#11591,.T.);
#11593=ORIENTED_EDGE('',*,*,#11509,.F.);
#11594=EDGE_LOOP('',(#11589,#11590,#11592,#11593));
#11595=FACE_OUTER_BOUND('',#11594,.F.);
#11596=ADVANCED_FACE('',(#11595),#11588,.T.);
#11597=CARTESIAN_POINT('',(-6.703836013148E0,6.703295501721E0,
-6.017750391120E0));
#11598=DIRECTION('',(-9.999946595258E-1,-3.249230630810E-3,-3.513121140548E-4));
#11599=DIRECTION('',(3.268167666090E-3,-9.942003013159E-1,-1.074945577390E-1));
#11600=AXIS2_PLACEMENT_3D('',#11597,#11598,#11599);
#11601=PLANE('',#11600);
#11602=ORIENTED_EDGE('',*,*,#11591,.F.);
#11603=ORIENTED_EDGE('',*,*,#7057,.F.);
#11605=ORIENTED_EDGE('',*,*,#11604,.T.);
#11606=ORIENTED_EDGE('',*,*,#11511,.T.);
#11607=EDGE_LOOP('',(#11602,#11603,#11605,#11606));
#11608=FACE_OUTER_BOUND('',#11607,.F.);
#11609=ADVANCED_FACE('',(#11608),#11601,.F.);
#11610=CARTESIAN_POINT('',(-6.654179730969E0,6.232483079234E0,
-5.585857881261E0));
#11611=CARTESIAN_POINT('',(-6.689151329975E0,6.201306901631E0,
-5.589228700418E0));
#11612=CARTESIAN_POINT('',(-6.715213315664E0,6.133958395787E0,
-5.596510530688E0));
#11613=CARTESIAN_POINT('',(-6.674891811047E0,6.036602550905E0,
-5.607036803388E0));
#11614=CARTESIAN_POINT('',(-6.616890605030E0,5.979550603041E0,
-5.613205353021E0));
#11615=CARTESIAN_POINT('',(-6.563380564006E0,5.952426080701E0,
-5.616138100606E0));
#11616=CARTESIAN_POINT('',(-6.531902317490E0,5.943908064937E0,
-5.617059082360E0));
#11617=CARTESIAN_POINT('',(-6.481463405495E0,5.939010185504E0,
-5.617588649071E0));
#11618=CARTESIAN_POINT('',(-6.439021557940E0,5.956876990103E0,
-5.615656861024E0));
#11619=CARTESIAN_POINT('',(-6.414054985034E0,5.996344857230E0,
-5.611389530877E0));
#11621=DIRECTION('',(0.E0,1.074951318134E-1,-9.942056108454E-1));
#11622=VECTOR('',#11621,1.E0);
#11623=SURFACE_OF_LINEAR_EXTRUSION('',#11620,#11622);
#11624=ORIENTED_EDGE('',*,*,#11604,.F.);
#11625=ORIENTED_EDGE('',*,*,#7055,.F.);
#11627=ORIENTED_EDGE('',*,*,#11626,.T.);
#11628=ORIENTED_EDGE('',*,*,#11513,.F.);
#11629=EDGE_LOOP('',(#11624,#11625,#11627,#11628));
#11630=FACE_OUTER_BOUND('',#11629,.F.);
#11631=ADVANCED_FACE('',(#11630),#11623,.T.);
#11632=CARTESIAN_POINT('',(-6.018520896935E0,5.995535744172E0,
-6.094274530192E0));
#11633=DIRECTION('',(3.268267585900E-3,-9.942003009913E-1,-1.074945577033E-1));
#11634=DIRECTION('',(9.999946591992E-1,3.249329971562E-3,3.513228557255E-4));
#11635=AXIS2_PLACEMENT_3D('',#11632,#11633,#11634);
#11636=PLANE('',#11635);
#11637=ORIENTED_EDGE('',*,*,#11626,.F.);
#11638=ORIENTED_EDGE('',*,*,#7053,.F.);
#11640=ORIENTED_EDGE('',*,*,#11639,.T.);
#11641=ORIENTED_EDGE('',*,*,#11515,.T.);
#11642=EDGE_LOOP('',(#11637,#11638,#11640,#11641));
#11643=FACE_OUTER_BOUND('',#11642,.F.);
#11644=ADVANCED_FACE('',(#11643),#11636,.F.);
#11645=CARTESIAN_POINT('',(-5.622667712092E0,5.997870733613E0,
-5.611224550641E0));
#11646=CARTESIAN_POINT('',(-5.597506312814E0,5.959359407013E0,
-5.615388458059E0));
#11647=CARTESIAN_POINT('',(-5.555250200356E0,5.942048466462E0,
-5.617260145180E0));
#11648=CARTESIAN_POINT('',(-5.505138997663E0,5.947245912087E0,
-5.616698188885E0));
#11649=CARTESIAN_POINT('',(-5.473704177873E0,5.955976564991E0,
-5.615754216456E0));
#11650=CARTESIAN_POINT('',(-5.420369887343E0,5.983464531307E0,
-5.612782172715E0));
#11651=CARTESIAN_POINT('',(-5.362762393123E0,6.040897692075E0,
-5.606572405721E0));
#11652=CARTESIAN_POINT('',(-5.322300963514E0,6.140491585814E0,
-5.595804151532E0));
#11653=CARTESIAN_POINT('',(-5.351319803684E0,6.209872689900E0,
-5.588302553422E0));
#11654=CARTESIAN_POINT('',(-5.391625295737E0,6.242359392068E0,
-5.584790038209E0));
#11656=DIRECTION('',(0.E0,1.074951318134E-1,-9.942056108454E-1));
#11657=VECTOR('',#11656,1.E0);
#11658=SURFACE_OF_LINEAR_EXTRUSION('',#11655,#11657);
#11659=ORIENTED_EDGE('',*,*,#11639,.F.);
#11660=ORIENTED_EDGE('',*,*,#7051,.F.);
#11662=ORIENTED_EDGE('',*,*,#11661,.T.);
#11663=ORIENTED_EDGE('',*,*,#11517,.F.);
#11664=EDGE_LOOP('',(#11659,#11660,#11662,#11663));
#11665=FACE_OUTER_BOUND('',#11664,.F.);
#11666=ADVANCED_FACE('',(#11665),#11658,.T.);
#11667=CARTESIAN_POINT('',(-5.341998490802E0,7.959775543554E0,
-5.881897720159E0));
#11668=DIRECTION('',(9.999946617187E-1,3.248563452591E-3,3.512399776579E-4));
#11669=DIRECTION('',(-3.267496599450E-3,9.942003034962E-1,1.074945579744E-1));
#11670=AXIS2_PLACEMENT_3D('',#11667,#11668,#11669);
#11671=PLANE('',#11670);
#11672=ORIENTED_EDGE('',*,*,#11661,.F.);
#11673=ORIENTED_EDGE('',*,*,#7049,.F.);
#11675=ORIENTED_EDGE('',*,*,#11674,.T.);
#11676=ORIENTED_EDGE('',*,*,#11519,.T.);
#11677=EDGE_LOOP('',(#11672,#11673,#11675,#11676));
#11678=FACE_OUTER_BOUND('',#11677,.F.);
#11679=ADVANCED_FACE('',(#11678),#11671,.F.);
#11680=CARTESIAN_POINT('',(-5.395766962615E0,9.579434025130E0,
-5.223980087392E0));
#11681=CARTESIAN_POINT('',(-5.360797150108E0,9.610610397209E0,
-5.220609247207E0));
#11682=CARTESIAN_POINT('',(-5.334736155580E0,9.677959241445E0,
-5.213327380348E0));
#11683=CARTESIAN_POINT('',(-5.375056147586E0,9.775314657627E0,-5.202801154E0));
#11684=CARTESIAN_POINT('',(-5.433054421201E0,9.832367458934E0,
-5.196632512092E0));
#11685=CARTESIAN_POINT('',(-5.486561841660E0,9.859491575784E0,
-5.193699808350E0));
#11686=CARTESIAN_POINT('',(-5.518037922707E0,9.868009289139E0,
-5.192778859291E0));
#11687=CARTESIAN_POINT('',(-5.568475721067E0,9.872907229294E0,
-5.192249286015E0));
#11688=CARTESIAN_POINT('',(-5.610917019671E0,9.855038911783E0,
-5.194181237642E0));
#11689=CARTESIAN_POINT('',(-5.635881802083E0,9.815566275475E0,
-5.198449083442E0));
#11691=DIRECTION('',(0.E0,1.074951318134E-1,-9.942056108454E-1));
#11692=VECTOR('',#11691,1.E0);
#11693=SURFACE_OF_LINEAR_EXTRUSION('',#11690,#11692);
#11694=ORIENTED_EDGE('',*,*,#11674,.F.);
#11695=ORIENTED_EDGE('',*,*,#7047,.F.);
#11697=ORIENTED_EDGE('',*,*,#11696,.T.);
#11698=ORIENTED_EDGE('',*,*,#11521,.F.);
#11699=EDGE_LOOP('',(#11694,#11695,#11697,#11698));
#11700=FACE_OUTER_BOUND('',#11699,.F.);
#11701=ADVANCED_FACE('',(#11700),#11693,.T.);
#11702=CARTESIAN_POINT('',(-6.031428164735E0,9.919576853494E0,
-5.670000806842E0));
#11703=DIRECTION('',(-3.268267742917E-3,9.942003009908E-1,1.074945577033E-1));
#11704=DIRECTION('',(-9.999946591987E-1,-3.249330127812E-3,-3.513228712821E-4));
#11705=AXIS2_PLACEMENT_3D('',#11702,#11703,#11704);
#11706=PLANE('',#11705);
#11707=ORIENTED_EDGE('',*,*,#11696,.F.);
#11708=ORIENTED_EDGE('',*,*,#7045,.F.);
#11709=ORIENTED_EDGE('',*,*,#11493,.F.);
#11710=ORIENTED_EDGE('',*,*,#11523,.T.);
#11711=EDGE_LOOP('',(#11707,#11708,#11709,#11710));
#11712=FACE_OUTER_BOUND('',#11711,.F.);
#11713=ADVANCED_FACE('',(#11712),#11706,.F.);
#11714=CARTESIAN_POINT('',(-4.657673071860E0,7.522996614627E0,
-5.446325453478E0));
#11715=CARTESIAN_POINT('',(-4.657715126044E0,7.521205431403E0,
-5.446519119129E0));
#11716=CARTESIAN_POINT('',(-4.658026222473E0,7.489940701913E0,
-5.449899512663E0));
#11717=CARTESIAN_POINT('',(-4.644347332699E0,7.428263204034E0,
-5.456568184306E0));
#11718=CARTESIAN_POINT('',(-4.599140598177E0,7.351019575624E0,
-5.464919891364E0));
#11719=CARTESIAN_POINT('',(-4.551958292111E0,7.308709011806E0,
-5.469494578516E0));
#11720=CARTESIAN_POINT('',(-4.524458200233E0,7.293517761739E0,
-5.471137081244E0));
#11721=CARTESIAN_POINT('',(-4.522868266711E0,7.292667103250E0,
-5.471229055827E0));
#11723=DIRECTION('',(0.E0,1.074951318135E-1,-9.942056108454E-1));
#11724=VECTOR('',#11723,1.E0);
#11725=SURFACE_OF_LINEAR_EXTRUSION('',#11722,#11724);
#11727=ORIENTED_EDGE('',*,*,#11726,.T.);
#11728=ORIENTED_EDGE('',*,*,#7067,.F.);
#11730=ORIENTED_EDGE('',*,*,#11729,.T.);
#11732=ORIENTED_EDGE('',*,*,#11731,.F.);
#11733=EDGE_LOOP('',(#11727,#11728,#11730,#11732));
#11734=FACE_OUTER_BOUND('',#11733,.F.);
#11735=ADVANCED_FACE('',(#11734),#11725,.T.);
#11736=CARTESIAN_POINT('',(-4.660390775538E0,8.379693112764E0,
-5.836495547852E0));
#11737=DIRECTION('',(-9.999946615261E-1,-3.248622060910E-3,-3.512463144853E-4));
#11738=DIRECTION('',(3.267555549347E-3,-9.942003033047E-1,-1.074945579534E-1));
#11739=AXIS2_PLACEMENT_3D('',#11736,#11737,#11738);
#11740=PLANE('',#11739);
#11741=ORIENTED_EDGE('',*,*,#11726,.F.);
#11743=ORIENTED_EDGE('',*,*,#11742,.T.);
#11745=ORIENTED_EDGE('',*,*,#11744,.F.);
#11746=ORIENTED_EDGE('',*,*,#7069,.F.);
#11747=EDGE_LOOP('',(#11741,#11743,#11745,#11746));
#11748=FACE_OUTER_BOUND('',#11747,.F.);
#11749=ADVANCED_FACE('',(#11748),#11740,.F.);
#11750=CARTESIAN_POINT('',(-4.663150116336E0,9.881223455554E0,
-5.191350122072E0));
#11751=DIRECTION('',(1.423376805672E-14,1.074951318136E-1,-9.942056108454E-1));
#11752=DIRECTION('',(0.E0,-9.942056108454E-1,-1.074951318136E-1));
#11753=AXIS2_PLACEMENT_3D('',#11750,#11751,#11752);
#11754=PLANE('',#11753);
#11755=ORIENTED_EDGE('',*,*,#11731,.T.);
#11757=ORIENTED_EDGE('',*,*,#11756,.T.);
#11759=ORIENTED_EDGE('',*,*,#11758,.T.);
#11761=ORIENTED_EDGE('',*,*,#11760,.F.);
#11763=ORIENTED_EDGE('',*,*,#11762,.T.);
#11765=ORIENTED_EDGE('',*,*,#11764,.F.);
#11767=ORIENTED_EDGE('',*,*,#11766,.T.);
#11769=ORIENTED_EDGE('',*,*,#11768,.F.);
#11771=ORIENTED_EDGE('',*,*,#11770,.T.);
#11773=ORIENTED_EDGE('',*,*,#11772,.F.);
#11775=ORIENTED_EDGE('',*,*,#11774,.T.);
#11777=ORIENTED_EDGE('',*,*,#11776,.T.);
#11779=ORIENTED_EDGE('',*,*,#11778,.T.);
#11781=ORIENTED_EDGE('',*,*,#11780,.F.);
#11783=ORIENTED_EDGE('',*,*,#11782,.T.);
#11785=ORIENTED_EDGE('',*,*,#11784,.T.);
#11787=ORIENTED_EDGE('',*,*,#11786,.T.);
#11788=ORIENTED_EDGE('',*,*,#11742,.F.);
#11789=EDGE_LOOP('',(#11755,#11757,#11759,#11761,#11763,#11765,#11767,#11769,
#11771,#11773,#11775,#11777,#11779,#11781,#11783,#11785,#11787,#11788));
#11790=FACE_OUTER_BOUND('',#11789,.F.);
#11792=ORIENTED_EDGE('',*,*,#11791,.T.);
#11794=ORIENTED_EDGE('',*,*,#11793,.T.);
#11795=EDGE_LOOP('',(#11792,#11794));
#11796=FACE_BOUND('',#11795,.F.);
#11797=ADVANCED_FACE('',(#11790,#11796),#11754,.T.);
#11798=CARTESIAN_POINT('',(-4.140438758113E0,7.117745725214E0,
-5.892473104363E0));
#11799=DIRECTION('',(-4.971234837640E-1,-8.626521293368E-1,-9.327135487955E-2));
#11800=DIRECTION('',(8.676798037815E-1,-4.942429568412E-1,-5.343835441454E-2));
#11801=AXIS2_PLACEMENT_3D('',#11798,#11799,#11800);
#11802=PLANE('',#11801);
#11804=ORIENTED_EDGE('',*,*,#11803,.F.);
#11805=ORIENTED_EDGE('',*,*,#11756,.F.);
#11806=ORIENTED_EDGE('',*,*,#11729,.F.);
#11807=ORIENTED_EDGE('',*,*,#7101,.F.);
#11808=EDGE_LOOP('',(#11804,#11805,#11806,#11807));
#11809=FACE_OUTER_BOUND('',#11808,.F.);
#11810=ADVANCED_FACE('',(#11809),#11802,.F.);
#11811=CARTESIAN_POINT('',(-3.757966771985E0,6.856920934236E0,
-5.518342642155E0));
#11812=CARTESIAN_POINT('',(-3.756409892927E0,6.856010892861E0,
-5.518441037313E0));
#11813=CARTESIAN_POINT('',(-3.728903305863E0,6.840138719690E0,
-5.520157162557E0));
#11814=CARTESIAN_POINT('',(-3.672133751589E0,6.814400022258E0,
-5.522940072493E0));
#11815=CARTESIAN_POINT('',(-3.599184750399E0,6.795236491094E0,
-5.525012064731E0));
#11816=CARTESIAN_POINT('',(-3.539321323534E0,6.787397700355E0,
-5.525859607567E0));
#11817=CARTESIAN_POINT('',(-3.507474653080E0,6.786035373209E0,
-5.526006904600E0));
#11818=CARTESIAN_POINT('',(-3.490649407835E0,6.786183382256E0,
-5.525990901620E0));
#11819=CARTESIAN_POINT('',(-3.488844297607E0,6.786209316972E0,
-5.525988097516E0));
#11821=DIRECTION('',(0.E0,1.074951318135E-1,-9.942056108454E-1));
#11822=VECTOR('',#11821,1.E0);
#11823=SURFACE_OF_LINEAR_EXTRUSION('',#11820,#11822);
#11824=ORIENTED_EDGE('',*,*,#11803,.T.);
#11825=ORIENTED_EDGE('',*,*,#7099,.F.);
#11827=ORIENTED_EDGE('',*,*,#11826,.T.);
#11828=ORIENTED_EDGE('',*,*,#11758,.F.);
#11829=EDGE_LOOP('',(#11824,#11825,#11827,#11828));
#11830=FACE_OUTER_BOUND('',#11829,.F.);
#11831=ADVANCED_FACE('',(#11830),#11823,.T.);
#11832=CARTESIAN_POINT('',(-3.092432292044E0,6.830465353299E0,
-5.923534326619E0));
#11833=DIRECTION('',(3.268294955877E-3,-9.942003009023E-1,-1.074945576938E-1));
#11834=DIRECTION('',(9.999946591098E-1,3.249357183062E-3,3.513257967959E-4));
#11835=AXIS2_PLACEMENT_3D('',#11832,#11833,#11834);
#11836=PLANE('',#11835);
#11837=ORIENTED_EDGE('',*,*,#11826,.F.);
#11838=ORIENTED_EDGE('',*,*,#7097,.F.);
#11840=ORIENTED_EDGE('',*,*,#11839,.T.);
#11841=ORIENTED_EDGE('',*,*,#11760,.T.);
#11842=EDGE_LOOP('',(#11837,#11838,#11840,#11841));
#11843=FACE_OUTER_BOUND('',#11842,.F.);
#11844=ADVANCED_FACE('',(#11843),#11836,.F.);
#11845=CARTESIAN_POINT('',(-2.690329658490E0,6.752242111785E0,
-5.931991951043E0));
#11846=DIRECTION('',(-1.423216789987E-14,1.074951318136E-1,-9.942056108454E-1));
#11847=DIRECTION('',(-3.356022735471E-3,9.942000120161E-1,1.074945264590E-1));
#11848=AXIS2_PLACEMENT_3D('',#11845,#11846,#11847);
#11849=CYLINDRICAL_SURFACE('',#11848,7.999290916452E-2);
#11850=ORIENTED_EDGE('',*,*,#11839,.F.);
#11851=ORIENTED_EDGE('',*,*,#7095,.F.);
#11853=ORIENTED_EDGE('',*,*,#11852,.T.);
#11854=ORIENTED_EDGE('',*,*,#11762,.F.);
#11855=EDGE_LOOP('',(#11850,#11851,#11853,#11854));
#11856=FACE_OUTER_BOUND('',#11855,.F.);
#11857=ADVANCED_FACE('',(#11856),#11849,.T.);
#11858=CARTESIAN_POINT('',(-2.609414365857E0,6.471723647938E0,
-5.962322064773E0));
#11859=DIRECTION('',(-9.999946615261E-1,-3.248622060721E-3,-3.512463144650E-4));
#11860=DIRECTION('',(3.267555549157E-3,-9.942003033046E-1,-1.074945579539E-1));
#11861=AXIS2_PLACEMENT_3D('',#11858,#11859,#11860);
#11862=PLANE('',#11861);
#11863=ORIENTED_EDGE('',*,*,#11852,.F.);
#11864=ORIENTED_EDGE('',*,*,#7093,.F.);
#11866=ORIENTED_EDGE('',*,*,#11865,.T.);
#11867=ORIENTED_EDGE('',*,*,#11764,.T.);
#11868=EDGE_LOOP('',(#11863,#11864,#11866,#11867));
#11869=FACE_OUTER_BOUND('',#11868,.F.);
#11870=ADVANCED_FACE('',(#11869),#11862,.F.);
#11871=CARTESIAN_POINT('',(-2.560530054323E0,6.245787376188E0,
-5.584419398980E0));
#11872=CARTESIAN_POINT('',(-2.595500596752E0,6.214612845950E0,
-5.587790040021E0));
#11873=CARTESIAN_POINT('',(-2.621570351051E0,6.147260826026E0,
-5.595072250240E0));
#11874=CARTESIAN_POINT('',(-2.581250384655E0,6.049899023898E0,
-5.605599167047E0));
#11875=CARTESIAN_POINT('',(-2.523247472843E0,5.992841653384E0,
-5.611768302985E0));
#11876=CARTESIAN_POINT('',(-2.469738565454E0,5.965716798067E0,
-5.614701086572E0));
#11877=CARTESIAN_POINT('',(-2.438261615241E0,5.957198831915E0,
-5.615622062962E0));
#11878=CARTESIAN_POINT('',(-2.387823178060E0,5.952300949584E0,
-5.616151629985E0));
#11879=CARTESIAN_POINT('',(-2.345381461028E0,5.970167216149E0,
-5.614219900112E0));
#11880=CARTESIAN_POINT('',(-2.320416101263E0,6.009630088477E0,
-5.609953110018E0));
#11882=DIRECTION('',(0.E0,1.074951318136E-1,-9.942056108454E-1));
#11883=VECTOR('',#11882,1.E0);
#11884=SURFACE_OF_LINEAR_EXTRUSION('',#11881,#11883);
#11885=ORIENTED_EDGE('',*,*,#11865,.F.);
#11886=ORIENTED_EDGE('',*,*,#7091,.F.);
#11888=ORIENTED_EDGE('',*,*,#11887,.T.);
#11889=ORIENTED_EDGE('',*,*,#11766,.F.);
#11890=EDGE_LOOP('',(#11885,#11886,#11888,#11889));
#11891=FACE_OUTER_BOUND('',#11890,.F.);
#11892=ADVANCED_FACE('',(#11891),#11884,.T.);
#11893=CARTESIAN_POINT('',(-1.924881001594E0,6.008826516904E0,
-6.092837510172E0));
#11894=DIRECTION('',(3.268294955782E-3,-9.942003009023E-1,-1.074945576938E-1));
#11895=DIRECTION('',(9.999946591098E-1,3.249357182955E-3,3.513257969061E-4));
#11896=AXIS2_PLACEMENT_3D('',#11893,#11894,#11895);
#11897=PLANE('',#11896);
#11899=ORIENTED_EDGE('',*,*,#11898,.F.);
#11900=ORIENTED_EDGE('',*,*,#11768,.T.);
#11901=ORIENTED_EDGE('',*,*,#11887,.F.);
#11902=ORIENTED_EDGE('',*,*,#7089,.F.);
#11903=EDGE_LOOP('',(#11899,#11900,#11901,#11902));
#11904=FACE_OUTER_BOUND('',#11903,.F.);
#11905=ADVANCED_FACE('',(#11904),#11897,.F.);
#11906=CARTESIAN_POINT('',(-1.529028165044E0,6.011159776328E0,
-5.609787717647E0));
#11907=CARTESIAN_POINT('',(-1.503866271646E0,5.972649804880E0,
-5.613951478569E0));
#11908=CARTESIAN_POINT('',(-1.461609935087E0,5.955339253549E0,
-5.615823123607E0));
#11909=CARTESIAN_POINT('',(-1.411498277850E0,5.960536746214E0,
-5.615261162224E0));
#11910=CARTESIAN_POINT('',(-1.380062588849E0,5.969267639640E0,
-5.614317163791E0));
#11911=CARTESIAN_POINT('',(-1.326726813295E0,5.996756368377E0,
-5.611345037616E0));
#11912=CARTESIAN_POINT('',(-1.269117718739E0,6.054191120906E0,
-5.605135098519E0));
#11913=CARTESIAN_POINT('',(-1.228655564428E0,6.153786806626E0,
-5.594366650576E0));
#11914=CARTESIAN_POINT('',(-1.257673950549E0,6.223168743083E0,
-5.586864962471E0));
#11915=CARTESIAN_POINT('',(-1.297977959033E0,6.255655611735E0,
-5.583352429260E0));
#11917=DIRECTION('',(1.407851922806E-14,1.074951318135E-1,-9.942056108454E-1));
#11918=VECTOR('',#11917,1.E0);
#11919=SURFACE_OF_LINEAR_EXTRUSION('',#11916,#11918);
#11920=ORIENTED_EDGE('',*,*,#11898,.T.);
#11921=ORIENTED_EDGE('',*,*,#7087,.F.);
#11923=ORIENTED_EDGE('',*,*,#11922,.T.);
#11924=ORIENTED_EDGE('',*,*,#11770,.F.);
#11925=EDGE_LOOP('',(#11920,#11921,#11923,#11924));
#11926=FACE_OUTER_BOUND('',#11925,.F.);
#11927=ADVANCED_FACE('',(#11926),#11919,.T.);
#11928=CARTESIAN_POINT('',(-1.247464183757E0,7.702612171554E0,
-5.909702643275E0));
#11929=DIRECTION('',(9.999946617523E-1,3.248553241254E-3,3.512388736041E-4));
#11930=DIRECTION('',(-3.267486328601E-3,9.942003035295E-1,1.074945579778E-1));
#11931=AXIS2_PLACEMENT_3D('',#11928,#11929,#11930);
#11932=PLANE('',#11931);
#11933=ORIENTED_EDGE('',*,*,#11922,.F.);
#11934=ORIENTED_EDGE('',*,*,#7085,.F.);
#11936=ORIENTED_EDGE('',*,*,#11935,.T.);
#11937=ORIENTED_EDGE('',*,*,#11772,.T.);
#11938=EDGE_LOOP('',(#11933,#11934,#11936,#11937));
#11939=FACE_OUTER_BOUND('',#11938,.F.);
#11940=ADVANCED_FACE('',(#11939),#11932,.F.);
#11941=CARTESIAN_POINT('',(-1.280664236485E0,9.051069487403E0,
-5.281107722773E0));
#11942=CARTESIAN_POINT('',(-1.260546797257E0,9.082239262741E0,
-5.277737595837E0));
#11943=CARTESIAN_POINT('',(-1.244941116340E0,9.145978065343E0,
-5.270846052566E0));
#11944=CARTESIAN_POINT('',(-1.266139433010E0,9.240164817829E0,
-5.260662427304E0));
#11945=CARTESIAN_POINT('',(-1.312283317103E0,9.318084392192E0,
-5.252237635866E0));
#11946=CARTESIAN_POINT('',(-1.385074525339E0,9.382013316694E0,
-5.245325536306E0));
#11947=CARTESIAN_POINT('',(-1.447957436970E0,9.400519003200E0,
-5.243324671305E0));
#11948=CARTESIAN_POINT('',(-1.484228998488E0,9.399521419956E0,
-5.243432531630E0));
#11950=DIRECTION('',(1.315333337420E-14,1.074951318135E-1,-9.942056108454E-1));
#11951=VECTOR('',#11950,1.E0);
#11952=SURFACE_OF_LINEAR_EXTRUSION('',#11949,#11951);
#11953=ORIENTED_EDGE('',*,*,#11935,.F.);
#11954=ORIENTED_EDGE('',*,*,#7083,.F.);
#11956=ORIENTED_EDGE('',*,*,#11955,.T.);
#11957=ORIENTED_EDGE('',*,*,#11774,.F.);
#11958=EDGE_LOOP('',(#11953,#11954,#11956,#11957));
#11959=FACE_OUTER_BOUND('',#11958,.F.);
#11960=ADVANCED_FACE('',(#11959),#11952,.T.);
#11961=CARTESIAN_POINT('',(-1.770957611034E0,9.645114774964E0,
-5.699676094315E0));
#11962=DIRECTION('',(4.967205680769E-1,8.628815124316E-1,9.329615615369E-2));
#11963=DIRECTION('',(-8.679105237577E-1,4.938423758044E-1,5.339504293990E-2));
#11964=AXIS2_PLACEMENT_3D('',#11961,#11962,#11963);
#11965=PLANE('',#11964);
#11966=ORIENTED_EDGE('',*,*,#11955,.F.);
#11967=ORIENTED_EDGE('',*,*,#7081,.F.);
#11969=ORIENTED_EDGE('',*,*,#11968,.T.);
#11970=ORIENTED_EDGE('',*,*,#11776,.F.);
#11971=EDGE_LOOP('',(#11966,#11967,#11969,#11970));
#11972=FACE_OUTER_BOUND('',#11971,.F.);
#11973=ADVANCED_FACE('',(#11972),#11965,.F.);
#11974=CARTESIAN_POINT('',(-2.152128598159E0,9.810366458820E0,
-5.199011296100E0));
#11975=CARTESIAN_POINT('',(-2.153685586198E0,9.811276476826E0,
-5.198912903469E0));
#11976=CARTESIAN_POINT('',(-2.181212335451E0,9.827159126482E0,
-5.197195645488E0));
#11977=CARTESIAN_POINT('',(-2.238002262734E0,9.852912213918E0,
-5.194411179682E0));
#11978=CARTESIAN_POINT('',(-2.310962220941E0,9.872096379384E0,
-5.192336956430E0));
#11979=CARTESIAN_POINT('',(-2.370806518432E0,9.879938102677E0,
-5.191489096520E0));
#11980=CARTESIAN_POINT('',(-2.402632412395E0,9.881300794972E0,
-5.191341760007E0));
#11981=CARTESIAN_POINT('',(-2.419446575434E0,9.881152938041E0,
-5.191357746540E0));
#11982=CARTESIAN_POINT('',(-2.421252455753E0,9.881126979987E0,
-5.191360553167E0));
#11984=DIRECTION('',(1.065533156880E-14,1.074951318135E-1,-9.942056108454E-1));
#11985=VECTOR('',#11984,1.E0);
#11986=SURFACE_OF_LINEAR_EXTRUSION('',#11983,#11985);
#11987=ORIENTED_EDGE('',*,*,#11968,.F.);
#11988=ORIENTED_EDGE('',*,*,#7079,.F.);
#11990=ORIENTED_EDGE('',*,*,#11989,.T.);
#11991=ORIENTED_EDGE('',*,*,#11778,.F.);
#11992=EDGE_LOOP('',(#11987,#11988,#11990,#11991));
#11993=FACE_OUTER_BOUND('',#11992,.F.);
#11994=ADVANCED_FACE('',(#11993),#11986,.T.);
#11995=CARTESIAN_POINT('',(-2.960130746269E0,9.931003730664E0,
-5.668765314249E0));
#11996=DIRECTION('',(-3.268291547399E-3,9.942003009134E-1,1.074945576950E-1));
#11997=DIRECTION('',(-9.999946591209E-1,-3.249353794288E-3,-3.513254308267E-4));
#11998=AXIS2_PLACEMENT_3D('',#11995,#11996,#11997);
#11999=PLANE('',#11998);
#12000=ORIENTED_EDGE('',*,*,#11989,.F.);
#12001=ORIENTED_EDGE('',*,*,#7077,.F.);
#12003=ORIENTED_EDGE('',*,*,#12002,.F.);
#12004=ORIENTED_EDGE('',*,*,#11780,.T.);
#12005=EDGE_LOOP('',(#12000,#12001,#12003,#12004));
#12006=FACE_OUTER_BOUND('',#12005,.F.);
#12007=ADVANCED_FACE('',(#12006),#11999,.F.);
#12008=CARTESIAN_POINT('',(-3.499008921751E0,9.877624910767E0,
-5.191739202601E0));
#12009=CARTESIAN_POINT('',(-3.500814905927E0,9.877639158478E0,
-5.191737662115E0));
#12010=CARTESIAN_POINT('',(-3.517626947168E0,9.877677854016E0,
-5.191733478291E0));
#12011=CARTESIAN_POINT('',(-3.549437624291E0,9.876107026524E0,
-5.191903318721E0));
#12012=CARTESIAN_POINT('',(-3.609222483750E0,9.867872659454E0,
-5.192793631916E0));
#12013=CARTESIAN_POINT('',(-3.682055389443E0,9.848212455818E0,
-5.194919325191E0));
#12014=CARTESIAN_POINT('',(-3.738677085308E0,9.822086470835E0,
-5.197744109289E0));
#12015=CARTESIAN_POINT('',(-3.766103613754E0,9.806024652146E0,
-5.199480739316E0));
#12016=CARTESIAN_POINT('',(-3.767654639712E0,9.805104642832E0,
-5.199580212223E0));
#12018=DIRECTION('',(0.E0,1.074951318136E-1,-9.942056108454E-1));
#12019=VECTOR('',#12018,1.E0);
#12020=SURFACE_OF_LINEAR_EXTRUSION('',#12017,#12019);
#12022=ORIENTED_EDGE('',*,*,#12021,.T.);
#12023=ORIENTED_EDGE('',*,*,#11782,.F.);
#12024=ORIENTED_EDGE('',*,*,#12002,.T.);
#12025=ORIENTED_EDGE('',*,*,#7075,.F.);
#12026=EDGE_LOOP('',(#12022,#12023,#12024,#12025));
#12027=FACE_OUTER_BOUND('',#12026,.F.);
#12028=ADVANCED_FACE('',(#12027),#12020,.T.);
#12029=CARTESIAN_POINT('',(-4.148689957465E0,9.627824027104E0,
-5.621079345385E0));
#12030=DIRECTION('',(-5.027311868140E-1,8.594338816312E-1,9.292339268979E-2));
#12031=DIRECTION('',(-8.644427996141E-1,-4.998181666774E-1,-5.404115519306E-2));
#12032=AXIS2_PLACEMENT_3D('',#12029,#12030,#12031);
#12033=PLANE('',#12032);
#12034=ORIENTED_EDGE('',*,*,#12021,.F.);
#12035=ORIENTED_EDGE('',*,*,#7073,.F.);
#12037=ORIENTED_EDGE('',*,*,#12036,.T.);
#12038=ORIENTED_EDGE('',*,*,#11784,.F.);
#12039=EDGE_LOOP('',(#12034,#12035,#12037,#12038));
#12040=FACE_OUTER_BOUND('',#12039,.F.);
#12041=ADVANCED_FACE('',(#12040),#12033,.F.);
#12042=CARTESIAN_POINT('',(-4.529680503735E0,9.364455825968E0,
-5.247223880832E0));
#12043=CARTESIAN_POINT('',(-4.531262298823E0,9.363596442500E0,
-5.247316798774E0));
#12044=CARTESIAN_POINT('',(-4.558661683303E0,9.348231234285E0,
-5.248978110143E0));
#12045=CARTESIAN_POINT('',(-4.605565934773E0,9.305607669256E0,
-5.253586639495E0));
#12046=CARTESIAN_POINT('',(-4.650263601407E0,9.228047644893E0,
-5.261972555800E0));
#12047=CARTESIAN_POINT('',(-4.663534947634E0,9.166257906426E0,
-5.268653363078E0));
#12048=CARTESIAN_POINT('',(-4.663019067201E0,9.134978461725E0,
-5.272035347644E0));
#12049=CARTESIAN_POINT('',(-4.662965170438E0,9.133184014633E0,
-5.272229366190E0));
#12051=DIRECTION('',(0.E0,1.074951318135E-1,-9.942056108454E-1));
#12052=VECTOR('',#12051,1.E0);
#12053=SURFACE_OF_LINEAR_EXTRUSION('',#12050,#12052);
#12054=ORIENTED_EDGE('',*,*,#12036,.F.);
#12055=ORIENTED_EDGE('',*,*,#7071,.F.);
#12056=ORIENTED_EDGE('',*,*,#11744,.T.);
#12057=ORIENTED_EDGE('',*,*,#11786,.F.);
#12058=EDGE_LOOP('',(#12054,#12055,#12056,#12057));
#12059=FACE_OUTER_BOUND('',#12058,.F.);
#12060=ADVANCED_FACE('',(#12059),#12053,.T.);
#12061=CARTESIAN_POINT('',(-2.593807267326E0,8.435499243609E0,
-5.347664181290E0));
#12062=CARTESIAN_POINT('',(-2.582930904426E0,8.402749543811E0,
-5.351205132234E0));
#12063=CARTESIAN_POINT('',(-2.567686132193E0,8.303823950463E0,
-5.361901128696E0));
#12064=CARTESIAN_POINT('',(-2.613716985840E0,8.139163401510E0,
-5.379704495749E0));
#12065=CARTESIAN_POINT('',(-2.730601015316E0,8.017876745904E0,
-5.392818206725E0));
#12066=CARTESIAN_POINT('',(-2.839065204637E0,7.973323764804E0,
-5.397635347691E0));
#12067=CARTESIAN_POINT('',(-2.903057691396E0,7.960540186494E0,
-5.399017529022E0));
#12068=CARTESIAN_POINT('',(-2.951871007703E0,7.957026691084E0,
-5.399397413875E0));
#12069=CARTESIAN_POINT('',(-3.000698660774E0,7.959722162344E0,
-5.399105975127E0));
#12070=CARTESIAN_POINT('',(-3.064748880205E0,7.971392486354E0,
-5.397844160666E0));
#12071=CARTESIAN_POINT('',(-3.173965854011E0,8.014059897494E0,
-5.393230890599E0));
#12072=CARTESIAN_POINT('',(-3.293965346827E0,8.134209077294E0,
-5.380240165362E0));
#12073=CARTESIAN_POINT('',(-3.342162220708E0,8.299898898506E0,
-5.362325511715E0));
#12074=CARTESIAN_POINT('',(-3.327804233041E0,8.400171276171E0,
-5.351483898737E0));
#12075=CARTESIAN_POINT('',(-3.317359173314E0,8.433052147036E0,
-5.347928765364E0));
#12077=DIRECTION('',(1.054599142245E-14,1.074951318137E-1,-9.942056108453E-1));
#12078=VECTOR('',#12077,1.E0);
#12079=SURFACE_OF_LINEAR_EXTRUSION('',#12076,#12078);
#12080=ORIENTED_EDGE('',*,*,#11791,.F.);
#12082=ORIENTED_EDGE('',*,*,#12081,.T.);
#12084=ORIENTED_EDGE('',*,*,#12083,.F.);
#12086=ORIENTED_EDGE('',*,*,#12085,.T.);
#12087=EDGE_LOOP('',(#12080,#12082,#12084,#12086));
#12088=FACE_OUTER_BOUND('',#12087,.F.);
#12089=ADVANCED_FACE('',(#12088),#12079,.T.);
#12090=CARTESIAN_POINT('',(-2.955034827190E0,8.377009506314E0,
-5.756319450974E0));
#12091=DIRECTION('',(6.686512817873E-14,1.074951318138E-1,-9.942056108453E-1));
#12092=DIRECTION('',(-3.457552671584E-3,9.941996681273E-1,1.074944892774E-1));
#12093=AXIS2_PLACEMENT_3D('',#12090,#12091,#12092);
#12094=CYLINDRICAL_SURFACE('',#12093,3.775198126373E-1);
#12095=ORIENTED_EDGE('',*,*,#12081,.F.);
#12096=ORIENTED_EDGE('',*,*,#11793,.F.);
#12097=ORIENTED_EDGE('',*,*,#12085,.F.);
#12099=ORIENTED_EDGE('',*,*,#12098,.T.);
#12100=EDGE_LOOP('',(#12095,#12096,#12097,#12099));
#12101=FACE_OUTER_BOUND('',#12100,.F.);
#12102=ADVANCED_FACE('',(#12101),#12094,.T.);
#12103=CARTESIAN_POINT('',(-1.249999969698E2,2.736363475954E0,
-6.366195297512E0));
#12104=DIRECTION('',(0.E0,1.074951318136E-1,-9.942056108454E-1));
#12105=DIRECTION('',(0.E0,-9.942056108454E-1,-1.074951318136E-1));
#12106=AXIS2_PLACEMENT_3D('',#12103,#12104,#12105);
#12107=PLANE('',#12106);
#12108=ORIENTED_EDGE('',*,*,#12098,.F.);
#12109=ORIENTED_EDGE('',*,*,#12083,.T.);
#12110=EDGE_LOOP('',(#12108,#12109));
#12111=FACE_OUTER_BOUND('',#12110,.F.);
#12112=ADVANCED_FACE('',(#12111),#12107,.T.);
#12113=CARTESIAN_POINT('',(1.720184929087E0,7.280960683332E0,
-5.472494773039E0));
#12114=CARTESIAN_POINT('',(1.720224310446E0,7.282633478011E0,
-5.472313907750E0));
#12115=CARTESIAN_POINT('',(1.720515746961E0,7.311830895631E0,
-5.469157035347E0));
#12116=CARTESIAN_POINT('',(1.707711601541E0,7.369429994439E0,
-5.462929326861E0));
#12117=CARTESIAN_POINT('',(1.665432980693E0,7.441523227204E0,
-5.455134488979E0));
#12118=CARTESIAN_POINT('',(1.621312196616E0,7.480982420586E0,
-5.450868096647E0));
#12119=CARTESIAN_POINT('',(1.595602485201E0,7.495119622414E0,
-5.449339559333E0));
#12120=CARTESIAN_POINT('',(1.594112272400E0,7.495913074611E0,
-5.449253769987E0));
#12122=DIRECTION('',(0.E0,1.074951318134E-1,-9.942056108454E-1));
#12123=VECTOR('',#12122,1.E0);
#12124=SURFACE_OF_LINEAR_EXTRUSION('',#12121,#12123);
#12126=ORIENTED_EDGE('',*,*,#12125,.T.);
#12127=ORIENTED_EDGE('',*,*,#7105,.F.);
#12129=ORIENTED_EDGE('',*,*,#12128,.T.);
#12131=ORIENTED_EDGE('',*,*,#12130,.F.);
#12132=EDGE_LOOP('',(#12126,#12127,#12129,#12131));
#12133=FACE_OUTER_BOUND('',#12132,.F.);
#12134=ADVANCED_FACE('',(#12133),#12124,.T.);
#12135=CARTESIAN_POINT('',(1.721897324723E0,6.831936953316E0,
-6.003841467609E0));
#12136=DIRECTION('',(9.999946617212E-1,3.248562708972E-3,3.512398972574E-4));
#12137=DIRECTION('',(-3.267495851497E-3,9.942003034986E-1,1.074945579744E-1));
#12138=AXIS2_PLACEMENT_3D('',#12135,#12136,#12137);
#12139=PLANE('',#12138);
#12141=ORIENTED_EDGE('',*,*,#12140,.F.);
#12142=ORIENTED_EDGE('',*,*,#7107,.F.);
#12143=ORIENTED_EDGE('',*,*,#12125,.F.);
#12145=ORIENTED_EDGE('',*,*,#12144,.T.);
#12146=EDGE_LOOP('',(#12141,#12142,#12143,#12145));
#12147=FACE_OUTER_BOUND('',#12146,.F.);
#12148=ADVANCED_FACE('',(#12147),#12139,.F.);
#12149=CARTESIAN_POINT('',(1.386018544384E0,6.196547991259E0,
-5.589743241567E0));
#12150=CARTESIAN_POINT('',(1.399118764951E0,6.160802696029E0,
-5.593608081174E0));
#12151=CARTESIAN_POINT('',(1.438763276569E0,6.118188688761E0,
-5.598215577127E0));
#12152=CARTESIAN_POINT('',(1.513196846075E0,6.093575781883E0,
-5.600876764752E0));
#12153=CARTESIAN_POINT('',(1.599320373505E0,6.095213335941E0,
-5.600699709738E0));
#12154=CARTESIAN_POINT('',(1.692410059189E0,6.150832244517E0,
-5.594686102650E0));
#12155=CARTESIAN_POINT('',(1.736480766198E0,6.267621094981E0,
-5.582058701699E0));
#12156=CARTESIAN_POINT('',(1.712766942056E0,6.341600891329E0,
-5.574059885487E0));
#12157=CARTESIAN_POINT('',(1.688662918245E0,6.369145060794E0,
-5.571081764971E0));
#12159=DIRECTION('',(0.E0,1.074951318134E-1,-9.942056108454E-1));
#12160=VECTOR('',#12159,1.E0);
#12161=SURFACE_OF_LINEAR_EXTRUSION('',#12158,#12160);
#12163=ORIENTED_EDGE('',*,*,#12162,.F.);
#12164=ORIENTED_EDGE('',*,*,#7109,.F.);
#12165=ORIENTED_EDGE('',*,*,#12140,.T.);
#12167=ORIENTED_EDGE('',*,*,#12166,.F.);
#12168=EDGE_LOOP('',(#12163,#12164,#12165,#12167));
#12169=FACE_OUTER_BOUND('',#12168,.F.);
#12170=ADVANCED_FACE('',(#12169),#12161,.T.);
#12171=CARTESIAN_POINT('',(5.051637021385E-1,6.709354592702E0,
-6.017095272323E0));
#12172=DIRECTION('',(-4.971008725031E-1,-8.626650086488E-1,-9.327274741152E-2));
#12173=DIRECTION('',(8.676927581562E-1,-4.942204765987E-1,-5.343592381463E-2));
#12174=AXIS2_PLACEMENT_3D('',#12171,#12172,#12173);
#12175=PLANE('',#12174);
#12177=ORIENTED_EDGE('',*,*,#12176,.F.);
#12178=ORIENTED_EDGE('',*,*,#7111,.F.);
#12179=ORIENTED_EDGE('',*,*,#12162,.T.);
#12181=ORIENTED_EDGE('',*,*,#12180,.F.);
#12182=EDGE_LOOP('',(#12177,#12178,#12179,#12181));
#12183=FACE_OUTER_BOUND('',#12182,.F.);
#12184=ADVANCED_FACE('',(#12183),#12175,.F.);
#12185=CARTESIAN_POINT('',(-5.636065040928E-1,7.409728927638E0,
-5.458572140492E0));
#12186=CARTESIAN_POINT('',(-5.636457009062E-1,7.408059143986E0,
-5.458752680224E0));
#12187=CARTESIAN_POINT('',(-5.639356706618E-1,7.378911540817E0,
-5.461904166605E0));
#12188=CARTESIAN_POINT('',(-5.511846020226E-1,7.321412456844E0,
-5.468121061324E0));
#12189=CARTESIAN_POINT('',(-5.090446870062E-1,7.249402772431E0,
-5.475906865824E0));
#12190=CARTESIAN_POINT('',(-4.650640802853E-1,7.209962772752E0,
-5.480171182900E0));
#12191=CARTESIAN_POINT('',(-4.394315413352E-1,7.195804838247E0,
-5.481701961865E0));
#12192=CARTESIAN_POINT('',(-4.379519648394E-1,7.195013283552E0,
-5.481787546050E0));
#12194=DIRECTION('',(0.E0,1.074951318134E-1,-9.942056108454E-1));
#12195=VECTOR('',#12194,1.E0);
#12196=SURFACE_OF_LINEAR_EXTRUSION('',#12193,#12195);
#12198=ORIENTED_EDGE('',*,*,#12197,.F.);
#12199=ORIENTED_EDGE('',*,*,#7113,.F.);
#12200=ORIENTED_EDGE('',*,*,#12176,.T.);
#12202=ORIENTED_EDGE('',*,*,#12201,.F.);
#12203=EDGE_LOOP('',(#12198,#12199,#12200,#12202));
#12204=FACE_OUTER_BOUND('',#12203,.F.);
#12205=ADVANCED_FACE('',(#12204),#12196,.T.);
#12206=CARTESIAN_POINT('',(-5.653643304194E-1,7.976014660834E0,
-5.880141920319E0));
#12207=DIRECTION('',(-9.999946649107E-1,-3.247592087877E-3,-3.511349521219E-4));
#12208=DIRECTION('',(3.266519573467E-3,-9.942003066696E-1,-1.074945583178E-1));
#12209=AXIS2_PLACEMENT_3D('',#12206,#12207,#12208);
#12210=PLANE('',#12209);
#12212=ORIENTED_EDGE('',*,*,#12211,.F.);
#12213=ORIENTED_EDGE('',*,*,#7115,.F.);
#12214=ORIENTED_EDGE('',*,*,#12197,.T.);
#12216=ORIENTED_EDGE('',*,*,#12215,.T.);
#12217=EDGE_LOOP('',(#12212,#12213,#12214,#12216));
#12218=FACE_OUTER_BOUND('',#12217,.F.);
#12219=ADVANCED_FACE('',(#12218),#12210,.F.);
#12220=CARTESIAN_POINT('',(-4.427498769275E-1,8.654634018825E0,
-5.323970972069E0));
#12221=CARTESIAN_POINT('',(-4.442241754844E-1,8.653832898228E0,
-5.324057590534E0));
#12222=CARTESIAN_POINT('',(-4.697632403930E-1,8.639508714169E0,
-5.325606344671E0));
#12223=CARTESIAN_POINT('',(-5.134823762073E-1,8.599782324833E0,
-5.329901626666E0));
#12224=CARTESIAN_POINT('',(-5.551492213826E-1,8.527500985528E0,
-5.337716802935E0));
#12225=CARTESIAN_POINT('',(-5.675201876895E-1,8.469919876620E0,
-5.343942566323E0));
#12226=CARTESIAN_POINT('',(-5.670387712063E-1,8.440774882267E0,
-5.347093770637E0));
#12227=CARTESIAN_POINT('',(-5.669886086540E-1,8.439105334795E0,
-5.347274284832E0));
#12229=DIRECTION('',(0.E0,1.074951318134E-1,-9.942056108454E-1));
#12230=VECTOR('',#12229,1.E0);
#12231=SURFACE_OF_LINEAR_EXTRUSION('',#12228,#12230);
#12232=ORIENTED_EDGE('',*,*,#12211,.T.);
#12234=ORIENTED_EDGE('',*,*,#12233,.F.);
#12236=ORIENTED_EDGE('',*,*,#12235,.T.);
#12237=ORIENTED_EDGE('',*,*,#7117,.F.);
#12238=EDGE_LOOP('',(#12232,#12234,#12236,#12237));
#12239=FACE_OUTER_BOUND('',#12238,.F.);
#12240=ADVANCED_FACE('',(#12239),#12231,.T.);
#12241=CARTESIAN_POINT('',(-1.106590242653E0,8.270849682724E0,
-5.365466360294E0));
#12242=DIRECTION('',(-2.211475137471E-14,1.074951318136E-1,-9.942056108454E-1));
#12243=DIRECTION('',(0.E0,-9.942056108454E-1,-1.074951318136E-1));
#12244=AXIS2_PLACEMENT_3D('',#12241,#12242,#12243);
#12245=PLANE('',#12244);
#12246=ORIENTED_EDGE('',*,*,#12130,.T.);
#12248=ORIENTED_EDGE('',*,*,#12247,.T.);
#12250=ORIENTED_EDGE('',*,*,#12249,.T.);
#12252=ORIENTED_EDGE('',*,*,#12251,.T.);
#12254=ORIENTED_EDGE('',*,*,#12253,.T.);
#12256=ORIENTED_EDGE('',*,*,#12255,.F.);
#12258=ORIENTED_EDGE('',*,*,#12257,.T.);
#12260=ORIENTED_EDGE('',*,*,#12259,.T.);
#12261=ORIENTED_EDGE('',*,*,#12233,.T.);
#12262=ORIENTED_EDGE('',*,*,#12215,.F.);
#12263=ORIENTED_EDGE('',*,*,#12201,.T.);
#12264=ORIENTED_EDGE('',*,*,#12180,.T.);
#12265=ORIENTED_EDGE('',*,*,#12166,.T.);
#12266=ORIENTED_EDGE('',*,*,#12144,.F.);
#12267=EDGE_LOOP('',(#12246,#12248,#12250,#12252,#12254,#12256,#12258,#12260,
#12261,#12262,#12263,#12264,#12265,#12266));
#12268=FACE_OUTER_BOUND('',#12267,.F.);
#12269=ADVANCED_FACE('',(#12268),#12245,.T.);
#12270=CARTESIAN_POINT('',(1.305798697104E0,7.711078322514E0,
-5.908787269228E0));
#12271=DIRECTION('',(4.954415689405E-1,8.636080220529E-1,9.337470755859E-2));
#12272=DIRECTION('',(-8.686412675931E-1,4.925707876866E-1,5.325755675949E-2));
#12273=AXIS2_PLACEMENT_3D('',#12270,#12271,#12272);
#12274=PLANE('',#12273);
#12276=ORIENTED_EDGE('',*,*,#12275,.F.);
#12277=ORIENTED_EDGE('',*,*,#12247,.F.);
#12278=ORIENTED_EDGE('',*,*,#12128,.F.);
#12279=ORIENTED_EDGE('',*,*,#7131,.F.);
#12280=EDGE_LOOP('',(#12276,#12277,#12278,#12279));
#12281=FACE_OUTER_BOUND('',#12280,.F.);
#12282=ADVANCED_FACE('',(#12281),#12274,.F.);
#12283=CARTESIAN_POINT('',(1.017414325742E0,7.823248206476E0,
-5.413861761773E0));
#12284=CARTESIAN_POINT('',(1.015918259820E0,7.823937417233E0,
-5.413787243182E0));
#12285=CARTESIAN_POINT('',(9.977309531157E-1,7.833285245743E0,
-5.412776540720E0));
#12286=CARTESIAN_POINT('',(9.729564866957E-1,7.870317699907E0,
-5.408772531389E0));
#12287=CARTESIAN_POINT('',(9.642863429348E-1,7.929152969154E0,
-5.402411166141E0));
#12288=CARTESIAN_POINT('',(9.724278468617E-1,7.988118487752E0,
-5.396035718120E0));
#12289=CARTESIAN_POINT('',(9.968926857273E-1,8.025542234197E0,
-5.391989401631E0));
#12290=CARTESIAN_POINT('',(1.015109823924E0,8.035057618178E0,
-5.390960582799E0));
#12291=CARTESIAN_POINT('',(1.016602068190E0,8.035756825204E0,
-5.390884983396E0));
#12293=DIRECTION('',(0.E0,1.074951318135E-1,-9.942056108454E-1));
#12294=VECTOR('',#12293,1.E0);
#12295=SURFACE_OF_LINEAR_EXTRUSION('',#12292,#12294);
#12296=ORIENTED_EDGE('',*,*,#12275,.T.);
#12297=ORIENTED_EDGE('',*,*,#7129,.F.);
#12299=ORIENTED_EDGE('',*,*,#12298,.T.);
#12300=ORIENTED_EDGE('',*,*,#12249,.F.);
#12301=EDGE_LOOP('',(#12296,#12297,#12299,#12300));
#12302=FACE_OUTER_BOUND('',#12301,.F.);
#12303=ADVANCED_FACE('',(#12302),#12295,.T.);
#12304=CARTESIAN_POINT('',(1.303959996140E0,8.253048520814E0,
-5.850188567642E0));
#12305=DIRECTION('',(5.011618418555E-1,-8.603393787700E-1,-9.302129651693E-2));
#12306=DIRECTION('',(8.653535741349E-1,4.982579151143E-1,5.387245825045E-2));
#12307=AXIS2_PLACEMENT_3D('',#12304,#12305,#12306);
#12308=PLANE('',#12307);
#12309=ORIENTED_EDGE('',*,*,#12298,.F.);
#12310=ORIENTED_EDGE('',*,*,#7127,.F.);
#12312=ORIENTED_EDGE('',*,*,#12311,.T.);
#12313=ORIENTED_EDGE('',*,*,#12251,.F.);
#12314=EDGE_LOOP('',(#12309,#12310,#12312,#12313));
#12315=FACE_OUTER_BOUND('',#12314,.F.);
#12316=ADVANCED_FACE('',(#12315),#12308,.F.);
#12317=CARTESIAN_POINT('',(1.591268936425E0,8.366956176703E0,
-5.355075169452E0));
#12318=CARTESIAN_POINT('',(1.592747412635E0,8.367755914364E0,
-5.354988700512E0));
#12319=CARTESIAN_POINT('',(1.618357183143E0,8.382056678726E0,
-5.353442478550E0));
#12320=CARTESIAN_POINT('',(1.662210802857E0,8.421798178578E0,
-5.349145562782E0));
#12321=CARTESIAN_POINT('',(1.704015713174E0,8.494163883424E0,
-5.341321264774E0));
#12322=CARTESIAN_POINT('',(1.716439063044E0,8.551845187993E0,
-5.335084668067E0));
#12323=CARTESIAN_POINT('',(1.715955874772E0,8.581039868057E0,
-5.331928091654E0));
#12324=CARTESIAN_POINT('',(1.715905512381E0,8.582712349034E0,
-5.331747260284E0));
#12326=DIRECTION('',(0.E0,1.074951318135E-1,-9.942056108454E-1));
#12327=VECTOR('',#12326,1.E0);
#12328=SURFACE_OF_LINEAR_EXTRUSION('',#12325,#12327);
#12329=ORIENTED_EDGE('',*,*,#12311,.F.);
#12330=ORIENTED_EDGE('',*,*,#7125,.F.);
#12332=ORIENTED_EDGE('',*,*,#12331,.T.);
#12333=ORIENTED_EDGE('',*,*,#12253,.F.);
#12334=EDGE_LOOP('',(#12329,#12330,#12332,#12333));
#12335=FACE_OUTER_BOUND('',#12334,.F.);
#12336=ADVANCED_FACE('',(#12335),#12328,.T.);
#12337=CARTESIAN_POINT('',(1.714327749516E0,9.134932009264E0,
-5.754837886855E0));
#12338=DIRECTION('',(9.999946650138E-1,3.247560723456E-3,3.511315609491E-4));
#12339=DIRECTION('',(-3.266488026249E-3,9.942003067721E-1,1.074945583287E-1));
#12340=AXIS2_PLACEMENT_3D('',#12337,#12338,#12339);
#12341=PLANE('',#12340);
#12342=ORIENTED_EDGE('',*,*,#12331,.F.);
#12343=ORIENTED_EDGE('',*,*,#7123,.F.);
#12345=ORIENTED_EDGE('',*,*,#12344,.T.);
#12346=ORIENTED_EDGE('',*,*,#12255,.T.);
#12347=EDGE_LOOP('',(#12342,#12343,#12345,#12346));
#12348=FACE_OUTER_BOUND('',#12347,.F.);
#12349=ADVANCED_FACE('',(#12348),#12341,.F.);
#12350=CARTESIAN_POINT('',(1.677031542094E0,9.493229611034E0,
-5.233300649211E0));
#12351=CARTESIAN_POINT('',(1.701927719843E0,9.520985009141E0,
-5.230299690309E0));
#12352=CARTESIAN_POINT('',(1.726363017837E0,9.597248701685E0,
-5.222053935514E0));
#12353=CARTESIAN_POINT('',(1.678493663327E0,9.716410645704E0,
-5.209169951819E0));
#12354=CARTESIAN_POINT('',(1.582522639455E0,9.768677543814E0,
-5.203518769569E0));
#12355=CARTESIAN_POINT('',(1.498400162460E0,9.768002360666E0,
-5.203591771472E0));
#12356=CARTESIAN_POINT('',(1.425908603624E0,9.742809215543E0,
-5.206315695402E0));
#12357=CARTESIAN_POINT('',(1.387030203739E0,9.700300211149E0,
-5.210911838274E0));
#12358=CARTESIAN_POINT('',(1.374251861541E0,9.664081389234E0,
-5.214827876362E0));
#12360=DIRECTION('',(0.E0,1.074951318135E-1,-9.942056108454E-1));
#12361=VECTOR('',#12360,1.E0);
#12362=SURFACE_OF_LINEAR_EXTRUSION('',#12359,#12361);
#12363=ORIENTED_EDGE('',*,*,#12344,.F.);
#12364=ORIENTED_EDGE('',*,*,#7121,.F.);
#12366=ORIENTED_EDGE('',*,*,#12365,.T.);
#12367=ORIENTED_EDGE('',*,*,#12257,.F.);
#12368=EDGE_LOOP('',(#12363,#12364,#12366,#12367));
#12369=FACE_OUTER_BOUND('',#12368,.F.);
#12370=ADVANCED_FACE('',(#12369),#12362,.T.);
#12371=CARTESIAN_POINT('',(4.968145975137E-1,9.249605162314E0,
-5.742439238560E0));
#12372=DIRECTION('',(-5.027611957391E-1,8.594165298700E-1,9.292151658906E-2));
#12373=DIRECTION('',(-8.644253467240E-1,-4.998480017192E-1,-5.404438100630E-2));
#12374=AXIS2_PLACEMENT_3D('',#12371,#12372,#12373);
#12375=PLANE('',#12374);
#12376=ORIENTED_EDGE('',*,*,#12365,.F.);
#12377=ORIENTED_EDGE('',*,*,#7119,.F.);
#12378=ORIENTED_EDGE('',*,*,#12235,.F.);
#12379=ORIENTED_EDGE('',*,*,#12259,.F.);
#12380=EDGE_LOOP('',(#12376,#12377,#12378,#12379));
#12381=FACE_OUTER_BOUND('',#12380,.F.);
#12382=ADVANCED_FACE('',(#12381),#12375,.F.);
#12383=CARTESIAN_POINT('',(2.405198782657E0,6.710455440733E0,
-5.534178730144E0));
#12384=CARTESIAN_POINT('',(2.405155261992E0,6.708637594590E0,
-5.534375278633E0));
#12385=CARTESIAN_POINT('',(2.404831946562E0,6.676866313683E0,
-5.537810441332E0));
#12386=CARTESIAN_POINT('',(2.418983306690E0,6.614227394263E0,
-5.544583063439E0));
#12387=CARTESIAN_POINT('',(2.465374883981E0,6.536163617492E0,
-5.553023446276E0));
#12388=CARTESIAN_POINT('',(2.513848704205E0,6.493837421339E0,
-5.557599823621E0));
#12389=CARTESIAN_POINT('',(2.541986828526E0,6.478982282388E0,
-5.559205985468E0));
#12390=CARTESIAN_POINT('',(2.543614285412E0,6.478151548150E0,
-5.559295805809E0));
#12392=DIRECTION('',(0.E0,1.074951318135E-1,-9.942056108454E-1));
#12393=VECTOR('',#12392,1.E0);
#12394=SURFACE_OF_LINEAR_EXTRUSION('',#12391,#12393);
#12396=ORIENTED_EDGE('',*,*,#12395,.F.);
#12397=ORIENTED_EDGE('',*,*,#7135,.F.);
#12399=ORIENTED_EDGE('',*,*,#12398,.T.);
#12401=ORIENTED_EDGE('',*,*,#12400,.F.);
#12402=EDGE_LOOP('',(#12396,#12397,#12399,#12401));
#12403=FACE_OUTER_BOUND('',#12402,.F.);
#12404=ADVANCED_FACE('',(#12403),#12394,.T.);
#12405=CARTESIAN_POINT('',(2.400219772647E0,8.254513310334E0,
-5.850030192210E0));
#12406=DIRECTION('',(-9.999946617527E-1,-3.248553111996E-3,-3.512388596163E-4));
#12407=DIRECTION('',(3.267486198588E-3,-9.942003035300E-1,-1.074945579778E-1));
#12408=AXIS2_PLACEMENT_3D('',#12405,#12406,#12407);
#12409=PLANE('',#12408);
#12411=ORIENTED_EDGE('',*,*,#12410,.F.);
#12412=ORIENTED_EDGE('',*,*,#7137,.F.);
#12413=ORIENTED_EDGE('',*,*,#12395,.T.);
#12415=ORIENTED_EDGE('',*,*,#12414,.T.);
#12416=EDGE_LOOP('',(#12411,#12412,#12413,#12415));
#12417=FACE_OUTER_BOUND('',#12416,.F.);
#12418=ADVANCED_FACE('',(#12417),#12409,.F.);
#12419=CARTESIAN_POINT('',(2.681786117104E0,9.842048138586E0,
-5.195585821221E0));
#12420=CARTESIAN_POINT('',(2.656624225569E0,9.880558114195E0,
-5.191422059863E0));
#12421=CARTESIAN_POINT('',(2.614367888839E0,9.897868668064E0,
-5.189550414553E0));
#12422=CARTESIAN_POINT('',(2.564256231697E0,9.892671175790E0,
-5.190112375892E0));
#12423=CARTESIAN_POINT('',(2.532820544231E0,9.883940282694E0,
-5.191056374290E0));
#12424=CARTESIAN_POINT('',(2.479484771256E0,9.856451554824E0,
-5.194028500371E0));
#12425=CARTESIAN_POINT('',(2.421875679757E0,9.799016800972E0,
-5.200238439612E0));
#12426=CARTESIAN_POINT('',(2.381413528042E0,9.699421115923E0,
-5.211006887482E0));
#12427=CARTESIAN_POINT('',(2.410431911975E0,9.630039179441E0,
-5.218508575589E0));
#12428=CARTESIAN_POINT('',(2.450735916501E0,9.597552310654E0,
-5.222021108817E0));
#12430=DIRECTION('',(0.E0,1.074951318135E-1,-9.942056108454E-1));
#12431=VECTOR('',#12430,1.E0);
#12432=SURFACE_OF_LINEAR_EXTRUSION('',#12429,#12431);
#12434=ORIENTED_EDGE('',*,*,#12433,.F.);
#12435=ORIENTED_EDGE('',*,*,#7139,.F.);
#12436=ORIENTED_EDGE('',*,*,#12410,.T.);
#12438=ORIENTED_EDGE('',*,*,#12437,.F.);
#12439=EDGE_LOOP('',(#12434,#12435,#12436,#12438));
#12440=FACE_OUTER_BOUND('',#12439,.F.);
#12441=ADVANCED_FACE('',(#12440),#12432,.T.);
#12442=CARTESIAN_POINT('',(3.077646856041E0,9.947576743774E0,
-5.666973413048E0));
#12443=DIRECTION('',(-3.268267738893E-3,9.942003009908E-1,1.074945577034E-1));
#12444=DIRECTION('',(-9.999946591987E-1,-3.249330123760E-3,-3.513228713246E-4));
#12445=AXIS2_PLACEMENT_3D('',#12442,#12443,#12444);
#12446=PLANE('',#12445);
#12448=ORIENTED_EDGE('',*,*,#12447,.F.);
#12449=ORIENTED_EDGE('',*,*,#7141,.F.);
#12450=ORIENTED_EDGE('',*,*,#12433,.T.);
#12452=ORIENTED_EDGE('',*,*,#12451,.T.);
#12453=EDGE_LOOP('',(#12448,#12449,#12450,#12452));
#12454=FACE_OUTER_BOUND('',#12453,.F.);
#12455=ADVANCED_FACE('',(#12454),#12446,.F.);
#12456=CARTESIAN_POINT('',(3.713312560206E0,9.607428401335E0,
-5.220953289791E0));
#12457=CARTESIAN_POINT('',(3.748281212707E0,9.638604938158E0,
-5.217582431791E0));
#12458=CARTESIAN_POINT('',(3.774341863114E0,9.705954675544E0,
-5.210300468361E0));
#12459=CARTESIAN_POINT('',(3.734021112808E0,9.803311931043E0,
-5.199774043145E0));
#12460=CARTESIAN_POINT('',(3.676021230196E0,9.860366314784E0,
-5.193605230142E0));
#12461=CARTESIAN_POINT('',(3.622512322750E0,9.887491181864E0,
-5.190672445282E0));
#12462=CARTESIAN_POINT('',(3.591035373917E0,9.896009128889E0,
-5.189751470960E0));
#12463=CARTESIAN_POINT('',(3.540597130026E0,9.900907111613E0,
-5.189221893081E0));
#12464=CARTESIAN_POINT('',(3.498155613511E0,9.883039194545E0,
-5.191153801410E0));
#12465=CARTESIAN_POINT('',(3.473190317721E0,9.843567958339E0,
-5.195421495837E0));
#12467=DIRECTION('',(0.E0,1.074951318135E-1,-9.942056108454E-1));
#12468=VECTOR('',#12467,1.E0);
#12469=SURFACE_OF_LINEAR_EXTRUSION('',#12466,#12468);
#12471=ORIENTED_EDGE('',*,*,#12470,.F.);
#12472=ORIENTED_EDGE('',*,*,#7143,.F.);
#12473=ORIENTED_EDGE('',*,*,#12447,.T.);
#12475=ORIENTED_EDGE('',*,*,#12474,.F.);
#12476=EDGE_LOOP('',(#12471,#12472,#12473,#12475));
#12477=FACE_OUTER_BOUND('',#12476,.F.);
#12478=ADVANCED_FACE('',(#12477),#12469,.T.);
#12479=CARTESIAN_POINT('',(3.764962858054E0,8.631932026484E0,
-5.809223065195E0));
#12480=DIRECTION('',(9.999946605350E-1,3.248923598624E-3,3.512789172347E-4));
#12481=DIRECTION('',(-3.267858844471E-3,9.942003023193E-1,1.074945578471E-1));
#12482=AXIS2_PLACEMENT_3D('',#12479,#12480,#12481);
#12483=PLANE('',#12482);
#12485=ORIENTED_EDGE('',*,*,#12484,.F.);
#12486=ORIENTED_EDGE('',*,*,#7145,.F.);
#12487=ORIENTED_EDGE('',*,*,#12470,.T.);
#12489=ORIENTED_EDGE('',*,*,#12488,.T.);
#12490=EDGE_LOOP('',(#12485,#12486,#12487,#12489));
#12491=FACE_OUTER_BOUND('',#12490,.F.);
#12492=ADVANCED_FACE('',(#12491),#12483,.F.);
#12493=CARTESIAN_POINT('',(4.423856039025E0,7.555902177406E0,
-5.442767650375E0));
#12494=CARTESIAN_POINT('',(4.439791395870E0,7.525358529392E0,
-5.446070079403E0));
#12495=CARTESIAN_POINT('',(4.459150309484E0,7.438231558769E0,
-5.455490389536E0));
#12496=CARTESIAN_POINT('',(4.411643626380E0,7.297066678376E0,
-5.470753366591E0));
#12497=CARTESIAN_POINT('',(4.295481679306E0,7.215762642104E0,
-5.479544091568E0));
#12498=CARTESIAN_POINT('',(4.187986148841E0,7.196642290984E0,
-5.481611415110E0));
#12499=CARTESIAN_POINT('',(4.102344068862E0,7.196137381744E0,
-5.481666006719E0));
#12500=CARTESIAN_POINT('',(4.017543510631E0,7.197743587654E0,
-5.481492341117E0));
#12501=CARTESIAN_POINT('',(3.913735736900E0,7.217986055064E0,
-5.479303692534E0));
#12502=CARTESIAN_POINT('',(3.803672585962E0,7.300087924835E0,
-5.470426704497E0));
#12503=CARTESIAN_POINT('',(3.757369545588E0,7.436542049676E0,
-5.455673062014E0));
#12504=CARTESIAN_POINT('',(3.775707375460E0,7.522756009750E0,
-5.446351468069E0));
#12505=CARTESIAN_POINT('',(3.791208984568E0,7.553676378291E0,
-5.443008307403E0));
#12507=DIRECTION('',(0.E0,1.074951318135E-1,-9.942056108454E-1));
#12508=VECTOR('',#12507,1.E0);
#12509=SURFACE_OF_LINEAR_EXTRUSION('',#12506,#12508);
#12511=ORIENTED_EDGE('',*,*,#12510,.F.);
#12512=ORIENTED_EDGE('',*,*,#7147,.F.);
#12513=ORIENTED_EDGE('',*,*,#12484,.T.);
#12515=ORIENTED_EDGE('',*,*,#12514,.F.);
#12516=EDGE_LOOP('',(#12511,#12512,#12513,#12515));
#12517=FACE_OUTER_BOUND('',#12516,.F.);
#12518=ADVANCED_FACE('',(#12517),#12509,.T.);
#12519=CARTESIAN_POINT('',(4.443706000129E0,8.634137517564E0,
-5.808984603903E0));
#12520=DIRECTION('',(-9.999946618246E-1,-3.248531243460E-3,-3.512364951545E-4));
#12521=DIRECTION('',(3.267464202599E-3,-9.942003036014E-1,-1.074945579857E-1));
#12522=AXIS2_PLACEMENT_3D('',#12519,#12520,#12521);
#12523=PLANE('',#12522);
#12525=ORIENTED_EDGE('',*,*,#12524,.F.);
#12526=ORIENTED_EDGE('',*,*,#7149,.F.);
#12527=ORIENTED_EDGE('',*,*,#12510,.T.);
#12529=ORIENTED_EDGE('',*,*,#12528,.T.);
#12530=EDGE_LOOP('',(#12525,#12526,#12527,#12529));
#12531=FACE_OUTER_BOUND('',#12530,.F.);
#12532=ADVANCED_FACE('',(#12531),#12523,.F.);
#12533=CARTESIAN_POINT('',(4.726498188908E0,9.848692172027E0,
-5.194867457495E0));
#12534=CARTESIAN_POINT('',(4.701336297666E0,9.887202148152E0,
-5.190703696078E0));
#12535=CARTESIAN_POINT('',(4.659079961336E0,9.904512703204E0,
-5.188832050639E0));
#12536=CARTESIAN_POINT('',(4.608968304280E0,9.899315211374E0,
-5.189394011931E0));
#12537=CARTESIAN_POINT('',(4.577532615868E0,9.890584317964E0,
-5.190338010363E0));
#12538=CARTESIAN_POINT('',(4.524196842893E0,9.863095589994E0,
-5.193310136455E0));
#12539=CARTESIAN_POINT('',(4.466587751005E0,9.805660836035E0,
-5.199520075707E0));
#12540=CARTESIAN_POINT('',(4.426125599102E0,9.706065149894E0,
-5.210288523697E0));
#12541=CARTESIAN_POINT('',(4.455143975225E0,9.636683212574E0,
-5.217790211893E0));
#12542=CARTESIAN_POINT('',(4.495447971493E0,9.604196343587E0,
-5.221302745139E0));
#12544=DIRECTION('',(0.E0,1.074951318135E-1,-9.942056108454E-1));
#12545=VECTOR('',#12544,1.E0);
#12546=SURFACE_OF_LINEAR_EXTRUSION('',#12543,#12545);
#12547=ORIENTED_EDGE('',*,*,#12524,.T.);
#12549=ORIENTED_EDGE('',*,*,#12548,.F.);
#12551=ORIENTED_EDGE('',*,*,#12550,.T.);
#12552=ORIENTED_EDGE('',*,*,#7151,.F.);
#12553=EDGE_LOOP('',(#12547,#12549,#12551,#12552));
#12554=FACE_OUTER_BOUND('',#12553,.F.);
#12555=ADVANCED_FACE('',(#12554),#12546,.T.);
#12556=CARTESIAN_POINT('',(2.395189994136E0,9.904224930444E0,
-5.188863165100E0));
#12557=DIRECTION('',(1.432924291302E-14,1.074951318136E-1,-9.942056108454E-1));
#12558=DIRECTION('',(0.E0,-9.942056108454E-1,-1.074951318136E-1));
#12559=AXIS2_PLACEMENT_3D('',#12556,#12557,#12558);
#12560=PLANE('',#12559);
#12561=ORIENTED_EDGE('',*,*,#12400,.T.);
#12563=ORIENTED_EDGE('',*,*,#12562,.T.);
#12565=ORIENTED_EDGE('',*,*,#12564,.T.);
#12567=ORIENTED_EDGE('',*,*,#12566,.F.);
#12569=ORIENTED_EDGE('',*,*,#12568,.T.);
#12571=ORIENTED_EDGE('',*,*,#12570,.F.);
#12573=ORIENTED_EDGE('',*,*,#12572,.T.);
#12575=ORIENTED_EDGE('',*,*,#12574,.F.);
#12577=ORIENTED_EDGE('',*,*,#12576,.T.);
#12579=ORIENTED_EDGE('',*,*,#12578,.F.);
#12580=ORIENTED_EDGE('',*,*,#12548,.T.);
#12581=ORIENTED_EDGE('',*,*,#12528,.F.);
#12582=ORIENTED_EDGE('',*,*,#12514,.T.);
#12583=ORIENTED_EDGE('',*,*,#12488,.F.);
#12584=ORIENTED_EDGE('',*,*,#12474,.T.);
#12585=ORIENTED_EDGE('',*,*,#12451,.F.);
#12586=ORIENTED_EDGE('',*,*,#12437,.T.);
#12587=ORIENTED_EDGE('',*,*,#12414,.F.);
#12588=EDGE_LOOP('',(#12561,#12563,#12565,#12567,#12569,#12571,#12573,#12575,
#12577,#12579,#12580,#12581,#12582,#12583,#12584,#12585,#12586,#12587));
#12589=FACE_OUTER_BOUND('',#12588,.F.);
#12590=ADVANCED_FACE('',(#12589),#12560,.T.);
#12591=CARTESIAN_POINT('',(2.924173965073E0,6.312739645568E0,
-6.059977927134E0));
#12592=DIRECTION('',(-4.971825729238E-1,-8.626184686403E-1,-9.326771543004E-2));
#12593=DIRECTION('',(8.676459469051E-1,-4.943017036153E-1,-5.344470621280E-2));
#12594=AXIS2_PLACEMENT_3D('',#12591,#12592,#12593);
#12595=PLANE('',#12594);
#12597=ORIENTED_EDGE('',*,*,#12596,.F.);
#12598=ORIENTED_EDGE('',*,*,#12562,.F.);
#12599=ORIENTED_EDGE('',*,*,#12398,.F.);
#12600=ORIENTED_EDGE('',*,*,#7169,.F.);
#12601=EDGE_LOOP('',(#12597,#12598,#12599,#12600));
#12602=FACE_OUTER_BOUND('',#12601,.F.);
#12603=ADVANCED_FACE('',(#12602),#12595,.F.);
#12604=CARTESIAN_POINT('',(3.304893840975E0,6.044279018447E0,
-5.606206811199E0));
#12605=CARTESIAN_POINT('',(3.306450660564E0,6.043368853106E0,
-5.606305219760E0));
#12606=CARTESIAN_POINT('',(3.333949698956E0,6.027498638287E0,
-5.608021133265E0));
#12607=CARTESIAN_POINT('',(3.390715627227E0,6.001767460144E0,
-5.610803230204E0));
#12608=CARTESIAN_POINT('',(3.463663057155E0,5.982607386818E0,
-5.612874848575E0));
#12609=CARTESIAN_POINT('',(3.523534348541E0,5.974774937221E0,
-5.613721705796E0));
#12610=CARTESIAN_POINT('',(3.555387526784E0,5.973414610397E0,
-5.613868786551E0));
#12611=CARTESIAN_POINT('',(3.572215180706E0,5.973562272453E0,
-5.613852821088E0));
#12612=CARTESIAN_POINT('',(3.574020960302E0,5.973588160042E0,
-5.613850022080E0));
#12614=DIRECTION('',(0.E0,1.074951318135E-1,-9.942056108454E-1));
#12615=VECTOR('',#12614,1.E0);
#12616=SURFACE_OF_LINEAR_EXTRUSION('',#12613,#12615);
#12617=ORIENTED_EDGE('',*,*,#12596,.T.);
#12618=ORIENTED_EDGE('',*,*,#7167,.F.);
#12620=ORIENTED_EDGE('',*,*,#12619,.T.);
#12621=ORIENTED_EDGE('',*,*,#12564,.F.);
#12622=EDGE_LOOP('',(#12617,#12618,#12620,#12621));
#12623=FACE_OUTER_BOUND('',#12622,.F.);
#12624=ADVANCED_FACE('',(#12623),#12616,.T.);
#12625=CARTESIAN_POINT('',(4.112899549354E0,6.026906840672E0,
-6.090882636083E0));
#12626=DIRECTION('',(3.268290549682E-3,-9.942003009166E-1,-1.074945576954E-1));
#12627=DIRECTION('',(9.999946591242E-1,3.249352802362E-3,3.513253234901E-4));
#12628=AXIS2_PLACEMENT_3D('',#12625,#12626,#12627);
#12629=PLANE('',#12628);
#12630=ORIENTED_EDGE('',*,*,#12619,.F.);
#12631=ORIENTED_EDGE('',*,*,#7165,.F.);
#12633=ORIENTED_EDGE('',*,*,#12632,.F.);
#12634=ORIENTED_EDGE('',*,*,#12566,.T.);
#12635=EDGE_LOOP('',(#12630,#12631,#12633,#12634));
#12636=FACE_OUTER_BOUND('',#12635,.F.);
#12637=ADVANCED_FACE('',(#12636),#12629,.F.);
#12638=CARTESIAN_POINT('',(4.555881174084E0,5.988348977009E0,
-5.612254058481E0));
#12639=CARTESIAN_POINT('',(4.589220653190E0,5.980482911795E0,
-5.613104550278E0));
#12640=CARTESIAN_POINT('',(4.638412836497E0,5.975396552070E0,
-5.613654495785E0));
#12641=CARTESIAN_POINT('',(4.702727208140E0,5.978673558941E0,
-5.613300180459E0));
#12642=CARTESIAN_POINT('',(4.763247289738E0,5.987088368427E0,
-5.612390357537E0));
#12643=CARTESIAN_POINT('',(4.837461744018E0,6.006762007650E0,
-5.610263211584E0));
#12644=CARTESIAN_POINT('',(4.922758896877E0,6.049573064270E0,
-5.605634410333E0));
#12645=CARTESIAN_POINT('',(4.977861657981E0,6.081584210655E0,
-5.602173312988E0));
#12646=CARTESIAN_POINT('',(5.006809013848E0,6.096185426028E0,
-5.600594605775E0));
#12648=DIRECTION('',(0.E0,1.074951318135E-1,-9.942056108454E-1));
#12649=VECTOR('',#12648,1.E0);
#12650=SURFACE_OF_LINEAR_EXTRUSION('',#12647,#12649);
#12651=ORIENTED_EDGE('',*,*,#12632,.T.);
#12652=ORIENTED_EDGE('',*,*,#7163,.F.);
#12654=ORIENTED_EDGE('',*,*,#12653,.F.);
#12655=ORIENTED_EDGE('',*,*,#12568,.F.);
#12656=EDGE_LOOP('',(#12651,#12652,#12654,#12655));
#12657=FACE_OUTER_BOUND('',#12656,.F.);
#12658=ADVANCED_FACE('',(#12657),#12650,.T.);
#12659=CARTESIAN_POINT('',(4.919228331386E0,6.048781702546E0,
-5.605719973653E0));
#12660=DIRECTION('',(-5.028685666851E-1,8.593544344872E-1,9.291480273504E-2));
#12661=DIRECTION('',(-8.630880993597E-1,-5.050533959332E-1,0.E0));
#12662=AXIS2_PLACEMENT_3D('',#12659,#12660,#12661);
#12663=PLANE('',#12662);
#12664=ORIENTED_EDGE('',*,*,#7161,.F.);
#12666=ORIENTED_EDGE('',*,*,#12665,.F.);
#12667=ORIENTED_EDGE('',*,*,#12570,.T.);
#12668=ORIENTED_EDGE('',*,*,#12653,.T.);
#12669=EDGE_LOOP('',(#12664,#12666,#12667,#12668));
#12670=FACE_OUTER_BOUND('',#12669,.F.);
#12671=ADVANCED_FACE('',(#12670),#12663,.T.);
#12672=CARTESIAN_POINT('',(5.686299651652E0,6.492417873960E0,
-5.557753307399E0));
#12673=CARTESIAN_POINT('',(5.687837124853E0,6.493295535110E0,
-5.557658413244E0));
#12674=CARTESIAN_POINT('',(5.714549564364E0,6.509008213348E0,
-5.555959532851E0));
#12675=CARTESIAN_POINT('',(5.760072205479E0,6.551618135075E0,
-5.551352478634E0));
#12676=CARTESIAN_POINT('',(5.803484384432E0,6.628240813873E0,
-5.543067909660E0));
#12677=CARTESIAN_POINT('',(5.816272271102E0,6.688936549170E0,
-5.536505387788E0));
#12678=CARTESIAN_POINT('',(5.815771985963E0,6.719608893055E0,
-5.533189043953E0));
#12679=CARTESIAN_POINT('',(5.815719796635E0,6.721370811436E0,
-5.532998542465E0));
#12681=DIRECTION('',(0.E0,1.074951318135E-1,-9.942056108454E-1));
#12682=VECTOR('',#12681,1.E0);
#12683=SURFACE_OF_LINEAR_EXTRUSION('',#12680,#12682);
#12685=ORIENTED_EDGE('',*,*,#12684,.T.);
#12686=ORIENTED_EDGE('',*,*,#12572,.F.);
#12687=ORIENTED_EDGE('',*,*,#12665,.T.);
#12688=ORIENTED_EDGE('',*,*,#7159,.F.);
#12689=EDGE_LOOP('',(#12685,#12686,#12687,#12688));
#12690=FACE_OUTER_BOUND('',#12689,.F.);
#12691=ADVANCED_FACE('',(#12690),#12683,.T.);
#12692=CARTESIAN_POINT('',(5.810884042132E0,8.265595811764E0,
-5.848831934084E0));
#12693=DIRECTION('',(9.999946628111E-1,3.248231070220E-3,3.512040399344E-4));
#12694=DIRECTION('',(-3.267162279901E-3,9.942003045822E-1,1.074945580918E-1));
#12695=AXIS2_PLACEMENT_3D('',#12692,#12693,#12694);
#12696=PLANE('',#12695);
#12697=ORIENTED_EDGE('',*,*,#12684,.F.);
#12698=ORIENTED_EDGE('',*,*,#7157,.F.);
#12700=ORIENTED_EDGE('',*,*,#12699,.T.);
#12701=ORIENTED_EDGE('',*,*,#12574,.T.);
#12702=EDGE_LOOP('',(#12697,#12698,#12700,#12701));
#12703=FACE_OUTER_BOUND('',#12702,.F.);
#12704=ADVANCED_FACE('',(#12703),#12696,.F.);
#12705=CARTESIAN_POINT('',(5.758008781576E0,9.614072335952E0,
-5.220234936748E0));
#12706=CARTESIAN_POINT('',(5.792977475362E0,9.645248886084E0,
-5.216864077308E0));
#12707=CARTESIAN_POINT('',(5.819038146780E0,9.712598642225E0,
-5.209582111850E0));
#12708=CARTESIAN_POINT('',(5.778717390145E0,9.809955914749E0,
-5.199055684792E0));
#12709=CARTESIAN_POINT('',(5.720717507366E0,9.867010298564E0,
-5.192886871781E0));
#12710=CARTESIAN_POINT('',(5.667208600006E0,9.894135165794E0,
-5.189954086906E0));
#12711=CARTESIAN_POINT('',(5.635731650670E0,9.902653113017E0,
-5.189033112563E0));
#12712=CARTESIAN_POINT('',(5.585293406674E0,9.907551095526E0,
-5.188503534706E0));
#12713=CARTESIAN_POINT('',(5.542851890242E0,9.889683177950E0,
-5.190435443091E0));
#12714=CARTESIAN_POINT('',(5.517886594679E0,9.850211942361E0,
-5.194703137467E0));
#12716=DIRECTION('',(0.E0,1.074951318135E-1,-9.942056108454E-1));
#12717=VECTOR('',#12716,1.E0);
#12718=SURFACE_OF_LINEAR_EXTRUSION('',#12715,#12717);
#12719=ORIENTED_EDGE('',*,*,#12699,.F.);
#12720=ORIENTED_EDGE('',*,*,#7155,.F.);
#12722=ORIENTED_EDGE('',*,*,#12721,.T.);
#12723=ORIENTED_EDGE('',*,*,#12576,.F.);
#12724=EDGE_LOOP('',(#12719,#12720,#12722,#12723));
#12725=FACE_OUTER_BOUND('',#12724,.F.);
#12726=ADVANCED_FACE('',(#12725),#12718,.T.);
#12727=CARTESIAN_POINT('',(5.122351030446E0,9.954220753454E0,
-5.666255051887E0));
#12728=DIRECTION('',(-3.268267743647E-3,9.942003009908E-1,1.074945577034E-1));
#12729=DIRECTION('',(-9.999946591987E-1,-3.249330128466E-3,-3.513228720215E-4));
#12730=AXIS2_PLACEMENT_3D('',#12727,#12728,#12729);
#12731=PLANE('',#12730);
#12732=ORIENTED_EDGE('',*,*,#12721,.F.);
#12733=ORIENTED_EDGE('',*,*,#7153,.F.);
#12734=ORIENTED_EDGE('',*,*,#12550,.F.);
#12735=ORIENTED_EDGE('',*,*,#12578,.T.);
#12736=EDGE_LOOP('',(#12732,#12733,#12734,#12735));
#12737=FACE_OUTER_BOUND('',#12736,.F.);
#12738=ADVANCED_FACE('',(#12737),#12731,.F.);
#12739=CARTESIAN_POINT('',(9.097972920133E0,9.967171629154E0,
-5.664854782089E0));
#12740=DIRECTION('',(-3.268272558218E-3,9.942003009751E-1,1.074945577016E-1));
#12741=DIRECTION('',(-9.999946591830E-1,-3.249334915132E-3,-3.513233896343E-4));
#12742=AXIS2_PLACEMENT_3D('',#12739,#12740,#12741);
#12743=PLANE('',#12742);
#12745=ORIENTED_EDGE('',*,*,#12744,.F.);
#12746=ORIENTED_EDGE('',*,*,#7173,.F.);
#12748=ORIENTED_EDGE('',*,*,#12747,.F.);
#12750=ORIENTED_EDGE('',*,*,#12749,.T.);
#12751=EDGE_LOOP('',(#12745,#12746,#12748,#12750));
#12752=FACE_OUTER_BOUND('',#12751,.F.);
#12753=ADVANCED_FACE('',(#12752),#12743,.F.);
#12754=CARTESIAN_POINT('',(9.834884860087E0,9.627335940188E0,
-5.218800854229E0));
#12755=CARTESIAN_POINT('',(9.869846608309E0,9.658513347297E0,
-5.215429902133E0));
#12756=CARTESIAN_POINT('',(9.895904290980E0,9.725866348242E0,
-5.208147585842E0));
#12757=CARTESIAN_POINT('',(9.855584373974E0,9.823228063995E0,
-5.197620678374E0));
#12758=CARTESIAN_POINT('',(9.797585710476E0,9.880288723874E0,
-5.191451186785E0));
#12759=CARTESIAN_POINT('',(9.744077750170E0,9.907414946184E0,
-5.188518255397E0));
#12760=CARTESIAN_POINT('',(9.712602626535E0,9.915932963105E0,
-5.187597273518E0));
#12761=CARTESIAN_POINT('',(9.662165323260E0,9.920831191765E0,
-5.187067669048E0));
#12762=CARTESIAN_POINT('',(9.619724274830E0,9.902961398390E0,
-5.188999780246E0));
#12763=CARTESIAN_POINT('',(9.594761075962E0,9.863484624592E0,
-5.193268073404E0));
#12765=DIRECTION('',(0.E0,1.074951318134E-1,-9.942056108454E-1));
#12766=VECTOR('',#12765,1.E0);
#12767=SURFACE_OF_LINEAR_EXTRUSION('',#12764,#12766);
#12769=ORIENTED_EDGE('',*,*,#12768,.F.);
#12770=ORIENTED_EDGE('',*,*,#7175,.F.);
#12771=ORIENTED_EDGE('',*,*,#12744,.T.);
#12773=ORIENTED_EDGE('',*,*,#12772,.F.);
#12774=EDGE_LOOP('',(#12769,#12770,#12771,#12773));
#12775=FACE_OUTER_BOUND('',#12774,.F.);
#12776=ADVANCED_FACE('',(#12775),#12767,.T.);
#12777=CARTESIAN_POINT('',(9.888642823320E0,8.007657743774E0,
-5.876720618594E0));
#12778=DIRECTION('',(9.999946617187E-1,3.248563453249E-3,3.512399777291E-4));
#12779=DIRECTION('',(-3.267496600112E-3,9.942003034962E-1,1.074945579741E-1));
#12780=AXIS2_PLACEMENT_3D('',#12777,#12778,#12779);
#12781=PLANE('',#12780);
#12783=ORIENTED_EDGE('',*,*,#12782,.F.);
#12784=ORIENTED_EDGE('',*,*,#7177,.F.);
#12785=ORIENTED_EDGE('',*,*,#12768,.T.);
#12787=ORIENTED_EDGE('',*,*,#12786,.T.);
#12788=EDGE_LOOP('',(#12783,#12784,#12785,#12787));
#12789=FACE_OUTER_BOUND('',#12788,.F.);
#12790=ADVANCED_FACE('',(#12789),#12781,.F.);
#12791=CARTESIAN_POINT('',(9.607973847034E0,6.045732513539E0,
-5.606049656924E0));
#12792=CARTESIAN_POINT('',(9.633135273703E0,6.007221207500E0,
-5.610213562147E0));
#12793=CARTESIAN_POINT('',(9.675391392845E0,5.989910296634E0,
-5.612085246058E0));
#12794=CARTESIAN_POINT('',(9.725502585733E0,5.995107763584E0,
-5.611523287455E0));
#12795=CARTESIAN_POINT('',(9.756937384896E0,6.003838420432E0,
-5.610579314601E0));
#12796=CARTESIAN_POINT('',(9.810271603569E0,6.031326355368E0,
-5.607607274254E0));
#12797=CARTESIAN_POINT('',(9.867879027301E0,6.088759357851E0,
-5.601397524373E0));
#12798=CARTESIAN_POINT('',(9.908340430687E0,6.188353109566E0,
-5.590629285540E0));
#12799=CARTESIAN_POINT('',(9.879321522503E0,6.257734132044E0,
-5.583127696255E0));
#12800=CARTESIAN_POINT('',(9.839015839395E0,6.290220813136E0,
-5.579615183320E0));
#12802=DIRECTION('',(0.E0,1.074951318134E-1,-9.942056108454E-1));
#12803=VECTOR('',#12802,1.E0);
#12804=SURFACE_OF_LINEAR_EXTRUSION('',#12801,#12803);
#12806=ORIENTED_EDGE('',*,*,#12805,.F.);
#12807=ORIENTED_EDGE('',*,*,#7179,.F.);
#12808=ORIENTED_EDGE('',*,*,#12782,.T.);
#12810=ORIENTED_EDGE('',*,*,#12809,.F.);
#12811=EDGE_LOOP('',(#12806,#12807,#12808,#12810));
#12812=FACE_OUTER_BOUND('',#12811,.F.);
#12813=ADVANCED_FACE('',(#12812),#12804,.T.);
#12814=CARTESIAN_POINT('',(9.310024445064E0,6.043715504892E0,
-6.089065255900E0));
#12815=DIRECTION('',(3.268790914331E-3,-9.942002992907E-1,-1.074945575195E-1));
#12816=DIRECTION('',(9.999946574887E-1,3.249850267698E-3,3.513791103021E-4));
#12817=AXIS2_PLACEMENT_3D('',#12814,#12815,#12816);
#12818=PLANE('',#12817);
#12820=ORIENTED_EDGE('',*,*,#12819,.F.);
#12821=ORIENTED_EDGE('',*,*,#7181,.F.);
#12822=ORIENTED_EDGE('',*,*,#12805,.T.);
#12824=ORIENTED_EDGE('',*,*,#12823,.T.);
#12825=EDGE_LOOP('',(#12820,#12821,#12822,#12824));
#12826=FACE_OUTER_BOUND('',#12825,.F.);
#12827=ADVANCED_FACE('',(#12826),#12818,.F.);
#12828=CARTESIAN_POINT('',(8.772269355630E0,6.280980776387E0,
-5.580614231163E0));
#12829=CARTESIAN_POINT('',(8.737297756513E0,6.249804590060E0,
-5.583985051265E0));
#12830=CARTESIAN_POINT('',(8.711235767164E0,6.182456064032E0,
-5.591266883718E0));
#12831=CARTESIAN_POINT('',(8.751557289223E0,6.085100203093E0,
-5.601793158153E0));
#12832=CARTESIAN_POINT('',(8.809558497216E0,6.028048247275E0,
-5.607961708646E0));
#12833=CARTESIAN_POINT('',(8.863068538942E0,6.000923736796E0,
-5.610894454949E0));
#12834=CARTESIAN_POINT('',(8.894546776097E0,5.992405733841E0,
-5.611815435318E0));
#12835=CARTESIAN_POINT('',(8.944985685041E0,5.987507876794E0,
-5.612344999607E0));
#12836=CARTESIAN_POINT('',(8.987427521303E0,6.005374718352E0,
-5.610413207565E0));
#12837=CARTESIAN_POINT('',(9.012394053517E0,6.044842633302E0,
-5.606145872262E0));
#12839=DIRECTION('',(0.E0,1.074951318134E-1,-9.942056108454E-1));
#12840=VECTOR('',#12839,1.E0);
#12841=SURFACE_OF_LINEAR_EXTRUSION('',#12838,#12840);
#12843=ORIENTED_EDGE('',*,*,#12842,.F.);
#12844=ORIENTED_EDGE('',*,*,#7183,.F.);
#12845=ORIENTED_EDGE('',*,*,#12819,.T.);
#12847=ORIENTED_EDGE('',*,*,#12846,.F.);
#12848=EDGE_LOOP('',(#12843,#12844,#12845,#12847));
#12849=FACE_OUTER_BOUND('',#12848,.F.);
#12850=ADVANCED_FACE('',(#12849),#12841,.T.);
#12851=CARTESIAN_POINT('',(8.722269986544E0,6.856294448128E0,
-6.001207895552E0));
#12852=DIRECTION('',(-9.999946617870E-1,-3.248542688290E-3,-3.512377325879E-4));
#12853=DIRECTION('',(3.267475714131E-3,-9.942003035640E-1,-1.074945579814E-1));
#12854=AXIS2_PLACEMENT_3D('',#12851,#12852,#12853);
#12855=PLANE('',#12854);
#12857=ORIENTED_EDGE('',*,*,#12856,.F.);
#12858=ORIENTED_EDGE('',*,*,#7185,.F.);
#12859=ORIENTED_EDGE('',*,*,#12842,.T.);
#12861=ORIENTED_EDGE('',*,*,#12860,.T.);
#12862=EDGE_LOOP('',(#12857,#12858,#12859,#12861));
#12863=FACE_OUTER_BOUND('',#12862,.F.);
#12864=ADVANCED_FACE('',(#12863),#12855,.F.);
#12865=CARTESIAN_POINT('',(8.389333935395E0,7.365855717665E0,
-5.463315783494E0));
#12866=CARTESIAN_POINT('',(8.372418549828E0,7.390892525542E0,
-5.460608763002E0));
#12867=CARTESIAN_POINT('',(8.364314475013E0,7.460298302266E0,
-5.453104497248E0));
#12868=CARTESIAN_POINT('',(8.413634654761E0,7.559414075747E0,
-5.442387938199E0));
#12869=CARTESIAN_POINT('',(8.484806703659E0,7.591908628694E0,
-5.438874574149E0));
#12870=CARTESIAN_POINT('',(8.532836302011E0,7.597729586204E0,
-5.438245202731E0));
#12871=CARTESIAN_POINT('',(8.566364621116E0,7.597381272094E0,
-5.438282863020E0));
#12872=CARTESIAN_POINT('',(8.624893220398E0,7.584971526564E0,
-5.439624624942E0));
#12873=CARTESIAN_POINT('',(8.698267987053E0,7.532269374380E0,
-5.445322867573E0));
#12874=CARTESIAN_POINT('',(8.730573991446E0,7.427254713364E0,
-5.456677223962E0));
#12875=CARTESIAN_POINT('',(8.710637150619E0,7.360710185569E0,
-5.463872126815E0));
#12876=CARTESIAN_POINT('',(8.689944673649E0,7.336083156888E0,
-5.466534841313E0));
#12878=DIRECTION('',(0.E0,1.074951318134E-1,-9.942056108454E-1));
#12879=VECTOR('',#12878,1.E0);
#12880=SURFACE_OF_LINEAR_EXTRUSION('',#12877,#12879);
#12882=ORIENTED_EDGE('',*,*,#12881,.F.);
#12883=ORIENTED_EDGE('',*,*,#7187,.F.);
#12884=ORIENTED_EDGE('',*,*,#12856,.T.);
#12886=ORIENTED_EDGE('',*,*,#12885,.F.);
#12887=EDGE_LOOP('',(#12882,#12883,#12884,#12886));
#12888=FACE_OUTER_BOUND('',#12887,.F.);
#12889=ADVANCED_FACE('',(#12888),#12880,.T.);
#12890=CARTESIAN_POINT('',(8.251971473402E0,6.880256388838E0,
-5.998617091450E0));
#12891=DIRECTION('',(9.817915115244E-1,-1.888609367782E-1,-2.041995244436E-2));
#12892=DIRECTION('',(1.899616484940E-1,9.761026294380E-1,1.055378079445E-1));
#12893=AXIS2_PLACEMENT_3D('',#12890,#12891,#12892);
#12894=PLANE('',#12893);
#12896=ORIENTED_EDGE('',*,*,#12895,.F.);
#12897=ORIENTED_EDGE('',*,*,#7189,.F.);
#12898=ORIENTED_EDGE('',*,*,#12881,.T.);
#12900=ORIENTED_EDGE('',*,*,#12899,.F.);
#12901=EDGE_LOOP('',(#12896,#12897,#12898,#12900));
#12902=FACE_OUTER_BOUND('',#12901,.F.);
#12903=ADVANCED_FACE('',(#12902),#12894,.F.);
#12904=CARTESIAN_POINT('',(7.777388008746E0,6.020834424567E0,
-5.608741678916E0));
#12905=CARTESIAN_POINT('',(7.807809569503E0,5.996816245610E0,
-5.611338563594E0));
#12906=CARTESIAN_POINT('',(7.851494076479E0,5.984645890904E0,
-5.612654442189E0));
#12907=CARTESIAN_POINT('',(7.904408804748E0,5.989108360209E0,
-5.612171952731E0));
#12908=CARTESIAN_POINT('',(7.941918110033E0,5.997640934E0,-5.611249396940E0));
#12909=CARTESIAN_POINT('',(8.006541604678E0,6.025128770395E0,
-5.608277367247E0));
#12910=CARTESIAN_POINT('',(8.081531914524E0,6.086731280854E0,
-5.601616803366E0));
#12911=CARTESIAN_POINT('',(8.138830775029E0,6.189328178193E0,
-5.590523859528E0));
#12912=CARTESIAN_POINT('',(8.132241854160E0,6.265359270917E0,
-5.582303253806E0));
#12913=CARTESIAN_POINT('',(8.114241635780E0,6.301986434640E0,
-5.578343065141E0));
#12915=DIRECTION('',(0.E0,1.074951318134E-1,-9.942056108454E-1));
#12916=VECTOR('',#12915,1.E0);
#12917=SURFACE_OF_LINEAR_EXTRUSION('',#12914,#12916);
#12919=ORIENTED_EDGE('',*,*,#12918,.F.);
#12920=ORIENTED_EDGE('',*,*,#7191,.F.);
#12921=ORIENTED_EDGE('',*,*,#12895,.T.);
#12923=ORIENTED_EDGE('',*,*,#12922,.F.);
#12924=EDGE_LOOP('',(#12919,#12920,#12921,#12923));
#12925=FACE_OUTER_BOUND('',#12924,.F.);
#12926=ADVANCED_FACE('',(#12925),#12917,.T.);
#12927=CARTESIAN_POINT('',(7.285431451371E0,6.037136849451E0,
-6.089776550854E0));
#12928=DIRECTION('',(3.267911666290E-3,-9.942003021477E-1,-1.074945578284E-1));
#12929=DIRECTION('',(9.999946603624E-1,3.248976114317E-3,3.512845958379E-4));
#12930=AXIS2_PLACEMENT_3D('',#12927,#12928,#12929);
#12931=PLANE('',#12930);
#12933=ORIENTED_EDGE('',*,*,#12932,.F.);
#12934=ORIENTED_EDGE('',*,*,#7193,.F.);
#12935=ORIENTED_EDGE('',*,*,#12918,.T.);
#12937=ORIENTED_EDGE('',*,*,#12936,.T.);
#12938=EDGE_LOOP('',(#12933,#12934,#12935,#12937));
#12939=FACE_OUTER_BOUND('',#12938,.F.);
#12940=ADVANCED_FACE('',(#12939),#12931,.F.);
#12941=CARTESIAN_POINT('',(6.548697338002E0,6.273772026254E0,
-5.581393652983E0));
#12942=CARTESIAN_POINT('',(6.513599464113E0,6.242565927202E0,
-5.584767707296E0));
#12943=CARTESIAN_POINT('',(6.487479608772E0,6.175232251018E0,
-5.592047934159E0));
#12944=CARTESIAN_POINT('',(6.527902895659E0,6.077898575578E0,
-5.602571809863E0));
#12945=CARTESIAN_POINT('',(6.585883521710E0,6.020870017495E0,
-5.608737830555E0));
#12946=CARTESIAN_POINT('',(6.639399713247E0,5.993705920583E0,
-5.611674857007E0));
#12947=CARTESIAN_POINT('',(6.670835387605E0,5.985182437893E0,
-5.612596429854E0));
#12948=CARTESIAN_POINT('',(6.721256036292E0,5.980274252743E0,
-5.613127110836E0));
#12949=CARTESIAN_POINT('',(6.763692166916E0,5.998201770145E0,
-5.611188758421E0));
#12950=CARTESIAN_POINT('',(6.788609893840E0,6.037870050251E0,
-5.606899759291E0));
#12952=DIRECTION('',(0.E0,1.074951318134E-1,-9.942056108454E-1));
#12953=VECTOR('',#12952,1.E0);
#12954=SURFACE_OF_LINEAR_EXTRUSION('',#12951,#12953);
#12956=ORIENTED_EDGE('',*,*,#12955,.F.);
#12957=ORIENTED_EDGE('',*,*,#7195,.F.);
#12958=ORIENTED_EDGE('',*,*,#12932,.T.);
#12960=ORIENTED_EDGE('',*,*,#12959,.F.);
#12961=EDGE_LOOP('',(#12956,#12957,#12958,#12960));
#12962=FACE_OUTER_BOUND('',#12961,.F.);
#12963=ADVANCED_FACE('',(#12962),#12954,.T.);
#12964=CARTESIAN_POINT('',(6.494768199812E0,7.996629844864E0,
-5.877912973006E0));
#12965=DIRECTION('',(-9.999946617208E-1,-3.248562818317E-3,-3.512399090792E-4));
#12966=DIRECTION('',(3.267495961479E-3,-9.942003034982E-1,-1.074945579745E-1));
#12967=AXIS2_PLACEMENT_3D('',#12964,#12965,#12966);
#12968=PLANE('',#12967);
#12970=ORIENTED_EDGE('',*,*,#12969,.F.);
#12971=ORIENTED_EDGE('',*,*,#7197,.F.);
#12972=ORIENTED_EDGE('',*,*,#12955,.T.);
#12974=ORIENTED_EDGE('',*,*,#12973,.T.);
#12975=EDGE_LOOP('',(#12970,#12971,#12972,#12974));
#12976=FACE_OUTER_BOUND('',#12975,.F.);
#12977=ADVANCED_FACE('',(#12976),#12968,.F.);
#12978=CARTESIAN_POINT('',(6.775435538907E0,9.855375643823E0,
-5.194144829647E0));
#12979=CARTESIAN_POINT('',(6.750275664994E0,9.893890931954E0,
-5.189980493868E0));
#12980=CARTESIAN_POINT('',(6.708019856506E0,9.911203278438E0,
-5.188108654735E0));
#12981=CARTESIAN_POINT('',(6.657909221651E0,9.906005559476E0,
-5.188670640586E0));
#12982=CARTESIAN_POINT('',(6.626475390430E0,9.897274624544E0,
-5.189614643507E0));
#12983=CARTESIAN_POINT('',(6.573140524569E0,9.869784547864E0,
-5.192586915424E0));
#12984=CARTESIAN_POINT('',(6.515532671554E0,9.812343503035E0,
-5.198797534854E0));
#12985=CARTESIAN_POINT('',(6.475071645941E0,9.712743762748E0,
-5.209566421183E0));
#12986=CARTESIAN_POINT('',(6.504086166451E0,9.643359101208E0,
-5.217068403928E0));
#12987=CARTESIAN_POINT('',(6.544381013022E0,9.610871454243E0,
-5.220581021291E0));
#12989=DIRECTION('',(0.E0,1.074951318134E-1,-9.942056108454E-1));
#12990=VECTOR('',#12989,1.E0);
#12991=SURFACE_OF_LINEAR_EXTRUSION('',#12988,#12990);
#12993=ORIENTED_EDGE('',*,*,#12992,.F.);
#12994=ORIENTED_EDGE('',*,*,#7199,.F.);
#12995=ORIENTED_EDGE('',*,*,#12969,.T.);
#12997=ORIENTED_EDGE('',*,*,#12996,.F.);
#12998=EDGE_LOOP('',(#12993,#12994,#12995,#12997));
#12999=FACE_OUTER_BOUND('',#12998,.F.);
#13000=ADVANCED_FACE('',(#12999),#12991,.T.);
#13001=CARTESIAN_POINT('',(7.073386615170E0,9.960592989974E0,
-5.665566075284E0));
#13002=DIRECTION('',(-3.268261165874E-3,9.942003010121E-1,1.074945577056E-1));
#13003=DIRECTION('',(-9.999946592202E-1,-3.249323588841E-3,-3.513221646359E-4));
#13004=AXIS2_PLACEMENT_3D('',#13001,#13002,#13003);
#13005=PLANE('',#13004);
#13007=ORIENTED_EDGE('',*,*,#13006,.F.);
#13008=ORIENTED_EDGE('',*,*,#7201,.F.);
#13009=ORIENTED_EDGE('',*,*,#12992,.T.);
#13011=ORIENTED_EDGE('',*,*,#13010,.T.);
#13012=EDGE_LOOP('',(#13007,#13008,#13009,#13011));
#13013=FACE_OUTER_BOUND('',#13012,.F.);
#13014=ADVANCED_FACE('',(#13013),#13005,.F.);
#13015=CARTESIAN_POINT('',(7.611152228902E0,9.620110359559E0,
-5.219582095787E0));
#13016=CARTESIAN_POINT('',(7.646115774264E0,9.651287575716E0,
-5.216211164338E0));
#13017=CARTESIAN_POINT('',(7.672174453500E0,9.718640243387E0,
-5.208928884083E0));
#13018=CARTESIAN_POINT('',(7.631853022407E0,9.816002393317E0,
-5.198401929671E0));
#13019=CARTESIAN_POINT('',(7.573851425974E0,9.873062199934E0,
-5.192232530338E0));
#13020=CARTESIAN_POINT('',(7.520340845107E0,9.900188828254E0,
-5.189299555051E0));
#13021=CARTESIAN_POINT('',(7.488863557181E0,9.908707147519E0,
-5.188378540481E0));
#13022=CARTESIAN_POINT('',(7.438425140166E0,9.913605315133E0,
-5.187848942612E0));
#13023=CARTESIAN_POINT('',(7.395983542318E0,9.895737046118E0,
-5.189780888993E0));
#13024=CARTESIAN_POINT('',(7.371018552844E0,9.856265094014E0,
-5.194048660810E0));
#13026=DIRECTION('',(0.E0,1.074951318134E-1,-9.942056108454E-1));
#13027=VECTOR('',#13026,1.E0);
#13028=SURFACE_OF_LINEAR_EXTRUSION('',#13025,#13027);
#13030=ORIENTED_EDGE('',*,*,#13029,.F.);
#13031=ORIENTED_EDGE('',*,*,#7203,.F.);
#13032=ORIENTED_EDGE('',*,*,#13006,.T.);
#13034=ORIENTED_EDGE('',*,*,#13033,.F.);
#13035=EDGE_LOOP('',(#13030,#13031,#13032,#13034));
#13036=FACE_OUTER_BOUND('',#13035,.F.);
#13037=ADVANCED_FACE('',(#13036),#13028,.T.);
#13038=CARTESIAN_POINT('',(7.661140815154E0,9.148058348534E0,
-5.753418645650E0));
#13039=DIRECTION('',(9.999946618193E-1,3.248532855972E-3,3.512366695015E-4));
#13040=DIRECTION('',(-3.267465824509E-3,9.942003035961E-1,1.074945579858E-1));
#13041=AXIS2_PLACEMENT_3D('',#13038,#13039,#13040);
#13042=PLANE('',#13041);
#13044=ORIENTED_EDGE('',*,*,#13043,.F.);
#13045=ORIENTED_EDGE('',*,*,#7205,.F.);
#13046=ORIENTED_EDGE('',*,*,#13029,.T.);
#13048=ORIENTED_EDGE('',*,*,#13047,.T.);
#13049=EDGE_LOOP('',(#13044,#13045,#13046,#13048));
#13050=FACE_OUTER_BOUND('',#13049,.F.);
#13051=ADVANCED_FACE('',(#13050),#13042,.F.);
#13052=CARTESIAN_POINT('',(7.994026470145E0,8.531159095202E0,
-5.337321282152E0));
#13053=CARTESIAN_POINT('',(8.011280818168E0,8.505266287179E0,
-5.340120854776E0));
#13054=CARTESIAN_POINT('',(8.018300535159E0,8.436127807516E0,
-5.347596219937E0));
#13055=CARTESIAN_POINT('',(7.966531944202E0,8.338715947413E0,
-5.358128549093E0));
#13056=CARTESIAN_POINT('',(7.887020200627E0,8.304644988844E0,
-5.361812356689E0));
#13057=CARTESIAN_POINT('',(7.821935372899E0,8.302425927574E0,
-5.362052285212E0));
#13058=CARTESIAN_POINT('',(7.757531758208E0,8.316909555624E0,
-5.360486291731E0));
#13059=CARTESIAN_POINT('',(7.685410419867E0,8.368799924294E0,
-5.354875820456E0));
#13060=CARTESIAN_POINT('',(7.652643761152E0,8.473255887025E0,
-5.343581871438E0));
#13061=CARTESIAN_POINT('',(7.672747583246E0,8.540347126563E0,
-5.336327857219E0));
#13062=CARTESIAN_POINT('',(7.693456727560E0,8.564925444451E0,
-5.333670409412E0));
#13064=DIRECTION('',(0.E0,1.074951318134E-1,-9.942056108454E-1));
#13065=VECTOR('',#13064,1.E0);
#13066=SURFACE_OF_LINEAR_EXTRUSION('',#13063,#13065);
#13067=ORIENTED_EDGE('',*,*,#13043,.T.);
#13069=ORIENTED_EDGE('',*,*,#13068,.F.);
#13071=ORIENTED_EDGE('',*,*,#13070,.F.);
#13072=ORIENTED_EDGE('',*,*,#7207,.F.);
#13073=EDGE_LOOP('',(#13067,#13069,#13071,#13072));
#13074=FACE_OUTER_BOUND('',#13073,.F.);
#13075=ADVANCED_FACE('',(#13074),#13066,.T.);
#13076=CARTESIAN_POINT('',(6.488847072068E0,9.917504806024E0,
-5.187427323299E0));
#13077=DIRECTION('',(0.E0,1.074951318136E-1,-9.942056108454E-1));
#13078=DIRECTION('',(0.E0,-9.942056108454E-1,-1.074951318136E-1));
#13079=AXIS2_PLACEMENT_3D('',#13076,#13077,#13078);
#13080=PLANE('',#13079);
#13081=ORIENTED_EDGE('',*,*,#12749,.F.);
#13083=ORIENTED_EDGE('',*,*,#13082,.T.);
#13085=ORIENTED_EDGE('',*,*,#13084,.F.);
#13086=ORIENTED_EDGE('',*,*,#13068,.T.);
#13087=ORIENTED_EDGE('',*,*,#13047,.F.);
#13088=ORIENTED_EDGE('',*,*,#13033,.T.);
#13089=ORIENTED_EDGE('',*,*,#13010,.F.);
#13090=ORIENTED_EDGE('',*,*,#12996,.T.);
#13091=ORIENTED_EDGE('',*,*,#12973,.F.);
#13092=ORIENTED_EDGE('',*,*,#12959,.T.);
#13093=ORIENTED_EDGE('',*,*,#12936,.F.);
#13094=ORIENTED_EDGE('',*,*,#12922,.T.);
#13095=ORIENTED_EDGE('',*,*,#12899,.T.);
#13096=ORIENTED_EDGE('',*,*,#12885,.T.);
#13097=ORIENTED_EDGE('',*,*,#12860,.F.);
#13098=ORIENTED_EDGE('',*,*,#12846,.T.);
#13099=ORIENTED_EDGE('',*,*,#12823,.F.);
#13100=ORIENTED_EDGE('',*,*,#12809,.T.);
#13101=ORIENTED_EDGE('',*,*,#12786,.F.);
#13102=ORIENTED_EDGE('',*,*,#12772,.T.);
#13103=EDGE_LOOP('',(#13081,#13083,#13085,#13086,#13087,#13088,#13089,#13090,
#13091,#13092,#13093,#13094,#13095,#13096,#13097,#13098,#13099,#13100,#13101,
#13102));
#13104=FACE_OUTER_BOUND('',#13103,.F.);
#13105=ADVANCED_FACE('',(#13104),#13080,.T.);
#13106=CARTESIAN_POINT('',(8.606459333857E0,9.880267616316E0,
-5.191453468978E0));
#13107=CARTESIAN_POINT('',(8.575799020606E0,9.904253518197E0,
-5.188860074146E0));
#13108=CARTESIAN_POINT('',(8.531848806074E0,9.916512630651E0,
-5.187534598916E0));
#13109=CARTESIAN_POINT('',(8.478560517113E0,9.911957886544E0,
-5.188027065277E0));
#13110=CARTESIAN_POINT('',(8.440508628074E0,9.903164024634E0,
-5.188977871966E0));
#13111=CARTESIAN_POINT('',(8.375414598715E0,9.875187758494E0,
-5.192002711480E0));
#13112=CARTESIAN_POINT('',(8.298671431842E0,9.810885336694E0,
-5.198955194178E0));
#13113=CARTESIAN_POINT('',(8.243698557511E0,9.707858453430E0,
-5.210094628793E0));
#13114=CARTESIAN_POINT('',(8.251844698974E0,9.630704665268E0,
-5.218436622178E0));
#13115=CARTESIAN_POINT('',(8.270176569800E0,9.593017661780E0,
-5.222511402449E0));
#13117=DIRECTION('',(0.E0,1.074951318135E-1,-9.942056108454E-1));
#13118=VECTOR('',#13117,1.E0);
#13119=SURFACE_OF_LINEAR_EXTRUSION('',#13116,#13118);
#13120=ORIENTED_EDGE('',*,*,#7211,.F.);
#13122=ORIENTED_EDGE('',*,*,#13121,.F.);
#13123=ORIENTED_EDGE('',*,*,#13082,.F.);
#13124=ORIENTED_EDGE('',*,*,#12747,.T.);
#13125=EDGE_LOOP('',(#13120,#13122,#13123,#13124));
#13126=FACE_OUTER_BOUND('',#13125,.F.);
#13127=ADVANCED_FACE('',(#13126),#13119,.T.);
#13128=CARTESIAN_POINT('',(8.253895131088E0,9.701349724944E0,
-5.210798363131E0));
#13129=DIRECTION('',(9.817743670622E-1,-1.889490109109E-1,-2.042947516323E-2));
#13130=DIRECTION('',(2.080422373097E-2,0.E0,9.997835687162E-1));
#13131=AXIS2_PLACEMENT_3D('',#13128,#13129,#13130);
#13132=PLANE('',#13131);
#13133=ORIENTED_EDGE('',*,*,#7209,.F.);
#13134=ORIENTED_EDGE('',*,*,#13070,.T.);
#13135=ORIENTED_EDGE('',*,*,#13084,.T.);
#13136=ORIENTED_EDGE('',*,*,#13121,.T.);
#13137=EDGE_LOOP('',(#13133,#13134,#13135,#13136));
#13138=FACE_OUTER_BOUND('',#13137,.F.);
#13139=ADVANCED_FACE('',(#13138),#13132,.T.);
#13140=CARTESIAN_POINT('',(1.061272888831E1,6.394627913329E0,
-5.568326517400E0));
#13141=CARTESIAN_POINT('',(1.058783271242E1,6.366872515986E0,
-5.571327476220E0));
#13142=CARTESIAN_POINT('',(1.056339741540E1,6.290608824374E0,
-5.579573230914E0));
#13143=CARTESIAN_POINT('',(1.061126676825E1,6.171446880149E0,
-5.592457214630E0));
#13144=CARTESIAN_POINT('',(1.070723779257E1,6.119179981336E0,
-5.598108396958E0));
#13145=CARTESIAN_POINT('',(1.079136027056E1,6.119855164322E0,
-5.598035395072E0));
#13146=CARTESIAN_POINT('',(1.086385189593E1,6.145048332882E0,
-5.595311468608E0));
#13147=CARTESIAN_POINT('',(1.090273044451E1,6.187557221314E0,
-5.590715338273E0));
#13148=CARTESIAN_POINT('',(1.091550895951E1,6.223775824777E0,
-5.586799323803E0));
#13150=DIRECTION('',(0.E0,1.074951318137E-1,-9.942056108453E-1));
#13151=VECTOR('',#13150,1.E0);
#13152=SURFACE_OF_LINEAR_EXTRUSION('',#13149,#13151);
#13154=ORIENTED_EDGE('',*,*,#13153,.T.);
#13155=ORIENTED_EDGE('',*,*,#7215,.F.);
#13157=ORIENTED_EDGE('',*,*,#13156,.T.);
#13159=ORIENTED_EDGE('',*,*,#13158,.F.);
#13160=EDGE_LOOP('',(#13154,#13155,#13157,#13159));
#13161=FACE_OUTER_BOUND('',#13160,.F.);
#13162=ADVANCED_FACE('',(#13161),#13152,.T.);
#13163=CARTESIAN_POINT('',(1.057543268327E1,6.856120842874E0,
-6.001226666035E0));
#13164=DIRECTION('',(-9.999946650143E-1,-3.247560547643E-3,-3.511315419404E-4));
#13165=DIRECTION('',(3.266487849412E-3,-9.942003067727E-1,-1.074945583285E-1));
#13166=AXIS2_PLACEMENT_3D('',#13163,#13164,#13165);
#13167=PLANE('',#13166);
#13169=ORIENTED_EDGE('',*,*,#13168,.F.);
#13170=ORIENTED_EDGE('',*,*,#7217,.F.);
#13171=ORIENTED_EDGE('',*,*,#13153,.F.);
#13173=ORIENTED_EDGE('',*,*,#13172,.T.);
#13174=EDGE_LOOP('',(#13169,#13170,#13171,#13173));
#13175=FACE_OUTER_BOUND('',#13174,.F.);
#13176=ADVANCED_FACE('',(#13175),#13167,.F.);
#13177=CARTESIAN_POINT('',(1.069849149703E1,7.520901348607E0,
-5.446551997057E0));
#13178=CARTESIAN_POINT('',(1.069701302098E1,7.520101611032E0,
-5.446638465987E0));
#13179=CARTESIAN_POINT('',(1.067140325034E1,7.505800846630E0,
-5.448184687954E0));
#13180=CARTESIAN_POINT('',(1.062754963026E1,7.466059347039E0,
-5.452481603692E0));
#13181=CARTESIAN_POINT('',(1.058574471956E1,7.393693641661E0,
-5.460305901758E0));
#13182=CARTESIAN_POINT('',(1.057332136983E1,7.336012337030E0,
-5.466542498471E0));
#13183=CARTESIAN_POINT('',(1.057380455811E1,7.306817656970E0,
-5.469699074885E0));
#13184=CARTESIAN_POINT('',(1.057385492050E1,7.305145176077E0,
-5.469879906247E0));
#13186=DIRECTION('',(0.E0,1.074951318137E-1,-9.942056108453E-1));
#13187=VECTOR('',#13186,1.E0);
#13188=SURFACE_OF_LINEAR_EXTRUSION('',#13185,#13187);
#13190=ORIENTED_EDGE('',*,*,#13189,.T.);
#13191=ORIENTED_EDGE('',*,*,#7219,.F.);
#13192=ORIENTED_EDGE('',*,*,#13168,.T.);
#13194=ORIENTED_EDGE('',*,*,#13193,.F.);
#13195=EDGE_LOOP('',(#13190,#13191,#13192,#13194));
#13196=FACE_OUTER_BOUND('',#13195,.F.);
#13197=ADVANCED_FACE('',(#13196),#13188,.T.);
#13198=CARTESIAN_POINT('',(1.098580043727E1,7.738004331034E0,
-5.905875985281E0));
#13199=DIRECTION('',(-5.011618418767E-1,8.603393787578E-1,9.302129651573E-2));
#13200=DIRECTION('',(-8.653535741226E-1,-4.982579151354E-1,-5.387245825249E-2));
#13201=AXIS2_PLACEMENT_3D('',#13198,#13199,#13200);
#13202=PLANE('',#13201);
#13204=ORIENTED_EDGE('',*,*,#13203,.F.);
#13205=ORIENTED_EDGE('',*,*,#7221,.F.);
#13206=ORIENTED_EDGE('',*,*,#13189,.F.);
#13208=ORIENTED_EDGE('',*,*,#13207,.F.);
#13209=EDGE_LOOP('',(#13204,#13205,#13206,#13208));
#13210=FACE_OUTER_BOUND('',#13209,.F.);
#13211=ADVANCED_FACE('',(#13210),#13202,.F.);
#13212=CARTESIAN_POINT('',(1.127234610628E1,8.064609318013E0,
-5.387765404824E0));
#13213=CARTESIAN_POINT('',(1.127384217214E1,8.063920107376E0,
-5.387839923402E0));
#13214=CARTESIAN_POINT('',(1.129202948029E1,8.054572279303E0,
-5.388850625816E0));
#13215=CARTESIAN_POINT('',(1.131680394641E1,8.017539823983E0,
-5.392854635272E0));
#13216=CARTESIAN_POINT('',(1.132547408966E1,7.958704554224E0,
-5.399216000576E0));
#13217=CARTESIAN_POINT('',(1.131733258544E1,7.899739037015E0,
-5.405591448447E0));
#13218=CARTESIAN_POINT('',(1.129286774773E1,7.862315291492E0,
-5.409637764836E0));
#13219=CARTESIAN_POINT('',(1.127465061046E1,7.852799907629E0,
-5.410666583655E0));
#13220=CARTESIAN_POINT('',(1.127315836639E1,7.852100700658E0,
-5.410742183053E0));
#13222=DIRECTION('',(0.E0,1.074951318136E-1,-9.942056108454E-1));
#13223=VECTOR('',#13222,1.E0);
#13224=SURFACE_OF_LINEAR_EXTRUSION('',#13221,#13223);
#13226=ORIENTED_EDGE('',*,*,#13225,.T.);
#13227=ORIENTED_EDGE('',*,*,#7223,.F.);
#13228=ORIENTED_EDGE('',*,*,#13203,.T.);
#13230=ORIENTED_EDGE('',*,*,#13229,.F.);
#13231=EDGE_LOOP('',(#13226,#13227,#13228,#13230));
#13232=FACE_OUTER_BOUND('',#13231,.F.);
#13233=ADVANCED_FACE('',(#13232),#13224,.T.);
#13234=CARTESIAN_POINT('',(1.098396199619E1,8.279974979484E0,
-5.847277235023E0));
#13235=DIRECTION('',(-4.954429174939E-1,-8.636072573422E-1,-9.337462487696E-2));
#13236=DIRECTION('',(8.686404984256E-1,-4.925721284262E-1,-5.325770172081E-2));
#13237=AXIS2_PLACEMENT_3D('',#13234,#13235,#13236);
#13238=PLANE('',#13237);
#13240=ORIENTED_EDGE('',*,*,#13239,.F.);
#13241=ORIENTED_EDGE('',*,*,#7225,.F.);
#13242=ORIENTED_EDGE('',*,*,#13225,.F.);
#13244=ORIENTED_EDGE('',*,*,#13243,.F.);
#13245=EDGE_LOOP('',(#13240,#13241,#13242,#13244));
#13246=FACE_OUTER_BOUND('',#13245,.F.);
#13247=ADVANCED_FACE('',(#13246),#13238,.F.);
#13248=CARTESIAN_POINT('',(1.056957549993E1,8.606896676816E0,
-5.329132411328E0));
#13249=CARTESIAN_POINT('',(1.056953612134E1,8.605223936718E0,
-5.329313270715E0));
#13250=CARTESIAN_POINT('',(1.056924469806E1,8.576026574073E0,
-5.332470137173E0));
#13251=CARTESIAN_POINT('',(1.058204883160E1,8.518427529988E0,
-5.338697839742E0));
#13252=CARTESIAN_POINT('',(1.062432745236E1,8.446334298195E0,
-5.346492677519E0));
#13253=CARTESIAN_POINT('',(1.066844610619E1,8.406877009724E0,
-5.350758863889E0));
#13254=CARTESIAN_POINT('',(1.069415361860E1,8.392741620366E0,
-5.352287205236E0));
#13255=CARTESIAN_POINT('',(1.069564135579E1,8.391949481645E0,
-5.352372852566E0));
#13257=DIRECTION('',(0.E0,1.074951318136E-1,-9.942056108454E-1));
#13258=VECTOR('',#13257,1.E0);
#13259=SURFACE_OF_LINEAR_EXTRUSION('',#13256,#13258);
#13261=ORIENTED_EDGE('',*,*,#13260,.F.);
#13262=ORIENTED_EDGE('',*,*,#7227,.F.);
#13263=ORIENTED_EDGE('',*,*,#13239,.T.);
#13265=ORIENTED_EDGE('',*,*,#13264,.F.);
#13266=EDGE_LOOP('',(#13261,#13262,#13263,#13265));
#13267=FACE_OUTER_BOUND('',#13266,.F.);
#13268=ADVANCED_FACE('',(#13267),#13259,.T.);
#13269=CARTESIAN_POINT('',(1.056786310812E1,9.159115897874E0,
-5.752223085384E0));
#13270=DIRECTION('',(-9.999946617209E-1,-3.248562797285E-3,-3.512399068060E-4));
#13271=DIRECTION('',(3.267495940324E-3,-9.942003034984E-1,-1.074945579741E-1));
#13272=AXIS2_PLACEMENT_3D('',#13269,#13270,#13271);
#13273=PLANE('',#13272);
#13275=ORIENTED_EDGE('',*,*,#13274,.F.);
#13276=ORIENTED_EDGE('',*,*,#7229,.F.);
#13277=ORIENTED_EDGE('',*,*,#13260,.T.);
#13279=ORIENTED_EDGE('',*,*,#13278,.T.);
#13280=EDGE_LOOP('',(#13275,#13276,#13277,#13279));
#13281=FACE_OUTER_BOUND('',#13280,.F.);
#13282=ADVANCED_FACE('',(#13281),#13273,.F.);
#13283=CARTESIAN_POINT('',(1.090374189270E1,9.691309534661E0,
-5.211883924875E0));
#13284=CARTESIAN_POINT('',(1.089064167144E1,9.727054827220E0,
-5.208019085557E0));
#13285=CARTESIAN_POINT('',(1.085099715954E1,9.769668833870E0,
-5.203411589671E0));
#13286=CARTESIAN_POINT('',(1.077656358966E1,9.794281742344E0,
-5.200750401873E0));
#13287=CARTESIAN_POINT('',(1.069044006070E1,9.792644189904E0,
-5.200927456713E0));
#13288=CARTESIAN_POINT('',(1.059735037345E1,9.737025280851E0,
-5.206941063853E0));
#13289=CARTESIAN_POINT('',(1.055327966657E1,9.620236429867E0,
-5.219568464858E0));
#13290=CARTESIAN_POINT('',(1.057699349089E1,9.546256633379E0,
-5.227567281088E0));
#13291=CARTESIAN_POINT('',(1.060109751445E1,9.518712463909E0,
-5.230545401607E0));
#13293=DIRECTION('',(0.E0,1.074951318137E-1,-9.942056108453E-1));
#13294=VECTOR('',#13293,1.E0);
#13295=SURFACE_OF_LINEAR_EXTRUSION('',#13292,#13294);
#13296=ORIENTED_EDGE('',*,*,#13274,.T.);
#13298=ORIENTED_EDGE('',*,*,#13297,.F.);
#13300=ORIENTED_EDGE('',*,*,#13299,.T.);
#13301=ORIENTED_EDGE('',*,*,#7231,.F.);
#13302=EDGE_LOOP('',(#13296,#13298,#13300,#13301));
#13303=FACE_OUTER_BOUND('',#13302,.F.);
#13304=ADVANCED_FACE('',(#13303),#13295,.T.);
#13305=CARTESIAN_POINT('',(1.339635067535E1,7.617007842304E0,
-5.436160806246E0));
#13306=DIRECTION('',(0.E0,1.074951318136E-1,-9.942056108454E-1));
#13307=DIRECTION('',(0.E0,-9.942056108454E-1,-1.074951318136E-1));
#13308=AXIS2_PLACEMENT_3D('',#13305,#13306,#13307);
#13309=PLANE('',#13308);
#13310=ORIENTED_EDGE('',*,*,#13158,.T.);
#13312=ORIENTED_EDGE('',*,*,#13311,.T.);
#13314=ORIENTED_EDGE('',*,*,#13313,.T.);
#13316=ORIENTED_EDGE('',*,*,#13315,.F.);
#13318=ORIENTED_EDGE('',*,*,#13317,.T.);
#13320=ORIENTED_EDGE('',*,*,#13319,.T.);
#13321=ORIENTED_EDGE('',*,*,#13297,.T.);
#13322=ORIENTED_EDGE('',*,*,#13278,.F.);
#13323=ORIENTED_EDGE('',*,*,#13264,.T.);
#13324=ORIENTED_EDGE('',*,*,#13243,.T.);
#13325=ORIENTED_EDGE('',*,*,#13229,.T.);
#13326=ORIENTED_EDGE('',*,*,#13207,.T.);
#13327=ORIENTED_EDGE('',*,*,#13193,.T.);
#13328=ORIENTED_EDGE('',*,*,#13172,.F.);
#13329=EDGE_LOOP('',(#13310,#13312,#13314,#13316,#13318,#13320,#13321,#13322,
#13323,#13324,#13325,#13326,#13327,#13328));
#13330=FACE_OUTER_BOUND('',#13329,.F.);
#13331=ADVANCED_FACE('',(#13330),#13309,.T.);
#13332=CARTESIAN_POINT('',(1.179294584396E1,6.741447675263E0,
-6.013625315905E0));
#13333=DIRECTION('',(5.027612088939E-1,-8.594165222633E-1,-9.292151576673E-2));
#13334=DIRECTION('',(8.644253390730E-1,4.998480147977E-1,5.404438242089E-2));
#13335=AXIS2_PLACEMENT_3D('',#13332,#13333,#13334);
#13336=PLANE('',#13335);
#13338=ORIENTED_EDGE('',*,*,#13337,.F.);
#13339=ORIENTED_EDGE('',*,*,#13311,.F.);
#13340=ORIENTED_EDGE('',*,*,#13156,.F.);
#13341=ORIENTED_EDGE('',*,*,#7241,.F.);
#13342=EDGE_LOOP('',(#13338,#13339,#13340,#13341));
#13343=FACE_OUTER_BOUND('',#13342,.F.);
#13344=ADVANCED_FACE('',(#13343),#13336,.F.);
#13345=CARTESIAN_POINT('',(1.273251031350E1,7.233223508409E0,
-5.477656194233E0));
#13346=CARTESIAN_POINT('',(1.273398461235E1,7.234024629196E0,
-5.477569575747E0));
#13347=CARTESIAN_POINT('',(1.275952367592E1,7.248348813104E0,
-5.476020821625E0));
#13348=CARTESIAN_POINT('',(1.280324281013E1,7.288075202188E0,
-5.471725539658E0));
#13349=CARTESIAN_POINT('',(1.284490965397E1,7.360356539195E0,
-5.463910363638E0));
#13350=CARTESIAN_POINT('',(1.285728062020E1,7.417937647884E0,
-5.457684600274E0));
#13351=CARTESIAN_POINT('',(1.285679920392E1,7.447082642065E0,
-5.454533395979E0));
#13352=CARTESIAN_POINT('',(1.285674904134E1,7.448752190269E0,
-5.454352881705E0));
#13354=DIRECTION('',(0.E0,1.074951318137E-1,-9.942056108453E-1));
#13355=VECTOR('',#13354,1.E0);
#13356=SURFACE_OF_LINEAR_EXTRUSION('',#13353,#13355);
#13357=ORIENTED_EDGE('',*,*,#13337,.T.);
#13358=ORIENTED_EDGE('',*,*,#7239,.F.);
#13360=ORIENTED_EDGE('',*,*,#13359,.T.);
#13361=ORIENTED_EDGE('',*,*,#13313,.F.);
#13362=EDGE_LOOP('',(#13357,#13358,#13360,#13361));
#13363=FACE_OUTER_BOUND('',#13362,.F.);
#13364=ADVANCED_FACE('',(#13363),#13356,.T.);
#13365=CARTESIAN_POINT('',(1.285512476319E1,8.015038190804E0,
-5.875922632626E0));
#13366=DIRECTION('',(9.999946649113E-1,3.247591910841E-3,3.511349329806E-4));
#13367=DIRECTION('',(-3.266519395399E-3,9.942003066703E-1,1.074945583171E-1));
#13368=AXIS2_PLACEMENT_3D('',#13365,#13366,#13367);
#13369=PLANE('',#13368);
#13370=ORIENTED_EDGE('',*,*,#13359,.F.);
#13371=ORIENTED_EDGE('',*,*,#7237,.F.);
#13373=ORIENTED_EDGE('',*,*,#13372,.F.);
#13374=ORIENTED_EDGE('',*,*,#13315,.T.);
#13375=EDGE_LOOP('',(#13370,#13371,#13373,#13374));
#13376=FACE_OUTER_BOUND('',#13375,.F.);
#13377=ADVANCED_FACE('',(#13376),#13369,.F.);
#13378=CARTESIAN_POINT('',(1.285336693696E1,8.478128597466E0,
-5.343055026041E0));
#13379=CARTESIAN_POINT('',(1.285340613377E1,8.479798380969E0,
-5.342874486326E0));
#13380=CARTESIAN_POINT('',(1.285369610357E1,8.508945984022E0,
-5.339722999953E0));
#13381=CARTESIAN_POINT('',(1.284094503486E1,8.566445067837E0,
-5.333506105254E0));
#13382=CARTESIAN_POINT('',(1.279880512042E1,8.638454751679E0,
-5.325720300815E0));
#13383=CARTESIAN_POINT('',(1.275482451423E1,8.677894751445E0,
-5.321455983729E0));
#13384=CARTESIAN_POINT('',(1.272919197553E1,8.692052685913E0,
-5.319925204767E0));
#13385=CARTESIAN_POINT('',(1.272771239868E1,8.692844240792E0,
-5.319839620562E0));
#13387=DIRECTION('',(0.E0,1.074951318137E-1,-9.942056108453E-1));
#13388=VECTOR('',#13387,1.E0);
#13389=SURFACE_OF_LINEAR_EXTRUSION('',#13386,#13388);
#13390=ORIENTED_EDGE('',*,*,#13372,.T.);
#13391=ORIENTED_EDGE('',*,*,#7235,.F.);
#13393=ORIENTED_EDGE('',*,*,#13392,.T.);
#13394=ORIENTED_EDGE('',*,*,#13317,.F.);
#13395=EDGE_LOOP('',(#13390,#13391,#13393,#13394));
#13396=FACE_OUTER_BOUND('',#13395,.F.);
#13397=ADVANCED_FACE('',(#13396),#13389,.T.);
#13398=CARTESIAN_POINT('',(1.178459673268E1,9.281698257674E0,
-5.738969280758E0));
#13399=DIRECTION('',(4.971008725260E-1,8.626650086357E-1,9.327274741035E-2));
#13400=DIRECTION('',(-8.676927581431E-1,4.942204766214E-1,5.343592381699E-2));
#13401=AXIS2_PLACEMENT_3D('',#13398,#13399,#13400);
#13402=PLANE('',#13401);
#13403=ORIENTED_EDGE('',*,*,#13392,.F.);
#13404=ORIENTED_EDGE('',*,*,#7233,.F.);
#13405=ORIENTED_EDGE('',*,*,#13299,.F.);
#13406=ORIENTED_EDGE('',*,*,#13319,.F.);
#13407=EDGE_LOOP('',(#13403,#13404,#13405,#13406));
#13408=FACE_OUTER_BOUND('',#13407,.F.);
#13409=ADVANCED_FACE('',(#13408),#13402,.F.);
#13410=CARTESIAN_POINT('',(-4.871243556530E1,1.014763552812E1,
-5.564876478282E0));
#13411=DIRECTION('',(-8.660254037844E-1,4.971028054227E-1,5.374756590679E-2));
#13412=DIRECTION('',(-5.E-1,-8.610073155771E-1,-9.309351493372E-2));
#13413=AXIS2_PLACEMENT_3D('',#13410,#13411,#13412);
#13414=PLANE('',#13413);
#13416=ORIENTED_EDGE('',*,*,#13415,.F.);
#13418=ORIENTED_EDGE('',*,*,#13417,.F.);
#13419=ORIENTED_EDGE('',*,*,#7245,.F.);
#13421=ORIENTED_EDGE('',*,*,#13420,.F.);
#13422=EDGE_LOOP('',(#13416,#13418,#13419,#13421));
#13423=FACE_OUTER_BOUND('',#13422,.F.);
#13424=ADVANCED_FACE('',(#13423),#13414,.F.);
#13425=CARTESIAN_POINT('',(-4.75E1,7.751655507644E0,-2.940601545282E0));
#13426=DIRECTION('',(0.E0,1.074951318136E-1,-9.942056108454E-1));
#13427=DIRECTION('',(1.E0,0.E0,0.E0));
#13428=AXIS2_PLACEMENT_3D('',#13425,#13426,#13427);
#13429=PLANE('',#13428);
#13430=ORIENTED_EDGE('',*,*,#13415,.T.);
#13432=ORIENTED_EDGE('',*,*,#13431,.T.);
#13434=ORIENTED_EDGE('',*,*,#13433,.T.);
#13436=ORIENTED_EDGE('',*,*,#13435,.T.);
#13438=ORIENTED_EDGE('',*,*,#13437,.T.);
#13440=ORIENTED_EDGE('',*,*,#13439,.T.);
#13442=ORIENTED_EDGE('',*,*,#13441,.T.);
#13444=ORIENTED_EDGE('',*,*,#13443,.T.);
#13446=ORIENTED_EDGE('',*,*,#13445,.T.);
#13448=ORIENTED_EDGE('',*,*,#13447,.T.);
#13450=ORIENTED_EDGE('',*,*,#13449,.T.);
#13452=ORIENTED_EDGE('',*,*,#13451,.T.);
#13453=EDGE_LOOP('',(#13430,#13432,#13434,#13436,#13438,#13440,#13442,#13444,
#13446,#13448,#13450,#13452));
#13454=FACE_OUTER_BOUND('',#13453,.F.);
#13456=ORIENTED_EDGE('',*,*,#13455,.T.);
#13458=ORIENTED_EDGE('',*,*,#13457,.T.);
#13459=EDGE_LOOP('',(#13456,#13458));
#13460=FACE_BOUND('',#13459,.F.);
#13461=ADVANCED_FACE('',(#13454,#13460),#13429,.T.);
#13462=CARTESIAN_POINT('',(-4.946299091524E1,8.059803745354E0,
-5.790616255090E0));
#13463=DIRECTION('',(0.E0,-1.074951318136E-1,9.942056108454E-1));
#13464=DIRECTION('',(-1.E0,0.E0,0.E0));
#13465=AXIS2_PLACEMENT_3D('',#13462,#13463,#13464);
#13466=CYLINDRICAL_SURFACE('',#13465,4.E-1);
#13467=ORIENTED_EDGE('',*,*,#13431,.F.);
#13468=ORIENTED_EDGE('',*,*,#13420,.T.);
#13469=ORIENTED_EDGE('',*,*,#7267,.F.);
#13471=ORIENTED_EDGE('',*,*,#13470,.T.);
#13472=EDGE_LOOP('',(#13467,#13468,#13469,#13471));
#13473=FACE_OUTER_BOUND('',#13472,.F.);
#13474=ADVANCED_FACE('',(#13473),#13466,.F.);
#13475=CARTESIAN_POINT('',(-4.992487113060E1,8.059803745354E0,
-5.790616255090E0));
#13476=DIRECTION('',(-8.660254037844E-1,-4.971028054227E-1,-5.374756590679E-2));
#13477=DIRECTION('',(5.E-1,-8.610073155771E-1,-9.309351493372E-2));
#13478=AXIS2_PLACEMENT_3D('',#13475,#13476,#13477);
#13479=PLANE('',#13478);
#13480=ORIENTED_EDGE('',*,*,#13433,.F.);
#13481=ORIENTED_EDGE('',*,*,#13470,.F.);
#13482=ORIENTED_EDGE('',*,*,#7265,.F.);
#13484=ORIENTED_EDGE('',*,*,#13483,.F.);
#13485=EDGE_LOOP('',(#13480,#13481,#13482,#13484));
#13486=FACE_OUTER_BOUND('',#13485,.F.);
#13487=ADVANCED_FACE('',(#13486),#13479,.F.);
#13488=CARTESIAN_POINT('',(-4.848149545762E1,6.369654206916E0,
-5.973357979173E0));
#13489=DIRECTION('',(0.E0,-1.074951318136E-1,9.942056108454E-1));
#13490=DIRECTION('',(-5.E-1,-8.610073155771E-1,-9.309351493373E-2));
#13491=AXIS2_PLACEMENT_3D('',#13488,#13489,#13490);
#13492=CYLINDRICAL_SURFACE('',#13491,4.E-1);
#13493=ORIENTED_EDGE('',*,*,#13435,.F.);
#13494=ORIENTED_EDGE('',*,*,#13483,.T.);
#13495=ORIENTED_EDGE('',*,*,#7263,.F.);
#13497=ORIENTED_EDGE('',*,*,#13496,.T.);
#13498=EDGE_LOOP('',(#13493,#13494,#13495,#13497));
#13499=FACE_OUTER_BOUND('',#13498,.F.);
#13500=ADVANCED_FACE('',(#13499),#13492,.F.);
#13501=CARTESIAN_POINT('',(-4.871243556530E1,5.971971962578E0,
-6.016356031899E0));
#13502=DIRECTION('',(0.E0,-9.942056108454E-1,-1.074951318136E-1));
#13503=DIRECTION('',(1.E0,0.E0,0.E0));
#13504=AXIS2_PLACEMENT_3D('',#13501,#13502,#13503);
#13505=PLANE('',#13504);
#13506=ORIENTED_EDGE('',*,*,#13437,.F.);
#13507=ORIENTED_EDGE('',*,*,#13496,.F.);
#13508=ORIENTED_EDGE('',*,*,#7261,.T.);
#13510=ORIENTED_EDGE('',*,*,#13509,.F.);
#13511=EDGE_LOOP('',(#13506,#13507,#13508,#13510));
#13512=FACE_OUTER_BOUND('',#13511,.F.);
#13513=ADVANCED_FACE('',(#13512),#13505,.F.);
#13514=CARTESIAN_POINT('',(-4.651850454238E1,6.369654206916E0,
-5.973357979173E0));
#13515=DIRECTION('',(0.E0,-1.074951318136E-1,9.942056108454E-1));
#13516=DIRECTION('',(5.E-1,-8.610073155771E-1,-9.309351493373E-2));
#13517=AXIS2_PLACEMENT_3D('',#13514,#13515,#13516);
#13518=CYLINDRICAL_SURFACE('',#13517,4.E-1);
#13519=ORIENTED_EDGE('',*,*,#13439,.F.);
#13520=ORIENTED_EDGE('',*,*,#13509,.T.);
#13521=ORIENTED_EDGE('',*,*,#7259,.F.);
#13523=ORIENTED_EDGE('',*,*,#13522,.T.);
#13524=EDGE_LOOP('',(#13519,#13520,#13521,#13523));
#13525=FACE_OUTER_BOUND('',#13524,.F.);
#13526=ADVANCED_FACE('',(#13525),#13518,.F.);
#13527=CARTESIAN_POINT('',(-4.628756443470E1,5.971971962578E0,
-6.016356031899E0));
#13528=DIRECTION('',(8.660254037844E-1,-4.971028054227E-1,-5.374756590679E-2));
#13529=DIRECTION('',(5.E-1,8.610073155771E-1,9.309351493372E-2));
#13530=AXIS2_PLACEMENT_3D('',#13527,#13528,#13529);
#13531=PLANE('',#13530);
#13532=ORIENTED_EDGE('',*,*,#13441,.F.);
#13533=ORIENTED_EDGE('',*,*,#13522,.F.);
#13534=ORIENTED_EDGE('',*,*,#7257,.F.);
#13536=ORIENTED_EDGE('',*,*,#13535,.F.);
#13537=EDGE_LOOP('',(#13532,#13533,#13534,#13536));
#13538=FACE_OUTER_BOUND('',#13537,.F.);
#13539=ADVANCED_FACE('',(#13538),#13531,.F.);
#13540=CARTESIAN_POINT('',(-4.553700908476E1,8.059803745354E0,
-5.790616255090E0));
#13541=DIRECTION('',(0.E0,-1.074951318136E-1,9.942056108454E-1));
#13542=DIRECTION('',(1.E0,2.445322913279E-14,0.E0));
#13543=AXIS2_PLACEMENT_3D('',#13540,#13541,#13542);
#13544=CYLINDRICAL_SURFACE('',#13543,4.E-1);
#13545=ORIENTED_EDGE('',*,*,#13443,.F.);
#13546=ORIENTED_EDGE('',*,*,#13535,.T.);
#13547=ORIENTED_EDGE('',*,*,#7255,.F.);
#13549=ORIENTED_EDGE('',*,*,#13548,.T.);
#13550=EDGE_LOOP('',(#13545,#13546,#13547,#13549));
#13551=FACE_OUTER_BOUND('',#13550,.F.);
#13552=ADVANCED_FACE('',(#13551),#13544,.F.);
#13553=CARTESIAN_POINT('',(-4.568134291601E1,9.103713203224E0,
-5.677747062288E0));
#13554=DIRECTION('',(8.660254037844E-1,4.971028054227E-1,5.374756590679E-2));
#13555=DIRECTION('',(-5.E-1,8.610073155771E-1,9.309351493372E-2));
#13556=AXIS2_PLACEMENT_3D('',#13553,#13554,#13555);
#13557=PLANE('',#13556);
#13558=ORIENTED_EDGE('',*,*,#13445,.F.);
#13559=ORIENTED_EDGE('',*,*,#13548,.F.);
#13560=ORIENTED_EDGE('',*,*,#7253,.F.);
#13562=ORIENTED_EDGE('',*,*,#13561,.F.);
#13563=EDGE_LOOP('',(#13558,#13559,#13560,#13562));
#13564=FACE_OUTER_BOUND('',#13563,.F.);
#13565=ADVANCED_FACE('',(#13564),#13557,.F.);
#13566=CARTESIAN_POINT('',(-4.651850454238E1,9.749953283794E0,
-5.607874531007E0));
#13567=DIRECTION('',(0.E0,-1.074951318136E-1,9.942056108454E-1));
#13568=DIRECTION('',(5.E-1,8.610073155771E-1,9.309351493373E-2));
#13569=AXIS2_PLACEMENT_3D('',#13566,#13567,#13568);
#13570=CYLINDRICAL_SURFACE('',#13569,4.E-1);
#13571=ORIENTED_EDGE('',*,*,#13447,.F.);
#13572=ORIENTED_EDGE('',*,*,#13561,.T.);
#13573=ORIENTED_EDGE('',*,*,#7251,.F.);
#13575=ORIENTED_EDGE('',*,*,#13574,.T.);
#13576=EDGE_LOOP('',(#13571,#13572,#13573,#13575));
#13577=FACE_OUTER_BOUND('',#13576,.F.);
#13578=ADVANCED_FACE('',(#13577),#13570,.F.);
#13579=CARTESIAN_POINT('',(-4.628756443470E1,1.014763552812E1,
-5.564876478282E0));
#13580=DIRECTION('',(0.E0,9.942056108454E-1,1.074951318136E-1));
#13581=DIRECTION('',(-1.E0,0.E0,0.E0));
#13582=AXIS2_PLACEMENT_3D('',#13579,#13580,#13581);
#13583=PLANE('',#13582);
#13584=ORIENTED_EDGE('',*,*,#13449,.F.);
#13585=ORIENTED_EDGE('',*,*,#13574,.F.);
#13586=ORIENTED_EDGE('',*,*,#7249,.T.);
#13588=ORIENTED_EDGE('',*,*,#13587,.F.);
#13589=EDGE_LOOP('',(#13584,#13585,#13586,#13588));
#13590=FACE_OUTER_BOUND('',#13589,.F.);
#13591=ADVANCED_FACE('',(#13590),#13583,.F.);
#13592=CARTESIAN_POINT('',(-4.848149545762E1,9.749953283794E0,
-5.607874531007E0));
#13593=DIRECTION('',(0.E0,-1.074951318136E-1,9.942056108454E-1));
#13594=DIRECTION('',(-5.E-1,8.610073155771E-1,9.309351493373E-2));
#13595=AXIS2_PLACEMENT_3D('',#13592,#13593,#13594);
#13596=CYLINDRICAL_SURFACE('',#13595,4.E-1);
#13597=ORIENTED_EDGE('',*,*,#13451,.F.);
#13598=ORIENTED_EDGE('',*,*,#13587,.T.);
#13599=ORIENTED_EDGE('',*,*,#7247,.F.);
#13600=ORIENTED_EDGE('',*,*,#13417,.T.);
#13601=EDGE_LOOP('',(#13597,#13598,#13599,#13600));
#13602=FACE_OUTER_BOUND('',#13601,.F.);
#13603=ADVANCED_FACE('',(#13602),#13596,.F.);
#13604=CARTESIAN_POINT('',(-4.75E1,8.059803745354E0,-5.790616255090E0));
#13605=DIRECTION('',(0.E0,-1.074951318136E-1,9.942056108454E-1));
#13606=DIRECTION('',(1.E0,0.E0,0.E0));
#13607=AXIS2_PLACEMENT_3D('',#13604,#13605,#13606);
#13608=CYLINDRICAL_SURFACE('',#13607,1.15E0);
#13610=ORIENTED_EDGE('',*,*,#13609,.F.);
#13612=ORIENTED_EDGE('',*,*,#13611,.F.);
#13614=ORIENTED_EDGE('',*,*,#13613,.F.);
#13615=ORIENTED_EDGE('',*,*,#13455,.F.);
#13616=EDGE_LOOP('',(#13610,#13612,#13614,#13615));
#13617=FACE_OUTER_BOUND('',#13616,.F.);
#13618=ADVANCED_FACE('',(#13617),#13608,.F.);
#13619=CARTESIAN_POINT('',(-4.75E1,8.059803745354E0,-5.790616255090E0));
#13620=DIRECTION('',(0.E0,-1.074951318136E-1,9.942056108454E-1));
#13621=DIRECTION('',(1.E0,0.E0,0.E0));
#13622=AXIS2_PLACEMENT_3D('',#13619,#13620,#13621);
#13623=CYLINDRICAL_SURFACE('',#13622,1.15E0);
#13624=ORIENTED_EDGE('',*,*,#13613,.T.);
#13626=ORIENTED_EDGE('',*,*,#13625,.F.);
#13627=ORIENTED_EDGE('',*,*,#13609,.T.);
#13628=ORIENTED_EDGE('',*,*,#13457,.F.);
#13629=EDGE_LOOP('',(#13624,#13626,#13627,#13628));
#13630=FACE_OUTER_BOUND('',#13629,.F.);
#13631=ADVANCED_FACE('',(#13630),#13623,.F.);
#13632=CARTESIAN_POINT('',(0.E0,-2.761517858546E0,-2.367395120972E0));
#13633=DIRECTION('',(0.E0,-1.074951318136E-1,9.942056108454E-1));
#13634=DIRECTION('',(1.E0,0.E0,0.E0));
#13635=AXIS2_PLACEMENT_3D('',#13632,#13633,#13634);
#13636=PLANE('',#13635);
#13638=ORIENTED_EDGE('',*,*,#13637,.T.);
#13640=ORIENTED_EDGE('',*,*,#13639,.T.);
#13641=EDGE_LOOP('',(#13638,#13640));
#13642=FACE_OUTER_BOUND('',#13641,.F.);
#13643=ORIENTED_EDGE('',*,*,#13625,.T.);
#13644=ORIENTED_EDGE('',*,*,#13611,.T.);
#13645=EDGE_LOOP('',(#13643,#13644));
#13646=FACE_BOUND('',#13645,.F.);
#13647=ADVANCED_FACE('',(#13642,#13646),#13636,.T.);
#13648=CARTESIAN_POINT('',(-4.75E1,7.697907941744E0,-2.443498739859E0));
#13649=DIRECTION('',(0.E0,-1.074951318136E-1,9.942056108454E-1));
#13650=DIRECTION('',(1.E0,0.E0,0.E0));
#13651=AXIS2_PLACEMENT_3D('',#13648,#13649,#13650);
#13652=CYLINDRICAL_SURFACE('',#13651,2.05E0);
#13653=ORIENTED_EDGE('',*,*,#6918,.F.);
#13655=ORIENTED_EDGE('',*,*,#13654,.F.);
#13656=ORIENTED_EDGE('',*,*,#13637,.F.);
#13658=ORIENTED_EDGE('',*,*,#13657,.T.);
#13659=EDGE_LOOP('',(#13653,#13655,#13656,#13658));
#13660=FACE_OUTER_BOUND('',#13659,.F.);
#13661=ADVANCED_FACE('',(#13660),#13652,.T.);
#13662=CARTESIAN_POINT('',(-4.75E1,7.697907941744E0,-2.443498739859E0));
#13663=DIRECTION('',(0.E0,-1.074951318136E-1,9.942056108454E-1));
#13664=DIRECTION('',(1.E0,0.E0,0.E0));
#13665=AXIS2_PLACEMENT_3D('',#13662,#13663,#13664);
#13666=CYLINDRICAL_SURFACE('',#13665,2.05E0);
#13667=ORIENTED_EDGE('',*,*,#6920,.F.);
#13668=ORIENTED_EDGE('',*,*,#13657,.F.);
#13669=ORIENTED_EDGE('',*,*,#13639,.F.);
#13670=ORIENTED_EDGE('',*,*,#13654,.T.);
#13671=EDGE_LOOP('',(#13667,#13668,#13669,#13670));
#13672=FACE_OUTER_BOUND('',#13671,.F.);
#13673=ADVANCED_FACE('',(#13672),#13666,.T.);
#13674=CARTESIAN_POINT('',(4.628756443470E1,1.014763552812E1,
-5.564876478282E0));
#13675=DIRECTION('',(-8.660254037844E-1,4.971028054227E-1,5.374756590679E-2));
#13676=DIRECTION('',(-5.E-1,-8.610073155771E-1,-9.309351493372E-2));
#13677=AXIS2_PLACEMENT_3D('',#13674,#13675,#13676);
#13678=PLANE('',#13677);
#13679=ORIENTED_EDGE('',*,*,#7271,.F.);
#13681=ORIENTED_EDGE('',*,*,#13680,.F.);
#13683=ORIENTED_EDGE('',*,*,#13682,.F.);
#13685=ORIENTED_EDGE('',*,*,#13684,.F.);
#13686=EDGE_LOOP('',(#13679,#13681,#13683,#13685));
#13687=FACE_OUTER_BOUND('',#13686,.F.);
#13688=ADVANCED_FACE('',(#13687),#13678,.F.);
#13689=CARTESIAN_POINT('',(4.553700908476E1,8.059803745354E0,
-5.790616255090E0));
#13690=DIRECTION('',(0.E0,-1.074951318136E-1,9.942056108454E-1));
#13691=DIRECTION('',(-1.E0,0.E0,0.E0));
#13692=AXIS2_PLACEMENT_3D('',#13689,#13690,#13691);
#13693=CYLINDRICAL_SURFACE('',#13692,4.E-1);
#13695=ORIENTED_EDGE('',*,*,#13694,.F.);
#13696=ORIENTED_EDGE('',*,*,#13680,.T.);
#13697=ORIENTED_EDGE('',*,*,#7293,.F.);
#13699=ORIENTED_EDGE('',*,*,#13698,.T.);
#13700=EDGE_LOOP('',(#13695,#13696,#13697,#13699));
#13701=FACE_OUTER_BOUND('',#13700,.F.);
#13702=ADVANCED_FACE('',(#13701),#13693,.F.);
#13703=CARTESIAN_POINT('',(4.75E1,7.751655507644E0,-2.940601545282E0));
#13704=DIRECTION('',(0.E0,-1.074951318136E-1,9.942056108454E-1));
#13705=DIRECTION('',(-1.E0,0.E0,0.E0));
#13706=AXIS2_PLACEMENT_3D('',#13703,#13704,#13705);
#13707=PLANE('',#13706);
#13709=ORIENTED_EDGE('',*,*,#13708,.T.);
#13711=ORIENTED_EDGE('',*,*,#13710,.T.);
#13713=ORIENTED_EDGE('',*,*,#13712,.T.);
#13715=ORIENTED_EDGE('',*,*,#13714,.T.);
#13717=ORIENTED_EDGE('',*,*,#13716,.T.);
#13719=ORIENTED_EDGE('',*,*,#13718,.T.);
#13720=ORIENTED_EDGE('',*,*,#13682,.T.);
#13721=ORIENTED_EDGE('',*,*,#13694,.T.);
#13723=ORIENTED_EDGE('',*,*,#13722,.T.);
#13725=ORIENTED_EDGE('',*,*,#13724,.T.);
#13727=ORIENTED_EDGE('',*,*,#13726,.T.);
#13729=ORIENTED_EDGE('',*,*,#13728,.T.);
#13730=EDGE_LOOP('',(#13709,#13711,#13713,#13715,#13717,#13719,#13720,#13721,
#13723,#13725,#13727,#13729));
#13731=FACE_OUTER_BOUND('',#13730,.F.);
#13733=ORIENTED_EDGE('',*,*,#13732,.T.);
#13735=ORIENTED_EDGE('',*,*,#13734,.T.);
#13736=EDGE_LOOP('',(#13733,#13735));
#13737=FACE_BOUND('',#13736,.F.);
#13738=ADVANCED_FACE('',(#13731,#13737),#13707,.F.);
#13739=CARTESIAN_POINT('',(4.871243556530E1,5.971971962578E0,
-6.016356031899E0));
#13740=DIRECTION('',(8.660254037844E-1,-4.971028054227E-1,-5.374756590679E-2));
#13741=DIRECTION('',(5.E-1,8.610073155771E-1,9.309351493372E-2));
#13742=AXIS2_PLACEMENT_3D('',#13739,#13740,#13741);
#13743=PLANE('',#13742);
#13744=ORIENTED_EDGE('',*,*,#7283,.F.);
#13746=ORIENTED_EDGE('',*,*,#13745,.F.);
#13747=ORIENTED_EDGE('',*,*,#13708,.F.);
#13749=ORIENTED_EDGE('',*,*,#13748,.F.);
#13750=EDGE_LOOP('',(#13744,#13746,#13747,#13749));
#13751=FACE_OUTER_BOUND('',#13750,.F.);
#13752=ADVANCED_FACE('',(#13751),#13743,.F.);
#13753=CARTESIAN_POINT('',(4.946299091524E1,8.059803745354E0,
-5.790616255090E0));
#13754=DIRECTION('',(0.E0,-1.074951318136E-1,9.942056108454E-1));
#13755=DIRECTION('',(1.E0,0.E0,0.E0));
#13756=AXIS2_PLACEMENT_3D('',#13753,#13754,#13755);
#13757=CYLINDRICAL_SURFACE('',#13756,4.E-1);
#13758=ORIENTED_EDGE('',*,*,#13710,.F.);
#13759=ORIENTED_EDGE('',*,*,#13745,.T.);
#13760=ORIENTED_EDGE('',*,*,#7281,.F.);
#13762=ORIENTED_EDGE('',*,*,#13761,.T.);
#13763=EDGE_LOOP('',(#13758,#13759,#13760,#13762));
#13764=FACE_OUTER_BOUND('',#13763,.F.);
#13765=ADVANCED_FACE('',(#13764),#13757,.F.);
#13766=CARTESIAN_POINT('',(4.992487113060E1,8.059803745354E0,
-5.790616255090E0));
#13767=DIRECTION('',(8.660254037844E-1,4.971028054227E-1,5.374756590679E-2));
#13768=DIRECTION('',(-5.E-1,8.610073155771E-1,9.309351493372E-2));
#13769=AXIS2_PLACEMENT_3D('',#13766,#13767,#13768);
#13770=PLANE('',#13769);
#13771=ORIENTED_EDGE('',*,*,#7279,.F.);
#13773=ORIENTED_EDGE('',*,*,#13772,.F.);
#13774=ORIENTED_EDGE('',*,*,#13712,.F.);
#13775=ORIENTED_EDGE('',*,*,#13761,.F.);
#13776=EDGE_LOOP('',(#13771,#13773,#13774,#13775));
#13777=FACE_OUTER_BOUND('',#13776,.F.);
#13778=ADVANCED_FACE('',(#13777),#13770,.F.);
#13779=CARTESIAN_POINT('',(4.848149545762E1,9.749953283794E0,
-5.607874531007E0));
#13780=DIRECTION('',(0.E0,-1.074951318136E-1,9.942056108454E-1));
#13781=DIRECTION('',(5.E-1,8.610073155771E-1,9.309351493373E-2));
#13782=AXIS2_PLACEMENT_3D('',#13779,#13780,#13781);
#13783=CYLINDRICAL_SURFACE('',#13782,4.E-1);
#13784=ORIENTED_EDGE('',*,*,#13714,.F.);
#13785=ORIENTED_EDGE('',*,*,#13772,.T.);
#13786=ORIENTED_EDGE('',*,*,#7277,.F.);
#13788=ORIENTED_EDGE('',*,*,#13787,.T.);
#13789=EDGE_LOOP('',(#13784,#13785,#13786,#13788));
#13790=FACE_OUTER_BOUND('',#13789,.F.);
#13791=ADVANCED_FACE('',(#13790),#13783,.F.);
#13792=CARTESIAN_POINT('',(4.871243556530E1,1.014763552812E1,
-5.564876478282E0));
#13793=DIRECTION('',(0.E0,9.942056108454E-1,1.074951318136E-1));
#13794=DIRECTION('',(-1.E0,0.E0,0.E0));
#13795=AXIS2_PLACEMENT_3D('',#13792,#13793,#13794);
#13796=PLANE('',#13795);
#13797=ORIENTED_EDGE('',*,*,#7275,.T.);
#13799=ORIENTED_EDGE('',*,*,#13798,.F.);
#13800=ORIENTED_EDGE('',*,*,#13716,.F.);
#13801=ORIENTED_EDGE('',*,*,#13787,.F.);
#13802=EDGE_LOOP('',(#13797,#13799,#13800,#13801));
#13803=FACE_OUTER_BOUND('',#13802,.F.);
#13804=ADVANCED_FACE('',(#13803),#13796,.F.);
#13805=CARTESIAN_POINT('',(4.651850454238E1,9.749953283794E0,
-5.607874531007E0));
#13806=DIRECTION('',(0.E0,-1.074951318136E-1,9.942056108454E-1));
#13807=DIRECTION('',(-5.E-1,8.610073155771E-1,9.309351493373E-2));
#13808=AXIS2_PLACEMENT_3D('',#13805,#13806,#13807);
#13809=CYLINDRICAL_SURFACE('',#13808,4.E-1);
#13810=ORIENTED_EDGE('',*,*,#13718,.F.);
#13811=ORIENTED_EDGE('',*,*,#13798,.T.);
#13812=ORIENTED_EDGE('',*,*,#7273,.F.);
#13813=ORIENTED_EDGE('',*,*,#13684,.T.);
#13814=EDGE_LOOP('',(#13810,#13811,#13812,#13813));
#13815=FACE_OUTER_BOUND('',#13814,.F.);
#13816=ADVANCED_FACE('',(#13815),#13809,.F.);
#13817=CARTESIAN_POINT('',(4.848149545762E1,6.369654206916E0,
-5.973357979173E0));
#13818=DIRECTION('',(0.E0,-1.074951318136E-1,9.942056108454E-1));
#13819=DIRECTION('',(5.E-1,-8.610073155771E-1,-9.309351493373E-2));
#13820=AXIS2_PLACEMENT_3D('',#13817,#13818,#13819);
#13821=CYLINDRICAL_SURFACE('',#13820,4.E-1);
#13822=ORIENTED_EDGE('',*,*,#13728,.F.);
#13824=ORIENTED_EDGE('',*,*,#13823,.T.);
#13825=ORIENTED_EDGE('',*,*,#7285,.F.);
#13826=ORIENTED_EDGE('',*,*,#13748,.T.);
#13827=EDGE_LOOP('',(#13822,#13824,#13825,#13826));
#13828=FACE_OUTER_BOUND('',#13827,.F.);
#13829=ADVANCED_FACE('',(#13828),#13821,.F.);
#13830=CARTESIAN_POINT('',(4.628756443470E1,5.971971962578E0,
-6.016356031899E0));
#13831=DIRECTION('',(0.E0,-9.942056108454E-1,-1.074951318136E-1));
#13832=DIRECTION('',(1.E0,0.E0,0.E0));
#13833=AXIS2_PLACEMENT_3D('',#13830,#13831,#13832);
#13834=PLANE('',#13833);
#13835=ORIENTED_EDGE('',*,*,#7287,.T.);
#13836=ORIENTED_EDGE('',*,*,#13823,.F.);
#13837=ORIENTED_EDGE('',*,*,#13726,.F.);
#13839=ORIENTED_EDGE('',*,*,#13838,.F.);
#13840=EDGE_LOOP('',(#13835,#13836,#13837,#13839));
#13841=FACE_OUTER_BOUND('',#13840,.F.);
#13842=ADVANCED_FACE('',(#13841),#13834,.F.);
#13843=CARTESIAN_POINT('',(4.651850454238E1,6.369654206916E0,
-5.973357979173E0));
#13844=DIRECTION('',(0.E0,-1.074951318136E-1,9.942056108454E-1));
#13845=DIRECTION('',(-5.E-1,-8.610073155771E-1,-9.309351493373E-2));
#13846=AXIS2_PLACEMENT_3D('',#13843,#13844,#13845);
#13847=CYLINDRICAL_SURFACE('',#13846,4.E-1);
#13848=ORIENTED_EDGE('',*,*,#13724,.F.);
#13850=ORIENTED_EDGE('',*,*,#13849,.T.);
#13851=ORIENTED_EDGE('',*,*,#7289,.F.);
#13852=ORIENTED_EDGE('',*,*,#13838,.T.);
#13853=EDGE_LOOP('',(#13848,#13850,#13851,#13852));
#13854=FACE_OUTER_BOUND('',#13853,.F.);
#13855=ADVANCED_FACE('',(#13854),#13847,.F.);
#13856=CARTESIAN_POINT('',(4.568134015300E1,7.015899045422E0,
-5.903484933456E0));
#13857=DIRECTION('',(-8.660254037844E-1,-4.971028054227E-1,-5.374756590679E-2));
#13858=DIRECTION('',(5.E-1,-8.610073155771E-1,-9.309351493372E-2));
#13859=AXIS2_PLACEMENT_3D('',#13856,#13857,#13858);
#13860=PLANE('',#13859);
#13861=ORIENTED_EDGE('',*,*,#7291,.F.);
#13862=ORIENTED_EDGE('',*,*,#13849,.F.);
#13863=ORIENTED_EDGE('',*,*,#13722,.F.);
#13864=ORIENTED_EDGE('',*,*,#13698,.F.);
#13865=EDGE_LOOP('',(#13861,#13862,#13863,#13864));
#13866=FACE_OUTER_BOUND('',#13865,.F.);
#13867=ADVANCED_FACE('',(#13866),#13860,.F.);
#13868=CARTESIAN_POINT('',(4.75E1,8.059803745354E0,-5.790616255090E0));
#13869=DIRECTION('',(0.E0,1.074951318136E-1,-9.942056108454E-1));
#13870=DIRECTION('',(-1.E0,0.E0,0.E0));
#13871=AXIS2_PLACEMENT_3D('',#13868,#13869,#13870);
#13872=CYLINDRICAL_SURFACE('',#13871,1.15E0);
#13874=ORIENTED_EDGE('',*,*,#13873,.F.);
#13876=ORIENTED_EDGE('',*,*,#13875,.F.);
#13878=ORIENTED_EDGE('',*,*,#13877,.F.);
#13879=ORIENTED_EDGE('',*,*,#13732,.F.);
#13880=EDGE_LOOP('',(#13874,#13876,#13878,#13879));
#13881=FACE_OUTER_BOUND('',#13880,.F.);
#13882=ADVANCED_FACE('',(#13881),#13872,.F.);
#13883=CARTESIAN_POINT('',(4.75E1,8.059803745354E0,-5.790616255090E0));
#13884=DIRECTION('',(0.E0,1.074951318136E-1,-9.942056108454E-1));
#13885=DIRECTION('',(-1.E0,0.E0,0.E0));
#13886=AXIS2_PLACEMENT_3D('',#13883,#13884,#13885);
#13887=CYLINDRICAL_SURFACE('',#13886,1.15E0);
#13888=ORIENTED_EDGE('',*,*,#13877,.T.);
#13890=ORIENTED_EDGE('',*,*,#13889,.F.);
#13891=ORIENTED_EDGE('',*,*,#13873,.T.);
#13892=ORIENTED_EDGE('',*,*,#13734,.F.);
#13893=EDGE_LOOP('',(#13888,#13890,#13891,#13892));
#13894=FACE_OUTER_BOUND('',#13893,.F.);
#13895=ADVANCED_FACE('',(#13894),#13887,.F.);
#13896=CARTESIAN_POINT('',(0.E0,-2.761517858546E0,-2.367395120972E0));
#13897=DIRECTION('',(0.E0,-1.074951318136E-1,9.942056108454E-1));
#13898=DIRECTION('',(1.E0,0.E0,0.E0));
#13899=AXIS2_PLACEMENT_3D('',#13896,#13897,#13898);
#13900=PLANE('',#13899);
#13902=ORIENTED_EDGE('',*,*,#13901,.T.);
#13904=ORIENTED_EDGE('',*,*,#13903,.T.);
#13905=EDGE_LOOP('',(#13902,#13904));
#13906=FACE_OUTER_BOUND('',#13905,.F.);
#13907=ORIENTED_EDGE('',*,*,#13889,.T.);
#13908=ORIENTED_EDGE('',*,*,#13875,.T.);
#13909=EDGE_LOOP('',(#13907,#13908));
#13910=FACE_BOUND('',#13909,.F.);
#13911=ADVANCED_FACE('',(#13906,#13910),#13900,.T.);
#13912=CARTESIAN_POINT('',(4.75E1,7.697907941744E0,-2.443498739859E0));
#13913=DIRECTION('',(0.E0,-1.074951318136E-1,9.942056108454E-1));
#13914=DIRECTION('',(1.E0,0.E0,0.E0));
#13915=AXIS2_PLACEMENT_3D('',#13912,#13913,#13914);
#13916=CYLINDRICAL_SURFACE('',#13915,2.05E0);
#13917=ORIENTED_EDGE('',*,*,#6924,.F.);
#13919=ORIENTED_EDGE('',*,*,#13918,.F.);
#13920=ORIENTED_EDGE('',*,*,#13901,.F.);
#13922=ORIENTED_EDGE('',*,*,#13921,.T.);
#13923=EDGE_LOOP('',(#13917,#13919,#13920,#13922));
#13924=FACE_OUTER_BOUND('',#13923,.F.);
#13925=ADVANCED_FACE('',(#13924),#13916,.T.);
#13926=CARTESIAN_POINT('',(4.75E1,7.697907941744E0,-2.443498739859E0));
#13927=DIRECTION('',(0.E0,-1.074951318136E-1,9.942056108454E-1));
#13928=DIRECTION('',(1.E0,0.E0,0.E0));
#13929=AXIS2_PLACEMENT_3D('',#13926,#13927,#13928);
#13930=CYLINDRICAL_SURFACE('',#13929,2.05E0);
#13931=ORIENTED_EDGE('',*,*,#6926,.F.);
#13932=ORIENTED_EDGE('',*,*,#13921,.F.);
#13933=ORIENTED_EDGE('',*,*,#13903,.F.);
#13934=ORIENTED_EDGE('',*,*,#13918,.T.);
#13935=EDGE_LOOP('',(#13931,#13932,#13933,#13934));
#13936=FACE_OUTER_BOUND('',#13935,.F.);
#13937=ADVANCED_FACE('',(#13936),#13930,.T.);
#13941=DIMENSIONAL_EXPONENTS(0.E0,0.E0,0.E0,0.E0,0.E0,0.E0,0.E0);
#13943=PLANE_ANGLE_MEASURE_WITH_UNIT(PLANE_ANGLE_MEASURE(1.745329251994E-2),
#13942);
#13944=(CONVERSION_BASED_UNIT('DEGREE',#13943)NAMED_UNIT(*)PLANE_ANGLE_UNIT());
#13946=UNCERTAINTY_MEASURE_WITH_UNIT(LENGTH_MEASURE(1.696844330984E-2),#13940,
'closure',
'Maximum model space distance between geometric entities at asserted connectivities');
#13947=(GEOMETRIC_REPRESENTATION_CONTEXT(3)GLOBAL_UNCERTAINTY_ASSIGNED_CONTEXT((
#13946))GLOBAL_UNIT_ASSIGNED_CONTEXT((#13940,#13944,#13945))REPRESENTATION_CONTEXT('ID1','3'));
#13949=APPLICATION_CONTEXT(
'CONFIGURATION CONTROLLED 3D DESIGNS OF MECHANICAL PARTS AND ASSEMBLIES');
#13950=APPLICATION_PROTOCOL_DEFINITION('international standard',
'config_control_design',1994,#13949);
#13951=DESIGN_CONTEXT('',#13949,'design');
#13952=MECHANICAL_CONTEXT('',#13949,'mechanical');
#13953=PRODUCT('NODE_--1111250002','NODE_--1111250002','NOT SPECIFIED',
(#13952));
#13954=PRODUCT_DEFINITION_FORMATION_WITH_SPECIFIED_SOURCE('1','LAST_VERSION',
#13953,.MADE.);
#13958=PRODUCT_CATEGORY('part','');
#13959=PRODUCT_RELATED_PRODUCT_CATEGORY('detail','',(#13953));
#13960=PRODUCT_CATEGORY_RELATIONSHIP('','',#13958,#13959);
#13961=SECURITY_CLASSIFICATION_LEVEL('unclassified');
#13962=SECURITY_CLASSIFICATION('','',#13961);
#13963=CC_DESIGN_SECURITY_CLASSIFICATION(#13962,(#13954));
#13964=APPROVAL_STATUS('approved');
#13965=APPROVAL(#13964,'');
#13966=CC_DESIGN_APPROVAL(#13965,(#13962,#13954,#13955));
#13967=CALENDAR_DATE(125,11,11);
#13968=COORDINATED_UNIVERSAL_TIME_OFFSET(8,0,.AHEAD.);
#13969=LOCAL_TIME(15,48,2.8E1,#13968);
#13970=DATE_AND_TIME(#13967,#13969);
#13971=APPROVAL_DATE_TIME(#13970,#13965);
#13972=DATE_TIME_ROLE('creation_date');
#13973=CC_DESIGN_DATE_AND_TIME_ASSIGNMENT(#13970,#13972,(#13955));
#13974=DATE_TIME_ROLE('classification_date');
#13975=CC_DESIGN_DATE_AND_TIME_ASSIGNMENT(#13970,#13974,(#13962));
#13976=PERSON('UNSPECIFIED','UNSPECIFIED',$,$,$,$);
#13977=ORGANIZATION('UNSPECIFIED','UNSPECIFIED','UNSPECIFIED');
#13978=PERSON_AND_ORGANIZATION(#13976,#13977);
#13979=APPROVAL_ROLE('approver');
#13980=APPROVAL_PERSON_ORGANIZATION(#13978,#13965,#13979);
#13981=PERSON_AND_ORGANIZATION_ROLE('creator');
#13982=CC_DESIGN_PERSON_AND_ORGANIZATION_ASSIGNMENT(#13978,#13981,(#13954,
#13955));
#13983=PERSON_AND_ORGANIZATION_ROLE('design_supplier');
#13984=CC_DESIGN_PERSON_AND_ORGANIZATION_ASSIGNMENT(#13978,#13983,(#13954));
#13985=PERSON_AND_ORGANIZATION_ROLE('classification_officer');
#13986=CC_DESIGN_PERSON_AND_ORGANIZATION_ASSIGNMENT(#13978,#13985,(#13962));
#13987=PERSON_AND_ORGANIZATION_ROLE('design_owner');
#13988=CC_DESIGN_PERSON_AND_ORGANIZATION_ASSIGNMENT(#13978,#13987,(#13953));
#17=CIRCLE('',#16,4.999999999997E-1);
#34=CIRCLE('',#33,5.E-1);
#43=CIRCLE('',#42,2.05E0);
#48=CIRCLE('',#47,2.05E0);
#53=CIRCLE('',#52,2.05E0);
#58=CIRCLE('',#57,2.05E0);
#71=CIRCLE('',#70,5.E-1);
#76=CIRCLE('',#75,4.999999999997E-1);
#98=B_SPLINE_CURVE_WITH_KNOTS('',3,(#89,#90,#91,#92,#93,#94,#95,#96,#97),
.UNSPECIFIED.,.F.,.F.,(4,1,1,1,1,1,4),(0.E0,3.232186048231E-1,4.975216838909E-1,
6.718247629586E-1,8.354314358102E-1,9.176857071948E-1,1.E0),.UNSPECIFIED.);
#111=B_SPLINE_CURVE_WITH_KNOTS('',3,(#103,#104,#105,#106,#107,#108,#109,#110),
.UNSPECIFIED.,.F.,.F.,(4,1,1,1,1,4),(0.E0,8.227407821868E-2,1.644855513811E-1,
3.280080575607E-1,6.766169173290E-1,1.E0),.UNSPECIFIED.);
#120=CIRCLE('',#119,7.998334029458E-2);
#131=B_SPLINE_CURVE_WITH_KNOTS('',3,(#125,#126,#127,#128,#129,#130),
.UNSPECIFIED.,.F.,.F.,(4,1,1,4),(0.E0,3.291377467617E-1,6.708975447131E-1,1.E0),
.UNSPECIFIED.);
#145=B_SPLINE_CURVE_WITH_KNOTS('',3,(#136,#137,#138,#139,#140,#141,#142,#143,
#144),.UNSPECIFIED.,.F.,.F.,(4,1,1,1,1,1,4),(0.E0,3.301852439170E-1,
6.739712947123E-1,8.365078111273E-1,9.182240824986E-1,9.591075523770E-1,1.E0),
.UNSPECIFIED.);
#158=B_SPLINE_CURVE_WITH_KNOTS('',3,(#150,#151,#152,#153,#154,#155,#156,#157),
.UNSPECIFIED.,.F.,.F.,(4,1,1,1,1,4),(0.E0,8.226488356160E-2,1.644698231336E-1,
3.279792192555E-1,6.765887396145E-1,1.E0),.UNSPECIFIED.);
#174=B_SPLINE_CURVE_WITH_KNOTS('',3,(#163,#164,#165,#166,#167,#168,#169,#170,
#171,#172,#173),.UNSPECIFIED.,.F.,.F.,(4,1,1,1,1,1,1,1,4),(0.E0,
1.640546994715E-1,3.191922627546E-1,4.063460849679E-1,4.927352615788E-1,
5.817096636180E-1,6.714730302329E-1,8.327429207234E-1,1.E0),.UNSPECIFIED.);
#187=B_SPLINE_CURVE_WITH_KNOTS('',3,(#179,#180,#181,#182,#183,#184,#185,#186),
.UNSPECIFIED.,.F.,.F.,(4,1,1,1,1,4),(0.E0,3.232303259621E-1,6.718377093574E-1,
8.354378905853E-1,9.176889274599E-1,1.E0),.UNSPECIFIED.);
#200=B_SPLINE_CURVE_WITH_KNOTS('',3,(#192,#193,#194,#195,#196,#197,#198,#199),
.UNSPECIFIED.,.F.,.F.,(4,1,1,1,1,4),(0.E0,8.226485270017E-2,1.644697615075E-1,
3.279790968341E-1,6.765884861885E-1,1.E0),.UNSPECIFIED.);
#211=B_SPLINE_CURVE_WITH_KNOTS('',3,(#205,#206,#207,#208,#209,#210),
.UNSPECIFIED.,.F.,.F.,(4,1,1,4),(0.E0,3.275900446871E-1,6.692000710068E-1,1.E0),
.UNSPECIFIED.);
#220=CIRCLE('',#219,7.998347651673E-2);
#237=B_SPLINE_CURVE_WITH_KNOTS('',3,(#229,#230,#231,#232,#233,#234,#235,#236),
.UNSPECIFIED.,.F.,.F.,(4,1,1,1,1,4),(0.E0,8.227498855361E-2,1.644900422911E-1,
3.280197281819E-1,6.766298206848E-1,1.E0),.UNSPECIFIED.);
#250=B_SPLINE_CURVE_WITH_KNOTS('',3,(#242,#243,#244,#245,#246,#247,#248,#249),
.UNSPECIFIED.,.F.,.F.,(4,1,1,1,1,4),(0.E0,3.232031996720E-1,6.718102265091E-1,
8.354241718263E-1,9.176820710797E-1,1.E0),.UNSPECIFIED.);
#263=B_SPLINE_CURVE_WITH_KNOTS('',3,(#255,#256,#257,#258,#259,#260,#261,#262),
.UNSPECIFIED.,.F.,.F.,(4,1,1,1,1,4),(0.E0,8.227165094400E-2,1.644833639750E-1,
3.280063472478E-1,6.766162239404E-1,1.E0),.UNSPECIFIED.);
#279=B_SPLINE_CURVE_WITH_KNOTS('',3,(#268,#269,#270,#271,#272,#273,#274,#275,
#276,#277,#278),.UNSPECIFIED.,.F.,.F.,(4,1,1,1,1,1,1,1,4),(0.E0,
1.640526895785E-1,3.191877110233E-1,4.063401039412E-1,4.927278811366E-1,
5.817040353578E-1,6.714691186299E-1,8.327438295470E-1,1.E0),.UNSPECIFIED.);
#292=B_SPLINE_CURVE_WITH_KNOTS('',3,(#284,#285,#286,#287,#288,#289,#290,#291),
.UNSPECIFIED.,.F.,.F.,(4,1,1,1,1,4),(0.E0,3.232168904245E-1,6.718239257068E-1,
8.354310103956E-1,9.176854888252E-1,1.E0),.UNSPECIFIED.);
#305=B_SPLINE_CURVE_WITH_KNOTS('',3,(#297,#298,#299,#300,#301,#302,#303,#304),
.UNSPECIFIED.,.F.,.F.,(4,1,1,1,1,4),(0.E0,8.227162853705E-2,1.644833192050E-1,
3.280062579899E-1,6.766160391955E-1,1.E0),.UNSPECIFIED.);
#318=B_SPLINE_CURVE_WITH_KNOTS('',3,(#310,#311,#312,#313,#314,#315,#316,#317),
.UNSPECIFIED.,.F.,.F.,(4,1,1,1,1,4),(0.E0,3.232168183240E-1,6.718238908547E-1,
8.354309929026E-1,9.176854800641E-1,1.E0),.UNSPECIFIED.);
#331=B_SPLINE_CURVE_WITH_KNOTS('',3,(#323,#324,#325,#326,#327,#328,#329,#330),
.UNSPECIFIED.,.F.,.F.,(4,1,1,1,1,4),(0.E0,8.227501112140E-2,1.644900873806E-1,
3.280198180838E-1,6.766300059984E-1,1.E0),.UNSPECIFIED.);
#347=B_SPLINE_CURVE_WITH_KNOTS('',3,(#336,#337,#338,#339,#340,#341,#342,#343,
#344,#345,#346),.UNSPECIFIED.,.F.,.F.,(4,1,1,1,1,1,1,1,4),(0.E0,
1.640548626156E-1,3.191931039939E-1,4.063469714613E-1,4.927363520863E-1,
5.817106668986E-1,6.714737639296E-1,8.327432501230E-1,1.E0),.UNSPECIFIED.);
#360=B_SPLINE_CURVE_WITH_KNOTS('',3,(#352,#353,#354,#355,#356,#357,#358,#359),
.UNSPECIFIED.,.F.,.F.,(4,1,1,1,1,4),(0.E0,3.232032716884E-1,6.718102616921E-1,
8.354241896889E-1,9.176820802257E-1,1.E0),.UNSPECIFIED.);
#367=B_SPLINE_CURVE_WITH_KNOTS('',3,(#361,#362,#363,#364,#365,#366),
.UNSPECIFIED.,.F.,.F.,(4,1,1,4),(0.E0,3.291608737670E-1,6.709206884834E-1,1.E0),
.UNSPECIFIED.);
#378=B_SPLINE_CURVE_WITH_KNOTS('',3,(#372,#373,#374,#375,#376,#377),
.UNSPECIFIED.,.F.,.F.,(4,1,1,4),(0.E0,3.292001084675E-1,6.709610200578E-1,1.E0),
.UNSPECIFIED.);
#390=B_SPLINE_CURVE_WITH_KNOTS('',3,(#383,#384,#385,#386,#387,#388,#389),
.UNSPECIFIED.,.F.,.F.,(4,1,1,1,4),(0.E0,3.324653816005E-1,6.676625840717E-1,
8.338248902420E-1,1.E0),.UNSPECIFIED.);
#402=B_SPLINE_CURVE_WITH_KNOTS('',3,(#395,#396,#397,#398,#399,#400,#401),
.UNSPECIFIED.,.F.,.F.,(4,1,1,1,4),(0.E0,1.663383462985E-1,3.326641189899E-1,
6.681358700635E-1,1.E0),.UNSPECIFIED.);
#413=B_SPLINE_CURVE_WITH_KNOTS('',3,(#407,#408,#409,#410,#411,#412),
.UNSPECIFIED.,.F.,.F.,(4,1,1,4),(0.E0,3.279509340665E-1,6.702878199640E-1,1.E0),
.UNSPECIFIED.);
#426=B_SPLINE_CURVE_WITH_KNOTS('',3,(#418,#419,#420,#421,#422,#423,#424,#425),
.UNSPECIFIED.,.F.,.F.,(4,1,1,1,1,4),(0.E0,3.232167702159E-1,6.718239186348E-1,
8.354310126316E-1,9.176854956400E-1,1.E0),.UNSPECIFIED.);
#439=B_SPLINE_CURVE_WITH_KNOTS('',3,(#431,#432,#433,#434,#435,#436,#437,#438),
.UNSPECIFIED.,.F.,.F.,(4,1,1,1,1,4),(0.E0,8.227406769382E-2,1.644855302197E-1,
3.280080155036E-1,6.766169505054E-1,1.E0),.UNSPECIFIED.);
#448=CIRCLE('',#447,7.999290916452E-2);
#460=B_SPLINE_CURVE_WITH_KNOTS('',3,(#453,#454,#455,#456,#457,#458,#459),
.UNSPECIFIED.,.F.,.F.,(4,1,1,1,4),(0.E0,1.663253816989E-1,3.326377475548E-1,
6.678357844405E-1,1.E0),.UNSPECIFIED.);
#471=B_SPLINE_CURVE_WITH_KNOTS('',3,(#465,#466,#467,#468,#469,#470),
.UNSPECIFIED.,.F.,.F.,(4,1,1,4),(0.E0,3.291502228934E-1,6.709282629254E-1,1.E0),
.UNSPECIFIED.);
#483=B_SPLINE_CURVE_WITH_KNOTS('',3,(#476,#477,#478,#479,#480,#481,#482),
.UNSPECIFIED.,.F.,.F.,(4,1,1,1,4),(0.E0,3.270457578379E-1,6.558341570128E-1,
8.278993293044E-1,1.E0),.UNSPECIFIED.);
#494=B_SPLINE_CURVE_WITH_KNOTS('',3,(#488,#489,#490,#491,#492,#493),
.UNSPECIFIED.,.F.,.F.,(4,1,1,4),(0.E0,3.291146356938E-1,6.708854892508E-1,1.E0),
.UNSPECIFIED.);
#505=B_SPLINE_CURVE_WITH_KNOTS('',3,(#499,#500,#501,#502,#503,#504),
.UNSPECIFIED.,.F.,.F.,(4,1,1,4),(0.E0,3.291154064490E-1,6.708862546092E-1,1.E0),
.UNSPECIFIED.);
#517=B_SPLINE_CURVE_WITH_KNOTS('',3,(#510,#511,#512,#513,#514,#515,#516),
.UNSPECIFIED.,.F.,.F.,(4,1,1,1,4),(0.E0,1.650359976584E-1,3.300173068699E-1,
6.589729860428E-1,1.E0),.UNSPECIFIED.);
#528=B_SPLINE_CURVE_WITH_KNOTS('',3,(#522,#523,#524,#525,#526,#527),
.UNSPECIFIED.,.F.,.F.,(4,1,1,4),(0.E0,3.290985041843E-1,6.709026122998E-1,1.E0),
.UNSPECIFIED.);
#540=B_SPLINE_CURVE_WITH_KNOTS('',3,(#533,#534,#535,#536,#537,#538,#539),
.UNSPECIFIED.,.F.,.F.,(4,1,1,1,4),(0.E0,2.311825307568E-1,5.008168854981E-1,
7.700358844662E-1,1.E0),.UNSPECIFIED.);
#551=B_SPLINE_CURVE_WITH_KNOTS('',3,(#545,#546,#547,#548,#549,#550),
.UNSPECIFIED.,.F.,.F.,(4,1,1,4),(0.E0,3.283628152548E-1,6.704605581989E-1,1.E0),
.UNSPECIFIED.);
#564=B_SPLINE_CURVE_WITH_KNOTS('',3,(#556,#557,#558,#559,#560,#561,#562,#563),
.UNSPECIFIED.,.F.,.F.,(4,1,1,1,1,4),(0.E0,3.232167816696E-1,6.718239259257E-1,
8.354310106211E-1,9.176854889486E-1,1.E0),.UNSPECIFIED.);
#577=B_SPLINE_CURVE_WITH_KNOTS('',3,(#569,#570,#571,#572,#573,#574,#575,#576),
.UNSPECIFIED.,.F.,.F.,(4,1,1,1,1,4),(0.E0,8.227162960492E-2,1.644833213109E-1,
3.280062624542E-1,6.766161700678E-1,1.E0),.UNSPECIFIED.);
#593=B_SPLINE_CURVE_WITH_KNOTS('',3,(#582,#583,#584,#585,#586,#587,#588,#589,
#590,#591,#592),.UNSPECIFIED.,.F.,.F.,(4,1,1,1,1,1,1,1,4),(0.E0,
1.640523165039E-1,3.191879816062E-1,4.063404925352E-1,4.927284767177E-1,
5.817046276816E-1,6.714696056325E-1,8.327443072278E-1,1.E0),.UNSPECIFIED.);
#606=B_SPLINE_CURVE_WITH_KNOTS('',3,(#598,#599,#600,#601,#602,#603,#604,#605),
.UNSPECIFIED.,.F.,.F.,(4,1,1,1,1,4),(0.E0,3.232167940030E-1,6.718239321811E-1,
8.354310139874E-1,9.176854908815E-1,1.E0),.UNSPECIFIED.);
#619=B_SPLINE_CURVE_WITH_KNOTS('',3,(#611,#612,#613,#614,#615,#616,#617,#618),
.UNSPECIFIED.,.F.,.F.,(4,1,1,1,1,4),(0.E0,8.227160642148E-2,1.644832750391E-1,
3.280061702447E-1,6.766159786882E-1,1.E0),.UNSPECIFIED.);
#630=B_SPLINE_CURVE_WITH_KNOTS('',3,(#624,#625,#626,#627,#628,#629),
.UNSPECIFIED.,.F.,.F.,(4,1,1,4),(0.E0,3.281269758494E-1,6.698064265248E-1,1.E0),
.UNSPECIFIED.);
#642=B_SPLINE_CURVE_WITH_KNOTS('',3,(#635,#636,#637,#638,#639,#640,#641),
.UNSPECIFIED.,.F.,.F.,(4,1,1,1,4),(0.E0,3.331833069989E-1,6.685089666145E-1,
8.342412259976E-1,1.E0),.UNSPECIFIED.);
#654=B_SPLINE_CURVE_WITH_KNOTS('',3,(#647,#648,#649,#650,#651,#652,#653),
.UNSPECIFIED.,.F.,.F.,(4,1,1,1,4),(0.E0,1.663622630886E-1,3.327123572681E-1,
6.679113328955E-1,1.E0),.UNSPECIFIED.);
#671=B_SPLINE_CURVE_WITH_KNOTS('',3,(#663,#664,#665,#666,#667,#668,#669,#670),
.UNSPECIFIED.,.F.,.F.,(4,1,1,1,1,4),(0.E0,8.226486326277E-2,1.644697863121E-1,
3.279791495646E-1,6.765885968671E-1,1.E0),.UNSPECIFIED.);
#684=B_SPLINE_CURVE_WITH_KNOTS('',3,(#676,#677,#678,#679,#680,#681,#682,#683),
.UNSPECIFIED.,.F.,.F.,(4,1,1,1,1,4),(0.E0,3.232164371442E-1,6.718234987568E-1,
8.354307955735E-1,9.176853800662E-1,1.E0),.UNSPECIFIED.);
#697=B_SPLINE_CURVE_WITH_KNOTS('',3,(#689,#690,#691,#692,#693,#694,#695,#696),
.UNSPECIFIED.,.F.,.F.,(4,1,1,1,1,4),(0.E0,8.227495980739E-2,1.644899791649E-1,
3.280195950341E-1,6.766296873558E-1,1.E0),.UNSPECIFIED.);
#712=B_SPLINE_CURVE_WITH_KNOTS('',3,(#702,#703,#704,#705,#706,#707,#708,#709,
#710,#711),.UNSPECIFIED.,.F.,.F.,(4,1,1,1,1,1,1,4),(0.E0,2.077370470770E-1,
4.109296928363E-1,5.097542059066E-1,5.591257669563E-1,6.084981178193E-1,
7.956351895882E-1,1.E0),.UNSPECIFIED.);
#725=B_SPLINE_CURVE_WITH_KNOTS('',3,(#717,#718,#719,#720,#721,#722,#723,#724),
.UNSPECIFIED.,.F.,.F.,(4,1,1,1,1,4),(0.E0,3.247789391653E-1,6.718090358084E-1,
8.355909699659E-1,9.177637509769E-1,1.E0),.UNSPECIFIED.);
#738=B_SPLINE_CURVE_WITH_KNOTS('',3,(#730,#731,#732,#733,#734,#735,#736,#737),
.UNSPECIFIED.,.F.,.F.,(4,1,1,1,1,4),(0.E0,8.219435504517E-2,1.643284128695E-1,
3.276906514215E-1,6.768831783824E-1,1.E0),.UNSPECIFIED.);
#751=B_SPLINE_CURVE_WITH_KNOTS('',3,(#743,#744,#745,#746,#747,#748,#749,#750),
.UNSPECIFIED.,.F.,.F.,(4,1,1,1,1,4),(0.E0,3.232438946138E-1,6.718513433890E-1,
8.354446963806E-1,9.176923275289E-1,1.E0),.UNSPECIFIED.);
#764=B_SPLINE_CURVE_WITH_KNOTS('',3,(#756,#757,#758,#759,#760,#761,#762,#763),
.UNSPECIFIED.,.F.,.F.,(4,1,1,1,1,4),(0.E0,8.226823030356E-2,1.644765142802E-1,
3.279926203289E-1,6.766023738592E-1,1.E0),.UNSPECIFIED.);
#778=B_SPLINE_CURVE_WITH_KNOTS('',3,(#769,#770,#771,#772,#773,#774,#775,#776,
#777),.UNSPECIFIED.,.F.,.F.,(4,1,1,1,1,1,4),(0.E0,2.138226072784E-1,
4.113861113227E-1,5.081168500792E-1,6.047980823852E-1,7.978670078043E-1,1.E0),
.UNSPECIFIED.);
#791=B_SPLINE_CURVE_WITH_KNOTS('',3,(#783,#784,#785,#786,#787,#788,#789,#790),
.UNSPECIFIED.,.F.,.F.,(4,1,1,1,1,4),(0.E0,3.279888472865E-1,6.722494183244E-1,
8.358010550896E-1,9.178674042712E-1,1.E0),.UNSPECIFIED.);
#799=B_SPLINE_CURVE_WITH_KNOTS('',3,(#792,#793,#794,#795,#796,#797,#798),
.UNSPECIFIED.,.F.,.F.,(4,1,1,1,4),(0.E0,1.650365782599E-1,3.300177733045E-1,
6.589732240295E-1,1.E0),.UNSPECIFIED.);
#810=B_SPLINE_CURVE_WITH_KNOTS('',3,(#804,#805,#806,#807,#808,#809),
.UNSPECIFIED.,.F.,.F.,(4,1,1,4),(0.E0,3.290985033704E-1,6.709026113876E-1,1.E0),
.UNSPECIFIED.);
#822=B_SPLINE_CURVE_WITH_KNOTS('',3,(#815,#816,#817,#818,#819,#820,#821),
.UNSPECIFIED.,.F.,.F.,(4,1,1,1,4),(0.E0,2.311826150302E-1,5.008170697537E-1,
7.700361704547E-1,1.E0),.UNSPECIFIED.);
#833=B_SPLINE_CURVE_WITH_KNOTS('',3,(#827,#828,#829,#830,#831,#832),
.UNSPECIFIED.,.F.,.F.,(4,1,1,4),(0.E0,3.291302112564E-1,6.709184470551E-1,1.E0),
.UNSPECIFIED.);
#845=B_SPLINE_CURVE_WITH_KNOTS('',3,(#838,#839,#840,#841,#842,#843,#844),
.UNSPECIFIED.,.F.,.F.,(4,1,1,1,4),(0.E0,3.270457558324E-1,6.558341554336E-1,
8.278993289689E-1,1.E0),.UNSPECIFIED.);
#856=B_SPLINE_CURVE_WITH_KNOTS('',3,(#850,#851,#852,#853,#854,#855),
.UNSPECIFIED.,.F.,.F.,(4,1,1,4),(0.E0,3.291146346533E-1,6.708854889733E-1,1.E0),
.UNSPECIFIED.);
#867=B_SPLINE_CURVE_WITH_KNOTS('',3,(#861,#862,#863,#864,#865,#866),
.UNSPECIFIED.,.F.,.F.,(4,1,1,4),(0.E0,3.291154103678E-1,6.708862636050E-1,1.E0),
.UNSPECIFIED.);
#880=CIRCLE('',#879,4.E-1);
#885=CIRCLE('',#884,4.E-1);
#894=CIRCLE('',#893,4.E-1);
#903=CIRCLE('',#902,4.E-1);
#908=CIRCLE('',#907,4.E-1);
#917=CIRCLE('',#916,4.E-1);
#926=CIRCLE('',#925,4.E-1);
#931=CIRCLE('',#930,4.E-1);
#940=CIRCLE('',#939,4.E-1);
#949=CIRCLE('',#948,4.E-1);
#954=CIRCLE('',#953,4.E-1);
#963=CIRCLE('',#962,4.E-1);
#976=CIRCLE('',#975,2.55E0);
#981=CIRCLE('',#980,2.55E0);
#986=CIRCLE('',#985,2.55E0);
#991=CIRCLE('',#990,2.55E0);
#996=CIRCLE('',#995,2.55E0);
#1001=CIRCLE('',#1000,2.55E0);
#1006=CIRCLE('',#1005,2.55E0);
#1011=CIRCLE('',#1010,2.55E0);
#1016=CIRCLE('',#1015,2.55E0);
#1021=CIRCLE('',#1020,2.55E0);
#1026=CIRCLE('',#1025,2.55E0);
#1031=CIRCLE('',#1030,2.55E0);
#1036=CIRCLE('',#1035,2.55E0);
#1041=CIRCLE('',#1040,2.55E0);
#1046=CIRCLE('',#1045,2.55E0);
#1051=CIRCLE('',#1050,2.55E0);
#1056=CIRCLE('',#1055,2.55E0);
#1061=CIRCLE('',#1060,2.55E0);
#1066=CIRCLE('',#1065,2.55E0);
#1071=CIRCLE('',#1070,2.55E0);
#1076=CIRCLE('',#1075,2.55E0);
#1081=CIRCLE('',#1080,2.55E0);
#1086=CIRCLE('',#1085,2.55E0);
#1091=CIRCLE('',#1090,2.55E0);
#1096=CIRCLE('',#1095,2.55E0);
#1101=CIRCLE('',#1100,2.55E0);
#1106=CIRCLE('',#1105,2.55E0);
#1111=CIRCLE('',#1110,2.55E0);
#1116=CIRCLE('',#1115,2.55E0);
#1121=CIRCLE('',#1120,2.55E0);
#1126=CIRCLE('',#1125,2.55E0);
#1131=CIRCLE('',#1130,2.55E0);
#1136=CIRCLE('',#1135,2.55E0);
#1141=CIRCLE('',#1140,2.55E0);
#1146=CIRCLE('',#1145,2.55E0);
#1151=CIRCLE('',#1150,2.55E0);
#1156=CIRCLE('',#1155,2.55E0);
#1161=CIRCLE('',#1160,2.55E0);
#1166=CIRCLE('',#1165,2.55E0);
#1171=CIRCLE('',#1170,2.55E0);
#1176=CIRCLE('',#1175,2.55E0);
#1181=CIRCLE('',#1180,2.55E0);
#1186=CIRCLE('',#1185,2.55E0);
#1191=CIRCLE('',#1190,2.55E0);
#1196=CIRCLE('',#1195,2.55E0);
#1201=CIRCLE('',#1200,2.55E0);
#1206=CIRCLE('',#1205,2.55E0);
#1211=CIRCLE('',#1210,2.55E0);
#1216=CIRCLE('',#1215,2.55E0);
#1221=CIRCLE('',#1220,2.55E0);
#1226=CIRCLE('',#1225,2.55E0);
#1231=CIRCLE('',#1230,2.55E0);
#1236=CIRCLE('',#1235,2.55E0);
#1241=CIRCLE('',#1240,2.55E0);
#1246=CIRCLE('',#1245,2.55E0);
#1251=CIRCLE('',#1250,2.55E0);
#1256=CIRCLE('',#1255,2.55E0);
#1261=CIRCLE('',#1260,2.55E0);
#1266=CIRCLE('',#1265,2.55E0);
#1271=CIRCLE('',#1270,2.55E0);
#1276=CIRCLE('',#1275,2.55E0);
#1281=CIRCLE('',#1280,2.55E0);
#1286=CIRCLE('',#1285,2.55E0);
#1291=CIRCLE('',#1290,2.55E0);
#1296=CIRCLE('',#1295,2.55E0);
#1301=CIRCLE('',#1300,2.55E0);
#1306=CIRCLE('',#1305,2.55E0);
#1311=CIRCLE('',#1310,2.55E0);
#1316=CIRCLE('',#1315,2.55E0);
#1321=CIRCLE('',#1320,2.55E0);
#1326=CIRCLE('',#1325,2.55E0);
#1331=CIRCLE('',#1330,2.55E0);
#1336=CIRCLE('',#1335,2.55E0);
#1341=CIRCLE('',#1340,2.55E0);
#1346=CIRCLE('',#1345,2.55E0);
#1351=CIRCLE('',#1350,2.55E0);
#1356=CIRCLE('',#1355,2.55E0);
#1361=CIRCLE('',#1360,2.55E0);
#1366=CIRCLE('',#1365,2.55E0);
#1371=CIRCLE('',#1370,2.55E0);
#1376=CIRCLE('',#1375,2.55E0);
#1381=CIRCLE('',#1380,2.55E0);
#1386=CIRCLE('',#1385,2.55E0);
#1391=CIRCLE('',#1390,2.55E0);
#1428=CIRCLE('',#1427,2.55E0);
#1433=CIRCLE('',#1432,2.55E0);
#1438=CIRCLE('',#1437,5.E-1);
#1443=CIRCLE('',#1442,2.55E0);
#1448=CIRCLE('',#1447,2.55E0);
#1453=CIRCLE('',#1452,5.E-1);
#1458=CIRCLE('',#1457,2.05E0);
#1463=CIRCLE('',#1462,2.05E0);
#1468=CIRCLE('',#1467,2.05E0);
#1473=CIRCLE('',#1472,2.05E0);
#1486=CIRCLE('',#1485,2.55E0);
#1491=CIRCLE('',#1490,2.55E0);
#1496=CIRCLE('',#1495,5.E-1);
#1501=CIRCLE('',#1500,2.55E0);
#1506=CIRCLE('',#1505,2.55E0);
#1511=CIRCLE('',#1510,5.E-1);
#1516=CIRCLE('',#1515,2.05E0);
#1521=CIRCLE('',#1520,2.05E0);
#1526=CIRCLE('',#1525,2.05E0);
#1531=CIRCLE('',#1530,2.05E0);
#1544=CIRCLE('',#1543,2.55E0);
#1549=CIRCLE('',#1548,2.55E0);
#1554=CIRCLE('',#1553,5.E-1);
#1559=CIRCLE('',#1558,2.55E0);
#1564=CIRCLE('',#1563,2.55E0);
#1569=CIRCLE('',#1568,5.E-1);
#1574=CIRCLE('',#1573,2.05E0);
#1579=CIRCLE('',#1578,2.05E0);
#1584=CIRCLE('',#1583,2.05E0);
#1589=CIRCLE('',#1588,2.05E0);
#1602=CIRCLE('',#1601,2.55E0);
#1607=CIRCLE('',#1606,2.55E0);
#1612=CIRCLE('',#1611,5.E-1);
#1617=CIRCLE('',#1616,2.55E0);
#1622=CIRCLE('',#1621,2.55E0);
#1627=CIRCLE('',#1626,5.E-1);
#1632=CIRCLE('',#1631,2.05E0);
#1637=CIRCLE('',#1636,2.05E0);
#1642=CIRCLE('',#1641,2.05E0);
#1647=CIRCLE('',#1646,2.05E0);
#1660=CIRCLE('',#1659,2.55E0);
#1665=CIRCLE('',#1664,2.55E0);
#1670=CIRCLE('',#1669,5.E-1);
#1675=CIRCLE('',#1674,2.55E0);
#1680=CIRCLE('',#1679,2.55E0);
#1685=CIRCLE('',#1684,5.E-1);
#1690=CIRCLE('',#1689,2.05E0);
#1695=CIRCLE('',#1694,2.05E0);
#1700=CIRCLE('',#1699,2.05E0);
#1705=CIRCLE('',#1704,2.05E0);
#1718=CIRCLE('',#1717,2.55E0);
#1723=CIRCLE('',#1722,2.55E0);
#1728=CIRCLE('',#1727,5.E-1);
#1733=CIRCLE('',#1732,2.55E0);
#1738=CIRCLE('',#1737,2.55E0);
#1743=CIRCLE('',#1742,5.E-1);
#1748=CIRCLE('',#1747,2.05E0);
#1753=CIRCLE('',#1752,2.05E0);
#1758=CIRCLE('',#1757,2.05E0);
#1763=CIRCLE('',#1762,2.05E0);
#1776=CIRCLE('',#1775,2.55E0);
#1781=CIRCLE('',#1780,2.55E0);
#1786=CIRCLE('',#1785,5.E-1);
#1791=CIRCLE('',#1790,2.55E0);
#1796=CIRCLE('',#1795,2.55E0);
#1801=CIRCLE('',#1800,5.E-1);
#1806=CIRCLE('',#1805,2.05E0);
#1811=CIRCLE('',#1810,2.05E0);
#1816=CIRCLE('',#1815,2.05E0);
#1821=CIRCLE('',#1820,2.05E0);
#1834=CIRCLE('',#1833,2.55E0);
#1839=CIRCLE('',#1838,2.55E0);
#1844=CIRCLE('',#1843,5.E-1);
#1849=CIRCLE('',#1848,2.55E0);
#1854=CIRCLE('',#1853,2.55E0);
#1859=CIRCLE('',#1858,5.E-1);
#1864=CIRCLE('',#1863,2.05E0);
#1869=CIRCLE('',#1868,2.05E0);
#1874=CIRCLE('',#1873,2.05E0);
#1879=CIRCLE('',#1878,2.05E0);
#1892=CIRCLE('',#1891,2.55E0);
#1897=CIRCLE('',#1896,2.55E0);
#1902=CIRCLE('',#1901,5.E-1);
#1907=CIRCLE('',#1906,2.55E0);
#1912=CIRCLE('',#1911,2.55E0);
#1917=CIRCLE('',#1916,5.E-1);
#1922=CIRCLE('',#1921,2.05E0);
#1927=CIRCLE('',#1926,2.05E0);
#1932=CIRCLE('',#1931,2.05E0);
#1937=CIRCLE('',#1936,2.05E0);
#1950=CIRCLE('',#1949,2.55E0);
#1955=CIRCLE('',#1954,2.55E0);
#1960=CIRCLE('',#1959,5.E-1);
#1965=CIRCLE('',#1964,2.55E0);
#1970=CIRCLE('',#1969,2.55E0);
#1975=CIRCLE('',#1974,5.E-1);
#1980=CIRCLE('',#1979,2.05E0);
#1985=CIRCLE('',#1984,2.05E0);
#1990=CIRCLE('',#1989,2.05E0);
#1995=CIRCLE('',#1994,2.05E0);
#2008=CIRCLE('',#2007,2.55E0);
#2013=CIRCLE('',#2012,2.55E0);
#2018=CIRCLE('',#2017,5.E-1);
#2023=CIRCLE('',#2022,2.55E0);
#2028=CIRCLE('',#2027,2.55E0);
#2033=CIRCLE('',#2032,5.E-1);
#2038=CIRCLE('',#2037,2.05E0);
#2043=CIRCLE('',#2042,2.05E0);
#2048=CIRCLE('',#2047,2.05E0);
#2053=CIRCLE('',#2052,2.05E0);
#2066=CIRCLE('',#2065,2.55E0);
#2071=CIRCLE('',#2070,2.55E0);
#2076=CIRCLE('',#2075,5.E-1);
#2081=CIRCLE('',#2080,2.55E0);
#2086=CIRCLE('',#2085,2.55E0);
#2091=CIRCLE('',#2090,5.E-1);
#2096=CIRCLE('',#2095,2.05E0);
#2101=CIRCLE('',#2100,2.05E0);
#2106=CIRCLE('',#2105,2.05E0);
#2111=CIRCLE('',#2110,2.05E0);
#2124=CIRCLE('',#2123,2.55E0);
#2129=CIRCLE('',#2128,2.55E0);
#2134=CIRCLE('',#2133,5.E-1);
#2139=CIRCLE('',#2138,2.55E0);
#2144=CIRCLE('',#2143,2.55E0);
#2149=CIRCLE('',#2148,5.E-1);
#2154=CIRCLE('',#2153,2.05E0);
#2159=CIRCLE('',#2158,2.05E0);
#2164=CIRCLE('',#2163,2.05E0);
#2169=CIRCLE('',#2168,2.05E0);
#2182=CIRCLE('',#2181,2.55E0);
#2187=CIRCLE('',#2186,2.55E0);
#2192=CIRCLE('',#2191,5.E-1);
#2197=CIRCLE('',#2196,2.55E0);
#2202=CIRCLE('',#2201,2.55E0);
#2207=CIRCLE('',#2206,5.E-1);
#2212=CIRCLE('',#2211,2.05E0);
#2217=CIRCLE('',#2216,2.05E0);
#2222=CIRCLE('',#2221,2.05E0);
#2227=CIRCLE('',#2226,2.05E0);
#2240=CIRCLE('',#2239,2.55E0);
#2245=CIRCLE('',#2244,2.55E0);
#2250=CIRCLE('',#2249,5.E-1);
#2255=CIRCLE('',#2254,2.55E0);
#2260=CIRCLE('',#2259,2.55E0);
#2265=CIRCLE('',#2264,5.E-1);
#2270=CIRCLE('',#2269,2.05E0);
#2275=CIRCLE('',#2274,2.05E0);
#2280=CIRCLE('',#2279,2.05E0);
#2285=CIRCLE('',#2284,2.05E0);
#2298=CIRCLE('',#2297,2.55E0);
#2303=CIRCLE('',#2302,2.55E0);
#2308=CIRCLE('',#2307,5.E-1);
#2313=CIRCLE('',#2312,2.55E0);
#2318=CIRCLE('',#2317,2.55E0);
#2323=CIRCLE('',#2322,5.E-1);
#2328=CIRCLE('',#2327,2.05E0);
#2333=CIRCLE('',#2332,2.05E0);
#2338=CIRCLE('',#2337,2.05E0);
#2343=CIRCLE('',#2342,2.05E0);
#2356=CIRCLE('',#2355,2.55E0);
#2361=CIRCLE('',#2360,2.55E0);
#2366=CIRCLE('',#2365,5.E-1);
#2371=CIRCLE('',#2370,2.55E0);
#2376=CIRCLE('',#2375,2.55E0);
#2381=CIRCLE('',#2380,5.E-1);
#2386=CIRCLE('',#2385,2.05E0);
#2391=CIRCLE('',#2390,2.05E0);
#2396=CIRCLE('',#2395,2.05E0);
#2401=CIRCLE('',#2400,2.05E0);
#2414=CIRCLE('',#2413,2.55E0);
#2419=CIRCLE('',#2418,2.55E0);
#2424=CIRCLE('',#2423,5.E-1);
#2429=CIRCLE('',#2428,2.55E0);
#2434=CIRCLE('',#2433,2.55E0);
#2439=CIRCLE('',#2438,5.E-1);
#2444=CIRCLE('',#2443,2.05E0);
#2449=CIRCLE('',#2448,2.05E0);
#2454=CIRCLE('',#2453,2.05E0);
#2459=CIRCLE('',#2458,2.05E0);
#2472=CIRCLE('',#2471,2.55E0);
#2477=CIRCLE('',#2476,2.55E0);
#2482=CIRCLE('',#2481,5.E-1);
#2487=CIRCLE('',#2486,2.55E0);
#2492=CIRCLE('',#2491,2.55E0);
#2497=CIRCLE('',#2496,5.E-1);
#2502=CIRCLE('',#2501,2.05E0);
#2507=CIRCLE('',#2506,2.05E0);
#2512=CIRCLE('',#2511,2.05E0);
#2517=CIRCLE('',#2516,2.05E0);
#2530=CIRCLE('',#2529,2.55E0);
#2535=CIRCLE('',#2534,2.55E0);
#2540=CIRCLE('',#2539,5.E-1);
#2545=CIRCLE('',#2544,2.55E0);
#2550=CIRCLE('',#2549,2.55E0);
#2555=CIRCLE('',#2554,5.E-1);
#2560=CIRCLE('',#2559,2.05E0);
#2565=CIRCLE('',#2564,2.05E0);
#2570=CIRCLE('',#2569,2.05E0);
#2575=CIRCLE('',#2574,2.05E0);
#2588=CIRCLE('',#2587,2.55E0);
#2593=CIRCLE('',#2592,2.55E0);
#2598=CIRCLE('',#2597,5.E-1);
#2603=CIRCLE('',#2602,2.55E0);
#2608=CIRCLE('',#2607,2.55E0);
#2613=CIRCLE('',#2612,5.E-1);
#2618=CIRCLE('',#2617,2.05E0);
#2623=CIRCLE('',#2622,2.05E0);
#2628=CIRCLE('',#2627,2.05E0);
#2633=CIRCLE('',#2632,2.05E0);
#2646=CIRCLE('',#2645,2.55E0);
#2651=CIRCLE('',#2650,2.55E0);
#2656=CIRCLE('',#2655,5.E-1);
#2661=CIRCLE('',#2660,2.55E0);
#2666=CIRCLE('',#2665,2.55E0);
#2671=CIRCLE('',#2670,5.E-1);
#2676=CIRCLE('',#2675,2.05E0);
#2681=CIRCLE('',#2680,2.05E0);
#2686=CIRCLE('',#2685,2.05E0);
#2691=CIRCLE('',#2690,2.05E0);
#2704=CIRCLE('',#2703,2.55E0);
#2709=CIRCLE('',#2708,2.55E0);
#2714=CIRCLE('',#2713,5.E-1);
#2719=CIRCLE('',#2718,2.55E0);
#2724=CIRCLE('',#2723,2.55E0);
#2729=CIRCLE('',#2728,5.E-1);
#2734=CIRCLE('',#2733,2.05E0);
#2739=CIRCLE('',#2738,2.05E0);
#2744=CIRCLE('',#2743,2.05E0);
#2749=CIRCLE('',#2748,2.05E0);
#2762=CIRCLE('',#2761,2.55E0);
#2767=CIRCLE('',#2766,2.55E0);
#2772=CIRCLE('',#2771,5.E-1);
#2777=CIRCLE('',#2776,2.55E0);
#2782=CIRCLE('',#2781,2.55E0);
#2787=CIRCLE('',#2786,5.E-1);
#2792=CIRCLE('',#2791,2.05E0);
#2797=CIRCLE('',#2796,2.05E0);
#2802=CIRCLE('',#2801,2.05E0);
#2807=CIRCLE('',#2806,2.05E0);
#2820=CIRCLE('',#2819,2.55E0);
#2825=CIRCLE('',#2824,2.55E0);
#2830=CIRCLE('',#2829,5.E-1);
#2835=CIRCLE('',#2834,2.55E0);
#2840=CIRCLE('',#2839,2.55E0);
#2845=CIRCLE('',#2844,5.E-1);
#2850=CIRCLE('',#2849,2.05E0);
#2855=CIRCLE('',#2854,2.05E0);
#2860=CIRCLE('',#2859,2.05E0);
#2865=CIRCLE('',#2864,2.05E0);
#2878=CIRCLE('',#2877,2.55E0);
#2883=CIRCLE('',#2882,2.55E0);
#2888=CIRCLE('',#2887,5.E-1);
#2893=CIRCLE('',#2892,2.55E0);
#2898=CIRCLE('',#2897,2.55E0);
#2903=CIRCLE('',#2902,5.E-1);
#2908=CIRCLE('',#2907,2.05E0);
#2913=CIRCLE('',#2912,2.05E0);
#2918=CIRCLE('',#2917,2.05E0);
#2923=CIRCLE('',#2922,2.05E0);
#2936=CIRCLE('',#2935,2.55E0);
#2941=CIRCLE('',#2940,2.55E0);
#2946=CIRCLE('',#2945,5.E-1);
#2951=CIRCLE('',#2950,2.55E0);
#2956=CIRCLE('',#2955,2.55E0);
#2961=CIRCLE('',#2960,5.E-1);
#2966=CIRCLE('',#2965,2.05E0);
#2971=CIRCLE('',#2970,2.05E0);
#2976=CIRCLE('',#2975,2.05E0);
#2981=CIRCLE('',#2980,2.05E0);
#2994=CIRCLE('',#2993,2.55E0);
#2999=CIRCLE('',#2998,2.55E0);
#3004=CIRCLE('',#3003,5.E-1);
#3009=CIRCLE('',#3008,2.55E0);
#3014=CIRCLE('',#3013,2.55E0);
#3019=CIRCLE('',#3018,5.E-1);
#3024=CIRCLE('',#3023,2.05E0);
#3029=CIRCLE('',#3028,2.05E0);
#3034=CIRCLE('',#3033,2.05E0);
#3039=CIRCLE('',#3038,2.05E0);
#3052=CIRCLE('',#3051,2.55E0);
#3057=CIRCLE('',#3056,2.55E0);
#3062=CIRCLE('',#3061,5.E-1);
#3067=CIRCLE('',#3066,2.55E0);
#3072=CIRCLE('',#3071,2.55E0);
#3077=CIRCLE('',#3076,5.E-1);
#3082=CIRCLE('',#3081,2.05E0);
#3087=CIRCLE('',#3086,2.05E0);
#3092=CIRCLE('',#3091,2.05E0);
#3097=CIRCLE('',#3096,2.05E0);
#3110=CIRCLE('',#3109,2.55E0);
#3115=CIRCLE('',#3114,2.55E0);
#3120=CIRCLE('',#3119,5.E-1);
#3125=CIRCLE('',#3124,2.55E0);
#3130=CIRCLE('',#3129,2.55E0);
#3135=CIRCLE('',#3134,5.E-1);
#3140=CIRCLE('',#3139,2.05E0);
#3145=CIRCLE('',#3144,2.05E0);
#3150=CIRCLE('',#3149,2.05E0);
#3155=CIRCLE('',#3154,2.05E0);
#3168=CIRCLE('',#3167,2.55E0);
#3173=CIRCLE('',#3172,2.55E0);
#3178=CIRCLE('',#3177,5.E-1);
#3183=CIRCLE('',#3182,2.55E0);
#3188=CIRCLE('',#3187,2.55E0);
#3193=CIRCLE('',#3192,5.E-1);
#3198=CIRCLE('',#3197,2.05E0);
#3203=CIRCLE('',#3202,2.05E0);
#3208=CIRCLE('',#3207,2.05E0);
#3213=CIRCLE('',#3212,2.05E0);
#3226=CIRCLE('',#3225,2.55E0);
#3231=CIRCLE('',#3230,2.55E0);
#3236=CIRCLE('',#3235,5.E-1);
#3241=CIRCLE('',#3240,2.55E0);
#3246=CIRCLE('',#3245,2.55E0);
#3251=CIRCLE('',#3250,5.E-1);
#3256=CIRCLE('',#3255,2.05E0);
#3261=CIRCLE('',#3260,2.05E0);
#3266=CIRCLE('',#3265,2.05E0);
#3271=CIRCLE('',#3270,2.05E0);
#3284=CIRCLE('',#3283,2.55E0);
#3289=CIRCLE('',#3288,2.55E0);
#3294=CIRCLE('',#3293,5.E-1);
#3299=CIRCLE('',#3298,2.55E0);
#3304=CIRCLE('',#3303,2.55E0);
#3309=CIRCLE('',#3308,5.E-1);
#3314=CIRCLE('',#3313,2.05E0);
#3319=CIRCLE('',#3318,2.05E0);
#3324=CIRCLE('',#3323,2.05E0);
#3329=CIRCLE('',#3328,2.05E0);
#3342=CIRCLE('',#3341,2.55E0);
#3347=CIRCLE('',#3346,2.55E0);
#3352=CIRCLE('',#3351,5.E-1);
#3357=CIRCLE('',#3356,2.55E0);
#3362=CIRCLE('',#3361,2.55E0);
#3367=CIRCLE('',#3366,5.E-1);
#3372=CIRCLE('',#3371,2.05E0);
#3377=CIRCLE('',#3376,2.05E0);
#3382=CIRCLE('',#3381,2.05E0);
#3387=CIRCLE('',#3386,2.05E0);
#3400=CIRCLE('',#3399,2.55E0);
#3405=CIRCLE('',#3404,2.55E0);
#3410=CIRCLE('',#3409,5.E-1);
#3415=CIRCLE('',#3414,2.55E0);
#3420=CIRCLE('',#3419,2.55E0);
#3425=CIRCLE('',#3424,5.E-1);
#3430=CIRCLE('',#3429,2.05E0);
#3435=CIRCLE('',#3434,2.05E0);
#3440=CIRCLE('',#3439,2.05E0);
#3445=CIRCLE('',#3444,2.05E0);
#3458=CIRCLE('',#3457,2.55E0);
#3463=CIRCLE('',#3462,2.55E0);
#3468=CIRCLE('',#3467,5.E-1);
#3473=CIRCLE('',#3472,2.55E0);
#3478=CIRCLE('',#3477,2.55E0);
#3483=CIRCLE('',#3482,5.E-1);
#3488=CIRCLE('',#3487,2.05E0);
#3493=CIRCLE('',#3492,2.05E0);
#3498=CIRCLE('',#3497,2.05E0);
#3503=CIRCLE('',#3502,2.05E0);
#3516=CIRCLE('',#3515,2.55E0);
#3521=CIRCLE('',#3520,2.55E0);
#3526=CIRCLE('',#3525,5.E-1);
#3531=CIRCLE('',#3530,2.55E0);
#3536=CIRCLE('',#3535,2.55E0);
#3541=CIRCLE('',#3540,5.E-1);
#3546=CIRCLE('',#3545,2.05E0);
#3551=CIRCLE('',#3550,2.05E0);
#3556=CIRCLE('',#3555,2.05E0);
#3561=CIRCLE('',#3560,2.05E0);
#3574=CIRCLE('',#3573,2.55E0);
#3579=CIRCLE('',#3578,2.55E0);
#3584=CIRCLE('',#3583,5.E-1);
#3589=CIRCLE('',#3588,2.55E0);
#3594=CIRCLE('',#3593,2.55E0);
#3599=CIRCLE('',#3598,5.E-1);
#3604=CIRCLE('',#3603,2.05E0);
#3609=CIRCLE('',#3608,2.05E0);
#3614=CIRCLE('',#3613,2.05E0);
#3619=CIRCLE('',#3618,2.05E0);
#3632=CIRCLE('',#3631,2.55E0);
#3637=CIRCLE('',#3636,2.55E0);
#3642=CIRCLE('',#3641,5.E-1);
#3647=CIRCLE('',#3646,2.55E0);
#3652=CIRCLE('',#3651,2.55E0);
#3657=CIRCLE('',#3656,5.E-1);
#3662=CIRCLE('',#3661,2.05E0);
#3667=CIRCLE('',#3666,2.05E0);
#3672=CIRCLE('',#3671,2.05E0);
#3677=CIRCLE('',#3676,2.05E0);
#3690=CIRCLE('',#3689,2.55E0);
#3695=CIRCLE('',#3694,2.55E0);
#3700=CIRCLE('',#3699,5.E-1);
#3705=CIRCLE('',#3704,2.55E0);
#3710=CIRCLE('',#3709,2.55E0);
#3715=CIRCLE('',#3714,5.E-1);
#3720=CIRCLE('',#3719,2.05E0);
#3725=CIRCLE('',#3724,2.05E0);
#3730=CIRCLE('',#3729,2.05E0);
#3735=CIRCLE('',#3734,2.05E0);
#3748=CIRCLE('',#3747,2.55E0);
#3753=CIRCLE('',#3752,2.55E0);
#3758=CIRCLE('',#3757,5.E-1);
#3763=CIRCLE('',#3762,2.55E0);
#3768=CIRCLE('',#3767,2.55E0);
#3773=CIRCLE('',#3772,5.E-1);
#3778=CIRCLE('',#3777,2.05E0);
#3783=CIRCLE('',#3782,2.05E0);
#3788=CIRCLE('',#3787,2.05E0);
#3793=CIRCLE('',#3792,2.05E0);
#3806=CIRCLE('',#3805,5.E-1);
#3811=CIRCLE('',#3810,2.55E0);
#3816=CIRCLE('',#3815,2.55E0);
#3821=CIRCLE('',#3820,2.05E0);
#3826=CIRCLE('',#3825,2.05E0);
#3831=CIRCLE('',#3830,2.05E0);
#3836=CIRCLE('',#3835,2.05E0);
#3841=CIRCLE('',#3840,5.E-1);
#3846=CIRCLE('',#3845,2.55E0);
#3851=CIRCLE('',#3850,2.55E0);
#3873=B_SPLINE_CURVE_WITH_KNOTS('',3,(#3864,#3865,#3866,#3867,#3868,#3869,#3870,
#3871,#3872),.UNSPECIFIED.,.F.,.F.,(4,1,1,1,1,1,4),(0.E0,8.231451099390E-2,
1.645690032349E-1,3.281761153777E-1,5.024796624569E-1,6.767832095363E-1,1.E0),
.UNSPECIFIED.);
#3878=CIRCLE('',#3877,7.998347651673E-2);
#3889=B_SPLINE_CURVE_WITH_KNOTS('',3,(#3883,#3884,#3885,#3886,#3887,#3888),
.UNSPECIFIED.,.F.,.F.,(4,1,1,4),(0.E0,3.308002048200E-1,6.724105156535E-1,1.E0),
.UNSPECIFIED.);
#3898=B_SPLINE_CURVE_WITH_KNOTS('',3,(#3890,#3891,#3892,#3893,#3894,#3895,#3896,
#3897),.UNSPECIFIED.,.F.,.F.,(4,1,1,1,1,4),(0.E0,3.234113759923E-1,
6.720208580299E-1,8.355302368280E-1,9.177351674908E-1,1.E0),.UNSPECIFIED.);
#3907=B_SPLINE_CURVE_WITH_KNOTS('',3,(#3899,#3900,#3901,#3902,#3903,#3904,#3905,
#3906),.UNSPECIFIED.,.F.,.F.,(4,1,1,1,1,4),(0.E0,8.231105984791E-2,
1.645621100935E-1,3.281623179170E-1,6.767697579836E-1,1.E0),.UNSPECIFIED.);
#3919=B_SPLINE_CURVE_WITH_KNOTS('',3,(#3908,#3909,#3910,#3911,#3912,#3913,#3914,
#3915,#3916,#3917,#3918),.UNSPECIFIED.,.F.,.F.,(4,1,1,1,1,1,1,1,4),(0.E0,
1.672571439944E-1,3.285270678009E-1,4.182904529595E-1,5.072648733795E-1,
5.936540678371E-1,6.808079080550E-1,8.359455033871E-1,1.E0),.UNSPECIFIED.);
#3928=B_SPLINE_CURVE_WITH_KNOTS('',3,(#3920,#3921,#3922,#3923,#3924,#3925,#3926,
#3927),.UNSPECIFIED.,.F.,.F.,(4,1,1,1,1,4),(0.E0,3.234113986947E-1,
6.720208746713E-1,8.355302499763E-1,9.177351790826E-1,1.E0),.UNSPECIFIED.);
#3938=B_SPLINE_CURVE_WITH_KNOTS('',3,(#3929,#3930,#3931,#3932,#3933,#3934,#3935,
#3936,#3937),.UNSPECIFIED.,.F.,.F.,(4,1,1,1,1,1,4),(0.E0,4.089255319170E-2,
8.177614049579E-2,1.634926465731E-1,3.260296298264E-1,6.698166680460E-1,1.E0),
.UNSPECIFIED.);
#3945=B_SPLINE_CURVE_WITH_KNOTS('',3,(#3939,#3940,#3941,#3942,#3943,#3944),
.UNSPECIFIED.,.F.,.F.,(4,1,1,4),(0.E0,3.291131250975E-1,6.708840104688E-1,1.E0),
.UNSPECIFIED.);
#3954=CIRCLE('',#3953,7.998334029458E-2);
#3963=B_SPLINE_CURVE_WITH_KNOTS('',3,(#3955,#3956,#3957,#3958,#3959,#3960,#3961,
#3962),.UNSPECIFIED.,.F.,.F.,(4,1,1,1,1,4),(0.E0,3.233839516738E-1,
6.719937494024E-1,8.355166955524E-1,9.177283899115E-1,1.E0),.UNSPECIFIED.);
#4144=B_SPLINE_CURVE_WITH_KNOTS('',3,(#4136,#4137,#4138,#4139,#4140,#4141,#4142,
#4143),.UNSPECIFIED.,.F.,.F.,(4,1,1,1,1,4),(0.E0,8.231792355897E-2,
1.645758285242E-1,3.281897852196E-1,6.767968363705E-1,1.E0),.UNSPECIFIED.);
#4156=B_SPLINE_CURVE_WITH_KNOTS('',3,(#4145,#4146,#4147,#4148,#4149,#4150,#4151,
#4152,#4153,#4154,#4155),.UNSPECIFIED.,.F.,.F.,(4,1,1,1,1,1,1,1,4),(0.E0,
1.672568367988E-1,3.285263655409E-1,4.182894862547E-1,5.072638245416E-1,
5.936532279593E-1,6.808071184210E-1,8.359454007304E-1,1.E0),.UNSPECIFIED.);
#4165=B_SPLINE_CURVE_WITH_KNOTS('',3,(#4157,#4158,#4159,#4160,#4161,#4162,#4163,
#4164),.UNSPECIFIED.,.F.,.F.,(4,1,1,1,1,4),(0.E0,3.233701699642E-1,
6.719802898197E-1,8.355099885970E-1,9.177250488054E-1,1.E0),.UNSPECIFIED.);
#4174=B_SPLINE_CURVE_WITH_KNOTS('',3,(#4166,#4167,#4168,#4169,#4170,#4171,#4172,
#4173),.UNSPECIFIED.,.F.,.F.,(4,1,1,1,1,4),(0.E0,8.231450060649E-2,
1.645689957453E-1,3.281761136602E-1,6.767832199998E-1,1.E0),.UNSPECIFIED.);
#4183=B_SPLINE_CURVE_WITH_KNOTS('',3,(#4175,#4176,#4177,#4178,#4179,#4180,#4181,
#4182),.UNSPECIFIED.,.F.,.F.,(4,1,1,1,1,4),(0.E0,3.233839513537E-1,
6.719937599442E-1,8.355167115746E-1,9.177284087007E-1,1.E0),.UNSPECIFIED.);
#4192=B_SPLINE_CURVE_WITH_KNOTS('',3,(#4184,#4185,#4186,#4187,#4188,#4189,#4190,
#4191),.UNSPECIFIED.,.F.,.F.,(4,1,1,1,1,4),(0.E0,8.231451458379E-2,
1.645690075353E-1,3.281761211088E-1,6.767832179374E-1,1.E0),.UNSPECIFIED.);
#4204=B_SPLINE_CURVE_WITH_KNOTS('',3,(#4193,#4194,#4195,#4196,#4197,#4198,#4199,
#4200,#4201,#4202,#4203),.UNSPECIFIED.,.F.,.F.,(4,1,1,1,1,1,1,1,4),(0.E0,
1.672562561735E-1,3.285310099319E-1,4.182961170494E-1,5.072722949064E-1,
5.936600950501E-1,6.808125111192E-1,8.359475737744E-1,1.E0),.UNSPECIFIED.);
#4213=B_SPLINE_CURVE_WITH_KNOTS('',3,(#4205,#4206,#4207,#4208,#4209,#4210,#4211,
#4212),.UNSPECIFIED.,.F.,.F.,(4,1,1,1,1,4),(0.E0,3.233839485404E-1,
6.719937588906E-1,8.355167110441E-1,9.177284084298E-1,1.E0),.UNSPECIFIED.);
#4222=B_SPLINE_CURVE_WITH_KNOTS('',3,(#4214,#4215,#4216,#4217,#4218,#4219,#4220,
#4221),.UNSPECIFIED.,.F.,.F.,(4,1,1,1,1,4),(0.E0,8.231790964089E-2,
1.645758168497E-1,3.281897779906E-1,6.767968385426E-1,1.E0),.UNSPECIFIED.);
#4231=B_SPLINE_CURVE_WITH_KNOTS('',3,(#4223,#4224,#4225,#4226,#4227,#4228,#4229,
#4230),.UNSPECIFIED.,.F.,.F.,(4,1,1,1,1,4),(0.E0,3.233701699968E-1,
6.719802898950E-1,8.355099886367E-1,9.177250488350E-1,1.E0),.UNSPECIFIED.);
#4310=B_SPLINE_CURVE_WITH_KNOTS('',3,(#4304,#4305,#4306,#4307,#4308,#4309),
.UNSPECIFIED.,.F.,.F.,(4,1,1,4),(0.E0,3.290899876048E-1,6.708608953773E-1,1.E0),
.UNSPECIFIED.);
#4322=B_SPLINE_CURVE_WITH_KNOTS('',3,(#4315,#4316,#4317,#4318,#4319,#4320,
#4321),.UNSPECIFIED.,.F.,.F.,(4,1,1,1,4),(0.E0,3.321737112483E-1,
6.673588213124E-1,8.336647733769E-1,1.E0),.UNSPECIFIED.);
#4327=CIRCLE('',#4326,7.999290916452E-2);
#4336=B_SPLINE_CURVE_WITH_KNOTS('',3,(#4328,#4329,#4330,#4331,#4332,#4333,#4334,
#4335),.UNSPECIFIED.,.F.,.F.,(4,1,1,1,1,4),(0.E0,3.234096301195E-1,
6.720062558905E-1,8.355229672663E-1,9.177315269409E-1,1.E0),.UNSPECIFIED.);
#4345=B_SPLINE_CURVE_WITH_KNOTS('',3,(#4337,#4338,#4339,#4340,#4341,#4342,#4343,
#4344),.UNSPECIFIED.,.F.,.F.,(4,1,1,1,1,4),(0.E0,8.231449345784E-2,
1.645689845175E-1,3.281760945286E-1,6.767832770700E-1,1.E0),.UNSPECIFIED.);
#4352=B_SPLINE_CURVE_WITH_KNOTS('',3,(#4346,#4347,#4348,#4349,#4350,#4351),
.UNSPECIFIED.,.F.,.F.,(4,1,1,4),(0.E0,3.294747567727E-1,6.715651952345E-1,1.E0),
.UNSPECIFIED.);
#4364=B_SPLINE_CURVE_WITH_KNOTS('',3,(#4357,#4358,#4359,#4360,#4361,#4362,
#4363),.UNSPECIFIED.,.F.,.F.,(4,1,1,1,4),(0.E0,3.324094099478E-1,
6.676073940670E-1,8.337974340176E-1,1.E0),.UNSPECIFIED.);
#4372=B_SPLINE_CURVE_WITH_KNOTS('',3,(#4365,#4366,#4367,#4368,#4369,#4370,
#4371),.UNSPECIFIED.,.F.,.F.,(4,1,1,1,4),(0.E0,1.661751632859E-1,
3.323375297482E-1,6.675348538456E-1,1.E0),.UNSPECIFIED.);
#4383=B_SPLINE_CURVE_WITH_KNOTS('',3,(#4377,#4378,#4379,#4380,#4381,#4382),
.UNSPECIFIED.,.F.,.F.,(4,1,1,4),(0.E0,3.290606776407E-1,6.708270853888E-1,1.E0),
.UNSPECIFIED.);
#4397=B_SPLINE_CURVE_WITH_KNOTS('',3,(#4384,#4385,#4386,#4387,#4388,#4389,#4390,
#4391,#4392,#4393,#4394,#4395,#4396),.UNSPECIFIED.,.F.,.F.,(4,1,1,1,1,1,1,1,1,1,
4),(0.E0,1.662151971972E-1,3.347138367023E-1,4.166212356426E-1,
4.575630117511E-1,4.985048962237E-1,5.393479250223E-1,5.801908562550E-1,
6.619024606276E-1,8.307101220270E-1,1.E0),.UNSPECIFIED.);
#4402=CIRCLE('',#4401,3.775198126373E-1);
#4499=CIRCLE('',#4498,3.775198126373E-1);
#4513=B_SPLINE_CURVE_WITH_KNOTS('',3,(#4500,#4501,#4502,#4503,#4504,#4505,#4506,
#4507,#4508,#4509,#4510,#4511,#4512),.UNSPECIFIED.,.F.,.F.,(4,1,1,1,1,1,1,1,1,1,
4),(0.E0,1.693124510677E-1,3.381426212671E-1,4.198651210585E-1,
4.607134982844E-1,5.015619730892E-1,5.425093167494E-1,5.834565520310E-1,
6.653748724973E-1,8.338959795976E-1,1.E0),.UNSPECIFIED.);
#4560=B_SPLINE_CURVE_WITH_KNOTS('',3,(#4554,#4555,#4556,#4557,#4558,#4559),
.UNSPECIFIED.,.F.,.F.,(4,1,1,4),(0.E0,3.290975377980E-1,6.709024291871E-1,1.E0),
.UNSPECIFIED.);
#4572=B_SPLINE_CURVE_WITH_KNOTS('',3,(#4565,#4566,#4567,#4568,#4569,#4570,
#4571),.UNSPECIFIED.,.F.,.F.,(4,1,1,1,4),(0.E0,2.299867932440E-1,
4.991977353195E-1,7.688240207380E-1,1.E0),.UNSPECIFIED.);
#4583=B_SPLINE_CURVE_WITH_KNOTS('',3,(#4577,#4578,#4579,#4580,#4581,#4582),
.UNSPECIFIED.,.F.,.F.,(4,1,1,4),(0.E0,3.290975157325E-1,6.709023906750E-1,1.E0),
.UNSPECIFIED.);
#4591=B_SPLINE_CURVE_WITH_KNOTS('',3,(#4584,#4585,#4586,#4587,#4588,#4589,
#4590),.UNSPECIFIED.,.F.,.F.,(4,1,1,1,4),(0.E0,3.410267168701E-1,
6.699825556374E-1,8.349639448904E-1,1.E0),.UNSPECIFIED.);
#4602=B_SPLINE_CURVE_WITH_KNOTS('',3,(#4596,#4597,#4598,#4599,#4600,#4601),
.UNSPECIFIED.,.F.,.F.,(4,1,1,4),(0.E0,3.291142571557E-1,6.708856505088E-1,1.E0),
.UNSPECIFIED.);
#4609=B_SPLINE_CURVE_WITH_KNOTS('',3,(#4603,#4604,#4605,#4606,#4607,#4608),
.UNSPECIFIED.,.F.,.F.,(4,1,1,4),(0.E0,3.291142380048E-1,6.708856371474E-1,1.E0),
.UNSPECIFIED.);
#4621=B_SPLINE_CURVE_WITH_KNOTS('',3,(#4614,#4615,#4616,#4617,#4618,#4619,
#4620),.UNSPECIFIED.,.F.,.F.,(4,1,1,1,4),(0.E0,1.721004927529E-1,
3.441657146275E-1,6.729542085472E-1,1.E0),.UNSPECIFIED.);
#4712=B_SPLINE_CURVE_WITH_KNOTS('',3,(#4706,#4707,#4708,#4709,#4710,#4711),
.UNSPECIFIED.,.F.,.F.,(4,1,1,4),(0.E0,3.295393984779E-1,6.716371636058E-1,1.E0),
.UNSPECIFIED.);
#4724=B_SPLINE_CURVE_WITH_KNOTS('',3,(#4717,#4718,#4719,#4720,#4721,#4722,
#4723),.UNSPECIFIED.,.F.,.F.,(4,1,1,1,4),(0.E0,3.320886704912E-1,
6.672876555481E-1,8.336377544072E-1,1.E0),.UNSPECIFIED.);
#4732=B_SPLINE_CURVE_WITH_KNOTS('',3,(#4725,#4726,#4727,#4728,#4729,#4730,
#4731),.UNSPECIFIED.,.F.,.F.,(4,1,1,1,4),(0.E0,1.657587637762E-1,
3.314910251940E-1,6.668166889265E-1,1.E0),.UNSPECIFIED.);
#4739=B_SPLINE_CURVE_WITH_KNOTS('',3,(#4733,#4734,#4735,#4736,#4737,#4738),
.UNSPECIFIED.,.F.,.F.,(4,1,1,4),(0.E0,3.301937758826E-1,6.718734360697E-1,1.E0),
.UNSPECIFIED.);
#4748=B_SPLINE_CURVE_WITH_KNOTS('',3,(#4740,#4741,#4742,#4743,#4744,#4745,#4746,
#4747),.UNSPECIFIED.,.F.,.F.,(4,1,1,1,1,4),(0.E0,3.233839196246E-1,
6.719937996413E-1,8.355167284199E-1,9.177284139165E-1,1.E0),.UNSPECIFIED.);
#4757=B_SPLINE_CURVE_WITH_KNOTS('',3,(#4749,#4750,#4751,#4752,#4753,#4754,#4755,
#4756),.UNSPECIFIED.,.F.,.F.,(4,1,1,1,1,4),(0.E0,8.231450697963E-2,
1.645689923307E-1,3.281760909581E-1,6.767832649780E-1,1.E0),.UNSPECIFIED.);
#4769=B_SPLINE_CURVE_WITH_KNOTS('',3,(#4758,#4759,#4760,#4761,#4762,#4763,#4764,
#4765,#4766,#4767,#4768),.UNSPECIFIED.,.F.,.F.,(4,1,1,1,1,1,1,1,4),(0.E0,
1.672557328875E-1,3.285304569103E-1,4.182954473444E-1,5.072716106817E-1,
5.936596068777E-1,6.808121299265E-1,8.359478166027E-1,1.E0),.UNSPECIFIED.);
#4778=B_SPLINE_CURVE_WITH_KNOTS('',3,(#4770,#4771,#4772,#4773,#4774,#4775,#4776,
#4777),.UNSPECIFIED.,.F.,.F.,(4,1,1,1,1,4),(0.E0,3.233839205191E-1,
6.719938049978E-1,8.355167352892E-1,9.177284215393E-1,1.E0),.UNSPECIFIED.);
#4787=B_SPLINE_CURVE_WITH_KNOTS('',3,(#4779,#4780,#4781,#4782,#4783,#4784,#4785,
#4786),.UNSPECIFIED.,.F.,.F.,(4,1,1,1,1,4),(0.E0,8.231449128915E-2,
1.645689785613E-1,3.281760810479E-1,6.767832632127E-1,1.E0),.UNSPECIFIED.);
#4944=B_SPLINE_CURVE_WITH_KNOTS('',3,(#4936,#4937,#4938,#4939,#4940,#4941,#4942,
#4943),.UNSPECIFIED.,.F.,.F.,(4,1,1,1,1,4),(0.E0,8.213258520821E-2,
1.641989353119E-1,3.277505739146E-1,6.720111488204E-1,1.E0),.UNSPECIFIED.);
#4954=B_SPLINE_CURVE_WITH_KNOTS('',3,(#4945,#4946,#4947,#4948,#4949,#4950,#4951,
#4952,#4953),.UNSPECIFIED.,.F.,.F.,(4,1,1,1,1,1,4),(0.E0,2.021329836293E-1,
3.952019008478E-1,4.918831290472E-1,5.886138636952E-1,7.861773593480E-1,1.E0),
.UNSPECIFIED.);
#4963=B_SPLINE_CURVE_WITH_KNOTS('',3,(#4955,#4956,#4957,#4958,#4959,#4960,#4961,
#4962),.UNSPECIFIED.,.F.,.F.,(4,1,1,1,1,4),(0.E0,3.233976162E-1,
6.720074198879E-1,8.355235494631E-1,9.177318452678E-1,1.E0),.UNSPECIFIED.);
#4972=B_SPLINE_CURVE_WITH_KNOTS('',3,(#4964,#4965,#4966,#4967,#4968,#4969,#4970,
#4971),.UNSPECIFIED.,.F.,.F.,(4,1,1,1,1,4),(0.E0,8.230764881481E-2,
1.645552900261E-1,3.281486630333E-1,6.767561544605E-1,1.E0),.UNSPECIFIED.);
#4981=B_SPLINE_CURVE_WITH_KNOTS('',3,(#4973,#4974,#4975,#4976,#4977,#4978,#4979,
#4980),.UNSPECIFIED.,.F.,.F.,(4,1,1,1,1,4),(0.E0,3.231168062400E-1,
6.723093751622E-1,8.356716333448E-1,9.178057010389E-1,1.E0),.UNSPECIFIED.);
#4990=B_SPLINE_CURVE_WITH_KNOTS('',3,(#4982,#4983,#4984,#4985,#4986,#4987,#4988,
#4989),.UNSPECIFIED.,.F.,.F.,(4,1,1,1,1,4),(0.E0,8.223630805447E-2,
1.644091895999E-1,3.281913241366E-1,6.752218453541E-1,1.E0),.UNSPECIFIED.);
#5005=B_SPLINE_CURVE_WITH_KNOTS('',3,(#4995,#4996,#4997,#4998,#4999,#5000,#5001,
#5002,#5003,#5004),.UNSPECIFIED.,.F.,.F.,(4,1,1,1,1,1,1,4),(0.E0,
2.043651132595E-1,3.915021095707E-1,4.408744405258E-1,4.902459816678E-1,
5.890704548900E-1,7.922630187176E-1,1.E0),.UNSPECIFIED.);
#5014=B_SPLINE_CURVE_WITH_KNOTS('',3,(#5006,#5007,#5008,#5009,#5010,#5011,#5012,
#5013),.UNSPECIFIED.,.F.,.F.,(4,1,1,1,1,4),(0.E0,3.233702989938E-1,
6.719804331128E-1,8.355100685887E-1,9.177250978035E-1,1.E0),.UNSPECIFIED.);
#5023=B_SPLINE_CURVE_WITH_KNOTS('',3,(#5015,#5016,#5017,#5018,#5019,#5020,#5021,
#5022),.UNSPECIFIED.,.F.,.F.,(4,1,1,1,1,4),(0.E0,8.231458710362E-2,
1.645691824104E-1,3.281765007367E-1,6.767836081811E-1,1.E0),.UNSPECIFIED.);
#5032=B_SPLINE_CURVE_WITH_KNOTS('',3,(#5024,#5025,#5026,#5027,#5028,#5029,#5030,
#5031),.UNSPECIFIED.,.F.,.F.,(4,1,1,1,1,4),(0.E0,3.234113921576E-1,
6.720208749628E-1,8.355302548673E-1,9.177351862884E-1,1.E0),.UNSPECIFIED.);
#5104=B_SPLINE_CURVE_WITH_KNOTS('',3,(#5097,#5098,#5099,#5100,#5101,#5102,
#5103),.UNSPECIFIED.,.F.,.F.,(4,1,1,1,4),(0.E0,3.410267145477E-1,
6.699825492941E-1,8.349639369370E-1,1.E0),.UNSPECIFIED.);
#5115=B_SPLINE_CURVE_WITH_KNOTS('',3,(#5109,#5110,#5111,#5112,#5113,#5114),
.UNSPECIFIED.,.F.,.F.,(4,1,1,4),(0.E0,3.291142493438E-1,6.708856555259E-1,1.E0),
.UNSPECIFIED.);
#5122=B_SPLINE_CURVE_WITH_KNOTS('',3,(#5116,#5117,#5118,#5119,#5120,#5121),
.UNSPECIFIED.,.F.,.F.,(4,1,1,4),(0.E0,3.291142432023E-1,6.708856451385E-1,1.E0),
.UNSPECIFIED.);
#5134=B_SPLINE_CURVE_WITH_KNOTS('',3,(#5127,#5128,#5129,#5130,#5131,#5132,
#5133),.UNSPECIFIED.,.F.,.F.,(4,1,1,1,4),(0.E0,1.721004990096E-1,
3.441657202524E-1,6.729542110150E-1,1.E0),.UNSPECIFIED.);
#5141=B_SPLINE_CURVE_WITH_KNOTS('',3,(#5135,#5136,#5137,#5138,#5139,#5140),
.UNSPECIFIED.,.F.,.F.,(4,1,1,4),(0.E0,3.290975409636E-1,6.709024391523E-1,1.E0),
.UNSPECIFIED.);
#5153=B_SPLINE_CURVE_WITH_KNOTS('',3,(#5146,#5147,#5148,#5149,#5150,#5151,
#5152),.UNSPECIFIED.,.F.,.F.,(4,1,1,1,4),(0.E0,2.299868064005E-1,
4.991977474370E-1,7.688240299072E-1,1.E0),.UNSPECIFIED.);
#5164=B_SPLINE_CURVE_WITH_KNOTS('',3,(#5158,#5159,#5160,#5161,#5162,#5163),
.UNSPECIFIED.,.F.,.F.,(4,1,1,4),(0.E0,3.290975188773E-1,6.709023917032E-1,1.E0),
.UNSPECIFIED.);
#5193=CIRCLE('',#5192,4.E-1);
#5202=CIRCLE('',#5201,4.E-1);
#5211=CIRCLE('',#5210,4.E-1);
#5220=CIRCLE('',#5219,4.E-1);
#5229=CIRCLE('',#5228,4.E-1);
#5238=CIRCLE('',#5237,4.E-1);
#5243=CIRCLE('',#5242,1.15E0);
#5248=CIRCLE('',#5247,1.15E0);
#5317=CIRCLE('',#5316,2.05E0);
#5322=CIRCLE('',#5321,2.05E0);
#5327=CIRCLE('',#5326,1.15E0);
#5332=CIRCLE('',#5331,1.15E0);
#5357=CIRCLE('',#5356,4.E-1);
#5366=CIRCLE('',#5365,4.E-1);
#5375=CIRCLE('',#5374,4.E-1);
#5384=CIRCLE('',#5383,4.E-1);
#5393=CIRCLE('',#5392,4.E-1);
#5402=CIRCLE('',#5401,4.E-1);
#5407=CIRCLE('',#5406,1.15E0);
#5412=CIRCLE('',#5411,1.15E0);
#5473=CIRCLE('',#5472,2.05E0);
#5478=CIRCLE('',#5477,2.05E0);
#5483=CIRCLE('',#5482,1.15E0);
#5488=CIRCLE('',#5487,1.15E0);
#6885=EDGE_CURVE('',#5508,#6363,#4,.T.);
#6887=EDGE_CURVE('',#6363,#6364,#8,.T.);
#6889=EDGE_CURVE('',#6364,#5499,#12,.T.);
#6891=EDGE_CURVE('',#5499,#5500,#17,.T.);
#6893=EDGE_CURVE('',#5500,#5502,#21,.T.);
#6895=EDGE_CURVE('',#5502,#5504,#25,.T.);
#6897=EDGE_CURVE('',#5504,#5506,#29,.T.);
#6899=EDGE_CURVE('',#5506,#5508,#34,.T.);
#6909=EDGE_CURVE('',#6366,#5510,#66,.T.);
#6911=EDGE_CURVE('',#6366,#6363,#38,.T.);
#6914=EDGE_CURVE('',#5510,#5508,#1415,.T.);
#6918=EDGE_CURVE('',#6637,#6638,#43,.T.);
#6920=EDGE_CURVE('',#6638,#6637,#48,.T.);
#6924=EDGE_CURVE('',#6641,#6642,#53,.T.);
#6926=EDGE_CURVE('',#6642,#6641,#58,.T.);
#6936=EDGE_CURVE('',#6368,#6366,#62,.T.);
#6939=EDGE_CURVE('',#5510,#5512,#71,.T.);
#6941=EDGE_CURVE('',#5514,#5512,#1407,.T.);
#6943=EDGE_CURVE('',#5516,#5514,#1399,.T.);
#6945=EDGE_CURVE('',#5518,#5516,#971,.T.);
#6947=EDGE_CURVE('',#5518,#5520,#76,.T.);
#6949=EDGE_CURVE('',#5520,#6368,#80,.T.);
#6962=EDGE_CURVE('',#6368,#6364,#84,.T.);
#6975=EDGE_CURVE('',#5520,#5499,#88,.T.);
#6979=EDGE_CURVE('',#6643,#6644,#98,.T.);
#6981=EDGE_CURVE('',#6644,#6646,#102,.T.);
#6983=EDGE_CURVE('',#6646,#6647,#111,.T.);
#6985=EDGE_CURVE('',#6647,#6649,#115,.T.);
#6987=EDGE_CURVE('',#6649,#6651,#120,.T.);
#6989=EDGE_CURVE('',#6651,#6653,#124,.T.);
#6991=EDGE_CURVE('',#6653,#6654,#131,.T.);
#6993=EDGE_CURVE('',#6654,#6656,#135,.T.);
#6995=EDGE_CURVE('',#6656,#6657,#145,.T.);
#6997=EDGE_CURVE('',#6657,#6659,#149,.T.);
#6999=EDGE_CURVE('',#6659,#6660,#158,.T.);
#7001=EDGE_CURVE('',#6660,#6662,#162,.T.);
#7003=EDGE_CURVE('',#6662,#6663,#174,.T.);
#7005=EDGE_CURVE('',#6663,#6665,#178,.T.);
#7007=EDGE_CURVE('',#6665,#6666,#187,.T.);
#7009=EDGE_CURVE('',#6666,#6668,#191,.T.);
#7011=EDGE_CURVE('',#6668,#6669,#200,.T.);
#7013=EDGE_CURVE('',#6669,#6671,#204,.T.);
#7015=EDGE_CURVE('',#6671,#6672,#211,.T.);
#7017=EDGE_CURVE('',#6672,#6674,#215,.T.);
#7019=EDGE_CURVE('',#6674,#6676,#220,.T.);
#7021=EDGE_CURVE('',#6676,#6643,#224,.T.);
#7025=EDGE_CURVE('',#6679,#6680,#228,.T.);
#7027=EDGE_CURVE('',#6680,#6681,#237,.T.);
#7029=EDGE_CURVE('',#6681,#6683,#241,.T.);
#7031=EDGE_CURVE('',#6683,#6684,#250,.T.);
#7033=EDGE_CURVE('',#6684,#6686,#254,.T.);
#7035=EDGE_CURVE('',#6686,#6687,#263,.T.);
#7037=EDGE_CURVE('',#6687,#6689,#267,.T.);
#7039=EDGE_CURVE('',#6689,#6690,#279,.T.);
#7041=EDGE_CURVE('',#6690,#6692,#283,.T.);
#7043=EDGE_CURVE('',#6692,#6693,#292,.T.);
#7045=EDGE_CURVE('',#6693,#6695,#296,.T.);
#7047=EDGE_CURVE('',#6695,#6696,#305,.T.);
#7049=EDGE_CURVE('',#6696,#6698,#309,.T.);
#7051=EDGE_CURVE('',#6698,#6699,#318,.T.);
#7053=EDGE_CURVE('',#6699,#6701,#322,.T.);
#7055=EDGE_CURVE('',#6701,#6702,#331,.T.);
#7057=EDGE_CURVE('',#6702,#6704,#335,.T.);
#7059=EDGE_CURVE('',#6704,#6705,#347,.T.);
#7061=EDGE_CURVE('',#6705,#6707,#351,.T.);
#7063=EDGE_CURVE('',#6707,#6679,#360,.T.);
#7067=EDGE_CURVE('',#6708,#6709,#367,.T.);
#7069=EDGE_CURVE('',#6709,#6711,#371,.T.);
#7071=EDGE_CURVE('',#6711,#6712,#378,.T.);
#7073=EDGE_CURVE('',#6712,#6714,#382,.T.);
#7075=EDGE_CURVE('',#6714,#6715,#390,.T.);
#7077=EDGE_CURVE('',#6715,#6717,#394,.T.);
#7079=EDGE_CURVE('',#6717,#6718,#402,.T.);
#7081=EDGE_CURVE('',#6718,#6720,#406,.T.);
#7083=EDGE_CURVE('',#6720,#6721,#413,.T.);
#7085=EDGE_CURVE('',#6721,#6723,#417,.T.);
#7087=EDGE_CURVE('',#6723,#6724,#426,.T.);
#7089=EDGE_CURVE('',#6724,#6726,#430,.T.);
#7091=EDGE_CURVE('',#6726,#6727,#439,.T.);
#7093=EDGE_CURVE('',#6727,#6729,#443,.T.);
#7095=EDGE_CURVE('',#6729,#6731,#448,.T.);
#7097=EDGE_CURVE('',#6731,#6733,#452,.T.);
#7099=EDGE_CURVE('',#6733,#6734,#460,.T.);
#7101=EDGE_CURVE('',#6734,#6708,#464,.T.);
#7105=EDGE_CURVE('',#6735,#6736,#471,.T.);
#7107=EDGE_CURVE('',#6736,#6738,#475,.T.);
#7109=EDGE_CURVE('',#6738,#6739,#483,.T.);
#7111=EDGE_CURVE('',#6739,#6741,#487,.T.);
#7113=EDGE_CURVE('',#6741,#6742,#494,.T.);
#7115=EDGE_CURVE('',#6742,#6744,#498,.T.);
#7117=EDGE_CURVE('',#6744,#6745,#505,.T.);
#7119=EDGE_CURVE('',#6745,#6747,#509,.T.);
#7121=EDGE_CURVE('',#6747,#6748,#517,.T.);
#7123=EDGE_CURVE('',#6748,#6750,#521,.T.);
#7125=EDGE_CURVE('',#6750,#6751,#528,.T.);
#7127=EDGE_CURVE('',#6751,#6753,#532,.T.);
#7129=EDGE_CURVE('',#6753,#6754,#540,.T.);
#7131=EDGE_CURVE('',#6754,#6735,#544,.T.);
#7135=EDGE_CURVE('',#6755,#6756,#551,.T.);
#7137=EDGE_CURVE('',#6756,#6758,#555,.T.);
#7139=EDGE_CURVE('',#6758,#6759,#564,.T.);
#7141=EDGE_CURVE('',#6759,#6761,#568,.T.);
#7143=EDGE_CURVE('',#6761,#6762,#577,.T.);
#7145=EDGE_CURVE('',#6762,#6764,#581,.T.);
#7147=EDGE_CURVE('',#6764,#6765,#593,.T.);
#7149=EDGE_CURVE('',#6765,#6767,#597,.T.);
#7151=EDGE_CURVE('',#6767,#6768,#606,.T.);
#7153=EDGE_CURVE('',#6768,#6770,#610,.T.);
#7155=EDGE_CURVE('',#6770,#6771,#619,.T.);
#7157=EDGE_CURVE('',#6771,#6773,#623,.T.);
#7159=EDGE_CURVE('',#6773,#6774,#630,.T.);
#7161=EDGE_CURVE('',#6774,#6776,#634,.T.);
#7163=EDGE_CURVE('',#6776,#6777,#642,.T.);
#7165=EDGE_CURVE('',#6777,#6779,#646,.T.);
#7167=EDGE_CURVE('',#6779,#6780,#654,.T.);
#7169=EDGE_CURVE('',#6780,#6755,#658,.T.);
#7173=EDGE_CURVE('',#6783,#6784,#662,.T.);
#7175=EDGE_CURVE('',#6784,#6785,#671,.T.);
#7177=EDGE_CURVE('',#6785,#6787,#675,.T.);
#7179=EDGE_CURVE('',#6787,#6788,#684,.T.);
#7181=EDGE_CURVE('',#6788,#6790,#688,.T.);
#7183=EDGE_CURVE('',#6790,#6791,#697,.T.);
#7185=EDGE_CURVE('',#6791,#6793,#701,.T.);
#7187=EDGE_CURVE('',#6793,#6794,#712,.T.);
#7189=EDGE_CURVE('',#6794,#6796,#716,.T.);
#7191=EDGE_CURVE('',#6796,#6797,#725,.T.);
#7193=EDGE_CURVE('',#6797,#6799,#729,.T.);
#7195=EDGE_CURVE('',#6799,#6800,#738,.T.);
#7197=EDGE_CURVE('',#6800,#6802,#742,.T.);
#7199=EDGE_CURVE('',#6802,#6803,#751,.T.);
#7201=EDGE_CURVE('',#6803,#6805,#755,.T.);
#7203=EDGE_CURVE('',#6805,#6806,#764,.T.);
#7205=EDGE_CURVE('',#6806,#6808,#768,.T.);
#7207=EDGE_CURVE('',#6808,#6809,#778,.T.);
#7209=EDGE_CURVE('',#6809,#6811,#782,.T.);
#7211=EDGE_CURVE('',#6811,#6783,#791,.T.);
#7215=EDGE_CURVE('',#6812,#6813,#799,.T.);
#7217=EDGE_CURVE('',#6813,#6815,#803,.T.);
#7219=EDGE_CURVE('',#6815,#6816,#810,.T.);
#7221=EDGE_CURVE('',#6816,#6818,#814,.T.);
#7223=EDGE_CURVE('',#6818,#6819,#822,.T.);
#7225=EDGE_CURVE('',#6819,#6821,#826,.T.);
#7227=EDGE_CURVE('',#6821,#6822,#833,.T.);
#7229=EDGE_CURVE('',#6822,#6824,#837,.T.);
#7231=EDGE_CURVE('',#6824,#6825,#845,.T.);
#7233=EDGE_CURVE('',#6825,#6827,#849,.T.);
#7235=EDGE_CURVE('',#6827,#6828,#856,.T.);
#7237=EDGE_CURVE('',#6828,#6830,#860,.T.);
#7239=EDGE_CURVE('',#6830,#6831,#867,.T.);
#7241=EDGE_CURVE('',#6831,#6812,#871,.T.);
#7245=EDGE_CURVE('',#6834,#6835,#875,.T.);
#7247=EDGE_CURVE('',#6835,#6839,#880,.T.);
#7249=EDGE_CURVE('',#6838,#6839,#5296,.T.);
#7251=EDGE_CURVE('',#6838,#6842,#885,.T.);
#7253=EDGE_CURVE('',#6842,#6843,#889,.T.);
#7255=EDGE_CURVE('',#6843,#6846,#894,.T.);
#7257=EDGE_CURVE('',#6846,#6847,#898,.T.);
#7259=EDGE_CURVE('',#6847,#6851,#903,.T.);
#7261=EDGE_CURVE('',#6850,#6851,#5268,.T.);
#7263=EDGE_CURVE('',#6850,#6854,#908,.T.);
#7265=EDGE_CURVE('',#6854,#6855,#912,.T.);
#7267=EDGE_CURVE('',#6855,#6834,#917,.T.);
#7271=EDGE_CURVE('',#6858,#6859,#921,.T.);
#7273=EDGE_CURVE('',#6859,#6863,#926,.T.);
#7275=EDGE_CURVE('',#6862,#6863,#5432,.T.);
#7277=EDGE_CURVE('',#6862,#6866,#931,.T.);
#7279=EDGE_CURVE('',#6866,#6867,#935,.T.);
#7281=EDGE_CURVE('',#6867,#6870,#940,.T.);
#7283=EDGE_CURVE('',#6870,#6871,#944,.T.);
#7285=EDGE_CURVE('',#6871,#6875,#949,.T.);
#7287=EDGE_CURVE('',#6874,#6875,#5452,.T.);
#7289=EDGE_CURVE('',#6874,#6878,#954,.T.);
#7291=EDGE_CURVE('',#6878,#6879,#958,.T.);
#7293=EDGE_CURVE('',#6879,#6858,#963,.T.);
#7306=EDGE_CURVE('',#5500,#5518,#967,.T.);
#7319=EDGE_CURVE('',#5502,#5516,#1395,.T.);
#7323=EDGE_CURVE('',#5523,#5524,#976,.T.);
#7325=EDGE_CURVE('',#5524,#5523,#981,.T.);
#7329=EDGE_CURVE('',#5527,#5528,#986,.T.);
#7331=EDGE_CURVE('',#5528,#5527,#991,.T.);
#7335=EDGE_CURVE('',#5531,#5532,#996,.T.);
#7337=EDGE_CURVE('',#5532,#5531,#1001,.T.);
#7341=EDGE_CURVE('',#5535,#5536,#1006,.T.);
#7343=EDGE_CURVE('',#5536,#5535,#1011,.T.);
#7347=EDGE_CURVE('',#5539,#5540,#1016,.T.);
#7349=EDGE_CURVE('',#5540,#5539,#1021,.T.);
#7353=EDGE_CURVE('',#5543,#5544,#1026,.T.);
#7355=EDGE_CURVE('',#5544,#5543,#1031,.T.);
#7359=EDGE_CURVE('',#5547,#5548,#1036,.T.);
#7361=EDGE_CURVE('',#5548,#5547,#1041,.T.);
#7365=EDGE_CURVE('',#5551,#5552,#1046,.T.);
#7367=EDGE_CURVE('',#5552,#5551,#1051,.T.);
#7371=EDGE_CURVE('',#5555,#5556,#1056,.T.);
#7373=EDGE_CURVE('',#5556,#5555,#1061,.T.);
#7377=EDGE_CURVE('',#5559,#5560,#1066,.T.);
#7379=EDGE_CURVE('',#5560,#5559,#1071,.T.);
#7383=EDGE_CURVE('',#5563,#5564,#1076,.T.);
#7385=EDGE_CURVE('',#5564,#5563,#1081,.T.);
#7389=EDGE_CURVE('',#5567,#5568,#1086,.T.);
#7391=EDGE_CURVE('',#5568,#5567,#1091,.T.);
#7395=EDGE_CURVE('',#5571,#5572,#1096,.T.);
#7397=EDGE_CURVE('',#5572,#5571,#1101,.T.);
#7401=EDGE_CURVE('',#5575,#5576,#1106,.T.);
#7403=EDGE_CURVE('',#5576,#5575,#1111,.T.);
#7407=EDGE_CURVE('',#5579,#5580,#1116,.T.);
#7409=EDGE_CURVE('',#5580,#5579,#1121,.T.);
#7413=EDGE_CURVE('',#5583,#5584,#1126,.T.);
#7415=EDGE_CURVE('',#5584,#5583,#1131,.T.);
#7419=EDGE_CURVE('',#5587,#5588,#1136,.T.);
#7421=EDGE_CURVE('',#5588,#5587,#1141,.T.);
#7425=EDGE_CURVE('',#5591,#5592,#1146,.T.);
#7427=EDGE_CURVE('',#5592,#5591,#1151,.T.);
#7431=EDGE_CURVE('',#5595,#5596,#1156,.T.);
#7433=EDGE_CURVE('',#5596,#5595,#1161,.T.);
#7437=EDGE_CURVE('',#5599,#5600,#1166,.T.);
#7439=EDGE_CURVE('',#5600,#5599,#1171,.T.);
#7443=EDGE_CURVE('',#5603,#5604,#1176,.T.);
#7445=EDGE_CURVE('',#5604,#5603,#1181,.T.);
#7449=EDGE_CURVE('',#5607,#5608,#1186,.T.);
#7451=EDGE_CURVE('',#5608,#5607,#1191,.T.);
#7455=EDGE_CURVE('',#5611,#5612,#1196,.T.);
#7457=EDGE_CURVE('',#5612,#5611,#1201,.T.);
#7461=EDGE_CURVE('',#5615,#5616,#1206,.T.);
#7463=EDGE_CURVE('',#5616,#5615,#1211,.T.);
#7467=EDGE_CURVE('',#5619,#5620,#1216,.T.);
#7469=EDGE_CURVE('',#5620,#5619,#1221,.T.);
#7473=EDGE_CURVE('',#5623,#5624,#1226,.T.);
#7475=EDGE_CURVE('',#5624,#5623,#1231,.T.);
#7479=EDGE_CURVE('',#5627,#5628,#1236,.T.);
#7481=EDGE_CURVE('',#5628,#5627,#1241,.T.);
#7485=EDGE_CURVE('',#5631,#5632,#1246,.T.);
#7487=EDGE_CURVE('',#5632,#5631,#1251,.T.);
#7491=EDGE_CURVE('',#5635,#5636,#1256,.T.);
#7493=EDGE_CURVE('',#5636,#5635,#1261,.T.);
#7497=EDGE_CURVE('',#5639,#5640,#1266,.T.);
#7499=EDGE_CURVE('',#5640,#5639,#1271,.T.);
#7503=EDGE_CURVE('',#5643,#5644,#1276,.T.);
#7505=EDGE_CURVE('',#5644,#5643,#1281,.T.);
#7509=EDGE_CURVE('',#5647,#5648,#1286,.T.);
#7511=EDGE_CURVE('',#5648,#5647,#1291,.T.);
#7515=EDGE_CURVE('',#5651,#5652,#1296,.T.);
#7517=EDGE_CURVE('',#5652,#5651,#1301,.T.);
#7521=EDGE_CURVE('',#5655,#5656,#1306,.T.);
#7523=EDGE_CURVE('',#5656,#5655,#1311,.T.);
#7527=EDGE_CURVE('',#5659,#5660,#1316,.T.);
#7529=EDGE_CURVE('',#5660,#5659,#1321,.T.);
#7533=EDGE_CURVE('',#5663,#5664,#1326,.T.);
#7535=EDGE_CURVE('',#5664,#5663,#1331,.T.);
#7539=EDGE_CURVE('',#5667,#5668,#1336,.T.);
#7541=EDGE_CURVE('',#5668,#5667,#1341,.T.);
#7545=EDGE_CURVE('',#5671,#5672,#1346,.T.);
#7547=EDGE_CURVE('',#5672,#5671,#1351,.T.);
#7551=EDGE_CURVE('',#5675,#5676,#1356,.T.);
#7553=EDGE_CURVE('',#5676,#5675,#1361,.T.);
#7557=EDGE_CURVE('',#5679,#5680,#1366,.T.);
#7559=EDGE_CURVE('',#5680,#5679,#1371,.T.);
#7563=EDGE_CURVE('',#5683,#5684,#1376,.T.);
#7565=EDGE_CURVE('',#5684,#5683,#1381,.T.);
#7569=EDGE_CURVE('',#5687,#5688,#1386,.T.);
#7571=EDGE_CURVE('',#5688,#5687,#1391,.T.);
#7584=EDGE_CURVE('',#5504,#5514,#1403,.T.);
#7597=EDGE_CURVE('',#5506,#5512,#1411,.T.);
#7619=EDGE_CURVE('',#5691,#5692,#1433,.T.);
#7621=EDGE_CURVE('',#5694,#5691,#1428,.T.);
#7623=EDGE_CURVE('',#5694,#5524,#1419,.T.);
#7626=EDGE_CURVE('',#5523,#5692,#1423,.T.);
#7638=EDGE_CURVE('',#5692,#5696,#1438,.T.);
#7640=EDGE_CURVE('',#5698,#5696,#1463,.T.);
#7642=EDGE_CURVE('',#5700,#5698,#1458,.T.);
#7644=EDGE_CURVE('',#5694,#5700,#1453,.T.);
#7654=EDGE_CURVE('',#5692,#5702,#1443,.T.);
#7656=EDGE_CURVE('',#5702,#5694,#1448,.T.);
#7659=EDGE_CURVE('',#5704,#5700,#1473,.T.);
#7661=EDGE_CURVE('',#5696,#5704,#1468,.T.);
#7697=EDGE_CURVE('',#5707,#5708,#1491,.T.);
#7699=EDGE_CURVE('',#5710,#5707,#1486,.T.);
#7701=EDGE_CURVE('',#5710,#5528,#1477,.T.);
#7704=EDGE_CURVE('',#5527,#5708,#1481,.T.);
#7716=EDGE_CURVE('',#5708,#5712,#1496,.T.);
#7718=EDGE_CURVE('',#5714,#5712,#1521,.T.);
#7720=EDGE_CURVE('',#5716,#5714,#1516,.T.);
#7722=EDGE_CURVE('',#5710,#5716,#1511,.T.);
#7732=EDGE_CURVE('',#5708,#5718,#1501,.T.);
#7734=EDGE_CURVE('',#5718,#5710,#1506,.T.);
#7737=EDGE_CURVE('',#5720,#5716,#1531,.T.);
#7739=EDGE_CURVE('',#5712,#5720,#1526,.T.);
#7775=EDGE_CURVE('',#5723,#5724,#1549,.T.);
#7777=EDGE_CURVE('',#5726,#5723,#1544,.T.);
#7779=EDGE_CURVE('',#5726,#5532,#1535,.T.);
#7782=EDGE_CURVE('',#5531,#5724,#1539,.T.);
#7794=EDGE_CURVE('',#5724,#5728,#1554,.T.);
#7796=EDGE_CURVE('',#5730,#5728,#1579,.T.);
#7798=EDGE_CURVE('',#5732,#5730,#1574,.T.);
#7800=EDGE_CURVE('',#5726,#5732,#1569,.T.);
#7810=EDGE_CURVE('',#5724,#5734,#1559,.T.);
#7812=EDGE_CURVE('',#5734,#5726,#1564,.T.);
#7815=EDGE_CURVE('',#5736,#5732,#1589,.T.);
#7817=EDGE_CURVE('',#5728,#5736,#1584,.T.);
#7853=EDGE_CURVE('',#5739,#5740,#1607,.T.);
#7855=EDGE_CURVE('',#5742,#5739,#1602,.T.);
#7857=EDGE_CURVE('',#5742,#5536,#1593,.T.);
#7860=EDGE_CURVE('',#5535,#5740,#1597,.T.);
#7872=EDGE_CURVE('',#5740,#5744,#1612,.T.);
#7874=EDGE_CURVE('',#5746,#5744,#1637,.T.);
#7876=EDGE_CURVE('',#5748,#5746,#1632,.T.);
#7878=EDGE_CURVE('',#5742,#5748,#1627,.T.);
#7888=EDGE_CURVE('',#5740,#5750,#1617,.T.);
#7890=EDGE_CURVE('',#5750,#5742,#1622,.T.);
#7893=EDGE_CURVE('',#5752,#5748,#1647,.T.);
#7895=EDGE_CURVE('',#5744,#5752,#1642,.T.);
#7931=EDGE_CURVE('',#5755,#5756,#1665,.T.);
#7933=EDGE_CURVE('',#5758,#5755,#1660,.T.);
#7935=EDGE_CURVE('',#5758,#5540,#1651,.T.);
#7938=EDGE_CURVE('',#5539,#5756,#1655,.T.);
#7950=EDGE_CURVE('',#5756,#5760,#1670,.T.);
#7952=EDGE_CURVE('',#5762,#5760,#1695,.T.);
#7954=EDGE_CURVE('',#5764,#5762,#1690,.T.);
#7956=EDGE_CURVE('',#5758,#5764,#1685,.T.);
#7966=EDGE_CURVE('',#5756,#5766,#1675,.T.);
#7968=EDGE_CURVE('',#5766,#5758,#1680,.T.);
#7971=EDGE_CURVE('',#5768,#5764,#1705,.T.);
#7973=EDGE_CURVE('',#5760,#5768,#1700,.T.);
#8009=EDGE_CURVE('',#5771,#5772,#1723,.T.);
#8011=EDGE_CURVE('',#5774,#5771,#1718,.T.);
#8013=EDGE_CURVE('',#5774,#5544,#1709,.T.);
#8016=EDGE_CURVE('',#5543,#5772,#1713,.T.);
#8028=EDGE_CURVE('',#5772,#5776,#1728,.T.);
#8030=EDGE_CURVE('',#5778,#5776,#1753,.T.);
#8032=EDGE_CURVE('',#5780,#5778,#1748,.T.);
#8034=EDGE_CURVE('',#5774,#5780,#1743,.T.);
#8044=EDGE_CURVE('',#5772,#5782,#1733,.T.);
#8046=EDGE_CURVE('',#5782,#5774,#1738,.T.);
#8049=EDGE_CURVE('',#5784,#5780,#1763,.T.);
#8051=EDGE_CURVE('',#5776,#5784,#1758,.T.);
#8087=EDGE_CURVE('',#5787,#5788,#1781,.T.);
#8089=EDGE_CURVE('',#5790,#5787,#1776,.T.);
#8091=EDGE_CURVE('',#5790,#5548,#1767,.T.);
#8094=EDGE_CURVE('',#5547,#5788,#1771,.T.);
#8106=EDGE_CURVE('',#5788,#5792,#1786,.T.);
#8108=EDGE_CURVE('',#5794,#5792,#1811,.T.);
#8110=EDGE_CURVE('',#5796,#5794,#1806,.T.);
#8112=EDGE_CURVE('',#5790,#5796,#1801,.T.);
#8122=EDGE_CURVE('',#5788,#5798,#1791,.T.);
#8124=EDGE_CURVE('',#5798,#5790,#1796,.T.);
#8127=EDGE_CURVE('',#5800,#5796,#1821,.T.);
#8129=EDGE_CURVE('',#5792,#5800,#1816,.T.);
#8165=EDGE_CURVE('',#5803,#5804,#1839,.T.);
#8167=EDGE_CURVE('',#5806,#5803,#1834,.T.);
#8169=EDGE_CURVE('',#5806,#5552,#1825,.T.);
#8172=EDGE_CURVE('',#5551,#5804,#1829,.T.);
#8184=EDGE_CURVE('',#5804,#5808,#1844,.T.);
#8186=EDGE_CURVE('',#5810,#5808,#1869,.T.);
#8188=EDGE_CURVE('',#5812,#5810,#1864,.T.);
#8190=EDGE_CURVE('',#5806,#5812,#1859,.T.);
#8200=EDGE_CURVE('',#5804,#5814,#1849,.T.);
#8202=EDGE_CURVE('',#5814,#5806,#1854,.T.);
#8205=EDGE_CURVE('',#5816,#5812,#1879,.T.);
#8207=EDGE_CURVE('',#5808,#5816,#1874,.T.);
#8243=EDGE_CURVE('',#5819,#5820,#1897,.T.);
#8245=EDGE_CURVE('',#5822,#5819,#1892,.T.);
#8247=EDGE_CURVE('',#5822,#5556,#1883,.T.);
#8250=EDGE_CURVE('',#5555,#5820,#1887,.T.);
#8262=EDGE_CURVE('',#5820,#5824,#1902,.T.);
#8264=EDGE_CURVE('',#5826,#5824,#1927,.T.);
#8266=EDGE_CURVE('',#5828,#5826,#1922,.T.);
#8268=EDGE_CURVE('',#5822,#5828,#1917,.T.);
#8278=EDGE_CURVE('',#5820,#5830,#1907,.T.);
#8280=EDGE_CURVE('',#5830,#5822,#1912,.T.);
#8283=EDGE_CURVE('',#5832,#5828,#1937,.T.);
#8285=EDGE_CURVE('',#5824,#5832,#1932,.T.);
#8321=EDGE_CURVE('',#5835,#5836,#1955,.T.);
#8323=EDGE_CURVE('',#5838,#5835,#1950,.T.);
#8325=EDGE_CURVE('',#5838,#5560,#1941,.T.);
#8328=EDGE_CURVE('',#5559,#5836,#1945,.T.);
#8340=EDGE_CURVE('',#5836,#5840,#1960,.T.);
#8342=EDGE_CURVE('',#5842,#5840,#1985,.T.);
#8344=EDGE_CURVE('',#5844,#5842,#1980,.T.);
#8346=EDGE_CURVE('',#5838,#5844,#1975,.T.);
#8356=EDGE_CURVE('',#5836,#5846,#1965,.T.);
#8358=EDGE_CURVE('',#5846,#5838,#1970,.T.);
#8361=EDGE_CURVE('',#5848,#5844,#1995,.T.);
#8363=EDGE_CURVE('',#5840,#5848,#1990,.T.);
#8399=EDGE_CURVE('',#5851,#5852,#2013,.T.);
#8401=EDGE_CURVE('',#5854,#5851,#2008,.T.);
#8403=EDGE_CURVE('',#5854,#5564,#1999,.T.);
#8406=EDGE_CURVE('',#5563,#5852,#2003,.T.);
#8418=EDGE_CURVE('',#5852,#5856,#2018,.T.);
#8420=EDGE_CURVE('',#5858,#5856,#2043,.T.);
#8422=EDGE_CURVE('',#5860,#5858,#2038,.T.);
#8424=EDGE_CURVE('',#5854,#5860,#2033,.T.);
#8434=EDGE_CURVE('',#5852,#5862,#2023,.T.);
#8436=EDGE_CURVE('',#5862,#5854,#2028,.T.);
#8439=EDGE_CURVE('',#5864,#5860,#2053,.T.);
#8441=EDGE_CURVE('',#5856,#5864,#2048,.T.);
#8477=EDGE_CURVE('',#5867,#5868,#2071,.T.);
#8479=EDGE_CURVE('',#5870,#5867,#2066,.T.);
#8481=EDGE_CURVE('',#5870,#5568,#2057,.T.);
#8484=EDGE_CURVE('',#5567,#5868,#2061,.T.);
#8496=EDGE_CURVE('',#5868,#5872,#2076,.T.);
#8498=EDGE_CURVE('',#5874,#5872,#2101,.T.);
#8500=EDGE_CURVE('',#5876,#5874,#2096,.T.);
#8502=EDGE_CURVE('',#5870,#5876,#2091,.T.);
#8512=EDGE_CURVE('',#5868,#5878,#2081,.T.);
#8514=EDGE_CURVE('',#5878,#5870,#2086,.T.);
#8517=EDGE_CURVE('',#5880,#5876,#2111,.T.);
#8519=EDGE_CURVE('',#5872,#5880,#2106,.T.);
#8555=EDGE_CURVE('',#5883,#5884,#2129,.T.);
#8557=EDGE_CURVE('',#5886,#5883,#2124,.T.);
#8559=EDGE_CURVE('',#5886,#5572,#2115,.T.);
#8562=EDGE_CURVE('',#5571,#5884,#2119,.T.);
#8574=EDGE_CURVE('',#5884,#5888,#2134,.T.);
#8576=EDGE_CURVE('',#5890,#5888,#2159,.T.);
#8578=EDGE_CURVE('',#5892,#5890,#2154,.T.);
#8580=EDGE_CURVE('',#5886,#5892,#2149,.T.);
#8590=EDGE_CURVE('',#5884,#5894,#2139,.T.);
#8592=EDGE_CURVE('',#5894,#5886,#2144,.T.);
#8595=EDGE_CURVE('',#5896,#5892,#2169,.T.);
#8597=EDGE_CURVE('',#5888,#5896,#2164,.T.);
#8633=EDGE_CURVE('',#5899,#5900,#2187,.T.);
#8635=EDGE_CURVE('',#5902,#5899,#2182,.T.);
#8637=EDGE_CURVE('',#5902,#5576,#2173,.T.);
#8640=EDGE_CURVE('',#5575,#5900,#2177,.T.);
#8652=EDGE_CURVE('',#5900,#5904,#2192,.T.);
#8654=EDGE_CURVE('',#5906,#5904,#2217,.T.);
#8656=EDGE_CURVE('',#5908,#5906,#2212,.T.);
#8658=EDGE_CURVE('',#5902,#5908,#2207,.T.);
#8668=EDGE_CURVE('',#5900,#5910,#2197,.T.);
#8670=EDGE_CURVE('',#5910,#5902,#2202,.T.);
#8673=EDGE_CURVE('',#5912,#5908,#2227,.T.);
#8675=EDGE_CURVE('',#5904,#5912,#2222,.T.);
#8711=EDGE_CURVE('',#5915,#5916,#2245,.T.);
#8713=EDGE_CURVE('',#5918,#5915,#2240,.T.);
#8715=EDGE_CURVE('',#5918,#5580,#2231,.T.);
#8718=EDGE_CURVE('',#5579,#5916,#2235,.T.);
#8730=EDGE_CURVE('',#5916,#5920,#2250,.T.);
#8732=EDGE_CURVE('',#5922,#5920,#2275,.T.);
#8734=EDGE_CURVE('',#5924,#5922,#2270,.T.);
#8736=EDGE_CURVE('',#5918,#5924,#2265,.T.);
#8746=EDGE_CURVE('',#5916,#5926,#2255,.T.);
#8748=EDGE_CURVE('',#5926,#5918,#2260,.T.);
#8751=EDGE_CURVE('',#5928,#5924,#2285,.T.);
#8753=EDGE_CURVE('',#5920,#5928,#2280,.T.);
#8789=EDGE_CURVE('',#5931,#5932,#2303,.T.);
#8791=EDGE_CURVE('',#5934,#5931,#2298,.T.);
#8793=EDGE_CURVE('',#5934,#5584,#2289,.T.);
#8796=EDGE_CURVE('',#5583,#5932,#2293,.T.);
#8808=EDGE_CURVE('',#5932,#5936,#2308,.T.);
#8810=EDGE_CURVE('',#5938,#5936,#2333,.T.);
#8812=EDGE_CURVE('',#5940,#5938,#2328,.T.);
#8814=EDGE_CURVE('',#5934,#5940,#2323,.T.);
#8824=EDGE_CURVE('',#5932,#5942,#2313,.T.);
#8826=EDGE_CURVE('',#5942,#5934,#2318,.T.);
#8829=EDGE_CURVE('',#5944,#5940,#2343,.T.);
#8831=EDGE_CURVE('',#5936,#5944,#2338,.T.);
#8867=EDGE_CURVE('',#5947,#5948,#2361,.T.);
#8869=EDGE_CURVE('',#5950,#5947,#2356,.T.);
#8871=EDGE_CURVE('',#5950,#5588,#2347,.T.);
#8874=EDGE_CURVE('',#5587,#5948,#2351,.T.);
#8886=EDGE_CURVE('',#5948,#5952,#2366,.T.);
#8888=EDGE_CURVE('',#5954,#5952,#2391,.T.);
#8890=EDGE_CURVE('',#5956,#5954,#2386,.T.);
#8892=EDGE_CURVE('',#5950,#5956,#2381,.T.);
#8902=EDGE_CURVE('',#5948,#5958,#2371,.T.);
#8904=EDGE_CURVE('',#5958,#5950,#2376,.T.);
#8907=EDGE_CURVE('',#5960,#5956,#2401,.T.);
#8909=EDGE_CURVE('',#5952,#5960,#2396,.T.);
#8945=EDGE_CURVE('',#5963,#5964,#2419,.T.);
#8947=EDGE_CURVE('',#5966,#5963,#2414,.T.);
#8949=EDGE_CURVE('',#5966,#5592,#2405,.T.);
#8952=EDGE_CURVE('',#5591,#5964,#2409,.T.);
#8964=EDGE_CURVE('',#5964,#5968,#2424,.T.);
#8966=EDGE_CURVE('',#5970,#5968,#2449,.T.);
#8968=EDGE_CURVE('',#5972,#5970,#2444,.T.);
#8970=EDGE_CURVE('',#5966,#5972,#2439,.T.);
#8980=EDGE_CURVE('',#5964,#5974,#2429,.T.);
#8982=EDGE_CURVE('',#5974,#5966,#2434,.T.);
#8985=EDGE_CURVE('',#5976,#5972,#2459,.T.);
#8987=EDGE_CURVE('',#5968,#5976,#2454,.T.);
#9023=EDGE_CURVE('',#5979,#5980,#2477,.T.);
#9025=EDGE_CURVE('',#5982,#5979,#2472,.T.);
#9027=EDGE_CURVE('',#5982,#5596,#2463,.T.);
#9030=EDGE_CURVE('',#5595,#5980,#2467,.T.);
#9042=EDGE_CURVE('',#5980,#5984,#2482,.T.);
#9044=EDGE_CURVE('',#5986,#5984,#2507,.T.);
#9046=EDGE_CURVE('',#5988,#5986,#2502,.T.);
#9048=EDGE_CURVE('',#5982,#5988,#2497,.T.);
#9058=EDGE_CURVE('',#5980,#5990,#2487,.T.);
#9060=EDGE_CURVE('',#5990,#5982,#2492,.T.);
#9063=EDGE_CURVE('',#5992,#5988,#2517,.T.);
#9065=EDGE_CURVE('',#5984,#5992,#2512,.T.);
#9101=EDGE_CURVE('',#5995,#5996,#2535,.T.);
#9103=EDGE_CURVE('',#5998,#5995,#2530,.T.);
#9105=EDGE_CURVE('',#5998,#5600,#2521,.T.);
#9108=EDGE_CURVE('',#5599,#5996,#2525,.T.);
#9120=EDGE_CURVE('',#5996,#6000,#2540,.T.);
#9122=EDGE_CURVE('',#6002,#6000,#2565,.T.);
#9124=EDGE_CURVE('',#6004,#6002,#2560,.T.);
#9126=EDGE_CURVE('',#5998,#6004,#2555,.T.);
#9136=EDGE_CURVE('',#5996,#6006,#2545,.T.);
#9138=EDGE_CURVE('',#6006,#5998,#2550,.T.);
#9141=EDGE_CURVE('',#6008,#6004,#2575,.T.);
#9143=EDGE_CURVE('',#6000,#6008,#2570,.T.);
#9179=EDGE_CURVE('',#6011,#6012,#2593,.T.);
#9181=EDGE_CURVE('',#6014,#6011,#2588,.T.);
#9183=EDGE_CURVE('',#6014,#5604,#2579,.T.);
#9186=EDGE_CURVE('',#5603,#6012,#2583,.T.);
#9198=EDGE_CURVE('',#6012,#6016,#2598,.T.);
#9200=EDGE_CURVE('',#6018,#6016,#2623,.T.);
#9202=EDGE_CURVE('',#6020,#6018,#2618,.T.);
#9204=EDGE_CURVE('',#6014,#6020,#2613,.T.);
#9214=EDGE_CURVE('',#6012,#6022,#2603,.T.);
#9216=EDGE_CURVE('',#6022,#6014,#2608,.T.);
#9219=EDGE_CURVE('',#6024,#6020,#2633,.T.);
#9221=EDGE_CURVE('',#6016,#6024,#2628,.T.);
#9257=EDGE_CURVE('',#6027,#6028,#2651,.T.);
#9259=EDGE_CURVE('',#6030,#6027,#2646,.T.);
#9261=EDGE_CURVE('',#6030,#5608,#2637,.T.);
#9264=EDGE_CURVE('',#5607,#6028,#2641,.T.);
#9276=EDGE_CURVE('',#6028,#6032,#2656,.T.);
#9278=EDGE_CURVE('',#6034,#6032,#2681,.T.);
#9280=EDGE_CURVE('',#6036,#6034,#2676,.T.);
#9282=EDGE_CURVE('',#6030,#6036,#2671,.T.);
#9292=EDGE_CURVE('',#6028,#6038,#2661,.T.);
#9294=EDGE_CURVE('',#6038,#6030,#2666,.T.);
#9297=EDGE_CURVE('',#6040,#6036,#2691,.T.);
#9299=EDGE_CURVE('',#6032,#6040,#2686,.T.);
#9335=EDGE_CURVE('',#6043,#6044,#2709,.T.);
#9337=EDGE_CURVE('',#6046,#6043,#2704,.T.);
#9339=EDGE_CURVE('',#6046,#5612,#2695,.T.);
#9342=EDGE_CURVE('',#5611,#6044,#2699,.T.);
#9354=EDGE_CURVE('',#6044,#6048,#2714,.T.);
#9356=EDGE_CURVE('',#6050,#6048,#2739,.T.);
#9358=EDGE_CURVE('',#6052,#6050,#2734,.T.);
#9360=EDGE_CURVE('',#6046,#6052,#2729,.T.);
#9370=EDGE_CURVE('',#6044,#6054,#2719,.T.);
#9372=EDGE_CURVE('',#6054,#6046,#2724,.T.);
#9375=EDGE_CURVE('',#6056,#6052,#2749,.T.);
#9377=EDGE_CURVE('',#6048,#6056,#2744,.T.);
#9413=EDGE_CURVE('',#6059,#6060,#2767,.T.);
#9415=EDGE_CURVE('',#6062,#6059,#2762,.T.);
#9417=EDGE_CURVE('',#6062,#5616,#2753,.T.);
#9420=EDGE_CURVE('',#5615,#6060,#2757,.T.);
#9432=EDGE_CURVE('',#6060,#6064,#2772,.T.);
#9434=EDGE_CURVE('',#6066,#6064,#2797,.T.);
#9436=EDGE_CURVE('',#6068,#6066,#2792,.T.);
#9438=EDGE_CURVE('',#6062,#6068,#2787,.T.);
#9448=EDGE_CURVE('',#6060,#6070,#2777,.T.);
#9450=EDGE_CURVE('',#6070,#6062,#2782,.T.);
#9453=EDGE_CURVE('',#6072,#6068,#2807,.T.);
#9455=EDGE_CURVE('',#6064,#6072,#2802,.T.);
#9491=EDGE_CURVE('',#6075,#6076,#2825,.T.);
#9493=EDGE_CURVE('',#6078,#6075,#2820,.T.);
#9495=EDGE_CURVE('',#6078,#5620,#2811,.T.);
#9498=EDGE_CURVE('',#5619,#6076,#2815,.T.);
#9510=EDGE_CURVE('',#6076,#6080,#2830,.T.);
#9512=EDGE_CURVE('',#6082,#6080,#2855,.T.);
#9514=EDGE_CURVE('',#6084,#6082,#2850,.T.);
#9516=EDGE_CURVE('',#6078,#6084,#2845,.T.);
#9526=EDGE_CURVE('',#6076,#6086,#2835,.T.);
#9528=EDGE_CURVE('',#6086,#6078,#2840,.T.);
#9531=EDGE_CURVE('',#6088,#6084,#2865,.T.);
#9533=EDGE_CURVE('',#6080,#6088,#2860,.T.);
#9569=EDGE_CURVE('',#6091,#6092,#2883,.T.);
#9571=EDGE_CURVE('',#6094,#6091,#2878,.T.);
#9573=EDGE_CURVE('',#6094,#5624,#2869,.T.);
#9576=EDGE_CURVE('',#5623,#6092,#2873,.T.);
#9588=EDGE_CURVE('',#6092,#6096,#2888,.T.);
#9590=EDGE_CURVE('',#6098,#6096,#2913,.T.);
#9592=EDGE_CURVE('',#6100,#6098,#2908,.T.);
#9594=EDGE_CURVE('',#6094,#6100,#2903,.T.);
#9604=EDGE_CURVE('',#6092,#6102,#2893,.T.);
#9606=EDGE_CURVE('',#6102,#6094,#2898,.T.);
#9609=EDGE_CURVE('',#6104,#6100,#2923,.T.);
#9611=EDGE_CURVE('',#6096,#6104,#2918,.T.);
#9647=EDGE_CURVE('',#6107,#6108,#2941,.T.);
#9649=EDGE_CURVE('',#6110,#6107,#2936,.T.);
#9651=EDGE_CURVE('',#6110,#5628,#2927,.T.);
#9654=EDGE_CURVE('',#5627,#6108,#2931,.T.);
#9666=EDGE_CURVE('',#6108,#6112,#2946,.T.);
#9668=EDGE_CURVE('',#6114,#6112,#2971,.T.);
#9670=EDGE_CURVE('',#6116,#6114,#2966,.T.);
#9672=EDGE_CURVE('',#6110,#6116,#2961,.T.);
#9682=EDGE_CURVE('',#6108,#6118,#2951,.T.);
#9684=EDGE_CURVE('',#6118,#6110,#2956,.T.);
#9687=EDGE_CURVE('',#6120,#6116,#2981,.T.);
#9689=EDGE_CURVE('',#6112,#6120,#2976,.T.);
#9725=EDGE_CURVE('',#6123,#6124,#2999,.T.);
#9727=EDGE_CURVE('',#6126,#6123,#2994,.T.);
#9729=EDGE_CURVE('',#6126,#5632,#2985,.T.);
#9732=EDGE_CURVE('',#5631,#6124,#2989,.T.);
#9744=EDGE_CURVE('',#6124,#6128,#3004,.T.);
#9746=EDGE_CURVE('',#6130,#6128,#3029,.T.);
#9748=EDGE_CURVE('',#6132,#6130,#3024,.T.);
#9750=EDGE_CURVE('',#6126,#6132,#3019,.T.);
#9760=EDGE_CURVE('',#6124,#6134,#3009,.T.);
#9762=EDGE_CURVE('',#6134,#6126,#3014,.T.);
#9765=EDGE_CURVE('',#6136,#6132,#3039,.T.);
#9767=EDGE_CURVE('',#6128,#6136,#3034,.T.);
#9803=EDGE_CURVE('',#6139,#6140,#3057,.T.);
#9805=EDGE_CURVE('',#6142,#6139,#3052,.T.);
#9807=EDGE_CURVE('',#6142,#5636,#3043,.T.);
#9810=EDGE_CURVE('',#5635,#6140,#3047,.T.);
#9822=EDGE_CURVE('',#6140,#6144,#3062,.T.);
#9824=EDGE_CURVE('',#6146,#6144,#3087,.T.);
#9826=EDGE_CURVE('',#6148,#6146,#3082,.T.);
#9828=EDGE_CURVE('',#6142,#6148,#3077,.T.);
#9838=EDGE_CURVE('',#6140,#6150,#3067,.T.);
#9840=EDGE_CURVE('',#6150,#6142,#3072,.T.);
#9843=EDGE_CURVE('',#6152,#6148,#3097,.T.);
#9845=EDGE_CURVE('',#6144,#6152,#3092,.T.);
#9881=EDGE_CURVE('',#6155,#6156,#3115,.T.);
#9883=EDGE_CURVE('',#6158,#6155,#3110,.T.);
#9885=EDGE_CURVE('',#6158,#5640,#3101,.T.);
#9888=EDGE_CURVE('',#5639,#6156,#3105,.T.);
#9900=EDGE_CURVE('',#6156,#6160,#3120,.T.);
#9902=EDGE_CURVE('',#6162,#6160,#3145,.T.);
#9904=EDGE_CURVE('',#6164,#6162,#3140,.T.);
#9906=EDGE_CURVE('',#6158,#6164,#3135,.T.);
#9916=EDGE_CURVE('',#6156,#6166,#3125,.T.);
#9918=EDGE_CURVE('',#6166,#6158,#3130,.T.);
#9921=EDGE_CURVE('',#6168,#6164,#3155,.T.);
#9923=EDGE_CURVE('',#6160,#6168,#3150,.T.);
#9959=EDGE_CURVE('',#6171,#6172,#3173,.T.);
#9961=EDGE_CURVE('',#6174,#6171,#3168,.T.);
#9963=EDGE_CURVE('',#6174,#5644,#3159,.T.);
#9966=EDGE_CURVE('',#5643,#6172,#3163,.T.);
#9978=EDGE_CURVE('',#6172,#6176,#3178,.T.);
#9980=EDGE_CURVE('',#6178,#6176,#3203,.T.);
#9982=EDGE_CURVE('',#6180,#6178,#3198,.T.);
#9984=EDGE_CURVE('',#6174,#6180,#3193,.T.);
#9994=EDGE_CURVE('',#6172,#6182,#3183,.T.);
#9996=EDGE_CURVE('',#6182,#6174,#3188,.T.);
#9999=EDGE_CURVE('',#6184,#6180,#3213,.T.);
#10001=EDGE_CURVE('',#6176,#6184,#3208,.T.);
#10037=EDGE_CURVE('',#6187,#6188,#3231,.T.);
#10039=EDGE_CURVE('',#6190,#6187,#3226,.T.);
#10041=EDGE_CURVE('',#6190,#5648,#3217,.T.);
#10044=EDGE_CURVE('',#5647,#6188,#3221,.T.);
#10056=EDGE_CURVE('',#6188,#6192,#3236,.T.);
#10058=EDGE_CURVE('',#6194,#6192,#3261,.T.);
#10060=EDGE_CURVE('',#6196,#6194,#3256,.T.);
#10062=EDGE_CURVE('',#6190,#6196,#3251,.T.);
#10072=EDGE_CURVE('',#6188,#6198,#3241,.T.);
#10074=EDGE_CURVE('',#6198,#6190,#3246,.T.);
#10077=EDGE_CURVE('',#6200,#6196,#3271,.T.);
#10079=EDGE_CURVE('',#6192,#6200,#3266,.T.);
#10115=EDGE_CURVE('',#6203,#6204,#3289,.T.);
#10117=EDGE_CURVE('',#6206,#6203,#3284,.T.);
#10119=EDGE_CURVE('',#6206,#5652,#3275,.T.);
#10122=EDGE_CURVE('',#5651,#6204,#3279,.T.);
#10134=EDGE_CURVE('',#6204,#6208,#3294,.T.);
#10136=EDGE_CURVE('',#6210,#6208,#3319,.T.);
#10138=EDGE_CURVE('',#6212,#6210,#3314,.T.);
#10140=EDGE_CURVE('',#6206,#6212,#3309,.T.);
#10150=EDGE_CURVE('',#6204,#6214,#3299,.T.);
#10152=EDGE_CURVE('',#6214,#6206,#3304,.T.);
#10155=EDGE_CURVE('',#6216,#6212,#3329,.T.);
#10157=EDGE_CURVE('',#6208,#6216,#3324,.T.);
#10193=EDGE_CURVE('',#6219,#6220,#3347,.T.);
#10195=EDGE_CURVE('',#6222,#6219,#3342,.T.);
#10197=EDGE_CURVE('',#6222,#5656,#3333,.T.);
#10200=EDGE_CURVE('',#5655,#6220,#3337,.T.);
#10212=EDGE_CURVE('',#6220,#6224,#3352,.T.);
#10214=EDGE_CURVE('',#6226,#6224,#3377,.T.);
#10216=EDGE_CURVE('',#6228,#6226,#3372,.T.);
#10218=EDGE_CURVE('',#6222,#6228,#3367,.T.);
#10228=EDGE_CURVE('',#6220,#6230,#3357,.T.);
#10230=EDGE_CURVE('',#6230,#6222,#3362,.T.);
#10233=EDGE_CURVE('',#6232,#6228,#3387,.T.);
#10235=EDGE_CURVE('',#6224,#6232,#3382,.T.);
#10271=EDGE_CURVE('',#6235,#6236,#3405,.T.);
#10273=EDGE_CURVE('',#6238,#6235,#3400,.T.);
#10275=EDGE_CURVE('',#6238,#5660,#3391,.T.);
#10278=EDGE_CURVE('',#5659,#6236,#3395,.T.);
#10290=EDGE_CURVE('',#6236,#6240,#3410,.T.);
#10292=EDGE_CURVE('',#6242,#6240,#3435,.T.);
#10294=EDGE_CURVE('',#6244,#6242,#3430,.T.);
#10296=EDGE_CURVE('',#6238,#6244,#3425,.T.);
#10306=EDGE_CURVE('',#6236,#6246,#3415,.T.);
#10308=EDGE_CURVE('',#6246,#6238,#3420,.T.);
#10311=EDGE_CURVE('',#6248,#6244,#3445,.T.);
#10313=EDGE_CURVE('',#6240,#6248,#3440,.T.);
#10349=EDGE_CURVE('',#6251,#6252,#3463,.T.);
#10351=EDGE_CURVE('',#6254,#6251,#3458,.T.);
#10353=EDGE_CURVE('',#6254,#5664,#3449,.T.);
#10356=EDGE_CURVE('',#5663,#6252,#3453,.T.);
#10368=EDGE_CURVE('',#6252,#6256,#3468,.T.);
#10370=EDGE_CURVE('',#6258,#6256,#3493,.T.);
#10372=EDGE_CURVE('',#6260,#6258,#3488,.T.);
#10374=EDGE_CURVE('',#6254,#6260,#3483,.T.);
#10384=EDGE_CURVE('',#6252,#6262,#3473,.T.);
#10386=EDGE_CURVE('',#6262,#6254,#3478,.T.);
#10389=EDGE_CURVE('',#6264,#6260,#3503,.T.);
#10391=EDGE_CURVE('',#6256,#6264,#3498,.T.);
#10427=EDGE_CURVE('',#6267,#6268,#3521,.T.);
#10429=EDGE_CURVE('',#6270,#6267,#3516,.T.);
#10431=EDGE_CURVE('',#6270,#5668,#3507,.T.);
#10434=EDGE_CURVE('',#5667,#6268,#3511,.T.);
#10446=EDGE_CURVE('',#6268,#6272,#3526,.T.);
#10448=EDGE_CURVE('',#6274,#6272,#3551,.T.);
#10450=EDGE_CURVE('',#6276,#6274,#3546,.T.);
#10452=EDGE_CURVE('',#6270,#6276,#3541,.T.);
#10462=EDGE_CURVE('',#6268,#6278,#3531,.T.);
#10464=EDGE_CURVE('',#6278,#6270,#3536,.T.);
#10467=EDGE_CURVE('',#6280,#6276,#3561,.T.);
#10469=EDGE_CURVE('',#6272,#6280,#3556,.T.);
#10505=EDGE_CURVE('',#6283,#6284,#3579,.T.);
#10507=EDGE_CURVE('',#6286,#6283,#3574,.T.);
#10509=EDGE_CURVE('',#6286,#5672,#3565,.T.);
#10512=EDGE_CURVE('',#5671,#6284,#3569,.T.);
#10524=EDGE_CURVE('',#6284,#6288,#3584,.T.);
#10526=EDGE_CURVE('',#6290,#6288,#3609,.T.);
#10528=EDGE_CURVE('',#6292,#6290,#3604,.T.);
#10530=EDGE_CURVE('',#6286,#6292,#3599,.T.);
#10540=EDGE_CURVE('',#6284,#6294,#3589,.T.);
#10542=EDGE_CURVE('',#6294,#6286,#3594,.T.);
#10545=EDGE_CURVE('',#6296,#6292,#3619,.T.);
#10547=EDGE_CURVE('',#6288,#6296,#3614,.T.);
#10583=EDGE_CURVE('',#6299,#6300,#3637,.T.);
#10585=EDGE_CURVE('',#6302,#6299,#3632,.T.);
#10587=EDGE_CURVE('',#6302,#5676,#3623,.T.);
#10590=EDGE_CURVE('',#5675,#6300,#3627,.T.);
#10602=EDGE_CURVE('',#6300,#6304,#3642,.T.);
#10604=EDGE_CURVE('',#6306,#6304,#3667,.T.);
#10606=EDGE_CURVE('',#6308,#6306,#3662,.T.);
#10608=EDGE_CURVE('',#6302,#6308,#3657,.T.);
#10618=EDGE_CURVE('',#6300,#6310,#3647,.T.);
#10620=EDGE_CURVE('',#6310,#6302,#3652,.T.);
#10623=EDGE_CURVE('',#6312,#6308,#3677,.T.);
#10625=EDGE_CURVE('',#6304,#6312,#3672,.T.);
#10661=EDGE_CURVE('',#6315,#6316,#3695,.T.);
#10663=EDGE_CURVE('',#6318,#6315,#3690,.T.);
#10665=EDGE_CURVE('',#6318,#5680,#3681,.T.);
#10668=EDGE_CURVE('',#5679,#6316,#3685,.T.);
#10680=EDGE_CURVE('',#6316,#6320,#3700,.T.);
#10682=EDGE_CURVE('',#6322,#6320,#3725,.T.);
#10684=EDGE_CURVE('',#6324,#6322,#3720,.T.);
#10686=EDGE_CURVE('',#6318,#6324,#3715,.T.);
#10696=EDGE_CURVE('',#6316,#6326,#3705,.T.);
#10698=EDGE_CURVE('',#6326,#6318,#3710,.T.);
#10701=EDGE_CURVE('',#6328,#6324,#3735,.T.);
#10703=EDGE_CURVE('',#6320,#6328,#3730,.T.);
#10739=EDGE_CURVE('',#6331,#6332,#3753,.T.);
#10741=EDGE_CURVE('',#6334,#6331,#3748,.T.);
#10743=EDGE_CURVE('',#6334,#5684,#3739,.T.);
#10746=EDGE_CURVE('',#5683,#6332,#3743,.T.);
#10758=EDGE_CURVE('',#6332,#6336,#3758,.T.);
#10760=EDGE_CURVE('',#6338,#6336,#3783,.T.);
#10762=EDGE_CURVE('',#6340,#6338,#3778,.T.);
#10764=EDGE_CURVE('',#6334,#6340,#3773,.T.);
#10774=EDGE_CURVE('',#6332,#6342,#3763,.T.);
#10776=EDGE_CURVE('',#6342,#6334,#3768,.T.);
#10779=EDGE_CURVE('',#6344,#6340,#3793,.T.);
#10781=EDGE_CURVE('',#6336,#6344,#3788,.T.);
#10817=EDGE_CURVE('',#6347,#6348,#3816,.T.);
#10819=EDGE_CURVE('',#6350,#6347,#3811,.T.);
#10821=EDGE_CURVE('',#6350,#5688,#3797,.T.);
#10824=EDGE_CURVE('',#5687,#6348,#3801,.T.);
#10834=EDGE_CURVE('',#6353,#6354,#3826,.T.);
#10836=EDGE_CURVE('',#6356,#6353,#3821,.T.);
#10838=EDGE_CURVE('',#6356,#6350,#3806,.T.);
#10842=EDGE_CURVE('',#6354,#6348,#3841,.T.);
#10854=EDGE_CURVE('',#6354,#6358,#3831,.T.);
#10856=EDGE_CURVE('',#6358,#6356,#3836,.T.);
#10869=EDGE_CURVE('',#6348,#6360,#3846,.T.);
#10871=EDGE_CURVE('',#6360,#6350,#3851,.T.);
#10901=B_SPLINE_CURVE_WITH_KNOTS('',3,(#10890,#10891,#10892,#10893,#10894,
#10895,#10896,#10897,#10898,#10899,#10900),.UNSPECIFIED.,.F.,.F.,(4,1,1,1,1,1,1,
1,4),(0.E0,2.019761063875E-1,2.507799225567E-1,2.995481539409E-1,
3.965499016108E-1,4.998935061173E-1,6.032371106239E-1,7.948705496632E-1,1.E0),
.UNSPECIFIED.);
#10905=EDGE_CURVE('',#6369,#6644,#3855,.T.);
#10908=EDGE_CURVE('',#6643,#6370,#3859,.T.);
#10910=EDGE_CURVE('',#6369,#6370,#3873,.T.);
#10921=EDGE_CURVE('',#6369,#6372,#3863,.T.);
#10923=EDGE_CURVE('',#6646,#6372,#4075,.T.);
#10935=EDGE_CURVE('',#6374,#6370,#3967,.T.);
#10937=EDGE_CURVE('',#6374,#6376,#3878,.T.);
#10939=EDGE_CURVE('',#6376,#6378,#3882,.T.);
#10941=EDGE_CURVE('',#6378,#6379,#3889,.T.);
#10943=EDGE_CURVE('',#6381,#6379,#3991,.T.);
#10945=EDGE_CURVE('',#6381,#6382,#3898,.T.);
#10947=EDGE_CURVE('',#6384,#6382,#4003,.T.);
#10949=EDGE_CURVE('',#6384,#6385,#3907,.T.);
#10951=EDGE_CURVE('',#6387,#6385,#4015,.T.);
#10953=EDGE_CURVE('',#6387,#6388,#3919,.T.);
#10955=EDGE_CURVE('',#6390,#6388,#4027,.T.);
#10957=EDGE_CURVE('',#6390,#6391,#3928,.T.);
#10959=EDGE_CURVE('',#6393,#6391,#4035,.T.);
#10961=EDGE_CURVE('',#6393,#6394,#3938,.T.);
#10963=EDGE_CURVE('',#6396,#6394,#4047,.T.);
#10965=EDGE_CURVE('',#6396,#6397,#3945,.T.);
#10967=EDGE_CURVE('',#6397,#6399,#3949,.T.);
#10969=EDGE_CURVE('',#6399,#6401,#3954,.T.);
#10971=EDGE_CURVE('',#6403,#6401,#4067,.T.);
#10973=EDGE_CURVE('',#6403,#6372,#3963,.T.);
#10984=EDGE_CURVE('',#6374,#6676,#3971,.T.);
#10999=EDGE_CURVE('',#6674,#6376,#3975,.T.);
#11012=EDGE_CURVE('',#6378,#6672,#3983,.T.);
#11026=B_SPLINE_CURVE_WITH_KNOTS('',3,(#11018,#11019,#11020,#11021,#11022,
#11023,#11024,#11025),.UNSPECIFIED.,.F.,.F.,(4,1,1,1,1,4),(0.E0,
1.923076923077E-2,3.373076242354E-1,6.657788032851E-1,9.807684370622E-1,1.E0),
.UNSPECIFIED.);
#11030=EDGE_CURVE('',#6671,#6379,#3979,.T.);
#11045=EDGE_CURVE('',#6669,#6381,#3987,.T.);
#11061=B_SPLINE_CURVE_WITH_KNOTS('',3,(#11051,#11052,#11053,#11054,#11055,
#11056,#11057,#11058,#11059,#11060),.UNSPECIFIED.,.F.,.F.,(4,1,1,1,1,1,1,4),(
0.E0,1.954550725385E-1,3.890893299425E-1,5.978103034518E-1,6.957073443503E-1,
7.449254351920E-1,7.941793960753E-1,1.E0),.UNSPECIFIED.);
#11067=EDGE_CURVE('',#6668,#6382,#3995,.T.);
#11080=EDGE_CURVE('',#6666,#6384,#3999,.T.);
#11096=B_SPLINE_CURVE_WITH_KNOTS('',3,(#11086,#11087,#11088,#11089,#11090,
#11091,#11092,#11093,#11094,#11095),.UNSPECIFIED.,.F.,.F.,(4,1,1,1,1,1,1,4),(
0.E0,2.019005152602E-1,2.506768615902E-1,2.994176431338E-1,3.963647576838E-1,
6.029444795235E-1,7.944860465170E-1,1.E0),.UNSPECIFIED.);
#11102=EDGE_CURVE('',#6665,#6385,#4007,.T.);
#11115=EDGE_CURVE('',#6663,#6387,#4011,.T.);
#11134=B_SPLINE_CURVE_WITH_KNOTS('',3,(#11121,#11122,#11123,#11124,#11125,
#11126,#11127,#11128,#11129,#11130,#11131,#11132,#11133),.UNSPECIFIED.,.F.,.F.,(
4,1,1,1,1,1,1,1,1,1,4),(0.E0,8.736340718351E-2,2.254998089148E-1,
3.586914094027E-1,4.328263048147E-1,5.063096002644E-1,5.776577773025E-1,
6.496374694442E-1,7.777644266004E-1,9.132557880045E-1,1.E0),.UNSPECIFIED.);
#11140=EDGE_CURVE('',#6662,#6388,#4019,.T.);
#11153=EDGE_CURVE('',#6660,#6390,#4023,.T.);
#11169=B_SPLINE_CURVE_WITH_KNOTS('',3,(#11159,#11160,#11161,#11162,#11163,
#11164,#11165,#11166,#11167,#11168),.UNSPECIFIED.,.F.,.F.,(4,1,1,1,1,1,1,4),(
0.E0,1.954550019690E-1,3.890893037029E-1,5.978103067310E-1,6.957073610855E-1,
7.449254588118E-1,7.941794232513E-1,1.E0),.UNSPECIFIED.);
#11175=EDGE_CURVE('',#6659,#6391,#4031,.T.);
#11188=EDGE_CURVE('',#6393,#6657,#4043,.T.);
#11205=B_SPLINE_CURVE_WITH_KNOTS('',3,(#11194,#11195,#11196,#11197,#11198,
#11199,#11200,#11201,#11202,#11203,#11204),.UNSPECIFIED.,.F.,.F.,(4,1,1,1,1,1,1,
1,4),(0.E0,1.991451053856E-1,2.232195548768E-1,2.472887259300E-1,
2.953972382289E-1,3.910867486257E-1,5.934826139208E-1,7.878696435276E-1,1.E0),
.UNSPECIFIED.);
#11209=EDGE_CURVE('',#6656,#6394,#4039,.T.);
#11222=EDGE_CURVE('',#6396,#6654,#4051,.T.);
#11238=B_SPLINE_CURVE_WITH_KNOTS('',3,(#11230,#11231,#11232,#11233,#11234,
#11235,#11236,#11237),.UNSPECIFIED.,.F.,.F.,(4,1,1,1,1,4),(0.E0,
1.923077594020E-2,3.356744494311E-1,6.642886134123E-1,9.807350410685E-1,1.E0),
.UNSPECIFIED.);
#11244=EDGE_CURVE('',#6653,#6397,#4055,.T.);
#11255=EDGE_CURVE('',#6651,#6399,#4059,.T.);
#11270=EDGE_CURVE('',#6649,#6401,#4063,.T.);
#11283=EDGE_CURVE('',#6403,#6647,#4071,.T.);
#11299=B_SPLINE_CURVE_WITH_KNOTS('',3,(#11289,#11290,#11291,#11292,#11293,
#11294,#11295,#11296,#11297,#11298),.UNSPECIFIED.,.F.,.F.,(4,1,1,1,1,1,1,4),(
0.E0,1.954595741254E-1,3.890731959572E-1,5.977898165407E-1,6.956928500489E-1,
7.449139193673E-1,7.941708609091E-1,1.E0),.UNSPECIFIED.);
#11315=EDGE_CURVE('',#6680,#6407,#4083,.T.);
#11318=EDGE_CURVE('',#6406,#6679,#4239,.T.);
#11320=EDGE_CURVE('',#6406,#6407,#4079,.T.);
#11335=B_SPLINE_CURVE_WITH_KNOTS('',3,(#11325,#11326,#11327,#11328,#11329,
#11330,#11331,#11332,#11333,#11334),.UNSPECIFIED.,.F.,.F.,(4,1,1,1,1,1,1,4),(
0.E0,1.954561181123E-1,3.890637864328E-1,5.977830738921E-1,6.956913107779E-1,
7.449149787197E-1,7.941745102162E-1,1.E0),.UNSPECIFIED.);
#11339=EDGE_CURVE('',#6681,#6408,#4087,.T.);
#11343=EDGE_CURVE('',#6408,#6407,#4231,.T.);
#11353=EDGE_CURVE('',#6683,#6410,#4095,.T.);
#11357=EDGE_CURVE('',#6408,#6410,#4091,.T.);
#11372=B_SPLINE_CURVE_WITH_KNOTS('',3,(#11362,#11363,#11364,#11365,#11366,
#11367,#11368,#11369,#11370,#11371),.UNSPECIFIED.,.F.,.F.,(4,1,1,1,1,1,1,4),(
0.E0,2.019077411854E-1,2.506869533230E-1,2.994306055039E-1,3.963834977474E-1,
6.029579400586E-1,7.944787735814E-1,1.E0),.UNSPECIFIED.);
#11376=EDGE_CURVE('',#6684,#6411,#4099,.T.);
#11380=EDGE_CURVE('',#6411,#6410,#4222,.T.);
#11390=EDGE_CURVE('',#6686,#6413,#4107,.T.);
#11394=EDGE_CURVE('',#6411,#6413,#4103,.T.);
#11409=B_SPLINE_CURVE_WITH_KNOTS('',3,(#11399,#11400,#11401,#11402,#11403,
#11404,#11405,#11406,#11407,#11408),.UNSPECIFIED.,.F.,.F.,(4,1,1,1,1,1,1,4),(
0.E0,1.954597724632E-1,3.890735863496E-1,5.977904189091E-1,6.956935518989E-1,
7.449146712370E-1,7.941716556697E-1,1.E0),.UNSPECIFIED.);
#11413=EDGE_CURVE('',#6687,#6414,#4111,.T.);
#11417=EDGE_CURVE('',#6414,#6413,#4213,.T.);
#11427=EDGE_CURVE('',#6689,#6416,#4119,.T.);
#11431=EDGE_CURVE('',#6414,#6416,#4115,.T.);
#11449=B_SPLINE_CURVE_WITH_KNOTS('',3,(#11436,#11437,#11438,#11439,#11440,
#11441,#11442,#11443,#11444,#11445,#11446,#11447,#11448),.UNSPECIFIED.,.F.,.F.,(
4,1,1,1,1,1,1,1,1,1,4),(0.E0,8.736183116811E-2,2.254978144033E-1,
3.586937072840E-1,4.328301937049E-1,5.063151079806E-1,5.776622959687E-1,
6.496409758582E-1,7.777661331188E-1,9.132560922146E-1,1.E0),.UNSPECIFIED.);
#11453=EDGE_CURVE('',#6690,#6417,#4123,.T.);
#11457=EDGE_CURVE('',#6417,#6416,#4204,.T.);
#11467=EDGE_CURVE('',#6692,#6419,#4131,.T.);
#11471=EDGE_CURVE('',#6417,#6419,#4127,.T.);
#11486=B_SPLINE_CURVE_WITH_KNOTS('',3,(#11476,#11477,#11478,#11479,#11480,
#11481,#11482,#11483,#11484,#11485),.UNSPECIFIED.,.F.,.F.,(4,1,1,1,1,1,1,4),(
0.E0,2.019104434200E-1,2.506871518538E-1,2.994282935623E-1,3.963761589136E-1,
6.029485575437E-1,7.944755446502E-1,1.E0),.UNSPECIFIED.);
#11491=EDGE_CURVE('',#6420,#6419,#4192,.T.);
#11493=EDGE_CURVE('',#6420,#6693,#4135,.T.);
#11505=EDGE_CURVE('',#6406,#6421,#4144,.T.);
#11507=EDGE_CURVE('',#6423,#6421,#4247,.T.);
#11509=EDGE_CURVE('',#6423,#6424,#4156,.T.);
#11511=EDGE_CURVE('',#6426,#6424,#4259,.T.);
#11513=EDGE_CURVE('',#6426,#6427,#4165,.T.);
#11515=EDGE_CURVE('',#6429,#6427,#4271,.T.);
#11517=EDGE_CURVE('',#6429,#6430,#4174,.T.);
#11519=EDGE_CURVE('',#6432,#6430,#4283,.T.);
#11521=EDGE_CURVE('',#6432,#6433,#4183,.T.);
#11523=EDGE_CURVE('',#6420,#6433,#4291,.T.);
#11547=B_SPLINE_CURVE_WITH_KNOTS('',3,(#11537,#11538,#11539,#11540,#11541,
#11542,#11543,#11544,#11545,#11546),.UNSPECIFIED.,.F.,.F.,(4,1,1,1,1,1,1,4),(
0.E0,2.019077309848E-1,2.506869470126E-1,2.994305977604E-1,3.963834871635E-1,
6.029579234650E-1,7.944787550354E-1,1.E0),.UNSPECIFIED.);
#11551=EDGE_CURVE('',#6707,#6421,#4235,.T.);
#11566=EDGE_CURVE('',#6705,#6423,#4243,.T.);
#11585=B_SPLINE_CURVE_WITH_KNOTS('',3,(#11572,#11573,#11574,#11575,#11576,
#11577,#11578,#11579,#11580,#11581,#11582,#11583,#11584),.UNSPECIFIED.,.F.,.F.,(
4,1,1,1,1,1,1,1,1,1,4),(0.E0,8.736158174059E-2,2.254983101289E-1,
3.586901444074E-1,4.328251331539E-1,5.063086697686E-1,5.776573194062E-1,
6.496373557196E-1,7.777654190233E-1,9.132574339662E-1,1.E0),.UNSPECIFIED.);
#11591=EDGE_CURVE('',#6704,#6424,#4251,.T.);
#11604=EDGE_CURVE('',#6702,#6426,#4255,.T.);
#11620=B_SPLINE_CURVE_WITH_KNOTS('',3,(#11610,#11611,#11612,#11613,#11614,
#11615,#11616,#11617,#11618,#11619),.UNSPECIFIED.,.F.,.F.,(4,1,1,1,1,1,1,4),(
0.E0,1.954561011703E-1,3.890637734550E-1,5.977830651841E-1,6.956913041062E-1,
7.449149730670E-1,7.941745055951E-1,1.E0),.UNSPECIFIED.);
#11626=EDGE_CURVE('',#6701,#6427,#4263,.T.);
#11639=EDGE_CURVE('',#6699,#6429,#4267,.T.);
#11655=B_SPLINE_CURVE_WITH_KNOTS('',3,(#11645,#11646,#11647,#11648,#11649,
#11650,#11651,#11652,#11653,#11654),.UNSPECIFIED.,.F.,.F.,(4,1,1,1,1,1,1,4),(
0.E0,2.019104539048E-1,2.506871583548E-1,2.994283014045E-1,3.963761694182E-1,
6.029485738756E-1,7.944755627667E-1,1.E0),.UNSPECIFIED.);
#11661=EDGE_CURVE('',#6698,#6430,#4275,.T.);
#11674=EDGE_CURVE('',#6696,#6432,#4279,.T.);
#11690=B_SPLINE_CURVE_WITH_KNOTS('',3,(#11680,#11681,#11682,#11683,#11684,
#11685,#11686,#11687,#11688,#11689),.UNSPECIFIED.,.F.,.F.,(4,1,1,1,1,1,1,4),(
0.E0,1.954597900112E-1,3.890736004513E-1,5.977904279612E-1,6.956935587634E-1,
7.449146770037E-1,7.941716603200E-1,1.E0),.UNSPECIFIED.);
#11696=EDGE_CURVE('',#6695,#6433,#4287,.T.);
#11722=B_SPLINE_CURVE_WITH_KNOTS('',3,(#11714,#11715,#11716,#11717,#11718,
#11719,#11720,#11721),.UNSPECIFIED.,.F.,.F.,(4,1,1,1,1,4),(0.E0,
1.923077440007E-2,3.356521953248E-1,6.642663748542E-1,9.807350220003E-1,1.E0),
.UNSPECIFIED.);
#11726=EDGE_CURVE('',#6434,#6709,#4295,.T.);
#11729=EDGE_CURVE('',#6708,#6435,#4299,.T.);
#11731=EDGE_CURVE('',#6434,#6435,#4310,.T.);
#11742=EDGE_CURVE('',#6434,#6437,#4303,.T.);
#11744=EDGE_CURVE('',#6711,#6437,#4486,.T.);
#11756=EDGE_CURVE('',#6435,#6439,#4314,.T.);
#11758=EDGE_CURVE('',#6439,#6440,#4322,.T.);
#11760=EDGE_CURVE('',#6442,#6440,#4418,.T.);
#11762=EDGE_CURVE('',#6442,#6444,#4327,.T.);
#11764=EDGE_CURVE('',#6446,#6444,#4430,.T.);
#11766=EDGE_CURVE('',#6446,#6447,#4336,.T.);
#11768=EDGE_CURVE('',#6449,#6447,#4438,.T.);
#11770=EDGE_CURVE('',#6449,#6450,#4345,.T.);
#11772=EDGE_CURVE('',#6452,#6450,#4454,.T.);
#11774=EDGE_CURVE('',#6452,#6453,#4352,.T.);
#11776=EDGE_CURVE('',#6453,#6455,#4356,.T.);
#11778=EDGE_CURVE('',#6455,#6456,#4364,.T.);
#11780=EDGE_CURVE('',#6458,#6456,#4470,.T.);
#11782=EDGE_CURVE('',#6458,#6459,#4372,.T.);
#11784=EDGE_CURVE('',#6459,#6461,#4376,.T.);
#11786=EDGE_CURVE('',#6461,#6437,#4383,.T.);
#11791=EDGE_CURVE('',#6462,#6463,#4397,.T.);
#11793=EDGE_CURVE('',#6463,#6462,#4402,.T.);
#11803=EDGE_CURVE('',#6439,#6734,#4406,.T.);
#11820=B_SPLINE_CURVE_WITH_KNOTS('',3,(#11811,#11812,#11813,#11814,#11815,
#11816,#11817,#11818,#11819),.UNSPECIFIED.,.F.,.F.,(4,1,1,1,1,1,4),(0.E0,
1.923076922162E-2,3.386285685080E-1,6.609219435696E-1,8.208315128624E-1,
9.807763868786E-1,1.E0),.UNSPECIFIED.);
#11826=EDGE_CURVE('',#6733,#6440,#4410,.T.);
#11839=EDGE_CURVE('',#6731,#6442,#4414,.T.);
#11852=EDGE_CURVE('',#6729,#6444,#4422,.T.);
#11865=EDGE_CURVE('',#6727,#6446,#4426,.T.);
#11881=B_SPLINE_CURVE_WITH_KNOTS('',3,(#11871,#11872,#11873,#11874,#11875,
#11876,#11877,#11878,#11879,#11880),.UNSPECIFIED.,.F.,.F.,(4,1,1,1,1,1,1,4),(
0.E0,1.954434166503E-1,3.890820834323E-1,5.977976090432E-1,6.957000952920E-1,
7.449208893954E-1,7.941775554855E-1,1.E0),.UNSPECIFIED.);
#11887=EDGE_CURVE('',#6726,#6447,#4434,.T.);
#11898=EDGE_CURVE('',#6449,#6724,#4442,.T.);
#11916=B_SPLINE_CURVE_WITH_KNOTS('',3,(#11906,#11907,#11908,#11909,#11910,
#11911,#11912,#11913,#11914,#11915),.UNSPECIFIED.,.F.,.F.,(4,1,1,1,1,1,1,4),(
0.E0,2.019071942524E-1,2.506844501520E-1,2.994261493061E-1,3.963751235555E-1,
6.029499402677E-1,7.944790902644E-1,1.E0),.UNSPECIFIED.);
#11922=EDGE_CURVE('',#6723,#6450,#4446,.T.);
#11935=EDGE_CURVE('',#6721,#6452,#4450,.T.);
#11949=B_SPLINE_CURVE_WITH_KNOTS('',3,(#11941,#11942,#11943,#11944,#11945,
#11946,#11947,#11948),.UNSPECIFIED.,.F.,.F.,(4,1,1,1,1,4),(0.E0,
2.129507711093E-1,4.019477091966E-1,5.981813902425E-1,7.865817827950E-1,1.E0),
.UNSPECIFIED.);
#11955=EDGE_CURVE('',#6720,#6453,#4458,.T.);
#11968=EDGE_CURVE('',#6718,#6455,#4462,.T.);
#11983=B_SPLINE_CURVE_WITH_KNOTS('',3,(#11974,#11975,#11976,#11977,#11978,
#11979,#11980,#11981,#11982),.UNSPECIFIED.,.F.,.F.,(4,1,1,1,1,1,4),(0.E0,
1.923076385826E-2,3.388551899463E-1,6.611609318804E-1,8.209590412547E-1,
9.807692055545E-1,1.E0),.UNSPECIFIED.);
#11989=EDGE_CURVE('',#6717,#6456,#4466,.T.);
#12002=EDGE_CURVE('',#6458,#6715,#4478,.T.);
#12017=B_SPLINE_CURVE_WITH_KNOTS('',3,(#12008,#12009,#12010,#12011,#12012,
#12013,#12014,#12015,#12016),.UNSPECIFIED.,.F.,.F.,(4,1,1,1,1,1,4),(0.E0,
1.923077572024E-2,1.790145286134E-1,3.387859768541E-1,6.610909792303E-1,
9.807689464477E-1,1.E0),.UNSPECIFIED.);
#12021=EDGE_CURVE('',#6714,#6459,#4474,.T.);
#12036=EDGE_CURVE('',#6712,#6461,#4482,.T.);
#12050=B_SPLINE_CURVE_WITH_KNOTS('',3,(#12042,#12043,#12044,#12045,#12046,
#12047,#12048,#12049),.UNSPECIFIED.,.F.,.F.,(4,1,1,1,1,4),(0.E0,
1.922843218319E-2,3.356239981466E-1,6.642338401297E-1,9.807349853769E-1,1.E0),
.UNSPECIFIED.);
#12076=B_SPLINE_CURVE_WITH_KNOTS('',3,(#12061,#12062,#12063,#12064,#12065,
#12066,#12067,#12068,#12069,#12070,#12071,#12072,#12073,#12074,#12075),
.UNSPECIFIED.,.F.,.F.,(4,1,1,1,1,1,1,1,1,1,1,1,4),(0.E0,7.382448472456E-2,
2.154683136053E-1,3.590580265988E-1,4.288571652768E-1,4.637465738686E-1,
4.986360748053E-1,5.334413337688E-1,5.682465095894E-1,6.378787977465E-1,
7.817318503446E-1,9.259958340910E-1,1.E0),.UNSPECIFIED.);
#12081=EDGE_CURVE('',#6462,#6465,#4490,.T.);
#12083=EDGE_CURVE('',#6466,#6465,#4513,.T.);
#12085=EDGE_CURVE('',#6466,#6463,#4494,.T.);
#12098=EDGE_CURVE('',#6466,#6465,#4499,.T.);
#12121=B_SPLINE_CURVE_WITH_KNOTS('',3,(#12113,#12114,#12115,#12116,#12117,
#12118,#12119,#12120),.UNSPECIFIED.,.F.,.F.,(4,1,1,1,1,4),(0.E0,
1.923081655446E-2,3.356435090295E-1,6.642737554642E-1,9.806864766600E-1,1.E0),
.UNSPECIFIED.);
#12125=EDGE_CURVE('',#6467,#6736,#4517,.T.);
#12128=EDGE_CURVE('',#6735,#6468,#4521,.T.);
#12130=EDGE_CURVE('',#6467,#6468,#4560,.T.);
#12140=EDGE_CURVE('',#6738,#6470,#4529,.T.);
#12144=EDGE_CURVE('',#6467,#6470,#4525,.T.);
#12158=B_SPLINE_CURVE_WITH_KNOTS('',3,(#12149,#12150,#12151,#12152,#12153,
#12154,#12155,#12156,#12157),.UNSPECIFIED.,.F.,.F.,(4,1,1,1,1,1,4),(0.E0,
1.752414185862E-1,2.871765701132E-1,3.990887791935E-1,6.129347050223E-1,
8.256471699007E-1,1.E0),.UNSPECIFIED.);
#12162=EDGE_CURVE('',#6739,#6471,#4533,.T.);
#12166=EDGE_CURVE('',#6471,#6470,#4621,.T.);
#12176=EDGE_CURVE('',#6741,#6473,#4537,.T.);
#12180=EDGE_CURVE('',#6473,#6471,#4613,.T.);
#12193=B_SPLINE_CURVE_WITH_KNOTS('',3,(#12185,#12186,#12187,#12188,#12189,
#12190,#12191,#12192),.UNSPECIFIED.,.F.,.F.,(4,1,1,1,1,4),(0.E0,
1.923153206380E-2,3.356870295666E-1,6.643128502944E-1,9.807684693218E-1,1.E0),
.UNSPECIFIED.);
#12197=EDGE_CURVE('',#6742,#6474,#4541,.T.);
#12201=EDGE_CURVE('',#6474,#6473,#4609,.T.);
#12211=EDGE_CURVE('',#6744,#6476,#4549,.T.);
#12215=EDGE_CURVE('',#6474,#6476,#4545,.T.);
#12228=B_SPLINE_CURVE_WITH_KNOTS('',3,(#12220,#12221,#12222,#12223,#12224,
#12225,#12226,#12227),.UNSPECIFIED.,.F.,.F.,(4,1,1,1,1,4),(0.E0,
1.923078195902E-2,3.356862936450E-1,6.643121091837E-1,9.807677126935E-1,1.E0),
.UNSPECIFIED.);
#12233=EDGE_CURVE('',#6477,#6476,#4602,.T.);
#12235=EDGE_CURVE('',#6477,#6745,#4553,.T.);
#12247=EDGE_CURVE('',#6468,#6479,#4564,.T.);
#12249=EDGE_CURVE('',#6479,#6480,#4572,.T.);
#12251=EDGE_CURVE('',#6480,#6482,#4576,.T.);
#12253=EDGE_CURVE('',#6482,#6483,#4583,.T.);
#12255=EDGE_CURVE('',#6485,#6483,#4645,.T.);
#12257=EDGE_CURVE('',#6485,#6486,#4591,.T.);
#12259=EDGE_CURVE('',#6486,#6477,#4595,.T.);
#12275=EDGE_CURVE('',#6479,#6754,#4625,.T.);
#12292=B_SPLINE_CURVE_WITH_KNOTS('',3,(#12283,#12284,#12285,#12286,#12287,
#12288,#12289,#12290,#12291),.UNSPECIFIED.,.F.,.F.,(4,1,1,1,1,1,4),(0.E0,
1.923076764787E-2,2.403719165808E-1,4.992285916534E-1,7.584846353250E-1,
9.807692371031E-1,1.E0),.UNSPECIFIED.);
#12298=EDGE_CURVE('',#6753,#6480,#4629,.T.);
#12311=EDGE_CURVE('',#6751,#6482,#4633,.T.);
#12325=B_SPLINE_CURVE_WITH_KNOTS('',3,(#12317,#12318,#12319,#12320,#12321,
#12322,#12323,#12324),.UNSPECIFIED.,.F.,.F.,(4,1,1,1,1,4),(0.E0,
1.923135142876E-2,3.356705650964E-1,6.643283613613E-1,9.807676665435E-1,1.E0),
.UNSPECIFIED.);
#12331=EDGE_CURVE('',#6750,#6483,#4637,.T.);
#12344=EDGE_CURVE('',#6748,#6485,#4641,.T.);
#12359=B_SPLINE_CURVE_WITH_KNOTS('',3,(#12350,#12351,#12352,#12353,#12354,
#12355,#12356,#12357,#12358),.UNSPECIFIED.,.F.,.F.,(4,1,1,1,1,1,4),(0.E0,
1.763576358404E-1,3.971431056211E-1,6.101137179767E-1,7.169249775918E-1,
8.237716314054E-1,1.E0),.UNSPECIFIED.);
#12365=EDGE_CURVE('',#6747,#6486,#4649,.T.);
#12391=B_SPLINE_CURVE_WITH_KNOTS('',3,(#12383,#12384,#12385,#12386,#12387,
#12388,#12389,#12390),.UNSPECIFIED.,.F.,.F.,(4,1,1,1,1,4),(0.E0,
1.923082588910E-2,3.360956171165E-1,6.650357545627E-1,9.807692306221E-1,1.E0),
.UNSPECIFIED.);
#12395=EDGE_CURVE('',#6756,#6487,#4657,.T.);
#12398=EDGE_CURVE('',#6755,#6488,#4653,.T.);
#12400=EDGE_CURVE('',#6487,#6488,#4712,.T.);
#12410=EDGE_CURVE('',#6758,#6490,#4665,.T.);
#12414=EDGE_CURVE('',#6487,#6490,#4661,.T.);
#12429=B_SPLINE_CURVE_WITH_KNOTS('',3,(#12419,#12420,#12421,#12422,#12423,
#12424,#12425,#12426,#12427,#12428),.UNSPECIFIED.,.F.,.F.,(4,1,1,1,1,1,1,4),(
0.E0,2.019071975928E-1,2.506844550380E-1,2.994261511584E-1,3.963751193790E-1,
6.029499325227E-1,7.944790879059E-1,1.E0),.UNSPECIFIED.);
#12433=EDGE_CURVE('',#6759,#6491,#4669,.T.);
#12437=EDGE_CURVE('',#6491,#6490,#4787,.T.);
#12447=EDGE_CURVE('',#6761,#6493,#4677,.T.);
#12451=EDGE_CURVE('',#6491,#6493,#4673,.T.);
#12466=B_SPLINE_CURVE_WITH_KNOTS('',3,(#12456,#12457,#12458,#12459,#12460,
#12461,#12462,#12463,#12464,#12465),.UNSPECIFIED.,.F.,.F.,(4,1,1,1,1,1,1,4),(
0.E0,1.954566569305E-1,3.890725809082E-1,5.977917519004E-1,6.956959478749E-1,
7.449176015456E-1,7.941751200327E-1,1.E0),.UNSPECIFIED.);
#12470=EDGE_CURVE('',#6762,#6494,#4681,.T.);
#12474=EDGE_CURVE('',#6494,#6493,#4778,.T.);
#12484=EDGE_CURVE('',#6764,#6496,#4689,.T.);
#12488=EDGE_CURVE('',#6494,#6496,#4685,.T.);
#12506=B_SPLINE_CURVE_WITH_KNOTS('',3,(#12493,#12494,#12495,#12496,#12497,
#12498,#12499,#12500,#12501,#12502,#12503,#12504,#12505),.UNSPECIFIED.,.F.,.F.,(
4,1,1,1,1,1,1,1,1,1,4),(0.E0,8.736168304759E-2,2.254972816507E-1,
3.586931956666E-1,4.328296111523E-1,5.063145386457E-1,5.776619130285E-1,
6.496407059646E-1,7.777664225549E-1,9.132562278020E-1,1.E0),.UNSPECIFIED.);
#12510=EDGE_CURVE('',#6765,#6497,#4693,.T.);
#12514=EDGE_CURVE('',#6497,#6496,#4769,.T.);
#12524=EDGE_CURVE('',#6767,#6499,#4701,.T.);
#12528=EDGE_CURVE('',#6497,#6499,#4697,.T.);
#12543=B_SPLINE_CURVE_WITH_KNOTS('',3,(#12533,#12534,#12535,#12536,#12537,
#12538,#12539,#12540,#12541,#12542),.UNSPECIFIED.,.F.,.F.,(4,1,1,1,1,1,1,4),(
0.E0,2.019071898594E-1,2.506844529424E-1,2.994261488940E-1,3.963751167564E-1,
6.029499291830E-1,7.944790857943E-1,1.E0),.UNSPECIFIED.);
#12548=EDGE_CURVE('',#6500,#6499,#4757,.T.);
#12550=EDGE_CURVE('',#6500,#6768,#4705,.T.);
#12562=EDGE_CURVE('',#6488,#6502,#4716,.T.);
#12564=EDGE_CURVE('',#6502,#6503,#4724,.T.);
#12566=EDGE_CURVE('',#6505,#6503,#4799,.T.);
#12568=EDGE_CURVE('',#6505,#6506,#4732,.T.);
#12570=EDGE_CURVE('',#6508,#6506,#4807,.T.);
#12572=EDGE_CURVE('',#6508,#6509,#4739,.T.);
#12574=EDGE_CURVE('',#6511,#6509,#4827,.T.);
#12576=EDGE_CURVE('',#6511,#6512,#4748,.T.);
#12578=EDGE_CURVE('',#6500,#6512,#4835,.T.);
#12596=EDGE_CURVE('',#6502,#6780,#4791,.T.);
#12613=B_SPLINE_CURVE_WITH_KNOTS('',3,(#12604,#12605,#12606,#12607,#12608,
#12609,#12610,#12611,#12612),.UNSPECIFIED.,.F.,.F.,(4,1,1,1,1,1,4),(0.E0,
1.923077495510E-2,3.385467952928E-1,6.608535026268E-1,8.208055162610E-1,
9.807692121009E-1,1.E0),.UNSPECIFIED.);
#12619=EDGE_CURVE('',#6779,#6503,#4795,.T.);
#12632=EDGE_CURVE('',#6505,#6777,#4803,.T.);
#12647=B_SPLINE_CURVE_WITH_KNOTS('',3,(#12638,#12639,#12640,#12641,#12642,
#12643,#12644,#12645,#12646),.UNSPECIFIED.,.F.,.F.,(4,1,1,1,1,1,4),(0.E0,
2.132097063839E-1,3.084788321149E-1,4.037327245573E-1,5.964596832864E-1,
7.879553341942E-1,1.E0),.UNSPECIFIED.);
#12653=EDGE_CURVE('',#6506,#6776,#4811,.T.);
#12665=EDGE_CURVE('',#6508,#6774,#4819,.T.);
#12680=B_SPLINE_CURVE_WITH_KNOTS('',3,(#12672,#12673,#12674,#12675,#12676,
#12677,#12678,#12679),.UNSPECIFIED.,.F.,.F.,(4,1,1,1,1,4),(0.E0,
1.923076928958E-2,3.367245898800E-1,6.652625232218E-1,9.807686436842E-1,1.E0),
.UNSPECIFIED.);
#12684=EDGE_CURVE('',#6773,#6509,#4815,.T.);
#12699=EDGE_CURVE('',#6771,#6511,#4823,.T.);
#12715=B_SPLINE_CURVE_WITH_KNOTS('',3,(#12705,#12706,#12707,#12708,#12709,
#12710,#12711,#12712,#12713,#12714),.UNSPECIFIED.,.F.,.F.,(4,1,1,1,1,1,1,4),(
0.E0,1.954567394376E-1,3.890726438945E-1,5.977917929665E-1,6.956959790061E-1,
7.449176276863E-1,7.941751439750E-1,1.E0),.UNSPECIFIED.);
#12721=EDGE_CURVE('',#6770,#6512,#4831,.T.);
#12744=EDGE_CURVE('',#6784,#6516,#4843,.T.);
#12747=EDGE_CURVE('',#6515,#6783,#5036,.T.);
#12749=EDGE_CURVE('',#6515,#6516,#4839,.T.);
#12764=B_SPLINE_CURVE_WITH_KNOTS('',3,(#12754,#12755,#12756,#12757,#12758,
#12759,#12760,#12761,#12762,#12763),.UNSPECIFIED.,.F.,.F.,(4,1,1,1,1,1,1,4),(
0.E0,1.954550233999E-1,3.890893157937E-1,5.978103142598E-1,6.957073673108E-1,
7.449254643832E-1,7.941794250047E-1,1.E0),.UNSPECIFIED.);
#12768=EDGE_CURVE('',#6785,#6517,#4847,.T.);
#12772=EDGE_CURVE('',#6517,#6516,#5032,.T.);
#12782=EDGE_CURVE('',#6787,#6519,#4855,.T.);
#12786=EDGE_CURVE('',#6517,#6519,#4851,.T.);
#12801=B_SPLINE_CURVE_WITH_KNOTS('',3,(#12791,#12792,#12793,#12794,#12795,
#12796,#12797,#12798,#12799,#12800),.UNSPECIFIED.,.F.,.F.,(4,1,1,1,1,1,1,4),(
0.E0,2.019106742452E-1,2.506873964416E-1,2.994285617864E-1,3.963764748414E-1,
6.029487228837E-1,7.944753408940E-1,1.E0),.UNSPECIFIED.);
#12805=EDGE_CURVE('',#6788,#6520,#4859,.T.);
#12809=EDGE_CURVE('',#6520,#6519,#5023,.T.);
#12819=EDGE_CURVE('',#6790,#6522,#4867,.T.);
#12823=EDGE_CURVE('',#6520,#6522,#4863,.T.);
#12838=B_SPLINE_CURVE_WITH_KNOTS('',3,(#12828,#12829,#12830,#12831,#12832,
#12833,#12834,#12835,#12836,#12837),.UNSPECIFIED.,.F.,.F.,(4,1,1,1,1,1,1,4),(
0.E0,1.954561160087E-1,3.890638623481E-1,5.977831565681E-1,6.956913547530E-1,
7.449150037308E-1,7.941745103156E-1,1.E0),.UNSPECIFIED.);
#12842=EDGE_CURVE('',#6791,#6523,#4871,.T.);
#12846=EDGE_CURVE('',#6523,#6522,#5014,.T.);
#12856=EDGE_CURVE('',#6793,#6525,#4879,.T.);
#12860=EDGE_CURVE('',#6523,#6525,#4875,.T.);
#12877=B_SPLINE_CURVE_WITH_KNOTS('',3,(#12865,#12866,#12867,#12868,#12869,
#12870,#12871,#12872,#12873,#12874,#12875,#12876),.UNSPECIFIED.,.F.,.F.,(4,1,1,
1,1,1,1,1,1,4),(0.E0,1.510887263149E-1,2.960477166181E-1,4.287865628020E-1,
4.638070364313E-1,4.988269498354E-1,5.689245083557E-1,7.130517894775E-1,
8.604024996155E-1,1.E0),.UNSPECIFIED.);
#12881=EDGE_CURVE('',#6794,#6526,#4883,.T.);
#12885=EDGE_CURVE('',#6526,#6525,#5005,.T.);
#12895=EDGE_CURVE('',#6796,#6528,#4887,.T.);
#12899=EDGE_CURVE('',#6528,#6526,#4994,.T.);
#12914=B_SPLINE_CURVE_WITH_KNOTS('',3,(#12904,#12905,#12906,#12907,#12908,
#12909,#12910,#12911,#12912,#12913),.UNSPECIFIED.,.F.,.F.,(4,1,1,1,1,1,1,4),(
0.E0,1.825691835465E-1,2.346427063415E-1,2.866760591862E-1,3.903858650948E-1,
6.101318593793E-1,8.157872674960E-1,1.E0),.UNSPECIFIED.);
#12918=EDGE_CURVE('',#6797,#6529,#4891,.T.);
#12922=EDGE_CURVE('',#6529,#6528,#4990,.T.);
#12932=EDGE_CURVE('',#6799,#6531,#4899,.T.);
#12936=EDGE_CURVE('',#6529,#6531,#4895,.T.);
#12951=B_SPLINE_CURVE_WITH_KNOTS('',3,(#12941,#12942,#12943,#12944,#12945,
#12946,#12947,#12948,#12949,#12950),.UNSPECIFIED.,.F.,.F.,(4,1,1,1,1,1,1,4),(
0.E0,1.953908865198E-1,3.888497263805E-1,5.979208275632E-1,6.957302606658E-1,
7.449061638943E-1,7.941181398396E-1,1.E0),.UNSPECIFIED.);
#12955=EDGE_CURVE('',#6800,#6532,#4903,.T.);
#12959=EDGE_CURVE('',#6532,#6531,#4981,.T.);
#12969=EDGE_CURVE('',#6802,#6534,#4911,.T.);
#12973=EDGE_CURVE('',#6532,#6534,#4907,.T.);
#12988=B_SPLINE_CURVE_WITH_KNOTS('',3,(#12978,#12979,#12980,#12981,#12982,
#12983,#12984,#12985,#12986,#12987),.UNSPECIFIED.,.F.,.F.,(4,1,1,1,1,1,1,4),(
0.E0,2.019032210301E-1,2.506770610624E-1,2.994153365508E-1,3.963574343942E-1,
6.029351271313E-1,7.944828508860E-1,1.E0),.UNSPECIFIED.);
#12992=EDGE_CURVE('',#6803,#6535,#4915,.T.);
#12996=EDGE_CURVE('',#6535,#6534,#4972,.T.);
#13006=EDGE_CURVE('',#6805,#6537,#4923,.T.);
#13010=EDGE_CURVE('',#6535,#6537,#4919,.T.);
#13025=B_SPLINE_CURVE_WITH_KNOTS('',3,(#13015,#13016,#13017,#13018,#13019,
#13020,#13021,#13022,#13023,#13024),.UNSPECIFIED.,.F.,.F.,(4,1,1,1,1,1,1,4),(
0.E0,1.954513579895E-1,3.890795056868E-1,5.978029635211E-1,6.957051212217E-1,
7.449257672893E-1,7.941822686682E-1,1.E0),.UNSPECIFIED.);
#13029=EDGE_CURVE('',#6806,#6538,#4927,.T.);
#13033=EDGE_CURVE('',#6538,#6537,#4963,.T.);
#13043=EDGE_CURVE('',#6808,#6540,#4935,.T.);
#13047=EDGE_CURVE('',#6538,#6540,#4931,.T.);
#13063=B_SPLINE_CURVE_WITH_KNOTS('',3,(#13052,#13053,#13054,#13055,#13056,
#13057,#13058,#13059,#13060,#13061,#13062),.UNSPECIFIED.,.F.,.F.,(4,1,1,1,1,1,1,
1,4),(0.E0,1.511052416542E-1,2.943009503551E-1,4.310754635121E-1,
4.995666950832E-1,5.680929981743E-1,7.080515752709E-1,8.595285146684E-1,1.E0),
.UNSPECIFIED.);
#13068=EDGE_CURVE('',#6541,#6540,#4954,.T.);
#13070=EDGE_CURVE('',#6809,#6541,#5040,.T.);
#13082=EDGE_CURVE('',#6515,#6542,#4944,.T.);
#13084=EDGE_CURVE('',#6541,#6542,#5044,.T.);
#13116=B_SPLINE_CURVE_WITH_KNOTS('',3,(#13106,#13107,#13108,#13109,#13110,
#13111,#13112,#13113,#13114,#13115),.UNSPECIFIED.,.F.,.F.,(4,1,1,1,1,1,1,4),(
0.E0,1.801268049084E-1,2.321262740339E-1,2.840838086427E-1,3.876309983530E-1,
6.055879406624E-1,8.132429913003E-1,1.E0),.UNSPECIFIED.);
#13121=EDGE_CURVE('',#6542,#6811,#5048,.T.);
#13149=B_SPLINE_CURVE_WITH_KNOTS('',3,(#13140,#13141,#13142,#13143,#13144,
#13145,#13146,#13147,#13148),.UNSPECIFIED.,.F.,.F.,(4,1,1,1,1,1,4),(0.E0,
1.763575694390E-1,3.971429616244E-1,6.101134987722E-1,7.169247209315E-1,
8.237713407145E-1,1.E0),.UNSPECIFIED.);
#13153=EDGE_CURVE('',#6543,#6813,#5052,.T.);
#13156=EDGE_CURVE('',#6812,#6544,#5056,.T.);
#13158=EDGE_CURVE('',#6543,#6544,#5104,.T.);
#13168=EDGE_CURVE('',#6815,#6546,#5068,.T.);
#13172=EDGE_CURVE('',#6543,#6546,#5060,.T.);
#13185=B_SPLINE_CURVE_WITH_KNOTS('',3,(#13177,#13178,#13179,#13180,#13181,
#13182,#13183,#13184),.UNSPECIFIED.,.F.,.F.,(4,1,1,1,1,4),(0.E0,
1.923134929825E-2,3.356705659734E-1,6.643283621438E-1,9.807676675587E-1,1.E0),
.UNSPECIFIED.);
#13189=EDGE_CURVE('',#6547,#6816,#5064,.T.);
#13193=EDGE_CURVE('',#6547,#6546,#5164,.T.);
#13203=EDGE_CURVE('',#6818,#6549,#5076,.T.);
#13207=EDGE_CURVE('',#6549,#6547,#5157,.T.);
#13221=B_SPLINE_CURVE_WITH_KNOTS('',3,(#13212,#13213,#13214,#13215,#13216,
#13217,#13218,#13219,#13220),.UNSPECIFIED.,.F.,.F.,(4,1,1,1,1,1,4),(0.E0,
1.923076638766E-2,2.403719292313E-1,4.992286033048E-1,7.584846441415E-1,
9.807692393093E-1,1.E0),.UNSPECIFIED.);
#13225=EDGE_CURVE('',#6550,#6819,#5072,.T.);
#13229=EDGE_CURVE('',#6550,#6549,#5153,.T.);
#13239=EDGE_CURVE('',#6821,#6552,#5080,.T.);
#13243=EDGE_CURVE('',#6552,#6550,#5145,.T.);
#13256=B_SPLINE_CURVE_WITH_KNOTS('',3,(#13248,#13249,#13250,#13251,#13252,
#13253,#13254,#13255),.UNSPECIFIED.,.F.,.F.,(4,1,1,1,1,4),(0.E0,
1.923081790395E-2,3.356538556660E-1,6.642948490942E-1,9.807179101241E-1,1.E0),
.UNSPECIFIED.);
#13260=EDGE_CURVE('',#6822,#6553,#5084,.T.);
#13264=EDGE_CURVE('',#6553,#6552,#5141,.T.);
#13274=EDGE_CURVE('',#6824,#6555,#5092,.T.);
#13278=EDGE_CURVE('',#6553,#6555,#5088,.T.);
#13292=B_SPLINE_CURVE_WITH_KNOTS('',3,(#13283,#13284,#13285,#13286,#13287,
#13288,#13289,#13290,#13291),.UNSPECIFIED.,.F.,.F.,(4,1,1,1,1,1,4),(0.E0,
1.752414155160E-1,2.871765704197E-1,3.990887804460E-1,6.129347068142E-1,
8.256471717848E-1,1.E0),.UNSPECIFIED.);
#13297=EDGE_CURVE('',#6556,#6555,#5134,.T.);
#13299=EDGE_CURVE('',#6556,#6825,#5096,.T.);
#13311=EDGE_CURVE('',#6544,#6558,#5108,.T.);
#13313=EDGE_CURVE('',#6558,#6559,#5115,.T.);
#13315=EDGE_CURVE('',#6561,#6559,#5176,.T.);
#13317=EDGE_CURVE('',#6561,#6562,#5122,.T.);
#13319=EDGE_CURVE('',#6562,#6556,#5126,.T.);
#13337=EDGE_CURVE('',#6558,#6831,#5168,.T.);
#13353=B_SPLINE_CURVE_WITH_KNOTS('',3,(#13345,#13346,#13347,#13348,#13349,
#13350,#13351,#13352),.UNSPECIFIED.,.F.,.F.,(4,1,1,1,1,4),(0.E0,
1.923078629581E-2,3.356862849952E-1,6.643121054155E-1,9.807677039326E-1,1.E0),
.UNSPECIFIED.);
#13359=EDGE_CURVE('',#6830,#6559,#5172,.T.);
#13372=EDGE_CURVE('',#6561,#6828,#5180,.T.);
#13386=B_SPLINE_CURVE_WITH_KNOTS('',3,(#13378,#13379,#13380,#13381,#13382,
#13383,#13384,#13385),.UNSPECIFIED.,.F.,.F.,(4,1,1,1,1,4),(0.E0,
1.923153044131E-2,3.356870298334E-1,6.643128512949E-1,9.807684647207E-1,1.E0),
.UNSPECIFIED.);
#13392=EDGE_CURVE('',#6827,#6562,#5184,.T.);
#13415=EDGE_CURVE('',#6565,#6566,#5188,.T.);
#13417=EDGE_CURVE('',#6835,#6565,#5304,.T.);
#13420=EDGE_CURVE('',#6566,#6834,#5252,.T.);
#13431=EDGE_CURVE('',#6566,#6569,#5193,.T.);
#13433=EDGE_CURVE('',#6569,#6570,#5197,.T.);
#13435=EDGE_CURVE('',#6570,#6573,#5202,.T.);
#13437=EDGE_CURVE('',#6573,#6574,#5206,.T.);
#13439=EDGE_CURVE('',#6574,#6577,#5211,.T.);
#13441=EDGE_CURVE('',#6577,#6578,#5215,.T.);
#13443=EDGE_CURVE('',#6578,#6581,#5220,.T.);
#13445=EDGE_CURVE('',#6581,#6582,#5224,.T.);
#13447=EDGE_CURVE('',#6582,#6585,#5229,.T.);
#13449=EDGE_CURVE('',#6585,#6586,#5233,.T.);
#13451=EDGE_CURVE('',#6586,#6565,#5238,.T.);
#13455=EDGE_CURVE('',#6589,#6590,#5243,.T.);
#13457=EDGE_CURVE('',#6590,#6589,#5248,.T.);
#13470=EDGE_CURVE('',#6855,#6569,#5256,.T.);
#13483=EDGE_CURVE('',#6570,#6854,#5260,.T.);
#13496=EDGE_CURVE('',#6850,#6573,#5264,.T.);
#13509=EDGE_CURVE('',#6574,#6851,#5272,.T.);
#13522=EDGE_CURVE('',#6847,#6577,#5276,.T.);
#13535=EDGE_CURVE('',#6578,#6846,#5280,.T.);
#13548=EDGE_CURVE('',#6843,#6581,#5284,.T.);
#13561=EDGE_CURVE('',#6582,#6842,#5288,.T.);
#13574=EDGE_CURVE('',#6838,#6585,#5292,.T.);
#13587=EDGE_CURVE('',#6586,#6839,#5300,.T.);
#13609=EDGE_CURVE('',#6592,#6589,#5312,.T.);
#13611=EDGE_CURVE('',#6594,#6592,#5332,.T.);
#13613=EDGE_CURVE('',#6590,#6594,#5308,.T.);
#13625=EDGE_CURVE('',#6592,#6594,#5327,.T.);
#13637=EDGE_CURVE('',#6597,#6598,#5317,.T.);
#13639=EDGE_CURVE('',#6598,#6597,#5322,.T.);
#13654=EDGE_CURVE('',#6598,#6637,#5340,.T.);
#13657=EDGE_CURVE('',#6597,#6638,#5336,.T.);
#13680=EDGE_CURVE('',#6626,#6858,#5344,.T.);
#13682=EDGE_CURVE('',#6625,#6626,#5379,.T.);
#13684=EDGE_CURVE('',#6859,#6625,#5440,.T.);
#13694=EDGE_CURVE('',#6626,#6629,#5384,.T.);
#13698=EDGE_CURVE('',#6879,#6629,#5348,.T.);
#13708=EDGE_CURVE('',#6613,#6614,#5352,.T.);
#13710=EDGE_CURVE('',#6614,#6617,#5357,.T.);
#13712=EDGE_CURVE('',#6617,#6618,#5361,.T.);
#13714=EDGE_CURVE('',#6618,#6621,#5366,.T.);
#13716=EDGE_CURVE('',#6621,#6622,#5370,.T.);
#13718=EDGE_CURVE('',#6622,#6625,#5375,.T.);
#13722=EDGE_CURVE('',#6629,#6630,#5388,.T.);
#13724=EDGE_CURVE('',#6630,#6633,#5393,.T.);
#13726=EDGE_CURVE('',#6633,#6634,#5397,.T.);
#13728=EDGE_CURVE('',#6634,#6613,#5402,.T.);
#13732=EDGE_CURVE('',#6610,#6608,#5407,.T.);
#13734=EDGE_CURVE('',#6608,#6610,#5412,.T.);
#13745=EDGE_CURVE('',#6614,#6870,#5416,.T.);
#13748=EDGE_CURVE('',#6871,#6613,#5448,.T.);
#13761=EDGE_CURVE('',#6867,#6617,#5420,.T.);
#13772=EDGE_CURVE('',#6618,#6866,#5424,.T.);
#13787=EDGE_CURVE('',#6862,#6621,#5428,.T.);
#13798=EDGE_CURVE('',#6622,#6863,#5436,.T.);
#13823=EDGE_CURVE('',#6634,#6875,#5444,.T.);
#13838=EDGE_CURVE('',#6874,#6633,#5460,.T.);
#13849=EDGE_CURVE('',#6630,#6878,#5456,.T.);
#13873=EDGE_CURVE('',#6605,#6610,#5468,.T.);
#13875=EDGE_CURVE('',#6606,#6605,#5488,.T.);
#13877=EDGE_CURVE('',#6608,#6606,#5464,.T.);
#13889=EDGE_CURVE('',#6605,#6606,#5483,.T.);
#13901=EDGE_CURVE('',#6601,#6602,#5473,.T.);
#13903=EDGE_CURVE('',#6602,#6601,#5478,.T.);
#13918=EDGE_CURVE('',#6602,#6641,#5496,.T.);
#13921=EDGE_CURVE('',#6601,#6642,#5492,.T.);
#13938=CLOSED_SHELL('',(#6903,#6930,#6953,#6966,#7297,#7310,#7575,#7588,#7601,
#7613,#7630,#7648,#7666,#7679,#7691,#7708,#7726,#7744,#7757,#7769,#7786,#7804,
#7822,#7835,#7847,#7864,#7882,#7900,#7913,#7925,#7942,#7960,#7978,#7991,#8003,
#8020,#8038,#8056,#8069,#8081,#8098,#8116,#8134,#8147,#8159,#8176,#8194,#8212,
#8225,#8237,#8254,#8272,#8290,#8303,#8315,#8332,#8350,#8368,#8381,#8393,#8410,
#8428,#8446,#8459,#8471,#8488,#8506,#8524,#8537,#8549,#8566,#8584,#8602,#8615,
#8627,#8644,#8662,#8680,#8693,#8705,#8722,#8740,#8758,#8771,#8783,#8800,#8818,
#8836,#8849,#8861,#8878,#8896,#8914,#8927,#8939,#8956,#8974,#8992,#9005,#9017,
#9034,#9052,#9070,#9083,#9095,#9112,#9130,#9148,#9161,#9173,#9190,#9208,#9226,
#9239,#9251,#9268,#9286,#9304,#9317,#9329,#9346,#9364,#9382,#9395,#9407,#9424,
#9442,#9460,#9473,#9485,#9502,#9520,#9538,#9551,#9563,#9580,#9598,#9616,#9629,
#9641,#9658,#9676,#9694,#9707,#9719,#9736,#9754,#9772,#9785,#9797,#9814,#9832,
#9850,#9863,#9875,#9892,#9910,#9928,#9941,#9953,#9970,#9988,#10006,#10019,
#10031,#10048,#10066,#10084,#10097,#10109,#10126,#10144,#10162,#10175,#10187,
#10204,#10222,#10240,#10253,#10265,#10282,#10300,#10318,#10331,#10343,#10360,
#10378,#10396,#10409,#10421,#10438,#10456,#10474,#10487,#10499,#10516,#10534,
#10552,#10565,#10577,#10594,#10612,#10630,#10643,#10655,#10672,#10690,#10708,
#10721,#10733,#10750,#10768,#10786,#10799,#10811,#10828,#10846,#10860,#10876,
#10889,#10914,#10928,#10978,#10991,#11004,#11017,#11037,#11050,#11072,#11085,
#11107,#11120,#11145,#11158,#11180,#11193,#11216,#11229,#11249,#11262,#11275,
#11288,#11309,#11324,#11347,#11361,#11384,#11398,#11421,#11435,#11461,#11475,
#11498,#11536,#11558,#11571,#11596,#11609,#11631,#11644,#11666,#11679,#11701,
#11713,#11735,#11749,#11797,#11810,#11831,#11844,#11857,#11870,#11892,#11905,
#11927,#11940,#11960,#11973,#11994,#12007,#12028,#12041,#12060,#12089,#12102,
#12112,#12134,#12148,#12170,#12184,#12205,#12219,#12240,#12269,#12282,#12303,
#12316,#12336,#12349,#12370,#12382,#12404,#12418,#12441,#12455,#12478,#12492,
#12518,#12532,#12555,#12590,#12603,#12624,#12637,#12658,#12671,#12691,#12704,
#12726,#12738,#12753,#12776,#12790,#12813,#12827,#12850,#12864,#12889,#12903,
#12926,#12940,#12963,#12977,#13000,#13014,#13037,#13051,#13075,#13105,#13127,
#13139,#13162,#13176,#13197,#13211,#13233,#13247,#13268,#13282,#13304,#13331,
#13344,#13364,#13377,#13397,#13409,#13424,#13461,#13474,#13487,#13500,#13513,
#13526,#13539,#13552,#13565,#13578,#13591,#13603,#13618,#13631,#13647,#13661,
#13673,#13688,#13702,#13738,#13752,#13765,#13778,#13791,#13804,#13816,#13829,
#13842,#13855,#13867,#13882,#13895,#13911,#13925,#13937));
#13939=MANIFOLD_SOLID_BREP('',#13938);
#13940=(LENGTH_UNIT()NAMED_UNIT(*)SI_UNIT(.MILLI.,.METRE.));
#13942=(NAMED_UNIT(*)PLANE_ANGLE_UNIT()SI_UNIT($,.RADIAN.));
#13945=(NAMED_UNIT(*)SI_UNIT($,.STERADIAN.)SOLID_ANGLE_UNIT());
#13948=ADVANCED_BREP_SHAPE_REPRESENTATION('',(#13939),#13947);
#13955=PRODUCT_DEFINITION('design','',#13954,#13951);
#13956=PRODUCT_DEFINITION_SHAPE('','SHAPE FOR NODE_--1111250002.',#13955);
#13957=SHAPE_DEFINITION_REPRESENTATION(#13956,#13948);
ENDSEC;
END-ISO-10303-21;
