ISO-10303-21;
HEADER;
FILE_DESCRIPTION((''),'2;1');
FILE_NAME('NODE_--11112500','2025-11-11T15:42:33',('Admin'),(''),
'CREO PARAMETRIC BY PTC INC, 2024063','CREO PARAMETRIC BY PTC INC, 2024063','');
FILE_SCHEMA(('CONFIG_CONTROL_DESIGN'));
ENDSEC;
DATA;
#1=DIRECTION('',(-1.E0,0.E0,0.E0));
#2=VECTOR('',#1,1.77E2);
#3=CARTESIAN_POINT('',(8.972918294048E1,-3.321516342792E2,3.048044017239E1));
#4=LINE('',#3,#2);
#5=CARTESIAN_POINT('',(-4.627081705952E1,-3.328723204434E2,3.869334290010E1));
#6=DIRECTION('',(0.E0,-9.961720194260E-1,-8.741457380055E-2));
#7=DIRECTION('',(1.E0,0.E0,0.E0));
#8=AXIS2_PLACEMENT_3D('',#5,#6,#7);
#10=CARTESIAN_POINT('',(-4.627081705952E1,-3.328723204434E2,3.869334290010E1));
#11=DIRECTION('',(0.E0,-9.961720194260E-1,-8.741457380055E-2));
#12=DIRECTION('',(-1.E0,-4.159274550791E-13,4.845554851671E-12));
#13=AXIS2_PLACEMENT_3D('',#10,#11,#12);
#15=CARTESIAN_POINT('',(4.872918294048E1,-3.328723204434E2,3.869334290010E1));
#16=DIRECTION('',(0.E0,-9.961720194260E-1,-8.741457380055E-2));
#17=DIRECTION('',(1.E0,0.E0,0.E0));
#18=AXIS2_PLACEMENT_3D('',#15,#16,#17);
#20=CARTESIAN_POINT('',(4.872918294048E1,-3.328723204434E2,3.869334290010E1));
#21=DIRECTION('',(0.E0,-9.961720194260E-1,-8.741457380055E-2));
#22=DIRECTION('',(-1.E0,-4.159274550791E-13,4.845554851671E-12));
#23=AXIS2_PLACEMENT_3D('',#20,#21,#22);
#25=DIRECTION('',(1.952023469351E-14,8.741457380693E-2,-9.961720194254E-1));
#26=VECTOR('',#25,1.601613959275E1);
#27=CARTESIAN_POINT('',(-8.727081705952E1,-3.335516782957E2,4.643527029390E1));
#28=LINE('',#27,#26);
#29=DIRECTION('',(0.E0,9.979482148809E-1,6.402624786720E-2));
#30=VECTOR('',#29,2.992270016627E0);
#31=CARTESIAN_POINT('',(-8.727081705952E1,-3.321516342792E2,3.048044017239E1));
#32=LINE('',#31,#30);
#33=DIRECTION('',(-8.441557470589E-13,-8.741457381699E-2,9.961720194246E-1));
#34=VECTOR('',#33,1.599267910747E1);
#35=CARTESIAN_POINT('',(-8.727081705952E1,-3.291655037576E2,3.067202399416E1));
#36=LINE('',#35,#34);
#37=CARTESIAN_POINT('',(-8.727081705952E1,-3.300654109741E2,4.664719069542E1));
#38=DIRECTION('',(-1.E0,-6.558204633801E-12,5.632404926874E-12));
#39=DIRECTION('',(6.053824108675E-12,-9.961720311629E-1,-8.741444004764E-2));
#40=AXIS2_PLACEMENT_3D('',#37,#38,#39);
#42=DIRECTION('',(3.220409191880E-12,9.979482148849E-1,6.402624780521E-2));
#43=VECTOR('',#42,4.231825479272E0);
#44=CARTESIAN_POINT('',(-8.727081705953E1,-3.300974241012E2,4.714616480238E1));
#45=LINE('',#44,#43);
#46=DIRECTION('',(1.498015024315E-12,-8.741457378937E-2,9.961720194270E-1));
#47=VECTOR('',#46,5.511631362516E0);
#48=CARTESIAN_POINT('',(-8.727081705952E1,-3.258742814185E2,4.741711270919E1));
#49=LINE('',#48,#47);
#50=CARTESIAN_POINT('',(-8.727081705950E1,-3.268541643345E2,5.286393836632E1));
#51=DIRECTION('',(1.E0,-7.931397990332E-13,-1.048365744340E-12));
#52=DIRECTION('',(8.810729923426E-13,9.961720191467E-1,8.741457698314E-2));
#53=AXIS2_PLACEMENT_3D('',#50,#51,#52);
#55=DIRECTION('',(-1.759485798777E-12,-9.979482148805E-1,-6.402624787468E-2));
#56=VECTOR('',#55,5.734463361290E0);
#57=CARTESIAN_POINT('',(-8.727081705951E1,-3.268861774579E2,5.336291247375E1));
#58=LINE('',#57,#56);
#59=CARTESIAN_POINT('',(-8.727081705952E1,-3.325704591837E2,5.239698737224E1));
#60=DIRECTION('',(1.E0,0.E0,0.E0));
#61=DIRECTION('',(0.E0,-6.402624835241E-2,9.979482148498E-1));
#62=AXIS2_PLACEMENT_3D('',#59,#60,#61);
#64=CARTESIAN_POINT('',(-8.727081705952E1,-3.380475809258E2,5.445213637480E1));
#65=DIRECTION('',(-1.E0,0.E0,0.E0));
#66=DIRECTION('',(0.E0,9.362601271815E-1,-3.513075209131E-1));
#67=AXIS2_PLACEMENT_3D('',#64,#65,#66);
#69=CARTESIAN_POINT('',(-8.727081705952E1,-3.432171702789E2,5.171391689485E1));
#70=DIRECTION('',(1.E0,0.E0,0.E0));
#71=DIRECTION('',(0.E0,8.836904866269E-1,4.680717080161E-1));
#72=AXIS2_PLACEMENT_3D('',#69,#70,#71);
#74=DIRECTION('',(0.E0,-9.979482148809E-1,-6.402624786842E-2));
#75=VECTOR('',#74,2.113766325760E0);
#76=CARTESIAN_POINT('',(-8.727081705952E1,-3.432555860276E2,5.231268582378E1));
#77=LINE('',#76,#75);
#78=CARTESIAN_POINT('',(-8.727081705952E1,-3.453330022351E2,5.167837518963E1));
#79=DIRECTION('',(1.E0,0.E0,0.E0));
#80=DIRECTION('',(0.E0,-6.402624784030E-2,9.979482148827E-1));
#81=AXIS2_PLACEMENT_3D('',#78,#79,#80);
#83=DIRECTION('',(1.553616508509E-14,8.741457380050E-2,-9.961720194260E-1));
#84=VECTOR('',#83,5.488170846808E0);
#85=CARTESIAN_POINT('',(-8.727081705952E1,-3.458310882448E2,5.163466790267E1));
#86=LINE('',#85,#84);
#87=DIRECTION('',(-6.292034108452E-14,9.979482148814E-1,6.402624786042E-2));
#88=VECTOR('',#87,1.129273496476E1);
#89=CARTESIAN_POINT('',(-8.727081705952E1,-3.453513421293E2,4.616750566725E1));
#90=LINE('',#89,#88);
#91=CARTESIAN_POINT('',(-8.727081705952E1,-3.340497643056E2,4.639156300765E1));
#92=DIRECTION('',(-1.E0,-1.711320273342E-12,-1.977003212897E-12));
#93=DIRECTION('',(-1.875832822406E-12,-6.402625089446E-2,9.979482146867E-1));
#94=AXIS2_PLACEMENT_3D('',#91,#92,#93);
#96=DIRECTION('',(-3.904046938302E-14,-8.741457379597E-2,9.961720194264E-1));
#97=VECTOR('',#96,1.601613959439E1);
#98=CARTESIAN_POINT('',(8.972918294048E1,-3.321516342792E2,3.048044017239E1));
#99=LINE('',#98,#97);
#100=CARTESIAN_POINT('',(8.972918294048E1,-3.340497643052E2,4.639156300799E1));
#101=DIRECTION('',(1.E0,1.711320273342E-12,1.977003212897E-12));
#102=DIRECTION('',(-1.875832822406E-12,9.961720191405E-1,8.741457705391E-2));
#103=AXIS2_PLACEMENT_3D('',#100,#101,#102);
#105=DIRECTION('',(4.656105239458E-14,-9.979482148805E-1,-6.402624787478E-2));
#106=VECTOR('',#105,1.129273496670E1);
#107=CARTESIAN_POINT('',(8.972918294048E1,-3.340817774282E2,4.689053711542E1));
#108=LINE('',#107,#106);
#109=DIRECTION('',(-6.473402119199E-14,-8.741457379913E-2,9.961720194261E-1));
#110=VECTOR('',#109,5.488170846461E0);
#111=CARTESIAN_POINT('',(8.972918294048E1,-3.453513421293E2,4.616750566725E1));
#112=LINE('',#111,#110);
#113=CARTESIAN_POINT('',(8.972918294048E1,-3.453330022351E2,5.167837518963E1));
#114=DIRECTION('',(-1.E0,0.E0,0.E0));
#115=DIRECTION('',(0.E0,-9.961720193074E-1,-8.741457515213E-2));
#116=AXIS2_PLACEMENT_3D('',#113,#114,#115);
#118=DIRECTION('',(0.E0,9.979482148809E-1,6.402624786842E-2));
#119=VECTOR('',#118,2.113766325765E0);
#120=CARTESIAN_POINT('',(8.972918294048E1,-3.453650153591E2,5.217734929707E1));
#121=LINE('',#120,#119);
#122=CARTESIAN_POINT('',(8.972918294048E1,-3.432171702789E2,5.171391689485E1));
#123=DIRECTION('',(-1.E0,0.E0,0.E0));
#124=DIRECTION('',(0.E0,-6.402624775111E-2,9.979482148884E-1));
#125=AXIS2_PLACEMENT_3D('',#122,#123,#124);
#127=CARTESIAN_POINT('',(8.972918294048E1,-3.380475809258E2,5.445213637480E1));
#128=DIRECTION('',(1.E0,0.E0,0.E0));
#129=DIRECTION('',(0.E0,-8.836904878040E-1,-4.680717057937E-1));
#130=AXIS2_PLACEMENT_3D('',#127,#128,#129);
#132=CARTESIAN_POINT('',(8.972918294048E1,-3.325704591837E2,5.239698737224E1));
#133=DIRECTION('',(-1.E0,0.E0,0.E0));
#134=DIRECTION('',(0.E0,-9.362601239691E-1,3.513075294742E-1));
#135=AXIS2_PLACEMENT_3D('',#132,#133,#134);
#137=DIRECTION('',(1.757007650197E-12,9.979482148814E-1,6.402624785953E-2));
#138=VECTOR('',#137,5.734463359876E0);
#139=CARTESIAN_POINT('',(8.972918294048E1,-3.326088749324E2,5.299575630117E1));
#140=LINE('',#139,#138);
#141=CARTESIAN_POINT('',(8.972918294050E1,-3.268541643347E2,5.286393836614E1));
#142=DIRECTION('',(-1.E0,7.931397990332E-13,1.048365744340E-12));
#143=DIRECTION('',(9.947598300641E-13,-6.402625030296E-2,9.979482147247E-1));
#144=AXIS2_PLACEMENT_3D('',#141,#142,#143);
#146=DIRECTION('',(-1.809994057362E-12,8.741457380358E-2,-9.961720194257E-1));
#147=VECTOR('',#146,5.511631361162E0);
#148=CARTESIAN_POINT('',(8.972918294049E1,-3.263560783249E2,5.290764565257E1));
#149=LINE('',#148,#147);
#150=DIRECTION('',(-3.270780560747E-12,-9.979482148769E-1,-6.402624792983E-2));
#151=VECTOR('',#150,4.231825472708E0);
#152=CARTESIAN_POINT('',(8.972918294048E1,-3.258742814185E2,4.741711270919E1));
#153=LINE('',#152,#151);
#154=CARTESIAN_POINT('',(8.972918294048E1,-3.300654109729E2,4.664719069442E1));
#155=DIRECTION('',(1.E0,6.558204633801E-12,-5.632404926874E-12));
#156=DIRECTION('',(6.053824108675E-12,-6.402623690688E-2,9.979482155841E-1));
#157=AXIS2_PLACEMENT_3D('',#154,#155,#156);
#159=DIRECTION('',(7.704031952019E-13,8.741457378454E-2,-9.961720194274E-1));
#160=VECTOR('',#159,1.599267904756E1);
#161=CARTESIAN_POINT('',(8.972918294047E1,-3.305634969802E2,4.660348337703E1));
#162=LINE('',#161,#160);
#163=DIRECTION('',(0.E0,-9.979482148809E-1,-6.402624786720E-2));
#164=VECTOR('',#163,2.992270016627E0);
#165=CARTESIAN_POINT('',(8.972918294048E1,-3.291655037576E2,3.067202399416E1));
#166=LINE('',#165,#164);
#167=DIRECTION('',(-1.E0,-1.811281821327E-13,-9.334885657935E-12));
#168=VECTOR('',#167,1.77E2);
#169=CARTESIAN_POINT('',(8.972918294048E1,-3.335516782957E2,4.643527029555E1));
#170=LINE('',#169,#168);
#171=DIRECTION('',(1.E0,1.078226522504E-11,1.624051803272E-12));
#172=VECTOR('',#171,1.77E2);
#173=CARTESIAN_POINT('',(-8.727081705952E1,-3.340817774301E2,4.689053711513E1));
#174=LINE('',#173,#172);
#175=DIRECTION('',(1.E0,-5.523767256530E-14,0.E0));
#176=VECTOR('',#175,1.77E2);
#177=CARTESIAN_POINT('',(-8.727081705952E1,-3.453513421293E2,4.616750566725E1));
#178=LINE('',#177,#176);
#179=DIRECTION('',(-1.E0,-1.586477339957E-13,1.942953017559E-12));
#180=VECTOR('',#179,1.77E2);
#181=CARTESIAN_POINT('',(8.972918294048E1,-3.458310882448E2,5.163466790233E1));
#182=LINE('',#181,#180);
#183=DIRECTION('',(1.E0,6.551444885652E-14,0.E0));
#184=VECTOR('',#183,1.77E2);
#185=CARTESIAN_POINT('',(-8.727081705952E1,-3.453650153591E2,5.217734929707E1));
#186=LINE('',#185,#184);
#187=DIRECTION('',(-1.E0,-9.634477773018E-14,0.E0));
#188=VECTOR('',#187,1.77E2);
#189=CARTESIAN_POINT('',(8.972918294048E1,-3.432555860276E2,5.231268582378E1));
#190=LINE('',#189,#188);
#191=DIRECTION('',(1.E0,-4.945698590149E-14,-1.244051942441E-13));
#192=VECTOR('',#191,1.77E2);
#193=CARTESIAN_POINT('',(-8.727081705952E1,-3.331322152589E2,5.260777188775E1));
#194=LINE('',#193,#192);
#195=DIRECTION('',(-1.E0,-3.031649005910E-13,5.131965160428E-13));
#196=VECTOR('',#195,1.77E2);
#197=CARTESIAN_POINT('',(8.972918294048E1,-3.426869559865E2,5.199475991892E1));
#198=LINE('',#197,#196);
#199=DIRECTION('',(1.E0,7.460297288907E-13,6.314597307066E-14));
#200=VECTOR('',#199,1.77E2);
#201=CARTESIAN_POINT('',(-8.727081705952E1,-3.326088749326E2,5.299575630115E1));
#202=LINE('',#201,#200);
#203=DIRECTION('',(-1.E0,7.189568463485E-12,9.385988533789E-13));
#204=VECTOR('',#203,1.77E2);
#205=CARTESIAN_POINT('',(8.972918294049E1,-3.268861774591E2,5.336291247359E1));
#206=LINE('',#205,#204);
#207=DIRECTION('',(1.E0,2.543502132077E-13,-7.640863459836E-12));
#208=VECTOR('',#207,1.77E2);
#209=CARTESIAN_POINT('',(-8.727081705951E1,-3.263560783249E2,5.290764565392E1));
#210=LINE('',#209,#208);
#211=DIRECTION('',(1.E0,2.826113480085E-14,1.549545175160E-14));
#212=VECTOR('',#211,1.77E2);
#213=CARTESIAN_POINT('',(-8.727081705952E1,-3.258742814185E2,4.741711270919E1));
#214=LINE('',#213,#212);
#215=DIRECTION('',(-1.E0,-3.722987015976E-11,5.895096087366E-13));
#216=VECTOR('',#215,1.77E2);
#217=CARTESIAN_POINT('',(8.972918294047E1,-3.300974240947E2,4.714616480228E1));
#218=LINE('',#217,#216);
#219=DIRECTION('',(1.E0,3.251989512579E-11,-3.369229465416E-10));
#220=VECTOR('',#219,1.77E2);
#221=CARTESIAN_POINT('',(-8.727081705953E1,-3.305634969860E2,4.660348343666E1));
#222=LINE('',#221,#220);
#223=DIRECTION('',(1.E0,0.E0,0.E0));
#224=VECTOR('',#223,1.77E2);
#225=CARTESIAN_POINT('',(-8.727081705952E1,-3.291655037576E2,3.067202399416E1));
#226=LINE('',#225,#224);
#227=CARTESIAN_POINT('',(4.676619202524E1,-3.298923247539E2,3.895483895504E1));
#228=DIRECTION('',(0.E0,9.961720194260E-1,8.741457380056E-2));
#229=DIRECTION('',(-8.660254037844E-1,4.370728690034E-2,-4.980860097130E-1));
#230=AXIS2_PLACEMENT_3D('',#227,#228,#229);
#232=DIRECTION('',(4.999999999996E-1,-7.570324157230E-2,8.627102753624E-1));
#233=VECTOR('',#232,1.962990915243E0);
#234=CARTESIAN_POINT('',(4.641978186373E1,-3.299098076687E2,3.915407335892E1));
#235=LINE('',#234,#233);
#236=CARTESIAN_POINT('',(4.774768748286E1,-3.300409295294E2,4.064833138806E1));
#237=DIRECTION('',(0.E0,9.961720194260E-1,8.741457380056E-2));
#238=DIRECTION('',(-8.660254037844E-1,-4.370728690034E-2,4.980860097130E-1));
#239=AXIS2_PLACEMENT_3D('',#236,#237,#238);
#241=CARTESIAN_POINT('',(4.971067839811E1,-3.300409295294E2,4.064833138806E1));
#242=DIRECTION('',(0.E0,9.961720194260E-1,8.741457380056E-2));
#243=DIRECTION('',(1.776356839400E-14,-8.741457380054E-2,9.961720194260E-1));
#244=AXIS2_PLACEMENT_3D('',#241,#242,#243);
#246=DIRECTION('',(4.999999999996E-1,7.570324157230E-2,-8.627102753624E-1));
#247=VECTOR('',#246,1.962990915243E0);
#248=CARTESIAN_POINT('',(5.005708855962E1,-3.300584124442E2,4.084756579195E1));
#249=LINE('',#248,#247);
#250=CARTESIAN_POINT('',(5.069217385573E1,-3.298923247539E2,3.895483895504E1));
#251=DIRECTION('',(0.E0,9.961720194260E-1,8.741457380056E-2));
#252=DIRECTION('',(8.660254037844E-1,-4.370728690034E-2,4.980860097130E-1));
#253=AXIS2_PLACEMENT_3D('',#250,#251,#252);
#255=DIRECTION('',(-4.999999999995E-1,7.570324157231E-2,-8.627102753624E-1));
#256=VECTOR('',#255,1.962990915244E0);
#257=CARTESIAN_POINT('',(5.103858401724E1,-3.298748418392E2,3.875560455115E1));
#258=LINE('',#257,#256);
#259=CARTESIAN_POINT('',(4.971067839811E1,-3.297437199785E2,3.726134652201E1));
#260=DIRECTION('',(0.E0,9.961720194260E-1,8.741457380056E-2));
#261=DIRECTION('',(8.660254037844E-1,4.370728690034E-2,-4.980860097130E-1));
#262=AXIS2_PLACEMENT_3D('',#259,#260,#261);
#264=CARTESIAN_POINT('',(4.774768748286E1,-3.297437199785E2,3.726134652201E1));
#265=DIRECTION('',(0.E0,9.961720194260E-1,8.741457380056E-2));
#266=DIRECTION('',(0.E0,8.741457380054E-2,-9.961720194260E-1));
#267=AXIS2_PLACEMENT_3D('',#264,#265,#266);
#269=DIRECTION('',(-4.999999999995E-1,-7.570324157228E-2,8.627102753624E-1));
#270=VECTOR('',#269,1.962990915244E0);
#271=CARTESIAN_POINT('',(4.740127732135E1,-3.297262370637E2,3.706211211813E1));
#272=LINE('',#271,#270);
#273=CARTESIAN_POINT('',(-4.823380797476E1,-3.298923247539E2,3.895483895504E1));
#274=DIRECTION('',(0.E0,9.961720194260E-1,8.741457380056E-2));
#275=DIRECTION('',(-8.660254037844E-1,4.370728690034E-2,-4.980860097130E-1));
#276=AXIS2_PLACEMENT_3D('',#273,#274,#275);
#278=DIRECTION('',(4.999999999996E-1,-7.570324157230E-2,8.627102753624E-1));
#279=VECTOR('',#278,1.962990915243E0);
#280=CARTESIAN_POINT('',(-4.858021813627E1,-3.299098076687E2,3.915407335892E1));
#281=LINE('',#280,#279);
#282=CARTESIAN_POINT('',(-4.725231251714E1,-3.300409295294E2,4.064833138806E1));
#283=DIRECTION('',(0.E0,9.961720194260E-1,8.741457380056E-2));
#284=DIRECTION('',(-8.660254037844E-1,-4.370728690034E-2,4.980860097130E-1));
#285=AXIS2_PLACEMENT_3D('',#282,#283,#284);
#287=CARTESIAN_POINT('',(-4.528932160189E1,-3.300409295294E2,4.064833138806E1));
#288=DIRECTION('',(0.E0,9.961720194260E-1,8.741457380056E-2));
#289=DIRECTION('',(1.776356839400E-14,-8.741457380054E-2,9.961720194260E-1));
#290=AXIS2_PLACEMENT_3D('',#287,#288,#289);
#292=DIRECTION('',(4.999999999996E-1,7.570324157230E-2,-8.627102753624E-1));
#293=VECTOR('',#292,1.962990915243E0);
#294=CARTESIAN_POINT('',(-4.494291144038E1,-3.300584124442E2,4.084756579195E1));
#295=LINE('',#294,#293);
#296=CARTESIAN_POINT('',(-4.430782614427E1,-3.298923247539E2,3.895483895504E1));
#297=DIRECTION('',(0.E0,9.961720194260E-1,8.741457380056E-2));
#298=DIRECTION('',(8.660254037844E-1,-4.370728690034E-2,4.980860097130E-1));
#299=AXIS2_PLACEMENT_3D('',#296,#297,#298);
#301=DIRECTION('',(-4.999999999995E-1,7.570324157231E-2,-8.627102753624E-1));
#302=VECTOR('',#301,1.962990915244E0);
#303=CARTESIAN_POINT('',(-4.396141598276E1,-3.298748418392E2,3.875560455115E1));
#304=LINE('',#303,#302);
#305=CARTESIAN_POINT('',(-4.528932160189E1,-3.297437199785E2,3.726134652201E1));
#306=DIRECTION('',(0.E0,9.961720194260E-1,8.741457380056E-2));
#307=DIRECTION('',(8.660254037844E-1,4.370728690034E-2,-4.980860097130E-1));
#308=AXIS2_PLACEMENT_3D('',#305,#306,#307);
#310=CARTESIAN_POINT('',(-4.725231251714E1,-3.297437199785E2,3.726134652201E1));
#311=DIRECTION('',(0.E0,9.961720194260E-1,8.741457380056E-2));
#312=DIRECTION('',(0.E0,8.741457380054E-2,-9.961720194260E-1));
#313=AXIS2_PLACEMENT_3D('',#310,#311,#312);
#315=DIRECTION('',(-4.999999999995E-1,-7.570324157231E-2,8.627102753624E-1));
#316=VECTOR('',#315,1.962990915244E0);
#317=CARTESIAN_POINT('',(-4.759872267865E1,-3.297262370637E2,3.706211211813E1));
#318=LINE('',#317,#316);
#319=DIRECTION('',(9.999946573764E-1,-2.857429691091E-4,3.256312284952E-3));
#320=VECTOR('',#319,9.778004131140E-1);
#321=CARTESIAN_POINT('',(-1.143950251635E1,-3.300525747414E2,4.078103962915E1));
#322=LINE('',#321,#320);
#323=CARTESIAN_POINT('',(-1.046170732726E1,-3.300528541410E2,4.078422365265E1));
#324=CARTESIAN_POINT('',(-1.045353731760E1,-3.300528564755E2,4.078425025690E1));
#325=CARTESIAN_POINT('',(-1.043721531087E1,-3.300527170821E2,4.078266173681E1));
#326=CARTESIAN_POINT('',(-1.040574018310E1,-3.300519680159E2,4.077412541573E1));
#327=CARTESIAN_POINT('',(-1.035223222277E1,-3.300495825621E2,4.074694090623E1));
#328=CARTESIAN_POINT('',(-1.029423357163E1,-3.300445647038E2,4.068975764965E1));
#329=CARTESIAN_POINT('',(-1.026709631698E1,-3.300388021357E2,4.062408771762E1));
#330=CARTESIAN_POINT('',(-1.026698941176E1,-3.300359421107E2,4.059149501917E1));
#332=DIRECTION('',(3.267462449577E-3,8.741410716670E-2,-9.961667016907E-1));
#333=VECTOR('',#332,1.424389165608E0);
#334=CARTESIAN_POINT('',(-1.026698941176E1,-3.300359421107E2,4.059149501917E1));
#335=LINE('',#334,#333);
#336=CARTESIAN_POINT('',(-1.026233527365E1,-3.299114304035E2,3.917256596215E1));
#337=CARTESIAN_POINT('',(-1.026216223031E1,-3.299068009919E2,3.911980942329E1));
#338=CARTESIAN_POINT('',(-1.022732184166E1,-3.298977722168E2,3.901691796456E1));
#339=CARTESIAN_POINT('',(-1.011725540761E1,-3.298905524748E2,3.893464215147E1));
#340=CARTESIAN_POINT('',(-1.001344658510E1,-3.298887726731E2,3.891435962292E1));
#341=CARTESIAN_POINT('',(-9.928646445887E0,-3.298886315822E2,3.891275175781E1));
#342=CARTESIAN_POINT('',(-9.843005690543E0,-3.298886759072E2,3.891325688346E1));
#343=CARTESIAN_POINT('',(-9.735513478124E0,-3.298903570849E2,3.893241549830E1));
#344=CARTESIAN_POINT('',(-9.619352527650E0,-3.298975067379E2,3.901389257917E1));
#345=CARTESIAN_POINT('',(-9.583419822206E0,-3.299068970636E2,3.912090425246E1));
#346=CARTESIAN_POINT('',(-9.583596490408E0,-3.299116243285E2,3.917477592130E1));
#348=DIRECTION('',(-3.266855926846E-3,-8.741410733996E-2,9.961667036648E-1));
#349=VECTOR('',#348,1.424389328505E0);
#350=CARTESIAN_POINT('',(-9.583596490408E0,-3.299116243285E2,3.917477592130E1));
#351=LINE('',#350,#349);
#352=CARTESIAN_POINT('',(-9.588249765128E0,-3.300361360502E2,4.059370514341E1));
#353=CARTESIAN_POINT('',(-9.588356592393E0,-3.300389945203E2,4.062628012284E1));
#354=CARTESIAN_POINT('',(-9.561669891631E0,-3.300447712659E2,4.069211162133E1));
#355=CARTESIAN_POINT('',(-9.504059113159E0,-3.300498225016E2,4.074967524507E1));
#356=CARTESIAN_POINT('',(-9.450721667166E0,-3.300522399908E2,4.077722482851E1));
#357=CARTESIAN_POINT('',(-9.419285658970E0,-3.300530078100E2,4.078597485707E1));
#358=CARTESIAN_POINT('',(-9.402964779302E0,-3.300531566757E2,4.078767132241E1));
#359=CARTESIAN_POINT('',(-9.394789926193E0,-3.300531590116E2,4.078769794243E1));
#361=DIRECTION('',(9.999946573763E-1,-2.857429695081E-4,3.256312290049E-3));
#362=VECTOR('',#361,9.777795563152E-1);
#363=CARTESIAN_POINT('',(-9.394789926193E0,-3.300531590116E2,4.078769794243E1));
#364=LINE('',#363,#362);
#365=CARTESIAN_POINT('',(-8.417015593786E0,-3.300534384052E2,4.079088189802E1));
#366=CARTESIAN_POINT('',(-8.408845586531E0,-3.300534407397E2,4.079090850225E1));
#367=CARTESIAN_POINT('',(-8.392523584567E0,-3.300533013464E2,4.078931998311E1));
#368=CARTESIAN_POINT('',(-8.361048465567E0,-3.300525522805E2,4.078078366704E1));
#369=CARTESIAN_POINT('',(-8.307540516289E0,-3.300501668280E2,4.075359916994E1));
#370=CARTESIAN_POINT('',(-8.249541867924E0,-3.300451489699E2,4.069641591718E1));
#371=CARTESIAN_POINT('',(-8.222404551742E0,-3.300393864008E2,4.063074597360E1));
#372=CARTESIAN_POINT('',(-8.222297678712E0,-3.300365263728E2,4.059815324045E1));
#374=DIRECTION('',(3.266475204832E-3,8.741410744869E-2,-9.961667049037E-1));
#375=VECTOR('',#374,2.174834300731E0);
#376=CARTESIAN_POINT('',(-8.222297678712E0,-3.300365263728E2,4.059815324045E1));
#377=LINE('',#376,#375);
#378=CARTESIAN_POINT('',(-8.215193636394E0,-3.298464151736E2,3.843165572138E1));
#379=CARTESIAN_POINT('',(-8.215099662055E0,-3.298439003273E2,3.840299666179E1));
#380=CARTESIAN_POINT('',(-8.227257438919E0,-3.298387686498E2,3.834451632619E1));
#381=CARTESIAN_POINT('',(-8.269954103019E0,-3.298320752496E2,3.826823868072E1));
#382=CARTESIAN_POINT('',(-8.313429741805E0,-3.298284382497E2,3.822679161505E1));
#383=CARTESIAN_POINT('',(-8.338064140859E0,-3.298270933881E2,3.821146564044E1));
#385=DIRECTION('',(-8.642723256591E-1,4.397164616854E-2,-5.010986344354E-1));
#386=VECTOR('',#385,9.918182595005E-1);
#387=CARTESIAN_POINT('',(-8.338064140859E0,-3.298270933881E2,3.821146564044E1));
#388=LINE('',#387,#386);
#389=CARTESIAN_POINT('',(-9.155023419315E0,-3.297774375279E2,3.764558999333E1));
#390=DIRECTION('',(8.511449455095E-14,-9.961720194260E-1,-8.741457380046E-2));
#391=DIRECTION('',(-5.030242013044E-1,-7.554999699520E-2,8.609639079869E-1));
#392=AXIS2_PLACEMENT_3D('',#389,#390,#391);
#394=DIRECTION('',(3.266998456731E-3,8.741410729928E-2,-9.961667032009E-1));
#395=VECTOR('',#394,5.985507679942E-1);
#396=CARTESIAN_POINT('',(-9.235022712493E0,-3.297774146813E2,3.764532963485E1));
#397=LINE('',#396,#395);
#398=CARTESIAN_POINT('',(-9.233067248058E0,-3.297250929003E2,3.704907328960E1));
#399=CARTESIAN_POINT('',(-9.232960428050E0,-3.297222347491E2,3.701650194440E1));
#400=CARTESIAN_POINT('',(-9.252793980505E0,-3.297179476656E2,3.696764656093E1));
#401=CARTESIAN_POINT('',(-9.293822374715E0,-3.297134679442E2,3.691659588366E1));
#402=CARTESIAN_POINT('',(-9.332924379738E0,-3.297106947690E2,3.688499292035E1));
#403=CARTESIAN_POINT('',(-9.370583319473E0,-3.297089911927E2,3.686557905220E1));
#404=CARTESIAN_POINT('',(-9.402023010785E0,-3.297082227837E2,3.685682230215E1));
#405=CARTESIAN_POINT('',(-9.418342420071E0,-3.297080740365E2,3.685512718729E1));
#406=CARTESIAN_POINT('',(-9.426516943053E0,-3.297080717007E2,3.685510056813E1));
#408=DIRECTION('',(-9.999946572881E-1,2.857453284011E-4,-3.256339171788E-3));
#409=VECTOR('',#408,9.777996220261E-1);
#410=CARTESIAN_POINT('',(-9.426516943053E0,-3.297080717007E2,3.685510056813E1));
#411=LINE('',#410,#409);
#412=CARTESIAN_POINT('',(-1.040431134098E1,-3.297077922990E2,3.685191652091E1));
#413=CARTESIAN_POINT('',(-1.041248182477E1,-3.297077899643E2,3.685188991491E1));
#414=CARTESIAN_POINT('',(-1.042880452514E1,-3.297079293468E2,3.685347831060E1));
#415=CARTESIAN_POINT('',(-1.046028086556E1,-3.297086783940E2,3.686201441518E1));
#416=CARTESIAN_POINT('',(-1.051378828619E1,-3.297110636617E2,3.688919680232E1));
#417=CARTESIAN_POINT('',(-1.057178656047E1,-3.297160808304E2,3.694637220240E1));
#418=CARTESIAN_POINT('',(-1.059892310763E1,-3.297218428662E2,3.701203606750E1));
#419=CARTESIAN_POINT('',(-1.059902998340E1,-3.297247025096E2,3.704462441759E1));
#421=DIRECTION('',(-3.266998448104E-3,-8.741410729921E-2,9.961667032009E-1));
#422=VECTOR('',#421,5.987120528348E-1);
#423=CARTESIAN_POINT('',(-1.059902998340E1,-3.297247025096E2,3.704462441759E1));
#424=LINE('',#423,#422);
#425=CARTESIAN_POINT('',(-1.068098491715E1,-3.297770155427E2,3.764078107209E1));
#426=DIRECTION('',(9.621672479731E-14,-9.961720194260E-1,-8.741457380073E-2));
#427=DIRECTION('',(9.999946633463E-1,-2.855832772086E-4,3.254492447542E-3));
#428=AXIS2_PLACEMENT_3D('',#425,#426,#427);
#430=DIRECTION('',(-8.676426047652E-1,-4.346151255069E-2,4.952851777744E-1));
#431=VECTOR('',#430,9.848615642894E-1);
#432=CARTESIAN_POINT('',(-1.064121015828E1,-3.297830830636E2,3.770992622984E1));
#433=LINE('',#432,#431);
#434=CARTESIAN_POINT('',(-1.149571801125E1,-3.298258866368E2,3.819771356479E1));
#435=CARTESIAN_POINT('',(-1.152144692136E1,-3.298271754363E2,3.821240065801E1));
#436=CARTESIAN_POINT('',(-1.156726725904E1,-3.298307888627E2,3.825357908087E1));
#437=CARTESIAN_POINT('',(-1.161247722027E1,-3.298375828419E2,3.833100292049E1));
#438=CARTESIAN_POINT('',(-1.162576061628E1,-3.298428505047E2,3.839103293689E1));
#439=CARTESIAN_POINT('',(-1.162585748510E1,-3.298454423950E2,3.842056998677E1));
#441=DIRECTION('',(-3.266998455599E-3,-8.741410729924E-2,9.961667032009E-1));
#442=VECTOR('',#441,2.174812734680E0);
#443=CARTESIAN_POINT('',(-1.162585748510E1,-3.298454423950E2,3.842056998677E1));
#444=LINE('',#443,#442);
#445=CARTESIAN_POINT('',(-1.163296259495E1,-3.300355517088E2,4.058704601876E1));
#446=CARTESIAN_POINT('',(-1.163306942785E1,-3.300384102049E2,4.061962129501E1));
#447=CARTESIAN_POINT('',(-1.160771294136E1,-3.300440141576E2,4.068348365279E1));
#448=CARTESIAN_POINT('',(-1.154841627438E1,-3.300492673448E2,4.074334870708E1));
#449=CARTESIAN_POINT('',(-1.149544353963E1,-3.300516542129E2,4.077054933372E1));
#450=CARTESIAN_POINT('',(-1.146794239258E1,-3.300523272324E2,4.077821903015E1));
#451=CARTESIAN_POINT('',(-1.145175587478E1,-3.300525353936E2,4.078059122484E1));
#452=CARTESIAN_POINT('',(-1.144359039217E1,-3.300525735733E2,4.078102631768E1));
#453=CARTESIAN_POINT('',(-1.143950251635E1,-3.300525747414E2,4.078103962915E1));
#455=DIRECTION('',(9.999946573771E-1,-2.857429493156E-4,3.256312059060E-3));
#456=VECTOR('',#455,9.778004140056E-1);
#457=CARTESIAN_POINT('',(-5.301206356239E0,-3.300543305665E2,4.080104892289E1));
#458=LINE('',#457,#456);
#459=CARTESIAN_POINT('',(-4.323411166252E0,-3.300546099661E2,4.080423294617E1));
#460=CARTESIAN_POINT('',(-4.315240947921E0,-3.300546123007E2,4.080425955110E1));
#461=CARTESIAN_POINT('',(-4.298918520851E0,-3.300544729133E2,4.080267109903E1));
#462=CARTESIAN_POINT('',(-4.267442436528E0,-3.300537238737E2,4.079413508250E1));
#463=CARTESIAN_POINT('',(-4.213935016068E0,-3.300513386051E2,4.076695268325E1));
#464=CARTESIAN_POINT('',(-4.155936740367E0,-3.300463214367E2,4.070977728882E1));
#465=CARTESIAN_POINT('',(-4.128800192924E0,-3.300405594006E2,4.064411341916E1));
#466=CARTESIAN_POINT('',(-4.128693319068E0,-3.300376997570E2,4.061152506666E1));
#468=DIRECTION('',(3.266939514203E-3,8.741410731606E-2,-9.961667033927E-1));
#469=VECTOR('',#468,3.559437425098E0);
#470=CARTESIAN_POINT('',(-4.128693319068E0,-3.300376997570E2,4.061152506666E1));
#471=LINE('',#470,#469);
#472=CARTESIAN_POINT('',(-4.117064852296E0,-3.297265547119E2,3.706573202097E1));
#473=CARTESIAN_POINT('',(-4.116958035133E0,-3.297236965853E2,3.703316095546E1));
#474=CARTESIAN_POINT('',(-4.143642983847E0,-3.297179204204E2,3.696733607461E1));
#475=CARTESIAN_POINT('',(-4.201250482210E0,-3.297128698033E2,3.690977950133E1));
#476=CARTESIAN_POINT('',(-4.254584772741E0,-3.297104525381E2,3.688223247079E1));
#477=CARTESIAN_POINT('',(-4.286019594459E0,-3.297096847729E2,3.687348305753E1));
#478=CARTESIAN_POINT('',(-4.302339819426E0,-3.297095359181E2,3.687178671573E1));
#479=CARTESIAN_POINT('',(-4.310514343514E0,-3.297095335823E2,3.687176009679E1));
#481=DIRECTION('',(-9.999946573776E-1,2.857429350259E-4,-3.256311897015E-3));
#482=VECTOR('',#481,9.777795171531E-1);
#483=CARTESIAN_POINT('',(-4.310514343514E0,-3.297095335823E2,3.687176009679E1));
#484=LINE('',#483,#482);
#485=CARTESIAN_POINT('',(-5.288288636760E0,-3.297092541887E2,3.686857614171E1));
#486=CARTESIAN_POINT('',(-5.296459397216E0,-3.297092518540E2,3.686854953502E1));
#487=CARTESIAN_POINT('',(-5.312782909064E0,-3.297093912459E2,3.687013803790E1));
#488=CARTESIAN_POINT('',(-5.344261158874E0,-3.297101403120E2,3.687867435746E1));
#489=CARTESIAN_POINT('',(-5.397771199897E0,-3.297125256162E2,3.690585716309E1));
#490=CARTESIAN_POINT('',(-5.455772388983E0,-3.297175427080E2,3.696303168351E1));
#491=CARTESIAN_POINT('',(-5.482910037785E0,-3.297233047847E2,3.702869601667E1));
#492=CARTESIAN_POINT('',(-5.483016932065E0,-3.297261643875E2,3.706128390395E1));
#494=DIRECTION('',(-3.267610466501E-3,-8.741410712442E-2,9.961667012089E-1));
#495=VECTOR('',#494,1.040316996382E0);
#496=CARTESIAN_POINT('',(-5.483016932065E0,-3.297261643875E2,3.706128390395E1));
#497=LINE('',#496,#495);
#498=CARTESIAN_POINT('',(-5.486416282770E0,-3.298171027689E2,3.809761305445E1));
#499=CARTESIAN_POINT('',(-5.486589338399E0,-3.298217322997E2,3.815037095078E1));
#500=CARTESIAN_POINT('',(-5.521427965464E0,-3.298307613214E2,3.825326522096E1));
#501=CARTESIAN_POINT('',(-5.631492810986E0,-3.298379817727E2,3.833554911607E1));
#502=CARTESIAN_POINT('',(-5.735303751185E0,-3.298397621621E2,3.835583834311E1));
#503=CARTESIAN_POINT('',(-5.820106115416E0,-3.298399034904E2,3.835744891261E1));
#504=CARTESIAN_POINT('',(-5.905749033653E0,-3.298398589543E2,3.835694138120E1));
#505=CARTESIAN_POINT('',(-6.013243128320E0,-3.298381771749E2,3.833777590907E1));
#506=CARTESIAN_POINT('',(-6.129401280705E0,-3.298310267222E2,3.825628971536E1));
#507=CARTESIAN_POINT('',(-6.165331760176E0,-3.298216362191E2,3.814927602125E1));
#508=CARTESIAN_POINT('',(-6.165155090577E0,-3.298169088502E2,3.809540316721E1));
#510=DIRECTION('',(3.266809892101E-3,8.741410735310E-2,-9.961667038146E-1));
#511=VECTOR('',#510,1.040317203120E0);
#512=CARTESIAN_POINT('',(-6.165155090577E0,-3.298169088502E2,3.809540316721E1));
#513=LINE('',#512,#511);
#514=CARTESIAN_POINT('',(-6.161756572047E0,-3.297259704506E2,3.705907380806E1));
#515=CARTESIAN_POINT('',(-6.161649760461E0,-3.297231123597E2,3.702650315086E1));
#516=CARTESIAN_POINT('',(-6.188335816635E0,-3.297173361509E2,3.696067776926E1));
#517=CARTESIAN_POINT('',(-6.245946247761E0,-3.297122856075E2,3.690312203583E1));
#518=CARTESIAN_POINT('',(-6.299283132048E0,-3.297098683049E2,3.687557457907E1));
#519=CARTESIAN_POINT('',(-6.330720134707E0,-3.297091005111E2,3.686682483916E1));
#520=CARTESIAN_POINT('',(-6.347041453840E0,-3.297089516511E2,3.686512843814E1));
#521=CARTESIAN_POINT('',(-6.355216524887E0,-3.297089493151E2,3.686510181741E1));
#523=DIRECTION('',(-9.999946573776E-1,2.857429357127E-4,-3.256311904579E-3));
#524=VECTOR('',#523,9.777899652985E-1);
#525=CARTESIAN_POINT('',(-6.355216524887E0,-3.297089493151E2,3.686510181741E1));
#526=LINE('',#525,#524);
#527=CARTESIAN_POINT('',(-7.333001266223E0,-3.297086699185E2,3.686191782831E1));
#528=CARTESIAN_POINT('',(-7.341172026673E0,-3.297086675838E2,3.686189122162E1));
#529=CARTESIAN_POINT('',(-7.357495538521E0,-3.297088069757E2,3.686347972449E1));
#530=CARTESIAN_POINT('',(-7.388973788305E0,-3.297095560418E2,3.687201604408E1));
#531=CARTESIAN_POINT('',(-7.442483829282E0,-3.297119413460E2,3.689919884975E1));
#532=CARTESIAN_POINT('',(-7.500485037447E0,-3.297169584394E2,3.695637338887E1));
#533=CARTESIAN_POINT('',(-7.527622689360E0,-3.297227205192E2,3.702203775678E1));
#534=CARTESIAN_POINT('',(-7.527729561794E0,-3.297255801246E2,3.705462567333E1));
#536=DIRECTION('',(-3.266939764007E-3,-8.741410731601E-2,9.961667033919E-1));
#537=VECTOR('',#536,3.559437425182E0);
#538=CARTESIAN_POINT('',(-7.527729561794E0,-3.297255801246E2,3.705462567333E1));
#539=LINE('',#538,#537);
#540=CARTESIAN_POINT('',(-7.539358029456E0,-3.300367251697E2,4.060041871911E1));
#541=CARTESIAN_POINT('',(-7.539464845251E0,-3.300395832595E2,4.063298936495E1));
#542=CARTESIAN_POINT('',(-7.512778790188E0,-3.300453594672E2,4.069881473305E1));
#543=CARTESIAN_POINT('',(-7.455168366287E0,-3.300504100098E2,4.075637045902E1));
#544=CARTESIAN_POINT('',(-7.401831482059E0,-3.300528273124E2,4.078391791583E1));
#545=CARTESIAN_POINT('',(-7.370394479381E0,-3.300535951064E2,4.079266765579E1));
#546=CARTESIAN_POINT('',(-7.354073160218E0,-3.300537439663E2,4.079436405682E1));
#547=CARTESIAN_POINT('',(-7.345898089134E0,-3.300537463023E2,4.079439067755E1));
#549=DIRECTION('',(9.999946573771E-1,-2.857429489891E-4,3.256312054603E-3));
#550=VECTOR('',#549,9.777795173150E-1);
#551=CARTESIAN_POINT('',(-7.345898089134E0,-3.300537463023E2,4.079439067755E1));
#552=LINE('',#551,#550);
#553=CARTESIAN_POINT('',(-6.368123795727E0,-3.300540256959E2,4.079757463278E1));
#554=CARTESIAN_POINT('',(-6.359953577391E0,-3.300540280305E2,4.079760123770E1));
#555=CARTESIAN_POINT('',(-6.343631150319E0,-3.300538886431E2,4.079601278564E1));
#556=CARTESIAN_POINT('',(-6.312155065988E0,-3.300531396035E2,4.078747676916E1));
#557=CARTESIAN_POINT('',(-6.258647645460E0,-3.300507543350E2,4.076029436992E1));
#558=CARTESIAN_POINT('',(-6.200649388745E0,-3.300457371681E2,4.070311899402E1));
#559=CARTESIAN_POINT('',(-6.173512844428E0,-3.300399751351E2,4.063745515897E1));
#560=CARTESIAN_POINT('',(-6.173405948696E0,-3.300371154940E2,4.060486683565E1));
#562=DIRECTION('',(3.267611144454E-3,8.741410712423E-2,-9.961667012067E-1));
#563=VECTOR('',#562,1.040316994967E0);
#564=CARTESIAN_POINT('',(-6.173405948696E0,-3.300371154940E2,4.060486683565E1));
#565=LINE('',#564,#563);
#566=CARTESIAN_POINT('',(-6.170006597290E0,-3.299461771128E2,3.956853768656E1));
#567=CARTESIAN_POINT('',(-6.169833546928E0,-3.299415477238E2,3.951578140679E1));
#568=CARTESIAN_POINT('',(-6.134993626141E0,-3.299325190154E2,3.941289070605E1));
#569=CARTESIAN_POINT('',(-6.024928605976E0,-3.299252992630E2,3.933061477699E1));
#570=CARTESIAN_POINT('',(-5.921120776988E0,-3.299235194189E2,3.931033176473E1));
#571=CARTESIAN_POINT('',(-5.836320342905E0,-3.299233782846E2,3.930872340523E1));
#572=CARTESIAN_POINT('',(-5.750678323395E0,-3.299234225795E2,3.930922818720E1));
#573=CARTESIAN_POINT('',(-5.643182489852E0,-3.299251037335E2,3.932838653283E1));
#574=CARTESIAN_POINT('',(-5.527017939333E0,-3.299322532710E2,3.940986229565E1));
#575=CARTESIAN_POINT('',(-5.491080675132E0,-3.299416437309E2,3.951687549847E1));
#576=CARTESIAN_POINT('',(-5.491257342242E0,-3.299463710343E2,3.957074760664E1));
#578=DIRECTION('',(-3.266809089692E-3,-8.741410735331E-2,9.961667038172E-1));
#579=VECTOR('',#578,1.040317203004E0);
#580=CARTESIAN_POINT('',(-5.491257342242E0,-3.299463710343E2,3.957074760664E1));
#581=LINE('',#580,#579);
#582=CARTESIAN_POINT('',(-5.494655859937E0,-3.300373094340E2,4.060707696568E1));
#583=CARTESIAN_POINT('',(-5.494762672873E0,-3.300401675617E2,4.063964804259E1));
#584=CARTESIAN_POINT('',(-5.468077723478E0,-3.300459437278E2,4.070547293722E1));
#585=CARTESIAN_POINT('',(-5.410470217652E0,-3.300509943455E2,4.076302951807E1));
#586=CARTESIAN_POINT('',(-5.357135927118E0,-3.300534116107E2,4.079057654880E1));
#587=CARTESIAN_POINT('',(-5.325701105340E0,-3.300541793759E2,4.079932596212E1));
#588=CARTESIAN_POINT('',(-5.309380880344E0,-3.300543282307E2,4.080102230395E1));
#589=CARTESIAN_POINT('',(-5.301206356239E0,-3.300543305665E2,4.080104892289E1));
#591=DIRECTION('',(9.999946572993E-1,-2.857450301953E-4,3.256335773579E-3));
#592=VECTOR('',#591,1.088598240706E0);
#593=CARTESIAN_POINT('',(-2.285307554230E0,-3.300553196041E2,4.081231994429E1));
#594=LINE('',#593,#592);
#595=CARTESIAN_POINT('',(-1.196715129579E0,-3.300556306656E2,4.081586478569E1));
#596=CARTESIAN_POINT('',(-1.181706735197E0,-3.300556349542E2,4.081591365832E1));
#597=CARTESIAN_POINT('',(-1.151687115614E0,-3.300555219216E2,4.081462554405E1));
#598=CARTESIAN_POINT('',(-1.091842816557E0,-3.300548323278E2,4.080676696912E1));
#599=CARTESIAN_POINT('',(-1.018954263663E0,-3.300531469432E2,4.078756041135E1));
#600=CARTESIAN_POINT('',(-9.638795656572E-1,-3.300509518339E2,
4.076254505942E1));
#601=CARTESIAN_POINT('',(-9.378875709477E-1,-3.300496512611E2,
4.074772379725E1));
#603=DIRECTION('',(8.678740178446E-1,4.342619211562E-2,-4.948826679007E-1));
#604=VECTOR('',#603,8.896175826976E-1);
#605=CARTESIAN_POINT('',(-9.378875709477E-1,-3.300496512611E2,
4.074772379725E1));
#606=LINE('',#605,#604);
#607=CARTESIAN_POINT('',(-1.658115851067E-1,-3.300110185571E2,
4.030746747451E1));
#608=CARTESIAN_POINT('',(-1.398786866450E-1,-3.300097209411E2,
4.029267991046E1));
#609=CARTESIAN_POINT('',(-9.313067884025E-2,-3.300061081179E2,
4.025150835947E1));
#610=CARTESIAN_POINT('',(-4.702002820470E-2,-3.299992608765E2,
4.017347754851E1));
#611=CARTESIAN_POINT('',(-3.336824562797E-2,-3.299939267980E2,
4.011269066055E1));
#612=CARTESIAN_POINT('',(-3.327011572119E-2,-3.299913011096E2,
4.008276844969E1));
#614=DIRECTION('',(3.266929245083E-3,8.741410731900E-2,-9.961667034262E-1));
#615=VECTOR('',#614,3.015270134227E0);
#616=CARTESIAN_POINT('',(-3.327011572119E-2,-3.299913011096E2,
4.008276844969E1));
#617=LINE('',#616,#615);
#618=CARTESIAN_POINT('',(-2.341944153786E-2,-3.297277239625E2,
3.707905674014E1));
#619=CARTESIAN_POINT('',(-2.331262176560E-2,-3.297248657570E2,
3.704648477656E1));
#620=CARTESIAN_POINT('',(-4.999830885062E-2,-3.297190894317E2,
3.698065806805E1));
#621=CARTESIAN_POINT('',(-1.076074081623E-1,-3.297140386746E2,
3.692309989897E1));
#622=CARTESIAN_POINT('',(-1.609431837165E-1,-3.297116213424E2,
3.689555210437E1));
#623=CARTESIAN_POINT('',(-1.923788743674E-1,-3.297108535560E2,
3.688680245015E1));
#624=CARTESIAN_POINT('',(-2.086995497315E-1,-3.297107046971E2,
3.688510606151E1));
#625=CARTESIAN_POINT('',(-2.168742988608E-1,-3.297107023612E2,
3.688507944162E1));
#627=DIRECTION('',(-9.999946572881E-1,2.857453280022E-4,-3.256339167471E-3));
#628=VECTOR('',#627,9.777790177872E-1);
#629=CARTESIAN_POINT('',(-2.168742988608E-1,-3.297107023612E2,
3.688507944162E1));
#630=LINE('',#629,#628);
#631=CARTESIAN_POINT('',(-1.194648092657E0,-3.297104229654E2,3.688189546150E1));
#632=CARTESIAN_POINT('',(-1.202818801673E0,-3.297104206307E2,3.688186885476E1));
#633=CARTESIAN_POINT('',(-1.219141952001E0,-3.297105600170E2,3.688345729404E1));
#634=CARTESIAN_POINT('',(-1.250619160321E0,-3.297113090848E2,3.689199363300E1));
#635=CARTESIAN_POINT('',(-1.304128067711E0,-3.297136944183E2,3.691917677231E1));
#636=CARTESIAN_POINT('',(-1.362127950809E0,-3.297187117264E2,3.697635375799E1));
#637=CARTESIAN_POINT('',(-1.389265248329E0,-3.297244739221E2,3.704201944544E1));
#638=CARTESIAN_POINT('',(-1.389372127053E0,-3.297273336443E2,3.707460869457E1));
#640=DIRECTION('',(-3.266998454398E-3,-8.741410729912E-2,9.961667032009E-1));
#641=VECTOR('',#640,5.649426706761E-1);
#642=CARTESIAN_POINT('',(-1.389372127053E0,-3.297273336443E2,3.707460869457E1));
#643=LINE('',#642,#641);
#644=CARTESIAN_POINT('',(-1.471216987336E0,-3.297766947570E2,3.763712541415E1));
#645=DIRECTION('',(9.020301674738E-14,-9.961720194260E-1,-8.741457380052E-2));
#646=DIRECTION('',(9.999946633463E-1,-2.855832777149E-4,3.254492447228E-3));
#647=AXIS2_PLACEMENT_3D('',#644,#645,#646);
#649=DIRECTION('',(-9.999946572881E-1,2.857453284069E-4,-3.256339171566E-3));
#650=VECTOR('',#649,8.036727299617E-1);
#651=CARTESIAN_POINT('',(-1.471478494277E0,-3.297836878524E2,3.771681837176E1));
#652=LINE('',#651,#650);
#653=CARTESIAN_POINT('',(-2.275146930447E0,-3.297834582066E2,3.771420134077E1));
#654=CARTESIAN_POINT('',(-2.290165036451E0,-3.297834539152E2,3.771415243646E1));
#655=CARTESIAN_POINT('',(-2.320204042861E0,-3.297835669334E2,3.771544038471E1));
#656=CARTESIAN_POINT('',(-2.380065345266E0,-3.297842562445E2,3.772329574011E1));
#657=CARTESIAN_POINT('',(-2.453012394598E0,-3.297859414218E2,3.774249993469E1));
#658=CARTESIAN_POINT('',(-2.508128399050E0,-3.297881388972E2,3.776754225227E1));
#659=CARTESIAN_POINT('',(-2.534155942503E0,-3.297894426519E2,3.778239977354E1));
#661=DIRECTION('',(-8.676432373798E-1,-4.346141604712E-2,4.952840780242E-1));
#662=VECTOR('',#661,8.924396312129E-1);
#663=CARTESIAN_POINT('',(-2.534155942503E0,-3.297894426519E2,3.778239977354E1));
#664=LINE('',#663,#662);
#665=CARTESIAN_POINT('',(-3.308475153295E0,-3.298282293420E2,3.822441091348E1));
#666=CARTESIAN_POINT('',(-3.334202662839E0,-3.298295180676E2,3.823909716389E1));
#667=CARTESIAN_POINT('',(-3.380019725968E0,-3.298331310511E2,3.828027054037E1));
#668=CARTESIAN_POINT('',(-3.425227927800E0,-3.298399240017E2,3.835768265714E1));
#669=CARTESIAN_POINT('',(-3.438510808280E0,-3.298451908382E2,3.841770325914E1));
#670=CARTESIAN_POINT('',(-3.438607658624E0,-3.298477822342E2,3.844723467437E1));
#672=DIRECTION('',(-3.266998511479E-3,-8.741410729920E-2,9.961667032007E-1));
#673=VECTOR('',#672,1.630669541544E0);
#674=CARTESIAN_POINT('',(-3.438607658624E0,-3.298477822342E2,3.844723467437E1));
#675=LINE('',#674,#673);
#676=CARTESIAN_POINT('',(-3.443935053589E0,-3.299903257565E2,4.007165337558E1));
#677=CARTESIAN_POINT('',(-3.444031959043E0,-3.299929186269E2,4.010120159470E1));
#678=CARTESIAN_POINT('',(-3.431145648453E0,-3.299981950834E2,4.016133182374E1));
#679=CARTESIAN_POINT('',(-3.386447371572E0,-3.300050157300E2,4.023905956477E1));
#680=CARTESIAN_POINT('',(-3.340902633743E0,-3.300086554231E2,4.028053732053E1));
#681=CARTESIAN_POINT('',(-3.315274660240E0,-3.300099585050E2,4.029538717587E1));
#683=DIRECTION('',(8.644055431141E-1,-4.395163193233E-2,5.008705532212E-1));
#684=VECTOR('',#683,8.924145697433E-1);
#685=CARTESIAN_POINT('',(-3.315274660240E0,-3.300099585050E2,4.029538717587E1));
#686=LINE('',#685,#684);
#687=CARTESIAN_POINT('',(-2.543866559399E0,-3.300491815817E2,4.074237135512E1));
#688=CARTESIAN_POINT('',(-2.517910917283E0,-3.300505013244E2,4.075741107453E1));
#689=CARTESIAN_POINT('',(-2.462936010098E0,-3.300527319982E2,4.078283171978E1));
#690=CARTESIAN_POINT('',(-2.390103078617E0,-3.300544608981E2,4.080253417486E1));
#691=CARTESIAN_POINT('',(-2.330318218466E0,-3.300551850204E2,4.081078623547E1));
#692=CARTESIAN_POINT('',(-2.300313235206E0,-3.300553153162E2,4.081227108050E1));
#693=CARTESIAN_POINT('',(-2.285307554230E0,-3.300553196041E2,4.081231994429E1));
#695=DIRECTION('',(8.643880865261E-1,-4.395425525818E-2,5.009004485090E-1));
#696=VECTOR('',#695,2.184096779173E0);
#697=CARTESIAN_POINT('',(7.719803840607E-1,-3.299475534299E2,3.958422212635E1));
#698=LINE('',#697,#696);
#699=CARTESIAN_POINT('',(2.659887619798E0,-3.300435537773E2,4.067823718262E1));
#700=CARTESIAN_POINT('',(2.677794145996E0,-3.300444643266E2,4.068861375669E1));
#701=CARTESIAN_POINT('',(2.717519565246E0,-3.300456784007E2,4.070244928171E1));
#702=CARTESIAN_POINT('',(2.801642044588E0,-3.300457377756E2,4.070312591567E1));
#703=CARTESIAN_POINT('',(2.897613121258E0,-3.300411414725E2,4.065074668128E1));
#704=CARTESIAN_POINT('',(2.931645498032E0,-3.300336915029E2,4.056584720797E1));
#705=CARTESIAN_POINT('',(2.931785854029E0,-3.300299348119E2,4.052303614851E1));
#707=DIRECTION('',(3.265931112937E-3,8.741410760400E-2,-9.961667066740E-1));
#708=VECTOR('',#707,1.017351668550E0);
#709=CARTESIAN_POINT('',(2.931785854029E0,-3.300299348119E2,4.052303614851E1));
#710=LINE('',#709,#708);
#711=CARTESIAN_POINT('',(2.935108454496E0,-3.299410039237E2,3.950958428732E1));
#712=CARTESIAN_POINT('',(2.935198870770E0,-3.299385838916E2,3.948200572597E1));
#713=CARTESIAN_POINT('',(2.923135186313E0,-3.299336582870E2,3.942587378717E1));
#714=CARTESIAN_POINT('',(2.881330182674E0,-3.299272945027E2,3.935335242605E1));
#715=CARTESIAN_POINT('',(2.838746010679E0,-3.299239008416E2,3.931467843787E1));
#716=CARTESIAN_POINT('',(2.814789843542E0,-3.299226878449E2,3.930085518892E1));
#718=DIRECTION('',(-8.653165108473E-1,4.381444260343E-2,-4.993071506342E-1));
#719=VECTOR('',#718,6.742285498903E-1);
#720=CARTESIAN_POINT('',(2.814789843542E0,-3.299226878449E2,3.930085518892E1));
#721=LINE('',#720,#719);
#722=CARTESIAN_POINT('',(2.231368747237E0,-3.298931468968E2,3.896420805280E1));
#723=CARTESIAN_POINT('',(2.215072550207E0,-3.298923217551E2,3.895480477942E1));
#724=CARTESIAN_POINT('',(2.191547248038E0,-3.298891571314E2,3.891874088976E1));
#725=CARTESIAN_POINT('',(2.183405748084E0,-3.298839717631E2,3.885964869888E1));
#726=CARTESIAN_POINT('',(2.192075558400E0,-3.298787980454E2,3.880068927547E1));
#727=CARTESIAN_POINT('',(2.215893200881E0,-3.298756670664E2,3.876500879897E1));
#728=CARTESIAN_POINT('',(2.232161323194E0,-3.298748558303E2,3.875576399293E1));
#730=DIRECTION('',(8.686049084280E-1,4.331438556159E-2,-4.936085261198E-1));
#731=VECTOR('',#730,6.740580092973E-1);
#732=CARTESIAN_POINT('',(2.232161323194E0,-3.298748558303E2,3.875576399293E1));
#733=LINE('',#732,#731);
#734=CARTESIAN_POINT('',(2.817651418634E0,-3.298456594218E2,3.842304321244E1));
#735=CARTESIAN_POINT('',(2.841704211564E0,-3.298444599905E2,3.840937455413E1));
#736=CARTESIAN_POINT('',(2.884549066610E0,-3.298410905730E2,3.837097684460E1));
#737=CARTESIAN_POINT('',(2.926831008720E0,-3.298347502656E2,3.829872302681E1));
#738=CARTESIAN_POINT('',(2.939264472148E0,-3.298298316947E2,3.824267124331E1));
#739=CARTESIAN_POINT('',(2.939354916478E0,-3.298274116584E2,3.821509263309E1));
#741=DIRECTION('',(3.266938766404E-3,8.741410731620E-2,-9.961667033952E-1));
#742=VECTOR('',#741,1.017352012312E0);
#743=CARTESIAN_POINT('',(2.939354916478E0,-3.298274116584E2,3.821509263309E1));
#744=LINE('',#743,#742);
#745=CARTESIAN_POINT('',(2.942678543206E0,-3.297384807404E2,3.720164043279E1));
#746=CARTESIAN_POINT('',(2.942813175528E0,-3.297348783576E2,3.716058786163E1));
#747=CARTESIAN_POINT('',(2.911529470664E0,-3.297275879586E2,3.707750684642E1));
#748=CARTESIAN_POINT('',(2.818439778637E0,-3.297226968851E2,3.702176842400E1));
#749=CARTESIAN_POINT('',(2.732316222502E0,-3.297225528802E2,3.702012735073E1));
#750=CARTESIAN_POINT('',(2.690566694064E0,-3.297237669052E2,3.703396231791E1));
#751=CARTESIAN_POINT('',(2.671804068229E0,-3.297247066936E2,3.704467209819E1));
#753=DIRECTION('',(-8.676561944824E-1,-4.345943941412E-2,4.952615524167E-1));
#754=VECTOR('',#753,2.184093001959E0);
#755=CARTESIAN_POINT('',(2.671804068229E0,-3.297247066936E2,3.704467209819E1));
#756=LINE('',#755,#754);
#757=CARTESIAN_POINT('',(7.767622457531E-1,-3.298196261511E2,3.812636938896E1));
#758=CARTESIAN_POINT('',(7.527822089256E-1,-3.298208272708E2,3.814005728786E1));
#759=CARTESIAN_POINT('',(7.100747514928E-1,-3.298241951831E2,3.817843784515E1));
#760=CARTESIAN_POINT('',(6.679347696782E-1,-3.298305276553E2,3.825060237335E1));
#761=CARTESIAN_POINT('',(6.555528423864E-1,-3.298354376948E2,3.830655693538E1));
#762=CARTESIAN_POINT('',(6.554625784199E-1,-3.298378536271E2,3.833408877445E1));
#764=DIRECTION('',(-3.265962654888E-3,-8.741410759500E-2,9.961667065714E-1));
#765=VECTOR('',#764,1.045635583347E0);
#766=CARTESIAN_POINT('',(6.554625784199E-1,-3.298378536271E2,3.833408877445E1));
#767=LINE('',#766,#765);
#768=CARTESIAN_POINT('',(6.520475716540E-1,-3.299292569284E2,3.937571612979E1));
#769=CARTESIAN_POINT('',(6.519573079296E-1,-3.299316728541E2,3.940324789502E1));
#770=CARTESIAN_POINT('',(6.639701179665E-1,-3.299365898991E2,3.945928228936E1));
#771=CARTESIAN_POINT('',(7.056370294647E-1,-3.299429462604E2,3.953171905707E1));
#772=CARTESIAN_POINT('',(7.480905667371E-1,-3.299463386294E2,3.957037832123E1));
#773=CARTESIAN_POINT('',(7.719803840607E-1,-3.299475534299E2,3.958422212635E1));
#775=DIRECTION('',(9.999946573771E-1,-2.857429491730E-4,3.256312058157E-3));
#776=VECTOR('',#775,9.777798208530E-1);
#777=CARTESIAN_POINT('',(5.852583135368E0,-3.300573771205E2,4.083576729678E1));
#778=LINE('',#777,#776);
#779=CARTESIAN_POINT('',(6.830357732312E0,-3.300576565142E2,4.083895125300E1));
#780=CARTESIAN_POINT('',(6.838528175861E0,-3.300576588489E2,4.083897785866E1));
#781=CARTESIAN_POINT('',(6.854851052864E0,-3.300575194576E2,4.083738936304E1));
#782=CARTESIAN_POINT('',(6.886328005139E0,-3.300567703976E2,4.082885311224E1));
#783=CARTESIAN_POINT('',(6.939836912498E0,-3.300543850629E2,4.080166996100E1));
#784=CARTESIAN_POINT('',(6.997836806713E0,-3.300493677546E2,4.074449297143E1));
#785=CARTESIAN_POINT('',(7.024974106168E0,-3.300436055570E2,4.067882726187E1));
#786=CARTESIAN_POINT('',(7.025080972085E0,-3.300407458332E2,4.064623799554E1));
#788=DIRECTION('',(3.266605251473E-3,8.741410741154E-2,-9.961667044805E-1));
#789=VECTOR('',#788,3.013816862096E0);
#790=CARTESIAN_POINT('',(7.025080972085E0,-3.300407458332E2,4.064623799554E1));
#791=LINE('',#790,#789);
#792=CARTESIAN_POINT('',(7.034925922074E0,-3.297772957223E2,3.764397398412E1));
#793=CARTESIAN_POINT('',(7.035020920155E0,-3.297747535808E2,3.761500387045E1));
#794=CARTESIAN_POINT('',(7.022603816068E0,-3.297695708103E2,3.755594128110E1));
#795=CARTESIAN_POINT('',(6.979191610634E0,-3.297628326819E2,3.747915391399E1));
#796=CARTESIAN_POINT('',(6.934984894300E0,-3.297591939234E2,3.743768680835E1));
#797=CARTESIAN_POINT('',(6.909995719088E0,-3.297578633560E2,3.742252372949E1));
#799=DIRECTION('',(-8.643256160186E-1,4.396364143017E-2,-5.010074128457E-1));
#800=VECTOR('',#799,8.927746306917E-1);
#801=CARTESIAN_POINT('',(6.909995719088E0,-3.297578633560E2,3.742252372949E1));
#802=LINE('',#801,#800);
#803=CARTESIAN_POINT('',(6.138347736449E0,-3.297186137322E2,3.697523702151E1));
#804=CARTESIAN_POINT('',(6.111544914542E0,-3.297173444982E2,3.696077289544E1));
#805=CARTESIAN_POINT('',(6.056581149126E0,-3.297149185609E2,3.693312703766E1));
#806=CARTESIAN_POINT('',(5.982366694871E0,-3.297131884801E2,3.691341112510E1));
#807=CARTESIAN_POINT('',(5.921846612355E0,-3.297124484899E2,3.690497823432E1));
#808=CARTESIAN_POINT('',(5.891496413252E0,-3.297123124981E2,3.690342847941E1));
#809=CARTESIAN_POINT('',(5.876315169056E0,-3.297123081601E2,3.690337904393E1));
#811=DIRECTION('',(-9.999946573025E-1,2.857449429297E-4,-3.256334778115E-3));
#812=VECTOR('',#811,1.088598242737E0);
#813=CARTESIAN_POINT('',(5.876315169056E0,-3.297123081601E2,3.690337904393E1));
#814=LINE('',#813,#812);
#815=CARTESIAN_POINT('',(4.787722742371E0,-3.297119970987E2,3.689983420361E1));
#816=CARTESIAN_POINT('',(4.772700749386E0,-3.297119928062E2,3.689978528671E1));
#817=CARTESIAN_POINT('',(4.742653755483E0,-3.297121056488E2,3.690107123541E1));
#818=CARTESIAN_POINT('',(4.682782462288E0,-3.297127944268E2,3.690892051507E1));
#819=CARTESIAN_POINT('',(4.609835031883E0,-3.297144793453E2,3.692812175836E1));
#820=CARTESIAN_POINT('',(4.554720986373E0,-3.297166762736E2,3.695315784235E1));
#821=CARTESIAN_POINT('',(4.528699271858E0,-3.297179799421E2,3.696801438155E1));
#823=DIRECTION('',(-8.676093731891E-1,-4.346658153581E-2,4.953429436704E-1));
#824=VECTOR('',#823,8.884318529619E-1);
#825=CARTESIAN_POINT('',(4.528699271858E0,-3.297179799421E2,3.696801438155E1));
#826=LINE('',#825,#824);
#827=CARTESIAN_POINT('',(3.757887468789E0,-3.297565970377E2,3.740809283085E1));
#828=CARTESIAN_POINT('',(3.731564008302E0,-3.297578593175E2,3.742247770734E1));
#829=CARTESIAN_POINT('',(3.684494289125E0,-3.297614736265E2,3.746366618876E1));
#830=CARTESIAN_POINT('',(3.638102709087E0,-3.297683384800E2,3.754189770817E1));
#831=CARTESIAN_POINT('',(3.624360563886E0,-3.297736876E2,3.760285600736E1));
#832=CARTESIAN_POINT('',(3.624262141026E0,-3.297763211272E2,3.763286754796E1));
#834=DIRECTION('',(-3.266929115140E-3,-8.741410731905E-2,9.961667034266E-1));
#835=VECTOR('',#834,3.013816993277E0);
#836=CARTESIAN_POINT('',(3.624262141026E0,-3.297763211272E2,3.763286754796E1));
#837=LINE('',#836,#835);
#838=CARTESIAN_POINT('',(3.614416214543E0,-3.300397712493E2,4.063513168689E1));
#839=CARTESIAN_POINT('',(3.614309394774E0,-3.300426294548E2,4.066770365093E1));
#840=CARTESIAN_POINT('',(3.640995080090E0,-3.300484057801E2,4.073353035892E1));
#841=CARTESIAN_POINT('',(3.698604176389E0,-3.300534565372E2,4.079108852936E1));
#842=CARTESIAN_POINT('',(3.751939949364E0,-3.300558738693E2,4.081863632310E1));
#843=CARTESIAN_POINT('',(3.783375638824E0,-3.300566416557E2,4.082738597709E1));
#844=CARTESIAN_POINT('',(3.799696314177E0,-3.300567905146E2,4.082908236553E1));
#845=CARTESIAN_POINT('',(3.807871063847E0,-3.300567928505E2,4.082910898520E1));
#847=DIRECTION('',(9.999946573771E-1,-2.857429483990E-4,3.256312050304E-3));
#848=VECTOR('',#847,9.777956153211E-1);
#849=CARTESIAN_POINT('',(3.807871063847E0,-3.300567928505E2,4.082910898520E1));
#850=LINE('',#849,#848);
#851=CARTESIAN_POINT('',(4.785661455175E0,-3.300570722487E2,4.083229299285E1));
#852=CARTESIAN_POINT('',(4.793831898702E0,-3.300570745834E2,4.083231959851E1));
#853=CARTESIAN_POINT('',(4.810154775667E0,-3.300569351921E2,4.083073110289E1));
#854=CARTESIAN_POINT('',(4.841631727883E0,-3.300561861320E2,4.082219485219E1));
#855=CARTESIAN_POINT('',(4.895140635329E0,-3.300538007974E2,4.079501170108E1));
#856=CARTESIAN_POINT('',(4.953140509798E0,-3.300487834907E2,4.073783473089E1));
#857=CARTESIAN_POINT('',(4.980277806453E0,-3.300430212964E2,4.067216905736E1));
#858=CARTESIAN_POINT('',(4.980384695055E0,-3.300401615752E2,4.063957982127E1));
#860=DIRECTION('',(3.267301697598E-3,8.741410721266E-2,-9.961667022140E-1));
#861=VECTOR('',#860,2.263377047807E0);
#862=CARTESIAN_POINT('',(4.980384695055E0,-3.300401615752E2,4.063957982127E1));
#863=LINE('',#862,#861);
#864=CARTESIAN_POINT('',(4.987779830726E0,-3.298423104913E2,3.838487897169E1));
#865=CARTESIAN_POINT('',(4.987952864421E0,-3.298376811098E2,3.833212277669E1));
#866=CARTESIAN_POINT('',(5.022791949747E0,-3.298286523941E2,3.822923199434E1));
#867=CARTESIAN_POINT('',(5.132855142032E0,-3.298214324324E2,3.814695367887E1));
#868=CARTESIAN_POINT('',(5.236662915764E0,-3.298196523294E2,3.812666771586E1));
#869=CARTESIAN_POINT('',(5.321463473995E0,-3.298195110812E2,3.812505805865E1));
#870=CARTESIAN_POINT('',(5.407105553974E0,-3.298195554824E2,3.812556405280E1));
#871=CARTESIAN_POINT('',(5.514601084439E0,-3.298212369076E2,3.814472548840E1));
#872=CARTESIAN_POINT('',(5.630763026150E0,-3.298283867057E2,3.822620422137E1));
#873=CARTESIAN_POINT('',(5.666699198764E0,-3.298377771342E2,3.833321706556E1));
#874=CARTESIAN_POINT('',(5.666522526806E0,-3.298425044254E2,3.838708903537E1));
#876=DIRECTION('',(-3.266907122739E-3,-8.741410732530E-2,9.961667034982E-1));
#877=VECTOR('',#876,2.263377153174E0);
#878=CARTESIAN_POINT('',(5.666522526806E0,-3.298425044254E2,3.838708903537E1));
#879=LINE('',#878,#877);
#880=CARTESIAN_POINT('',(5.659128283863E0,-3.300403555188E2,4.064178999282E1));
#881=CARTESIAN_POINT('',(5.659021464806E0,-3.300432137245E2,4.067436195881E1));
#882=CARTESIAN_POINT('',(5.685707150319E0,-3.300489900500E2,4.074018866920E1));
#883=CARTESIAN_POINT('',(5.743316248026E0,-3.300540408072E2,4.079774684077E1));
#884=CARTESIAN_POINT('',(5.796652021E0,-3.300564581394E2,4.082529463461E1));
#885=CARTESIAN_POINT('',(5.828087710424E0,-3.300572259258E2,4.083404428863E1));
#886=CARTESIAN_POINT('',(5.844408385737E0,-3.300573747847E2,4.083574067710E1));
#887=CARTESIAN_POINT('',(5.852583135368E0,-3.300573771205E2,4.083576729678E1));
#889=DIRECTION('',(9.999946573614E-1,-2.857433700864E-4,3.256316855330E-3));
#890=VECTOR('',#889,1.180281680850E0);
#891=CARTESIAN_POINT('',(9.726954637072E0,-3.300584870760E2,4.084841629297E1));
#892=LINE('',#891,#890);
#893=CARTESIAN_POINT('',(1.090723001210E1,-3.300588243337E2,4.085225966410E1));
#894=CARTESIAN_POINT('',(1.091540002141E1,-3.300588266683E2,4.085228626838E1));
#895=CARTESIAN_POINT('',(1.093172202780E1,-3.300586872749E2,4.085069774819E1));
#896=CARTESIAN_POINT('',(1.096319715530E1,-3.300579382085E2,4.084216142730E1));
#897=CARTESIAN_POINT('',(1.101670511561E1,-3.300555527549E2,4.081497691806E1));
#898=CARTESIAN_POINT('',(1.107470378154E1,-3.300505348953E2,4.075779364781E1));
#899=CARTESIAN_POINT('',(1.110184103860E1,-3.300447723249E2,4.069212368936E1));
#900=CARTESIAN_POINT('',(1.110194792679E1,-3.300419122980E2,4.065953096858E1));
#902=DIRECTION('',(3.266939514222E-3,8.741410731608E-2,-9.961667033927E-1));
#903=VECTOR('',#902,3.559479216848E0);
#904=CARTESIAN_POINT('',(1.110194792679E1,-3.300419122980E2,4.065953096858E1));
#905=LINE('',#904,#903);
#906=CARTESIAN_POINT('',(1.111357653009E1,-3.297307635997E2,3.711369629134E1));
#907=CARTESIAN_POINT('',(1.111368334695E1,-3.297279054811E2,3.708112531728E1));
#908=CARTESIAN_POINT('',(1.108699843727E1,-3.297221293291E2,3.701530058289E1));
#909=CARTESIAN_POINT('',(1.102939100870E1,-3.297170787258E2,3.695774416754E1));
#910=CARTESIAN_POINT('',(1.097605679003E1,-3.297146614634E2,3.693019716845E1));
#911=CARTESIAN_POINT('',(1.094462198796E1,-3.297138936977E2,3.692144775096E1));
#912=CARTESIAN_POINT('',(1.092830177263E1,-3.297137448425E2,3.691975140304E1));
#913=CARTESIAN_POINT('',(1.092012725283E1,-3.297137425063E2,3.691972477985E1));
#915=DIRECTION('',(-9.999946556665E-1,2.857886893151E-4,-3.256833310991E-3));
#916=VECTOR('',#915,7.819709802256E-1);
#917=CARTESIAN_POINT('',(1.092012725283E1,-3.297137425063E2,3.691972477985E1));
#918=LINE('',#917,#916);
#919=CARTESIAN_POINT('',(1.013816045172E1,-3.297135190279E2,3.691717803071E1));
#920=CARTESIAN_POINT('',(1.012998969356E1,-3.297135166927E2,3.691715141977E1));
#921=CARTESIAN_POINT('',(1.011366618600E1,-3.297136560839E2,3.691873991480E1));
#922=CARTESIAN_POINT('',(1.008218794407E1,-3.297144051489E2,3.692727622194E1));
#923=CARTESIAN_POINT('',(1.002867790235E1,-3.297167904522E2,3.695445901568E1));
#924=CARTESIAN_POINT('',(9.970676691328E0,-3.297218075464E2,3.701163356376E1));
#925=CARTESIAN_POINT('',(9.943539026510E0,-3.297275696275E2,3.707729794671E1));
#926=CARTESIAN_POINT('',(9.943432154717E0,-3.297304292342E2,3.710988587872E1));
#928=DIRECTION('',(-3.266918631991E-3,-8.741410732201E-2,9.961667034607E-1));
#929=VECTOR('',#928,1.250574826667E0);
#930=CARTESIAN_POINT('',(9.943432154717E0,-3.297304292342E2,3.710988587872E1));
#931=LINE('',#930,#929);
#932=CARTESIAN_POINT('',(9.939346628515E0,-3.298397471163E2,3.835566688123E1));
#933=CARTESIAN_POINT('',(9.939231565427E0,-3.298428259004E2,3.839075254745E1));
#934=CARTESIAN_POINT('',(9.917387387328E0,-3.298490702040E2,3.846191231178E1));
#935=CARTESIAN_POINT('',(9.844012625530E0,-3.298537047800E2,3.851472770318E1));
#936=CARTESIAN_POINT('',(9.785484026249E0,-3.298547960810E2,3.852716411390E1));
#937=CARTESIAN_POINT('',(9.751955707143E0,-3.298548267114E2,3.852751317644E1));
#938=CARTESIAN_POINT('',(9.703926108792E0,-3.298543148220E2,3.852167971126E1));
#939=CARTESIAN_POINT('',(9.632754122938E0,-3.298514572849E2,3.848911536514E1));
#940=CARTESIAN_POINT('',(9.600812574140E0,-3.298458123997E2,3.842478654108E1));
#941=CARTESIAN_POINT('',(9.594246136097E0,-3.298428452389E2,3.839097292757E1));
#943=DIRECTION('',(-1.899304294454E-1,8.582341451561E-2,-9.780392494637E-1));
#944=VECTOR('',#943,1.296845383374E0);
#945=CARTESIAN_POINT('',(9.594246136097E0,-3.298428452389E2,3.839097292757E1));
#946=LINE('',#945,#944);
#947=CARTESIAN_POINT('',(9.347935735509E0,-3.297315455400E2,3.712260724214E1));
#948=CARTESIAN_POINT('',(9.340635792367E0,-3.297282469319E2,3.708501647308E1));
#949=CARTESIAN_POINT('',(9.300651423701E0,-3.297219509890E2,3.701326822892E1));
#950=CARTESIAN_POINT('',(9.225661009811E0,-3.297165337162E2,3.695153326563E1));
#951=CARTESIAN_POINT('',(9.161037515166E0,-3.297141164625E2,3.692398636529E1));
#952=CARTESIAN_POINT('',(9.123528206414E0,-3.297133661161E2,3.691543545651E1));
#953=CARTESIAN_POINT('',(9.104312133435E0,-3.297132236063E2,3.691381142160E1));
#954=CARTESIAN_POINT('',(9.094681962601E0,-3.297132208548E2,3.691378006601E1));
#956=DIRECTION('',(-9.999946585412E-1,2.857118174360E-4,-3.255957281821E-3));
#957=VECTOR('',#956,1.180268514467E0);
#958=CARTESIAN_POINT('',(9.094681962601E0,-3.297132208548E2,3.691378006601E1));
#959=LINE('',#958,#957);
#960=CARTESIAN_POINT('',(7.914419752490E0,-3.297128836382E2,3.690993716215E1));
#961=CARTESIAN_POINT('',(7.906258693412E0,-3.297128813064E2,3.690991058994E1));
#962=CARTESIAN_POINT('',(7.889954797373E0,-3.297130208743E2,3.691150109798E1));
#963=CARTESIAN_POINT('',(7.858519118380E0,-3.297137704213E2,3.692004289659E1));
#964=CARTESIAN_POINT('',(7.805002926843E0,-3.297161592057E2,3.694726536182E1));
#965=CARTESIAN_POINT('',(7.747022297954E0,-3.297211742420E2,3.700441646169E1));
#966=CARTESIAN_POINT('',(7.719808689026E0,-3.297269365884E2,3.707008386543E1));
#967=CARTESIAN_POINT('',(7.719701905238E0,-3.297297938226E2,3.710264476054E1));
#969=DIRECTION('',(-3.266938876366E-3,-8.741410731624E-2,9.961667033948E-1));
#970=VECTOR('',#969,3.559479073441E0);
#971=CARTESIAN_POINT('',(7.719701905238E0,-3.297297938226E2,3.710264476054E1));
#972=LINE('',#971,#970);
#973=CARTESIAN_POINT('',(7.708073304674E0,-3.300409425083E2,4.064847929494E1));
#974=CARTESIAN_POINT('',(7.707966473333E0,-3.300438010149E2,4.068105469010E1));
#975=CARTESIAN_POINT('',(7.734652071798E0,-3.300495777173E2,4.074688569638E1));
#976=CARTESIAN_POINT('',(7.792259929701E0,-3.300546290278E2,4.080445017141E1));
#977=CARTESIAN_POINT('',(7.845594795563E0,-3.300570464785E2,4.083199931685E1));
#978=CARTESIAN_POINT('',(7.877028629160E0,-3.300578142686E2,4.084074901286E1));
#979=CARTESIAN_POINT('',(7.893348417029E0,-3.300579631289E2,4.084244541759E1));
#980=CARTESIAN_POINT('',(7.901522724424E0,-3.300579654646E2,4.084247203577E1));
#982=DIRECTION('',(9.999946573986E-1,-2.857423739303E-4,3.256305501553E-3));
#983=VECTOR('',#982,7.819707654281E-1);
#984=CARTESIAN_POINT('',(7.901522724424E0,-3.300579654646E2,4.084247203577E1));
#985=LINE('',#984,#983);
#986=CARTESIAN_POINT('',(8.683489312094E0,-3.300581889068E2,4.084501837148E1));
#987=CARTESIAN_POINT('',(8.691659864415E0,-3.300581912415E2,4.084504497744E1));
#988=CARTESIAN_POINT('',(8.707982956486E0,-3.300580518437E2,4.084345640681E1));
#989=CARTESIAN_POINT('',(8.739460250239E0,-3.300573027508E2,4.083491978239E1));
#990=CARTESIAN_POINT('',(8.792970831107E0,-3.300549172613E2,4.080773486627E1));
#991=CARTESIAN_POINT('',(8.850972430844E0,-3.300498994768E2,4.075055245027E1));
#992=CARTESIAN_POINT('',(8.878110792230E0,-3.300441368624E2,4.068488199138E1));
#993=CARTESIAN_POINT('',(8.878217677979E0,-3.300412768736E2,4.065228970523E1));
#995=DIRECTION('',(3.266908744327E-3,8.741410732489E-2,-9.961667034929E-1));
#996=VECTOR('',#995,1.250443483691E0);
#997=CARTESIAN_POINT('',(8.878217677979E0,-3.300412768736E2,4.065228970523E1));
#998=LINE('',#997,#996);
#999=CARTESIAN_POINT('',(8.882302762730E0,-3.299319704728E2,3.940663954217E1));
#1000=CARTESIAN_POINT('',(8.882420052009E0,-3.299288321122E2,3.937087494524E1));
#1001=CARTESIAN_POINT('',(8.904529832164E0,-3.299226338909E2,3.930024033155E1));
#1002=CARTESIAN_POINT('',(8.976651163341E0,-3.299180707024E2,3.924823846964E1));
#1003=CARTESIAN_POINT('',(9.041054778032E0,-3.299167970262E2,3.923372372018E1));
#1004=CARTESIAN_POINT('',(9.106139605760E0,-3.299169921683E2,3.923594754962E1));
#1005=CARTESIAN_POINT('',(9.185651349355E0,-3.299199883354E2,3.927009171749E1));
#1006=CARTESIAN_POINT('',(9.219273452959E0,-3.299255518863E2,3.933349365865E1));
#1007=CARTESIAN_POINT('',(9.226440980131E0,-3.299284523018E2,3.936654664571E1));
#1009=DIRECTION('',(1.900190034204E-1,-8.582191632307E-2,9.780221761380E-1));
#1010=VECTOR('',#1009,1.297625772417E0);
#1011=CARTESIAN_POINT('',(9.226440980131E0,-3.299284523018E2,3.936654664571E1));
#1012=LINE('',#1011,#1010);
#1013=CARTESIAN_POINT('',(9.473014536219E0,-3.300398170323E2,4.063565342747E1));
#1014=CARTESIAN_POINT('',(9.479583294559E0,-3.300431524995E2,4.067366424126E1));
#1015=CARTESIAN_POINT('',(9.517790836972E0,-3.300494494880E2,4.074542440172E1));
#1016=CARTESIAN_POINT('',(9.594534003848E0,-3.300551041809E2,4.080986499208E1));
#1017=CARTESIAN_POINT('',(9.659628033207E0,-3.300575643867E2,4.083790137167E1));
#1018=CARTESIAN_POINT('',(9.697679923573E0,-3.300583377104E2,4.084671412953E1));
#1019=CARTESIAN_POINT('',(9.717180124147E0,-3.300584842830E2,4.084838446389E1));
#1020=CARTESIAN_POINT('',(9.726954637072E0,-3.300584870760E2,4.084841629297E1));
#1022=DIRECTION('',(8.676561944686E-1,4.345943941623E-2,-4.952615524406E-1));
#1023=VECTOR('',#1022,2.184092999797E0);
#1024=CARTESIAN_POINT('',(1.205619517771E1,-3.300458355706E2,4.070424038297E1));
#1025=LINE('',#1024,#1023);
#1026=CARTESIAN_POINT('',(1.395123699828E1,-3.299509161132E2,3.962254309321E1));
#1027=CARTESIAN_POINT('',(1.397521703493E1,-3.299497149936E2,3.960885519441E1));
#1028=CARTESIAN_POINT('',(1.401792449197E1,-3.299463470812E2,3.957047463709E1));
#1029=CARTESIAN_POINT('',(1.406006447334E1,-3.299400146090E2,3.949831010924E1));
#1030=CARTESIAN_POINT('',(1.407244640075E1,-3.299351045694E2,3.944235554742E1));
#1031=CARTESIAN_POINT('',(1.407253666471E1,-3.299326886373E2,3.941482370844E1));
#1033=DIRECTION('',(3.265962478171E-3,8.741410759503E-2,-9.961667065720E-1));
#1034=VECTOR('',#1033,1.045635583321E0);
#1035=CARTESIAN_POINT('',(1.407253666471E1,-3.299326886373E2,3.941482370844E1));
#1036=LINE('',#1035,#1034);
#1037=CARTESIAN_POINT('',(1.407595167129E1,-3.298412853359E2,3.837319635313E1));
#1038=CARTESIAN_POINT('',(1.407604193501E1,-3.298388694103E2,3.834566458805E1));
#1039=CARTESIAN_POINT('',(1.406402912526E1,-3.298339523653E2,3.828963019381E1));
#1040=CARTESIAN_POINT('',(1.402236221453E1,-3.298275960041E2,3.821719342740E1));
#1041=CARTESIAN_POINT('',(1.397990867868E1,-3.298242036351E2,3.817853416354E1));
#1042=CARTESIAN_POINT('',(1.395601886260E1,-3.298229888346E2,3.816469035865E1));
#1044=DIRECTION('',(-8.643880788735E-1,4.395425640815E-2,-5.009004616139E-1));
#1045=VECTOR('',#1044,2.184096521844E0);
#1046=CARTESIAN_POINT('',(1.395601886260E1,-3.298229888346E2,3.816469035865E1));
#1047=LINE('',#1046,#1045);
#1048=CARTESIAN_POINT('',(1.206811186601E1,-3.297269884961E2,3.707067540265E1));
#1049=CARTESIAN_POINT('',(1.205020526411E1,-3.297260779428E2,3.706029878435E1));
#1050=CARTESIAN_POINT('',(1.201047976605E1,-3.297248638638E2,3.704646320176E1));
#1051=CARTESIAN_POINT('',(1.192635719770E1,-3.297248044887E2,3.704578656726E1));
#1052=CARTESIAN_POINT('',(1.183038612077E1,-3.297294007919E2,3.709816580224E1));
#1053=CARTESIAN_POINT('',(1.179635374492E1,-3.297368507615E2,3.718306527596E1));
#1054=CARTESIAN_POINT('',(1.179621338894E1,-3.297406074525E2,3.722587633535E1));
#1056=DIRECTION('',(-3.265930936262E-3,-8.741410760403E-2,9.961667066746E-1));
#1057=VECTOR('',#1056,1.017351667569E0);
#1058=CARTESIAN_POINT('',(1.179621338894E1,-3.297406074525E2,3.722587633535E1));
#1059=LINE('',#1058,#1057);
#1060=CARTESIAN_POINT('',(1.179289078865E1,-3.298295383407E2,3.823932819557E1));
#1061=CARTESIAN_POINT('',(1.179280037238E1,-3.298319583726E2,3.826690675692E1));
#1062=CARTESIAN_POINT('',(1.180486405673E1,-3.298368839773E2,3.832303869578E1));
#1063=CARTESIAN_POINT('',(1.184666906061E1,-3.298432477617E2,3.839556005718E1));
#1064=CARTESIAN_POINT('',(1.188925323289E1,-3.298466414227E2,3.843423404513E1));
#1065=CARTESIAN_POINT('',(1.191320940011E1,-3.298478544195E2,3.844805729414E1));
#1067=DIRECTION('',(8.653165108342E-1,-4.381444260533E-2,4.993071506567E-1));
#1068=VECTOR('',#1067,6.742285499284E-1);
#1069=CARTESIAN_POINT('',(1.191320940011E1,-3.298478544195E2,3.844805729414E1));
#1070=LINE('',#1069,#1068);
#1071=CARTESIAN_POINT('',(1.249663049644E1,-3.298773953676E2,3.878470443029E1));
#1072=CARTESIAN_POINT('',(1.251292669312E1,-3.298782205093E2,3.879410770347E1));
#1073=CARTESIAN_POINT('',(1.253645199450E1,-3.298813851329E2,3.883017159257E1));
#1074=CARTESIAN_POINT('',(1.254459349478E1,-3.298865705010E2,3.888926378228E1));
#1075=CARTESIAN_POINT('',(1.253592368935E1,-3.298917442162E2,3.894822317643E1));
#1076=CARTESIAN_POINT('',(1.251210607976E1,-3.298948751931E2,3.898390362842E1));
#1077=CARTESIAN_POINT('',(1.249583800131E1,-3.298956864299E2,3.899314844288E1));
#1079=DIRECTION('',(-8.686041388679E-1,-4.331450348482E-2,4.936098699675E-1));
#1080=VECTOR('',#1079,6.740656315619E-1);
#1081=CARTESIAN_POINT('',(1.249583800131E1,-3.298956864299E2,3.899314844288E1));
#1082=LINE('',#1081,#1080);
#1083=CARTESIAN_POINT('',(1.191034180387E1,-3.299248832481E2,3.932587389162E1));
#1084=CARTESIAN_POINT('',(1.188629122206E1,-3.299260825735E2,3.933954134270E1));
#1085=CARTESIAN_POINT('',(1.184344891587E1,-3.299294518805E2,3.937793779345E1));
#1086=CARTESIAN_POINT('',(1.180116823460E1,-3.299357919987E2,3.945018945544E1));
#1087=CARTESIAN_POINT('',(1.178873477101E1,-3.299407105694E2,3.950624123882E1));
#1088=CARTESIAN_POINT('',(1.178864432668E1,-3.299431306058E2,3.953381984892E1));
#1090=DIRECTION('',(-3.266938858160E-3,-8.741410731616E-2,9.961667033949E-1));
#1091=VECTOR('',#1090,1.017352013171E0);
#1092=CARTESIAN_POINT('',(1.178864432668E1,-3.299431306058E2,3.953381984892E1));
#1093=LINE('',#1092,#1091);
#1094=CARTESIAN_POINT('',(1.178532069985E1,-3.300320615239E2,4.054727205007E1));
#1095=CARTESIAN_POINT('',(1.178518606753E1,-3.300356639068E2,4.058832462130E1));
#1096=CARTESIAN_POINT('',(1.181646977244E1,-3.300429543058E2,4.067140563686E1));
#1097=CARTESIAN_POINT('',(1.190955946583E1,-3.300478453792E2,4.072714405962E1));
#1098=CARTESIAN_POINT('',(1.199568302291E1,-3.300479893841E2,4.072878513126E1));
#1099=CARTESIAN_POINT('',(1.203743255170E1,-3.300467753590E2,4.071495016335E1));
#1100=CARTESIAN_POINT('',(1.205619517771E1,-3.300458355706E2,4.070424038297E1));
#1102=CARTESIAN_POINT('',(4.676619202524E1,-3.323329462015E2,3.874067324923E1));
#1103=DIRECTION('',(0.E0,9.961720194260E-1,8.741457380056E-2));
#1104=DIRECTION('',(-8.660254037351E-1,4.370728690773E-2,-4.980860097982E-1));
#1105=AXIS2_PLACEMENT_3D('',#1102,#1103,#1104);
#1107=DIRECTION('',(1.386863413260E-11,9.961720194239E-1,8.741457382462E-2));
#1108=VECTOR('',#1107,2.449999999941E0);
#1109=CARTESIAN_POINT('',(4.641978186369E1,-3.323504291162E2,3.893990765306E1));
#1110=LINE('',#1109,#1108);
#1111=DIRECTION('',(2.366542336301E-12,-9.961720194257E-1,-8.741457380439E-2));
#1112=VECTOR('',#1111,2.449999999943E0);
#1113=CARTESIAN_POINT('',(4.641978186373E1,-3.298748418392E2,3.875560455115E1));
#1114=LINE('',#1113,#1112);
#1115=CARTESIAN_POINT('',(4.774768748286E1,-3.321843414260E2,3.704718081621E1));
#1116=DIRECTION('',(0.E0,-9.961720194260E-1,-8.741457380056E-2));
#1117=DIRECTION('',(-8.660254037673E-1,4.370728690290E-2,-4.980860097426E-1));
#1118=AXIS2_PLACEMENT_3D('',#1115,#1116,#1117);
#1120=DIRECTION('',(1.E0,-2.895755575087E-14,0.E0));
#1121=VECTOR('',#1120,1.962990915043E0);
#1122=CARTESIAN_POINT('',(4.774768748296E1,-3.321493755965E2,3.664871200843E1));
#1123=LINE('',#1122,#1121);
#1124=CARTESIAN_POINT('',(4.971067839811E1,-3.321843414260E2,3.704718081621E1));
#1125=DIRECTION('',(0.E0,-9.961720194260E-1,-8.741457380056E-2));
#1126=DIRECTION('',(-5.640821143515E-10,8.741457380054E-2,-9.961720194260E-1));
#1127=AXIS2_PLACEMENT_3D('',#1124,#1125,#1126);
#1129=DIRECTION('',(4.999999999995E-1,-7.570324155733E-2,8.627102753637E-1));
#1130=VECTOR('',#1129,1.962990915347E0);
#1131=CARTESIAN_POINT('',(5.005708855959E1,-3.321668585113E2,3.684794641226E1));
#1132=LINE('',#1131,#1130);
#1133=CARTESIAN_POINT('',(5.069217385573E1,-3.323329462015E2,3.874067324923E1));
#1134=DIRECTION('',(0.E0,-9.961720194260E-1,-8.741457380056E-2));
#1135=DIRECTION('',(8.660254038593E-1,4.370728688897E-2,-4.980860095838E-1));
#1136=AXIS2_PLACEMENT_3D('',#1133,#1134,#1135);
#1138=DIRECTION('',(-4.999999999997E-1,-7.570324158183E-2,8.627102753615E-1));
#1139=VECTOR('',#1138,1.962990915323E0);
#1140=CARTESIAN_POINT('',(5.103858401725E1,-3.323504291163E2,3.893990765310E1));
#1141=LINE('',#1140,#1139);
#1142=CARTESIAN_POINT('',(4.971067839811E1,-3.324815509770E2,4.043416568225E1));
#1143=DIRECTION('',(0.E0,-9.961720194260E-1,-8.741457380056E-2));
#1144=DIRECTION('',(8.660254036759E-1,-4.370728691669E-2,4.980860099004E-1));
#1145=AXIS2_PLACEMENT_3D('',#1142,#1143,#1144);
#1147=DIRECTION('',(-1.E0,0.E0,0.E0));
#1148=VECTOR('',#1147,1.962990915322E0);
#1149=CARTESIAN_POINT('',(4.971067839814E1,-3.325165168065E2,4.083263449002E1));
#1150=LINE('',#1149,#1148);
#1151=CARTESIAN_POINT('',(4.774768748286E1,-3.324815509770E2,4.043416568225E1));
#1152=DIRECTION('',(0.E0,-9.961720194260E-1,-8.741457380056E-2));
#1153=DIRECTION('',(-1.861266696324E-10,-8.741457380054E-2,9.961720194260E-1));
#1154=AXIS2_PLACEMENT_3D('',#1151,#1152,#1153);
#1156=DIRECTION('',(-4.999999999997E-1,7.570324158185E-2,-8.627102753615E-1));
#1157=VECTOR('',#1156,1.962990915413E0);
#1158=CARTESIAN_POINT('',(4.740127732140E1,-3.324990338917E2,4.063340008622E1));
#1159=LINE('',#1158,#1157);
#1160=DIRECTION('',(4.999999999995E-1,7.570324155732E-2,-8.627102753637E-1));
#1161=VECTOR('',#1160,1.962990915253E0);
#1162=CARTESIAN_POINT('',(4.641978186373E1,-3.323154632867E2,3.854143884534E1));
#1163=LINE('',#1162,#1161);
#1164=CARTESIAN_POINT('',(4.872918294048E1,-3.323329462015E2,3.874067324923E1));
#1165=DIRECTION('',(0.E0,9.961720194260E-1,8.741457380056E-2));
#1166=DIRECTION('',(-1.E0,-2.471452993948E-13,2.891600002919E-12));
#1167=AXIS2_PLACEMENT_3D('',#1164,#1165,#1166);
#1169=CARTESIAN_POINT('',(4.872918294048E1,-3.323329462015E2,3.874067324923E1));
#1170=DIRECTION('',(0.E0,9.961720194260E-1,8.741457380056E-2));
#1171=DIRECTION('',(1.E0,-2.471452993948E-13,2.891600002919E-12));
#1172=AXIS2_PLACEMENT_3D('',#1169,#1170,#1171);
#1174=DIRECTION('',(-4.327060252107E-12,9.961720194254E-1,8.741457380773E-2));
#1175=VECTOR('',#1174,2.449999999972E0);
#1176=CARTESIAN_POINT('',(4.740127732136E1,-3.321668585113E2,3.684794641230E1));
#1177=LINE('',#1176,#1175);
#1178=DIRECTION('',(4.276307199556E-11,-9.961720194259E-1,-8.741457380134E-2));
#1179=VECTOR('',#1178,2.449999999970E0);
#1180=CARTESIAN_POINT('',(4.774768748286E1,-3.297087541490E2,3.686287771424E1));
#1181=LINE('',#1180,#1179);
#1182=DIRECTION('',(1.E0,-2.895755574782E-14,0.E0));
#1183=VECTOR('',#1182,1.962990915250E0);
#1184=CARTESIAN_POINT('',(4.774768748286E1,-3.297087541490E2,3.686287771424E1));
#1185=LINE('',#1184,#1183);
#1186=DIRECTION('',(4.184371670070E-11,9.961720194259E-1,8.741457380133E-2));
#1187=VECTOR('',#1186,2.449999999970E0);
#1188=CARTESIAN_POINT('',(4.971067839801E1,-3.321493755965E2,3.664871200843E1));
#1189=LINE('',#1188,#1187);
#1190=DIRECTION('',(-1.363372000339E-11,-9.961720194239E-1,-8.741457382424E-2));
#1191=VECTOR('',#1190,2.449999999984E0);
#1192=CARTESIAN_POINT('',(5.005708855962E1,-3.297262370637E2,3.706211211813E1));
#1193=LINE('',#1192,#1191);
#1194=DIRECTION('',(-7.465048987266E-12,9.961720194271E-1,8.741457378790E-2));
#1195=VECTOR('',#1194,2.449999999955E0);
#1196=CARTESIAN_POINT('',(5.103858401726E1,-3.323154632867E2,3.854143884538E1));
#1197=LINE('',#1196,#1195);
#1198=DIRECTION('',(4.512671415741E-12,-9.961720194253E-1,-8.741457380799E-2));
#1199=VECTOR('',#1198,2.449999999969E0);
#1200=CARTESIAN_POINT('',(5.103858401724E1,-3.299098076687E2,3.915407335892E1));
#1201=LINE('',#1200,#1199);
#1202=DIRECTION('',(1.185881325117E-11,9.961720194278E-1,8.741457377977E-2));
#1203=VECTOR('',#1202,2.449999999988E0);
#1204=CARTESIAN_POINT('',(5.005708855959E1,-3.324990338918E2,4.063340008619E1));
#1205=LINE('',#1204,#1203);
#1206=DIRECTION('',(1.394113849320E-11,-9.961720194260E-1,-8.741457380045E-2));
#1207=VECTOR('',#1206,2.449999999975E0);
#1208=CARTESIAN_POINT('',(4.971067839811E1,-3.300758953589E2,4.104680019583E1));
#1209=LINE('',#1208,#1207);
#1210=DIRECTION('',(-1.E0,0.E0,0.E0));
#1211=VECTOR('',#1210,1.962990915250E0);
#1212=CARTESIAN_POINT('',(4.971067839811E1,-3.300758953589E2,4.104680019583E1));
#1213=LINE('',#1212,#1211);
#1214=DIRECTION('',(1.546373006984E-11,9.961720194260E-1,8.741457380045E-2));
#1215=VECTOR('',#1214,2.449999999975E0);
#1216=CARTESIAN_POINT('',(4.774768748282E1,-3.325165168065E2,4.083263449002E1));
#1217=LINE('',#1216,#1215);
#1218=DIRECTION('',(2.080585137316E-11,-9.961720194291E-1,-8.741457376481E-2));
#1219=VECTOR('',#1218,2.449999999960E0);
#1220=CARTESIAN_POINT('',(4.740127732135E1,-3.300584124442E2,4.084756579194E1));
#1221=LINE('',#1220,#1219);
#1222=DIRECTION('',(-4.080186078629E-14,-9.961720194260E-1,-8.741457380004E-2));
#1223=VECTOR('',#1222,1.741446890086E0);
#1224=CARTESIAN_POINT('',(4.987918294048E1,-3.323329462015E2,3.874067324923E1));
#1225=LINE('',#1224,#1223);
#1226=DIRECTION('',(4.488204686492E-14,9.961720194260E-1,8.741457380003E-2));
#1227=VECTOR('',#1226,1.741446890086E0);
#1228=CARTESIAN_POINT('',(4.757918294048E1,-3.340677268667E2,3.858844541154E1));
#1229=LINE('',#1228,#1227);
#1230=CARTESIAN_POINT('',(4.872918294048E1,-3.340677268667E2,3.858844541154E1));
#1231=DIRECTION('',(0.E0,9.961720194260E-1,8.741457380055E-2));
#1232=DIRECTION('',(-1.E0,0.E0,-1.490406714033E-13));
#1233=AXIS2_PLACEMENT_3D('',#1230,#1231,#1232);
#1235=CARTESIAN_POINT('',(4.872918294048E1,-3.340677268667E2,3.858844541154E1));
#1236=DIRECTION('',(0.E0,9.961720194260E-1,8.741457380055E-2));
#1237=DIRECTION('',(1.E0,0.E0,-1.490406714033E-13));
#1238=AXIS2_PLACEMENT_3D('',#1235,#1236,#1237);
#1240=CARTESIAN_POINT('',(4.872918294048E1,-3.340677268667E2,3.858844541154E1));
#1241=DIRECTION('',(0.E0,-9.961720194260E-1,-8.741457380056E-2));
#1242=DIRECTION('',(-1.E0,-4.448615389107E-13,5.245658979655E-12));
#1243=AXIS2_PLACEMENT_3D('',#1240,#1241,#1242);
#1245=CARTESIAN_POINT('',(4.872918294048E1,-3.340677268667E2,3.858844541154E1));
#1246=DIRECTION('',(0.E0,-9.961720194260E-1,-8.741457380056E-2));
#1247=DIRECTION('',(1.E0,-4.448615389107E-13,5.245658979655E-12));
#1248=AXIS2_PLACEMENT_3D('',#1245,#1246,#1247);
#1250=DIRECTION('',(-4.263256414533E-13,9.961720194257E-1,8.741457380340E-2));
#1251=VECTOR('',#1250,1.200000000008E0);
#1252=CARTESIAN_POINT('',(4.667918294048E1,-3.340677268667E2,3.858844541155E1));
#1253=LINE('',#1252,#1251);
#1254=DIRECTION('',(-4.322468309180E-13,9.961720194260E-1,8.741457380064E-2));
#1255=VECTOR('',#1254,1.200000000008E0);
#1256=CARTESIAN_POINT('',(5.077918294048E1,-3.340677268667E2,3.858844541154E1));
#1257=LINE('',#1256,#1255);
#1258=DIRECTION('',(1.387153430703E-11,9.961720194239E-1,8.741457382462E-2));
#1259=VECTOR('',#1258,2.449999999941E0);
#1260=CARTESIAN_POINT('',(-4.858021813631E1,-3.323504291162E2,
3.893990765306E1));
#1261=LINE('',#1260,#1259);
#1262=DIRECTION('',(1.015061051110E-12,-9.961720194258E-1,-8.741457380248E-2));
#1263=VECTOR('',#1262,2.449999999943E0);
#1264=CARTESIAN_POINT('',(-4.858021813627E1,-3.298748418392E2,
3.875560455115E1));
#1265=LINE('',#1264,#1263);
#1266=CARTESIAN_POINT('',(-4.528932160189E1,-3.321843414260E2,
3.704718081621E1));
#1267=DIRECTION('',(0.E0,-9.961720194260E-1,-8.741457380056E-2));
#1268=DIRECTION('',(-5.640821143515E-10,8.741457380054E-2,-9.961720194260E-1));
#1269=AXIS2_PLACEMENT_3D('',#1266,#1267,#1268);
#1271=DIRECTION('',(4.999999999995E-1,-7.570324155734E-2,8.627102753637E-1));
#1272=VECTOR('',#1271,1.962990915318E0);
#1273=CARTESIAN_POINT('',(-4.494291144041E1,-3.321668585113E2,
3.684794641227E1));
#1274=LINE('',#1273,#1272);
#1275=CARTESIAN_POINT('',(-4.430782614427E1,-3.323329462015E2,
3.874067324923E1));
#1276=DIRECTION('',(0.E0,-9.961720194260E-1,-8.741457380056E-2));
#1277=DIRECTION('',(8.660254037883E-1,4.370728689963E-2,-4.980860097064E-1));
#1278=AXIS2_PLACEMENT_3D('',#1275,#1276,#1277);
#1280=DIRECTION('',(-4.999999999997E-1,-7.570324158189E-2,8.627102753615E-1));
#1281=VECTOR('',#1280,1.962990915323E0);
#1282=CARTESIAN_POINT('',(-4.396141598275E1,-3.323504291163E2,
3.893990765310E1));
#1283=LINE('',#1282,#1281);
#1284=CARTESIAN_POINT('',(-4.528932160189E1,-3.324815509770E2,
4.043416568225E1));
#1285=DIRECTION('',(0.E0,-9.961720194260E-1,-8.741457380056E-2));
#1286=DIRECTION('',(8.660254036759E-1,-4.370728691669E-2,4.980860099004E-1));
#1287=AXIS2_PLACEMENT_3D('',#1284,#1285,#1286);
#1289=DIRECTION('',(-1.E0,0.E0,0.E0));
#1290=VECTOR('',#1289,1.962990915322E0);
#1291=CARTESIAN_POINT('',(-4.528932160186E1,-3.325165168065E2,
4.083263449002E1));
#1292=LINE('',#1291,#1290);
#1293=CARTESIAN_POINT('',(-4.725231251714E1,-3.324815509770E2,
4.043416568225E1));
#1294=DIRECTION('',(0.E0,-9.961720194260E-1,-8.741457380056E-2));
#1295=DIRECTION('',(-1.861266696324E-10,-8.741457380054E-2,9.961720194260E-1));
#1296=AXIS2_PLACEMENT_3D('',#1293,#1294,#1295);
#1298=DIRECTION('',(-4.999999999997E-1,7.570324158184E-2,-8.627102753615E-1));
#1299=VECTOR('',#1298,1.962990915413E0);
#1300=CARTESIAN_POINT('',(-4.759872267860E1,-3.324990338917E2,
4.063340008622E1));
#1301=LINE('',#1300,#1299);
#1302=CARTESIAN_POINT('',(-4.823380797476E1,-3.323329462015E2,
3.874067324923E1));
#1303=DIRECTION('',(0.E0,-9.961720194260E-1,-8.741457380056E-2));
#1304=DIRECTION('',(-8.660254039738E-1,-4.370728687164E-2,4.980860093863E-1));
#1305=AXIS2_PLACEMENT_3D('',#1302,#1303,#1304);
#1307=DIRECTION('',(4.999999999995E-1,7.570324155732E-2,-8.627102753637E-1));
#1308=VECTOR('',#1307,1.962990915263E0);
#1309=CARTESIAN_POINT('',(-4.858021813627E1,-3.323154632867E2,
3.854143884534E1));
#1310=LINE('',#1309,#1308);
#1311=CARTESIAN_POINT('',(-4.725231251714E1,-3.321843414260E2,
3.704718081621E1));
#1312=DIRECTION('',(0.E0,-9.961720194260E-1,-8.741457380056E-2));
#1313=DIRECTION('',(-8.660254037673E-1,4.370728690290E-2,-4.980860097426E-1));
#1314=AXIS2_PLACEMENT_3D('',#1311,#1312,#1313);
#1316=DIRECTION('',(1.E0,-2.895755575086E-14,0.E0));
#1317=VECTOR('',#1316,1.962990915043E0);
#1318=CARTESIAN_POINT('',(-4.725231251704E1,-3.321493755965E2,
3.664871200843E1));
#1319=LINE('',#1318,#1317);
#1320=CARTESIAN_POINT('',(-4.627081705952E1,-3.323329462015E2,
3.874067324923E1));
#1321=DIRECTION('',(0.E0,9.961720194260E-1,8.741457380056E-2));
#1322=DIRECTION('',(-1.E0,-2.471452993948E-13,2.891600002919E-12));
#1323=AXIS2_PLACEMENT_3D('',#1320,#1321,#1322);
#1325=CARTESIAN_POINT('',(-4.627081705952E1,-3.323329462015E2,
3.874067324923E1));
#1326=DIRECTION('',(0.E0,9.961720194260E-1,8.741457380056E-2));
#1327=DIRECTION('',(1.E0,-2.471452993948E-13,2.891600002919E-12));
#1328=AXIS2_PLACEMENT_3D('',#1325,#1326,#1327);
#1330=DIRECTION('',(4.161170274617E-11,9.961720194259E-1,8.741457380133E-2));
#1331=VECTOR('',#1330,2.449999999970E0);
#1332=CARTESIAN_POINT('',(-4.528932160199E1,-3.321493755965E2,
3.664871200843E1));
#1333=LINE('',#1332,#1331);
#1334=DIRECTION('',(-1.102936336372E-11,-9.961720194242E-1,-8.741457382109E-2));
#1335=VECTOR('',#1334,2.449999999985E0);
#1336=CARTESIAN_POINT('',(-4.494291144038E1,-3.297262370637E2,
3.706211211813E1));
#1337=LINE('',#1336,#1335);
#1338=DIRECTION('',(1.E0,-2.895755574782E-14,0.E0));
#1339=VECTOR('',#1338,1.962990915250E0);
#1340=CARTESIAN_POINT('',(-4.725231251714E1,-3.297087541490E2,
3.686287771424E1));
#1341=LINE('',#1340,#1339);
#1342=DIRECTION('',(-4.828790428792E-12,9.961720194253E-1,8.741457380902E-2));
#1343=VECTOR('',#1342,2.449999999972E0);
#1344=CARTESIAN_POINT('',(-4.759872267864E1,-3.321668585113E2,
3.684794641230E1));
#1345=LINE('',#1344,#1343);
#1346=DIRECTION('',(4.275147129783E-11,-9.961720194259E-1,-8.741457380134E-2));
#1347=VECTOR('',#1346,2.449999999970E0);
#1348=CARTESIAN_POINT('',(-4.725231251714E1,-3.297087541490E2,
3.686287771424E1));
#1349=LINE('',#1348,#1347);
#1350=DIRECTION('',(-4.176251181687E-12,9.961720194265E-1,8.741457379492E-2));
#1351=VECTOR('',#1350,2.449999999955E0);
#1352=CARTESIAN_POINT('',(-4.396141598275E1,-3.323154632867E2,
3.854143884536E1));
#1353=LINE('',#1352,#1351);
#1354=DIRECTION('',(4.588075950965E-12,-9.961720194253E-1,-8.741457380797E-2));
#1355=VECTOR('',#1354,2.449999999969E0);
#1356=CARTESIAN_POINT('',(-4.396141598276E1,-3.299098076687E2,
3.915407335892E1));
#1357=LINE('',#1356,#1355);
#1358=DIRECTION('',(1.179500941367E-11,9.961720194278E-1,8.741457377973E-2));
#1359=VECTOR('',#1358,2.449999999988E0);
#1360=CARTESIAN_POINT('',(-4.494291144041E1,-3.324990338918E2,
4.063340008619E1));
#1361=LINE('',#1360,#1359);
#1362=DIRECTION('',(1.394113849320E-11,-9.961720194260E-1,-8.741457380045E-2));
#1363=VECTOR('',#1362,2.449999999975E0);
#1364=CARTESIAN_POINT('',(-4.528932160189E1,-3.300758953589E2,
4.104680019583E1));
#1365=LINE('',#1364,#1363);
#1366=DIRECTION('',(-1.E0,0.E0,0.E0));
#1367=VECTOR('',#1366,1.962990915250E0);
#1368=CARTESIAN_POINT('',(-4.528932160189E1,-3.300758953589E2,
4.104680019583E1));
#1369=LINE('',#1368,#1367);
#1370=DIRECTION('',(1.546373006984E-11,9.961720194260E-1,8.741457380045E-2));
#1371=VECTOR('',#1370,2.449999999975E0);
#1372=CARTESIAN_POINT('',(-4.725231251718E1,-3.325165168065E2,
4.083263449002E1));
#1373=LINE('',#1372,#1371);
#1374=DIRECTION('',(2.081165172203E-11,-9.961720194291E-1,-8.741457376480E-2));
#1375=VECTOR('',#1374,2.449999999960E0);
#1376=CARTESIAN_POINT('',(-4.759872267865E1,-3.300584124442E2,
4.084756579194E1));
#1377=LINE('',#1376,#1375);
#1378=DIRECTION('',(-4.488204686492E-14,-9.961720194260E-1,-8.741457380003E-2));
#1379=VECTOR('',#1378,1.741446890086E0);
#1380=CARTESIAN_POINT('',(-4.512081705952E1,-3.323329462015E2,
3.874067324923E1));
#1381=LINE('',#1380,#1379);
#1382=DIRECTION('',(4.488204686492E-14,9.961720194260E-1,8.741457380004E-2));
#1383=VECTOR('',#1382,1.741446890086E0);
#1384=CARTESIAN_POINT('',(-4.742081705952E1,-3.340677268667E2,
3.858844541154E1));
#1385=LINE('',#1384,#1383);
#1386=CARTESIAN_POINT('',(-4.627081705952E1,-3.340677268667E2,
3.858844541154E1));
#1387=DIRECTION('',(0.E0,9.961720194260E-1,8.741457380055E-2));
#1388=DIRECTION('',(-1.E0,0.E0,-1.559727956547E-13));
#1389=AXIS2_PLACEMENT_3D('',#1386,#1387,#1388);
#1391=CARTESIAN_POINT('',(-4.627081705952E1,-3.340677268667E2,
3.858844541154E1));
#1392=DIRECTION('',(0.E0,9.961720194260E-1,8.741457380055E-2));
#1393=DIRECTION('',(1.E0,0.E0,-1.421085471520E-13));
#1394=AXIS2_PLACEMENT_3D('',#1391,#1392,#1393);
#1396=CARTESIAN_POINT('',(-4.627081705952E1,-3.340677268667E2,
3.858844541154E1));
#1397=DIRECTION('',(0.E0,-9.961720194260E-1,-8.741457380056E-2));
#1398=DIRECTION('',(-1.E0,-4.448615389107E-13,5.245658979655E-12));
#1399=AXIS2_PLACEMENT_3D('',#1396,#1397,#1398);
#1401=CARTESIAN_POINT('',(-4.627081705952E1,-3.340677268667E2,
3.858844541154E1));
#1402=DIRECTION('',(0.E0,-9.961720194260E-1,-8.741457380056E-2));
#1403=DIRECTION('',(1.E0,-4.448615389107E-13,5.245658979655E-12));
#1404=AXIS2_PLACEMENT_3D('',#1401,#1402,#1403);
#1406=DIRECTION('',(-4.263256414533E-13,9.961720194257E-1,8.741457380340E-2));
#1407=VECTOR('',#1406,1.200000000008E0);
#1408=CARTESIAN_POINT('',(-4.832081705952E1,-3.340677268667E2,
3.858844541155E1));
#1409=LINE('',#1408,#1407);
#1410=DIRECTION('',(-4.322468309180E-13,9.961720194260E-1,8.741457380063E-2));
#1411=VECTOR('',#1410,1.200000000008E0);
#1412=CARTESIAN_POINT('',(-4.422081705952E1,-3.340677268667E2,
3.858844541154E1));
#1413=LINE('',#1412,#1411);
#1414=DIRECTION('',(9.999946573764E-1,-2.857429824193E-4,3.256312283556E-3));
#1415=VECTOR('',#1414,9.778004274457E-1);
#1416=CARTESIAN_POINT('',(-1.143950251992E1,-3.304510435491E2,
4.074607379962E1));
#1417=LINE('',#1416,#1415);
#1418=DIRECTION('',(2.691259215553E-8,-9.961720194333E-1,-8.741457371730E-2));
#1419=VECTOR('',#1418,3.999999999894E-1);
#1420=CARTESIAN_POINT('',(-1.046170732726E1,-3.300528541410E2,
4.078422365265E1));
#1421=LINE('',#1420,#1419);
#1422=DIRECTION('',(4.381028873100E-10,-9.961720077252E-1,-8.741470714259E-2));
#1423=VECTOR('',#1422,3.999999999921E-1);
#1424=CARTESIAN_POINT('',(-1.026698941176E1,-3.300359421107E2,
4.059149501917E1));
#1425=LINE('',#1424,#1423);
#1426=DIRECTION('',(3.267462450280E-3,8.741410716321E-2,-9.961667016910E-1));
#1427=VECTOR('',#1426,1.424389338679E0);
#1428=CARTESIAN_POINT('',(-1.026698941159E1,-3.304344109138E2,
4.055652913632E1));
#1429=LINE('',#1428,#1427);
#1430=DIRECTION('',(1.854352227340E-9,-9.961719699030E-1,-8.741513815987E-2));
#1431=VECTOR('',#1430,3.999999999971E-1);
#1432=CARTESIAN_POINT('',(-1.026233527365E1,-3.299114304035E2,
3.917256596215E1));
#1433=LINE('',#1432,#1431);
#1434=DIRECTION('',(-2.276667743217E-10,-9.961720255245E-1,-8.741450430196E-2));
#1435=VECTOR('',#1434,4.000000000001E-1);
#1436=CARTESIAN_POINT('',(-9.583596490408E0,-3.299116243285E2,
3.917477592130E1));
#1437=LINE('',#1436,#1435);
#1438=DIRECTION('',(-3.266855926843E-3,-8.741410733852E-2,9.961667036649E-1));
#1439=VECTOR('',#1438,1.424389340217E0);
#1440=CARTESIAN_POINT('',(-9.583596490499E0,-3.303100931387E2,
3.913981011958E1));
#1441=LINE('',#1440,#1439);
#1442=DIRECTION('',(-3.232969447724E-10,-9.961720280839E-1,-8.741447513520E-2));
#1443=VECTOR('',#1442,3.999999999980E-1);
#1444=CARTESIAN_POINT('',(-9.588249765128E0,-3.300361360502E2,
4.059370514341E1));
#1445=LINE('',#1444,#1443);
#1446=DIRECTION('',(-1.787844539050E-8,-9.961720194210E-1,-8.741457385753E-2));
#1447=VECTOR('',#1446,4.000000000068E-1);
#1448=CARTESIAN_POINT('',(-9.394789926193E0,-3.300531590116E2,
4.078769794243E1));
#1449=LINE('',#1448,#1447);
#1450=DIRECTION('',(9.999946573763E-1,-2.857429724927E-4,3.256312289293E-3));
#1451=VECTOR('',#1450,9.777795763399E-1);
#1452=CARTESIAN_POINT('',(-9.394789933344E0,-3.304516278194E2,
4.075273211289E1));
#1453=LINE('',#1452,#1451);
#1454=DIRECTION('',(3.218309618723E-8,-9.961720194352E-1,-8.741457369571E-2));
#1455=VECTOR('',#1454,4.000000000098E-1);
#1456=CARTESIAN_POINT('',(-8.417015593786E0,-3.300534384052E2,
4.079088189802E1));
#1457=LINE('',#1456,#1455);
#1458=DIRECTION('',(-5.787725854257E-10,-9.961720348989E-1,-8.741439747252E-2));
#1459=VECTOR('',#1458,3.999999999915E-1);
#1460=CARTESIAN_POINT('',(-8.222297678712E0,-3.300365263728E2,
4.059815324045E1));
#1461=LINE('',#1460,#1459);
#1462=DIRECTION('',(3.266475204816E-3,8.741410743650E-2,-9.961667049048E-1));
#1463=VECTOR('',#1462,2.174834589708E0);
#1464=CARTESIAN_POINT('',(-8.222297678943E0,-3.304349951868E2,
4.056318748146E1));
#1465=LINE('',#1464,#1463);
#1466=DIRECTION('',(1.780984248887E-9,-9.961719717471E-1,-8.741511714565E-2));
#1467=VECTOR('',#1466,4.000000000179E-1);
#1468=CARTESIAN_POINT('',(-8.215193636394E0,-3.298464151736E2,
3.843165572138E1));
#1469=LINE('',#1468,#1467);
#1470=DIRECTION('',(2.195577053383E-10,9.961720194144E-1,8.741457393307E-2));
#1471=VECTOR('',#1470,4.000000000210E-1);
#1472=CARTESIAN_POINT('',(-8.338064140946E0,-3.302255621959E2,
3.817649981087E1));
#1473=LINE('',#1472,#1471);
#1474=CARTESIAN_POINT('',(-1.143950251992E1,-3.304510435491E2,
4.074607379962E1));
#1475=CARTESIAN_POINT('',(-1.144359039455E1,-3.304510423810E2,
4.074606048804E1));
#1476=CARTESIAN_POINT('',(-1.145175587596E1,-3.304510042014E2,
4.074562539514E1));
#1477=CARTESIAN_POINT('',(-1.146794239258E1,-3.304507960402E2,
4.074325320063E1));
#1478=CARTESIAN_POINT('',(-1.149544353963E1,-3.304501230207E2,
4.073558350420E1));
#1479=CARTESIAN_POINT('',(-1.154841627438E1,-3.304477361526E2,
4.070838287756E1));
#1480=CARTESIAN_POINT('',(-1.160771273860E1,-3.304424829833E2,
4.064851802797E1));
#1481=CARTESIAN_POINT('',(-1.163306921262E1,-3.304368790603E2,
4.058465600756E1));
#1482=CARTESIAN_POINT('',(-1.163296259772E1,-3.304340205908E2,
4.055208103582E1));
#1484=CARTESIAN_POINT('',(-1.162585748510E1,-3.302439112027E2,
3.838560415558E1));
#1485=CARTESIAN_POINT('',(-1.162576061603E1,-3.302413193123E2,
3.835606710625E1));
#1486=CARTESIAN_POINT('',(-1.161247722E1,-3.302360516496E2,3.829603709048E1));
#1487=CARTESIAN_POINT('',(-1.156726872535E1,-3.302292578908E2,
3.821861576254E1));
#1488=CARTESIAN_POINT('',(-1.152145135163E1,-3.302256445935E2,
3.817743880988E1));
#1489=CARTESIAN_POINT('',(-1.149572561731E1,-3.302243558256E2,
3.816275207722E1));
#1491=DIRECTION('',(8.676426047180E-1,4.346151255290E-2,-4.952851778569E-1));
#1492=VECTOR('',#1491,9.848702481033E-1);
#1493=CARTESIAN_POINT('',(-1.149572561731E1,-3.302243558256E2,
3.816275207722E1));
#1494=LINE('',#1493,#1492);
#1495=CARTESIAN_POINT('',(-1.068098491715E1,-3.301754843505E2,
3.760581524257E1));
#1496=DIRECTION('',(-9.621672479731E-14,9.961720194260E-1,8.741457380073E-2));
#1497=DIRECTION('',(4.971875165692E-1,-7.584465302609E-2,8.643217930696E-1));
#1498=AXIS2_PLACEMENT_3D('',#1495,#1496,#1497);
#1500=CARTESIAN_POINT('',(-1.059902998340E1,-3.301231713173E2,
3.700965858681E1));
#1501=CARTESIAN_POINT('',(-1.059892310737E1,-3.301203116739E2,
3.697707023706E1));
#1502=CARTESIAN_POINT('',(-1.057178656025E1,-3.301145496382E2,
3.691140637281E1));
#1503=CARTESIAN_POINT('',(-1.051378828619E1,-3.301095324694E2,
3.685423097278E1));
#1504=CARTESIAN_POINT('',(-1.046028086556E1,-3.301071472018E2,
3.682704858566E1));
#1505=CARTESIAN_POINT('',(-1.042880478324E1,-3.301063981607E2,
3.681851255107E1));
#1506=CARTESIAN_POINT('',(-1.041248235857E1,-3.301062587766E2,
3.681692413733E1));
#1507=CARTESIAN_POINT('',(-1.040431214226E1,-3.301062611065E2,
3.681695068878E1));
#1509=CARTESIAN_POINT('',(-9.426516942189E0,-3.301065405084E2,
3.682013473861E1));
#1510=CARTESIAN_POINT('',(-9.418342419499E0,-3.301065428443E2,
3.682016135783E1));
#1511=CARTESIAN_POINT('',(-9.402023010501E0,-3.301066915914E2,
3.682185647271E1));
#1512=CARTESIAN_POINT('',(-9.370583319475E0,-3.301074600004E2,
3.683061322268E1));
#1513=CARTESIAN_POINT('',(-9.332924379737E0,-3.301091635767E2,
3.685002709083E1));
#1514=CARTESIAN_POINT('',(-9.293822374715E0,-3.301119367519E2,
3.688163005414E1));
#1515=CARTESIAN_POINT('',(-9.252794144308E0,-3.301164164555E2,
3.693268052760E1));
#1516=CARTESIAN_POINT('',(-9.232960641900E0,-3.301207035106E2,
3.698153558810E1));
#1517=CARTESIAN_POINT('',(-9.233067245400E0,-3.301235616369E2,
3.701410664920E1));
#1519=CARTESIAN_POINT('',(-9.155023419315E0,-3.301759063357E2,
3.761062416381E1));
#1520=DIRECTION('',(-8.511449455095E-14,9.961720194260E-1,8.741457380046E-2));
#1521=DIRECTION('',(-9.999946672815E-1,2.854779663613E-4,-3.253292327805E-3));
#1522=AXIS2_PLACEMENT_3D('',#1519,#1520,#1521);
#1524=DIRECTION('',(8.642723256599E-1,-4.397164616317E-2,5.010986344345E-1));
#1525=VECTOR('',#1524,9.918181568355E-1);
#1526=CARTESIAN_POINT('',(-9.195265125986E0,-3.301819503188E2,
3.767950108687E1));
#1527=LINE('',#1526,#1525);
#1528=CARTESIAN_POINT('',(-8.338064140946E0,-3.302255621959E2,
3.817649981087E1));
#1529=CARTESIAN_POINT('',(-8.313429741859E0,-3.302269070575E2,
3.819182578548E1));
#1530=CARTESIAN_POINT('',(-8.269954103032E0,-3.302305440574E2,
3.823327285136E1));
#1531=CARTESIAN_POINT('',(-8.227257474495E0,-3.302372374519E2,
3.830955043246E1));
#1532=CARTESIAN_POINT('',(-8.215099692336E0,-3.302423691224E2,
3.836803068799E1));
#1533=CARTESIAN_POINT('',(-8.215193635681E0,-3.302448839623E2,
3.839668967452E1));
#1535=CARTESIAN_POINT('',(-8.222297678943E0,-3.304349951868E2,
4.056318748146E1));
#1536=CARTESIAN_POINT('',(-8.222404570227E0,-3.304378552126E2,
4.059578019015E1));
#1537=CARTESIAN_POINT('',(-8.249541883985E0,-3.304436177790E2,
4.066145010262E1));
#1538=CARTESIAN_POINT('',(-8.307540515763E0,-3.304486356357E2,
4.071863334051E1));
#1539=CARTESIAN_POINT('',(-8.361048466248E0,-3.304510210883E2,
4.074581783751E1));
#1540=CARTESIAN_POINT('',(-8.392523578359E0,-3.304517701540E2,
4.075435415224E1));
#1541=CARTESIAN_POINT('',(-8.408845578846E0,-3.304519095474E2,
4.075594267172E1));
#1542=CARTESIAN_POINT('',(-8.417015580913E0,-3.304519072130E2,
4.075591606854E1));
#1544=CARTESIAN_POINT('',(-9.394789933344E0,-3.304516278194E2,
4.075273211289E1));
#1545=CARTESIAN_POINT('',(-9.402964784359E0,-3.304516254834E2,
4.075270549246E1));
#1546=CARTESIAN_POINT('',(-9.419285660585E0,-3.304514766177E2,
4.075100902698E1));
#1547=CARTESIAN_POINT('',(-9.450721667392E0,-3.304507087986E2,
4.074225899900E1));
#1548=CARTESIAN_POINT('',(-9.504059112984E0,-3.304482913094E2,
4.071470941544E1));
#1549=CARTESIAN_POINT('',(-9.561669882281E0,-3.304432400746E2,
4.065714580214E1));
#1550=CARTESIAN_POINT('',(-9.588356581543E0,-3.304374633302E2,
4.059131431827E1));
#1551=CARTESIAN_POINT('',(-9.588249765257E0,-3.304346048614E2,
4.055873935336E1));
#1553=CARTESIAN_POINT('',(-9.583596490499E0,-3.303100931387E2,
3.913981011958E1));
#1554=CARTESIAN_POINT('',(-9.583419815602E0,-3.303053658730E2,
3.908593844125E1));
#1555=CARTESIAN_POINT('',(-9.619352519274E0,-3.302959755462E2,
3.897892675615E1));
#1556=CARTESIAN_POINT('',(-9.735513478124E0,-3.302888258926E2,
3.889744966870E1));
#1557=CARTESIAN_POINT('',(-9.843005690543E0,-3.302871447149E2,
3.887829105396E1));
#1558=CARTESIAN_POINT('',(-9.928646445887E0,-3.302871003899E2,
3.887778592830E1));
#1559=CARTESIAN_POINT('',(-1.001344658510E1,-3.302872414808E2,
3.887939379337E1));
#1560=CARTESIAN_POINT('',(-1.011725540761E1,-3.302890212825E2,
3.889967632212E1));
#1561=CARTESIAN_POINT('',(-1.022732177751E1,-3.302962410203E2,
3.898195208589E1));
#1562=CARTESIAN_POINT('',(-1.026216217863E1,-3.303052697865E2,
3.908484344381E1));
#1563=CARTESIAN_POINT('',(-1.026233527291E1,-3.303098991915E2,
3.913759990688E1));
#1565=CARTESIAN_POINT('',(-1.026698941159E1,-3.304344109138E2,
4.055652913632E1));
#1566=CARTESIAN_POINT('',(-1.026709630249E1,-3.304372709404E2,
4.058912185394E1));
#1567=CARTESIAN_POINT('',(-1.029423355929E1,-3.304430335104E2,
4.065479180739E1));
#1568=CARTESIAN_POINT('',(-1.035223222242E1,-3.304480513698E2,
4.071197507677E1));
#1569=CARTESIAN_POINT('',(-1.040574018355E1,-3.304504368236E2,
4.073915958620E1));
#1570=CARTESIAN_POINT('',(-1.043721530604E1,-3.304511858898E2,
4.074769590620E1));
#1571=CARTESIAN_POINT('',(-1.045353731102E1,-3.304513252832E2,
4.074928442656E1));
#1572=CARTESIAN_POINT('',(-1.046170731649E1,-3.304513229487E2,
4.074925782316E1));
#1574=DIRECTION('',(-6.936886620817E-9,-9.961722051436E-1,-8.741245734685E-2));
#1575=VECTOR('',#1574,3.999999999920E-1);
#1576=CARTESIAN_POINT('',(-1.163296259495E1,-3.300355517088E2,
4.058704601876E1));
#1577=LINE('',#1576,#1575);
#1578=DIRECTION('',(8.916463123924E-9,9.961720194231E-1,8.741457383339E-2));
#1579=VECTOR('',#1578,3.999999999764E-1);
#1580=CARTESIAN_POINT('',(-1.143950251992E1,-3.304510435491E2,
4.074607379962E1));
#1581=LINE('',#1580,#1579);
#1582=DIRECTION('',(-3.266998454665E-3,-8.741410729571E-2,9.961667032012E-1));
#1583=VECTOR('',#1582,2.174813586201E0);
#1584=CARTESIAN_POINT('',(-1.162585748510E1,-3.302439112027E2,
3.838560415558E1));
#1585=LINE('',#1584,#1583);
#1586=DIRECTION('',(-1.282973727261E-11,9.961720190585E-1,8.741457798849E-2));
#1587=VECTOR('',#1586,3.999999999988E-1);
#1588=CARTESIAN_POINT('',(-1.162585748510E1,-3.302439112027E2,
3.838560415558E1));
#1589=LINE('',#1588,#1587);
#1590=DIRECTION('',(-1.901513752217E-5,-9.961729717069E-1,-8.740371890858E-2));
#1591=VECTOR('',#1590,4.000000000969E-1);
#1592=CARTESIAN_POINT('',(-1.149571801125E1,-3.298258866368E2,
3.819771356479E1));
#1593=LINE('',#1592,#1591);
#1594=DIRECTION('',(-1.791363768408E-7,-9.961720283992E-1,-8.741447154252E-2));
#1595=VECTOR('',#1594,4.000000000057E-1);
#1596=CARTESIAN_POINT('',(-1.064121015828E1,-3.297830830636E2,
3.770992622984E1));
#1597=LINE('',#1596,#1595);
#1598=DIRECTION('',(-3.469935449912E-10,-9.961720286116E-1,-8.741446912145E-2));
#1599=VECTOR('',#1598,4.000000000199E-1);
#1600=CARTESIAN_POINT('',(-1.060098597475E1,-3.297770383892E2,
3.764104142943E1));
#1601=LINE('',#1600,#1599);
#1602=DIRECTION('',(-3.266998449103E-3,-8.741410732794E-2,9.961667031984E-1));
#1603=VECTOR('',#1602,5.987120961319E-1);
#1604=CARTESIAN_POINT('',(-1.059902998340E1,-3.301231713173E2,
3.700965858681E1));
#1605=LINE('',#1604,#1603);
#1606=DIRECTION('',(-8.131273432300E-12,9.961720191497E-1,8.741457694912E-2));
#1607=VECTOR('',#1606,4.000000000027E-1);
#1608=CARTESIAN_POINT('',(-1.059902998340E1,-3.301231713173E2,
3.700965858681E1));
#1609=LINE('',#1608,#1607);
#1610=DIRECTION('',(-2.003207319964E-6,-9.961720188514E-1,-8.741458032562E-2));
#1611=VECTOR('',#1610,4.000000000116E-1);
#1612=CARTESIAN_POINT('',(-1.040431134098E1,-3.297077922990E2,
3.685191652091E1));
#1613=LINE('',#1612,#1611);
#1614=DIRECTION('',(-9.999946572881E-1,2.857453040826E-4,-3.256339172363E-3));
#1615=VECTOR('',#1614,9.778004241767E-1);
#1616=CARTESIAN_POINT('',(-9.426516942189E0,-3.301065405084E2,
3.682013473861E1));
#1617=LINE('',#1616,#1615);
#1618=DIRECTION('',(-2.158468959193E-9,9.961720194261E-1,8.741457379937E-2));
#1619=VECTOR('',#1618,3.999999999871E-1);
#1620=CARTESIAN_POINT('',(-9.426516942189E0,-3.301065405084E2,
3.682013473861E1));
#1621=LINE('',#1620,#1619);
#1622=DIRECTION('',(6.644613747895E-9,-9.961718415372E-1,-8.741660098806E-2));
#1623=VECTOR('',#1622,4.000000000128E-1);
#1624=CARTESIAN_POINT('',(-9.233067248058E0,-3.297250929003E2,
3.704907328960E1));
#1625=LINE('',#1624,#1623);
#1626=DIRECTION('',(3.266998454326E-3,8.741410734999E-2,-9.961667031965E-1));
#1627=VECTOR('',#1626,5.985516778565E-1);
#1628=CARTESIAN_POINT('',(-9.235022712806E0,-3.301758834975E2,
3.761036390083E1));
#1629=LINE('',#1628,#1627);
#1630=DIRECTION('',(7.830802672138E-10,9.961720403763E-1,8.741433505188E-2));
#1631=VECTOR('',#1630,4.000000000425E-1);
#1632=CARTESIAN_POINT('',(-9.235022712806E0,-3.301758834975E2,
3.761036390083E1));
#1633=LINE('',#1632,#1631);
#1634=DIRECTION('',(2.216047256663E-7,-9.961720307005E-1,-8.741444531647E-2));
#1635=VECTOR('',#1634,4.000000000263E-1);
#1636=CARTESIAN_POINT('',(-9.195265214628E0,-3.297834815065E2,
3.771446686500E1));
#1637=LINE('',#1636,#1635);
#1638=DIRECTION('',(2.781163743779E-8,-9.961720194338E-1,-8.741457371155E-2));
#1639=VECTOR('',#1638,3.999999999955E-1);
#1640=CARTESIAN_POINT('',(-4.323411166252E0,-3.300546099661E2,
4.080423294617E1));
#1641=LINE('',#1640,#1639);
#1642=DIRECTION('',(-1.113376058012E-10,-9.961720224088E-1,-8.741453980871E-2));
#1643=VECTOR('',#1642,4.000000000010E-1);
#1644=CARTESIAN_POINT('',(-4.128693319068E0,-3.300376997570E2,
4.061152506666E1));
#1645=LINE('',#1644,#1643);
#1646=DIRECTION('',(3.266939514188E-3,8.741410732075E-2,-9.961667033923E-1));
#1647=VECTOR('',#1646,3.559437457960E0);
#1648=CARTESIAN_POINT('',(-4.128693319113E0,-3.304361685660E2,
4.057655925073E1));
#1649=LINE('',#1648,#1647);
#1650=DIRECTION('',(1.569322449830E-10,-9.961720152271E-1,-8.741462165114E-2));
#1651=VECTOR('',#1650,3.999999999841E-1);
#1652=CARTESIAN_POINT('',(-4.117064852296E0,-3.297265547119E2,
3.706573202097E1));
#1653=LINE('',#1652,#1651);
#1654=DIRECTION('',(2.389365594352E-8,-9.961720194327E-1,-8.741457372453E-2));
#1655=VECTOR('',#1654,3.999999999861E-1);
#1656=CARTESIAN_POINT('',(-4.310514343514E0,-3.297095335823E2,
3.687176009679E1));
#1657=LINE('',#1656,#1655);
#1658=DIRECTION('',(-9.999946573776E-1,2.857429264108E-4,-3.256311898549E-3));
#1659=VECTOR('',#1658,9.777795378800E-1);
#1660=CARTESIAN_POINT('',(-4.310514333956E0,-3.301080023901E2,
3.683679426730E1));
#1661=LINE('',#1660,#1659);
#1662=DIRECTION('',(-2.792337694440E-8,-9.961720194177E-1,-8.741457389517E-2));
#1663=VECTOR('',#1662,3.999999999946E-1);
#1664=CARTESIAN_POINT('',(-5.288288636760E0,-3.297092541887E2,
3.686857614171E1));
#1665=LINE('',#1664,#1663);
#1666=DIRECTION('',(-5.671507707842E-10,-9.961720346077E-1,-8.741440079087E-2));
#1667=VECTOR('',#1666,4.000000000053E-1);
#1668=CARTESIAN_POINT('',(-5.483016932065E0,-3.297261643875E2,
3.706128390395E1));
#1669=LINE('',#1668,#1667);
#1670=DIRECTION('',(-3.267610466628E-3,-8.741410715008E-2,9.961667012067E-1));
#1671=VECTOR('',#1670,1.040317221924E0);
#1672=CARTESIAN_POINT('',(-5.483016932291E0,-3.301246332014E2,
3.702631814363E1));
#1673=LINE('',#1672,#1671);
#1674=DIRECTION('',(-2.409938914899E-9,-9.961720838962E-1,-8.741383909782E-2));
#1675=VECTOR('',#1674,4.000000000322E-1);
#1676=CARTESIAN_POINT('',(-5.486416282770E0,-3.298171027689E2,
3.809761305445E1));
#1677=LINE('',#1676,#1675);
#1678=DIRECTION('',(3.311262375611E-10,-9.961720105698E-1,-8.741467472542E-2));
#1679=VECTOR('',#1678,3.999999999752E-1);
#1680=CARTESIAN_POINT('',(-6.165155090577E0,-3.298169088502E2,
3.809540316721E1));
#1681=LINE('',#1680,#1679);
#1682=DIRECTION('',(3.266809892043E-3,8.741410730530E-2,-9.961667038188E-1));
#1683=VECTOR('',#1682,1.040317211637E0);
#1684=CARTESIAN_POINT('',(-6.165155090444E0,-3.302153776544E2,
3.806043729732E1));
#1685=LINE('',#1684,#1683);
#1686=DIRECTION('',(4.005396014611E-10,-9.961720087083E-1,-8.741469593853E-2));
#1687=VECTOR('',#1686,4.000000000250E-1);
#1688=CARTESIAN_POINT('',(-6.161756572047E0,-3.297259704506E2,
3.705907380806E1));
#1689=LINE('',#1688,#1687);
#1690=DIRECTION('',(-7.971803217392E-9,9.961720194284E-1,8.741457377302E-2));
#1691=VECTOR('',#1690,4.000000000076E-1);
#1692=CARTESIAN_POINT('',(-6.355216521698E0,-3.301074181229E2,
3.683013598790E1));
#1693=LINE('',#1692,#1691);
#1694=DIRECTION('',(-9.999946573771E-1,2.857429425380E-4,-3.256312059835E-3));
#1695=VECTOR('',#1694,9.778004284450E-1);
#1696=CARTESIAN_POINT('',(-4.323411155128E0,-3.304530787739E2,
4.076926711669E1));
#1697=LINE('',#1696,#1695);
#1698=CARTESIAN_POINT('',(-5.301206359554E0,-3.304527993743E2,
4.076608309336E1));
#1699=CARTESIAN_POINT('',(-5.309380882550E0,-3.304527970385E2,
4.076605647420E1));
#1700=CARTESIAN_POINT('',(-5.325701106407E0,-3.304526481836E2,
4.076436013231E1));
#1701=CARTESIAN_POINT('',(-5.357135927118E0,-3.304518804184E2,
4.075561071928E1));
#1702=CARTESIAN_POINT('',(-5.410470217652E0,-3.304494631532E2,
4.072806368849E1));
#1703=CARTESIAN_POINT('',(-5.468077712070E0,-3.304444125366E2,
4.067050711960E1));
#1704=CARTESIAN_POINT('',(-5.494762659725E0,-3.304386363722E2,
4.060468224453E1));
#1705=CARTESIAN_POINT('',(-5.494655860098E0,-3.304357782460E2,
4.057211118521E1));
#1707=CARTESIAN_POINT('',(-5.491257342368E0,-3.303448398455E2,
3.953578181557E1));
#1708=CARTESIAN_POINT('',(-5.491080666094E0,-3.303401125409E2,
3.948190969440E1));
#1709=CARTESIAN_POINT('',(-5.527017927869E0,-3.303307220795E2,
3.937489647484E1));
#1710=CARTESIAN_POINT('',(-5.643182489852E0,-3.303235725413E2,
3.929342070322E1));
#1711=CARTESIAN_POINT('',(-5.750678323395E0,-3.303218913873E2,
3.927426235770E1));
#1712=CARTESIAN_POINT('',(-5.836320342905E0,-3.303218470924E2,
3.927375757571E1));
#1713=CARTESIAN_POINT('',(-5.921120776988E0,-3.303219882267E2,
3.927536593519E1));
#1714=CARTESIAN_POINT('',(-6.024928605976E0,-3.303237680708E2,
3.929564894759E1));
#1715=CARTESIAN_POINT('',(-6.134993542998E0,-3.303309878176E2,
3.937792481352E1));
#1716=CARTESIAN_POINT('',(-6.169833479929E0,-3.303400165144E2,
3.948081538132E1));
#1717=CARTESIAN_POINT('',(-6.170006596325E0,-3.303446458947E2,
3.953357156286E1));
#1719=CARTESIAN_POINT('',(-6.173405948462E0,-3.304355842955E2,
4.056990093473E1));
#1720=CARTESIAN_POINT('',(-6.173512825101E0,-3.304384439388E2,
4.060248928364E1));
#1721=CARTESIAN_POINT('',(-6.200649372257E0,-3.304442059744E2,
4.066815314763E1));
#1722=CARTESIAN_POINT('',(-6.258647645085E0,-3.304492231427E2,
4.072532854046E1));
#1723=CARTESIAN_POINT('',(-6.312155066474E0,-3.304516084113E2,
4.075251093963E1));
#1724=CARTESIAN_POINT('',(-6.343631145263E0,-3.304523574508E2,
4.076104695499E1));
#1725=CARTESIAN_POINT('',(-6.359953570612E0,-3.304524968382E2,
4.076263540733E1));
#1726=CARTESIAN_POINT('',(-6.368123784597E0,-3.304524945037E2,
4.076260880329E1));
#1728=CARTESIAN_POINT('',(-7.345898098668E0,-3.304522151101E2,
4.075942484799E1));
#1729=CARTESIAN_POINT('',(-7.354073167041E0,-3.304522127741E2,
4.075939822673E1));
#1730=CARTESIAN_POINT('',(-7.370394481347E0,-3.304520639141E2,
4.075770182554E1));
#1731=CARTESIAN_POINT('',(-7.401831482422E0,-3.304512961202E2,
4.074895208632E1));
#1732=CARTESIAN_POINT('',(-7.455168366006E0,-3.304488788176E2,
4.072140462938E1));
#1733=CARTESIAN_POINT('',(-7.512778785496E0,-3.304438282755E2,
4.066384890931E1));
#1734=CARTESIAN_POINT('',(-7.539464839726E0,-3.304380520683E2,
4.059802354711E1));
#1735=CARTESIAN_POINT('',(-7.539358029519E0,-3.304351939791E2,
4.056545290866E1));
#1737=CARTESIAN_POINT('',(-7.527729561750E0,-3.301240489312E2,
3.701965983024E1));
#1738=CARTESIAN_POINT('',(-7.527622686115E0,-3.301211893262E2,
3.698707191798E1));
#1739=CARTESIAN_POINT('',(-7.500485034535E0,-3.301154272470E2,
3.692140755735E1));
#1740=CARTESIAN_POINT('',(-7.442483829657E0,-3.301104101538E2,
3.686423302014E1));
#1741=CARTESIAN_POINT('',(-7.388973787820E0,-3.301080248496E2,
3.683705021457E1));
#1742=CARTESIAN_POINT('',(-7.357495543586E0,-3.301072757835E2,
3.682851389611E1));
#1743=CARTESIAN_POINT('',(-7.341172033473E0,-3.301071363916E2,
3.682692539295E1));
#1744=CARTESIAN_POINT('',(-7.333001277382E0,-3.301071387263E2,
3.682695199875E1));
#1746=DIRECTION('',(9.999946573776E-1,-2.857429386702E-4,3.256311904691E-3));
#1747=VECTOR('',#1746,9.777899796468E-1);
#1748=CARTESIAN_POINT('',(-7.333001277382E0,-3.301071387263E2,
3.682695199875E1));
#1749=LINE('',#1748,#1747);
#1750=CARTESIAN_POINT('',(-6.355216521698E0,-3.301074181229E2,
3.683013598790E1));
#1751=CARTESIAN_POINT('',(-6.347041451716E0,-3.301074204589E2,
3.683016260884E1));
#1752=CARTESIAN_POINT('',(-6.330720133685E0,-3.301075693189E2,
3.683185900993E1));
#1753=CARTESIAN_POINT('',(-6.299283132047E0,-3.301083371127E2,
3.684060874955E1));
#1754=CARTESIAN_POINT('',(-6.245946247762E0,-3.301107544153E2,
3.686815620638E1));
#1755=CARTESIAN_POINT('',(-6.188335827997E0,-3.301158049576E2,
3.692571192789E1));
#1756=CARTESIAN_POINT('',(-6.161649773556E0,-3.301215811648E2,
3.699153729001E1));
#1757=CARTESIAN_POINT('',(-6.161756571886E0,-3.301244392541E2,
3.702410792968E1));
#1759=CARTESIAN_POINT('',(-6.165155090444E0,-3.302153776544E2,
3.806043729732E1));
#1760=CARTESIAN_POINT('',(-6.165331769536E0,-3.302201050245E2,
3.811431016483E1));
#1761=CARTESIAN_POINT('',(-6.129401292583E0,-3.302294955292E2,
3.822132387706E1));
#1762=CARTESIAN_POINT('',(-6.013243128320E0,-3.302366459827E2,
3.830281007961E1));
#1763=CARTESIAN_POINT('',(-5.905749033653E0,-3.302383277621E2,
3.832197555167E1));
#1764=CARTESIAN_POINT('',(-5.820106115416E0,-3.302383722982E2,
3.832248308309E1));
#1765=CARTESIAN_POINT('',(-5.735303751185E0,-3.302382309699E2,
3.832087251361E1));
#1766=CARTESIAN_POINT('',(-5.631492810986E0,-3.302364505805E2,
3.830058328643E1));
#1767=CARTESIAN_POINT('',(-5.521428048518E0,-3.302292301347E2,
3.821829945439E1));
#1768=CARTESIAN_POINT('',(-5.486589405324E0,-3.302202011247E2,
3.811540531700E1));
#1769=CARTESIAN_POINT('',(-5.486416283734E0,-3.302155716025E2,
3.806264751881E1));
#1771=CARTESIAN_POINT('',(-5.483016932291E0,-3.301246332014E2,
3.702631814363E1));
#1772=CARTESIAN_POINT('',(-5.482910056655E0,-3.301217735964E2,
3.699373023137E1));
#1773=CARTESIAN_POINT('',(-5.455772405080E0,-3.301160115172E2,
3.692806587073E1));
#1774=CARTESIAN_POINT('',(-5.397771200272E0,-3.301109944240E2,
3.687089133348E1));
#1775=CARTESIAN_POINT('',(-5.344261158388E0,-3.301086091198E2,
3.684370852795E1));
#1776=CARTESIAN_POINT('',(-5.312782914133E0,-3.301078600537E2,
3.683517220952E1));
#1777=CARTESIAN_POINT('',(-5.296459404022E0,-3.301077206618E2,
3.683358370636E1));
#1778=CARTESIAN_POINT('',(-5.288288647929E0,-3.301077229965E2,
3.683361031215E1));
#1780=CARTESIAN_POINT('',(-4.310514333956E0,-3.301080023901E2,
3.683679426730E1));
#1781=CARTESIAN_POINT('',(-4.302339812589E0,-3.301080047259E2,
3.683682088678E1));
#1782=CARTESIAN_POINT('',(-4.286019592482E0,-3.301081535807E2,
3.683851722874E1));
#1783=CARTESIAN_POINT('',(-4.254584772379E0,-3.301089213459E2,
3.684726664126E1));
#1784=CARTESIAN_POINT('',(-4.201250482490E0,-3.301113386111E2,
3.687481367194E1));
#1785=CARTESIAN_POINT('',(-4.143642988554E0,-3.301163892276E2,
3.693237023930E1));
#1786=CARTESIAN_POINT('',(-4.116958040676E0,-3.301221653920E2,
3.699819511421E1));
#1787=CARTESIAN_POINT('',(-4.117064852233E0,-3.301250235180E2,
3.703076617231E1));
#1789=CARTESIAN_POINT('',(-4.128693319113E0,-3.304361685660E2,
4.057655925073E1));
#1790=CARTESIAN_POINT('',(-4.128800196174E0,-3.304390282092E2,
4.060914759894E1));
#1791=CARTESIAN_POINT('',(-4.155936743283E0,-3.304447902447E2,
4.067481146130E1));
#1792=CARTESIAN_POINT('',(-4.213935015694E0,-3.304498074129E2,
4.073198685383E1));
#1793=CARTESIAN_POINT('',(-4.267442437012E0,-3.304521926815E2,
4.075916925297E1));
#1794=CARTESIAN_POINT('',(-4.298918515801E0,-3.304529417210E2,
4.076770526837E1));
#1795=CARTESIAN_POINT('',(-4.315240941143E0,-3.304530811084E2,
4.076929372073E1));
#1796=CARTESIAN_POINT('',(-4.323411155128E0,-3.304530787739E2,
4.076926711669E1));
#1798=DIRECTION('',(-4.016764699001E-10,-9.961720301874E-1,-8.741445116404E-2));
#1799=VECTOR('',#1798,3.999999999634E-1);
#1800=CARTESIAN_POINT('',(-5.494655859937E0,-3.300373094340E2,
4.060707696568E1));
#1801=LINE('',#1800,#1799);
#1802=DIRECTION('',(8.286789032705E-9,9.961720194235E-1,8.741457382952E-2));
#1803=VECTOR('',#1802,4.000000000022E-1);
#1804=CARTESIAN_POINT('',(-5.301206359554E0,-3.304527993743E2,
4.076608309336E1));
#1805=LINE('',#1804,#1803);
#1806=DIRECTION('',(-3.149125405004E-10,-9.961720278607E-1,-8.741447767928E-2));
#1807=VECTOR('',#1806,3.999999999854E-1);
#1808=CARTESIAN_POINT('',(-5.491257342242E0,-3.299463710343E2,
3.957074760664E1));
#1809=LINE('',#1808,#1807);
#1810=DIRECTION('',(-3.266809089620E-3,-8.741410733223E-2,9.961667038190E-1));
#1811=VECTOR('',#1810,1.040317213651E0);
#1812=CARTESIAN_POINT('',(-5.491257342368E0,-3.303448398455E2,
3.953578181557E1));
#1813=LINE('',#1812,#1811);
#1814=DIRECTION('',(2.412638977641E-9,-9.961719548883E-1,-8.741530926516E-2));
#1815=VECTOR('',#1814,3.999999999749E-1);
#1816=CARTESIAN_POINT('',(-6.170006597290E0,-3.299461771128E2,
3.956853768656E1));
#1817=LINE('',#1816,#1815);
#1818=DIRECTION('',(5.853584284415E-10,-9.961720037638E-1,-8.741475228539E-2));
#1819=VECTOR('',#1818,3.999999999686E-1);
#1820=CARTESIAN_POINT('',(-6.173405948696E0,-3.300371154940E2,
4.060486683565E1));
#1821=LINE('',#1820,#1819);
#1822=DIRECTION('',(3.267611144563E-3,8.741410711822E-2,-9.961667012072E-1));
#1823=VECTOR('',#1822,1.040317218616E0);
#1824=CARTESIAN_POINT('',(-6.173405948462E0,-3.304355842955E2,
4.056990093473E1));
#1825=LINE('',#1824,#1823);
#1826=DIRECTION('',(2.782470254103E-8,-9.961720194343E-1,-8.741457370603E-2));
#1827=VECTOR('',#1826,4.000000000144E-1);
#1828=CARTESIAN_POINT('',(-6.368123795727E0,-3.300540256959E2,
4.079757463278E1));
#1829=LINE('',#1828,#1827);
#1830=DIRECTION('',(-2.383323982427E-8,-9.961720194194E-1,-8.741457387619E-2));
#1831=VECTOR('',#1830,4.000000000312E-1);
#1832=CARTESIAN_POINT('',(-7.345898089134E0,-3.300537463023E2,
4.079439067755E1));
#1833=LINE('',#1832,#1831);
#1834=DIRECTION('',(9.999946573771E-1,-2.857429320211E-4,3.256312056902E-3));
#1835=VECTOR('',#1834,9.777795379783E-1);
#1836=CARTESIAN_POINT('',(-7.345898098668E0,-3.304522151101E2,
4.075942484799E1));
#1837=LINE('',#1836,#1835);
#1838=DIRECTION('',(-1.567479479553E-10,-9.961720236094E-1,-8.741452612662E-2));
#1839=VECTOR('',#1838,3.999999999987E-1);
#1840=CARTESIAN_POINT('',(-7.539358029456E0,-3.300367251697E2,
4.060041871911E1));
#1841=LINE('',#1840,#1839);
#1842=DIRECTION('',(1.110667113858E-10,-9.961720164475E-1,-8.741460774285E-2));
#1843=VECTOR('',#1842,3.999999999916E-1);
#1844=CARTESIAN_POINT('',(-7.527729561794E0,-3.297255801246E2,
3.705462567333E1));
#1845=LINE('',#1844,#1843);
#1846=DIRECTION('',(-3.266939764024E-3,-8.741410731797E-2,9.961667033917E-1));
#1847=VECTOR('',#1846,3.559437457954E0);
#1848=CARTESIAN_POINT('',(-7.527729561750E0,-3.301240489312E2,
3.701965983024E1));
#1849=LINE('',#1848,#1847);
#1850=DIRECTION('',(-2.789857012042E-8,-9.961720194181E-1,-8.741457389072E-2));
#1851=VECTOR('',#1850,4.000000000047E-1);
#1852=CARTESIAN_POINT('',(-7.333001266223E0,-3.297086699185E2,
3.686191782831E1));
#1853=LINE('',#1852,#1851);
#1854=DIRECTION('',(9.999946572993E-1,-2.857449898954E-4,3.256335776770E-3));
#1855=VECTOR('',#1854,1.088598249613E0);
#1856=CARTESIAN_POINT('',(-2.285307556308E0,-3.304537884119E2,
4.077735411476E1));
#1857=LINE('',#1856,#1855);
#1858=DIRECTION('',(1.707339880611E-8,-9.961720194306E-1,-8.741457374802E-2));
#1859=VECTOR('',#1858,3.999999999941E-1);
#1860=CARTESIAN_POINT('',(-1.196715129579E0,-3.300556306656E2,
4.081586478569E1));
#1861=LINE('',#1860,#1859);
#1862=DIRECTION('',(4.797462249609E-4,-9.961478555989E-1,-8.768819549504E-2));
#1863=VECTOR('',#1862,4.000000611322E-1);
#1864=CARTESIAN_POINT('',(-9.378875709477E-1,-3.300496512611E2,
4.074772379725E1));
#1865=LINE('',#1864,#1863);
#1866=DIRECTION('',(-4.273546391684E-4,-9.961932711354E-1,-8.717100385166E-2));
#1867=VECTOR('',#1866,4.000000484751E-1);
#1868=CARTESIAN_POINT('',(-1.658115851067E-1,-3.300110185571E2,
4.030746747451E1));
#1869=LINE('',#1868,#1867);
#1870=DIRECTION('',(-1.400144410328E-10,-9.961720231735E-1,-8.741453109418E-2));
#1871=VECTOR('',#1870,3.999999999450E-1);
#1872=CARTESIAN_POINT('',(-3.327011572119E-2,-3.299913011096E2,
4.008276844969E1));
#1873=LINE('',#1872,#1871);
#1874=DIRECTION('',(3.266929245081E-3,8.741410730625E-2,-9.961667034273E-1));
#1875=VECTOR('',#1874,3.015270171718E0);
#1876=CARTESIAN_POINT('',(-3.327011577720E-2,-3.303897699188E2,
4.004780263726E1));
#1877=LINE('',#1876,#1875);
#1878=DIRECTION('',(-1.122833950865E-8,9.961720194291E-1,8.741457376476E-2));
#1879=VECTOR('',#1878,3.999999999831E-1);
#1880=CARTESIAN_POINT('',(-2.168742943695E-1,-3.301091711690E2,
3.685011361211E1));
#1881=LINE('',#1880,#1879);
#1882=DIRECTION('',(1.661656836500E-10,-9.961720149805E-1,-8.741462446154E-2));
#1883=VECTOR('',#1882,3.999999999836E-1);
#1884=CARTESIAN_POINT('',(-2.341944153786E-2,-3.297277239625E2,
3.707905674014E1));
#1885=LINE('',#1884,#1883);
#1886=DIRECTION('',(-9.999946572881E-1,2.857452986580E-4,-3.256339168983E-3));
#1887=VECTOR('',#1886,9.777798236061E-1);
#1888=CARTESIAN_POINT('',(-2.168742943695E-1,-3.301091711690E2,
3.685011361211E1));
#1889=LINE('',#1888,#1887);
#1890=CARTESIAN_POINT('',(-2.285307556308E0,-3.304537884119E2,
4.077735411476E1));
#1891=CARTESIAN_POINT('',(-2.300313236593E0,-3.304537841240E2,
4.077730525090E1));
#1892=CARTESIAN_POINT('',(-2.330318219261E0,-3.304536538282E2,
4.077582040578E1));
#1893=CARTESIAN_POINT('',(-2.390103078056E0,-3.304529297060E2,
4.076756834566E1));
#1894=CARTESIAN_POINT('',(-2.462935983541E0,-3.304512008065E2,
4.074786589604E1));
#1895=CARTESIAN_POINT('',(-2.517910849241E0,-3.304489701351E2,
4.072244527758E1));
#1896=CARTESIAN_POINT('',(-2.543866466610E0,-3.304476503943E2,
4.070740557937E1));
#1898=DIRECTION('',(-8.644055431009E-1,4.395163195013E-2,-5.008705532425E-1));
#1899=VECTOR('',#1898,8.924106804612E-1);
#1900=CARTESIAN_POINT('',(-2.543866466610E0,-3.304476503943E2,
4.070740557937E1));
#1901=LINE('',#1900,#1899);
#1902=CARTESIAN_POINT('',(-3.315271205523E0,-3.304084274885E2,
4.026042334813E1));
#1903=CARTESIAN_POINT('',(-3.340900784632E0,-3.304071243897E2,
4.024557330044E1));
#1904=CARTESIAN_POINT('',(-3.386446454257E0,-3.304034846591E2,
4.020409511702E1));
#1905=CARTESIAN_POINT('',(-3.431144247601E0,-3.303966641102E2,
4.012636848966E1));
#1906=CARTESIAN_POINT('',(-3.444030711203E0,-3.303913879457E2,
4.006624158809E1));
#1907=CARTESIAN_POINT('',(-3.443935082185E0,-3.303887953319E2,
4.003669629406E1));
#1909=CARTESIAN_POINT('',(-3.438607658620E0,-3.302462510419E2,
3.841226884338E1));
#1910=CARTESIAN_POINT('',(-3.438510808071E0,-3.302436596459E2,
3.838273742862E1));
#1911=CARTESIAN_POINT('',(-3.425227927567E0,-3.302383928094E2,
3.832271682723E1));
#1912=CARTESIAN_POINT('',(-3.380021193044E0,-3.302316000793E2,
3.824530722307E1));
#1913=CARTESIAN_POINT('',(-3.334207095143E0,-3.302279872248E2,
3.820413531738E1));
#1914=CARTESIAN_POINT('',(-3.308482762696E0,-3.302266985309E2,
3.818944942781E1));
#1916=DIRECTION('',(8.676432373383E-1,4.346141602616E-2,-4.952840780988E-1));
#1917=VECTOR('',#1916,8.924422584337E-1);
#1918=CARTESIAN_POINT('',(-3.308482762696E0,-3.302266985309E2,
3.818944942781E1));
#1919=LINE('',#1918,#1917);
#1920=CARTESIAN_POINT('',(-2.534161272451E0,-3.301879117267E2,
3.774743698659E1));
#1921=CARTESIAN_POINT('',(-2.508132144202E0,-3.301866078543E2,
3.773257812437E1));
#1922=CARTESIAN_POINT('',(-2.453014250560E0,-3.301844102754E2,
3.770753462789E1));
#1923=CARTESIAN_POINT('',(-2.380065699817E0,-3.301827250522E2,
3.768832990944E1));
#1924=CARTESIAN_POINT('',(-2.320201979706E0,-3.301820357246E2,
3.768047436611E1));
#1925=CARTESIAN_POINT('',(-2.290163445540E0,-3.301819227116E2,
3.767918647678E1));
#1926=CARTESIAN_POINT('',(-2.275143873263E0,-3.301819270153E2,
3.767923552122E1));
#1928=CARTESIAN_POINT('',(-1.471216987336E0,-3.301751635648E2,
3.760215958463E1));
#1929=DIRECTION('',(-9.020301674738E-14,9.961720194260E-1,8.741457380052E-2));
#1930=DIRECTION('',(-3.271565703651E-3,-8.741410599389E-2,9.961666883264E-1));
#1931=AXIS2_PLACEMENT_3D('',#1928,#1929,#1930);
#1933=CARTESIAN_POINT('',(-1.389372159123E0,-3.301258033164E2,
3.703965271504E1));
#1934=CARTESIAN_POINT('',(-1.389268164757E0,-3.301229432551E2,
3.700705960171E1));
#1935=CARTESIAN_POINT('',(-1.362130462020E0,-3.301171808001E2,
3.694139095927E1));
#1936=CARTESIAN_POINT('',(-1.304128067500E0,-3.301121632201E2,
3.688421087388E1));
#1937=CARTESIAN_POINT('',(-1.250619160339E0,-3.301097778931E2,
3.685702780922E1));
#1938=CARTESIAN_POINT('',(-1.219142210103E0,-3.301090288308E2,
3.684849153336E1));
#1939=CARTESIAN_POINT('',(-1.202819335495E0,-3.301088894430E2,
3.684690307719E1));
#1940=CARTESIAN_POINT('',(-1.194648893980E0,-3.301088917730E2,
3.684692962937E1));
#1942=CARTESIAN_POINT('',(-2.168742943695E-1,-3.301091711690E2,
3.685011361211E1));
#1943=CARTESIAN_POINT('',(-2.086995467422E-1,-3.301091735049E2,
3.685014023231E1));
#1944=CARTESIAN_POINT('',(-1.923788729217E-1,-3.301093223638E2,
3.685183662104E1));
#1945=CARTESIAN_POINT('',(-1.609431837170E-1,-3.301100901502E2,
3.686058627484E1));
#1946=CARTESIAN_POINT('',(-1.076074081621E-1,-3.301125074824E2,
3.688813406954E1));
#1947=CARTESIAN_POINT('',(-4.999831377575E-2,-3.301175582390E2,
3.694569223292E1));
#1948=CARTESIAN_POINT('',(-2.331262744643E-2,-3.301233345636E2,
3.701151893437E1));
#1949=CARTESIAN_POINT('',(-2.341944147139E-2,-3.301261927684E2,
3.704409089035E1));
#1951=CARTESIAN_POINT('',(-3.327011577720E-2,-3.303897699188E2,
4.004780263726E1));
#1952=CARTESIAN_POINT('',(-3.336824807947E-2,-3.303923956068E2,
4.007772484260E1));
#1953=CARTESIAN_POINT('',(-4.702002810323E-2,-3.303977296852E2,
4.013851172875E1));
#1954=CARTESIAN_POINT('',(-9.316391127057E-2,-3.304045818573E2,
4.021659873095E1));
#1955=CARTESIAN_POINT('',(-1.399791818774E-1,-3.304081975180E2,
4.025780261752E1));
#1956=CARTESIAN_POINT('',(-1.659825269831E-1,-3.304094959138E2,
4.027259906875E1));
#1958=DIRECTION('',(-8.678740068727E-1,-4.342619381050E-2,4.948826869934E-1));
#1959=VECTOR('',#1958,8.891995143697E-1);
#1960=CARTESIAN_POINT('',(-1.659825269831E-1,-3.304094959138E2,
4.027259906875E1));
#1961=LINE('',#1960,#1959);
#1962=CARTESIAN_POINT('',(-9.376956724284E-1,-3.304481104643E2,
4.071264851369E1));
#1963=CARTESIAN_POINT('',(-9.637447432941E-1,-3.304494152691E2,
4.072751800347E1));
#1964=CARTESIAN_POINT('',(-1.018882857296E0,-3.304516140987E2,
4.075257575371E1));
#1965=CARTESIAN_POINT('',(-1.091842816198E0,-3.304533011357E2,
4.077180114093E1));
#1966=CARTESIAN_POINT('',(-1.151687112444E0,-3.304539907293E2,
4.077965971392E1));
#1967=CARTESIAN_POINT('',(-1.181706731091E0,-3.304541037620E2,
4.078094782856E1));
#1968=CARTESIAN_POINT('',(-1.196715122749E0,-3.304540994734E2,
4.078089895619E1));
#1970=CARTESIAN_POINT('',(-1.358396659552E0,-3.303181297488E2,
3.923139491719E1));
#1971=CARTESIAN_POINT('',(-1.358026349689E0,-3.303124126077E2,
3.916624266977E1));
#1972=CARTESIAN_POINT('',(-1.394593062942E0,-3.303009092161E2,
3.903515060636E1));
#1973=CARTESIAN_POINT('',(-1.511481562734E0,-3.302902428436E2,
3.891359716981E1));
#1974=CARTESIAN_POINT('',(-1.619945803495E0,-3.302863249089E2,
3.886894858617E1));
#1975=CARTESIAN_POINT('',(-1.683938285513E0,-3.302852007323E2,
3.885613752744E1));
#1976=CARTESIAN_POINT('',(-1.732751602770E0,-3.302848917592E2,
3.885261648488E1));
#1977=CARTESIAN_POINT('',(-1.781579255589E0,-3.302851287962E2,
3.885531774734E1));
#1978=CARTESIAN_POINT('',(-1.845629475102E0,-3.302861550732E2,
3.886701314794E1));
#1979=CARTESIAN_POINT('',(-1.954846448856E0,-3.302899072041E2,
3.890977223970E1));
#1980=CARTESIAN_POINT('',(-2.074845941703E0,-3.303004730068E2,
3.903017958776E1));
#1981=CARTESIAN_POINT('',(-2.113193159084E0,-3.303120659178E2,
3.916229180918E1));
#1982=CARTESIAN_POINT('',(-2.113430946871E0,-3.303178861233E2,
3.922861857351E1));
#1984=CARTESIAN_POINT('',(-1.735915644946E0,-3.303180490540E2,
3.923047532387E1));
#1985=DIRECTION('',(-2.821453109959E-14,9.961720194260E-1,8.741457380041E-2));
#1986=DIRECTION('',(-9.999878120322E-1,4.315818449090E-4,-4.918284667672E-3));
#1987=AXIS2_PLACEMENT_3D('',#1984,#1985,#1986);
#1989=DIRECTION('',(2.319706016043E-7,-9.961720312210E-1,-8.741443938545E-2));
#1990=VECTOR('',#1989,4.000000000206E-1);
#1991=CARTESIAN_POINT('',(-2.543866559399E0,-3.300491815817E2,
4.074237135512E1));
#1992=LINE('',#1991,#1990);
#1993=DIRECTION('',(5.195164298259E-9,9.961720194243E-1,8.741457381958E-2));
#1994=VECTOR('',#1993,4.000000000381E-1);
#1995=CARTESIAN_POINT('',(-2.285307556308E0,-3.304537884119E2,
4.077735411476E1));
#1996=LINE('',#1995,#1994);
#1997=DIRECTION('',(8.636792721547E-6,-9.961724585176E-1,-8.740956936457E-2));
#1998=VECTOR('',#1997,4.000000000264E-1);
#1999=CARTESIAN_POINT('',(-3.315274660240E0,-3.300099585050E2,
4.029538717587E1));
#2000=LINE('',#1999,#1998);
#2001=DIRECTION('',(-7.148950318691E-8,-9.961739382891E-1,-8.739270377804E-2));
#2002=VECTOR('',#2001,4.000000001075E-1);
#2003=CARTESIAN_POINT('',(-3.443935053589E0,-3.299903257565E2,
4.007165337558E1));
#2004=LINE('',#2003,#2002);
#2005=DIRECTION('',(-3.266998453976E-3,-8.741410729398E-2,9.961667032014E-1));
#2006=VECTOR('',#2005,1.630678324685E0);
#2007=CARTESIAN_POINT('',(-3.438607658620E0,-3.302462510419E2,
3.841226884338E1));
#2008=LINE('',#2007,#2006);
#2009=DIRECTION('',(-1.234456981020E-11,9.961720191031E-1,8.741457748081E-2));
#2010=VECTOR('',#2009,4.000000000197E-1);
#2011=CARTESIAN_POINT('',(-3.438607658620E0,-3.302462510419E2,
3.841226884338E1));
#2012=LINE('',#2011,#2010);
#2013=DIRECTION('',(-1.902350206936E-5,-9.961729721229E-1,-8.740371416534E-2));
#2014=VECTOR('',#2013,4.000000000661E-1);
#2015=CARTESIAN_POINT('',(-3.308475153295E0,-3.298282293420E2,
3.822441091348E1));
#2016=LINE('',#2015,#2014);
#2017=DIRECTION('',(1.332486870259E-5,9.961726867739E-1,8.740696738883E-2));
#2018=VECTOR('',#2017,4.000000000415E-1);
#2019=CARTESIAN_POINT('',(-2.534161272451E0,-3.301879117267E2,
3.774743698659E1));
#2020=LINE('',#2019,#2018);
#2021=DIRECTION('',(7.642959880237E-6,-9.961720215834E-1,-8.741454888076E-2));
#2022=VECTOR('',#2021,4.000000000158E-1);
#2023=CARTESIAN_POINT('',(-2.275146930447E0,-3.297834582066E2,
3.771420134077E1));
#2024=LINE('',#2023,#2022);
#2025=DIRECTION('',(-6.870073043254E-7,-9.961720192300E-1,-8.741457603187E-2));
#2026=VECTOR('',#2025,4.000000000309E-1);
#2027=CARTESIAN_POINT('',(-1.471478494277E0,-3.297836878524E2,
3.771681837176E1));
#2028=LINE('',#2027,#2026);
#2029=DIRECTION('',(-9.999946572882E-1,2.857453605610E-4,-3.256339157067E-3));
#2030=VECTOR('',#2029,8.036693979570E-1);
#2031=CARTESIAN_POINT('',(-1.471478769080E0,-3.301821566601E2,
3.768185254135E1));
#2032=LINE('',#2031,#2030);
#2033=DIRECTION('',(9.566269998086E-10,-9.961719937968E-1,-8.741486586955E-2));
#2034=VECTOR('',#2033,4.000000000120E-1);
#2035=CARTESIAN_POINT('',(-1.391217793885E0,-3.297767176036E2,
3.763738577231E1));
#2036=LINE('',#2035,#2034);
#2037=DIRECTION('',(-8.017480510132E-8,-9.961741799754E-1,-8.738994879456E-2));
#2038=VECTOR('',#2037,4.000000001342E-1);
#2039=CARTESIAN_POINT('',(-1.389372127053E0,-3.297273336443E2,
3.707460869457E1));
#2040=LINE('',#2039,#2038);
#2041=DIRECTION('',(-3.266998869149E-3,-8.741410729891E-2,9.961667031996E-1));
#2042=VECTOR('',#2041,5.649326655047E-1);
#2043=CARTESIAN_POINT('',(-1.389372159123E0,-3.301258033164E2,
3.703965271504E1));
#2044=LINE('',#2043,#2042);
#2045=DIRECTION('',(-2.003308036617E-6,-9.961720188517E-1,-8.741458032205E-2));
#2046=VECTOR('',#2045,4.000000000126E-1);
#2047=CARTESIAN_POINT('',(-1.194648092657E0,-3.297104229654E2,
3.688189546150E1));
#2048=LINE('',#2047,#2046);
#2049=DIRECTION('',(4.459853409843E-7,9.962103810806E-1,8.697629922590E-2));
#2050=VECTOR('',#2049,4.000000387406E-1);
#2051=CARTESIAN_POINT('',(-1.358396659552E0,-3.303181297488E2,
3.923139491719E1));
#2052=LINE('',#2051,#2050);
#2053=DIRECTION('',(-3.819167204431E-13,-9.961720194263E-1,-8.741457379656E-2));
#2054=VECTOR('',#2053,4.000000000293E-1);
#2055=CARTESIAN_POINT('',(-2.113430946870E0,-3.299194173155E2,
3.926358440304E1));
#2056=LINE('',#2055,#2054);
#2057=CARTESIAN_POINT('',(-1.735915644946E0,-3.299195802462E2,
3.926544115339E1));
#2058=DIRECTION('',(-2.821453109959E-14,9.961720194260E-1,8.741457380041E-2));
#2059=DIRECTION('',(-9.999878120322E-1,4.315818459630E-4,-4.918284680019E-3));
#2060=AXIS2_PLACEMENT_3D('',#2057,#2058,#2059);
#2062=CARTESIAN_POINT('',(-2.113430946870E0,-3.299194173155E2,
3.926358440304E1));
#2063=CARTESIAN_POINT('',(-2.113193159083E0,-3.299135971100E2,
3.919725763870E1));
#2064=CARTESIAN_POINT('',(-2.074845941694E0,-3.299020041990E2,
3.906514541727E1));
#2065=CARTESIAN_POINT('',(-1.954846448878E0,-3.298914383963E2,
3.894473806928E1));
#2066=CARTESIAN_POINT('',(-1.845629475072E0,-3.298876862654E2,
3.890197897738E1));
#2067=CARTESIAN_POINT('',(-1.781579255641E0,-3.298866599884E2,
3.889028357699E1));
#2068=CARTESIAN_POINT('',(-1.732751602570E0,-3.298864229513E2,
3.888758231389E1));
#2069=CARTESIAN_POINT('',(-1.683938286264E0,-3.298867319247E2,
3.889110335886E1));
#2070=CARTESIAN_POINT('',(-1.619945799505E0,-3.298878561002E2,
3.890391440562E1));
#2071=CARTESIAN_POINT('',(-1.511481610184E0,-3.298917740463E2,
3.894856311906E1));
#2072=CARTESIAN_POINT('',(-1.394634984538E0,-3.299024364643E2,
3.907007149087E1));
#2073=CARTESIAN_POINT('',(-1.358060086076E0,-3.299139336106E2,
3.920109238194E1));
#2074=CARTESIAN_POINT('',(-1.358396481158E0,-3.299196455577E2,
3.926618544025E1));
#2076=DIRECTION('',(1.613284617117E-8,-9.961720202461E-1,-8.741456445518E-2));
#2077=VECTOR('',#2076,3.999999999729E-1);
#2078=CARTESIAN_POINT('',(2.659887619798E0,-3.300435537773E2,4.067823718262E1));
#2079=LINE('',#2078,#2077);
#2080=DIRECTION('',(-1.434656837873E-9,-9.961720578179E-1,-8.741413628772E-2));
#2081=VECTOR('',#2080,3.999999999721E-1);
#2082=CARTESIAN_POINT('',(2.931785854029E0,-3.300299348119E2,4.052303614851E1));
#2083=LINE('',#2082,#2081);
#2084=DIRECTION('',(3.265931112791E-3,8.741410763976E-2,-9.961667066709E-1));
#2085=VECTOR('',#2084,1.017352256597E0);
#2086=CARTESIAN_POINT('',(2.931785853455E0,-3.304284036350E2,4.048807049400E1));
#2087=LINE('',#2086,#2085);
#2088=DIRECTION('',(3.366270596146E-9,-9.961719293085E-1,-8.741560076850E-2));
#2089=VECTOR('',#2088,3.999999999359E-1);
#2090=CARTESIAN_POINT('',(2.935108454496E0,-3.299410039237E2,3.950958428732E1));
#2091=LINE('',#2090,#2089);
#2092=DIRECTION('',(3.349757793759E-7,-9.961720363872E-1,-8.741438051042E-2));
#2093=VECTOR('',#2092,3.999999999535E-1);
#2094=CARTESIAN_POINT('',(2.814789843542E0,-3.299226878449E2,3.930085518892E1));
#2095=LINE('',#2094,#2093);
#2096=DIRECTION('',(-1.568366004914E-5,9.961712372287E-1,8.742348581657E-2));
#2097=VECTOR('',#2096,4.000000000673E-1);
#2098=CARTESIAN_POINT('',(2.232167596658E0,-3.302733243252E2,3.872079459860E1));
#2099=LINE('',#2098,#2097);
#2100=DIRECTION('',(1.963910911844E-7,-9.961720293701E-1,-8.741446047824E-2));
#2101=VECTOR('',#2100,3.999999999652E-1);
#2102=CARTESIAN_POINT('',(2.231368747237E0,-3.298931468968E2,3.896420805280E1));
#2103=LINE('',#2102,#2101);
#2104=DIRECTION('',(-8.643880865260E-1,4.395425525414E-2,-5.009004485095E-1));
#2105=VECTOR('',#2104,2.184096789897E0);
#2106=CARTESIAN_POINT('',(2.659887626251E0,-3.304420225853E2,4.064327135684E1));
#2107=LINE('',#2106,#2105);
#2108=CARTESIAN_POINT('',(7.719803812442E-1,-3.303460222375E2,
3.954925629519E1));
#2109=CARTESIAN_POINT('',(7.480905651025E-1,-3.303448074370E2,
3.953541249022E1));
#2110=CARTESIAN_POINT('',(7.056370289225E-1,-3.303414150680E2,
3.949675322651E1));
#2111=CARTESIAN_POINT('',(6.639701840311E-1,-3.303350587170E2,
3.942431657508E1));
#2112=CARTESIAN_POINT('',(6.519573647135E-1,-3.303301416850E2,
3.936828232957E1));
#2113=CARTESIAN_POINT('',(6.520475703523E-1,-3.303277257710E2,
3.934075069739E1));
#2115=CARTESIAN_POINT('',(6.554625790755E-1,-3.302363224173E2,
3.829912274499E1));
#2116=CARTESIAN_POINT('',(6.555528717182E-1,-3.302339064909E2,
3.827159097279E1));
#2117=CARTESIAN_POINT('',(6.679348032863E-1,-3.302289964580E2,
3.821563648668E1));
#2118=CARTESIAN_POINT('',(7.100747174128E-1,-3.302226639960E2,
3.814347207341E1));
#2119=CARTESIAN_POINT('',(7.527821082353E-1,-3.302192960865E2,
3.810509154913E1));
#2120=CARTESIAN_POINT('',(7.767620722195E-1,-3.302180949675E2,
3.809140365850E1));
#2122=DIRECTION('',(8.676561944823E-1,4.345943940217E-2,-4.952615524179E-1));
#2123=VECTOR('',#2122,2.184093287342E0);
#2124=CARTESIAN_POINT('',(7.767620722195E-1,-3.302180949675E2,
3.809140365850E1));
#2125=LINE('',#2124,#2123);
#2126=CARTESIAN_POINT('',(2.671804142309E0,-3.301231754976E2,3.700970622638E1));
#2127=CARTESIAN_POINT('',(2.690566749135E0,-3.301222357114E2,3.699899647003E1));
#2128=CARTESIAN_POINT('',(2.732316251100E0,-3.301210216880E2,3.698516152187E1));
#2129=CARTESIAN_POINT('',(2.818439778752E0,-3.301211656929E2,3.698680259448E1));
#2130=CARTESIAN_POINT('',(2.911529463803E0,-3.301260567659E2,3.704254101233E1));
#2131=CARTESIAN_POINT('',(2.942813169737E0,-3.301333471641E2,3.712562201781E1));
#2132=CARTESIAN_POINT('',(2.942678543278E0,-3.301369495463E2,3.716667458149E1));
#2134=CARTESIAN_POINT('',(2.939354916430E0,-3.302258804675E2,3.818012681843E1));
#2135=CARTESIAN_POINT('',(2.939264470071E0,-3.302283005033E2,3.820770542393E1));
#2136=CARTESIAN_POINT('',(2.926831006390E0,-3.302332190737E2,3.826375720101E1));
#2137=CARTESIAN_POINT('',(2.884552385824E0,-3.302395588830E2,3.833600534270E1));
#2138=CARTESIAN_POINT('',(2.841714238114E0,-3.302429280098E2,3.837439973914E1));
#2139=CARTESIAN_POINT('',(2.817668628699E0,-3.302441273713E2,3.838806760225E1));
#2141=DIRECTION('',(-8.686049078890E-1,-4.331438567576E-2,4.936085270584E-1));
#2142=VECTOR('',#2141,6.740706007114E-1);
#2143=CARTESIAN_POINT('',(2.817668628699E0,-3.302441273713E2,3.838806760225E1));
#2144=LINE('',#2143,#2142);
#2145=CARTESIAN_POINT('',(2.232167596658E0,-3.302733243252E2,3.872079459860E1));
#2146=CARTESIAN_POINT('',(2.215896021473E0,-3.302741355033E2,3.873003874355E1));
#2147=CARTESIAN_POINT('',(2.192075891903E0,-3.302772666542E2,3.876572117900E1));
#2148=CARTESIAN_POINT('',(2.183405748176E0,-3.302824405709E2,3.882468286944E1));
#2149=CARTESIAN_POINT('',(2.191547251426E0,-3.302876259416E2,3.888377508813E1));
#2150=CARTESIAN_POINT('',(2.215072585622E0,-3.302907905675E2,3.891983900331E1));
#2151=CARTESIAN_POINT('',(2.231368825794E0,-3.302916157085E2,3.892924226861E1));
#2153=DIRECTION('',(8.653165108469E-1,-4.381444258601E-2,4.993071506363E-1));
#2154=VECTOR('',#2153,6.742286139525E-1);
#2155=CARTESIAN_POINT('',(2.231368825794E0,-3.302916157085E2,3.892924226861E1));
#2156=LINE('',#2155,#2154);
#2157=CARTESIAN_POINT('',(2.814789977532E0,-3.303211566594E2,3.926588943672E1));
#2158=CARTESIAN_POINT('',(2.838746088866E0,-3.303223696556E2,3.927971267913E1));
#2159=CARTESIAN_POINT('',(2.881330207841E0,-3.303257633143E2,3.931838664081E1));
#2160=CARTESIAN_POINT('',(2.923135117836E0,-3.303321270843E2,3.939090783796E1));
#2161=CARTESIAN_POINT('',(2.935198811773E0,-3.303370526753E2,3.944703962357E1));
#2162=CARTESIAN_POINT('',(2.935108455843E0,-3.303394726953E2,3.947461804702E1));
#2164=CARTESIAN_POINT('',(2.931785853455E0,-3.304284036350E2,4.048807049400E1));
#2165=CARTESIAN_POINT('',(2.931645451038E0,-3.304321603210E2,4.053088149648E1));
#2166=CARTESIAN_POINT('',(2.897613068184E0,-3.304396102828E2,4.061578088046E1));
#2167=CARTESIAN_POINT('',(2.801642044347E0,-3.304442065833E2,4.066816008606E1));
#2168=CARTESIAN_POINT('',(2.717519568557E0,-3.304441472085E2,4.066748345245E1));
#2169=CARTESIAN_POINT('',(2.677794150528E0,-3.304429331345E2,4.065364792853E1));
#2170=CARTESIAN_POINT('',(2.659887626251E0,-3.304420225853E2,4.064327135684E1));
#2172=DIRECTION('',(-3.254361780384E-9,-9.961721065438E-1,-8.741358100480E-2));
#2173=VECTOR('',#2172,3.999999999600E-1);
#2174=CARTESIAN_POINT('',(6.520475716540E-1,-3.299292569284E2,
3.937571612979E1));
#2175=LINE('',#2174,#2173);
#2176=DIRECTION('',(7.041246197533E-9,9.961720190675E-1,8.741457788541E-2));
#2177=VECTOR('',#2176,3.999999999819E-1);
#2178=CARTESIAN_POINT('',(7.719803812442E-1,-3.303460222375E2,
3.954925629519E1));
#2179=LINE('',#2178,#2177);
#2180=DIRECTION('',(-3.265962654758E-3,-8.741410755484E-2,9.961667065749E-1));
#2181=VECTOR('',#2180,1.045636182704E0);
#2182=CARTESIAN_POINT('',(6.554625790755E-1,-3.302363224173E2,
3.829912274499E1));
#2183=LINE('',#2182,#2181);
#2184=DIRECTION('',(-1.638990332334E-9,9.961719755636E-1,8.741507365249E-2));
#2185=VECTOR('',#2184,4.000000000020E-1);
#2186=CARTESIAN_POINT('',(6.554625790755E-1,-3.302363224173E2,
3.829912274499E1));
#2187=LINE('',#2186,#2185);
#2188=DIRECTION('',(-4.338340884118E-7,-9.961720411559E-1,-8.741432616652E-2));
#2189=VECTOR('',#2188,3.999999999669E-1);
#2190=CARTESIAN_POINT('',(7.767622457531E-1,-3.298196261511E2,
3.812636938896E1));
#2191=LINE('',#2190,#2189);
#2192=DIRECTION('',(-1.852003284096E-7,9.961720101495E-1,8.741467951505E-2));
#2193=VECTOR('',#2192,3.999999999931E-1);
#2194=CARTESIAN_POINT('',(2.671804142309E0,-3.301231754976E2,3.700970622638E1));
#2195=LINE('',#2194,#2193);
#2196=DIRECTION('',(1.785016579118E-10,-9.961720146469E-1,-8.741462826264E-2));
#2197=VECTOR('',#2196,3.999999999718E-1);
#2198=CARTESIAN_POINT('',(2.942678543206E0,-3.297384807404E2,3.720164043279E1));
#2199=LINE('',#2198,#2197);
#2200=DIRECTION('',(-1.218170009408E-10,-9.961720226858E-1,-8.741453665216E-2));
#2201=VECTOR('',#2200,3.999999999676E-1);
#2202=CARTESIAN_POINT('',(2.939354916478E0,-3.298274116584E2,3.821509263309E1));
#2203=LINE('',#2202,#2201);
#2204=DIRECTION('',(3.266938766356E-3,8.741410731215E-2,-9.961667033955E-1));
#2205=VECTOR('',#2204,1.017352049098E0);
#2206=CARTESIAN_POINT('',(2.939354916430E0,-3.302258804675E2,3.818012681843E1));
#2207=LINE('',#2206,#2205);
#2208=DIRECTION('',(4.302516185475E-5,-9.961698725563E-1,-8.743902538331E-2));
#2209=VECTOR('',#2208,4.000000004715E-1);
#2210=CARTESIAN_POINT('',(2.817651418634E0,-3.298456594218E2,3.842304321244E1));
#2211=LINE('',#2210,#2209);
#2212=DIRECTION('',(9.999946573771E-1,-2.857429349453E-4,3.256312059234E-3));
#2213=VECTOR('',#2212,9.777798327359E-1);
#2214=CARTESIAN_POINT('',(5.852583132219E0,-3.304558459283E2,4.080080146725E1));
#2215=LINE('',#2214,#2213);
#2216=DIRECTION('',(4.140554566417E-10,9.961720305079E-1,8.741444751156E-2));
#2217=VECTOR('',#2216,3.999999999480E-1);
#2218=CARTESIAN_POINT('',(7.025080971920E0,-3.304392146454E2,4.061127221654E1));
#2219=LINE('',#2218,#2217);
#2220=DIRECTION('',(2.183427216977E-8,-9.961720194326E-1,-8.741457372568E-2));
#2221=VECTOR('',#2220,3.999999999688E-1);
#2222=CARTESIAN_POINT('',(6.830357732312E0,-3.300576565142E2,4.083895125300E1));
#2223=LINE('',#2222,#2221);
#2224=DIRECTION('',(3.266605251492E-3,8.741410740234E-2,-9.961667044813E-1));
#2225=VECTOR('',#2224,3.013817075898E0);
#2226=CARTESIAN_POINT('',(7.025080971920E0,-3.304392146454E2,4.061127221654E1));
#2227=LINE('',#2226,#2225);
#2228=DIRECTION('',(1.332096655285E-9,-9.961719837847E-1,-8.741497996642E-2));
#2229=VECTOR('',#2228,3.999999999759E-1);
#2230=CARTESIAN_POINT('',(7.034925922074E0,-3.297772957223E2,3.764397398412E1));
#2231=LINE('',#2230,#2229);
#2232=DIRECTION('',(2.724132031183E-10,9.961720194122E-1,8.741457395762E-2));
#2233=VECTOR('',#2232,3.999999999822E-1);
#2234=CARTESIAN_POINT('',(6.909995718979E0,-3.301563321637E2,3.738755789991E1));
#2235=LINE('',#2234,#2233);
#2236=CARTESIAN_POINT('',(5.852583132219E0,-3.304558459283E2,4.080080146725E1));
#2237=CARTESIAN_POINT('',(5.844408383641E0,-3.304558435924E2,4.080077484737E1));
#2238=CARTESIAN_POINT('',(5.828087709410E0,-3.304556947335E2,4.079907845883E1));
#2239=CARTESIAN_POINT('',(5.796652021001E0,-3.304549269472E2,4.079032880510E1));
#2240=CARTESIAN_POINT('',(5.743316248026E0,-3.304525096150E2,4.076278101115E1));
#2241=CARTESIAN_POINT('',(5.685707156674E0,-3.304474588584E2,4.070522284684E1));
#2242=CARTESIAN_POINT('',(5.659021472135E0,-3.304416825337E2,4.063939614578E1));
#2243=CARTESIAN_POINT('',(5.659128283776E0,-3.304388243289E2,4.060682418960E1));
#2245=CARTESIAN_POINT('',(5.666522526750E0,-3.302409732347E2,3.835212322286E1));
#2246=CARTESIAN_POINT('',(5.666699202854E0,-3.302362459429E2,3.829825124716E1));
#2247=CARTESIAN_POINT('',(5.630763031336E0,-3.302268555138E2,3.819123839596E1));
#2248=CARTESIAN_POINT('',(5.514601084439E0,-3.302197057154E2,3.810975965882E1));
#2249=CARTESIAN_POINT('',(5.407105553974E0,-3.302180242902E2,3.809059822329E1));
#2250=CARTESIAN_POINT('',(5.321463473995E0,-3.302179798890E2,3.809009222914E1));
#2251=CARTESIAN_POINT('',(5.236662915764E0,-3.302181211372E2,3.809170188630E1));
#2252=CARTESIAN_POINT('',(5.132855142031E0,-3.302199012402E2,3.811198784955E1));
#2253=CARTESIAN_POINT('',(5.022791992983E0,-3.302271211990E2,3.819426613109E1));
#2254=CARTESIAN_POINT('',(4.987952899252E0,-3.302361499088E2,3.829715684742E1));
#2255=CARTESIAN_POINT('',(4.987779831220E0,-3.302407792858E2,3.834991299134E1));
#2257=CARTESIAN_POINT('',(4.980384695163E0,-3.304386303801E2,4.060461395891E1));
#2258=CARTESIAN_POINT('',(4.980277815504E0,-3.304414901023E2,4.063720320699E1));
#2259=CARTESIAN_POINT('',(4.953140517373E0,-3.304472522978E2,4.070286889315E1));
#2260=CARTESIAN_POINT('',(4.895140635941E0,-3.304522696052E2,4.076004587163E1));
#2261=CARTESIAN_POINT('',(4.841631727090E0,-3.304546549398E2,4.078722902267E1));
#2262=CARTESIAN_POINT('',(4.810154782576E0,-3.304554039997E2,4.079576527189E1));
#2263=CARTESIAN_POINT('',(4.793831906987E0,-3.304555433910E2,4.079735376787E1));
#2264=CARTESIAN_POINT('',(4.785661469169E0,-3.304555410565E2,4.079732716338E1));
#2266=CARTESIAN_POINT('',(3.807871056020E0,-3.304552616582E2,4.079414315566E1));
#2267=CARTESIAN_POINT('',(3.799696308619E0,-3.304552593223E2,4.079411653554E1));
#2268=CARTESIAN_POINT('',(3.783375637112E0,-3.304551104634E2,4.079242014696E1));
#2269=CARTESIAN_POINT('',(3.751939949098E0,-3.304543426771E2,4.078367049360E1));
#2270=CARTESIAN_POINT('',(3.698604176595E0,-3.304519253450E2,4.075612269964E1));
#2271=CARTESIAN_POINT('',(3.640995086343E0,-3.304468745886E2,4.069856453734E1));
#2272=CARTESIAN_POINT('',(3.614309402075E0,-3.304410982638E2,4.063273783624E1));
#2273=CARTESIAN_POINT('',(3.614416214463E0,-3.304382400591E2,4.060016588197E1));
#2275=CARTESIAN_POINT('',(3.624262141095E0,-3.301747899331E2,3.759790169742E1));
#2276=CARTESIAN_POINT('',(3.624360566805E0,-3.301721564065E2,3.756789016334E1));
#2277=CARTESIAN_POINT('',(3.638102712387E0,-3.301668072874E2,3.750693187384E1));
#2278=CARTESIAN_POINT('',(3.684494289114E0,-3.301599424343E2,3.742870035905E1));
#2279=CARTESIAN_POINT('',(3.731564008261E0,-3.301563281253E2,3.738751187786E1));
#2280=CARTESIAN_POINT('',(3.757887468719E0,-3.301550658454E2,3.737312700137E1));
#2282=DIRECTION('',(8.676093731890E-1,4.346658153589E-2,-4.953429436705E-1));
#2283=VECTOR('',#2282,8.884318548079E-1);
#2284=CARTESIAN_POINT('',(3.757887468719E0,-3.301550658454E2,3.737312700137E1));
#2285=LINE('',#2284,#2283);
#2286=CARTESIAN_POINT('',(4.528699273390E0,-3.301164487498E2,3.693304855116E1));
#2287=CARTESIAN_POINT('',(4.554720987414E0,-3.301151450813E2,3.691819201237E1));
#2288=CARTESIAN_POINT('',(4.609835032505E0,-3.301129481530E2,3.689315592865E1));
#2289=CARTESIAN_POINT('',(4.682782462412E0,-3.301112632346E2,3.687395468556E1));
#2290=CARTESIAN_POINT('',(4.742653753207E0,-3.301105744566E2,3.686610540616E1));
#2291=CARTESIAN_POINT('',(4.772700745744E0,-3.301104616140E2,3.686481945737E1));
#2292=CARTESIAN_POINT('',(4.787722736661E0,-3.301104659064E2,3.686486837408E1));
#2294=CARTESIAN_POINT('',(5.876315172203E0,-3.301107769679E2,3.686841321442E1));
#2295=CARTESIAN_POINT('',(5.891496415421E0,-3.301107813059E2,3.686846264999E1));
#2296=CARTESIAN_POINT('',(5.921846613225E0,-3.301109172976E2,3.687001240494E1));
#2297=CARTESIAN_POINT('',(5.982366694929E0,-3.301116572878E2,3.687844529558E1));
#2298=CARTESIAN_POINT('',(6.056581149125E0,-3.301133873686E2,3.689816120815E1));
#2299=CARTESIAN_POINT('',(6.111544914594E0,-3.301158133059E2,3.692580706596E1));
#2300=CARTESIAN_POINT('',(6.138347736522E0,-3.301170825400E2,3.694027119204E1));
#2302=CARTESIAN_POINT('',(6.909995718979E0,-3.301563321637E2,3.738755789991E1));
#2303=CARTESIAN_POINT('',(6.934984894239E0,-3.301576627312E2,3.740272097878E1));
#2304=CARTESIAN_POINT('',(6.979191610610E0,-3.301613014896E2,3.744418808453E1));
#2305=CARTESIAN_POINT('',(7.022603789331E0,-3.301680396138E2,3.752097540396E1));
#2306=CARTESIAN_POINT('',(7.035020897316E0,-3.301732223791E2,3.758003793298E1));
#2307=CARTESIAN_POINT('',(7.034925922607E0,-3.301757645158E2,3.760900799213E1));
#2309=CARTESIAN_POINT('',(7.025080971920E0,-3.304392146454E2,4.061127221654E1));
#2310=CARTESIAN_POINT('',(7.024974092792E0,-3.304420743676E2,4.064386146517E1));
#2311=CARTESIAN_POINT('',(6.997836795158E0,-3.304478365633E2,4.070952715301E1));
#2312=CARTESIAN_POINT('',(6.939836912673E0,-3.304528538707E2,4.076670413151E1));
#2313=CARTESIAN_POINT('',(6.886328004912E0,-3.304552392053E2,4.079388728272E1));
#2314=CARTESIAN_POINT('',(6.854851056366E0,-3.304559882653E2,4.080242353268E1));
#2315=CARTESIAN_POINT('',(6.838528181382E0,-3.304561276566E2,4.080401202851E1));
#2316=CARTESIAN_POINT('',(6.830357741046E0,-3.304561253220E2,4.080398542351E1));
#2318=DIRECTION('',(-2.154787459653E-10,-9.961720251943E-1,-8.741450806515E-2));
#2319=VECTOR('',#2318,3.999999999853E-1);
#2320=CARTESIAN_POINT('',(5.659128283863E0,-3.300403555188E2,4.064178999282E1));
#2321=LINE('',#2320,#2319);
#2322=DIRECTION('',(7.872855701038E-9,9.961720194241E-1,8.741457382207E-2));
#2323=VECTOR('',#2322,3.999999999826E-1);
#2324=CARTESIAN_POINT('',(5.852583132219E0,-3.304558459283E2,4.080080146725E1));
#2325=LINE('',#2324,#2323);
#2326=DIRECTION('',(-1.390576542941E-10,-9.961720231552E-1,-8.741453130222E-2));
#2327=VECTOR('',#2326,3.999999999605E-1);
#2328=CARTESIAN_POINT('',(5.666522526806E0,-3.298425044254E2,3.838708903537E1));
#2329=LINE('',#2328,#2327);
#2330=DIRECTION('',(-3.266907122777E-3,-8.741410733624E-2,9.961667034972E-1));
#2331=VECTOR('',#2330,2.263377162505E0);
#2332=CARTESIAN_POINT('',(5.666522526750E0,-3.302409732347E2,3.835212322286E1));
#2333=LINE('',#2332,#2331);
#2334=DIRECTION('',(1.236599711661E-9,-9.961719863383E-1,-8.741495086548E-2));
#2335=VECTOR('',#2334,3.999999999538E-1);
#2336=CARTESIAN_POINT('',(4.987779830726E0,-3.298423104913E2,3.838487897169E1));
#2337=LINE('',#2336,#2335);
#2338=DIRECTION('',(2.693489875921E-10,-9.961720122208E-1,-8.741465591094E-2));
#2339=VECTOR('',#2338,3.999999999497E-1);
#2340=CARTESIAN_POINT('',(4.980384695055E0,-3.300401615752E2,4.063957982127E1));
#2341=LINE('',#2340,#2339);
#2342=DIRECTION('',(3.267301697569E-3,8.741410721090E-2,-9.961667022141E-1));
#2343=VECTOR('',#2342,2.263377166243E0);
#2344=CARTESIAN_POINT('',(4.980384695163E0,-3.304386303801E2,4.060461395891E1));
#2345=LINE('',#2344,#2343);
#2346=DIRECTION('',(3.498479728223E-8,-9.961720194363E-1,-8.741457368326E-2));
#2347=VECTOR('',#2346,3.999999999901E-1);
#2348=CARTESIAN_POINT('',(4.785661455175E0,-3.300570722487E2,4.083229299285E1));
#2349=LINE('',#2348,#2347);
#2350=DIRECTION('',(-1.956696582637E-8,-9.961720194206E-1,-8.741457386207E-2));
#2351=VECTOR('',#2350,3.999999999801E-1);
#2352=CARTESIAN_POINT('',(3.807871063847E0,-3.300567928505E2,4.082910898520E1));
#2353=LINE('',#2352,#2351);
#2354=DIRECTION('',(9.999946573771E-1,-2.857429586487E-4,3.256312049881E-3));
#2355=VECTOR('',#2354,9.777956371419E-1);
#2356=CARTESIAN_POINT('',(3.807871056020E0,-3.304552616582E2,4.079414315566E1));
#2357=LINE('',#2356,#2355);
#2358=DIRECTION('',(-2.013444966627E-10,-9.961720248213E-1,-8.741451231573E-2));
#2359=VECTOR('',#2358,3.999999999369E-1);
#2360=CARTESIAN_POINT('',(3.614416214543E0,-3.300397712493E2,4.063513168689E1));
#2361=LINE('',#2360,#2359);
#2362=DIRECTION('',(1.725619647366E-10,-9.961720148131E-1,-8.741462636922E-2));
#2363=VECTOR('',#2362,3.999999999557E-1);
#2364=CARTESIAN_POINT('',(3.624262141026E0,-3.297763211272E2,3.763286754796E1));
#2365=LINE('',#2364,#2363);
#2366=DIRECTION('',(-3.266929115123E-3,-8.741410731283E-2,9.961667034271E-1));
#2367=VECTOR('',#2366,3.013817039074E0);
#2368=CARTESIAN_POINT('',(3.624262141095E0,-3.301747899331E2,3.759790169742E1));
#2369=LINE('',#2368,#2367);
#2370=DIRECTION('',(-1.749655975793E-10,-9.961720194345E-1,-8.741457370357E-2));
#2371=VECTOR('',#2370,3.999999999692E-1);
#2372=CARTESIAN_POINT('',(3.757887468789E0,-3.297565970377E2,3.740809283085E1));
#2373=LINE('',#2372,#2371);
#2374=DIRECTION('',(-3.828921624501E-9,9.961720192339E-1,8.741457599008E-2));
#2375=VECTOR('',#2374,3.999999999691E-1);
#2376=CARTESIAN_POINT('',(4.528699273390E0,-3.301164487498E2,3.693304855116E1));
#2377=LINE('',#2376,#2375);
#2378=DIRECTION('',(-1.427320706245E-8,-9.961720194215E-1,-8.741457385227E-2));
#2379=VECTOR('',#2378,3.999999999512E-1);
#2380=CARTESIAN_POINT('',(4.787722742371E0,-3.297119970987E2,3.689983420361E1));
#2381=LINE('',#2380,#2379);
#2382=DIRECTION('',(-9.999946573025E-1,2.857449568970E-4,-3.256334777218E-3));
#2383=VECTOR('',#2382,1.088598251592E0);
#2384=CARTESIAN_POINT('',(5.876315172203E0,-3.301107769679E2,3.686841321442E1));
#2385=LINE('',#2384,#2383);
#2386=DIRECTION('',(-7.865217366946E-9,9.961720194279E-1,8.741457377928E-2));
#2387=VECTOR('',#2386,3.999999999665E-1);
#2388=CARTESIAN_POINT('',(5.876315172203E0,-3.301107769679E2,3.686841321442E1));
#2389=LINE('',#2388,#2387);
#2390=DIRECTION('',(-8.643256160187E-1,4.396364144022E-2,-5.010074128446E-1));
#2391=VECTOR('',#2390,8.927746304812E-1);
#2392=CARTESIAN_POINT('',(6.909995718979E0,-3.301563321637E2,3.738755789991E1));
#2393=LINE('',#2392,#2391);
#2394=DIRECTION('',(-1.823297069003E-10,9.961720194354E-1,8.741457369351E-2));
#2395=VECTOR('',#2394,3.999999999733E-1);
#2396=CARTESIAN_POINT('',(6.138347736522E0,-3.301170825400E2,3.694027119204E1));
#2397=LINE('',#2396,#2395);
#2398=DIRECTION('',(9.999946573614E-1,-2.857433818109E-4,3.256316854342E-3));
#2399=VECTOR('',#2398,1.180281702843E0);
#2400=CARTESIAN_POINT('',(9.726954632992E0,-3.304569558838E2,4.081345046344E1));
#2401=LINE('',#2400,#2399);
#2402=DIRECTION('',(4.478094339927E-8,-9.961720194391E-1,-8.741457365127E-2));
#2403=VECTOR('',#2402,3.999999999876E-1);
#2404=CARTESIAN_POINT('',(1.090723001210E1,-3.300588243337E2,4.085225966410E1));
#2405=LINE('',#2404,#2403);
#2406=DIRECTION('',(-1.257882687123E-10,-9.961720227312E-1,-8.741453613498E-2));
#2407=VECTOR('',#2406,3.999999999293E-1);
#2408=CARTESIAN_POINT('',(1.110194792679E1,-3.300419122980E2,4.065953096858E1));
#2409=LINE('',#2408,#2407);
#2410=DIRECTION('',(3.266939514497E-3,8.741410730437E-2,-9.961667033938E-1));
#2411=VECTOR('',#2410,3.559479259304E0);
#2412=CARTESIAN_POINT('',(1.110194792674E1,-3.304403811070E2,4.062456515413E1));
#2413=LINE('',#2412,#2411);
#2414=DIRECTION('',(2.234079588154E-10,-9.961720134530E-1,-8.741464186808E-2));
#2415=VECTOR('',#2414,3.999999999712E-1);
#2416=CARTESIAN_POINT('',(1.111357653009E1,-3.297307635997E2,3.711369629134E1));
#2417=LINE('',#2416,#2415);
#2418=DIRECTION('',(3.898240397734E-8,-9.961720194369E-1,-8.741457367647E-2));
#2419=VECTOR('',#2418,3.999999999399E-1);
#2420=CARTESIAN_POINT('',(1.092012725283E1,-3.297137425063E2,3.691972477985E1));
#2421=LINE('',#2420,#2419);
#2422=DIRECTION('',(-9.999946556665E-1,2.857886612735E-4,-3.256833313372E-3));
#2423=VECTOR('',#2422,7.819710123991E-1);
#2424=CARTESIAN_POINT('',(1.092012726842E1,-3.301122113140E2,3.688475895038E1));
#2425=LINE('',#2424,#2423);
#2426=DIRECTION('',(-4.145079391232E-8,-9.961720194139E-1,-8.741457393826E-2));
#2427=VECTOR('',#2426,3.999999999620E-1);
#2428=CARTESIAN_POINT('',(1.013816045172E1,-3.297135190279E2,3.691717803071E1));
#2429=LINE('',#2428,#2427);
#2430=DIRECTION('',(1.443378749900E-10,-9.961720155564E-1,-8.741461789776E-2));
#2431=VECTOR('',#2430,3.999999999875E-1);
#2432=CARTESIAN_POINT('',(9.943432154717E0,-3.297304292342E2,3.710988587872E1));
#2433=LINE('',#2432,#2431);
#2434=DIRECTION('',(-3.266918632081E-3,-8.741410731207E-2,9.961667034616E-1));
#2435=VECTOR('',#2434,1.250574825654E0);
#2436=CARTESIAN_POINT('',(9.943432154774E0,-3.301288980404E2,3.707492003156E1));
#2437=LINE('',#2436,#2435);
#2438=DIRECTION('',(1.523314807723E-10,-9.961720153350E-1,-8.741462042111E-2));
#2439=VECTOR('',#2438,3.999999999750E-1);
#2440=CARTESIAN_POINT('',(9.939346628515E0,-3.298397471163E2,3.835566688123E1));
#2441=LINE('',#2440,#2439);
#2442=DIRECTION('',(-9.015334701534E-8,-9.961719786887E-1,-8.741503803905E-2));
#2443=VECTOR('',#2442,3.999999999759E-1);
#2444=CARTESIAN_POINT('',(9.594246136097E0,-3.298428452389E2,3.839097292757E1));
#2445=LINE('',#2444,#2443);
#2446=DIRECTION('',(-1.967002072516E-7,-9.961719305434E-1,-8.741558669559E-2));
#2447=VECTOR('',#2446,3.999999999630E-1);
#2448=CARTESIAN_POINT('',(9.347935735509E0,-3.297315455400E2,3.712260724214E1));
#2449=LINE('',#2448,#2447);
#2450=DIRECTION('',(3.349826638652E-8,-9.961720194356E-1,-8.741457369056E-2));
#2451=VECTOR('',#2450,3.999999999579E-1);
#2452=CARTESIAN_POINT('',(9.094681962601E0,-3.297132208548E2,3.691378006601E1));
#2453=LINE('',#2452,#2451);
#2454=DIRECTION('',(-9.999946585412E-1,2.857118107152E-4,-3.255957282600E-3));
#2455=VECTOR('',#2454,1.180268544021E0);
#2456=CARTESIAN_POINT('',(9.094681976001E0,-3.301116896625E2,3.687881423654E1));
#2457=LINE('',#2456,#2455);
#2458=DIRECTION('',(-4.038615442414E-8,-9.961720194145E-1,-8.741457393168E-2));
#2459=VECTOR('',#2458,3.999999999659E-1);
#2460=CARTESIAN_POINT('',(7.914419752490E0,-3.297128836382E2,3.690993716215E1));
#2461=LINE('',#2460,#2459);
#2462=DIRECTION('',(1.073319211422E-10,-9.961720165651E-1,-8.741460640279E-2));
#2463=VECTOR('',#2462,3.999999999496E-1);
#2464=CARTESIAN_POINT('',(7.719701905238E0,-3.297297938226E2,3.710264476054E1));
#2465=LINE('',#2464,#2463);
#2466=DIRECTION('',(-3.266938876367E-3,-8.741410731310E-2,9.961667033951E-1));
#2467=VECTOR('',#2466,3.559479114090E0);
#2468=CARTESIAN_POINT('',(7.719701905281E0,-3.301282626292E2,3.706767891799E1));
#2469=LINE('',#2468,#2467);
#2470=DIRECTION('',(-2.246713926359E-10,-9.961720254485E-1,-8.741450516820E-2));
#2471=VECTOR('',#2470,3.999999999384E-1);
#2472=CARTESIAN_POINT('',(7.708073304674E0,-3.300409425083E2,4.064847929494E1));
#2473=LINE('',#2472,#2471);
#2474=DIRECTION('',(-2.949438471408E-8,-9.961720194174E-1,-8.741457389834E-2));
#2475=VECTOR('',#2474,3.999999999763E-1);
#2476=CARTESIAN_POINT('',(7.901522724424E0,-3.300579654646E2,4.084247203577E1));
#2477=LINE('',#2476,#2475);
#2478=DIRECTION('',(9.999946573986E-1,-2.857423219890E-4,3.256305505705E-3));
#2479=VECTOR('',#2478,7.819707979605E-1);
#2480=CARTESIAN_POINT('',(7.901522712626E0,-3.304564342724E2,4.080750620622E1));
#2481=LINE('',#2480,#2479);
#2482=DIRECTION('',(5.183610430615E-8,-9.961720194406E-1,-8.741457363426E-2));
#2483=VECTOR('',#2482,3.999999999357E-1);
#2484=CARTESIAN_POINT('',(8.683489312094E0,-3.300581889068E2,4.084501837148E1));
#2485=LINE('',#2484,#2483);
#2486=DIRECTION('',(-1.547828532296E-10,-9.961720235653E-1,-8.741452662971E-2));
#2487=VECTOR('',#2486,3.999999999264E-1);
#2488=CARTESIAN_POINT('',(8.878217677979E0,-3.300412768736E2,4.065228970523E1));
#2489=LINE('',#2488,#2487);
#2490=DIRECTION('',(3.266908744293E-3,8.741410730328E-2,-9.961667034948E-1));
#2491=VECTOR('',#2490,1.250443478546E0);
#2492=CARTESIAN_POINT('',(8.878217677917E0,-3.304397456830E2,4.061732389458E1));
#2493=LINE('',#2492,#2491);
#2494=DIRECTION('',(-1.969091556704E-10,-9.961720246896E-1,-8.741451381718E-2));
#2495=VECTOR('',#2494,3.999999999535E-1);
#2496=CARTESIAN_POINT('',(8.882302762730E0,-3.299319704728E2,3.940663954217E1));
#2497=LINE('',#2496,#2495);
#2498=DIRECTION('',(3.108180380176E-11,9.961720194129E-1,8.741457395025E-2));
#2499=VECTOR('',#2498,3.999999999440E-1);
#2500=CARTESIAN_POINT('',(9.226440980119E0,-3.303269211095E2,3.933158081614E1));
#2501=LINE('',#2500,#2499);
#2502=CARTESIAN_POINT('',(9.726954632992E0,-3.304569558838E2,4.081345046344E1));
#2503=CARTESIAN_POINT('',(9.717180121432E0,-3.304569530907E2,4.081341863414E1));
#2504=CARTESIAN_POINT('',(9.697679922248E0,-3.304568065181E2,4.081174829970E1));
#2505=CARTESIAN_POINT('',(9.659628033206E0,-3.304560331944E2,4.080293554215E1));
#2506=CARTESIAN_POINT('',(9.594534003849E0,-3.304535729886E2,4.077489916256E1));
#2507=CARTESIAN_POINT('',(9.517790836974E0,-3.304479182958E2,4.071045857220E1));
#2508=CARTESIAN_POINT('',(9.479583294562E0,-3.304416213072E2,4.063869841175E1));
#2509=CARTESIAN_POINT('',(9.473014536220E0,-3.304382858400E2,4.060068759796E1));
#2511=CARTESIAN_POINT('',(9.226440980119E0,-3.303269211095E2,3.933158081614E1));
#2512=CARTESIAN_POINT('',(9.219273452939E0,-3.303240206940E2,3.929852782910E1));
#2513=CARTESIAN_POINT('',(9.185651349335E0,-3.303184571432E2,3.923512588796E1));
#2514=CARTESIAN_POINT('',(9.106139605760E0,-3.303154609761E2,3.920098172012E1));
#2515=CARTESIAN_POINT('',(9.041054778032E0,-3.303152658340E2,3.919875789064E1));
#2516=CARTESIAN_POINT('',(8.976651163341E0,-3.303165395102E2,3.921327264026E1));
#2517=CARTESIAN_POINT('',(8.904529826139E0,-3.303211026989E2,3.926527450520E1));
#2518=CARTESIAN_POINT('',(8.882420047435E0,-3.303273009214E2,3.933590913299E1));
#2519=CARTESIAN_POINT('',(8.882302762652E0,-3.303304392826E2,3.937167373665E1));
#2521=CARTESIAN_POINT('',(8.878217677917E0,-3.304397456830E2,4.061732389458E1));
#2522=CARTESIAN_POINT('',(8.878110787660E0,-3.304426056712E2,4.064991617470E1));
#2523=CARTESIAN_POINT('',(8.850972426569E0,-3.304483682848E2,4.071558662370E1));
#2524=CARTESIAN_POINT('',(8.792970832148E0,-3.304533860690E2,4.077276903687E1));
#2525=CARTESIAN_POINT('',(8.739460248890E0,-3.304557715585E2,4.079995395286E1));
#2526=CARTESIAN_POINT('',(8.707982967249E0,-3.304565206512E2,4.080849057503E1));
#2527=CARTESIAN_POINT('',(8.691659876464E0,-3.304566600490E2,4.081007914622E1));
#2528=CARTESIAN_POINT('',(8.683489332828E0,-3.304566577145E2,4.081005254203E1));
#2530=CARTESIAN_POINT('',(7.901522712626E0,-3.304564342724E2,4.080750620622E1));
#2531=CARTESIAN_POINT('',(7.893348408585E0,-3.304564319366E2,4.080747958737E1));
#2532=CARTESIAN_POINT('',(7.877028626730E0,-3.304562830763E2,4.080578318244E1));
#2533=CARTESIAN_POINT('',(7.845594795112E0,-3.304555152863E2,4.079703348736E1));
#2534=CARTESIAN_POINT('',(7.792259930050E0,-3.304530978355E2,4.076948434155E1));
#2535=CARTESIAN_POINT('',(7.734652079154E0,-3.304480465260E2,4.071191987711E1));
#2536=CARTESIAN_POINT('',(7.707966481973E0,-3.304422698240E2,4.064608887649E1));
#2537=CARTESIAN_POINT('',(7.708073304584E0,-3.304394113184E2,4.061351349287E1));
#2539=CARTESIAN_POINT('',(7.719701905281E0,-3.301282626292E2,3.706767891799E1));
#2540=CARTESIAN_POINT('',(7.719808691810E0,-3.301254053953E2,3.703511802654E1));
#2541=CARTESIAN_POINT('',(7.747022300565E0,-3.301196430497E2,3.696945063121E1));
#2542=CARTESIAN_POINT('',(7.805002926147E0,-3.301146280134E2,3.691229953213E1));
#2543=CARTESIAN_POINT('',(7.858519119279E0,-3.301122392290E2,3.688507706709E1));
#2544=CARTESIAN_POINT('',(7.889954789447E0,-3.301114896822E2,3.687653527017E1));
#2545=CARTESIAN_POINT('',(7.906258683827E0,-3.301113501143E2,3.687494476172E1));
#2546=CARTESIAN_POINT('',(7.914419736336E0,-3.301113524459E2,3.687497133258E1));
#2548=CARTESIAN_POINT('',(9.094681976001E0,-3.301116896625E2,3.687881423654E1));
#2549=CARTESIAN_POINT('',(9.104312142937E0,-3.301116924141E2,3.687884559275E1));
#2550=CARTESIAN_POINT('',(9.123528209413E0,-3.301118349239E2,3.688046962786E1));
#2551=CARTESIAN_POINT('',(9.161037515609E0,-3.301125852702E2,3.688902053575E1));
#2552=CARTESIAN_POINT('',(9.225661009531E0,-3.301150025240E2,3.691656743644E1));
#2553=CARTESIAN_POINT('',(9.300651317234E0,-3.301204197888E2,3.697830230942E1));
#2554=CARTESIAN_POINT('',(9.340635652698E0,-3.301267157179E2,3.705005039634E1));
#2555=CARTESIAN_POINT('',(9.347935656828E0,-3.301300143121E2,3.708764100747E1));
#2557=DIRECTION('',(1.899304294455E-1,-8.582341452562E-2,9.780392494628E-1));
#2558=VECTOR('',#2557,1.296845607765E0);
#2559=CARTESIAN_POINT('',(9.347935656828E0,-3.301300143121E2,3.708764100747E1));
#2560=LINE('',#2559,#2558);
#2561=CARTESIAN_POINT('',(9.594246100036E0,-3.302413140303E2,3.835600691235E1));
#2562=CARTESIAN_POINT('',(9.600812512744E0,-3.302442811967E2,3.838982058950E1));
#2563=CARTESIAN_POINT('',(9.632754061472E0,-3.302499260901E2,3.845414950645E1));
#2564=CARTESIAN_POINT('',(9.703926108805E0,-3.302527836297E2,3.848671388181E1));
#2565=CARTESIAN_POINT('',(9.751955707141E0,-3.302532955191E2,3.849254734691E1));
#2566=CARTESIAN_POINT('',(9.785484026250E0,-3.302532648887E2,3.849219828440E1));
#2567=CARTESIAN_POINT('',(9.844012625530E0,-3.302521735877E2,3.847976187345E1));
#2568=CARTESIAN_POINT('',(9.917387391611E0,-3.302475390116E2,3.842694648083E1));
#2569=CARTESIAN_POINT('',(9.939231568606E0,-3.302412947069E2,3.835578670406E1));
#2570=CARTESIAN_POINT('',(9.939346628576E0,-3.302382159224E2,3.832070103306E1));
#2572=CARTESIAN_POINT('',(9.943432154774E0,-3.301288980404E2,3.707492003156E1));
#2573=CARTESIAN_POINT('',(9.943539030754E0,-3.301260384342E2,3.704233210516E1));
#2574=CARTESIAN_POINT('',(9.970676695204E0,-3.301202763539E2,3.697666773156E1));
#2575=CARTESIAN_POINT('',(1.002867790166E1,-3.301152592600E2,3.691949318605E1));
#2576=CARTESIAN_POINT('',(1.008218794496E1,-3.301128739567E2,3.689231039244E1));
#2577=CARTESIAN_POINT('',(1.011366617795E1,-3.301121248918E2,3.688377408702E1));
#2578=CARTESIAN_POINT('',(1.012998968368E1,-3.301119855006E2,3.688218559157E1));
#2579=CARTESIAN_POINT('',(1.013816043514E1,-3.301119878356E2,3.688221220114E1));
#2581=CARTESIAN_POINT('',(1.092012726842E1,-3.301122113140E2,3.688475895038E1));
#2582=CARTESIAN_POINT('',(1.092830178389E1,-3.301122136503E2,3.688478557443E1));
#2583=CARTESIAN_POINT('',(1.094462199095E1,-3.301123625056E2,3.688648192260E1));
#2584=CARTESIAN_POINT('',(1.097605679070E1,-3.301131302712E2,3.689523133891E1));
#2585=CARTESIAN_POINT('',(1.102939100818E1,-3.301155475336E2,3.692277833836E1));
#2586=CARTESIAN_POINT('',(1.108699843003E1,-3.301205981359E2,3.698033474321E1));
#2587=CARTESIAN_POINT('',(1.111368333838E1,-3.301263742875E2,3.704615947199E1));
#2588=CARTESIAN_POINT('',(1.111357653018E1,-3.301292324051E2,3.707873043460E1));
#2590=CARTESIAN_POINT('',(1.110194792674E1,-3.304403811070E2,4.062456515413E1));
#2591=CARTESIAN_POINT('',(1.110184103505E1,-3.304432411335E2,4.065715787022E1));
#2592=CARTESIAN_POINT('',(1.107470377814E1,-3.304490037033E2,4.072282782038E1));
#2593=CARTESIAN_POINT('',(1.101670511665E1,-3.304540215626E2,4.078001108866E1));
#2594=CARTESIAN_POINT('',(1.096319715396E1,-3.304564070163E2,4.080719559777E1));
#2595=CARTESIAN_POINT('',(1.093172203763E1,-3.304571560825E2,4.081573191666E1));
#2596=CARTESIAN_POINT('',(1.091540003159E1,-3.304572954759E2,4.081732043734E1));
#2597=CARTESIAN_POINT('',(1.090723003002E1,-3.304572931415E2,4.081729383464E1));
#2599=DIRECTION('',(1.020151074794E-8,9.961720194234E-1,8.741457383045E-2));
#2600=VECTOR('',#2599,3.999999999737E-1);
#2601=CARTESIAN_POINT('',(9.726954632992E0,-3.304569558838E2,4.081345046344E1));
#2602=LINE('',#2601,#2600);
#2603=DIRECTION('',(1.900190034207E-1,-8.582191632482E-2,9.780221761378E-1));
#2604=VECTOR('',#2603,1.297625772487E0);
#2605=CARTESIAN_POINT('',(9.226440980119E0,-3.303269211095E2,3.933158081614E1));
#2606=LINE('',#2605,#2604);
#2607=DIRECTION('',(-3.006483951088E-12,9.961720194278E-1,8.741457378019E-2));
#2608=VECTOR('',#2607,3.999999999464E-1);
#2609=CARTESIAN_POINT('',(9.473014536220E0,-3.304382858400E2,4.060068759796E1));
#2610=LINE('',#2609,#2608);
#2611=DIRECTION('',(4.373226492513E-7,-9.961719975209E-1,-8.741482342794E-2));
#2612=VECTOR('',#2611,3.999999999576E-1);
#2613=CARTESIAN_POINT('',(1.395123699828E1,-3.299509161132E2,3.962254309321E1));
#2614=LINE('',#2613,#2612);
#2615=DIRECTION('',(-1.651594416921E-9,-9.961720636039E-1,-8.741407034970E-2));
#2616=VECTOR('',#2615,3.999999999671E-1);
#2617=CARTESIAN_POINT('',(1.407253666471E1,-3.299326886373E2,3.941482370844E1));
#2618=LINE('',#2617,#2616);
#2619=DIRECTION('',(3.265962478058E-3,8.741410760383E-2,-9.961667065712E-1));
#2620=VECTOR('',#2619,1.045636186370E0);
#2621=CARTESIAN_POINT('',(1.407253666405E1,-3.303311574627E2,3.937985808030E1));
#2622=LINE('',#2621,#2620);
#2623=DIRECTION('',(-1.274423233658E-8,9.961720200740E-1,8.741456641551E-2));
#2624=VECTOR('',#2623,3.999999999850E-1);
#2625=CARTESIAN_POINT('',(1.395601886770E1,-3.302214576426E2,3.812972453209E1));
#2626=LINE('',#2625,#2624);
#2627=DIRECTION('',(3.271951598892E-9,-9.961719318160E-1,-8.741557219345E-2));
#2628=VECTOR('',#2627,3.999999999580E-1);
#2629=CARTESIAN_POINT('',(1.407595167129E1,-3.298412853359E2,3.837319635313E1));
#2630=LINE('',#2629,#2628);
#2631=DIRECTION('',(-8.676561944686E-1,-4.345943942457E-2,4.952615524399E-1));
#2632=VECTOR('',#2631,2.184093284246E0);
#2633=CARTESIAN_POINT('',(1.395123717321E1,-3.303493849122E2,3.958757716385E1));
#2634=LINE('',#2633,#2632);
#2635=CARTESIAN_POINT('',(1.205619510584E1,-3.304443043819E2,4.066927459448E1));
#2636=CARTESIAN_POINT('',(1.203743249839E1,-3.304452441683E2,4.067998435150E1));
#2637=CARTESIAN_POINT('',(1.199568299479E1,-3.304464581918E2,4.069381930120E1));
#2638=CARTESIAN_POINT('',(1.190955946583E1,-3.304463141870E2,4.069217823007E1));
#2639=CARTESIAN_POINT('',(1.181646977866E1,-3.304414231140E2,4.063643981129E1));
#2640=CARTESIAN_POINT('',(1.178518607281E1,-3.304341327157E2,4.055335880533E1));
#2641=CARTESIAN_POINT('',(1.178532069979E1,-3.304305303334E2,4.051230624092E1));
#2643=CARTESIAN_POINT('',(1.178864432672E1,-3.303415994124E2,3.949885400594E1));
#2644=CARTESIAN_POINT('',(1.178873477292E1,-3.303391793764E2,3.947127540019E1));
#2645=CARTESIAN_POINT('',(1.180116823694E1,-3.303342608061E2,3.941522362230E1));
#2646=CARTESIAN_POINT('',(1.184344685651E1,-3.303279209970E2,3.934297548248E1));
#2647=CARTESIAN_POINT('',(1.188628500454E1,-3.303245518702E2,3.930458108577E1));
#2648=CARTESIAN_POINT('',(1.191033113068E1,-3.303233525880E2,3.929091412769E1));
#2650=DIRECTION('',(8.686041385570E-1,4.331450352382E-2,-4.936098705113E-1));
#2651=VECTOR('',#2650,6.740706038052E-1);
#2652=CARTESIAN_POINT('',(1.191033113068E1,-3.303233525880E2,3.929091412769E1));
#2653=LINE('',#2652,#2651);
#2654=CARTESIAN_POINT('',(1.249583164682E1,-3.302941555545E2,3.895818622423E1));
#2655=CARTESIAN_POINT('',(1.251210322295E1,-3.302933443764E2,3.894894207944E1));
#2656=CARTESIAN_POINT('',(1.253592335131E1,-3.302902132255E2,3.891325964339E1));
#2657=CARTESIAN_POINT('',(1.254459349477E1,-3.302850393088E2,3.885429795266E1));
#2658=CARTESIAN_POINT('',(1.253645199103E1,-3.302798539382E2,3.879520573503E1));
#2659=CARTESIAN_POINT('',(1.251292665766E1,-3.302766893123E2,3.875914182038E1));
#2660=CARTESIAN_POINT('',(1.249663041766E1,-3.302758641713E2,3.874973855531E1));
#2662=DIRECTION('',(-8.653165108345E-1,4.381444256673E-2,-4.993071506596E-1));
#2663=VECTOR('',#2662,6.742286122654E-1);
#2664=CARTESIAN_POINT('',(1.249663041766E1,-3.302758641713E2,3.874973855531E1));
#2665=LINE('',#2664,#2663);
#2666=CARTESIAN_POINT('',(1.191320926739E1,-3.302463232205E2,3.841309138803E1));
#2667=CARTESIAN_POINT('',(1.188925315556E1,-3.302451102243E2,3.839926814552E1));
#2668=CARTESIAN_POINT('',(1.184666903548E1,-3.302417165656E2,3.836059418371E1));
#2669=CARTESIAN_POINT('',(1.180486412488E1,-3.302353527955E2,3.828807298501E1));
#2670=CARTESIAN_POINT('',(1.179280043106E1,-3.302304272043E2,3.823194119944E1));
#2671=CARTESIAN_POINT('',(1.179289078731E1,-3.302280071843E2,3.820436277524E1));
#2673=CARTESIAN_POINT('',(1.179621338950E1,-3.301390762451E2,3.719091033231E1));
#2674=CARTESIAN_POINT('',(1.179635379161E1,-3.301353195590E2,3.714809932951E1));
#2675=CARTESIAN_POINT('',(1.183038617359E1,-3.301278695971E2,3.706319994412E1));
#2676=CARTESIAN_POINT('',(1.192635719770E1,-3.301232732965E2,3.701082073772E1));
#2677=CARTESIAN_POINT('',(1.201047967569E1,-3.301233326715E2,3.701149737152E1));
#2678=CARTESIAN_POINT('',(1.205020509370E1,-3.301245467453E2,3.702533289548E1));
#2679=CARTESIAN_POINT('',(1.206811163560E1,-3.301254572921E2,3.703570943961E1));
#2681=DIRECTION('',(8.643880788733E-1,-4.395425641333E-2,5.009004616137E-1));
#2682=VECTOR('',#2681,2.184096794302E0);
#2683=CARTESIAN_POINT('',(1.206811163560E1,-3.301254572921E2,3.703570943961E1));
#2684=LINE('',#2683,#2682);
#2685=CARTESIAN_POINT('',(1.395601886770E1,-3.302214576426E2,3.812972453209E1));
#2686=CARTESIAN_POINT('',(1.397990868165E1,-3.302226724431E2,3.814356833672E1));
#2687=CARTESIAN_POINT('',(1.402236221550E1,-3.302260648121E2,3.818222759981E1));
#2688=CARTESIAN_POINT('',(1.406402905867E1,-3.302324211628E2,3.825466424766E1));
#2689=CARTESIAN_POINT('',(1.407604187777E1,-3.302373381947E2,3.831069849330E1));
#2690=CARTESIAN_POINT('',(1.407595167260E1,-3.302397541086E2,3.833823012425E1));
#2692=CARTESIAN_POINT('',(1.407253666405E1,-3.303311574627E2,3.937985808030E1));
#2693=CARTESIAN_POINT('',(1.407244637126E1,-3.303335733889E2,3.940738985204E1));
#2694=CARTESIAN_POINT('',(1.406006443946E1,-3.303384834218E2,3.946334433708E1));
#2695=CARTESIAN_POINT('',(1.401792452673E1,-3.303448158837E2,3.953550874902E1));
#2696=CARTESIAN_POINT('',(1.397521713619E1,-3.303481837933E2,3.957388927340E1));
#2697=CARTESIAN_POINT('',(1.395123717321E1,-3.303493849122E2,3.958757716385E1));
#2699=DIRECTION('',(-1.634692381594E-10,-9.961720238944E-1,-8.741452287891E-2));
#2700=VECTOR('',#2699,3.999999999668E-1);
#2701=CARTESIAN_POINT('',(1.178532069985E1,-3.300320615239E2,4.054727205007E1));
#2702=LINE('',#2701,#2700);
#2703=DIRECTION('',(1.796867721390E-7,9.961720284260E-1,8.741447123625E-2));
#2704=VECTOR('',#2703,3.999999999759E-1);
#2705=CARTESIAN_POINT('',(1.205619510584E1,-3.304443043819E2,4.066927459448E1));
#2706=LINE('',#2705,#2704);
#2707=DIRECTION('',(-3.266938857084E-3,-8.741410729310E-2,9.961667033969E-1));
#2708=VECTOR('',#2707,1.017352047130E0);
#2709=CARTESIAN_POINT('',(1.178864432672E1,-3.303415994124E2,3.949885400594E1));
#2710=LINE('',#2709,#2708);
#2711=DIRECTION('',(-1.111422065518E-10,9.961720164732E-1,8.741460745016E-2));
#2712=VECTOR('',#2711,3.999999999904E-1);
#2713=CARTESIAN_POINT('',(1.178864432672E1,-3.303415994124E2,3.949885400594E1));
#2714=LINE('',#2713,#2712);
#2715=DIRECTION('',(-2.668297322732E-5,-9.961733496001E-1,-8.739940980669E-2));
#2716=VECTOR('',#2715,4.000000001208E-1);
#2717=CARTESIAN_POINT('',(1.191034180387E1,-3.299248832481E2,3.932587389162E1));
#2718=LINE('',#2717,#2716);
#2719=DIRECTION('',(-1.588621950413E-5,-9.961728113976E-1,-8.740554661938E-2));
#2720=VECTOR('',#2719,4.000000000048E-1);
#2721=CARTESIAN_POINT('',(1.249583800131E1,-3.298956864299E2,3.899314844288E1));
#2722=LINE('',#2721,#2720);
#2723=DIRECTION('',(-1.969630503309E-7,-9.961720094527E-1,-8.741468745573E-2));
#2724=VECTOR('',#2723,3.999999999657E-1);
#2725=CARTESIAN_POINT('',(1.249663049644E1,-3.298773953676E2,3.878470443029E1));
#2726=LINE('',#2725,#2724);
#2727=DIRECTION('',(3.318165964285E-7,9.961720026245E-1,8.741476526826E-2));
#2728=VECTOR('',#2727,3.999999999918E-1);
#2729=CARTESIAN_POINT('',(1.191320926739E1,-3.302463232205E2,3.841309138803E1));
#2730=LINE('',#2729,#2728);
#2731=DIRECTION('',(-3.354649891391E-9,-9.961721091930E-1,-8.741355081417E-2));
#2732=VECTOR('',#2731,3.999999999782E-1);
#2733=CARTESIAN_POINT('',(1.179289078865E1,-3.298295383407E2,3.823932819557E1));
#2734=LINE('',#2733,#2732);
#2735=DIRECTION('',(-3.265930936436E-3,-8.741410761313E-2,9.961667066738E-1));
#2736=VECTOR('',#2735,1.017352252538E0);
#2737=CARTESIAN_POINT('',(1.179621338950E1,-3.301390762451E2,3.719091033231E1));
#2738=LINE('',#2737,#2736);
#2739=DIRECTION('',(-1.421955886483E-9,9.961719813571E-1,8.741500763039E-2));
#2740=VECTOR('',#2739,3.999999999687E-1);
#2741=CARTESIAN_POINT('',(1.179621338950E1,-3.301390762451E2,3.719091033231E1));
#2742=LINE('',#2741,#2740);
#2743=DIRECTION('',(-5.760303701074E-7,-9.961719901344E-1,-8.741490760344E-2));
#2744=VECTOR('',#2743,3.999999999738E-1);
#2745=CARTESIAN_POINT('',(1.206811186601E1,-3.297269884961E2,3.707067540265E1));
#2746=LINE('',#2745,#2744);
#2747=CARTESIAN_POINT('',(8.972918294048E1,-3.335516782957E2,4.643527029555E1));
#2748=CARTESIAN_POINT('',(-8.727081705952E1,-3.335516782957E2,
4.643527029390E1));
#2749=VERTEX_POINT('',#2747);
#2750=VERTEX_POINT('',#2748);
#2751=CARTESIAN_POINT('',(-8.727081705953E1,-3.300974241012E2,
4.714616480238E1));
#2752=CARTESIAN_POINT('',(-8.727081705952E1,-3.258742814185E2,
4.741711270919E1));
#2753=VERTEX_POINT('',#2751);
#2754=VERTEX_POINT('',#2752);
#2755=CARTESIAN_POINT('',(-8.727081705951E1,-3.263560783249E2,
5.290764565392E1));
#2756=VERTEX_POINT('',#2755);
#2757=CARTESIAN_POINT('',(-8.727081705950E1,-3.268861774572E2,
5.336291247385E1));
#2758=VERTEX_POINT('',#2757);
#2759=CARTESIAN_POINT('',(-8.727081705952E1,-3.326088749326E2,
5.299575630115E1));
#2760=VERTEX_POINT('',#2759);
#2761=CARTESIAN_POINT('',(-8.727081705952E1,-3.432555860276E2,
5.231268582378E1));
#2762=CARTESIAN_POINT('',(-8.727081705952E1,-3.453650153591E2,
5.217734929707E1));
#2763=VERTEX_POINT('',#2761);
#2764=VERTEX_POINT('',#2762);
#2765=CARTESIAN_POINT('',(-8.727081705952E1,-3.458310882448E2,
5.163466790267E1));
#2766=CARTESIAN_POINT('',(-8.727081705952E1,-3.453513421293E2,
4.616750566725E1));
#2767=VERTEX_POINT('',#2765);
#2768=VERTEX_POINT('',#2766);
#2769=CARTESIAN_POINT('',(-8.727081705952E1,-3.340817774301E2,
4.689053711513E1));
#2770=VERTEX_POINT('',#2769);
#2771=CARTESIAN_POINT('',(8.972918294048E1,-3.340817774271E2,4.689053711557E1));
#2772=VERTEX_POINT('',#2771);
#2773=CARTESIAN_POINT('',(8.972918294048E1,-3.453513421293E2,4.616750566725E1));
#2774=VERTEX_POINT('',#2773);
#2775=CARTESIAN_POINT('',(8.972918294048E1,-3.458310882448E2,5.163466790233E1));
#2776=VERTEX_POINT('',#2775);
#2777=CARTESIAN_POINT('',(8.972918294048E1,-3.453650153591E2,5.217734929707E1));
#2778=CARTESIAN_POINT('',(8.972918294048E1,-3.432555860276E2,5.231268582378E1));
#2779=VERTEX_POINT('',#2777);
#2780=VERTEX_POINT('',#2778);
#2781=CARTESIAN_POINT('',(8.972918294048E1,-3.326088749324E2,5.299575630117E1));
#2782=CARTESIAN_POINT('',(8.972918294049E1,-3.268861774591E2,5.336291247359E1));
#2783=VERTEX_POINT('',#2781);
#2784=VERTEX_POINT('',#2782);
#2785=CARTESIAN_POINT('',(8.972918294050E1,-3.263560783249E2,5.290764565190E1));
#2786=VERTEX_POINT('',#2785);
#2787=CARTESIAN_POINT('',(8.972918294048E1,-3.258742814185E2,4.741711270919E1));
#2788=VERTEX_POINT('',#2787);
#2789=CARTESIAN_POINT('',(8.972918294047E1,-3.300974240947E2,4.714616480228E1));
#2790=VERTEX_POINT('',#2789);
#2791=CARTESIAN_POINT('',(8.972918294048E1,-3.426869559865E2,5.199475991892E1));
#2792=CARTESIAN_POINT('',(-8.727081705952E1,-3.426869559866E2,
5.199475991901E1));
#2793=VERTEX_POINT('',#2791);
#2794=VERTEX_POINT('',#2792);
#2795=CARTESIAN_POINT('',(-8.727081705952E1,-3.331322152589E2,
5.260777188775E1));
#2796=CARTESIAN_POINT('',(8.972918294048E1,-3.331322152589E2,5.260777188773E1));
#2797=VERTEX_POINT('',#2795);
#2798=VERTEX_POINT('',#2796);
#2799=CARTESIAN_POINT('',(-8.727081705953E1,-3.305634969860E2,
4.660348343666E1));
#2800=CARTESIAN_POINT('',(8.972918294047E1,-3.305634969802E2,4.660348337703E1));
#2801=VERTEX_POINT('',#2799);
#2802=VERTEX_POINT('',#2800);
#2803=CARTESIAN_POINT('',(8.972918294048E1,-3.321516342792E2,3.048044017239E1));
#2804=CARTESIAN_POINT('',(-8.727081705952E1,-3.321516342792E2,
3.048044017239E1));
#2805=VERTEX_POINT('',#2803);
#2806=VERTEX_POINT('',#2804);
#2807=CARTESIAN_POINT('',(-8.727081705952E1,-3.291655037576E2,
3.067202399416E1));
#2808=VERTEX_POINT('',#2807);
#2809=CARTESIAN_POINT('',(8.972918294048E1,-3.291655037576E2,3.067202399416E1));
#2810=VERTEX_POINT('',#2809);
#2811=CARTESIAN_POINT('',(4.774768748296E1,-3.321493755965E2,3.664871200843E1));
#2812=CARTESIAN_POINT('',(4.971067839801E1,-3.321493755965E2,3.664871200843E1));
#2813=VERTEX_POINT('',#2811);
#2814=VERTEX_POINT('',#2812);
#2815=CARTESIAN_POINT('',(5.005708855959E1,-3.321668585113E2,3.684794641226E1));
#2816=CARTESIAN_POINT('',(5.103858401726E1,-3.323154632867E2,3.854143884538E1));
#2817=VERTEX_POINT('',#2815);
#2818=VERTEX_POINT('',#2816);
#2819=CARTESIAN_POINT('',(5.103858401725E1,-3.323504291163E2,3.893990765310E1));
#2820=CARTESIAN_POINT('',(5.005708855959E1,-3.324990338918E2,4.063340008619E1));
#2821=VERTEX_POINT('',#2819);
#2822=VERTEX_POINT('',#2820);
#2823=CARTESIAN_POINT('',(4.971067839814E1,-3.325165168065E2,4.083263449002E1));
#2824=CARTESIAN_POINT('',(4.774768748282E1,-3.325165168065E2,4.083263449002E1));
#2825=VERTEX_POINT('',#2823);
#2826=VERTEX_POINT('',#2824);
#2827=CARTESIAN_POINT('',(4.740127732140E1,-3.324990338917E2,4.063340008622E1));
#2828=CARTESIAN_POINT('',(4.641978186369E1,-3.323504291162E2,3.893990765306E1));
#2829=VERTEX_POINT('',#2827);
#2830=VERTEX_POINT('',#2828);
#2831=CARTESIAN_POINT('',(4.641978186373E1,-3.323154632867E2,3.854143884534E1));
#2832=CARTESIAN_POINT('',(4.740127732136E1,-3.321668585113E2,3.684794641230E1));
#2833=VERTEX_POINT('',#2831);
#2834=VERTEX_POINT('',#2832);
#2835=CARTESIAN_POINT('',(4.757918294048E1,-3.323329462015E2,3.874067324923E1));
#2836=CARTESIAN_POINT('',(4.987918294048E1,-3.323329462015E2,3.874067324923E1));
#2837=VERTEX_POINT('',#2835);
#2838=VERTEX_POINT('',#2836);
#2839=CARTESIAN_POINT('',(4.757918294048E1,-3.340677268667E2,3.858844541154E1));
#2840=VERTEX_POINT('',#2839);
#2841=CARTESIAN_POINT('',(4.987918294048E1,-3.340677268667E2,3.858844541154E1));
#2842=VERTEX_POINT('',#2841);
#2843=CARTESIAN_POINT('',(-4.832081705952E1,-3.340677268667E2,
3.858844541154E1));
#2844=CARTESIAN_POINT('',(-4.422081705952E1,-3.340677268667E2,
3.858844541154E1));
#2845=VERTEX_POINT('',#2843);
#2846=VERTEX_POINT('',#2844);
#2847=CARTESIAN_POINT('',(-4.742081705952E1,-3.340677268667E2,
3.858844541154E1));
#2848=CARTESIAN_POINT('',(-4.512081705952E1,-3.340677268667E2,
3.858844541154E1));
#2849=VERTEX_POINT('',#2847);
#2850=VERTEX_POINT('',#2848);
#2851=CARTESIAN_POINT('',(4.667918294048E1,-3.340677268667E2,3.858844541154E1));
#2852=CARTESIAN_POINT('',(5.077918294048E1,-3.340677268667E2,3.858844541154E1));
#2853=VERTEX_POINT('',#2851);
#2854=VERTEX_POINT('',#2852);
#2855=CARTESIAN_POINT('',(-4.512081705952E1,-3.323329462015E2,
3.874067324923E1));
#2856=VERTEX_POINT('',#2855);
#2857=CARTESIAN_POINT('',(-4.742081705952E1,-3.323329462015E2,
3.874067324923E1));
#2858=VERTEX_POINT('',#2857);
#2859=CARTESIAN_POINT('',(-4.494291144041E1,-3.321668585113E2,
3.684794641227E1));
#2860=CARTESIAN_POINT('',(-4.396141598275E1,-3.323154632867E2,
3.854143884536E1));
#2861=VERTEX_POINT('',#2859);
#2862=VERTEX_POINT('',#2860);
#2863=CARTESIAN_POINT('',(-4.396141598275E1,-3.323504291163E2,
3.893990765310E1));
#2864=CARTESIAN_POINT('',(-4.494291144041E1,-3.324990338918E2,
4.063340008619E1));
#2865=VERTEX_POINT('',#2863);
#2866=VERTEX_POINT('',#2864);
#2867=CARTESIAN_POINT('',(-4.528932160186E1,-3.325165168065E2,
4.083263449002E1));
#2868=CARTESIAN_POINT('',(-4.725231251718E1,-3.325165168065E2,
4.083263449002E1));
#2869=VERTEX_POINT('',#2867);
#2870=VERTEX_POINT('',#2868);
#2871=CARTESIAN_POINT('',(-4.759872267860E1,-3.324990338917E2,
4.063340008622E1));
#2872=CARTESIAN_POINT('',(-4.858021813631E1,-3.323504291162E2,
3.893990765306E1));
#2873=VERTEX_POINT('',#2871);
#2874=VERTEX_POINT('',#2872);
#2875=CARTESIAN_POINT('',(-4.858021813627E1,-3.323154632867E2,
3.854143884534E1));
#2876=CARTESIAN_POINT('',(-4.759872267864E1,-3.321668585113E2,
3.684794641230E1));
#2877=VERTEX_POINT('',#2875);
#2878=VERTEX_POINT('',#2876);
#2879=CARTESIAN_POINT('',(-4.725231251704E1,-3.321493755965E2,
3.664871200843E1));
#2880=CARTESIAN_POINT('',(-4.528932160199E1,-3.321493755965E2,
3.664871200843E1));
#2881=VERTEX_POINT('',#2879);
#2882=VERTEX_POINT('',#2880);
#2883=CARTESIAN_POINT('',(-1.143950251992E1,-3.304510435491E2,
4.074607379962E1));
#2884=CARTESIAN_POINT('',(-1.046170731649E1,-3.304513229487E2,
4.074925782316E1));
#2885=VERTEX_POINT('',#2883);
#2886=VERTEX_POINT('',#2884);
#2887=VERTEX_POINT('',#1565);
#2888=CARTESIAN_POINT('',(-1.026233527291E1,-3.303098991915E2,
3.913759990688E1));
#2889=VERTEX_POINT('',#2888);
#2890=VERTEX_POINT('',#1553);
#2891=CARTESIAN_POINT('',(-9.588249765257E0,-3.304346048614E2,
4.055873935336E1));
#2892=VERTEX_POINT('',#2891);
#2893=VERTEX_POINT('',#1544);
#2894=CARTESIAN_POINT('',(-8.417015580913E0,-3.304519072130E2,
4.075591606854E1));
#2895=VERTEX_POINT('',#2894);
#2896=VERTEX_POINT('',#1535);
#2897=CARTESIAN_POINT('',(-8.215193635681E0,-3.302448839623E2,
3.839668967452E1));
#2898=VERTEX_POINT('',#2897);
#2899=VERTEX_POINT('',#1528);
#2900=VERTEX_POINT('',#1482);
#2901=CARTESIAN_POINT('',(-1.162585748510E1,-3.302439112027E2,
3.838560415558E1));
#2902=VERTEX_POINT('',#2901);
#2903=VERTEX_POINT('',#1489);
#2904=CARTESIAN_POINT('',(-1.064121022993E1,-3.301815518750E2,
3.767496044122E1));
#2905=VERTEX_POINT('',#2904);
#2906=CARTESIAN_POINT('',(-1.060098597488E1,-3.301755072006E2,
3.760607564093E1));
#2907=VERTEX_POINT('',#2906);
#2908=CARTESIAN_POINT('',(-1.059902998340E1,-3.301231713173E2,
3.700965858681E1));
#2909=VERTEX_POINT('',#2908);
#2910=VERTEX_POINT('',#1507);
#2911=CARTESIAN_POINT('',(-9.426516942189E0,-3.301065405084E2,
3.682013473861E1));
#2912=VERTEX_POINT('',#2911);
#2913=VERTEX_POINT('',#1517);
#2914=CARTESIAN_POINT('',(-9.235022712806E0,-3.301758834975E2,
3.761036390083E1));
#2915=VERTEX_POINT('',#2914);
#2916=CARTESIAN_POINT('',(-9.195265125557E0,-3.301819503188E2,
3.767950108712E1));
#2917=VERTEX_POINT('',#2916);
#2918=CARTESIAN_POINT('',(-4.323411155128E0,-3.304530787739E2,
4.076926711669E1));
#2919=CARTESIAN_POINT('',(-5.301206359554E0,-3.304527993743E2,
4.076608309336E1));
#2920=VERTEX_POINT('',#2918);
#2921=VERTEX_POINT('',#2919);
#2922=VERTEX_POINT('',#1789);
#2923=CARTESIAN_POINT('',(-4.117064852233E0,-3.301250235180E2,
3.703076617231E1));
#2924=VERTEX_POINT('',#2923);
#2925=VERTEX_POINT('',#1780);
#2926=CARTESIAN_POINT('',(-5.288288647929E0,-3.301077229965E2,
3.683361031215E1));
#2927=VERTEX_POINT('',#2926);
#2928=VERTEX_POINT('',#1771);
#2929=CARTESIAN_POINT('',(-5.486416283734E0,-3.302155716025E2,
3.806264751881E1));
#2930=VERTEX_POINT('',#2929);
#2931=VERTEX_POINT('',#1759);
#2932=CARTESIAN_POINT('',(-6.161756571886E0,-3.301244392541E2,
3.702410792968E1));
#2933=VERTEX_POINT('',#2932);
#2934=VERTEX_POINT('',#1750);
#2935=VERTEX_POINT('',#1705);
#2936=CARTESIAN_POINT('',(-5.491257342368E0,-3.303448398455E2,
3.953578181557E1));
#2937=VERTEX_POINT('',#2936);
#2938=VERTEX_POINT('',#1717);
#2939=CARTESIAN_POINT('',(-6.173405948462E0,-3.304355842955E2,
4.056990093473E1));
#2940=VERTEX_POINT('',#2939);
#2941=VERTEX_POINT('',#1726);
#2942=CARTESIAN_POINT('',(-7.345898098668E0,-3.304522151101E2,
4.075942484799E1));
#2943=VERTEX_POINT('',#2942);
#2944=VERTEX_POINT('',#1735);
#2945=CARTESIAN_POINT('',(-7.527729561750E0,-3.301240489312E2,
3.701965983024E1));
#2946=VERTEX_POINT('',#2945);
#2947=VERTEX_POINT('',#1744);
#2948=CARTESIAN_POINT('',(-2.285307556308E0,-3.304537884119E2,
4.077735411476E1));
#2949=CARTESIAN_POINT('',(-1.196715122749E0,-3.304540994734E2,
4.078089895619E1));
#2950=VERTEX_POINT('',#2948);
#2951=VERTEX_POINT('',#2949);
#2952=VERTEX_POINT('',#1962);
#2953=CARTESIAN_POINT('',(-1.659825269831E-1,-3.304094959138E2,
4.027259906875E1));
#2954=VERTEX_POINT('',#2953);
#2955=VERTEX_POINT('',#1951);
#2956=CARTESIAN_POINT('',(-2.341944147139E-2,-3.301261927684E2,
3.704409089035E1));
#2957=VERTEX_POINT('',#2956);
#2958=VERTEX_POINT('',#1942);
#2959=CARTESIAN_POINT('',(-1.194648893980E0,-3.301088917730E2,
3.684692962937E1));
#2960=VERTEX_POINT('',#2959);
#2961=VERTEX_POINT('',#1896);
#2962=CARTESIAN_POINT('',(-3.315271205523E0,-3.304084274885E2,
4.026042334813E1));
#2963=VERTEX_POINT('',#2962);
#2964=VERTEX_POINT('',#1907);
#2965=CARTESIAN_POINT('',(-3.438607658620E0,-3.302462510419E2,
3.841226884338E1));
#2966=VERTEX_POINT('',#2965);
#2967=VERTEX_POINT('',#1914);
#2968=CARTESIAN_POINT('',(-2.534161272451E0,-3.301879117267E2,
3.774743698659E1));
#2969=VERTEX_POINT('',#2968);
#2970=VERTEX_POINT('',#1926);
#2971=CARTESIAN_POINT('',(-1.471478769080E0,-3.301821566601E2,
3.768185254135E1));
#2972=VERTEX_POINT('',#2971);
#2973=CARTESIAN_POINT('',(-1.391217794394E0,-3.301751864250E2,
3.760242009788E1));
#2974=VERTEX_POINT('',#2973);
#2975=CARTESIAN_POINT('',(-1.389372159123E0,-3.301258033164E2,
3.703965271504E1));
#2976=VERTEX_POINT('',#2975);
#2977=VERTEX_POINT('',#1970);
#2978=VERTEX_POINT('',#1982);
#2979=CARTESIAN_POINT('',(-1.358396481158E0,-3.299196455577E2,
3.926618544025E1));
#2980=VERTEX_POINT('',#2979);
#2981=VERTEX_POINT('',#2062);
#2982=CARTESIAN_POINT('',(2.659887626251E0,-3.304420225853E2,4.064327135684E1));
#2983=CARTESIAN_POINT('',(7.719803812442E-1,-3.303460222375E2,
3.954925629519E1));
#2984=VERTEX_POINT('',#2982);
#2985=VERTEX_POINT('',#2983);
#2986=VERTEX_POINT('',#2164);
#2987=CARTESIAN_POINT('',(2.935108455843E0,-3.303394726953E2,3.947461804702E1));
#2988=VERTEX_POINT('',#2987);
#2989=VERTEX_POINT('',#2157);
#2990=CARTESIAN_POINT('',(2.231368825794E0,-3.302916157085E2,3.892924226861E1));
#2991=VERTEX_POINT('',#2990);
#2992=VERTEX_POINT('',#2145);
#2993=CARTESIAN_POINT('',(2.817668628699E0,-3.302441273713E2,3.838806760225E1));
#2994=VERTEX_POINT('',#2993);
#2995=VERTEX_POINT('',#2113);
#2996=CARTESIAN_POINT('',(6.554625790755E-1,-3.302363224173E2,
3.829912274499E1));
#2997=VERTEX_POINT('',#2996);
#2998=VERTEX_POINT('',#2120);
#2999=CARTESIAN_POINT('',(2.671804142309E0,-3.301231754976E2,3.700970622638E1));
#3000=VERTEX_POINT('',#2999);
#3001=VERTEX_POINT('',#2132);
#3002=CARTESIAN_POINT('',(2.939354916430E0,-3.302258804675E2,3.818012681843E1));
#3003=VERTEX_POINT('',#3002);
#3004=CARTESIAN_POINT('',(5.852583132219E0,-3.304558459283E2,4.080080146725E1));
#3005=CARTESIAN_POINT('',(6.830357741046E0,-3.304561253220E2,4.080398542351E1));
#3006=VERTEX_POINT('',#3004);
#3007=VERTEX_POINT('',#3005);
#3008=VERTEX_POINT('',#2309);
#3009=CARTESIAN_POINT('',(7.034925922607E0,-3.301757645158E2,3.760900799213E1));
#3010=VERTEX_POINT('',#3009);
#3011=VERTEX_POINT('',#2302);
#3012=VERTEX_POINT('',#2243);
#3013=CARTESIAN_POINT('',(5.666522526750E0,-3.302409732347E2,3.835212322286E1));
#3014=VERTEX_POINT('',#3013);
#3015=VERTEX_POINT('',#2255);
#3016=CARTESIAN_POINT('',(4.980384695163E0,-3.304386303801E2,4.060461395891E1));
#3017=VERTEX_POINT('',#3016);
#3018=VERTEX_POINT('',#2264);
#3019=CARTESIAN_POINT('',(3.807871056020E0,-3.304552616582E2,4.079414315566E1));
#3020=VERTEX_POINT('',#3019);
#3021=VERTEX_POINT('',#2273);
#3022=CARTESIAN_POINT('',(3.624262141095E0,-3.301747899331E2,3.759790169742E1));
#3023=VERTEX_POINT('',#3022);
#3024=VERTEX_POINT('',#2280);
#3025=CARTESIAN_POINT('',(4.528699273390E0,-3.301164487498E2,3.693304855116E1));
#3026=VERTEX_POINT('',#3025);
#3027=VERTEX_POINT('',#2292);
#3028=CARTESIAN_POINT('',(5.876315172203E0,-3.301107769679E2,3.686841321442E1));
#3029=VERTEX_POINT('',#3028);
#3030=VERTEX_POINT('',#2300);
#3031=CARTESIAN_POINT('',(9.726954632992E0,-3.304569558838E2,4.081345046344E1));
#3032=CARTESIAN_POINT('',(1.090723003002E1,-3.304572931415E2,4.081729383464E1));
#3033=VERTEX_POINT('',#3031);
#3034=VERTEX_POINT('',#3032);
#3035=VERTEX_POINT('',#2590);
#3036=CARTESIAN_POINT('',(1.111357653018E1,-3.301292324051E2,3.707873043460E1));
#3037=VERTEX_POINT('',#3036);
#3038=VERTEX_POINT('',#2581);
#3039=CARTESIAN_POINT('',(1.013816043514E1,-3.301119878356E2,3.688221220114E1));
#3040=VERTEX_POINT('',#3039);
#3041=VERTEX_POINT('',#2572);
#3042=CARTESIAN_POINT('',(9.939346628576E0,-3.302382159224E2,3.832070103306E1));
#3043=VERTEX_POINT('',#3042);
#3044=VERTEX_POINT('',#2561);
#3045=CARTESIAN_POINT('',(9.347935656828E0,-3.301300143121E2,3.708764100747E1));
#3046=VERTEX_POINT('',#3045);
#3047=VERTEX_POINT('',#2548);
#3048=CARTESIAN_POINT('',(7.914419736336E0,-3.301113524459E2,3.687497133258E1));
#3049=VERTEX_POINT('',#3048);
#3050=VERTEX_POINT('',#2539);
#3051=CARTESIAN_POINT('',(7.708073304584E0,-3.304394113184E2,4.061351349287E1));
#3052=VERTEX_POINT('',#3051);
#3053=VERTEX_POINT('',#2530);
#3054=CARTESIAN_POINT('',(8.683489332828E0,-3.304566577145E2,4.081005254203E1));
#3055=VERTEX_POINT('',#3054);
#3056=VERTEX_POINT('',#2521);
#3057=CARTESIAN_POINT('',(8.882302762652E0,-3.303304392826E2,3.937167373665E1));
#3058=VERTEX_POINT('',#3057);
#3059=VERTEX_POINT('',#2511);
#3060=VERTEX_POINT('',#2509);
#3061=CARTESIAN_POINT('',(1.395123717321E1,-3.303493849122E2,3.958757716385E1));
#3062=CARTESIAN_POINT('',(1.205619510584E1,-3.304443043819E2,4.066927459448E1));
#3063=VERTEX_POINT('',#3061);
#3064=VERTEX_POINT('',#3062);
#3065=VERTEX_POINT('',#2692);
#3066=CARTESIAN_POINT('',(1.407595167260E1,-3.302397541086E2,3.833823012425E1));
#3067=VERTEX_POINT('',#3066);
#3068=VERTEX_POINT('',#2685);
#3069=CARTESIAN_POINT('',(1.206811163560E1,-3.301254572921E2,3.703570943961E1));
#3070=VERTEX_POINT('',#3069);
#3071=VERTEX_POINT('',#2641);
#3072=CARTESIAN_POINT('',(1.178864432672E1,-3.303415994124E2,3.949885400594E1));
#3073=VERTEX_POINT('',#3072);
#3074=VERTEX_POINT('',#2648);
#3075=CARTESIAN_POINT('',(1.249583164682E1,-3.302941555545E2,3.895818622423E1));
#3076=VERTEX_POINT('',#3075);
#3077=VERTEX_POINT('',#2660);
#3078=CARTESIAN_POINT('',(1.191320926739E1,-3.302463232205E2,3.841309138803E1));
#3079=VERTEX_POINT('',#3078);
#3080=VERTEX_POINT('',#2671);
#3081=CARTESIAN_POINT('',(1.179621338950E1,-3.301390762451E2,3.719091033231E1));
#3082=VERTEX_POINT('',#3081);
#3083=CARTESIAN_POINT('',(-4.422081705952E1,-3.328723204434E2,
3.869334290010E1));
#3084=CARTESIAN_POINT('',(-4.832081705952E1,-3.328723204434E2,
3.869334290011E1));
#3085=VERTEX_POINT('',#3083);
#3086=VERTEX_POINT('',#3084);
#3087=CARTESIAN_POINT('',(5.077918294048E1,-3.328723204434E2,3.869334290010E1));
#3088=CARTESIAN_POINT('',(4.667918294048E1,-3.328723204434E2,3.869334290011E1));
#3089=VERTEX_POINT('',#3087);
#3090=VERTEX_POINT('',#3088);
#3091=CARTESIAN_POINT('',(4.641978186373E1,-3.299098076687E2,3.915407335892E1));
#3092=CARTESIAN_POINT('',(4.740127732135E1,-3.300584124442E2,4.084756579194E1));
#3093=VERTEX_POINT('',#3091);
#3094=VERTEX_POINT('',#3092);
#3095=CARTESIAN_POINT('',(4.971067839811E1,-3.300758953589E2,4.104680019583E1));
#3096=CARTESIAN_POINT('',(4.774768748286E1,-3.300758953589E2,4.104680019583E1));
#3097=VERTEX_POINT('',#3095);
#3098=VERTEX_POINT('',#3096);
#3099=CARTESIAN_POINT('',(5.005708855962E1,-3.300584124442E2,4.084756579195E1));
#3100=CARTESIAN_POINT('',(5.103858401724E1,-3.299098076687E2,3.915407335892E1));
#3101=VERTEX_POINT('',#3099);
#3102=VERTEX_POINT('',#3100);
#3103=CARTESIAN_POINT('',(5.103858401724E1,-3.298748418392E2,3.875560455115E1));
#3104=CARTESIAN_POINT('',(5.005708855962E1,-3.297262370637E2,3.706211211813E1));
#3105=VERTEX_POINT('',#3103);
#3106=VERTEX_POINT('',#3104);
#3107=CARTESIAN_POINT('',(4.774768748286E1,-3.297087541490E2,3.686287771424E1));
#3108=CARTESIAN_POINT('',(4.971067839811E1,-3.297087541490E2,3.686287771424E1));
#3109=VERTEX_POINT('',#3107);
#3110=VERTEX_POINT('',#3108);
#3111=CARTESIAN_POINT('',(4.740127732135E1,-3.297262370637E2,3.706211211813E1));
#3112=CARTESIAN_POINT('',(4.641978186373E1,-3.298748418392E2,3.875560455115E1));
#3113=VERTEX_POINT('',#3111);
#3114=VERTEX_POINT('',#3112);
#3115=CARTESIAN_POINT('',(-4.858021813627E1,-3.299098076687E2,
3.915407335892E1));
#3116=CARTESIAN_POINT('',(-4.759872267865E1,-3.300584124442E2,
4.084756579194E1));
#3117=VERTEX_POINT('',#3115);
#3118=VERTEX_POINT('',#3116);
#3119=CARTESIAN_POINT('',(-4.528932160189E1,-3.300758953589E2,
4.104680019583E1));
#3120=CARTESIAN_POINT('',(-4.725231251714E1,-3.300758953589E2,
4.104680019583E1));
#3121=VERTEX_POINT('',#3119);
#3122=VERTEX_POINT('',#3120);
#3123=CARTESIAN_POINT('',(-4.494291144038E1,-3.300584124442E2,
4.084756579195E1));
#3124=CARTESIAN_POINT('',(-4.396141598276E1,-3.299098076687E2,
3.915407335892E1));
#3125=VERTEX_POINT('',#3123);
#3126=VERTEX_POINT('',#3124);
#3127=CARTESIAN_POINT('',(-4.396141598276E1,-3.298748418392E2,
3.875560455115E1));
#3128=CARTESIAN_POINT('',(-4.494291144038E1,-3.297262370637E2,
3.706211211813E1));
#3129=VERTEX_POINT('',#3127);
#3130=VERTEX_POINT('',#3128);
#3131=CARTESIAN_POINT('',(-4.725231251714E1,-3.297087541490E2,
3.686287771424E1));
#3132=CARTESIAN_POINT('',(-4.528932160189E1,-3.297087541490E2,
3.686287771424E1));
#3133=VERTEX_POINT('',#3131);
#3134=VERTEX_POINT('',#3132);
#3135=CARTESIAN_POINT('',(-4.759872267865E1,-3.297262370637E2,
3.706211211813E1));
#3136=CARTESIAN_POINT('',(-4.858021813627E1,-3.298748418392E2,
3.875560455115E1));
#3137=VERTEX_POINT('',#3135);
#3138=VERTEX_POINT('',#3136);
#3139=CARTESIAN_POINT('',(-1.143950251635E1,-3.300525747414E2,
4.078103962915E1));
#3140=CARTESIAN_POINT('',(-1.046170732726E1,-3.300528541410E2,
4.078422365265E1));
#3141=VERTEX_POINT('',#3139);
#3142=VERTEX_POINT('',#3140);
#3143=VERTEX_POINT('',#330);
#3144=CARTESIAN_POINT('',(-1.026233527365E1,-3.299114304035E2,
3.917256596215E1));
#3145=VERTEX_POINT('',#3144);
#3146=VERTEX_POINT('',#346);
#3147=CARTESIAN_POINT('',(-9.588249765128E0,-3.300361360502E2,
4.059370514341E1));
#3148=VERTEX_POINT('',#3147);
#3149=VERTEX_POINT('',#359);
#3150=CARTESIAN_POINT('',(-8.417015593786E0,-3.300534384052E2,
4.079088189802E1));
#3151=VERTEX_POINT('',#3150);
#3152=VERTEX_POINT('',#372);
#3153=CARTESIAN_POINT('',(-8.215193636394E0,-3.298464151736E2,
3.843165572138E1));
#3154=VERTEX_POINT('',#3153);
#3155=VERTEX_POINT('',#383);
#3156=CARTESIAN_POINT('',(-9.195265214628E0,-3.297834815065E2,
3.771446686500E1));
#3157=VERTEX_POINT('',#3156);
#3158=CARTESIAN_POINT('',(-9.235022712493E0,-3.297774146813E2,
3.764532963485E1));
#3159=VERTEX_POINT('',#3158);
#3160=CARTESIAN_POINT('',(-9.233067248058E0,-3.297250929003E2,
3.704907328960E1));
#3161=VERTEX_POINT('',#3160);
#3162=VERTEX_POINT('',#406);
#3163=CARTESIAN_POINT('',(-1.040431134098E1,-3.297077922990E2,
3.685191652091E1));
#3164=VERTEX_POINT('',#3163);
#3165=VERTEX_POINT('',#419);
#3166=CARTESIAN_POINT('',(-1.060098597475E1,-3.297770383892E2,
3.764104142943E1));
#3167=VERTEX_POINT('',#3166);
#3168=CARTESIAN_POINT('',(-1.064121015828E1,-3.297830830636E2,
3.770992622984E1));
#3169=VERTEX_POINT('',#3168);
#3170=CARTESIAN_POINT('',(-1.149571801125E1,-3.298258866368E2,
3.819771356479E1));
#3171=VERTEX_POINT('',#3170);
#3172=VERTEX_POINT('',#439);
#3173=CARTESIAN_POINT('',(-1.163296259495E1,-3.300355517088E2,
4.058704601876E1));
#3174=VERTEX_POINT('',#3173);
#3175=CARTESIAN_POINT('',(-5.301206356239E0,-3.300543305665E2,
4.080104892289E1));
#3176=CARTESIAN_POINT('',(-4.323411166252E0,-3.300546099661E2,
4.080423294617E1));
#3177=VERTEX_POINT('',#3175);
#3178=VERTEX_POINT('',#3176);
#3179=VERTEX_POINT('',#466);
#3180=CARTESIAN_POINT('',(-4.117064852296E0,-3.297265547119E2,
3.706573202097E1));
#3181=VERTEX_POINT('',#3180);
#3182=VERTEX_POINT('',#479);
#3183=CARTESIAN_POINT('',(-5.288288636760E0,-3.297092541887E2,
3.686857614171E1));
#3184=VERTEX_POINT('',#3183);
#3185=VERTEX_POINT('',#492);
#3186=CARTESIAN_POINT('',(-5.486416282770E0,-3.298171027689E2,
3.809761305445E1));
#3187=VERTEX_POINT('',#3186);
#3188=VERTEX_POINT('',#508);
#3189=CARTESIAN_POINT('',(-6.161756572047E0,-3.297259704506E2,
3.705907380806E1));
#3190=VERTEX_POINT('',#3189);
#3191=VERTEX_POINT('',#521);
#3192=CARTESIAN_POINT('',(-7.333001266223E0,-3.297086699185E2,
3.686191782831E1));
#3193=VERTEX_POINT('',#3192);
#3194=VERTEX_POINT('',#534);
#3195=CARTESIAN_POINT('',(-7.539358029456E0,-3.300367251697E2,
4.060041871911E1));
#3196=VERTEX_POINT('',#3195);
#3197=VERTEX_POINT('',#547);
#3198=CARTESIAN_POINT('',(-6.368123795727E0,-3.300540256959E2,
4.079757463278E1));
#3199=VERTEX_POINT('',#3198);
#3200=VERTEX_POINT('',#560);
#3201=CARTESIAN_POINT('',(-6.170006597290E0,-3.299461771128E2,
3.956853768656E1));
#3202=VERTEX_POINT('',#3201);
#3203=VERTEX_POINT('',#576);
#3204=CARTESIAN_POINT('',(-5.494655859937E0,-3.300373094340E2,
4.060707696568E1));
#3205=VERTEX_POINT('',#3204);
#3206=CARTESIAN_POINT('',(-2.285307554230E0,-3.300553196041E2,
4.081231994429E1));
#3207=CARTESIAN_POINT('',(-1.196715129579E0,-3.300556306656E2,
4.081586478569E1));
#3208=VERTEX_POINT('',#3206);
#3209=VERTEX_POINT('',#3207);
#3210=VERTEX_POINT('',#601);
#3211=CARTESIAN_POINT('',(-1.658115851067E-1,-3.300110185571E2,
4.030746747451E1));
#3212=VERTEX_POINT('',#3211);
#3213=VERTEX_POINT('',#612);
#3214=CARTESIAN_POINT('',(-2.341944153786E-2,-3.297277239625E2,
3.707905674014E1));
#3215=VERTEX_POINT('',#3214);
#3216=VERTEX_POINT('',#625);
#3217=CARTESIAN_POINT('',(-1.194648092657E0,-3.297104229654E2,
3.688189546150E1));
#3218=VERTEX_POINT('',#3217);
#3219=VERTEX_POINT('',#638);
#3220=CARTESIAN_POINT('',(-1.391217793885E0,-3.297767176036E2,
3.763738577231E1));
#3221=VERTEX_POINT('',#3220);
#3222=CARTESIAN_POINT('',(-1.471478494277E0,-3.297836878524E2,
3.771681837176E1));
#3223=VERTEX_POINT('',#3222);
#3224=CARTESIAN_POINT('',(-2.275146930447E0,-3.297834582066E2,
3.771420134077E1));
#3225=VERTEX_POINT('',#3224);
#3226=VERTEX_POINT('',#659);
#3227=CARTESIAN_POINT('',(-3.308475153295E0,-3.298282293420E2,
3.822441091348E1));
#3228=VERTEX_POINT('',#3227);
#3229=VERTEX_POINT('',#670);
#3230=CARTESIAN_POINT('',(-3.443935053589E0,-3.299903257565E2,
4.007165337558E1));
#3231=VERTEX_POINT('',#3230);
#3232=VERTEX_POINT('',#681);
#3233=CARTESIAN_POINT('',(-2.543866559399E0,-3.300491815817E2,
4.074237135512E1));
#3234=VERTEX_POINT('',#3233);
#3235=CARTESIAN_POINT('',(7.719803840607E-1,-3.299475534299E2,
3.958422212635E1));
#3236=CARTESIAN_POINT('',(2.659887619798E0,-3.300435537773E2,4.067823718262E1));
#3237=VERTEX_POINT('',#3235);
#3238=VERTEX_POINT('',#3236);
#3239=VERTEX_POINT('',#705);
#3240=CARTESIAN_POINT('',(2.935108454496E0,-3.299410039237E2,3.950958428732E1));
#3241=VERTEX_POINT('',#3240);
#3242=VERTEX_POINT('',#716);
#3243=CARTESIAN_POINT('',(2.231368747237E0,-3.298931468968E2,3.896420805280E1));
#3244=VERTEX_POINT('',#3243);
#3245=VERTEX_POINT('',#728);
#3246=CARTESIAN_POINT('',(2.817651418634E0,-3.298456594218E2,3.842304321244E1));
#3247=VERTEX_POINT('',#3246);
#3248=VERTEX_POINT('',#739);
#3249=CARTESIAN_POINT('',(2.942678543206E0,-3.297384807404E2,3.720164043279E1));
#3250=VERTEX_POINT('',#3249);
#3251=VERTEX_POINT('',#751);
#3252=CARTESIAN_POINT('',(7.767622457531E-1,-3.298196261511E2,
3.812636938896E1));
#3253=VERTEX_POINT('',#3252);
#3254=VERTEX_POINT('',#762);
#3255=CARTESIAN_POINT('',(6.520475716540E-1,-3.299292569284E2,
3.937571612979E1));
#3256=VERTEX_POINT('',#3255);
#3257=CARTESIAN_POINT('',(5.852583135368E0,-3.300573771205E2,4.083576729678E1));
#3258=CARTESIAN_POINT('',(6.830357732312E0,-3.300576565142E2,4.083895125300E1));
#3259=VERTEX_POINT('',#3257);
#3260=VERTEX_POINT('',#3258);
#3261=VERTEX_POINT('',#786);
#3262=CARTESIAN_POINT('',(7.034925922074E0,-3.297772957223E2,3.764397398412E1));
#3263=VERTEX_POINT('',#3262);
#3264=VERTEX_POINT('',#797);
#3265=CARTESIAN_POINT('',(6.138347736449E0,-3.297186137322E2,3.697523702151E1));
#3266=VERTEX_POINT('',#3265);
#3267=VERTEX_POINT('',#809);
#3268=CARTESIAN_POINT('',(4.787722742371E0,-3.297119970987E2,3.689983420361E1));
#3269=VERTEX_POINT('',#3268);
#3270=VERTEX_POINT('',#821);
#3271=CARTESIAN_POINT('',(3.757887468789E0,-3.297565970377E2,3.740809283085E1));
#3272=VERTEX_POINT('',#3271);
#3273=VERTEX_POINT('',#832);
#3274=CARTESIAN_POINT('',(3.614416214543E0,-3.300397712493E2,4.063513168689E1));
#3275=VERTEX_POINT('',#3274);
#3276=VERTEX_POINT('',#845);
#3277=CARTESIAN_POINT('',(4.785661455175E0,-3.300570722487E2,4.083229299285E1));
#3278=VERTEX_POINT('',#3277);
#3279=VERTEX_POINT('',#858);
#3280=CARTESIAN_POINT('',(4.987779830726E0,-3.298423104913E2,3.838487897169E1));
#3281=VERTEX_POINT('',#3280);
#3282=VERTEX_POINT('',#874);
#3283=CARTESIAN_POINT('',(5.659128283863E0,-3.300403555188E2,4.064178999282E1));
#3284=VERTEX_POINT('',#3283);
#3285=CARTESIAN_POINT('',(9.726954637072E0,-3.300584870760E2,4.084841629297E1));
#3286=CARTESIAN_POINT('',(1.090723001210E1,-3.300588243337E2,4.085225966410E1));
#3287=VERTEX_POINT('',#3285);
#3288=VERTEX_POINT('',#3286);
#3289=VERTEX_POINT('',#900);
#3290=CARTESIAN_POINT('',(1.111357653009E1,-3.297307635997E2,3.711369629134E1));
#3291=VERTEX_POINT('',#3290);
#3292=VERTEX_POINT('',#913);
#3293=CARTESIAN_POINT('',(1.013816045172E1,-3.297135190279E2,3.691717803071E1));
#3294=VERTEX_POINT('',#3293);
#3295=VERTEX_POINT('',#926);
#3296=CARTESIAN_POINT('',(9.939346628515E0,-3.298397471163E2,3.835566688123E1));
#3297=VERTEX_POINT('',#3296);
#3298=VERTEX_POINT('',#941);
#3299=CARTESIAN_POINT('',(9.347935735509E0,-3.297315455400E2,3.712260724214E1));
#3300=VERTEX_POINT('',#3299);
#3301=VERTEX_POINT('',#954);
#3302=CARTESIAN_POINT('',(7.914419752490E0,-3.297128836382E2,3.690993716215E1));
#3303=VERTEX_POINT('',#3302);
#3304=VERTEX_POINT('',#967);
#3305=CARTESIAN_POINT('',(7.708073304674E0,-3.300409425083E2,4.064847929494E1));
#3306=VERTEX_POINT('',#3305);
#3307=VERTEX_POINT('',#980);
#3308=CARTESIAN_POINT('',(8.683489312094E0,-3.300581889068E2,4.084501837148E1));
#3309=VERTEX_POINT('',#3308);
#3310=VERTEX_POINT('',#993);
#3311=CARTESIAN_POINT('',(8.882302762730E0,-3.299319704728E2,3.940663954217E1));
#3312=VERTEX_POINT('',#3311);
#3313=VERTEX_POINT('',#1007);
#3314=CARTESIAN_POINT('',(9.473014536219E0,-3.300398170323E2,4.063565342747E1));
#3315=VERTEX_POINT('',#3314);
#3316=CARTESIAN_POINT('',(1.205619517771E1,-3.300458355706E2,4.070424038297E1));
#3317=CARTESIAN_POINT('',(1.395123699828E1,-3.299509161132E2,3.962254309321E1));
#3318=VERTEX_POINT('',#3316);
#3319=VERTEX_POINT('',#3317);
#3320=VERTEX_POINT('',#1031);
#3321=CARTESIAN_POINT('',(1.407595167129E1,-3.298412853359E2,3.837319635313E1));
#3322=VERTEX_POINT('',#3321);
#3323=VERTEX_POINT('',#1042);
#3324=CARTESIAN_POINT('',(1.206811186601E1,-3.297269884961E2,3.707067540265E1));
#3325=VERTEX_POINT('',#3324);
#3326=VERTEX_POINT('',#1054);
#3327=CARTESIAN_POINT('',(1.179289078865E1,-3.298295383407E2,3.823932819557E1));
#3328=VERTEX_POINT('',#3327);
#3329=VERTEX_POINT('',#1065);
#3330=CARTESIAN_POINT('',(1.249663049644E1,-3.298773953676E2,3.878470443029E1));
#3331=VERTEX_POINT('',#3330);
#3332=VERTEX_POINT('',#1077);
#3333=CARTESIAN_POINT('',(1.191034180387E1,-3.299248832481E2,3.932587389162E1));
#3334=VERTEX_POINT('',#3333);
#3335=VERTEX_POINT('',#1088);
#3336=CARTESIAN_POINT('',(1.178532069985E1,-3.300320615239E2,4.054727205007E1));
#3337=VERTEX_POINT('',#3336);
#3338=CARTESIAN_POINT('',(1.262291829405E2,-3.335943722136E2,4.692180800355E1));
#3339=DIRECTION('',(0.E0,-9.961720194260E-1,-8.741457380055E-2));
#3340=DIRECTION('',(0.E0,-8.741457380055E-2,9.961720194260E-1));
#3341=AXIS2_PLACEMENT_3D('',#3338,#3339,#3340);
#3342=PLANE('',#3341);
#3344=ORIENTED_EDGE('',*,*,#3343,.F.);
#3346=ORIENTED_EDGE('',*,*,#3345,.F.);
#3348=ORIENTED_EDGE('',*,*,#3347,.F.);
#3350=ORIENTED_EDGE('',*,*,#3349,.T.);
#3351=EDGE_LOOP('',(#3344,#3346,#3348,#3350));
#3352=FACE_OUTER_BOUND('',#3351,.F.);
#3354=ORIENTED_EDGE('',*,*,#3353,.T.);
#3356=ORIENTED_EDGE('',*,*,#3355,.T.);
#3357=EDGE_LOOP('',(#3354,#3356));
#3358=FACE_BOUND('',#3357,.F.);
#3360=ORIENTED_EDGE('',*,*,#3359,.T.);
#3362=ORIENTED_EDGE('',*,*,#3361,.T.);
#3363=EDGE_LOOP('',(#3360,#3362));
#3364=FACE_BOUND('',#3363,.F.);
#3365=ADVANCED_FACE('',(#3352,#3358,#3364),#3342,.T.);
#3366=CARTESIAN_POINT('',(-8.727081705952E1,-3.368732799964E2,
4.492665014560E1));
#3367=DIRECTION('',(-1.E0,0.E0,0.E0));
#3368=DIRECTION('',(0.E0,0.E0,1.E0));
#3369=AXIS2_PLACEMENT_3D('',#3366,#3367,#3368);
#3370=PLANE('',#3369);
#3371=ORIENTED_EDGE('',*,*,#3343,.T.);
#3373=ORIENTED_EDGE('',*,*,#3372,.T.);
#3375=ORIENTED_EDGE('',*,*,#3374,.T.);
#3377=ORIENTED_EDGE('',*,*,#3376,.T.);
#3379=ORIENTED_EDGE('',*,*,#3378,.T.);
#3381=ORIENTED_EDGE('',*,*,#3380,.T.);
#3383=ORIENTED_EDGE('',*,*,#3382,.T.);
#3385=ORIENTED_EDGE('',*,*,#3384,.T.);
#3387=ORIENTED_EDGE('',*,*,#3386,.T.);
#3389=ORIENTED_EDGE('',*,*,#3388,.T.);
#3391=ORIENTED_EDGE('',*,*,#3390,.T.);
#3393=ORIENTED_EDGE('',*,*,#3392,.T.);
#3395=ORIENTED_EDGE('',*,*,#3394,.T.);
#3397=ORIENTED_EDGE('',*,*,#3396,.T.);
#3399=ORIENTED_EDGE('',*,*,#3398,.T.);
#3401=ORIENTED_EDGE('',*,*,#3400,.T.);
#3402=EDGE_LOOP('',(#3371,#3373,#3375,#3377,#3379,#3381,#3383,#3385,#3387,#3389,
#3391,#3393,#3395,#3397,#3399,#3401));
#3403=FACE_OUTER_BOUND('',#3402,.F.);
#3404=ADVANCED_FACE('',(#3403),#3370,.T.);
#3405=CARTESIAN_POINT('',(1.262291829405E2,-3.322921085527E2,3.047142763995E1));
#3406=DIRECTION('',(0.E0,6.402624786720E-2,-9.979482148809E-1));
#3407=DIRECTION('',(1.E0,0.E0,0.E0));
#3408=AXIS2_PLACEMENT_3D('',#3405,#3406,#3407);
#3409=PLANE('',#3408);
#3410=ORIENTED_EDGE('',*,*,#3349,.F.);
#3412=ORIENTED_EDGE('',*,*,#3411,.F.);
#3414=ORIENTED_EDGE('',*,*,#3413,.F.);
#3415=ORIENTED_EDGE('',*,*,#3372,.F.);
#3416=EDGE_LOOP('',(#3410,#3412,#3414,#3415));
#3417=FACE_OUTER_BOUND('',#3416,.F.);
#3418=ADVANCED_FACE('',(#3417),#3409,.T.);
#3419=CARTESIAN_POINT('',(8.972918294048E1,-3.368732799964E2,4.492665014560E1));
#3420=DIRECTION('',(1.E0,0.E0,0.E0));
#3421=DIRECTION('',(0.E0,0.E0,-1.E0));
#3422=AXIS2_PLACEMENT_3D('',#3419,#3420,#3421);
#3423=PLANE('',#3422);
#3424=ORIENTED_EDGE('',*,*,#3347,.T.);
#3426=ORIENTED_EDGE('',*,*,#3425,.T.);
#3428=ORIENTED_EDGE('',*,*,#3427,.T.);
#3430=ORIENTED_EDGE('',*,*,#3429,.T.);
#3432=ORIENTED_EDGE('',*,*,#3431,.T.);
#3434=ORIENTED_EDGE('',*,*,#3433,.T.);
#3436=ORIENTED_EDGE('',*,*,#3435,.T.);
#3438=ORIENTED_EDGE('',*,*,#3437,.T.);
#3440=ORIENTED_EDGE('',*,*,#3439,.T.);
#3442=ORIENTED_EDGE('',*,*,#3441,.T.);
#3444=ORIENTED_EDGE('',*,*,#3443,.T.);
#3446=ORIENTED_EDGE('',*,*,#3445,.T.);
#3448=ORIENTED_EDGE('',*,*,#3447,.T.);
#3450=ORIENTED_EDGE('',*,*,#3449,.T.);
#3452=ORIENTED_EDGE('',*,*,#3451,.T.);
#3453=ORIENTED_EDGE('',*,*,#3411,.T.);
#3454=EDGE_LOOP('',(#3424,#3426,#3428,#3430,#3432,#3434,#3436,#3438,#3440,#3442,
#3444,#3446,#3448,#3450,#3452,#3453));
#3455=FACE_OUTER_BOUND('',#3454,.F.);
#3456=ADVANCED_FACE('',(#3455),#3423,.T.);
#3457=CARTESIAN_POINT('',(1.229182940485E0,-3.340497643054E2,4.639156300782E1));
#3458=DIRECTION('',(1.E0,1.711320273342E-12,1.977003212897E-12));
#3459=DIRECTION('',(1.711320273342E-12,-1.E0,0.E0));
#3460=AXIS2_PLACEMENT_3D('',#3457,#3458,#3459);
#3461=CYLINDRICAL_SURFACE('',#3460,5.000000000001E-1);
#3462=ORIENTED_EDGE('',*,*,#3425,.F.);
#3463=ORIENTED_EDGE('',*,*,#3345,.T.);
#3464=ORIENTED_EDGE('',*,*,#3400,.F.);
#3466=ORIENTED_EDGE('',*,*,#3465,.T.);
#3467=EDGE_LOOP('',(#3462,#3463,#3464,#3466));
#3468=FACE_OUTER_BOUND('',#3467,.F.);
#3469=ADVANCED_FACE('',(#3468),#3461,.F.);
#3470=CARTESIAN_POINT('',(1.262291829405E2,-3.473477877500E2,4.603941793659E1));
#3471=DIRECTION('',(0.E0,6.402624786720E-2,-9.979482148809E-1));
#3472=DIRECTION('',(1.E0,0.E0,0.E0));
#3473=AXIS2_PLACEMENT_3D('',#3470,#3471,#3472);
#3474=PLANE('',#3473);
#3475=ORIENTED_EDGE('',*,*,#3398,.F.);
#3477=ORIENTED_EDGE('',*,*,#3476,.T.);
#3478=ORIENTED_EDGE('',*,*,#3427,.F.);
#3479=ORIENTED_EDGE('',*,*,#3465,.F.);
#3480=EDGE_LOOP('',(#3475,#3477,#3478,#3479));
#3481=FACE_OUTER_BOUND('',#3480,.F.);
#3482=ADVANCED_FACE('',(#3481),#3474,.T.);
#3483=CARTESIAN_POINT('',(1.262291829405E2,-3.458799345355E2,5.219131773729E1));
#3484=DIRECTION('',(0.E0,-9.961720194260E-1,-8.741457380056E-2));
#3485=DIRECTION('',(0.E0,-8.741457380056E-2,9.961720194260E-1));
#3486=AXIS2_PLACEMENT_3D('',#3483,#3484,#3485);
#3487=PLANE('',#3486);
#3488=ORIENTED_EDGE('',*,*,#3476,.F.);
#3489=ORIENTED_EDGE('',*,*,#3396,.F.);
#3491=ORIENTED_EDGE('',*,*,#3490,.F.);
#3492=ORIENTED_EDGE('',*,*,#3429,.F.);
#3493=EDGE_LOOP('',(#3488,#3489,#3491,#3492));
#3494=FACE_OUTER_BOUND('',#3493,.F.);
#3495=ADVANCED_FACE('',(#3494),#3487,.T.);
#3496=CARTESIAN_POINT('',(1.262291829405E2,-3.453330022351E2,5.167837518963E1));
#3497=DIRECTION('',(1.E0,0.E0,0.E0));
#3498=DIRECTION('',(0.E0,-7.586225591535E-1,6.515303621041E-1));
#3499=AXIS2_PLACEMENT_3D('',#3496,#3497,#3498);
#3500=CYLINDRICAL_SURFACE('',#3499,4.999999999998E-1);
#3501=ORIENTED_EDGE('',*,*,#3431,.F.);
#3502=ORIENTED_EDGE('',*,*,#3490,.T.);
#3503=ORIENTED_EDGE('',*,*,#3394,.F.);
#3505=ORIENTED_EDGE('',*,*,#3504,.T.);
#3506=EDGE_LOOP('',(#3501,#3502,#3503,#3505));
#3507=FACE_OUTER_BOUND('',#3506,.F.);
#3508=ADVANCED_FACE('',(#3507),#3500,.T.);
#3509=CARTESIAN_POINT('',(1.262291829405E2,-3.263987722428E2,5.339418336196E1));
#3510=DIRECTION('',(0.E0,-6.402624786722E-2,9.979482148809E-1));
#3511=DIRECTION('',(-1.E0,0.E0,0.E0));
#3512=AXIS2_PLACEMENT_3D('',#3509,#3510,#3511);
#3513=PLANE('',#3512);
#3514=ORIENTED_EDGE('',*,*,#3504,.F.);
#3515=ORIENTED_EDGE('',*,*,#3392,.F.);
#3517=ORIENTED_EDGE('',*,*,#3516,.F.);
#3518=ORIENTED_EDGE('',*,*,#3433,.F.);
#3519=EDGE_LOOP('',(#3514,#3515,#3517,#3518));
#3520=FACE_OUTER_BOUND('',#3519,.F.);
#3521=ADVANCED_FACE('',(#3520),#3513,.T.);
#3522=CARTESIAN_POINT('',(1.102291829405E2,-3.432171702789E2,5.171391689485E1));
#3523=DIRECTION('',(-1.E0,0.E0,0.E0));
#3524=DIRECTION('',(0.E0,4.880109068360E-1,8.728375305915E-1));
#3525=AXIS2_PLACEMENT_3D('',#3522,#3523,#3524);
#3526=CYLINDRICAL_SURFACE('',#3525,6.E-1);
#3527=ORIENTED_EDGE('',*,*,#3390,.F.);
#3529=ORIENTED_EDGE('',*,*,#3528,.F.);
#3530=ORIENTED_EDGE('',*,*,#3435,.F.);
#3531=ORIENTED_EDGE('',*,*,#3516,.T.);
#3532=EDGE_LOOP('',(#3527,#3529,#3530,#3531));
#3533=FACE_OUTER_BOUND('',#3532,.F.);
#3534=ADVANCED_FACE('',(#3533),#3526,.T.);
#3535=CARTESIAN_POINT('',(1.102291829405E2,-3.380475809258E2,5.445213637480E1));
#3536=DIRECTION('',(-1.E0,0.E0,0.E0));
#3537=DIRECTION('',(0.E0,0.E0,-1.E0));
#3538=AXIS2_PLACEMENT_3D('',#3535,#3536,#3537);
#3539=CYLINDRICAL_SURFACE('',#3538,5.25E0);
#3541=ORIENTED_EDGE('',*,*,#3540,.T.);
#3542=ORIENTED_EDGE('',*,*,#3437,.F.);
#3543=ORIENTED_EDGE('',*,*,#3528,.T.);
#3544=ORIENTED_EDGE('',*,*,#3388,.F.);
#3545=EDGE_LOOP('',(#3541,#3542,#3543,#3544));
#3546=FACE_OUTER_BOUND('',#3545,.F.);
#3547=ADVANCED_FACE('',(#3546),#3539,.F.);
#3548=CARTESIAN_POINT('',(1.102291829405E2,-3.325704591837E2,5.239698737224E1));
#3549=DIRECTION('',(1.E0,0.E0,0.E0));
#3550=DIRECTION('',(0.E0,-5.955495397903E-1,8.033185829144E-1));
#3551=AXIS2_PLACEMENT_3D('',#3548,#3549,#3550);
#3552=CYLINDRICAL_SURFACE('',#3551,6.E-1);
#3553=ORIENTED_EDGE('',*,*,#3439,.F.);
#3554=ORIENTED_EDGE('',*,*,#3540,.F.);
#3555=ORIENTED_EDGE('',*,*,#3386,.F.);
#3557=ORIENTED_EDGE('',*,*,#3556,.T.);
#3558=EDGE_LOOP('',(#3553,#3554,#3555,#3557));
#3559=FACE_OUTER_BOUND('',#3558,.F.);
#3560=ADVANCED_FACE('',(#3559),#3552,.T.);
#3561=CARTESIAN_POINT('',(1.262291829405E2,-3.263987722428E2,5.339418336196E1));
#3562=DIRECTION('',(0.E0,-6.402624786722E-2,9.979482148809E-1));
#3563=DIRECTION('',(-1.E0,0.E0,0.E0));
#3564=AXIS2_PLACEMENT_3D('',#3561,#3562,#3563);
#3565=PLANE('',#3564);
#3566=ORIENTED_EDGE('',*,*,#3441,.F.);
#3567=ORIENTED_EDGE('',*,*,#3556,.F.);
#3568=ORIENTED_EDGE('',*,*,#3384,.F.);
#3570=ORIENTED_EDGE('',*,*,#3569,.F.);
#3571=EDGE_LOOP('',(#3566,#3567,#3568,#3570));
#3572=FACE_OUTER_BOUND('',#3571,.F.);
#3573=ADVANCED_FACE('',(#3572),#3565,.T.);
#3574=CARTESIAN_POINT('',(1.229182940484E0,-3.268541643346E2,5.286393836623E1));
#3575=DIRECTION('',(-1.E0,7.931397990332E-13,1.048365744340E-12));
#3576=DIRECTION('',(7.931397990332E-13,1.E0,0.E0));
#3577=AXIS2_PLACEMENT_3D('',#3574,#3575,#3576);
#3578=CYLINDRICAL_SURFACE('',#3577,5.E-1);
#3579=ORIENTED_EDGE('',*,*,#3443,.F.);
#3580=ORIENTED_EDGE('',*,*,#3569,.T.);
#3581=ORIENTED_EDGE('',*,*,#3382,.F.);
#3583=ORIENTED_EDGE('',*,*,#3582,.T.);
#3584=EDGE_LOOP('',(#3579,#3580,#3581,#3583));
#3585=FACE_OUTER_BOUND('',#3584,.F.);
#3586=ADVANCED_FACE('',(#3585),#3578,.T.);
#3587=CARTESIAN_POINT('',(1.262291829405E2,-3.258742814185E2,4.741711270918E1));
#3588=DIRECTION('',(0.E0,9.961720194260E-1,8.741457380057E-2));
#3589=DIRECTION('',(0.E0,8.741457380057E-2,-9.961720194260E-1));
#3590=AXIS2_PLACEMENT_3D('',#3587,#3588,#3589);
#3591=PLANE('',#3590);
#3592=ORIENTED_EDGE('',*,*,#3380,.F.);
#3594=ORIENTED_EDGE('',*,*,#3593,.T.);
#3595=ORIENTED_EDGE('',*,*,#3445,.F.);
#3596=ORIENTED_EDGE('',*,*,#3582,.F.);
#3597=EDGE_LOOP('',(#3592,#3594,#3595,#3596));
#3598=FACE_OUTER_BOUND('',#3597,.F.);
#3599=ADVANCED_FACE('',(#3598),#3591,.T.);
#3600=CARTESIAN_POINT('',(1.262291829405E2,-3.306082416921E2,4.711339182533E1));
#3601=DIRECTION('',(0.E0,6.402624786720E-2,-9.979482148809E-1));
#3602=DIRECTION('',(1.E0,0.E0,0.E0));
#3603=AXIS2_PLACEMENT_3D('',#3600,#3601,#3602);
#3604=PLANE('',#3603);
#3605=ORIENTED_EDGE('',*,*,#3593,.F.);
#3606=ORIENTED_EDGE('',*,*,#3378,.F.);
#3608=ORIENTED_EDGE('',*,*,#3607,.F.);
#3609=ORIENTED_EDGE('',*,*,#3447,.F.);
#3610=EDGE_LOOP('',(#3605,#3606,#3608,#3609));
#3611=FACE_OUTER_BOUND('',#3610,.F.);
#3612=ADVANCED_FACE('',(#3611),#3604,.T.);
#3613=CARTESIAN_POINT('',(1.229182940481E0,-3.300654109735E2,4.664719069492E1));
#3614=DIRECTION('',(1.E0,6.558204633801E-12,-5.632404926874E-12));
#3615=DIRECTION('',(6.558204633801E-12,-1.E0,0.E0));
#3616=AXIS2_PLACEMENT_3D('',#3613,#3614,#3615);
#3617=CYLINDRICAL_SURFACE('',#3616,5.000000000001E-1);
#3618=ORIENTED_EDGE('',*,*,#3449,.F.);
#3619=ORIENTED_EDGE('',*,*,#3607,.T.);
#3620=ORIENTED_EDGE('',*,*,#3376,.F.);
#3622=ORIENTED_EDGE('',*,*,#3621,.T.);
#3623=EDGE_LOOP('',(#3618,#3619,#3620,#3622));
#3624=FACE_OUTER_BOUND('',#3623,.F.);
#3625=ADVANCED_FACE('',(#3624),#3617,.F.);
#3626=CARTESIAN_POINT('',(1.262291829405E2,-3.296901355184E2,3.665070075101E1));
#3627=DIRECTION('',(0.E0,9.961720194260E-1,8.741457380055E-2));
#3628=DIRECTION('',(0.E0,8.741457380055E-2,-9.961720194260E-1));
#3629=AXIS2_PLACEMENT_3D('',#3626,#3627,#3628);
#3630=PLANE('',#3629);
#3631=ORIENTED_EDGE('',*,*,#3374,.F.);
#3632=ORIENTED_EDGE('',*,*,#3413,.T.);
#3633=ORIENTED_EDGE('',*,*,#3451,.F.);
#3634=ORIENTED_EDGE('',*,*,#3621,.F.);
#3635=EDGE_LOOP('',(#3631,#3632,#3633,#3634));
#3636=FACE_OUTER_BOUND('',#3635,.F.);
#3638=ORIENTED_EDGE('',*,*,#3637,.T.);
#3640=ORIENTED_EDGE('',*,*,#3639,.T.);
#3642=ORIENTED_EDGE('',*,*,#3641,.T.);
#3644=ORIENTED_EDGE('',*,*,#3643,.F.);
#3646=ORIENTED_EDGE('',*,*,#3645,.T.);
#3648=ORIENTED_EDGE('',*,*,#3647,.T.);
#3650=ORIENTED_EDGE('',*,*,#3649,.T.);
#3652=ORIENTED_EDGE('',*,*,#3651,.T.);
#3654=ORIENTED_EDGE('',*,*,#3653,.T.);
#3656=ORIENTED_EDGE('',*,*,#3655,.F.);
#3658=ORIENTED_EDGE('',*,*,#3657,.T.);
#3660=ORIENTED_EDGE('',*,*,#3659,.T.);
#3661=EDGE_LOOP('',(#3638,#3640,#3642,#3644,#3646,#3648,#3650,#3652,#3654,#3656,
#3658,#3660));
#3662=FACE_BOUND('',#3661,.F.);
#3664=ORIENTED_EDGE('',*,*,#3663,.T.);
#3666=ORIENTED_EDGE('',*,*,#3665,.T.);
#3668=ORIENTED_EDGE('',*,*,#3667,.T.);
#3670=ORIENTED_EDGE('',*,*,#3669,.F.);
#3672=ORIENTED_EDGE('',*,*,#3671,.T.);
#3674=ORIENTED_EDGE('',*,*,#3673,.T.);
#3676=ORIENTED_EDGE('',*,*,#3675,.T.);
#3678=ORIENTED_EDGE('',*,*,#3677,.T.);
#3680=ORIENTED_EDGE('',*,*,#3679,.T.);
#3682=ORIENTED_EDGE('',*,*,#3681,.F.);
#3684=ORIENTED_EDGE('',*,*,#3683,.T.);
#3686=ORIENTED_EDGE('',*,*,#3685,.T.);
#3687=EDGE_LOOP('',(#3664,#3666,#3668,#3670,#3672,#3674,#3676,#3678,#3680,#3682,
#3684,#3686));
#3688=FACE_BOUND('',#3687,.F.);
#3690=ORIENTED_EDGE('',*,*,#3689,.T.);
#3692=ORIENTED_EDGE('',*,*,#3691,.T.);
#3694=ORIENTED_EDGE('',*,*,#3693,.T.);
#3696=ORIENTED_EDGE('',*,*,#3695,.T.);
#3698=ORIENTED_EDGE('',*,*,#3697,.T.);
#3700=ORIENTED_EDGE('',*,*,#3699,.T.);
#3702=ORIENTED_EDGE('',*,*,#3701,.T.);
#3704=ORIENTED_EDGE('',*,*,#3703,.T.);
#3706=ORIENTED_EDGE('',*,*,#3705,.T.);
#3708=ORIENTED_EDGE('',*,*,#3707,.T.);
#3710=ORIENTED_EDGE('',*,*,#3709,.T.);
#3712=ORIENTED_EDGE('',*,*,#3711,.T.);
#3714=ORIENTED_EDGE('',*,*,#3713,.T.);
#3716=ORIENTED_EDGE('',*,*,#3715,.T.);
#3718=ORIENTED_EDGE('',*,*,#3717,.T.);
#3720=ORIENTED_EDGE('',*,*,#3719,.T.);
#3722=ORIENTED_EDGE('',*,*,#3721,.T.);
#3724=ORIENTED_EDGE('',*,*,#3723,.T.);
#3726=ORIENTED_EDGE('',*,*,#3725,.T.);
#3728=ORIENTED_EDGE('',*,*,#3727,.T.);
#3730=ORIENTED_EDGE('',*,*,#3729,.T.);
#3732=ORIENTED_EDGE('',*,*,#3731,.T.);
#3733=EDGE_LOOP('',(#3690,#3692,#3694,#3696,#3698,#3700,#3702,#3704,#3706,#3708,
#3710,#3712,#3714,#3716,#3718,#3720,#3722,#3724,#3726,#3728,#3730,#3732));
#3734=FACE_BOUND('',#3733,.F.);
#3736=ORIENTED_EDGE('',*,*,#3735,.T.);
#3738=ORIENTED_EDGE('',*,*,#3737,.T.);
#3740=ORIENTED_EDGE('',*,*,#3739,.T.);
#3742=ORIENTED_EDGE('',*,*,#3741,.T.);
#3744=ORIENTED_EDGE('',*,*,#3743,.T.);
#3746=ORIENTED_EDGE('',*,*,#3745,.T.);
#3748=ORIENTED_EDGE('',*,*,#3747,.T.);
#3750=ORIENTED_EDGE('',*,*,#3749,.T.);
#3752=ORIENTED_EDGE('',*,*,#3751,.T.);
#3754=ORIENTED_EDGE('',*,*,#3753,.T.);
#3756=ORIENTED_EDGE('',*,*,#3755,.T.);
#3758=ORIENTED_EDGE('',*,*,#3757,.T.);
#3760=ORIENTED_EDGE('',*,*,#3759,.T.);
#3762=ORIENTED_EDGE('',*,*,#3761,.T.);
#3764=ORIENTED_EDGE('',*,*,#3763,.T.);
#3766=ORIENTED_EDGE('',*,*,#3765,.T.);
#3768=ORIENTED_EDGE('',*,*,#3767,.T.);
#3770=ORIENTED_EDGE('',*,*,#3769,.T.);
#3772=ORIENTED_EDGE('',*,*,#3771,.T.);
#3774=ORIENTED_EDGE('',*,*,#3773,.T.);
#3775=EDGE_LOOP('',(#3736,#3738,#3740,#3742,#3744,#3746,#3748,#3750,#3752,#3754,
#3756,#3758,#3760,#3762,#3764,#3766,#3768,#3770,#3772,#3774));
#3776=FACE_BOUND('',#3775,.F.);
#3778=ORIENTED_EDGE('',*,*,#3777,.T.);
#3780=ORIENTED_EDGE('',*,*,#3779,.T.);
#3782=ORIENTED_EDGE('',*,*,#3781,.T.);
#3784=ORIENTED_EDGE('',*,*,#3783,.T.);
#3786=ORIENTED_EDGE('',*,*,#3785,.T.);
#3788=ORIENTED_EDGE('',*,*,#3787,.T.);
#3790=ORIENTED_EDGE('',*,*,#3789,.T.);
#3792=ORIENTED_EDGE('',*,*,#3791,.T.);
#3794=ORIENTED_EDGE('',*,*,#3793,.T.);
#3796=ORIENTED_EDGE('',*,*,#3795,.T.);
#3798=ORIENTED_EDGE('',*,*,#3797,.T.);
#3800=ORIENTED_EDGE('',*,*,#3799,.T.);
#3802=ORIENTED_EDGE('',*,*,#3801,.T.);
#3804=ORIENTED_EDGE('',*,*,#3803,.T.);
#3806=ORIENTED_EDGE('',*,*,#3805,.T.);
#3808=ORIENTED_EDGE('',*,*,#3807,.T.);
#3810=ORIENTED_EDGE('',*,*,#3809,.T.);
#3812=ORIENTED_EDGE('',*,*,#3811,.T.);
#3813=EDGE_LOOP('',(#3778,#3780,#3782,#3784,#3786,#3788,#3790,#3792,#3794,#3796,
#3798,#3800,#3802,#3804,#3806,#3808,#3810,#3812));
#3814=FACE_BOUND('',#3813,.F.);
#3816=ORIENTED_EDGE('',*,*,#3815,.T.);
#3818=ORIENTED_EDGE('',*,*,#3817,.T.);
#3820=ORIENTED_EDGE('',*,*,#3819,.T.);
#3822=ORIENTED_EDGE('',*,*,#3821,.T.);
#3824=ORIENTED_EDGE('',*,*,#3823,.T.);
#3826=ORIENTED_EDGE('',*,*,#3825,.T.);
#3828=ORIENTED_EDGE('',*,*,#3827,.T.);
#3830=ORIENTED_EDGE('',*,*,#3829,.T.);
#3832=ORIENTED_EDGE('',*,*,#3831,.T.);
#3834=ORIENTED_EDGE('',*,*,#3833,.T.);
#3836=ORIENTED_EDGE('',*,*,#3835,.T.);
#3838=ORIENTED_EDGE('',*,*,#3837,.T.);
#3840=ORIENTED_EDGE('',*,*,#3839,.T.);
#3842=ORIENTED_EDGE('',*,*,#3841,.T.);
#3843=EDGE_LOOP('',(#3816,#3818,#3820,#3822,#3824,#3826,#3828,#3830,#3832,#3834,
#3836,#3838,#3840,#3842));
#3844=FACE_BOUND('',#3843,.F.);
#3846=ORIENTED_EDGE('',*,*,#3845,.T.);
#3848=ORIENTED_EDGE('',*,*,#3847,.T.);
#3850=ORIENTED_EDGE('',*,*,#3849,.T.);
#3852=ORIENTED_EDGE('',*,*,#3851,.T.);
#3854=ORIENTED_EDGE('',*,*,#3853,.T.);
#3856=ORIENTED_EDGE('',*,*,#3855,.T.);
#3858=ORIENTED_EDGE('',*,*,#3857,.T.);
#3860=ORIENTED_EDGE('',*,*,#3859,.T.);
#3862=ORIENTED_EDGE('',*,*,#3861,.T.);
#3864=ORIENTED_EDGE('',*,*,#3863,.T.);
#3866=ORIENTED_EDGE('',*,*,#3865,.T.);
#3868=ORIENTED_EDGE('',*,*,#3867,.T.);
#3870=ORIENTED_EDGE('',*,*,#3869,.T.);
#3872=ORIENTED_EDGE('',*,*,#3871,.T.);
#3874=ORIENTED_EDGE('',*,*,#3873,.T.);
#3876=ORIENTED_EDGE('',*,*,#3875,.T.);
#3878=ORIENTED_EDGE('',*,*,#3877,.T.);
#3880=ORIENTED_EDGE('',*,*,#3879,.T.);
#3881=EDGE_LOOP('',(#3846,#3848,#3850,#3852,#3854,#3856,#3858,#3860,#3862,#3864,
#3866,#3868,#3870,#3872,#3874,#3876,#3878,#3880));
#3882=FACE_BOUND('',#3881,.F.);
#3884=ORIENTED_EDGE('',*,*,#3883,.T.);
#3886=ORIENTED_EDGE('',*,*,#3885,.T.);
#3888=ORIENTED_EDGE('',*,*,#3887,.T.);
#3890=ORIENTED_EDGE('',*,*,#3889,.T.);
#3892=ORIENTED_EDGE('',*,*,#3891,.T.);
#3894=ORIENTED_EDGE('',*,*,#3893,.T.);
#3896=ORIENTED_EDGE('',*,*,#3895,.T.);
#3898=ORIENTED_EDGE('',*,*,#3897,.T.);
#3900=ORIENTED_EDGE('',*,*,#3899,.T.);
#3902=ORIENTED_EDGE('',*,*,#3901,.T.);
#3904=ORIENTED_EDGE('',*,*,#3903,.T.);
#3906=ORIENTED_EDGE('',*,*,#3905,.T.);
#3908=ORIENTED_EDGE('',*,*,#3907,.T.);
#3910=ORIENTED_EDGE('',*,*,#3909,.T.);
#3912=ORIENTED_EDGE('',*,*,#3911,.T.);
#3914=ORIENTED_EDGE('',*,*,#3913,.T.);
#3916=ORIENTED_EDGE('',*,*,#3915,.T.);
#3918=ORIENTED_EDGE('',*,*,#3917,.T.);
#3920=ORIENTED_EDGE('',*,*,#3919,.T.);
#3922=ORIENTED_EDGE('',*,*,#3921,.T.);
#3923=EDGE_LOOP('',(#3884,#3886,#3888,#3890,#3892,#3894,#3896,#3898,#3900,#3902,
#3904,#3906,#3908,#3910,#3912,#3914,#3916,#3918,#3920,#3922));
#3924=FACE_BOUND('',#3923,.F.);
#3926=ORIENTED_EDGE('',*,*,#3925,.T.);
#3928=ORIENTED_EDGE('',*,*,#3927,.T.);
#3930=ORIENTED_EDGE('',*,*,#3929,.T.);
#3932=ORIENTED_EDGE('',*,*,#3931,.T.);
#3934=ORIENTED_EDGE('',*,*,#3933,.T.);
#3936=ORIENTED_EDGE('',*,*,#3935,.T.);
#3938=ORIENTED_EDGE('',*,*,#3937,.T.);
#3940=ORIENTED_EDGE('',*,*,#3939,.T.);
#3942=ORIENTED_EDGE('',*,*,#3941,.T.);
#3944=ORIENTED_EDGE('',*,*,#3943,.T.);
#3946=ORIENTED_EDGE('',*,*,#3945,.T.);
#3948=ORIENTED_EDGE('',*,*,#3947,.T.);
#3950=ORIENTED_EDGE('',*,*,#3949,.T.);
#3952=ORIENTED_EDGE('',*,*,#3951,.T.);
#3953=EDGE_LOOP('',(#3926,#3928,#3930,#3932,#3934,#3936,#3938,#3940,#3942,#3944,
#3946,#3948,#3950,#3952));
#3954=FACE_BOUND('',#3953,.F.);
#3955=ADVANCED_FACE('',(#3636,#3662,#3688,#3734,#3776,#3814,#3844,#3882,#3924,
#3954),#3630,.T.);
#3956=CARTESIAN_POINT('',(4.676619202524E1,-3.298923247539E2,3.895483895504E1));
#3957=DIRECTION('',(0.E0,-9.961720194260E-1,-8.741457380056E-2));
#3958=DIRECTION('',(-1.E0,0.E0,0.E0));
#3959=AXIS2_PLACEMENT_3D('',#3956,#3957,#3958);
#3960=CYLINDRICAL_SURFACE('',#3959,4.E-1);
#3962=ORIENTED_EDGE('',*,*,#3961,.T.);
#3964=ORIENTED_EDGE('',*,*,#3963,.T.);
#3965=ORIENTED_EDGE('',*,*,#3637,.F.);
#3967=ORIENTED_EDGE('',*,*,#3966,.T.);
#3968=EDGE_LOOP('',(#3962,#3964,#3965,#3967));
#3969=FACE_OUTER_BOUND('',#3968,.F.);
#3970=ADVANCED_FACE('',(#3969),#3960,.F.);
#3971=CARTESIAN_POINT('',(4.872918294048E1,-3.323329462015E2,3.874067324923E1));
#3972=DIRECTION('',(0.E0,-9.961720194260E-1,-8.741457380055E-2));
#3973=DIRECTION('',(-1.E0,0.E0,0.E0));
#3974=AXIS2_PLACEMENT_3D('',#3971,#3972,#3973);
#3975=PLANE('',#3974);
#3977=ORIENTED_EDGE('',*,*,#3976,.T.);
#3979=ORIENTED_EDGE('',*,*,#3978,.T.);
#3981=ORIENTED_EDGE('',*,*,#3980,.T.);
#3983=ORIENTED_EDGE('',*,*,#3982,.T.);
#3985=ORIENTED_EDGE('',*,*,#3984,.T.);
#3987=ORIENTED_EDGE('',*,*,#3986,.T.);
#3989=ORIENTED_EDGE('',*,*,#3988,.T.);
#3991=ORIENTED_EDGE('',*,*,#3990,.T.);
#3993=ORIENTED_EDGE('',*,*,#3992,.T.);
#3995=ORIENTED_EDGE('',*,*,#3994,.T.);
#3996=ORIENTED_EDGE('',*,*,#3961,.F.);
#3998=ORIENTED_EDGE('',*,*,#3997,.T.);
#3999=EDGE_LOOP('',(#3977,#3979,#3981,#3983,#3985,#3987,#3989,#3991,#3993,#3995,
#3996,#3998));
#4000=FACE_OUTER_BOUND('',#3999,.F.);
#4002=ORIENTED_EDGE('',*,*,#4001,.T.);
#4004=ORIENTED_EDGE('',*,*,#4003,.T.);
#4005=EDGE_LOOP('',(#4002,#4004));
#4006=FACE_BOUND('',#4005,.F.);
#4007=ADVANCED_FACE('',(#4000,#4006),#3975,.F.);
#4008=CARTESIAN_POINT('',(4.774768748286E1,-3.297437199785E2,3.726134652201E1));
#4009=DIRECTION('',(0.E0,-9.961720194260E-1,-8.741457380056E-2));
#4010=DIRECTION('',(-5.E-1,7.570324157228E-2,-8.627102753622E-1));
#4011=AXIS2_PLACEMENT_3D('',#4008,#4009,#4010);
#4012=CYLINDRICAL_SURFACE('',#4011,4.E-1);
#4013=ORIENTED_EDGE('',*,*,#3976,.F.);
#4015=ORIENTED_EDGE('',*,*,#4014,.T.);
#4016=ORIENTED_EDGE('',*,*,#3657,.F.);
#4018=ORIENTED_EDGE('',*,*,#4017,.T.);
#4019=EDGE_LOOP('',(#4013,#4015,#4016,#4018));
#4020=FACE_OUTER_BOUND('',#4019,.F.);
#4021=ADVANCED_FACE('',(#4020),#4012,.F.);
#4022=CARTESIAN_POINT('',(4.691052309349E1,-3.298005404354E2,3.790886954823E1));
#4023=DIRECTION('',(-8.660254037844E-1,4.370728690028E-2,-4.980860097130E-1));
#4024=DIRECTION('',(5.E-1,7.570324157227E-2,-8.627102753621E-1));
#4025=AXIS2_PLACEMENT_3D('',#4022,#4023,#4024);
#4026=PLANE('',#4025);
#4027=ORIENTED_EDGE('',*,*,#4014,.F.);
#4028=ORIENTED_EDGE('',*,*,#3997,.F.);
#4029=ORIENTED_EDGE('',*,*,#3966,.F.);
#4030=ORIENTED_EDGE('',*,*,#3659,.F.);
#4031=EDGE_LOOP('',(#4027,#4028,#4029,#4030));
#4032=FACE_OUTER_BOUND('',#4031,.F.);
#4033=ADVANCED_FACE('',(#4032),#4026,.F.);
#4034=CARTESIAN_POINT('',(4.751674737519E1,-3.297087541490E2,3.686287771424E1));
#4035=DIRECTION('',(0.E0,8.741457380056E-2,-9.961720194260E-1));
#4036=DIRECTION('',(1.E0,0.E0,0.E0));
#4037=AXIS2_PLACEMENT_3D('',#4034,#4035,#4036);
#4038=PLANE('',#4037);
#4039=ORIENTED_EDGE('',*,*,#4017,.F.);
#4040=ORIENTED_EDGE('',*,*,#3655,.T.);
#4042=ORIENTED_EDGE('',*,*,#4041,.F.);
#4043=ORIENTED_EDGE('',*,*,#3978,.F.);
#4044=EDGE_LOOP('',(#4039,#4040,#4042,#4043));
#4045=FACE_OUTER_BOUND('',#4044,.F.);
#4046=ADVANCED_FACE('',(#4045),#4038,.F.);
#4047=CARTESIAN_POINT('',(4.971067839811E1,-3.297437199785E2,3.726134652201E1));
#4048=DIRECTION('',(0.E0,-9.961720194260E-1,-8.741457380056E-2));
#4049=DIRECTION('',(5.E-1,7.570324157228E-2,-8.627102753622E-1));
#4050=AXIS2_PLACEMENT_3D('',#4047,#4048,#4049);
#4051=CYLINDRICAL_SURFACE('',#4050,4.E-1);
#4052=ORIENTED_EDGE('',*,*,#3980,.F.);
#4053=ORIENTED_EDGE('',*,*,#4041,.T.);
#4054=ORIENTED_EDGE('',*,*,#3653,.F.);
#4056=ORIENTED_EDGE('',*,*,#4055,.T.);
#4057=EDGE_LOOP('',(#4052,#4053,#4054,#4056));
#4058=FACE_OUTER_BOUND('',#4057,.F.);
#4059=ADVANCED_FACE('',(#4058),#4051,.F.);
#4060=CARTESIAN_POINT('',(4.994161850578E1,-3.297087541490E2,3.686287771424E1));
#4061=DIRECTION('',(8.660254037844E-1,4.370728690028E-2,-4.980860097130E-1));
#4062=DIRECTION('',(5.E-1,-7.570324157227E-2,8.627102753621E-1));
#4063=AXIS2_PLACEMENT_3D('',#4060,#4061,#4062);
#4064=PLANE('',#4063);
#4065=ORIENTED_EDGE('',*,*,#4055,.F.);
#4066=ORIENTED_EDGE('',*,*,#3651,.F.);
#4068=ORIENTED_EDGE('',*,*,#4067,.F.);
#4069=ORIENTED_EDGE('',*,*,#3982,.F.);
#4070=EDGE_LOOP('',(#4065,#4066,#4068,#4069));
#4071=FACE_OUTER_BOUND('',#4070,.F.);
#4072=ADVANCED_FACE('',(#4071),#4064,.F.);
#4073=CARTESIAN_POINT('',(5.069217385573E1,-3.298923247539E2,3.895483895504E1));
#4074=DIRECTION('',(0.E0,-9.961720194260E-1,-8.741457380056E-2));
#4075=DIRECTION('',(1.E0,0.E0,0.E0));
#4076=AXIS2_PLACEMENT_3D('',#4073,#4074,#4075);
#4077=CYLINDRICAL_SURFACE('',#4076,4.E-1);
#4078=ORIENTED_EDGE('',*,*,#3984,.F.);
#4079=ORIENTED_EDGE('',*,*,#4067,.T.);
#4080=ORIENTED_EDGE('',*,*,#3649,.F.);
#4082=ORIENTED_EDGE('',*,*,#4081,.T.);
#4083=EDGE_LOOP('',(#4078,#4079,#4080,#4082));
#4084=FACE_OUTER_BOUND('',#4083,.F.);
#4085=ADVANCED_FACE('',(#4084),#4077,.F.);
#4086=CARTESIAN_POINT('',(5.115405407108E1,-3.298923247539E2,3.895483895504E1));
#4087=DIRECTION('',(8.660254037844E-1,-4.370728690028E-2,4.980860097130E-1));
#4088=DIRECTION('',(-5.E-1,-7.570324157227E-2,8.627102753621E-1));
#4089=AXIS2_PLACEMENT_3D('',#4086,#4087,#4088);
#4090=PLANE('',#4089);
#4092=ORIENTED_EDGE('',*,*,#4091,.F.);
#4093=ORIENTED_EDGE('',*,*,#3986,.F.);
#4094=ORIENTED_EDGE('',*,*,#4081,.F.);
#4095=ORIENTED_EDGE('',*,*,#3647,.F.);
#4096=EDGE_LOOP('',(#4092,#4093,#4094,#4095));
#4097=FACE_OUTER_BOUND('',#4096,.F.);
#4098=ADVANCED_FACE('',(#4097),#4090,.F.);
#4099=CARTESIAN_POINT('',(4.971067839811E1,-3.300409295294E2,4.064833138806E1));
#4100=DIRECTION('',(0.E0,-9.961720194260E-1,-8.741457380056E-2));
#4101=DIRECTION('',(5.E-1,-7.570324157228E-2,8.627102753622E-1));
#4102=AXIS2_PLACEMENT_3D('',#4099,#4100,#4101);
#4103=CYLINDRICAL_SURFACE('',#4102,4.E-1);
#4104=ORIENTED_EDGE('',*,*,#3988,.F.);
#4105=ORIENTED_EDGE('',*,*,#4091,.T.);
#4106=ORIENTED_EDGE('',*,*,#3645,.F.);
#4108=ORIENTED_EDGE('',*,*,#4107,.T.);
#4109=EDGE_LOOP('',(#4104,#4105,#4106,#4108));
#4110=FACE_OUTER_BOUND('',#4109,.F.);
#4111=ADVANCED_FACE('',(#4110),#4103,.F.);
#4112=CARTESIAN_POINT('',(4.994161850578E1,-3.300758953589E2,4.104680019583E1));
#4113=DIRECTION('',(0.E0,-8.741457380056E-2,9.961720194260E-1));
#4114=DIRECTION('',(-1.E0,0.E0,0.E0));
#4115=AXIS2_PLACEMENT_3D('',#4112,#4113,#4114);
#4116=PLANE('',#4115);
#4118=ORIENTED_EDGE('',*,*,#4117,.F.);
#4119=ORIENTED_EDGE('',*,*,#3990,.F.);
#4120=ORIENTED_EDGE('',*,*,#4107,.F.);
#4121=ORIENTED_EDGE('',*,*,#3643,.T.);
#4122=EDGE_LOOP('',(#4118,#4119,#4120,#4121));
#4123=FACE_OUTER_BOUND('',#4122,.F.);
#4124=ADVANCED_FACE('',(#4123),#4116,.F.);
#4125=CARTESIAN_POINT('',(4.774768748286E1,-3.300409295294E2,4.064833138806E1));
#4126=DIRECTION('',(0.E0,-9.961720194260E-1,-8.741457380056E-2));
#4127=DIRECTION('',(-5.E-1,-7.570324157228E-2,8.627102753622E-1));
#4128=AXIS2_PLACEMENT_3D('',#4125,#4126,#4127);
#4129=CYLINDRICAL_SURFACE('',#4128,4.E-1);
#4130=ORIENTED_EDGE('',*,*,#3992,.F.);
#4131=ORIENTED_EDGE('',*,*,#4117,.T.);
#4132=ORIENTED_EDGE('',*,*,#3641,.F.);
#4134=ORIENTED_EDGE('',*,*,#4133,.T.);
#4135=EDGE_LOOP('',(#4130,#4131,#4132,#4134));
#4136=FACE_OUTER_BOUND('',#4135,.F.);
#4137=ADVANCED_FACE('',(#4136),#4129,.F.);
#4138=CARTESIAN_POINT('',(4.751674737519E1,-3.300758953589E2,4.104680019583E1));
#4139=DIRECTION('',(-8.660254037844E-1,-4.370728690028E-2,4.980860097130E-1));
#4140=DIRECTION('',(-5.E-1,7.570324157227E-2,-8.627102753621E-1));
#4141=AXIS2_PLACEMENT_3D('',#4138,#4139,#4140);
#4142=PLANE('',#4141);
#4143=ORIENTED_EDGE('',*,*,#3963,.F.);
#4144=ORIENTED_EDGE('',*,*,#3994,.F.);
#4145=ORIENTED_EDGE('',*,*,#4133,.F.);
#4146=ORIENTED_EDGE('',*,*,#3639,.F.);
#4147=EDGE_LOOP('',(#4143,#4144,#4145,#4146));
#4148=FACE_OUTER_BOUND('',#4147,.F.);
#4149=ADVANCED_FACE('',(#4148),#4142,.F.);
#4150=CARTESIAN_POINT('',(4.872918294048E1,-3.298923247539E2,3.895483895504E1));
#4151=DIRECTION('',(0.E0,9.961720194260E-1,8.741457380056E-2));
#4152=DIRECTION('',(-1.E0,0.E0,0.E0));
#4153=AXIS2_PLACEMENT_3D('',#4150,#4151,#4152);
#4154=CYLINDRICAL_SURFACE('',#4153,1.15E0);
#4156=ORIENTED_EDGE('',*,*,#4155,.F.);
#4158=ORIENTED_EDGE('',*,*,#4157,.F.);
#4160=ORIENTED_EDGE('',*,*,#4159,.F.);
#4161=ORIENTED_EDGE('',*,*,#4001,.F.);
#4162=EDGE_LOOP('',(#4156,#4158,#4160,#4161));
#4163=FACE_OUTER_BOUND('',#4162,.F.);
#4164=ADVANCED_FACE('',(#4163),#4154,.F.);
#4165=CARTESIAN_POINT('',(4.872918294048E1,-3.298923247539E2,3.895483895504E1));
#4166=DIRECTION('',(0.E0,9.961720194260E-1,8.741457380056E-2));
#4167=DIRECTION('',(-1.E0,0.E0,0.E0));
#4168=AXIS2_PLACEMENT_3D('',#4165,#4166,#4167);
#4169=CYLINDRICAL_SURFACE('',#4168,1.15E0);
#4170=ORIENTED_EDGE('',*,*,#4159,.T.);
#4172=ORIENTED_EDGE('',*,*,#4171,.F.);
#4173=ORIENTED_EDGE('',*,*,#4155,.T.);
#4174=ORIENTED_EDGE('',*,*,#4003,.F.);
#4175=EDGE_LOOP('',(#4170,#4172,#4173,#4174));
#4176=FACE_OUTER_BOUND('',#4175,.F.);
#4177=ADVANCED_FACE('',(#4176),#4169,.F.);
#4178=CARTESIAN_POINT('',(0.E0,-3.278924888536E2,-3.178425166346E1));
#4179=DIRECTION('',(0.E0,-9.961720194260E-1,-8.741457380055E-2));
#4180=DIRECTION('',(1.E0,0.E0,0.E0));
#4181=AXIS2_PLACEMENT_3D('',#4178,#4179,#4180);
#4182=PLANE('',#4181);
#4184=ORIENTED_EDGE('',*,*,#4183,.T.);
#4186=ORIENTED_EDGE('',*,*,#4185,.T.);
#4187=EDGE_LOOP('',(#4184,#4186));
#4188=FACE_OUTER_BOUND('',#4187,.F.);
#4189=ORIENTED_EDGE('',*,*,#4171,.T.);
#4190=ORIENTED_EDGE('',*,*,#4157,.T.);
#4191=EDGE_LOOP('',(#4189,#4190));
#4192=FACE_BOUND('',#4191,.F.);
#4193=ADVANCED_FACE('',(#4188,#4192),#4182,.T.);
#4194=CARTESIAN_POINT('',(4.872918294048E1,-3.328723204434E2,3.869334290010E1));
#4195=DIRECTION('',(0.E0,-9.961720194260E-1,-8.741457380055E-2));
#4196=DIRECTION('',(1.E0,0.E0,0.E0));
#4197=AXIS2_PLACEMENT_3D('',#4194,#4195,#4196);
#4198=CYLINDRICAL_SURFACE('',#4197,2.05E0);
#4199=ORIENTED_EDGE('',*,*,#3359,.F.);
#4201=ORIENTED_EDGE('',*,*,#4200,.F.);
#4202=ORIENTED_EDGE('',*,*,#4183,.F.);
#4204=ORIENTED_EDGE('',*,*,#4203,.T.);
#4205=EDGE_LOOP('',(#4199,#4201,#4202,#4204));
#4206=FACE_OUTER_BOUND('',#4205,.F.);
#4207=ADVANCED_FACE('',(#4206),#4198,.T.);
#4208=CARTESIAN_POINT('',(4.872918294048E1,-3.328723204434E2,3.869334290010E1));
#4209=DIRECTION('',(0.E0,-9.961720194260E-1,-8.741457380055E-2));
#4210=DIRECTION('',(1.E0,0.E0,0.E0));
#4211=AXIS2_PLACEMENT_3D('',#4208,#4209,#4210);
#4212=CYLINDRICAL_SURFACE('',#4211,2.05E0);
#4213=ORIENTED_EDGE('',*,*,#3361,.F.);
#4214=ORIENTED_EDGE('',*,*,#4203,.F.);
#4215=ORIENTED_EDGE('',*,*,#4185,.F.);
#4216=ORIENTED_EDGE('',*,*,#4200,.T.);
#4217=EDGE_LOOP('',(#4213,#4214,#4215,#4216));
#4218=FACE_OUTER_BOUND('',#4217,.F.);
#4219=ADVANCED_FACE('',(#4218),#4212,.T.);
#4220=CARTESIAN_POINT('',(-4.823380797476E1,-3.298923247539E2,
3.895483895504E1));
#4221=DIRECTION('',(0.E0,-9.961720194260E-1,-8.741457380056E-2));
#4222=DIRECTION('',(-1.E0,0.E0,0.E0));
#4223=AXIS2_PLACEMENT_3D('',#4220,#4221,#4222);
#4224=CYLINDRICAL_SURFACE('',#4223,4.E-1);
#4226=ORIENTED_EDGE('',*,*,#4225,.F.);
#4228=ORIENTED_EDGE('',*,*,#4227,.T.);
#4229=ORIENTED_EDGE('',*,*,#3663,.F.);
#4231=ORIENTED_EDGE('',*,*,#4230,.T.);
#4232=EDGE_LOOP('',(#4226,#4228,#4229,#4231));
#4233=FACE_OUTER_BOUND('',#4232,.F.);
#4234=ADVANCED_FACE('',(#4233),#4224,.F.);
#4235=CARTESIAN_POINT('',(-4.627081705952E1,-3.323329462015E2,
3.874067324923E1));
#4236=DIRECTION('',(0.E0,9.961720194260E-1,8.741457380055E-2));
#4237=DIRECTION('',(1.E0,0.E0,0.E0));
#4238=AXIS2_PLACEMENT_3D('',#4235,#4236,#4237);
#4239=PLANE('',#4238);
#4241=ORIENTED_EDGE('',*,*,#4240,.T.);
#4243=ORIENTED_EDGE('',*,*,#4242,.T.);
#4245=ORIENTED_EDGE('',*,*,#4244,.T.);
#4247=ORIENTED_EDGE('',*,*,#4246,.T.);
#4249=ORIENTED_EDGE('',*,*,#4248,.T.);
#4251=ORIENTED_EDGE('',*,*,#4250,.T.);
#4253=ORIENTED_EDGE('',*,*,#4252,.T.);
#4255=ORIENTED_EDGE('',*,*,#4254,.T.);
#4256=ORIENTED_EDGE('',*,*,#4225,.T.);
#4258=ORIENTED_EDGE('',*,*,#4257,.T.);
#4260=ORIENTED_EDGE('',*,*,#4259,.T.);
#4262=ORIENTED_EDGE('',*,*,#4261,.T.);
#4263=EDGE_LOOP('',(#4241,#4243,#4245,#4247,#4249,#4251,#4253,#4255,#4256,#4258,
#4260,#4262));
#4264=FACE_OUTER_BOUND('',#4263,.F.);
#4266=ORIENTED_EDGE('',*,*,#4265,.T.);
#4268=ORIENTED_EDGE('',*,*,#4267,.T.);
#4269=EDGE_LOOP('',(#4266,#4268));
#4270=FACE_BOUND('',#4269,.F.);
#4271=ADVANCED_FACE('',(#4264,#4270),#4239,.T.);
#4272=CARTESIAN_POINT('',(-4.528932160189E1,-3.297437199785E2,
3.726134652201E1));
#4273=DIRECTION('',(0.E0,-9.961720194260E-1,-8.741457380056E-2));
#4274=DIRECTION('',(5.E-1,7.570324157228E-2,-8.627102753622E-1));
#4275=AXIS2_PLACEMENT_3D('',#4272,#4273,#4274);
#4276=CYLINDRICAL_SURFACE('',#4275,4.E-1);
#4277=ORIENTED_EDGE('',*,*,#4240,.F.);
#4279=ORIENTED_EDGE('',*,*,#4278,.T.);
#4280=ORIENTED_EDGE('',*,*,#3679,.F.);
#4282=ORIENTED_EDGE('',*,*,#4281,.T.);
#4283=EDGE_LOOP('',(#4277,#4279,#4280,#4282));
#4284=FACE_OUTER_BOUND('',#4283,.F.);
#4285=ADVANCED_FACE('',(#4284),#4276,.F.);
#4286=CARTESIAN_POINT('',(-4.748325262481E1,-3.297087541490E2,
3.686287771424E1));
#4287=DIRECTION('',(0.E0,8.741457380056E-2,-9.961720194260E-1));
#4288=DIRECTION('',(1.E0,0.E0,0.E0));
#4289=AXIS2_PLACEMENT_3D('',#4286,#4287,#4288);
#4290=PLANE('',#4289);
#4291=ORIENTED_EDGE('',*,*,#4278,.F.);
#4292=ORIENTED_EDGE('',*,*,#4261,.F.);
#4294=ORIENTED_EDGE('',*,*,#4293,.F.);
#4295=ORIENTED_EDGE('',*,*,#3681,.T.);
#4296=EDGE_LOOP('',(#4291,#4292,#4294,#4295));
#4297=FACE_OUTER_BOUND('',#4296,.F.);
#4298=ADVANCED_FACE('',(#4297),#4290,.F.);
#4299=CARTESIAN_POINT('',(-4.725231251714E1,-3.297437199785E2,
3.726134652201E1));
#4300=DIRECTION('',(0.E0,-9.961720194260E-1,-8.741457380056E-2));
#4301=DIRECTION('',(-5.E-1,7.570324157228E-2,-8.627102753622E-1));
#4302=AXIS2_PLACEMENT_3D('',#4299,#4300,#4301);
#4303=CYLINDRICAL_SURFACE('',#4302,4.E-1);
#4304=ORIENTED_EDGE('',*,*,#4259,.F.);
#4306=ORIENTED_EDGE('',*,*,#4305,.T.);
#4307=ORIENTED_EDGE('',*,*,#3683,.F.);
#4308=ORIENTED_EDGE('',*,*,#4293,.T.);
#4309=EDGE_LOOP('',(#4304,#4306,#4307,#4308));
#4310=FACE_OUTER_BOUND('',#4309,.F.);
#4311=ADVANCED_FACE('',(#4310),#4303,.F.);
#4312=CARTESIAN_POINT('',(-4.869568819011E1,-3.298923247539E2,
3.895483895504E1));
#4313=DIRECTION('',(-8.660254037844E-1,4.370728690028E-2,-4.980860097130E-1));
#4314=DIRECTION('',(5.E-1,7.570324157227E-2,-8.627102753621E-1));
#4315=AXIS2_PLACEMENT_3D('',#4312,#4313,#4314);
#4316=PLANE('',#4315);
#4317=ORIENTED_EDGE('',*,*,#4305,.F.);
#4318=ORIENTED_EDGE('',*,*,#4257,.F.);
#4319=ORIENTED_EDGE('',*,*,#4230,.F.);
#4320=ORIENTED_EDGE('',*,*,#3685,.F.);
#4321=EDGE_LOOP('',(#4317,#4318,#4319,#4320));
#4322=FACE_OUTER_BOUND('',#4321,.F.);
#4323=ADVANCED_FACE('',(#4322),#4316,.F.);
#4324=CARTESIAN_POINT('',(-4.505838149422E1,-3.297087541490E2,
3.686287771424E1));
#4325=DIRECTION('',(8.660254037844E-1,4.370728690028E-2,-4.980860097130E-1));
#4326=DIRECTION('',(5.E-1,-7.570324157227E-2,8.627102753621E-1));
#4327=AXIS2_PLACEMENT_3D('',#4324,#4325,#4326);
#4328=PLANE('',#4327);
#4329=ORIENTED_EDGE('',*,*,#4281,.F.);
#4330=ORIENTED_EDGE('',*,*,#3677,.F.);
#4332=ORIENTED_EDGE('',*,*,#4331,.F.);
#4333=ORIENTED_EDGE('',*,*,#4242,.F.);
#4334=EDGE_LOOP('',(#4329,#4330,#4332,#4333));
#4335=FACE_OUTER_BOUND('',#4334,.F.);
#4336=ADVANCED_FACE('',(#4335),#4328,.F.);
#4337=CARTESIAN_POINT('',(-4.430782614427E1,-3.298923247539E2,
3.895483895504E1));
#4338=DIRECTION('',(0.E0,-9.961720194260E-1,-8.741457380056E-2));
#4339=DIRECTION('',(1.E0,0.E0,2.481545218606E-14));
#4340=AXIS2_PLACEMENT_3D('',#4337,#4338,#4339);
#4341=CYLINDRICAL_SURFACE('',#4340,4.E-1);
#4342=ORIENTED_EDGE('',*,*,#4244,.F.);
#4343=ORIENTED_EDGE('',*,*,#4331,.T.);
#4344=ORIENTED_EDGE('',*,*,#3675,.F.);
#4346=ORIENTED_EDGE('',*,*,#4345,.T.);
#4347=EDGE_LOOP('',(#4342,#4343,#4344,#4346));
#4348=FACE_OUTER_BOUND('',#4347,.F.);
#4349=ADVANCED_FACE('',(#4348),#4341,.F.);
#4350=CARTESIAN_POINT('',(-4.445215997553E1,-3.299841094908E2,
4.000081312919E1));
#4351=DIRECTION('',(8.660254037844E-1,-4.370728690028E-2,4.980860097130E-1));
#4352=DIRECTION('',(-5.E-1,-7.570324157227E-2,8.627102753621E-1));
#4353=AXIS2_PLACEMENT_3D('',#4350,#4351,#4352);
#4354=PLANE('',#4353);
#4355=ORIENTED_EDGE('',*,*,#4345,.F.);
#4356=ORIENTED_EDGE('',*,*,#3673,.F.);
#4358=ORIENTED_EDGE('',*,*,#4357,.F.);
#4359=ORIENTED_EDGE('',*,*,#4246,.F.);
#4360=EDGE_LOOP('',(#4355,#4356,#4358,#4359));
#4361=FACE_OUTER_BOUND('',#4360,.F.);
#4362=ADVANCED_FACE('',(#4361),#4354,.F.);
#4363=CARTESIAN_POINT('',(-4.528932160189E1,-3.300409295294E2,
4.064833138806E1));
#4364=DIRECTION('',(0.E0,-9.961720194260E-1,-8.741457380056E-2));
#4365=DIRECTION('',(5.E-1,-7.570324157228E-2,8.627102753622E-1));
#4366=AXIS2_PLACEMENT_3D('',#4363,#4364,#4365);
#4367=CYLINDRICAL_SURFACE('',#4366,4.E-1);
#4368=ORIENTED_EDGE('',*,*,#4248,.F.);
#4369=ORIENTED_EDGE('',*,*,#4357,.T.);
#4370=ORIENTED_EDGE('',*,*,#3671,.F.);
#4372=ORIENTED_EDGE('',*,*,#4371,.T.);
#4373=EDGE_LOOP('',(#4368,#4369,#4370,#4372));
#4374=FACE_OUTER_BOUND('',#4373,.F.);
#4375=ADVANCED_FACE('',(#4374),#4367,.F.);
#4376=CARTESIAN_POINT('',(-4.505838149422E1,-3.300758953589E2,
4.104680019583E1));
#4377=DIRECTION('',(0.E0,-8.741457380056E-2,9.961720194260E-1));
#4378=DIRECTION('',(-1.E0,0.E0,0.E0));
#4379=AXIS2_PLACEMENT_3D('',#4376,#4377,#4378);
#4380=PLANE('',#4379);
#4382=ORIENTED_EDGE('',*,*,#4381,.F.);
#4383=ORIENTED_EDGE('',*,*,#4250,.F.);
#4384=ORIENTED_EDGE('',*,*,#4371,.F.);
#4385=ORIENTED_EDGE('',*,*,#3669,.T.);
#4386=EDGE_LOOP('',(#4382,#4383,#4384,#4385));
#4387=FACE_OUTER_BOUND('',#4386,.F.);
#4388=ADVANCED_FACE('',(#4387),#4380,.F.);
#4389=CARTESIAN_POINT('',(-4.725231251714E1,-3.300409295294E2,
4.064833138806E1));
#4390=DIRECTION('',(0.E0,-9.961720194260E-1,-8.741457380056E-2));
#4391=DIRECTION('',(-5.E-1,-7.570324157228E-2,8.627102753622E-1));
#4392=AXIS2_PLACEMENT_3D('',#4389,#4390,#4391);
#4393=CYLINDRICAL_SURFACE('',#4392,4.E-1);
#4394=ORIENTED_EDGE('',*,*,#4252,.F.);
#4395=ORIENTED_EDGE('',*,*,#4381,.T.);
#4396=ORIENTED_EDGE('',*,*,#3667,.F.);
#4398=ORIENTED_EDGE('',*,*,#4397,.T.);
#4399=EDGE_LOOP('',(#4394,#4395,#4396,#4398));
#4400=FACE_OUTER_BOUND('',#4399,.F.);
#4401=ADVANCED_FACE('',(#4400),#4393,.F.);
#4402=CARTESIAN_POINT('',(-4.748325262481E1,-3.300758953589E2,
4.104680019583E1));
#4403=DIRECTION('',(-8.660254037844E-1,-4.370728690028E-2,4.980860097130E-1));
#4404=DIRECTION('',(-5.E-1,7.570324157227E-2,-8.627102753621E-1));
#4405=AXIS2_PLACEMENT_3D('',#4402,#4403,#4404);
#4406=PLANE('',#4405);
#4407=ORIENTED_EDGE('',*,*,#4227,.F.);
#4408=ORIENTED_EDGE('',*,*,#4254,.F.);
#4409=ORIENTED_EDGE('',*,*,#4397,.F.);
#4410=ORIENTED_EDGE('',*,*,#3665,.F.);
#4411=EDGE_LOOP('',(#4407,#4408,#4409,#4410));
#4412=FACE_OUTER_BOUND('',#4411,.F.);
#4413=ADVANCED_FACE('',(#4412),#4406,.F.);
#4414=CARTESIAN_POINT('',(-4.627081705952E1,-3.298923247539E2,
3.895483895504E1));
#4415=DIRECTION('',(0.E0,-9.961720194260E-1,-8.741457380056E-2));
#4416=DIRECTION('',(1.E0,0.E0,0.E0));
#4417=AXIS2_PLACEMENT_3D('',#4414,#4415,#4416);
#4418=CYLINDRICAL_SURFACE('',#4417,1.15E0);
#4420=ORIENTED_EDGE('',*,*,#4419,.F.);
#4422=ORIENTED_EDGE('',*,*,#4421,.F.);
#4424=ORIENTED_EDGE('',*,*,#4423,.F.);
#4425=ORIENTED_EDGE('',*,*,#4265,.F.);
#4426=EDGE_LOOP('',(#4420,#4422,#4424,#4425));
#4427=FACE_OUTER_BOUND('',#4426,.F.);
#4428=ADVANCED_FACE('',(#4427),#4418,.F.);
#4429=CARTESIAN_POINT('',(-4.627081705952E1,-3.298923247539E2,
3.895483895504E1));
#4430=DIRECTION('',(0.E0,-9.961720194260E-1,-8.741457380056E-2));
#4431=DIRECTION('',(1.E0,0.E0,0.E0));
#4432=AXIS2_PLACEMENT_3D('',#4429,#4430,#4431);
#4433=CYLINDRICAL_SURFACE('',#4432,1.15E0);
#4434=ORIENTED_EDGE('',*,*,#4423,.T.);
#4436=ORIENTED_EDGE('',*,*,#4435,.F.);
#4437=ORIENTED_EDGE('',*,*,#4419,.T.);
#4438=ORIENTED_EDGE('',*,*,#4267,.F.);
#4439=EDGE_LOOP('',(#4434,#4436,#4437,#4438));
#4440=FACE_OUTER_BOUND('',#4439,.F.);
#4441=ADVANCED_FACE('',(#4440),#4433,.F.);
#4442=CARTESIAN_POINT('',(0.E0,-3.278924888536E2,-3.178425166346E1));
#4443=DIRECTION('',(0.E0,-9.961720194260E-1,-8.741457380055E-2));
#4444=DIRECTION('',(1.E0,0.E0,0.E0));
#4445=AXIS2_PLACEMENT_3D('',#4442,#4443,#4444);
#4446=PLANE('',#4445);
#4448=ORIENTED_EDGE('',*,*,#4447,.T.);
#4450=ORIENTED_EDGE('',*,*,#4449,.T.);
#4451=EDGE_LOOP('',(#4448,#4450));
#4452=FACE_OUTER_BOUND('',#4451,.F.);
#4453=ORIENTED_EDGE('',*,*,#4435,.T.);
#4454=ORIENTED_EDGE('',*,*,#4421,.T.);
#4455=EDGE_LOOP('',(#4453,#4454));
#4456=FACE_BOUND('',#4455,.F.);
#4457=ADVANCED_FACE('',(#4452,#4456),#4446,.T.);
#4458=CARTESIAN_POINT('',(-4.627081705952E1,-3.328723204434E2,
3.869334290010E1));
#4459=DIRECTION('',(0.E0,-9.961720194260E-1,-8.741457380055E-2));
#4460=DIRECTION('',(1.E0,0.E0,0.E0));
#4461=AXIS2_PLACEMENT_3D('',#4458,#4459,#4460);
#4462=CYLINDRICAL_SURFACE('',#4461,2.05E0);
#4463=ORIENTED_EDGE('',*,*,#3353,.F.);
#4465=ORIENTED_EDGE('',*,*,#4464,.F.);
#4466=ORIENTED_EDGE('',*,*,#4447,.F.);
#4468=ORIENTED_EDGE('',*,*,#4467,.T.);
#4469=EDGE_LOOP('',(#4463,#4465,#4466,#4468));
#4470=FACE_OUTER_BOUND('',#4469,.F.);
#4471=ADVANCED_FACE('',(#4470),#4462,.T.);
#4472=CARTESIAN_POINT('',(-4.627081705952E1,-3.328723204434E2,
3.869334290010E1));
#4473=DIRECTION('',(0.E0,-9.961720194260E-1,-8.741457380055E-2));
#4474=DIRECTION('',(1.E0,0.E0,0.E0));
#4475=AXIS2_PLACEMENT_3D('',#4472,#4473,#4474);
#4476=CYLINDRICAL_SURFACE('',#4475,2.05E0);
#4477=ORIENTED_EDGE('',*,*,#3355,.F.);
#4478=ORIENTED_EDGE('',*,*,#4467,.F.);
#4479=ORIENTED_EDGE('',*,*,#4449,.F.);
#4480=ORIENTED_EDGE('',*,*,#4464,.T.);
#4481=EDGE_LOOP('',(#4477,#4478,#4479,#4480));
#4482=FACE_OUTER_BOUND('',#4481,.F.);
#4483=ADVANCED_FACE('',(#4482),#4476,.T.);
#4484=CARTESIAN_POINT('',(-1.095060492032E1,-3.299730206796E2,
4.078962480681E1));
#4485=DIRECTION('',(-3.268825286638E-3,-8.741410677726E-2,9.961666972538E-1));
#4486=DIRECTION('',(-9.999946573764E-1,2.857429694592E-4,-3.256312286924E-3));
#4487=AXIS2_PLACEMENT_3D('',#4484,#4485,#4486);
#4488=PLANE('',#4487);
#4490=ORIENTED_EDGE('',*,*,#4489,.F.);
#4491=ORIENTED_EDGE('',*,*,#3689,.F.);
#4493=ORIENTED_EDGE('',*,*,#4492,.F.);
#4495=ORIENTED_EDGE('',*,*,#4494,.T.);
#4496=EDGE_LOOP('',(#4490,#4491,#4493,#4495));
#4497=FACE_OUTER_BOUND('',#4496,.F.);
#4498=ADVANCED_FACE('',(#4497),#4488,.F.);
#4499=CARTESIAN_POINT('',(-1.032064698854E1,-3.304253752601E2,
4.045355928626E1));
#4500=CARTESIAN_POINT('',(-1.028138837460E1,-3.304282346536E2,
4.048614479054E1));
#4501=CARTESIAN_POINT('',(-1.025321856714E1,-3.304343240166E2,
4.055553886157E1));
#4502=CARTESIAN_POINT('',(-1.029423355887E1,-3.304430335104E2,
4.065479180755E1));
#4503=CARTESIAN_POINT('',(-1.035223222277E1,-3.304480513698E2,
4.071197507671E1));
#4504=CARTESIAN_POINT('',(-1.040574018310E1,-3.304504368236E2,
4.073915958621E1));
#4505=CARTESIAN_POINT('',(-1.043721530769E1,-3.304511858898E2,
4.074769590643E1));
#4506=CARTESIAN_POINT('',(-1.048952033377E1,-3.304516325859E2,
4.075278643329E1));
#4507=CARTESIAN_POINT('',(-1.053384371334E1,-3.304499025713E2,
4.073307127454E1));
#4508=CARTESIAN_POINT('',(-1.055907185726E1,-3.304459834926E2,
4.068840965031E1));
#4510=DIRECTION('',(0.E0,9.961720194260E-1,8.741457380043E-2));
#4511=VECTOR('',#4510,1.E0);
#4512=SURFACE_OF_LINEAR_EXTRUSION('',#4509,#4511);
#4514=ORIENTED_EDGE('',*,*,#4513,.F.);
#4515=ORIENTED_EDGE('',*,*,#3691,.F.);
#4516=ORIENTED_EDGE('',*,*,#4489,.T.);
#4518=ORIENTED_EDGE('',*,*,#4517,.F.);
#4519=EDGE_LOOP('',(#4514,#4515,#4516,#4518));
#4520=FACE_OUTER_BOUND('',#4519,.F.);
#4521=ADVANCED_FACE('',(#4520),#4512,.T.);
#4522=CARTESIAN_POINT('',(-1.026466234225E1,-3.298939924834E2,
3.988902351826E1));
#4523=DIRECTION('',(9.999946618303E-1,-2.856238377005E-4,3.254954669938E-3));
#4524=DIRECTION('',(-3.267462452732E-3,-8.741410716687E-2,9.961667016907E-1));
#4525=AXIS2_PLACEMENT_3D('',#4522,#4523,#4524);
#4526=PLANE('',#4525);
#4528=ORIENTED_EDGE('',*,*,#4527,.F.);
#4529=ORIENTED_EDGE('',*,*,#3693,.F.);
#4530=ORIENTED_EDGE('',*,*,#4513,.T.);
#4532=ORIENTED_EDGE('',*,*,#4531,.T.);
#4533=EDGE_LOOP('',(#4528,#4529,#4530,#4532));
#4534=FACE_OUTER_BOUND('',#4533,.F.);
#4535=ADVANCED_FACE('',(#4534),#4526,.F.);
#4536=CARTESIAN_POINT('',(-9.609821703275E0,-3.303191736040E2,
3.924329063729E1));
#4537=CARTESIAN_POINT('',(-9.592047046260E0,-3.303163746130E2,
3.921139347984E1));
#4538=CARTESIAN_POINT('',(-9.571219644358E0,-3.303085541553E2,
3.912227194358E1));
#4539=CARTESIAN_POINT('',(-9.619352518690E0,-3.302959755462E2,
3.897892675594E1));
#4540=CARTESIAN_POINT('',(-9.735513478124E0,-3.302888258926E2,
3.889744966878E1));
#4541=CARTESIAN_POINT('',(-9.843005690543E0,-3.302871447149E2,
3.887829105394E1));
#4542=CARTESIAN_POINT('',(-9.928646445887E0,-3.302871003899E2,
3.887778592829E1));
#4543=CARTESIAN_POINT('',(-1.001344658510E1,-3.302872414808E2,
3.887939379340E1));
#4544=CARTESIAN_POINT('',(-1.011725540761E1,-3.302890212825E2,
3.889967632195E1));
#4545=CARTESIAN_POINT('',(-1.022732177865E1,-3.302962410205E2,
3.898195208795E1));
#4546=CARTESIAN_POINT('',(-1.027424541498E1,-3.303084011140E2,
3.912052789192E1));
#4547=CARTESIAN_POINT('',(-1.025449412803E1,-3.303161418284E2,
3.920874067847E1));
#4548=CARTESIAN_POINT('',(-1.023720232680E1,-3.303189796527E2,
3.924108038023E1));
#4550=DIRECTION('',(-1.315559480684E-14,9.961720194260E-1,8.741457380043E-2));
#4551=VECTOR('',#4550,1.E0);
#4552=SURFACE_OF_LINEAR_EXTRUSION('',#4549,#4551);
#4554=ORIENTED_EDGE('',*,*,#4553,.F.);
#4555=ORIENTED_EDGE('',*,*,#3695,.F.);
#4556=ORIENTED_EDGE('',*,*,#4527,.T.);
#4558=ORIENTED_EDGE('',*,*,#4557,.F.);
#4559=EDGE_LOOP('',(#4554,#4555,#4556,#4558));
#4560=FACE_OUTER_BOUND('',#4559,.F.);
#4561=ADVANCED_FACE('',(#4560),#4552,.T.);
#4562=CARTESIAN_POINT('',(-9.585923127881E0,-3.298941864308E2,
3.989123373272E1));
#4563=DIRECTION('',(-9.999946638119E-1,2.855708185058E-4,-3.254350465903E-3));
#4564=DIRECTION('',(3.266855926928E-3,8.741410734E-2,-9.961667036648E-1));
#4565=AXIS2_PLACEMENT_3D('',#4562,#4563,#4564);
#4566=PLANE('',#4565);
#4568=ORIENTED_EDGE('',*,*,#4567,.F.);
#4569=ORIENTED_EDGE('',*,*,#3697,.F.);
#4570=ORIENTED_EDGE('',*,*,#4553,.T.);
#4572=ORIENTED_EDGE('',*,*,#4571,.T.);
#4573=EDGE_LOOP('',(#4568,#4569,#4570,#4572));
#4574=FACE_OUTER_BOUND('',#4573,.F.);
#4575=ADVANCED_FACE('',(#4574),#4566,.F.);
#4576=CARTESIAN_POINT('',(-9.297741540406E0,-3.304464545390E2,
4.069377768888E1));
#4577=CARTESIAN_POINT('',(-9.323225036843E0,-3.304502747559E2,
4.073731267086E1));
#4578=CARTESIAN_POINT('',(-9.367341130142E0,-3.304519504131E2,
4.075640837520E1));
#4579=CARTESIAN_POINT('',(-9.419285660558E0,-3.304514766177E2,
4.075100902710E1));
#4580=CARTESIAN_POINT('',(-9.450721667166E0,-3.304507087986E2,
4.074225899899E1));
#4581=CARTESIAN_POINT('',(-9.504059113159E0,-3.304482913094E2,
4.071470941555E1));
#4582=CARTESIAN_POINT('',(-9.561669882835E0,-3.304432400744E2,
4.065714580060E1));
#4583=CARTESIAN_POINT('',(-9.602906925042E0,-3.304343136860E2,
4.055542113356E1));
#4584=CARTESIAN_POINT('',(-9.571381112506E0,-3.304280243532E2,
4.048374821836E1));
#4585=CARTESIAN_POINT('',(-9.525782026840E0,-3.304250439147E2,
4.044978329443E1));
#4587=DIRECTION('',(-2.281864705819E-14,9.961720194260E-1,8.741457380043E-2));
#4588=VECTOR('',#4587,1.E0);
#4589=SURFACE_OF_LINEAR_EXTRUSION('',#4586,#4588);
#4591=ORIENTED_EDGE('',*,*,#4590,.F.);
#4592=ORIENTED_EDGE('',*,*,#3699,.F.);
#4593=ORIENTED_EDGE('',*,*,#4567,.T.);
#4595=ORIENTED_EDGE('',*,*,#4594,.F.);
#4596=EDGE_LOOP('',(#4591,#4592,#4593,#4595));
#4597=FACE_OUTER_BOUND('',#4596,.F.);
#4598=ADVANCED_FACE('',(#4597),#4589,.T.);
#4599=CARTESIAN_POINT('',(-8.905902758350E0,-3.299736049468E2,
4.079628308613E1));
#4600=DIRECTION('',(-3.268825287445E-3,-8.741410677726E-2,9.961666972538E-1));
#4601=DIRECTION('',(-9.999946573763E-1,2.857429690817E-4,-3.256312287767E-3));
#4602=AXIS2_PLACEMENT_3D('',#4599,#4600,#4601);
#4603=PLANE('',#4602);
#4605=ORIENTED_EDGE('',*,*,#4604,.F.);
#4606=ORIENTED_EDGE('',*,*,#3701,.F.);
#4607=ORIENTED_EDGE('',*,*,#4590,.T.);
#4609=ORIENTED_EDGE('',*,*,#4608,.T.);
#4610=EDGE_LOOP('',(#4605,#4606,#4607,#4609));
#4611=FACE_OUTER_BOUND('',#4610,.F.);
#4612=ADVANCED_FACE('',(#4611),#4603,.F.);
#4613=CARTESIAN_POINT('',(-8.275955465972E0,-3.304259595251E2,
4.046021754346E1));
#4614=CARTESIAN_POINT('',(-8.236696687656E0,-3.304288189234E2,
4.049280309954E1));
#4615=CARTESIAN_POINT('',(-8.208526798545E0,-3.304349082891E2,
4.056219720034E1));
#4616=CARTESIAN_POINT('',(-8.249541883341E0,-3.304436177790E2,
4.066145010286E1));
#4617=CARTESIAN_POINT('',(-8.307540516289E0,-3.304486356357E2,
4.071863334042E1));
#4618=CARTESIAN_POINT('',(-8.361048465567E0,-3.304510210883E2,
4.074581783752E1));
#4619=CARTESIAN_POINT('',(-8.392523580850E0,-3.304517701541E2,
4.075435415258E1));
#4620=CARTESIAN_POINT('',(-8.444828601873E0,-3.304522168502E2,
4.075944467773E1));
#4621=CARTESIAN_POINT('',(-8.489151978218E0,-3.304504868356E2,
4.073972952076E1));
#4622=CARTESIAN_POINT('',(-8.514380116409E0,-3.304465677558E2,
4.069506789227E1));
#4624=DIRECTION('',(-2.096827535049E-14,9.961720194260E-1,8.741457380042E-2));
#4625=VECTOR('',#4624,1.E0);
#4626=SURFACE_OF_LINEAR_EXTRUSION('',#4623,#4625);
#4628=ORIENTED_EDGE('',*,*,#4627,.F.);
#4629=ORIENTED_EDGE('',*,*,#3703,.F.);
#4630=ORIENTED_EDGE('',*,*,#4604,.T.);
#4632=ORIENTED_EDGE('',*,*,#4631,.F.);
#4633=EDGE_LOOP('',(#4628,#4629,#4630,#4632));
#4634=FACE_OUTER_BOUND('',#4633,.F.);
#4635=ADVANCED_FACE('',(#4634),#4626,.T.);
#4636=CARTESIAN_POINT('',(-8.218745657308E0,-3.298617770051E2,
3.952189757206E1));
#4637=DIRECTION('',(9.999946650556E-1,-2.855375378507E-4,3.253971201257E-3));
#4638=DIRECTION('',(-3.266475204886E-3,-8.741410744893E-2,9.961667049037E-1));
#4639=AXIS2_PLACEMENT_3D('',#4636,#4637,#4638);
#4640=PLANE('',#4639);
#4642=ORIENTED_EDGE('',*,*,#4641,.F.);
#4643=ORIENTED_EDGE('',*,*,#3705,.F.);
#4644=ORIENTED_EDGE('',*,*,#4627,.T.);
#4646=ORIENTED_EDGE('',*,*,#4645,.T.);
#4647=EDGE_LOOP('',(#4642,#4643,#4644,#4646));
#4648=FACE_OUTER_BOUND('',#4647,.F.);
#4649=ADVANCED_FACE('',(#4648),#4640,.F.);
#4650=CARTESIAN_POINT('',(-8.342567815621E0,-3.302253231922E2,
3.817377613753E1));
#4651=CARTESIAN_POINT('',(-8.341054773552E0,-3.302254012010E2,
3.817466512133E1));
#4652=CARTESIAN_POINT('',(-8.314722870798E0,-3.302267988794E2,
3.819059299393E1));
#4653=CARTESIAN_POINT('',(-8.269954103035E0,-3.302305440574E2,
3.823327285117E1));
#4654=CARTESIAN_POINT('',(-8.227257474167E0,-3.302372374520E2,
3.830955043371E1));
#4655=CARTESIAN_POINT('',(-8.214736323920E0,-3.302425224963E2,
3.836977852822E1));
#4656=CARTESIAN_POINT('',(-8.215227642546E0,-3.302451910577E2,
3.840018931801E1));
#4657=CARTESIAN_POINT('',(-8.215278929857E0,-3.302453445859E2,
3.840193891714E1));
#4659=DIRECTION('',(-1.988889185432E-14,9.961720194260E-1,8.741457380043E-2));
#4660=VECTOR('',#4659,1.E0);
#4661=SURFACE_OF_LINEAR_EXTRUSION('',#4658,#4660);
#4662=ORIENTED_EDGE('',*,*,#4641,.T.);
#4664=ORIENTED_EDGE('',*,*,#4663,.F.);
#4666=ORIENTED_EDGE('',*,*,#4665,.T.);
#4667=ORIENTED_EDGE('',*,*,#3707,.F.);
#4668=EDGE_LOOP('',(#4662,#4664,#4666,#4667));
#4669=FACE_OUTER_BOUND('',#4668,.F.);
#4670=ADVANCED_FACE('',(#4669),#4661,.T.);
#4671=CARTESIAN_POINT('',(-1.163306921262E1,-3.304519083804E2,
4.075592937187E1));
#4672=DIRECTION('',(0.E0,9.961720194260E-1,8.741457380056E-2));
#4673=DIRECTION('',(0.E0,8.741457380056E-2,-9.961720194260E-1));
#4674=AXIS2_PLACEMENT_3D('',#4671,#4672,#4673);
#4675=PLANE('',#4674);
#4676=ORIENTED_EDGE('',*,*,#4494,.F.);
#4678=ORIENTED_EDGE('',*,*,#4677,.T.);
#4680=ORIENTED_EDGE('',*,*,#4679,.F.);
#4682=ORIENTED_EDGE('',*,*,#4681,.T.);
#4684=ORIENTED_EDGE('',*,*,#4683,.T.);
#4686=ORIENTED_EDGE('',*,*,#4685,.T.);
#4688=ORIENTED_EDGE('',*,*,#4687,.F.);
#4690=ORIENTED_EDGE('',*,*,#4689,.T.);
#4692=ORIENTED_EDGE('',*,*,#4691,.F.);
#4694=ORIENTED_EDGE('',*,*,#4693,.T.);
#4696=ORIENTED_EDGE('',*,*,#4695,.F.);
#4698=ORIENTED_EDGE('',*,*,#4697,.T.);
#4700=ORIENTED_EDGE('',*,*,#4699,.T.);
#4701=ORIENTED_EDGE('',*,*,#4663,.T.);
#4702=ORIENTED_EDGE('',*,*,#4645,.F.);
#4703=ORIENTED_EDGE('',*,*,#4631,.T.);
#4704=ORIENTED_EDGE('',*,*,#4608,.F.);
#4705=ORIENTED_EDGE('',*,*,#4594,.T.);
#4706=ORIENTED_EDGE('',*,*,#4571,.F.);
#4707=ORIENTED_EDGE('',*,*,#4557,.T.);
#4708=ORIENTED_EDGE('',*,*,#4531,.F.);
#4709=ORIENTED_EDGE('',*,*,#4517,.T.);
#4710=EDGE_LOOP('',(#4676,#4678,#4680,#4682,#4684,#4686,#4688,#4690,#4692,#4694,
#4696,#4698,#4700,#4701,#4702,#4703,#4704,#4705,#4706,#4707,#4708,#4709));
#4711=FACE_OUTER_BOUND('',#4710,.F.);
#4712=ADVANCED_FACE('',(#4711),#4675,.T.);
#4713=CARTESIAN_POINT('',(-1.133989647156E1,-3.304460367654E2,
4.068901674955E1));
#4714=CARTESIAN_POINT('',(-1.136787413632E1,-3.304497017933E2,
4.073078321895E1));
#4715=CARTESIAN_POINT('',(-1.140799512318E1,-3.304512088150E2,
4.074795716125E1));
#4716=CARTESIAN_POINT('',(-1.145175587596E1,-3.304510042014E2,
4.074562539514E1));
#4717=CARTESIAN_POINT('',(-1.146794239258E1,-3.304507960402E2,
4.074325320063E1));
#4718=CARTESIAN_POINT('',(-1.149544353963E1,-3.304501230207E2,
4.073558350420E1));
#4719=CARTESIAN_POINT('',(-1.154841627438E1,-3.304477361526E2,
4.070838287756E1));
#4720=CARTESIAN_POINT('',(-1.160771273860E1,-3.304424829833E2,
4.064851802797E1));
#4721=CARTESIAN_POINT('',(-1.164739722670E1,-3.304337124887E2,
4.054856992056E1));
#4722=CARTESIAN_POINT('',(-1.161604878199E1,-3.304272762158E2,
4.047522248239E1));
#4723=CARTESIAN_POINT('',(-1.157162144865E1,-3.304240100001E2,
4.043800085432E1));
#4725=DIRECTION('',(0.E0,9.961720194260E-1,8.741457380042E-2));
#4726=VECTOR('',#4725,1.E0);
#4727=SURFACE_OF_LINEAR_EXTRUSION('',#4724,#4726);
#4729=ORIENTED_EDGE('',*,*,#4728,.T.);
#4730=ORIENTED_EDGE('',*,*,#4677,.F.);
#4731=ORIENTED_EDGE('',*,*,#4492,.T.);
#4732=ORIENTED_EDGE('',*,*,#3731,.F.);
#4733=EDGE_LOOP('',(#4729,#4730,#4731,#4732));
#4734=FACE_OUTER_BOUND('',#4733,.F.);
#4735=ADVANCED_FACE('',(#4734),#4727,.T.);
#4736=CARTESIAN_POINT('',(-1.162941004141E1,-3.298608033275E2,
3.951080159193E1));
#4737=DIRECTION('',(-9.999946633463E-1,2.855832774619E-4,-3.254492447369E-3));
#4738=DIRECTION('',(3.266998453986E-3,8.741410729927E-2,-9.961667032009E-1));
#4739=AXIS2_PLACEMENT_3D('',#4736,#4737,#4738);
#4740=PLANE('',#4739);
#4742=ORIENTED_EDGE('',*,*,#4741,.F.);
#4743=ORIENTED_EDGE('',*,*,#4679,.T.);
#4744=ORIENTED_EDGE('',*,*,#4728,.F.);
#4745=ORIENTED_EDGE('',*,*,#3729,.F.);
#4746=EDGE_LOOP('',(#4742,#4743,#4744,#4745));
#4747=FACE_OUTER_BOUND('',#4746,.F.);
#4748=ADVANCED_FACE('',(#4747),#4740,.F.);
#4749=CARTESIAN_POINT('',(-1.162580350031E1,-3.302443837916E2,
3.839098975483E1));
#4750=CARTESIAN_POINT('',(-1.162584555041E1,-3.302442262577E2,
3.838919450688E1));
#4751=CARTESIAN_POINT('',(-1.162615662704E1,-3.302414763544E2,
3.835785675002E1));
#4752=CARTESIAN_POINT('',(-1.161247722E1,-3.302360516496E2,3.829603709048E1));
#4753=CARTESIAN_POINT('',(-1.156726872535E1,-3.302292578908E2,
3.821861576254E1));
#4754=CARTESIAN_POINT('',(-1.152008299985E1,-3.302255366811E2,
3.817620904590E1));
#4755=CARTESIAN_POINT('',(-1.149258125839E1,-3.302242007007E2,
3.816098428253E1));
#4756=CARTESIAN_POINT('',(-1.149099112339E1,-3.302241258858E2,
3.816013169575E1));
#4758=DIRECTION('',(0.E0,9.961720194260E-1,8.741457380043E-2));
#4759=VECTOR('',#4758,1.E0);
#4760=SURFACE_OF_LINEAR_EXTRUSION('',#4757,#4759);
#4761=ORIENTED_EDGE('',*,*,#4741,.T.);
#4762=ORIENTED_EDGE('',*,*,#3727,.F.);
#4764=ORIENTED_EDGE('',*,*,#4763,.T.);
#4765=ORIENTED_EDGE('',*,*,#4681,.F.);
#4766=EDGE_LOOP('',(#4761,#4762,#4764,#4765));
#4767=FACE_OUTER_BOUND('',#4766,.F.);
#4768=ADVANCED_FACE('',(#4767),#4760,.T.);
#4769=CARTESIAN_POINT('',(-1.106846792392E1,-3.297247912810E2,
3.796081525481E1));
#4770=DIRECTION('',(-4.971884054155E-1,7.584460850265E-2,-8.643212856811E-1));
#4771=DIRECTION('',(8.676426047172E-1,4.346151255760E-2,-4.952851778580E-1));
#4772=AXIS2_PLACEMENT_3D('',#4769,#4770,#4771);
#4773=PLANE('',#4772);
#4775=ORIENTED_EDGE('',*,*,#4774,.T.);
#4776=ORIENTED_EDGE('',*,*,#4683,.F.);
#4777=ORIENTED_EDGE('',*,*,#4763,.F.);
#4778=ORIENTED_EDGE('',*,*,#3725,.F.);
#4779=EDGE_LOOP('',(#4775,#4776,#4777,#4778));
#4780=FACE_OUTER_BOUND('',#4779,.F.);
#4781=ADVANCED_FACE('',(#4780),#4773,.F.);
#4782=CARTESIAN_POINT('',(-1.068098491715E1,-3.296973217812E2,
3.764777423799E1));
#4783=DIRECTION('',(-9.621672479731E-14,9.961720194260E-1,8.741457380073E-2));
#4784=DIRECTION('',(4.971875024717E-1,-7.584465373240E-2,8.643218011170E-1));
#4785=AXIS2_PLACEMENT_3D('',#4782,#4783,#4784);
#4786=CYLINDRICAL_SURFACE('',#4785,7.999936933028E-2);
#4787=ORIENTED_EDGE('',*,*,#4774,.F.);
#4788=ORIENTED_EDGE('',*,*,#3723,.F.);
#4790=ORIENTED_EDGE('',*,*,#4789,.T.);
#4791=ORIENTED_EDGE('',*,*,#4685,.F.);
#4792=EDGE_LOOP('',(#4787,#4788,#4790,#4791));
#4793=FACE_OUTER_BOUND('',#4792,.F.);
#4794=ADVANCED_FACE('',(#4793),#4786,.T.);
#4795=CARTESIAN_POINT('',(-1.060000797914E1,-3.296711766896E2,
3.734982610987E1));
#4796=DIRECTION('',(-9.999946633463E-1,2.855832773737E-4,-3.254492447551E-3));
#4797=DIRECTION('',(3.266998454160E-3,8.741410729938E-2,-9.961667032009E-1));
#4798=AXIS2_PLACEMENT_3D('',#4795,#4796,#4797);
#4799=PLANE('',#4798);
#4800=ORIENTED_EDGE('',*,*,#4789,.F.);
#4801=ORIENTED_EDGE('',*,*,#3721,.F.);
#4803=ORIENTED_EDGE('',*,*,#4802,.F.);
#4804=ORIENTED_EDGE('',*,*,#4687,.T.);
#4805=EDGE_LOOP('',(#4800,#4801,#4803,#4804));
#4806=FACE_OUTER_BOUND('',#4805,.F.);
#4807=ADVANCED_FACE('',(#4806),#4799,.F.);
#4808=CARTESIAN_POINT('',(-1.054536054432E1,-3.301322068604E2,
3.711262717620E1));
#4809=CARTESIAN_POINT('',(-1.058462824524E1,-3.301293475743E2,
3.708004289797E1));
#4810=CARTESIAN_POINT('',(-1.061280166407E1,-3.301232585757E2,
3.701065297975E1));
#4811=CARTESIAN_POINT('',(-1.057178656035E1,-3.301145496382E2,
3.691140637276E1));
#4812=CARTESIAN_POINT('',(-1.051378828619E1,-3.301095324694E2,
3.685423097280E1));
#4813=CARTESIAN_POINT('',(-1.046028086556E1,-3.301071472018E2,
3.682704858566E1));
#4814=CARTESIAN_POINT('',(-1.042880478324E1,-3.301063981607E2,
3.681851255107E1));
#4815=CARTESIAN_POINT('',(-1.037649910376E1,-3.301059515004E2,
3.681342243354E1));
#4816=CARTESIAN_POINT('',(-1.033217531072E1,-3.301076812093E2,
3.683313410778E1));
#4817=CARTESIAN_POINT('',(-1.030694526507E1,-3.301115990154E2,
3.687778122568E1));
#4819=DIRECTION('',(-1.045433974820E-13,9.961720194260E-1,8.741457380072E-2));
#4820=VECTOR('',#4819,1.E0);
#4821=SURFACE_OF_LINEAR_EXTRUSION('',#4818,#4820);
#4822=ORIENTED_EDGE('',*,*,#4802,.T.);
#4823=ORIENTED_EDGE('',*,*,#3719,.F.);
#4825=ORIENTED_EDGE('',*,*,#4824,.T.);
#4826=ORIENTED_EDGE('',*,*,#4689,.F.);
#4827=EDGE_LOOP('',(#4822,#4823,#4825,#4826));
#4828=FACE_OUTER_BOUND('',#4827,.F.);
#4829=ADVANCED_FACE('',(#4828),#4821,.T.);
#4830=CARTESIAN_POINT('',(-9.915414542644E0,-3.296282382381E2,
3.686050170912E1));
#4831=DIRECTION('',(3.268852272372E-3,8.741410676954E-2,-9.961666971659E-1));
#4832=DIRECTION('',(9.999946572881E-1,-2.857453285749E-4,3.256339169342E-3));
#4833=AXIS2_PLACEMENT_3D('',#4830,#4831,#4832);
#4834=PLANE('',#4833);
#4836=ORIENTED_EDGE('',*,*,#4835,.F.);
#4837=ORIENTED_EDGE('',*,*,#4691,.T.);
#4838=ORIENTED_EDGE('',*,*,#4824,.F.);
#4839=ORIENTED_EDGE('',*,*,#3717,.F.);
#4840=EDGE_LOOP('',(#4836,#4837,#4838,#4839));
#4841=FACE_OUTER_BOUND('',#4840,.F.);
#4842=ADVANCED_FACE('',(#4841),#4834,.F.);
#4843=CARTESIAN_POINT('',(-9.523671537560E0,-3.301116946008E2,
3.687887050099E1));
#4844=CARTESIAN_POINT('',(-9.498072367154E0,-3.301078919020E2,
3.683553514984E1));
#4845=CARTESIAN_POINT('',(-9.453955753364E0,-3.301062182380E2,
3.681646216185E1));
#4846=CARTESIAN_POINT('',(-9.402023010505E0,-3.301066915914E2,
3.682185647271E1));
#4847=CARTESIAN_POINT('',(-9.370583319473E0,-3.301074600004E2,
3.683061322268E1));
#4848=CARTESIAN_POINT('',(-9.332924379738E0,-3.301091635767E2,
3.685002709083E1));
#4849=CARTESIAN_POINT('',(-9.293822374715E0,-3.301119367519E2,
3.688163005414E1));
#4850=CARTESIAN_POINT('',(-9.252794144308E0,-3.301164164555E2,
3.693268052760E1));
#4851=CARTESIAN_POINT('',(-9.218395068856E0,-3.301238518911E2,
3.701741437228E1));
#4852=CARTESIAN_POINT('',(-9.249909902577E0,-3.301301167890E2,
3.708880882930E1));
#4853=CARTESIAN_POINT('',(-9.295568615286E0,-3.301330486584E2,
3.712222026413E1));
#4855=DIRECTION('',(0.E0,9.961720194260E-1,8.741457380043E-2));
#4856=VECTOR('',#4855,1.E0);
#4857=SURFACE_OF_LINEAR_EXTRUSION('',#4854,#4856);
#4858=ORIENTED_EDGE('',*,*,#4835,.T.);
#4859=ORIENTED_EDGE('',*,*,#3715,.F.);
#4861=ORIENTED_EDGE('',*,*,#4860,.T.);
#4862=ORIENTED_EDGE('',*,*,#4693,.F.);
#4863=EDGE_LOOP('',(#4858,#4859,#4861,#4862));
#4864=FACE_OUTER_BOUND('',#4863,.F.);
#4865=ADVANCED_FACE('',(#4864),#4857,.T.);
#4866=CARTESIAN_POINT('',(-9.234044979102E0,-3.296715599978E2,
3.735419427017E1));
#4867=DIRECTION('',(9.999946633463E-1,-2.855832774209E-4,3.254492447262E-3));
#4868=DIRECTION('',(-3.266998453876E-3,-8.741410729947E-2,9.961667032009E-1));
#4869=AXIS2_PLACEMENT_3D('',#4866,#4867,#4868);
#4870=PLANE('',#4869);
#4872=ORIENTED_EDGE('',*,*,#4871,.F.);
#4873=ORIENTED_EDGE('',*,*,#4695,.T.);
#4874=ORIENTED_EDGE('',*,*,#4860,.F.);
#4875=ORIENTED_EDGE('',*,*,#3713,.F.);
#4876=EDGE_LOOP('',(#4872,#4873,#4874,#4875));
#4877=FACE_OUTER_BOUND('',#4876,.F.);
#4878=ADVANCED_FACE('',(#4877),#4870,.F.);
#4879=CARTESIAN_POINT('',(-9.155023419315E0,-3.296977437663E2,
3.765258315924E1));
#4880=DIRECTION('',(-8.511449455095E-14,9.961720194260E-1,8.741457380046E-2));
#4881=DIRECTION('',(-9.999946672382E-1,2.854791243604E-4,-3.253305524916E-3));
#4882=AXIS2_PLACEMENT_3D('',#4879,#4880,#4881);
#4883=CYLINDRICAL_SURFACE('',#4882,7.999972010873E-2);
#4884=ORIENTED_EDGE('',*,*,#4871,.T.);
#4885=ORIENTED_EDGE('',*,*,#3711,.F.);
#4887=ORIENTED_EDGE('',*,*,#4886,.T.);
#4888=ORIENTED_EDGE('',*,*,#4697,.F.);
#4889=EDGE_LOOP('',(#4884,#4885,#4887,#4888));
#4890=FACE_OUTER_BOUND('',#4889,.F.);
#4891=ADVANCED_FACE('',(#4890),#4883,.T.);
#4892=CARTESIAN_POINT('',(-8.766664633235E0,-3.297255936880E2,
3.796995944443E1));
#4893=DIRECTION('',(5.030242013045E-1,7.554999699510E-2,-8.609639079869E-1));
#4894=DIRECTION('',(8.642723256601E-1,-4.397164616839E-2,5.010986344336E-1));
#4895=AXIS2_PLACEMENT_3D('',#4892,#4893,#4894);
#4896=PLANE('',#4895);
#4897=ORIENTED_EDGE('',*,*,#4886,.F.);
#4898=ORIENTED_EDGE('',*,*,#3709,.F.);
#4899=ORIENTED_EDGE('',*,*,#4665,.F.);
#4900=ORIENTED_EDGE('',*,*,#4699,.F.);
#4901=EDGE_LOOP('',(#4897,#4898,#4899,#4900));
#4902=FACE_OUTER_BOUND('',#4901,.F.);
#4903=ADVANCED_FACE('',(#4902),#4896,.F.);
#4904=CARTESIAN_POINT('',(-4.812308759603E0,-3.299747765048E2,
4.080963410044E1));
#4905=DIRECTION('',(-3.268825054656E-3,-8.741410677752E-2,9.961666972546E-1));
#4906=DIRECTION('',(-9.999946573771E-1,2.857429483750E-4,-3.256312055900E-3));
#4907=AXIS2_PLACEMENT_3D('',#4904,#4905,#4906);
#4908=PLANE('',#4907);
#4910=ORIENTED_EDGE('',*,*,#4909,.F.);
#4911=ORIENTED_EDGE('',*,*,#3735,.F.);
#4913=ORIENTED_EDGE('',*,*,#4912,.F.);
#4915=ORIENTED_EDGE('',*,*,#4914,.F.);
#4916=EDGE_LOOP('',(#4910,#4911,#4913,#4915));
#4917=FACE_OUTER_BOUND('',#4916,.F.);
#4918=ADVANCED_FACE('',(#4917),#4908,.F.);
#4919=CARTESIAN_POINT('',(-4.182362769534E0,-3.304271330221E2,
4.047359065339E1));
#4920=CARTESIAN_POINT('',(-4.143095059209E0,-3.304299923080E2,
4.050617492965E1));
#4921=CARTESIAN_POINT('',(-4.114921637283E0,-3.304360813068E2,
4.057556484943E1));
#4922=CARTESIAN_POINT('',(-4.155936742660E0,-3.304447902447E2,
4.067481146156E1));
#4923=CARTESIAN_POINT('',(-4.213935016068E0,-3.304498074129E2,
4.073198685373E1));
#4924=CARTESIAN_POINT('',(-4.267442436528E0,-3.304521926815E2,
4.075916925298E1));
#4925=CARTESIAN_POINT('',(-4.298918517577E0,-3.304529417210E2,
4.076770526862E1));
#4926=CARTESIAN_POINT('',(-4.351224040580E0,-3.304533883907E2,
4.077279549483E1));
#4927=CARTESIAN_POINT('',(-4.395547669358E0,-3.304516585193E2,
4.075308196807E1));
#4928=CARTESIAN_POINT('',(-4.420777666174E0,-3.304477398530E2,
4.070842503973E1));
#4930=DIRECTION('',(-2.050568242358E-14,9.961720194260E-1,8.741457380062E-2));
#4931=VECTOR('',#4930,1.E0);
#4932=SURFACE_OF_LINEAR_EXTRUSION('',#4929,#4931);
#4934=ORIENTED_EDGE('',*,*,#4933,.F.);
#4935=ORIENTED_EDGE('',*,*,#3737,.F.);
#4936=ORIENTED_EDGE('',*,*,#4909,.T.);
#4938=ORIENTED_EDGE('',*,*,#4937,.F.);
#4939=EDGE_LOOP('',(#4934,#4935,#4936,#4938));
#4940=FACE_OUTER_BOUND('',#4939,.F.);
#4941=ADVANCED_FACE('',(#4940),#4932,.T.);
#4942=CARTESIAN_POINT('',(-4.122879085670E0,-3.298024334726E2,
3.884562170607E1));
#4943=DIRECTION('',(9.999946635389E-1,-2.855781252424E-4,3.254433733171E-3));
#4944=DIRECTION('',(-3.266939514166E-3,-8.741410731609E-2,9.961667033927E-1));
#4945=AXIS2_PLACEMENT_3D('',#4942,#4943,#4944);
#4946=PLANE('',#4945);
#4948=ORIENTED_EDGE('',*,*,#4947,.F.);
#4949=ORIENTED_EDGE('',*,*,#3739,.F.);
#4950=ORIENTED_EDGE('',*,*,#4933,.T.);
#4952=ORIENTED_EDGE('',*,*,#4951,.T.);
#4953=EDGE_LOOP('',(#4948,#4949,#4950,#4952));
#4954=FACE_OUTER_BOUND('',#4953,.F.);
#4955=ADVANCED_FACE('',(#4954),#4946,.F.);
#4956=CARTESIAN_POINT('',(-4.407562622355E0,-3.301131757413E2,
3.689574952276E1));
#4957=CARTESIAN_POINT('',(-4.382079342611E0,-3.301093554670E2,
3.685221386251E1));
#4958=CARTESIAN_POINT('',(-4.337963529837E0,-3.301076798063E2,
3.683311811856E1));
#4959=CARTESIAN_POINT('',(-4.286019592530E0,-3.301081535807E2,
3.683851722855E1));
#4960=CARTESIAN_POINT('',(-4.254584772741E0,-3.301089213459E2,
3.684726664127E1));
#4961=CARTESIAN_POINT('',(-4.201250482210E0,-3.301113386111E2,
3.687481367181E1));
#4962=CARTESIAN_POINT('',(-4.143642987993E0,-3.301163892278E2,
3.693237024095E1));
#4963=CARTESIAN_POINT('',(-4.102407104252E0,-3.301253150550E2,
3.703408851337E1));
#4964=CARTESIAN_POINT('',(-4.133936328507E0,-3.301316040945E2,
3.710575808533E1));
#4965=CARTESIAN_POINT('',(-4.179544847924E0,-3.301345844473E2,
3.713972203255E1));
#4967=DIRECTION('',(-2.050568242358E-14,9.961720194260E-1,8.741457380062E-2));
#4968=VECTOR('',#4967,1.E0);
#4969=SURFACE_OF_LINEAR_EXTRUSION('',#4966,#4968);
#4971=ORIENTED_EDGE('',*,*,#4970,.F.);
#4972=ORIENTED_EDGE('',*,*,#3741,.F.);
#4973=ORIENTED_EDGE('',*,*,#4947,.T.);
#4975=ORIENTED_EDGE('',*,*,#4974,.F.);
#4976=EDGE_LOOP('',(#4971,#4972,#4973,#4975));
#4977=FACE_OUTER_BOUND('',#4976,.F.);
#4978=ADVANCED_FACE('',(#4977),#4969,.T.);
#4979=CARTESIAN_POINT('',(-4.799401491802E0,-3.296297001239E2,
3.687716128515E1));
#4980=DIRECTION('',(3.268824897765E-3,8.741410677756E-2,-9.961666972551E-1));
#4981=DIRECTION('',(9.999946573776E-1,-2.857429358291E-4,3.256311899507E-3));
#4982=AXIS2_PLACEMENT_3D('',#4979,#4980,#4981);
#4983=PLANE('',#4982);
#4985=ORIENTED_EDGE('',*,*,#4984,.F.);
#4986=ORIENTED_EDGE('',*,*,#3743,.F.);
#4987=ORIENTED_EDGE('',*,*,#4970,.T.);
#4989=ORIENTED_EDGE('',*,*,#4988,.T.);
#4990=EDGE_LOOP('',(#4985,#4986,#4987,#4989));
#4991=FACE_OUTER_BOUND('',#4990,.F.);
#4992=ADVANCED_FACE('',(#4991),#4983,.F.);
#4993=CARTESIAN_POINT('',(-5.429344833607E0,-3.301336687270E2,
3.712928653098E1));
#4994=CARTESIAN_POINT('',(-5.468614550765E0,-3.301308094617E2,
3.709670249031E1));
#4995=CARTESIAN_POINT('',(-5.496789043735E0,-3.301247204922E2,
3.702731290501E1));
#4996=CARTESIAN_POINT('',(-5.455772405704E0,-3.301160115172E2,
3.692806587047E1));
#4997=CARTESIAN_POINT('',(-5.397771199897E0,-3.301109944240E2,
3.687089133357E1));
#4998=CARTESIAN_POINT('',(-5.344261158874E0,-3.301086091198E2,
3.684370852794E1));
#4999=CARTESIAN_POINT('',(-5.312782912356E0,-3.301078600537E2,
3.683517220927E1));
#5000=CARTESIAN_POINT('',(-5.260476275552E0,-3.301074133898E2,
3.683008205016E1));
#5001=CARTESIAN_POINT('',(-5.216152099866E0,-3.301091431137E2,
3.684979389503E1));
#5002=CARTESIAN_POINT('',(-5.190920003273E0,-3.301130613037E2,
3.689444538256E1));
#5004=DIRECTION('',(-2.081407770820E-14,9.961720194260E-1,8.741457380061E-2));
#5005=VECTOR('',#5004,1.E0);
#5006=SURFACE_OF_LINEAR_EXTRUSION('',#5003,#5005);
#5008=ORIENTED_EDGE('',*,*,#5007,.F.);
#5009=ORIENTED_EDGE('',*,*,#3745,.F.);
#5010=ORIENTED_EDGE('',*,*,#4984,.T.);
#5012=ORIENTED_EDGE('',*,*,#5011,.F.);
#5013=EDGE_LOOP('',(#5008,#5009,#5010,#5012));
#5014=FACE_OUTER_BOUND('',#5013,.F.);
#5015=ADVANCED_FACE('',(#5014),#5006,.T.);
#5016=CARTESIAN_POINT('',(-5.484716608016E0,-3.296919398327E2,
3.758644182752E1));
#5017=DIRECTION('',(-9.999946613467E-1,2.856367762459E-4,-3.255102117012E-3));
#5018=DIRECTION('',(3.267610466399E-3,8.741410712478E-2,-9.961667012089E-1));
#5019=AXIS2_PLACEMENT_3D('',#5016,#5017,#5018);
#5020=PLANE('',#5019);
#5022=ORIENTED_EDGE('',*,*,#5021,.F.);
#5023=ORIENTED_EDGE('',*,*,#3747,.F.);
#5024=ORIENTED_EDGE('',*,*,#5007,.T.);
#5026=ORIENTED_EDGE('',*,*,#5025,.T.);
#5027=EDGE_LOOP('',(#5022,#5023,#5024,#5026));
#5028=FACE_OUTER_BOUND('',#5027,.F.);
#5029=ADVANCED_FACE('',(#5028),#5020,.F.);
#5030=CARTESIAN_POINT('',(-6.138932954613E0,-3.302062971221E2,
3.795695601378E1));
#5031=CARTESIAN_POINT('',(-6.156705418515E0,-3.302090961817E2,
3.798885395539E1));
#5032=CARTESIAN_POINT('',(-6.177530903287E0,-3.302169167553E2,
3.807797681322E1));
#5033=CARTESIAN_POINT('',(-6.129401293003E0,-3.302294955292E2,
3.822132387721E1));
#5034=CARTESIAN_POINT('',(-6.013243128320E0,-3.302366459827E2,
3.830281007955E1));
#5035=CARTESIAN_POINT('',(-5.905749033653E0,-3.302383277621E2,
3.832197555168E1));
#5036=CARTESIAN_POINT('',(-5.820106115416E0,-3.302383722982E2,
3.832248308309E1));
#5037=CARTESIAN_POINT('',(-5.735303751185E0,-3.302382309699E2,
3.832087251359E1));
#5038=CARTESIAN_POINT('',(-5.631492810986E0,-3.302364505805E2,
3.830058328655E1));
#5039=CARTESIAN_POINT('',(-5.521428047702E0,-3.302292301345E2,
3.821829945292E1));
#5040=CARTESIAN_POINT('',(-5.474507089121E0,-3.302170697930E2,
3.807972082096E1));
#5041=CARTESIAN_POINT('',(-5.494256573229E0,-3.302093289560E2,
3.799150663807E1));
#5042=CARTESIAN_POINT('',(-5.511546297410E0,-3.302064910798E2,
3.795916634662E1));
#5044=DIRECTION('',(-2.137946906333E-14,9.961720194260E-1,8.741457380063E-2));
#5045=VECTOR('',#5044,1.E0);
#5046=SURFACE_OF_LINEAR_EXTRUSION('',#5043,#5045);
#5048=ORIENTED_EDGE('',*,*,#5047,.F.);
#5049=ORIENTED_EDGE('',*,*,#3749,.F.);
#5050=ORIENTED_EDGE('',*,*,#5021,.T.);
#5052=ORIENTED_EDGE('',*,*,#5051,.F.);
#5053=EDGE_LOOP('',(#5048,#5049,#5050,#5052));
#5054=FACE_OUTER_BOUND('',#5053,.F.);
#5055=ADVANCED_FACE('',(#5054),#5046,.T.);
#5056=CARTESIAN_POINT('',(-6.163455831162E0,-3.296917458848E2,
3.758423160796E1));
#5057=DIRECTION('',(9.999946639623E-1,-2.855667943803E-4,3.254304607246E-3));
#5058=DIRECTION('',(-3.266809892050E-3,-8.741410735222E-2,9.961667038146E-1));
#5059=AXIS2_PLACEMENT_3D('',#5056,#5057,#5058);
#5060=PLANE('',#5059);
#5062=ORIENTED_EDGE('',*,*,#5061,.F.);
#5063=ORIENTED_EDGE('',*,*,#3751,.F.);
#5064=ORIENTED_EDGE('',*,*,#5047,.T.);
#5066=ORIENTED_EDGE('',*,*,#5065,.T.);
#5067=EDGE_LOOP('',(#5062,#5063,#5064,#5066));
#5068=FACE_OUTER_BOUND('',#5067,.F.);
#5069=ADVANCED_FACE('',(#5068),#5060,.F.);
#5070=CARTESIAN_POINT('',(-6.452266934399E0,-3.301125908851E2,
3.688908450365E1));
#5071=CARTESIAN_POINT('',(-6.426781646160E0,-3.301087710683E2,
3.684555408491E1));
#5072=CARTESIAN_POINT('',(-6.382665243715E0,-3.301070955489E2,
3.682645995203E1));
#5073=CARTESIAN_POINT('',(-6.330720133685E0,-3.301075693189E2,
3.683185900992E1));
#5074=CARTESIAN_POINT('',(-6.299283132048E0,-3.301083371127E2,
3.684060874955E1));
#5075=CARTESIAN_POINT('',(-6.245946247761E0,-3.301107544153E2,
3.686815620631E1));
#5076=CARTESIAN_POINT('',(-6.188335827668E0,-3.301158049577E2,
3.692571192872E1));
#5077=CARTESIAN_POINT('',(-6.147098307930E0,-3.301247308353E2,
3.702743077348E1));
#5078=CARTESIAN_POINT('',(-6.178628884446E0,-3.301310198629E2,
3.709910021227E1));
#5079=CARTESIAN_POINT('',(-6.224240136417E0,-3.301340001984E2,
3.713306396382E1));
#5081=DIRECTION('',(-2.112247299282E-14,9.961720194260E-1,8.741457380063E-2));
#5082=VECTOR('',#5081,1.E0);
#5083=SURFACE_OF_LINEAR_EXTRUSION('',#5080,#5082);
#5084=ORIENTED_EDGE('',*,*,#5061,.T.);
#5086=ORIENTED_EDGE('',*,*,#5085,.F.);
#5088=ORIENTED_EDGE('',*,*,#5087,.T.);
#5089=ORIENTED_EDGE('',*,*,#3753,.F.);
#5090=EDGE_LOOP('',(#5084,#5086,#5088,#5089));
#5091=FACE_OUTER_BOUND('',#5090,.F.);
#5092=ADVANCED_FACE('',(#5091),#5083,.T.);
#5093=CARTESIAN_POINT('',(-7.539464841444E0,-3.304530799413E2,
4.076928042037E1));
#5094=DIRECTION('',(0.E0,9.961720194260E-1,8.741457380056E-2));
#5095=DIRECTION('',(0.E0,8.741457380056E-2,-9.961720194260E-1));
#5096=AXIS2_PLACEMENT_3D('',#5093,#5094,#5095);
#5097=PLANE('',#5096);
#5098=ORIENTED_EDGE('',*,*,#4914,.T.);
#5100=ORIENTED_EDGE('',*,*,#5099,.T.);
#5102=ORIENTED_EDGE('',*,*,#5101,.F.);
#5104=ORIENTED_EDGE('',*,*,#5103,.T.);
#5106=ORIENTED_EDGE('',*,*,#5105,.F.);
#5108=ORIENTED_EDGE('',*,*,#5107,.T.);
#5110=ORIENTED_EDGE('',*,*,#5109,.F.);
#5112=ORIENTED_EDGE('',*,*,#5111,.T.);
#5114=ORIENTED_EDGE('',*,*,#5113,.F.);
#5116=ORIENTED_EDGE('',*,*,#5115,.T.);
#5118=ORIENTED_EDGE('',*,*,#5117,.T.);
#5119=ORIENTED_EDGE('',*,*,#5085,.T.);
#5120=ORIENTED_EDGE('',*,*,#5065,.F.);
#5121=ORIENTED_EDGE('',*,*,#5051,.T.);
#5122=ORIENTED_EDGE('',*,*,#5025,.F.);
#5123=ORIENTED_EDGE('',*,*,#5011,.T.);
#5124=ORIENTED_EDGE('',*,*,#4988,.F.);
#5125=ORIENTED_EDGE('',*,*,#4974,.T.);
#5126=ORIENTED_EDGE('',*,*,#4951,.F.);
#5127=ORIENTED_EDGE('',*,*,#4937,.T.);
#5128=EDGE_LOOP('',(#5098,#5100,#5102,#5104,#5106,#5108,#5110,#5112,#5114,#5116,
#5118,#5119,#5120,#5121,#5122,#5123,#5124,#5125,#5126,#5127));
#5129=FACE_OUTER_BOUND('',#5128,.F.);
#5130=ADVANCED_FACE('',(#5129),#5097,.T.);
#5131=CARTESIAN_POINT('',(-5.204158076641E0,-3.304476260218E2,
4.070712783641E1));
#5132=CARTESIAN_POINT('',(-5.229641356158E0,-3.304514462973E2,
4.075066349678E1));
#5133=CARTESIAN_POINT('',(-5.273757168839E0,-3.304531219581E2,
4.076975924191E1));
#5134=CARTESIAN_POINT('',(-5.325701106406E0,-3.304526481836E2,
4.076436013231E1));
#5135=CARTESIAN_POINT('',(-5.357135927118E0,-3.304518804184E2,
4.075561071928E1));
#5136=CARTESIAN_POINT('',(-5.410470217652E0,-3.304494631532E2,
4.072806368855E1));
#5137=CARTESIAN_POINT('',(-5.468077712399E0,-3.304444125365E2,
4.067050711877E1));
#5138=CARTESIAN_POINT('',(-5.509313596745E0,-3.304354867087E2,
4.056878884189E1));
#5139=CARTESIAN_POINT('',(-5.477784425233E0,-3.304291976690E2,
4.049711926573E1));
#5140=CARTESIAN_POINT('',(-5.432175962598E0,-3.304262173161E2,
4.046315531645E1));
#5142=DIRECTION('',(-2.266444941588E-14,9.961720194260E-1,8.741457380043E-2));
#5143=VECTOR('',#5142,1.E0);
#5144=SURFACE_OF_LINEAR_EXTRUSION('',#5141,#5143);
#5146=ORIENTED_EDGE('',*,*,#5145,.T.);
#5147=ORIENTED_EDGE('',*,*,#5099,.F.);
#5148=ORIENTED_EDGE('',*,*,#4912,.T.);
#5149=ORIENTED_EDGE('',*,*,#3773,.F.);
#5150=EDGE_LOOP('',(#5146,#5147,#5148,#5149));
#5151=FACE_OUTER_BOUND('',#5150,.F.);
#5152=ADVANCED_FACE('',(#5151),#5144,.T.);
#5153=CARTESIAN_POINT('',(-5.492956601240E0,-3.299121464766E2,
4.009590549784E1));
#5154=DIRECTION('',(-9.999946639650E-1,2.855667242007E-4,-3.254303807530E-3));
#5155=DIRECTION('',(3.266809089260E-3,8.741410735361E-2,-9.961667038172E-1));
#5156=AXIS2_PLACEMENT_3D('',#5153,#5154,#5155);
#5157=PLANE('',#5156);
#5158=ORIENTED_EDGE('',*,*,#5145,.F.);
#5159=ORIENTED_EDGE('',*,*,#3771,.F.);
#5161=ORIENTED_EDGE('',*,*,#5160,.T.);
#5162=ORIENTED_EDGE('',*,*,#5101,.T.);
#5163=EDGE_LOOP('',(#5158,#5159,#5161,#5162));
#5164=FACE_OUTER_BOUND('',#5163,.F.);
#5165=ADVANCED_FACE('',(#5164),#5157,.F.);
#5166=CARTESIAN_POINT('',(-5.517485297015E0,-3.303539203376E2,
3.963926263943E1));
#5167=CARTESIAN_POINT('',(-5.499708534932E0,-3.303511212987E2,
3.960736493610E1));
#5168=CARTESIAN_POINT('',(-5.478879346513E0,-3.303433007646E2,
3.951824252898E1));
#5169=CARTESIAN_POINT('',(-5.527017927242E0,-3.303307220795E2,
3.937489647461E1));
#5170=CARTESIAN_POINT('',(-5.643182489852E0,-3.303235725413E2,
3.929342070331E1));
#5171=CARTESIAN_POINT('',(-5.750678323395E0,-3.303218913873E2,
3.927426235768E1));
#5172=CARTESIAN_POINT('',(-5.836320342905E0,-3.303218470924E2,
3.927375757571E1));
#5173=CARTESIAN_POINT('',(-5.921120776988E0,-3.303219882267E2,
3.927536593521E1));
#5174=CARTESIAN_POINT('',(-6.024928605976E0,-3.303237680708E2,
3.929564894747E1));
#5175=CARTESIAN_POINT('',(-6.134993543814E0,-3.303309878178E2,
3.937792481499E1));
#5176=CARTESIAN_POINT('',(-6.181916659168E0,-3.303431478448E2,
3.951649986309E1));
#5177=CARTESIAN_POINT('',(-6.162165477247E0,-3.303508885419E2,
3.960471245147E1));
#5178=CARTESIAN_POINT('',(-6.144873688706E0,-3.303537263737E2,
3.963705223652E1));
#5180=DIRECTION('',(-2.240745334537E-14,9.961720194260E-1,8.741457380041E-2));
#5181=VECTOR('',#5180,1.E0);
#5182=SURFACE_OF_LINEAR_EXTRUSION('',#5179,#5181);
#5183=ORIENTED_EDGE('',*,*,#5160,.F.);
#5184=ORIENTED_EDGE('',*,*,#3769,.F.);
#5186=ORIENTED_EDGE('',*,*,#5185,.T.);
#5187=ORIENTED_EDGE('',*,*,#5103,.F.);
#5188=EDGE_LOOP('',(#5183,#5184,#5186,#5187));
#5189=FACE_OUTER_BOUND('',#5188,.F.);
#5190=ADVANCED_FACE('',(#5189),#5182,.T.);
#5191=CARTESIAN_POINT('',(-6.171706272394E0,-3.299119525258E2,
4.009369524440E1));
#5192=DIRECTION('',(9.999946613445E-1,-2.856368355291E-4,3.255102792648E-3));
#5193=DIRECTION('',(-3.267611144631E-3,-8.741410712453E-2,9.961667012067E-1));
#5194=AXIS2_PLACEMENT_3D('',#5191,#5192,#5193);
#5195=PLANE('',#5194);
#5196=ORIENTED_EDGE('',*,*,#5185,.F.);
#5197=ORIENTED_EDGE('',*,*,#3767,.F.);
#5199=ORIENTED_EDGE('',*,*,#5198,.T.);
#5200=ORIENTED_EDGE('',*,*,#5105,.T.);
#5201=EDGE_LOOP('',(#5196,#5197,#5199,#5200));
#5202=FACE_OUTER_BOUND('',#5201,.F.);
#5203=ADVANCED_FACE('',(#5202),#5195,.F.);
#5204=CARTESIAN_POINT('',(-6.227075386124E0,-3.304265487527E2,
4.046693234973E1));
#5205=CARTESIAN_POINT('',(-6.187807685768E0,-3.304294080383E2,
4.049951662294E1));
#5206=CARTESIAN_POINT('',(-6.159634268057E0,-3.304354970367E2,
4.056890653881E1));
#5207=CARTESIAN_POINT('',(-6.200649371795E0,-3.304442059744E2,
4.066815314779E1));
#5208=CARTESIAN_POINT('',(-6.258647645460E0,-3.304492231427E2,
4.072532854040E1));
#5209=CARTESIAN_POINT('',(-6.312155065988E0,-3.304516084113E2,
4.075251093964E1));
#5210=CARTESIAN_POINT('',(-6.343631147041E0,-3.304523574508E2,
4.076104695524E1));
#5211=CARTESIAN_POINT('',(-6.395936670049E0,-3.304528041205E2,
4.076613718139E1));
#5212=CARTESIAN_POINT('',(-6.440260298836E0,-3.304510742491E2,
4.074642365487E1));
#5213=CARTESIAN_POINT('',(-6.465490295758E0,-3.304471555828E2,
4.070176672781E1));
#5215=DIRECTION('',(-2.497741405052E-14,9.961720194260E-1,8.741457380042E-2));
#5216=VECTOR('',#5215,1.E0);
#5217=SURFACE_OF_LINEAR_EXTRUSION('',#5214,#5216);
#5218=ORIENTED_EDGE('',*,*,#5198,.F.);
#5219=ORIENTED_EDGE('',*,*,#3765,.F.);
#5221=ORIENTED_EDGE('',*,*,#5220,.T.);
#5222=ORIENTED_EDGE('',*,*,#5107,.F.);
#5223=EDGE_LOOP('',(#5218,#5219,#5221,#5222));
#5224=FACE_OUTER_BOUND('',#5223,.F.);
#5225=ADVANCED_FACE('',(#5224),#5217,.T.);
#5226=CARTESIAN_POINT('',(-6.857010940768E0,-3.299741922375E2,
4.080297582107E1));
#5227=DIRECTION('',(-3.268825056779E-3,-8.741410677732E-2,9.961666972546E-1));
#5228=DIRECTION('',(-9.999946573771E-1,2.857429493096E-4,-3.256312057949E-3));
#5229=AXIS2_PLACEMENT_3D('',#5226,#5227,#5228);
#5230=PLANE('',#5229);
#5231=ORIENTED_EDGE('',*,*,#5220,.F.);
#5232=ORIENTED_EDGE('',*,*,#3763,.F.);
#5234=ORIENTED_EDGE('',*,*,#5233,.T.);
#5235=ORIENTED_EDGE('',*,*,#5109,.T.);
#5236=EDGE_LOOP('',(#5231,#5232,#5234,#5235));
#5237=FACE_OUTER_BOUND('',#5236,.F.);
#5238=ADVANCED_FACE('',(#5237),#5230,.F.);
#5239=CARTESIAN_POINT('',(-7.248847679644E0,-3.304470423506E2,
4.070047633347E1));
#5240=CARTESIAN_POINT('',(-7.274332968952E0,-3.304508621648E2,
4.074400675240E1));
#5241=CARTESIAN_POINT('',(-7.318449371594E0,-3.304525376840E2,
4.076310088413E1));
#5242=CARTESIAN_POINT('',(-7.370394481302E0,-3.304520639141E2,
4.075770182574E1));
#5243=CARTESIAN_POINT('',(-7.401831482059E0,-3.304512961202E2,
4.074895208631E1));
#5244=CARTESIAN_POINT('',(-7.455168366287E0,-3.304488788176E2,
4.072140462950E1));
#5245=CARTESIAN_POINT('',(-7.512778786058E0,-3.304438282753E2,
4.066384890765E1));
#5246=CARTESIAN_POINT('',(-7.554016304470E0,-3.304349023982E2,
4.056213006714E1));
#5247=CARTESIAN_POINT('',(-7.522485676119E0,-3.304286133708E2,
4.049046063289E1));
#5248=CARTESIAN_POINT('',(-7.476874369039E0,-3.304256330355E2,
4.045649688393E1));
#5250=DIRECTION('',(-2.605679754668E-14,9.961720194260E-1,8.741457380044E-2));
#5251=VECTOR('',#5250,1.E0);
#5252=SURFACE_OF_LINEAR_EXTRUSION('',#5249,#5251);
#5253=ORIENTED_EDGE('',*,*,#5233,.F.);
#5254=ORIENTED_EDGE('',*,*,#3761,.F.);
#5256=ORIENTED_EDGE('',*,*,#5255,.T.);
#5257=ORIENTED_EDGE('',*,*,#5111,.F.);
#5258=EDGE_LOOP('',(#5253,#5254,#5256,#5257));
#5259=FACE_OUTER_BOUND('',#5258,.F.);
#5260=ADVANCED_FACE('',(#5259),#5252,.T.);
#5261=CARTESIAN_POINT('',(-7.533543795637E0,-3.298014588859E2,
3.883451536575E1));
#5262=DIRECTION('',(-9.999946635380E-1,2.855781470834E-4,-3.254433982117E-3));
#5263=DIRECTION('',(3.266939764068E-3,8.741410731601E-2,-9.961667033919E-1));
#5264=AXIS2_PLACEMENT_3D('',#5261,#5262,#5263);
#5265=PLANE('',#5264);
#5266=ORIENTED_EDGE('',*,*,#5255,.F.);
#5267=ORIENTED_EDGE('',*,*,#3759,.F.);
#5269=ORIENTED_EDGE('',*,*,#5268,.T.);
#5270=ORIENTED_EDGE('',*,*,#5113,.T.);
#5271=EDGE_LOOP('',(#5266,#5267,#5269,#5270));
#5272=FACE_OUTER_BOUND('',#5271,.F.);
#5273=ADVANCED_FACE('',(#5272),#5265,.F.);
#5274=CARTESIAN_POINT('',(-7.474057449182E0,-3.301330844578E2,
3.712262822911E1));
#5275=CARTESIAN_POINT('',(-7.513327176797E0,-3.301302251922E2,
3.709004418533E1));
#5276=CARTESIAN_POINT('',(-7.541501674832E0,-3.301241362223E2,
3.702065459556E1));
#5277=CARTESIAN_POINT('',(-7.500485035159E0,-3.301154272470E2,
3.692140755709E1));
#5278=CARTESIAN_POINT('',(-7.442483829282E0,-3.301104101538E2,
3.686423302023E1));
#5279=CARTESIAN_POINT('',(-7.388973788305E0,-3.301080248496E2,
3.683705021456E1));
#5280=CARTESIAN_POINT('',(-7.357495541808E0,-3.301072757835E2,
3.682851389586E1));
#5281=CARTESIAN_POINT('',(-7.305188905066E0,-3.301068291196E2,
3.682342373678E1));
#5282=CARTESIAN_POINT('',(-7.260864729552E0,-3.301085588435E2,
3.684313558152E1));
#5283=CARTESIAN_POINT('',(-7.235632633730E0,-3.301124770335E2,
3.688778706802E1));
#5285=DIRECTION('',(-2.266444941585E-14,9.961720194260E-1,8.741457380043E-2));
#5286=VECTOR('',#5285,1.E0);
#5287=SURFACE_OF_LINEAR_EXTRUSION('',#5284,#5286);
#5288=ORIENTED_EDGE('',*,*,#5268,.F.);
#5289=ORIENTED_EDGE('',*,*,#3757,.F.);
#5291=ORIENTED_EDGE('',*,*,#5290,.T.);
#5292=ORIENTED_EDGE('',*,*,#5115,.F.);
#5293=EDGE_LOOP('',(#5288,#5289,#5291,#5292));
#5294=FACE_OUTER_BOUND('',#5293,.F.);
#5295=ADVANCED_FACE('',(#5294),#5287,.T.);
#5296=CARTESIAN_POINT('',(-6.844108897289E0,-3.296291158552E2,
3.687050298876E1));
#5297=DIRECTION('',(3.268824903084E-3,8.741410677737E-2,-9.961666972551E-1));
#5298=DIRECTION('',(9.999946573776E-1,-2.857429348412E-4,3.256311904933E-3));
#5299=AXIS2_PLACEMENT_3D('',#5296,#5297,#5298);
#5300=PLANE('',#5299);
#5301=ORIENTED_EDGE('',*,*,#5290,.F.);
#5302=ORIENTED_EDGE('',*,*,#3755,.F.);
#5303=ORIENTED_EDGE('',*,*,#5087,.F.);
#5304=ORIENTED_EDGE('',*,*,#5117,.F.);
#5305=EDGE_LOOP('',(#5301,#5302,#5303,#5304));
#5306=FACE_OUTER_BOUND('',#5305,.F.);
#5307=ADVANCED_FACE('',(#5306),#5300,.F.);
#5308=CARTESIAN_POINT('',(-1.741011341137E0,-3.299757813733E2,
4.082108553089E1));
#5309=DIRECTION('',(-3.268848863084E-3,-8.741410677073E-2,9.961666971770E-1));
#5310=DIRECTION('',(-9.999946572993E-1,2.857450306407E-4,-3.256335773097E-3));
#5311=AXIS2_PLACEMENT_3D('',#5308,#5309,#5310);
#5312=PLANE('',#5311);
#5314=ORIENTED_EDGE('',*,*,#5313,.F.);
#5315=ORIENTED_EDGE('',*,*,#3777,.F.);
#5317=ORIENTED_EDGE('',*,*,#5316,.F.);
#5319=ORIENTED_EDGE('',*,*,#5318,.T.);
#5320=EDGE_LOOP('',(#5314,#5315,#5317,#5319));
#5321=FACE_OUTER_BOUND('',#5320,.F.);
#5322=ADVANCED_FACE('',(#5321),#5312,.F.);
#5323=CARTESIAN_POINT('',(-9.330091919800E-1,-3.304478726662E2,
4.070993857879E1));
#5324=CARTESIAN_POINT('',(-9.345661801698E-1,-3.304479526923E2,
4.071085055227E1));
#5325=CARTESIAN_POINT('',(-9.620929297424E-1,-3.304493493971E2,
4.072676732971E1));
#5326=CARTESIAN_POINT('',(-1.018882857382E0,-3.304516140987E2,
4.075257575378E1));
#5327=CARTESIAN_POINT('',(-1.091842815808E0,-3.304533011357E2,
4.077180114091E1));
#5328=CARTESIAN_POINT('',(-1.151687113725E0,-3.304539907293E2,
4.077965971401E1));
#5329=CARTESIAN_POINT('',(-1.183513007814E0,-3.304541105631E2,
4.078102533433E1));
#5330=CARTESIAN_POINT('',(-1.200327170977E0,-3.304540975607E2,
4.078087715968E1));
#5331=CARTESIAN_POINT('',(-1.202133050991E0,-3.304540952780E2,
4.078085114585E1));
#5333=DIRECTION('',(-1.103023730368E-14,9.961720194260E-1,8.741457380064E-2));
#5334=VECTOR('',#5333,1.E0);
#5335=SURFACE_OF_LINEAR_EXTRUSION('',#5332,#5334);
#5337=ORIENTED_EDGE('',*,*,#5336,.F.);
#5338=ORIENTED_EDGE('',*,*,#3779,.F.);
#5339=ORIENTED_EDGE('',*,*,#5313,.T.);
#5341=ORIENTED_EDGE('',*,*,#5340,.F.);
#5342=EDGE_LOOP('',(#5337,#5338,#5339,#5341));
#5343=FACE_OUTER_BOUND('',#5342,.F.);
#5344=ADVANCED_FACE('',(#5343),#5335,.T.);
#5345=CARTESIAN_POINT('',(-5.518381801281E-1,-3.299506405737E2,
4.053458226227E1));
#5346=DIRECTION('',(4.967843679056E-1,-7.586483642339E-2,8.645518020333E-1));
#5347=DIRECTION('',(-8.678740068723E-1,-4.342619379096E-2,4.948826869958E-1));
#5348=AXIS2_PLACEMENT_3D('',#5345,#5346,#5347);
#5349=PLANE('',#5348);
#5351=ORIENTED_EDGE('',*,*,#5350,.F.);
#5352=ORIENTED_EDGE('',*,*,#3781,.F.);
#5353=ORIENTED_EDGE('',*,*,#5336,.T.);
#5355=ORIENTED_EDGE('',*,*,#5354,.F.);
#5356=EDGE_LOOP('',(#5351,#5352,#5353,#5355));
#5357=FACE_OUTER_BOUND('',#5356,.F.);
#5358=ADVANCED_FACE('',(#5357),#5349,.F.);
#5359=CARTESIAN_POINT('',(-3.332574241983E-2,-3.303892916991E2,
4.004235287061E1));
#5360=CARTESIAN_POINT('',(-3.328252015637E-2,-3.303894511128E2,
4.004416954168E1));
#5361=CARTESIAN_POINT('',(-3.296168072131E-2,-3.303922367510E2,
4.007591453117E1));
#5362=CARTESIAN_POINT('',(-4.702002777655E-2,-3.303977296852E2,
4.013851172870E1));
#5363=CARTESIAN_POINT('',(-9.316391218284E-2,-3.304045818574E2,
4.021659873175E1));
#5364=CARTESIAN_POINT('',(-1.413755573407E-1,-3.304083053637E2,
4.025903162064E1));
#5365=CARTESIAN_POINT('',(-1.691608611379E-1,-3.304096522926E2,
4.027438115290E1));
#5366=CARTESIAN_POINT('',(-1.707669513283E-1,-3.304097277994E2,
4.027524162499E1));
#5368=DIRECTION('',(-1.267533340006E-14,9.961720194260E-1,8.741457380063E-2));
#5369=VECTOR('',#5368,1.E0);
#5370=SURFACE_OF_LINEAR_EXTRUSION('',#5367,#5369);
#5372=ORIENTED_EDGE('',*,*,#5371,.F.);
#5373=ORIENTED_EDGE('',*,*,#3783,.F.);
#5374=ORIENTED_EDGE('',*,*,#5350,.T.);
#5376=ORIENTED_EDGE('',*,*,#5375,.F.);
#5377=EDGE_LOOP('',(#5372,#5373,#5374,#5376));
#5378=FACE_OUTER_BOUND('',#5377,.F.);
#5379=ADVANCED_FACE('',(#5378),#5370,.T.);
#5380=CARTESIAN_POINT('',(-2.834477862469E-2,-3.297798187743E2,
3.858790575935E1));
#5381=DIRECTION('',(9.999946635724E-1,-2.855772275828E-4,3.254423503386E-3));
#5382=DIRECTION('',(-3.266929245072E-3,-8.741410731891E-2,9.961667034262E-1));
#5383=AXIS2_PLACEMENT_3D('',#5380,#5381,#5382);
#5384=PLANE('',#5383);
#5386=ORIENTED_EDGE('',*,*,#5385,.F.);
#5387=ORIENTED_EDGE('',*,*,#3785,.F.);
#5388=ORIENTED_EDGE('',*,*,#5371,.T.);
#5390=ORIENTED_EDGE('',*,*,#5389,.T.);
#5391=EDGE_LOOP('',(#5386,#5387,#5388,#5390));
#5392=FACE_OUTER_BOUND('',#5391,.F.);
#5393=ADVANCED_FACE('',(#5392),#5384,.F.);
#5394=CARTESIAN_POINT('',(-3.139231606555E-1,-3.301143443467E2,
3.690906689128E1));
#5395=CARTESIAN_POINT('',(-2.884393019013E-1,-3.301105242079E2,
3.686553277502E1));
#5396=CARTESIAN_POINT('',(-2.443232652339E-1,-3.301088485852E2,
3.684643746398E1));
#5397=CARTESIAN_POINT('',(-1.923788729227E-1,-3.301093223638E2,
3.685183662103E1));
#5398=CARTESIAN_POINT('',(-1.609431837165E-1,-3.301100901502E2,
3.686058627485E1));
#5399=CARTESIAN_POINT('',(-1.076074081623E-1,-3.301125074824E2,
3.688813406945E1));
#5400=CARTESIAN_POINT('',(-4.999831332018E-2,-3.301175582391E2,
3.694569223406E1));
#5401=CARTESIAN_POINT('',(-8.761706622685E-3,-3.301264842236E2,
3.704741229883E1));
#5402=CARTESIAN_POINT('',(-4.029042307569E-2,-3.301327733355E2,
3.711908269731E1));
#5403=CARTESIAN_POINT('',(-8.589724356876E-2,-3.301357537061E2,
3.715304684702E1));
#5405=DIRECTION('',(-1.257353886275E-14,9.961720194260E-1,8.741457380063E-2));
#5406=VECTOR('',#5405,1.E0);
#5407=SURFACE_OF_LINEAR_EXTRUSION('',#5404,#5406);
#5409=ORIENTED_EDGE('',*,*,#5408,.T.);
#5410=ORIENTED_EDGE('',*,*,#3787,.F.);
#5411=ORIENTED_EDGE('',*,*,#5385,.T.);
#5413=ORIENTED_EDGE('',*,*,#5412,.F.);
#5414=EDGE_LOOP('',(#5409,#5410,#5411,#5413));
#5415=FACE_OUTER_BOUND('',#5414,.F.);
#5416=ADVANCED_FACE('',(#5415),#5407,.T.);
#5417=CARTESIAN_POINT('',(-7.057615964615E-1,-3.296308689016E2,
3.689048061616E1));
#5418=DIRECTION('',(3.268852272304E-3,8.741410676975E-2,-9.961666971659E-1));
#5419=DIRECTION('',(9.999946572881E-1,-2.857453278965E-4,3.256339169333E-3));
#5420=AXIS2_PLACEMENT_3D('',#5417,#5418,#5419);
#5421=PLANE('',#5420);
#5422=ORIENTED_EDGE('',*,*,#5408,.F.);
#5424=ORIENTED_EDGE('',*,*,#5423,.T.);
#5426=ORIENTED_EDGE('',*,*,#5425,.F.);
#5427=ORIENTED_EDGE('',*,*,#3789,.F.);
#5428=EDGE_LOOP('',(#5422,#5424,#5426,#5427));
#5429=FACE_OUTER_BOUND('',#5428,.F.);
#5430=ADVANCED_FACE('',(#5429),#5421,.F.);
#5431=CARTESIAN_POINT('',(-3.444030711204E0,-3.304541037620E2,
4.078094782870E1));
#5432=DIRECTION('',(0.E0,9.961720194260E-1,8.741457380056E-2));
#5433=DIRECTION('',(0.E0,8.741457380056E-2,-9.961720194260E-1));
#5434=AXIS2_PLACEMENT_3D('',#5431,#5432,#5433);
#5435=PLANE('',#5434);
#5436=ORIENTED_EDGE('',*,*,#5318,.F.);
#5438=ORIENTED_EDGE('',*,*,#5437,.T.);
#5440=ORIENTED_EDGE('',*,*,#5439,.T.);
#5442=ORIENTED_EDGE('',*,*,#5441,.T.);
#5444=ORIENTED_EDGE('',*,*,#5443,.F.);
#5446=ORIENTED_EDGE('',*,*,#5445,.T.);
#5448=ORIENTED_EDGE('',*,*,#5447,.T.);
#5450=ORIENTED_EDGE('',*,*,#5449,.T.);
#5452=ORIENTED_EDGE('',*,*,#5451,.F.);
#5454=ORIENTED_EDGE('',*,*,#5453,.T.);
#5456=ORIENTED_EDGE('',*,*,#5455,.F.);
#5458=ORIENTED_EDGE('',*,*,#5457,.T.);
#5459=ORIENTED_EDGE('',*,*,#5423,.F.);
#5460=ORIENTED_EDGE('',*,*,#5412,.T.);
#5461=ORIENTED_EDGE('',*,*,#5389,.F.);
#5462=ORIENTED_EDGE('',*,*,#5375,.T.);
#5463=ORIENTED_EDGE('',*,*,#5354,.T.);
#5464=ORIENTED_EDGE('',*,*,#5340,.T.);
#5465=EDGE_LOOP('',(#5436,#5438,#5440,#5442,#5444,#5446,#5448,#5450,#5452,#5454,
#5456,#5458,#5459,#5460,#5461,#5462,#5463,#5464));
#5466=FACE_OUTER_BOUND('',#5465,.F.);
#5468=ORIENTED_EDGE('',*,*,#5467,.T.);
#5470=ORIENTED_EDGE('',*,*,#5469,.T.);
#5471=EDGE_LOOP('',(#5468,#5470));
#5472=FACE_BOUND('',#5471,.F.);
#5473=ADVANCED_FACE('',(#5466,#5472),#5435,.T.);
#5474=CARTESIAN_POINT('',(-2.279889516352E0,-3.304537873095E2,
4.077734155162E1));
#5475=CARTESIAN_POINT('',(-2.281695500607E0,-3.304537885624E2,
4.077735582995E1));
#5476=CARTESIAN_POINT('',(-2.298507541936E0,-3.304537919652E2,
4.077739460863E1));
#5477=CARTESIAN_POINT('',(-2.330318219148E0,-3.304536538282E2,
4.077582040585E1));
#5478=CARTESIAN_POINT('',(-2.390103078617E0,-3.304529297059E2,
4.076756834534E1));
#5479=CARTESIAN_POINT('',(-2.462935984287E0,-3.304512008066E2,
4.074786589725E1));
#5480=CARTESIAN_POINT('',(-2.519557680115E0,-3.304489033128E2,
4.072168377459E1));
#5481=CARTESIAN_POINT('',(-2.546984208531E0,-3.304474908519E2,
4.070558744340E1));
#5482=CARTESIAN_POINT('',(-2.548535234475E0,-3.304474099472E2,
4.070466545725E1));
#5484=DIRECTION('',(-2.497741405054E-14,9.961720194260E-1,8.741457380054E-2));
#5485=VECTOR('',#5484,1.E0);
#5486=SURFACE_OF_LINEAR_EXTRUSION('',#5483,#5485);
#5488=ORIENTED_EDGE('',*,*,#5487,.T.);
#5489=ORIENTED_EDGE('',*,*,#5437,.F.);
#5490=ORIENTED_EDGE('',*,*,#5316,.T.);
#5491=ORIENTED_EDGE('',*,*,#3811,.F.);
#5492=EDGE_LOOP('',(#5488,#5489,#5490,#5491));
#5493=FACE_OUTER_BOUND('',#5492,.F.);
#5494=ADVANCED_FACE('',(#5493),#5486,.T.);
#5495=CARTESIAN_POINT('',(-2.929570552333E0,-3.300295700463E2,
4.051887929881E1));
#5496=DIRECTION('',(-5.027952436525E-1,-7.556164214188E-2,8.610966154836E-1));
#5497=DIRECTION('',(-8.644055431107E-1,4.395163193329E-2,-5.008705532270E-1));
#5498=AXIS2_PLACEMENT_3D('',#5495,#5496,#5497);
#5499=PLANE('',#5498);
#5500=ORIENTED_EDGE('',*,*,#5487,.F.);
#5501=ORIENTED_EDGE('',*,*,#3809,.F.);
#5503=ORIENTED_EDGE('',*,*,#5502,.T.);
#5504=ORIENTED_EDGE('',*,*,#5439,.F.);
#5505=EDGE_LOOP('',(#5500,#5501,#5503,#5504));
#5506=FACE_OUTER_BOUND('',#5505,.F.);
#5507=ADVANCED_FACE('',(#5506),#5499,.F.);
#5508=CARTESIAN_POINT('',(-3.310561098646E0,-3.304086597163E2,
4.026306980485E1));
#5509=CARTESIAN_POINT('',(-3.312142893735E0,-3.304085841429E2,
4.026220857480E1));
#5510=CARTESIAN_POINT('',(-3.339542278198E0,-3.304072329414E2,
4.024681035088E1));
#5511=CARTESIAN_POINT('',(-3.386446529650E0,-3.304034846663E2,
4.020409519932E1));
#5512=CARTESIAN_POINT('',(-3.431144196272E0,-3.303966641128E2,
4.012636851940E1));
#5513=CARTESIAN_POINT('',(-3.444415542501E0,-3.303912303829E2,
4.006444601147E1));
#5514=CARTESIAN_POINT('',(-3.443899662068E0,-3.303884796988E2,
4.003309935566E1));
#5515=CARTESIAN_POINT('',(-3.443845765305E0,-3.303883218968E2,
4.003130105278E1));
#5517=DIRECTION('',(-2.456108041631E-14,9.961720194260E-1,8.741457380060E-2));
#5518=VECTOR('',#5517,1.E0);
#5519=SURFACE_OF_LINEAR_EXTRUSION('',#5516,#5518);
#5520=ORIENTED_EDGE('',*,*,#5502,.F.);
#5521=ORIENTED_EDGE('',*,*,#3807,.F.);
#5523=ORIENTED_EDGE('',*,*,#5522,.T.);
#5524=ORIENTED_EDGE('',*,*,#5441,.F.);
#5525=EDGE_LOOP('',(#5520,#5521,#5523,#5524));
#5526=FACE_OUTER_BOUND('',#5525,.F.);
#5527=ADVANCED_FACE('',(#5526),#5519,.T.);
#5528=CARTESIAN_POINT('',(-3.441271370405E0,-3.298393606176E2,
3.926644156488E1));
#5529=DIRECTION('',(-9.999946633463E-1,2.855832774441E-4,-3.254492447401E-3));
#5530=DIRECTION('',(3.266998454016E-3,8.741410729926E-2,-9.961667032009E-1));
#5531=AXIS2_PLACEMENT_3D('',#5528,#5529,#5530);
#5532=PLANE('',#5531);
#5534=ORIENTED_EDGE('',*,*,#5533,.F.);
#5535=ORIENTED_EDGE('',*,*,#5443,.T.);
#5536=ORIENTED_EDGE('',*,*,#5522,.F.);
#5537=ORIENTED_EDGE('',*,*,#3805,.F.);
#5538=EDGE_LOOP('',(#5534,#5535,#5536,#5537));
#5539=FACE_OUTER_BOUND('',#5538,.F.);
#5540=ADVANCED_FACE('',(#5539),#5532,.F.);
#5541=CARTESIAN_POINT('',(-3.438553666726E0,-3.302467235739E2,
3.841765379432E1));
#5542=CARTESIAN_POINT('',(-3.438595720910E0,-3.302465660590E2,
3.841585876234E1));
#5543=CARTESIAN_POINT('',(-3.438906817341E0,-3.302438166688E2,
3.838452685337E1));
#5544=CARTESIAN_POINT('',(-3.425227927567E0,-3.302383928094E2,
3.832271682720E1));
#5545=CARTESIAN_POINT('',(-3.380021193045E0,-3.302316000793E2,
3.824530722307E1));
#5546=CARTESIAN_POINT('',(-3.332838886991E0,-3.302278793293E2,
3.820290574527E1));
#5547=CARTESIAN_POINT('',(-3.305338795127E0,-3.302265434254E2,
3.818768185332E1));
#5548=CARTESIAN_POINT('',(-3.303748861618E0,-3.302264686193E2,
3.818682936700E1));
#5550=DIRECTION('',(-2.058278124470E-14,9.961720194260E-1,8.741457380052E-2));
#5551=VECTOR('',#5550,1.E0);
#5552=SURFACE_OF_LINEAR_EXTRUSION('',#5549,#5551);
#5553=ORIENTED_EDGE('',*,*,#5533,.T.);
#5554=ORIENTED_EDGE('',*,*,#3803,.F.);
#5556=ORIENTED_EDGE('',*,*,#5555,.T.);
#5557=ORIENTED_EDGE('',*,*,#5445,.F.);
#5558=EDGE_LOOP('',(#5553,#5554,#5556,#5557));
#5559=FACE_OUTER_BOUND('',#5558,.F.);
#5560=ADVANCED_FACE('',(#5559),#5552,.T.);
#5561=CARTESIAN_POINT('',(-2.921319352980E0,-3.298088361876E2,
3.800340751565E1));
#5562=DIRECTION('',(-4.971873014468E-1,7.584466380183E-2,-8.643219158698E-1));
#5563=DIRECTION('',(8.676432373274E-1,4.346141605472E-2,-4.952840781152E-1));
#5564=AXIS2_PLACEMENT_3D('',#5561,#5562,#5563);
#5565=PLANE('',#5564);
#5567=ORIENTED_EDGE('',*,*,#5566,.F.);
#5568=ORIENTED_EDGE('',*,*,#5447,.F.);
#5569=ORIENTED_EDGE('',*,*,#5555,.F.);
#5570=ORIENTED_EDGE('',*,*,#3801,.F.);
#5571=EDGE_LOOP('',(#5567,#5568,#5569,#5570));
#5572=FACE_OUTER_BOUND('',#5571,.F.);
#5573=ADVANCED_FACE('',(#5572),#5565,.F.);
#5574=CARTESIAN_POINT('',(-2.538847454161E0,-3.301881495271E2,
3.775014694811E1));
#5575=CARTESIAN_POINT('',(-2.537290574754E0,-3.301880694989E2,
3.774923495066E1));
#5576=CARTESIAN_POINT('',(-2.509783961854E0,-3.301866737133E2,
3.773332864992E1));
#5577=CARTESIAN_POINT('',(-2.453014378559E0,-3.301844102754E2,
3.770753462747E1));
#5578=CARTESIAN_POINT('',(-2.380065345266E0,-3.301827250523E2,
3.768832991059E1));
#5579=CARTESIAN_POINT('',(-2.320201920399E0,-3.301820357167E2,
3.768047427667E1));
#5580=CARTESIAN_POINT('',(-2.288355250716E0,-3.301819159149E2,
3.767910902210E1));
#5581=CARTESIAN_POINT('',(-2.271530006225E0,-3.301819289307E2,
3.767925734902E1));
#5582=CARTESIAN_POINT('',(-2.269724894740E0,-3.301819312114E2,
3.767928333947E1));
#5584=DIRECTION('',(-2.508843635300E-14,9.961720194260E-1,8.741457380052E-2));
#5585=VECTOR('',#5584,1.E0);
#5586=SURFACE_OF_LINEAR_EXTRUSION('',#5583,#5585);
#5587=ORIENTED_EDGE('',*,*,#5566,.T.);
#5588=ORIENTED_EDGE('',*,*,#3799,.F.);
#5590=ORIENTED_EDGE('',*,*,#5589,.T.);
#5591=ORIENTED_EDGE('',*,*,#5449,.F.);
#5592=EDGE_LOOP('',(#5587,#5588,#5590,#5591));
#5593=FACE_OUTER_BOUND('',#5592,.F.);
#5594=ADVANCED_FACE('',(#5593),#5586,.T.);
#5595=CARTESIAN_POINT('',(-1.873312886912E0,-3.297835730294E2,
3.771550985570E1));
#5596=DIRECTION('',(3.268852272173E-3,8.741410676959E-2,-9.961666971659E-1));
#5597=DIRECTION('',(9.999946572881E-1,-2.857453276333E-4,3.256339169225E-3));
#5598=AXIS2_PLACEMENT_3D('',#5595,#5596,#5597);
#5599=PLANE('',#5598);
#5600=ORIENTED_EDGE('',*,*,#5589,.F.);
#5601=ORIENTED_EDGE('',*,*,#3797,.F.);
#5603=ORIENTED_EDGE('',*,*,#5602,.T.);
#5604=ORIENTED_EDGE('',*,*,#5451,.T.);
#5605=EDGE_LOOP('',(#5600,#5601,#5603,#5604));
#5606=FACE_OUTER_BOUND('',#5605,.F.);
#5607=ADVANCED_FACE('',(#5606),#5599,.F.);
#5608=CARTESIAN_POINT('',(-1.471216987336E0,-3.297766947570E2,
3.763712541415E1));
#5609=DIRECTION('',(-9.020301674738E-14,9.961720194260E-1,8.741457380052E-2));
#5610=DIRECTION('',(-3.271566074740E-3,-8.741410599386E-2,9.961666883252E-1));
#5611=AXIS2_PLACEMENT_3D('',#5608,#5609,#5610);
#5612=CYLINDRICAL_SURFACE('',#5611,7.999962038101E-2);
#5613=ORIENTED_EDGE('',*,*,#5602,.F.);
#5614=ORIENTED_EDGE('',*,*,#3795,.F.);
#5616=ORIENTED_EDGE('',*,*,#5615,.T.);
#5617=ORIENTED_EDGE('',*,*,#5453,.F.);
#5618=EDGE_LOOP('',(#5613,#5614,#5616,#5617));
#5619=FACE_OUTER_BOUND('',#5618,.F.);
#5620=ADVANCED_FACE('',(#5619),#5612,.T.);
#5621=CARTESIAN_POINT('',(-1.390294960724E0,-3.297520256307E2,
3.735599731117E1));
#5622=DIRECTION('',(-9.999946633463E-1,2.855832774229E-4,-3.254492447212E-3));
#5623=DIRECTION('',(3.266998453826E-3,8.741410729889E-2,-9.961667032009E-1));
#5624=AXIS2_PLACEMENT_3D('',#5621,#5622,#5623);
#5625=PLANE('',#5624);
#5626=ORIENTED_EDGE('',*,*,#5615,.F.);
#5627=ORIENTED_EDGE('',*,*,#3793,.F.);
#5629=ORIENTED_EDGE('',*,*,#5628,.T.);
#5630=ORIENTED_EDGE('',*,*,#5455,.T.);
#5631=EDGE_LOOP('',(#5626,#5627,#5629,#5630));
#5632=FACE_OUTER_BOUND('',#5631,.F.);
#5633=ADVANCED_FACE('',(#5632),#5625,.F.);
#5634=CARTESIAN_POINT('',(-1.335695821137E0,-3.301348386371E2,
3.714261876944E1));
#5635=CARTESIAN_POINT('',(-1.374963921243E0,-3.301319795120E2,
3.711003632500E1));
#5636=CARTESIAN_POINT('',(-1.403145881351E0,-3.301258902583E2,
3.704064349913E1));
#5637=CARTESIAN_POINT('',(-1.362130832087E0,-3.301171807834E2,
3.694139076887E1));
#5638=CARTESIAN_POINT('',(-1.304128067711E0,-3.301121632261E2,
3.688421094279E1));
#5639=CARTESIAN_POINT('',(-1.250619160321E0,-3.301097778926E2,
3.685702780348E1));
#5640=CARTESIAN_POINT('',(-1.219142210106E0,-3.301090288309E2,
3.684849153451E1));
#5641=CARTESIAN_POINT('',(-1.166836059392E0,-3.301085821667E2,
3.684340137179E1));
#5642=CARTESIAN_POINT('',(-1.122512023131E0,-3.301103118387E2,
3.686311262568E1));
#5643=CARTESIAN_POINT('',(-1.097281373566E0,-3.301142295115E2,
3.690775822050E1));
#5645=DIRECTION('',(-2.021270690319E-14,9.961720194260E-1,8.741457380050E-2));
#5646=VECTOR('',#5645,1.E0);
#5647=SURFACE_OF_LINEAR_EXTRUSION('',#5644,#5646);
#5648=ORIENTED_EDGE('',*,*,#5628,.F.);
#5649=ORIENTED_EDGE('',*,*,#3791,.F.);
#5650=ORIENTED_EDGE('',*,*,#5425,.T.);
#5651=ORIENTED_EDGE('',*,*,#5457,.F.);
#5652=EDGE_LOOP('',(#5648,#5649,#5650,#5651));
#5653=FACE_OUTER_BOUND('',#5652,.F.);
#5654=ADVANCED_FACE('',(#5653),#5647,.T.);
#5655=CARTESIAN_POINT('',(-1.376508297736E0,-3.303274360578E2,
3.933744914068E1));
#5656=CARTESIAN_POINT('',(-1.364395438059E0,-3.303244122261E2,
3.930298970934E1));
#5657=CARTESIAN_POINT('',(-1.348052120994E0,-3.303155509546E2,
3.920200711097E1));
#5658=CARTESIAN_POINT('',(-1.394592683805E0,-3.303009091322E2,
3.903514964973E1));
#5659=CARTESIAN_POINT('',(-1.511481610184E0,-3.302902428541E2,
3.891359728954E1));
#5660=CARTESIAN_POINT('',(-1.619945799505E0,-3.302863249080E2,
3.886894857610E1));
#5661=CARTESIAN_POINT('',(-1.683938286264E0,-3.302852007325E2,
3.885613752934E1));
#5662=CARTESIAN_POINT('',(-1.732751602570E0,-3.302848917591E2,
3.885261648437E1));
#5663=CARTESIAN_POINT('',(-1.781579255641E0,-3.302851287962E2,
3.885531774747E1));
#5664=CARTESIAN_POINT('',(-1.845629475072E0,-3.302861550732E2,
3.886701314786E1));
#5665=CARTESIAN_POINT('',(-1.954846448878E0,-3.302899072041E2,
3.890977223976E1));
#5666=CARTESIAN_POINT('',(-2.074845941695E0,-3.303004730068E2,
3.903017958774E1));
#5667=CARTESIAN_POINT('',(-2.123576443733E0,-3.303152049329E2,
3.919806386499E1));
#5668=CARTESIAN_POINT('',(-2.108142699864E0,-3.303241854262E2,
3.930040510851E1));
#5669=CARTESIAN_POINT('',(-2.096492910086E0,-3.303272220598E2,
3.933501042879E1));
#5671=DIRECTION('',(-1.038470990111E-14,9.961720194260E-1,8.741457380043E-2));
#5672=VECTOR('',#5671,1.E0);
#5673=SURFACE_OF_LINEAR_EXTRUSION('',#5670,#5672);
#5674=ORIENTED_EDGE('',*,*,#5467,.F.);
#5676=ORIENTED_EDGE('',*,*,#5675,.T.);
#5678=ORIENTED_EDGE('',*,*,#5677,.F.);
#5680=ORIENTED_EDGE('',*,*,#5679,.T.);
#5681=EDGE_LOOP('',(#5674,#5676,#5678,#5680));
#5682=FACE_OUTER_BOUND('',#5681,.F.);
#5683=ADVANCED_FACE('',(#5682),#5673,.T.);
#5684=CARTESIAN_POINT('',(-1.735915644946E0,-3.299195802462E2,
3.926544115339E1));
#5685=DIRECTION('',(-2.821453109959E-14,9.961720194260E-1,8.741457380041E-2));
#5686=DIRECTION('',(-3.458142259971E-3,-8.741405111442E-2,9.961660629232E-1));
#5687=AXIS2_PLACEMENT_3D('',#5684,#5685,#5686);
#5688=CYLINDRICAL_SURFACE('',#5687,3.775199031248E-1);
#5689=ORIENTED_EDGE('',*,*,#5675,.F.);
#5690=ORIENTED_EDGE('',*,*,#5469,.F.);
#5691=ORIENTED_EDGE('',*,*,#5679,.F.);
#5693=ORIENTED_EDGE('',*,*,#5692,.T.);
#5694=EDGE_LOOP('',(#5689,#5690,#5691,#5693));
#5695=FACE_OUTER_BOUND('',#5694,.F.);
#5696=ADVANCED_FACE('',(#5695),#5688,.T.);
#5697=CARTESIAN_POINT('',(1.262291829405E2,-3.294278917970E2,3.366218469273E1));
#5698=DIRECTION('',(0.E0,9.961720194260E-1,8.741457380055E-2));
#5699=DIRECTION('',(0.E0,8.741457380055E-2,-9.961720194260E-1));
#5700=AXIS2_PLACEMENT_3D('',#5697,#5698,#5699);
#5701=PLANE('',#5700);
#5702=ORIENTED_EDGE('',*,*,#5692,.F.);
#5703=ORIENTED_EDGE('',*,*,#5677,.T.);
#5704=EDGE_LOOP('',(#5702,#5703));
#5705=FACE_OUTER_BOUND('',#5704,.F.);
#5706=ADVANCED_FACE('',(#5705),#5701,.T.);
#5707=CARTESIAN_POINT('',(1.715934002648E0,-3.299158598421E2,4.013822282080E1));
#5708=DIRECTION('',(-5.028252538141E-1,-7.556011618178E-2,8.610792257217E-1));
#5709=DIRECTION('',(-8.643880865253E-1,4.395425525823E-2,-5.009004485104E-1));
#5710=AXIS2_PLACEMENT_3D('',#5707,#5708,#5709);
#5711=PLANE('',#5710);
#5713=ORIENTED_EDGE('',*,*,#5712,.F.);
#5714=ORIENTED_EDGE('',*,*,#3815,.F.);
#5716=ORIENTED_EDGE('',*,*,#5715,.F.);
#5718=ORIENTED_EDGE('',*,*,#5717,.F.);
#5719=EDGE_LOOP('',(#5713,#5714,#5716,#5718));
#5720=FACE_OUTER_BOUND('',#5719,.F.);
#5721=ADVANCED_FACE('',(#5720),#5711,.F.);
#5722=CARTESIAN_POINT('',(2.891935516270E0,-3.304195880288E2,4.038760829463E1));
#5723=CARTESIAN_POINT('',(2.919826258078E0,-3.304220987448E2,4.041622028714E1));
#5724=CARTESIAN_POINT('',(2.946239896507E0,-3.304289654796E2,4.049447324715E1));
#5725=CARTESIAN_POINT('',(2.897613068458E0,-3.304396102828E2,4.061578088058E1));
#5726=CARTESIAN_POINT('',(2.801642044588E0,-3.304442065833E2,4.066816008615E1));
#5727=CARTESIAN_POINT('',(2.717519567594E0,-3.304441472084E2,4.066748345221E1));
#5728=CARTESIAN_POINT('',(2.643236826750E0,-3.304418770060E2,4.064161234298E1));
#5729=CARTESIAN_POINT('',(2.603519311468E0,-3.304379366426E2,4.059670816237E1));
#5730=CARTESIAN_POINT('',(2.591379082493E0,-3.304344784651E2,4.055729894439E1));
#5732=DIRECTION('',(-2.108151424406E-14,9.961720194260E-1,8.741457380043E-2));
#5733=VECTOR('',#5732,1.E0);
#5734=SURFACE_OF_LINEAR_EXTRUSION('',#5731,#5733);
#5736=ORIENTED_EDGE('',*,*,#5735,.F.);
#5737=ORIENTED_EDGE('',*,*,#3817,.F.);
#5738=ORIENTED_EDGE('',*,*,#5712,.T.);
#5740=ORIENTED_EDGE('',*,*,#5739,.F.);
#5741=EDGE_LOOP('',(#5736,#5737,#5738,#5740));
#5742=FACE_OUTER_BOUND('',#5741,.F.);
#5743=ADVANCED_FACE('',(#5742),#5734,.T.);
#5744=CARTESIAN_POINT('',(2.933447154649E0,-3.299057755959E2,4.002330326608E1));
#5745=DIRECTION('',(9.999946668328E-1,-2.854899762764E-4,3.253429192065E-3));
#5746=DIRECTION('',(-3.265931112919E-3,-8.741410760349E-2,9.961667066741E-1));
#5747=AXIS2_PLACEMENT_3D('',#5744,#5745,#5746);
#5748=PLANE('',#5747);
#5750=ORIENTED_EDGE('',*,*,#5749,.F.);
#5751=ORIENTED_EDGE('',*,*,#3819,.F.);
#5752=ORIENTED_EDGE('',*,*,#5735,.T.);
#5754=ORIENTED_EDGE('',*,*,#5753,.T.);
#5755=EDGE_LOOP('',(#5750,#5751,#5752,#5754));
#5756=FACE_OUTER_BOUND('',#5755,.F.);
#5757=ADVANCED_FACE('',(#5756),#5748,.F.);
#5758=CARTESIAN_POINT('',(2.810388341542E0,-3.303209405617E2,3.926342679789E1));
#5759=CARTESIAN_POINT('',(2.811866817756E0,-3.303210108899E2,3.926422825397E1));
#5760=CARTESIAN_POINT('',(2.837476588270E0,-3.303222684853E2,3.927855974682E1));
#5761=CARTESIAN_POINT('',(2.881330207988E0,-3.303257633143E2,3.931838664044E1));
#5762=CARTESIAN_POINT('',(2.923135118137E0,-3.303321270845E2,3.939090783937E1));
#5763=CARTESIAN_POINT('',(2.935558468106E0,-3.303371995224E2,3.944871308546E1));
#5764=CARTESIAN_POINT('',(2.935075279914E0,-3.303397668745E2,3.947797049702E1));
#5765=CARTESIAN_POINT('',(2.935024917512E0,-3.303399139508E2,3.947964657204E1));
#5767=DIRECTION('',(-2.108151424406E-14,9.961720194260E-1,8.741457380043E-2));
#5768=VECTOR('',#5767,1.E0);
#5769=SURFACE_OF_LINEAR_EXTRUSION('',#5766,#5768);
#5771=ORIENTED_EDGE('',*,*,#5770,.F.);
#5772=ORIENTED_EDGE('',*,*,#3821,.F.);
#5773=ORIENTED_EDGE('',*,*,#5749,.T.);
#5775=ORIENTED_EDGE('',*,*,#5774,.F.);
#5776=EDGE_LOOP('',(#5771,#5772,#5773,#5775));
#5777=FACE_OUTER_BOUND('',#5776,.F.);
#5778=ADVANCED_FACE('',(#5777),#5769,.T.);
#5779=CARTESIAN_POINT('',(2.523079401238E0,-3.298282236146E2,3.913952484784E1));
#5780=DIRECTION('',(5.012258333870E-1,7.564127399823E-2,-8.620040960537E-1));
#5781=DIRECTION('',(8.653165108476E-1,-4.381444260259E-2,4.993071506337E-1));
#5782=AXIS2_PLACEMENT_3D('',#5779,#5780,#5781);
#5783=PLANE('',#5782);
#5785=ORIENTED_EDGE('',*,*,#5784,.F.);
#5786=ORIENTED_EDGE('',*,*,#3823,.F.);
#5787=ORIENTED_EDGE('',*,*,#5770,.T.);
#5789=ORIENTED_EDGE('',*,*,#5788,.F.);
#5790=EDGE_LOOP('',(#5785,#5786,#5787,#5789));
#5791=FACE_OUTER_BOUND('',#5790,.F.);
#5792=ADVANCED_FACE('',(#5791),#5783,.F.);
#5793=CARTESIAN_POINT('',(2.236533724135E0,-3.302731274089E2,3.871855054970E1));
#5794=CARTESIAN_POINT('',(2.235037658751E0,-3.302731880174E2,3.871924124108E1));
#5795=CARTESIAN_POINT('',(2.216850358246E0,-3.302740100560E2,3.872860915204E1));
#5796=CARTESIAN_POINT('',(2.192075891829E0,-3.302772666542E2,3.876572117897E1));
#5797=CARTESIAN_POINT('',(2.183405748067E0,-3.302824405709E2,3.882468286933E1));
#5798=CARTESIAN_POINT('',(2.191547251994E0,-3.302876259417E2,3.888377508893E1));
#5799=CARTESIAN_POINT('',(2.216012090857E0,-3.302909169498E2,3.892127924890E1));
#5800=CARTESIAN_POINT('',(2.234229228970E0,-3.302917537234E2,3.893081507884E1));
#5801=CARTESIAN_POINT('',(2.235721473229E0,-3.302918152110E2,3.893151578826E1));
#5803=DIRECTION('',(-2.108151424406E-14,9.961720194260E-1,8.741457380043E-2));
#5804=VECTOR('',#5803,1.E0);
#5805=SURFACE_OF_LINEAR_EXTRUSION('',#5802,#5804);
#5807=ORIENTED_EDGE('',*,*,#5806,.T.);
#5808=ORIENTED_EDGE('',*,*,#3825,.F.);
#5809=ORIENTED_EDGE('',*,*,#5784,.T.);
#5811=ORIENTED_EDGE('',*,*,#5810,.F.);
#5812=EDGE_LOOP('',(#5807,#5808,#5809,#5811));
#5813=FACE_OUTER_BOUND('',#5812,.F.);
#5814=ADVANCED_FACE('',(#5813),#5805,.T.);
#5815=CARTESIAN_POINT('',(2.524918099612E0,-3.297805632796E2,3.859639010327E1));
#5816=DIRECTION('',(4.955053117660E-1,-7.592872782421E-2,8.652799051767E-1));
#5817=DIRECTION('',(-8.686049078906E-1,-4.331438564408E-2,4.936085270583E-1));
#5818=AXIS2_PLACEMENT_3D('',#5815,#5816,#5817);
#5819=PLANE('',#5818);
#5820=ORIENTED_EDGE('',*,*,#5806,.F.);
#5822=ORIENTED_EDGE('',*,*,#5821,.F.);
#5824=ORIENTED_EDGE('',*,*,#5823,.F.);
#5825=ORIENTED_EDGE('',*,*,#3827,.F.);
#5826=EDGE_LOOP('',(#5820,#5822,#5824,#5825));
#5827=FACE_OUTER_BOUND('',#5826,.F.);
#5828=ADVANCED_FACE('',(#5827),#5819,.F.);
#5829=CARTESIAN_POINT('',(1.123839926115E-1,-3.303124816676E2,
3.916702967313E1));
#5830=DIRECTION('',(0.E0,9.961720194260E-1,8.741457380057E-2));
#5831=DIRECTION('',(0.E0,8.741457380057E-2,-9.961720194260E-1));
#5832=AXIS2_PLACEMENT_3D('',#5829,#5830,#5831);
#5833=PLANE('',#5832);
#5834=ORIENTED_EDGE('',*,*,#5717,.T.);
#5836=ORIENTED_EDGE('',*,*,#5835,.T.);
#5838=ORIENTED_EDGE('',*,*,#5837,.F.);
#5840=ORIENTED_EDGE('',*,*,#5839,.T.);
#5842=ORIENTED_EDGE('',*,*,#5841,.T.);
#5844=ORIENTED_EDGE('',*,*,#5843,.T.);
#5846=ORIENTED_EDGE('',*,*,#5845,.F.);
#5848=ORIENTED_EDGE('',*,*,#5847,.T.);
#5849=ORIENTED_EDGE('',*,*,#5821,.T.);
#5850=ORIENTED_EDGE('',*,*,#5810,.T.);
#5851=ORIENTED_EDGE('',*,*,#5788,.T.);
#5852=ORIENTED_EDGE('',*,*,#5774,.T.);
#5853=ORIENTED_EDGE('',*,*,#5753,.F.);
#5854=ORIENTED_EDGE('',*,*,#5739,.T.);
#5855=EDGE_LOOP('',(#5834,#5836,#5838,#5840,#5842,#5844,#5846,#5848,#5849,#5850,
#5851,#5852,#5853,#5854));
#5856=FACE_OUTER_BOUND('',#5855,.F.);
#5857=ADVANCED_FACE('',(#5856),#5833,.T.);
#5858=CARTESIAN_POINT('',(7.763695281421E-1,-3.303462386730E2,
3.955172278206E1));
#5859=CARTESIAN_POINT('',(7.748952296079E-1,-3.303461682232E2,
3.955091994009E1));
#5860=CARTESIAN_POINT('',(7.493561647227E-1,-3.303449085683E2,
3.953656497724E1));
#5861=CARTESIAN_POINT('',(7.056370289259E-1,-3.303414150680E2,
3.949675322662E1));
#5862=CARTESIAN_POINT('',(6.639701838338E-1,-3.303350587169E2,
3.942431657435E1));
#5863=CARTESIAN_POINT('',(6.515992174777E-1,-3.303299950899E2,
3.936661173920E1));
#5864=CARTESIAN_POINT('',(6.520806339213E-1,-3.303274321073E2,
3.933740412011E1));
#5865=CARTESIAN_POINT('',(6.521307964786E-1,-3.303272852889E2,
3.933573098506E1));
#5867=DIRECTION('',(-2.387875584908E-14,9.961720194260E-1,8.741457380059E-2));
#5868=VECTOR('',#5867,1.E0);
#5869=SURFACE_OF_LINEAR_EXTRUSION('',#5866,#5868);
#5871=ORIENTED_EDGE('',*,*,#5870,.T.);
#5872=ORIENTED_EDGE('',*,*,#5835,.F.);
#5873=ORIENTED_EDGE('',*,*,#5715,.T.);
#5874=ORIENTED_EDGE('',*,*,#3841,.F.);
#5875=EDGE_LOOP('',(#5871,#5872,#5873,#5874));
#5876=FACE_OUTER_BOUND('',#5875,.F.);
#5877=ADVANCED_FACE('',(#5876),#5869,.T.);
#5878=CARTESIAN_POINT('',(6.537550747131E-1,-3.298038615249E2,
3.886189571684E1));
#5879=DIRECTION('',(-9.999946667297E-1,2.854927334923E-4,-3.253460613164E-3));
#5880=DIRECTION('',(3.265962654760E-3,8.741410759368E-2,-9.961667065715E-1));
#5881=AXIS2_PLACEMENT_3D('',#5878,#5879,#5880);
#5882=PLANE('',#5881);
#5883=ORIENTED_EDGE('',*,*,#5870,.F.);
#5884=ORIENTED_EDGE('',*,*,#3839,.F.);
#5886=ORIENTED_EDGE('',*,*,#5885,.F.);
#5887=ORIENTED_EDGE('',*,*,#5837,.T.);
#5888=EDGE_LOOP('',(#5883,#5884,#5886,#5887));
#5889=FACE_OUTER_BOUND('',#5888,.F.);
#5890=ADVANCED_FACE('',(#5889),#5882,.F.);
#5891=CARTESIAN_POINT('',(6.555129010397E-1,-3.302367629231E2,
3.830414272564E1));
#5892=CARTESIAN_POINT('',(6.554737042301E-1,-3.302366160839E2,
3.830246935423E1));
#5893=CARTESIAN_POINT('',(6.551837344363E-1,-3.302340528717E2,
3.827325912075E1));
#5894=CARTESIAN_POINT('',(6.679348030282E-1,-3.302289964580E2,
3.821563648673E1));
#5895=CARTESIAN_POINT('',(7.100747181268E-1,-3.302226639959E2,
3.814347207277E1));
#5896=CARTESIAN_POINT('',(7.540553248410E-1,-3.302191956804E2,
3.810394732718E1));
#5897=CARTESIAN_POINT('',(7.796878639434E-1,-3.302179506454E2,
3.808975897101E1));
#5898=CARTESIAN_POINT('',(7.811674404394E-1,-3.302178810368E2,
3.808896571547E1));
#5900=DIRECTION('',(-2.384984379115E-14,9.961720194260E-1,8.741457380060E-2));
#5901=VECTOR('',#5900,1.E0);
#5902=SURFACE_OF_LINEAR_EXTRUSION('',#5899,#5901);
#5903=ORIENTED_EDGE('',*,*,#5885,.T.);
#5904=ORIENTED_EDGE('',*,*,#3837,.F.);
#5906=ORIENTED_EDGE('',*,*,#5905,.T.);
#5907=ORIENTED_EDGE('',*,*,#5839,.F.);
#5908=EDGE_LOOP('',(#5903,#5904,#5906,#5907));
#5909=FACE_OUTER_BOUND('',#5908,.F.);
#5910=ADVANCED_FACE('',(#5909),#5902,.T.);
#5911=CARTESIAN_POINT('',(1.724283107343E0,-3.296924726633E2,3.759251393781E1));
#5912=DIRECTION('',(-4.971646891889E-1,7.584579644612E-2,-8.643348234250E-1));
#5913=DIRECTION('',(8.676561944824E-1,4.345943941371E-2,-4.952615524166E-1));
#5914=AXIS2_PLACEMENT_3D('',#5911,#5912,#5913);
#5915=PLANE('',#5914);
#5916=ORIENTED_EDGE('',*,*,#5905,.F.);
#5917=ORIENTED_EDGE('',*,*,#3835,.F.);
#5919=ORIENTED_EDGE('',*,*,#5918,.F.);
#5920=ORIENTED_EDGE('',*,*,#5841,.F.);
#5921=EDGE_LOOP('',(#5916,#5917,#5919,#5920));
#5922=FACE_OUTER_BOUND('',#5921,.F.);
#5923=ADVANCED_FACE('',(#5922),#5915,.F.);
#5924=CARTESIAN_POINT('',(2.603110308707E0,-3.301305946134E2,3.709425409068E1));
#5925=CARTESIAN_POINT('',(2.615636035410E0,-3.301271833468E2,3.705537946933E1));
#5926=CARTESIAN_POINT('',(2.656114656102E0,-3.301232375353E2,3.701041320345E1));
#5927=CARTESIAN_POINT('',(2.732316251038E0,-3.301210216880E2,3.698516152175E1));
#5928=CARTESIAN_POINT('',(2.818439778637E0,-3.301211656929E2,3.698680259448E1));
#5929=CARTESIAN_POINT('',(2.911529464318E0,-3.301260567660E2,3.704254101310E1));
#5930=CARTESIAN_POINT('',(2.956289102755E0,-3.301364876141E2,3.716141042559E1));
#5931=CARTESIAN_POINT('',(2.930704638364E0,-3.301431484861E2,3.723731738249E1));
#5932=CARTESIAN_POINT('',(2.903769000226E0,-3.301456419890E2,3.726573321475E1));
#5934=DIRECTION('',(-2.072155912281E-14,9.961720194260E-1,8.741457380061E-2));
#5935=VECTOR('',#5934,1.E0);
#5936=SURFACE_OF_LINEAR_EXTRUSION('',#5933,#5935);
#5937=ORIENTED_EDGE('',*,*,#5918,.T.);
#5938=ORIENTED_EDGE('',*,*,#3833,.F.);
#5940=ORIENTED_EDGE('',*,*,#5939,.T.);
#5941=ORIENTED_EDGE('',*,*,#5843,.F.);
#5942=EDGE_LOOP('',(#5937,#5938,#5940,#5941));
#5943=FACE_OUTER_BOUND('',#5942,.F.);
#5944=ADVANCED_FACE('',(#5943),#5936,.T.);
#5945=CARTESIAN_POINT('',(2.941016729855E0,-3.297032524375E2,3.771535969490E1));
#5946=DIRECTION('',(9.999946635413E-1,-2.855780598705E-4,3.254432988212E-3));
#5947=DIRECTION('',(-3.266938766344E-3,-8.741410731731E-2,9.961667033951E-1));
#5948=AXIS2_PLACEMENT_3D('',#5945,#5946,#5947);
#5949=PLANE('',#5948);
#5950=ORIENTED_EDGE('',*,*,#5939,.F.);
#5951=ORIENTED_EDGE('',*,*,#3831,.F.);
#5953=ORIENTED_EDGE('',*,*,#5952,.T.);
#5954=ORIENTED_EDGE('',*,*,#5845,.T.);
#5955=EDGE_LOOP('',(#5950,#5951,#5953,#5954));
#5956=FACE_OUTER_BOUND('',#5955,.F.);
#5957=ADVANCED_FACE('',(#5956),#5949,.F.);
#5958=CARTESIAN_POINT('',(2.939304334219E0,-3.302254391681E2,3.817509779312E1));
#5959=CARTESIAN_POINT('',(2.939343715583E0,-3.302255862721E2,3.817677418235E1));
#5960=CARTESIAN_POINT('',(2.939635152058E0,-3.302281538647E2,3.820603433734E1));
#5961=CARTESIAN_POINT('',(2.926831006589E0,-3.302332190737E2,3.826375720106E1));
#5962=CARTESIAN_POINT('',(2.884552385825E0,-3.302395588830E2,3.833600534259E1));
#5963=CARTESIAN_POINT('',(2.840431601772E0,-3.302430288863E2,3.837554932312E1));
#5964=CARTESIAN_POINT('',(2.814721890385E0,-3.302442720981E2,3.838971690196E1));
#5965=CARTESIAN_POINT('',(2.813231677610E0,-3.302443418735E2,3.839051205906E1));
#5967=DIRECTION('',(-2.081407770820E-14,9.961720194260E-1,8.741457380060E-2));
#5968=VECTOR('',#5967,1.E0);
#5969=SURFACE_OF_LINEAR_EXTRUSION('',#5966,#5968);
#5970=ORIENTED_EDGE('',*,*,#5952,.F.);
#5971=ORIENTED_EDGE('',*,*,#3829,.F.);
#5972=ORIENTED_EDGE('',*,*,#5823,.T.);
#5973=ORIENTED_EDGE('',*,*,#5847,.F.);
#5974=EDGE_LOOP('',(#5970,#5971,#5972,#5973));
#5975=FACE_OUTER_BOUND('',#5974,.F.);
#5976=ADVANCED_FACE('',(#5975),#5969,.T.);
#5977=CARTESIAN_POINT('',(6.341470435578E0,-3.299778230558E2,4.084435244080E1));
#5978=DIRECTION('',(-3.268825055482E-3,-8.741410677741E-2,9.961666972546E-1));
#5979=DIRECTION('',(-9.999946573771E-1,2.857429489673E-4,-3.256312056677E-3));
#5980=AXIS2_PLACEMENT_3D('',#5977,#5978,#5979);
#5981=PLANE('',#5980);
#5983=ORIENTED_EDGE('',*,*,#5982,.F.);
#5984=ORIENTED_EDGE('',*,*,#3845,.F.);
#5986=ORIENTED_EDGE('',*,*,#5985,.F.);
#5988=ORIENTED_EDGE('',*,*,#5987,.T.);
#5989=EDGE_LOOP('',(#5983,#5984,#5986,#5988));
#5990=FACE_OUTER_BOUND('',#5989,.F.);
#5991=ADVANCED_FACE('',(#5990),#5981,.F.);
#5992=CARTESIAN_POINT('',(6.971413156600E0,-3.304301790790E2,4.050830336160E1));
#5993=CARTESIAN_POINT('',(7.010679601562E0,-3.304330383829E2,4.054088784456E1));
#5994=CARTESIAN_POINT('',(7.038852666125E0,-3.304391274619E2,4.061027867800E1));
#5995=CARTESIAN_POINT('',(6.997836795372E0,-3.304478365633E2,4.070952715309E1));
#5996=CARTESIAN_POINT('',(6.939836912498E0,-3.304528538707E2,4.076670413148E1));
#5997=CARTESIAN_POINT('',(6.886328005139E0,-3.304552392053E2,4.079388728272E1));
#5998=CARTESIAN_POINT('',(6.854851055534E0,-3.304559882653E2,4.080242353279E1));
#5999=CARTESIAN_POINT('',(6.802545087316E0,-3.304564349388E2,4.080751380124E1));
#6000=CARTESIAN_POINT('',(6.758221241609E0,-3.304547051065E2,4.078780072034E1));
#6001=CARTESIAN_POINT('',(6.732990641958E0,-3.304507865789E2,4.074314539097E1));
#6003=DIRECTION('',(-2.173926356205E-14,9.961720194260E-1,8.741457380051E-2));
#6004=VECTOR('',#6003,1.E0);
#6005=SURFACE_OF_LINEAR_EXTRUSION('',#6002,#6004);
#6007=ORIENTED_EDGE('',*,*,#6006,.T.);
#6008=ORIENTED_EDGE('',*,*,#3847,.F.);
#6009=ORIENTED_EDGE('',*,*,#5982,.T.);
#6011=ORIENTED_EDGE('',*,*,#6010,.F.);
#6012=EDGE_LOOP('',(#6007,#6008,#6009,#6011));
#6013=FACE_OUTER_BOUND('',#6012,.F.);
#6014=ADVANCED_FACE('',(#6013),#6005,.T.);
#6015=CARTESIAN_POINT('',(7.030003447264E0,-3.298293270113E2,3.915209909956E1));
#6016=DIRECTION('',(9.999946646308E-1,-2.855489058239E-4,3.254100750174E-3));
#6017=DIRECTION('',(-3.266605251618E-3,-8.741410741146E-2,9.961667044805E-1));
#6018=AXIS2_PLACEMENT_3D('',#6015,#6016,#6017);
#6019=PLANE('',#6018);
#6021=ORIENTED_EDGE('',*,*,#6020,.F.);
#6022=ORIENTED_EDGE('',*,*,#3849,.F.);
#6023=ORIENTED_EDGE('',*,*,#6006,.F.);
#6025=ORIENTED_EDGE('',*,*,#6024,.T.);
#6026=EDGE_LOOP('',(#6021,#6022,#6023,#6025));
#6027=FACE_OUTER_BOUND('',#6026,.F.);
#6028=ADVANCED_FACE('',(#6027),#6019,.F.);
#6029=CARTESIAN_POINT('',(6.905419056803E0,-3.301560954759E2,3.738486061793E1));
#6030=CARTESIAN_POINT('',(6.906956529998E0,-3.301561726566E2,3.738574016494E1));
#6031=CARTESIAN_POINT('',(6.933668969503E0,-3.301575544143E2,3.740148660548E1));
#6032=CARTESIAN_POINT('',(6.979191610612E0,-3.301613014896E2,3.744418808443E1));
#6033=CARTESIAN_POINT('',(7.022603789495E0,-3.301680396139E2,3.752097540459E1));
#6034=CARTESIAN_POINT('',(7.035391676206E0,-3.301733771381E2,3.758180155863E1));
#6035=CARTESIAN_POINT('',(7.034891391098E0,-3.301760744345E2,3.761253980910E1));
#6036=CARTESIAN_POINT('',(7.034839201766E0,-3.301762293759E2,3.761430551350E1));
#6038=DIRECTION('',(-2.104537417165E-14,9.961720194260E-1,8.741457380051E-2));
#6039=VECTOR('',#6038,1.E0);
#6040=SURFACE_OF_LINEAR_EXTRUSION('',#6037,#6039);
#6041=ORIENTED_EDGE('',*,*,#6020,.T.);
#6043=ORIENTED_EDGE('',*,*,#6042,.F.);
#6045=ORIENTED_EDGE('',*,*,#6044,.T.);
#6046=ORIENTED_EDGE('',*,*,#3851,.F.);
#6047=EDGE_LOOP('',(#6041,#6043,#6045,#6046));
#6048=FACE_OUTER_BOUND('',#6047,.F.);
#6049=ADVANCED_FACE('',(#6048),#6040,.T.);
#6050=CARTESIAN_POINT('',(3.614309399269E0,-3.304561264894E2,4.080399872756E1));
#6051=DIRECTION('',(0.E0,9.961720194260E-1,8.741457380056E-2));
#6052=DIRECTION('',(0.E0,8.741457380056E-2,-9.961720194260E-1));
#6053=AXIS2_PLACEMENT_3D('',#6050,#6051,#6052);
#6054=PLANE('',#6053);
#6055=ORIENTED_EDGE('',*,*,#5987,.F.);
#6057=ORIENTED_EDGE('',*,*,#6056,.T.);
#6059=ORIENTED_EDGE('',*,*,#6058,.F.);
#6061=ORIENTED_EDGE('',*,*,#6060,.T.);
#6063=ORIENTED_EDGE('',*,*,#6062,.F.);
#6065=ORIENTED_EDGE('',*,*,#6064,.T.);
#6067=ORIENTED_EDGE('',*,*,#6066,.F.);
#6069=ORIENTED_EDGE('',*,*,#6068,.T.);
#6071=ORIENTED_EDGE('',*,*,#6070,.F.);
#6073=ORIENTED_EDGE('',*,*,#6072,.T.);
#6075=ORIENTED_EDGE('',*,*,#6074,.T.);
#6077=ORIENTED_EDGE('',*,*,#6076,.T.);
#6079=ORIENTED_EDGE('',*,*,#6078,.F.);
#6081=ORIENTED_EDGE('',*,*,#6080,.T.);
#6083=ORIENTED_EDGE('',*,*,#6082,.F.);
#6084=ORIENTED_EDGE('',*,*,#6042,.T.);
#6085=ORIENTED_EDGE('',*,*,#6024,.F.);
#6086=ORIENTED_EDGE('',*,*,#6010,.T.);
#6087=EDGE_LOOP('',(#6055,#6057,#6059,#6061,#6063,#6065,#6067,#6069,#6071,#6073,
#6075,#6077,#6079,#6081,#6083,#6084,#6085,#6086));
#6088=FACE_OUTER_BOUND('',#6087,.F.);
#6089=ADVANCED_FACE('',(#6088),#6054,.T.);
#6090=CARTESIAN_POINT('',(5.949631994513E0,-3.304506727494E2,4.074184817843E1));
#6091=CARTESIAN_POINT('',(5.924148137978E0,-3.304544928890E2,4.078538230029E1));
#6092=CARTESIAN_POINT('',(5.880032101518E0,-3.304561685120E2,4.080447761513E1));
#6093=CARTESIAN_POINT('',(5.828087709411E0,-3.304556947335E2,4.079907845883E1));
#6094=CARTESIAN_POINT('',(5.796652021E0,-3.304549269472E2,4.079032880509E1));
#6095=CARTESIAN_POINT('',(5.743316248026E0,-3.304525096150E2,4.076278101125E1));
#6096=CARTESIAN_POINT('',(5.685707156136E0,-3.304474588582E2,4.070522284549E1));
#6097=CARTESIAN_POINT('',(5.644470551801E0,-3.304385328738E2,4.060350278071E1));
#6098=CARTESIAN_POINT('',(5.675999256667E0,-3.304322437617E2,4.053183238155E1));
#6099=CARTESIAN_POINT('',(5.721606063215E0,-3.304292633910E2,4.049786823126E1));
#6101=DIRECTION('',(-2.112247299279E-14,9.961720194260E-1,8.741457380052E-2));
#6102=VECTOR('',#6101,1.E0);
#6103=SURFACE_OF_LINEAR_EXTRUSION('',#6100,#6102);
#6105=ORIENTED_EDGE('',*,*,#6104,.T.);
#6106=ORIENTED_EDGE('',*,*,#6056,.F.);
#6107=ORIENTED_EDGE('',*,*,#5985,.T.);
#6108=ORIENTED_EDGE('',*,*,#3879,.F.);
#6109=EDGE_LOOP('',(#6105,#6106,#6107,#6108));
#6110=FACE_OUTER_BOUND('',#6109,.F.);
#6111=ADVANCED_FACE('',(#6110),#6103,.T.);
#6112=CARTESIAN_POINT('',(5.662825405262E0,-3.298617362125E2,3.952143270208E1));
#6113=DIRECTION('',(-9.999946636447E-1,2.855752937681E-4,-3.254401465839E-3));
#6114=DIRECTION('',(3.266907122840E-3,8.741410732560E-2,-9.961667034981E-1));
#6115=AXIS2_PLACEMENT_3D('',#6112,#6113,#6114);
#6116=PLANE('',#6115);
#6117=ORIENTED_EDGE('',*,*,#6104,.F.);
#6118=ORIENTED_EDGE('',*,*,#3877,.F.);
#6120=ORIENTED_EDGE('',*,*,#6119,.T.);
#6121=ORIENTED_EDGE('',*,*,#6058,.T.);
#6122=EDGE_LOOP('',(#6117,#6118,#6120,#6121));
#6123=FACE_OUTER_BOUND('',#6122,.F.);
#6124=ADVANCED_FACE('',(#6123),#6116,.F.);
#6125=CARTESIAN_POINT('',(5.640295380316E0,-3.302500537460E2,3.845560426519E1));
#6126=CARTESIAN_POINT('',(5.658071576388E0,-3.302472546819E2,3.842370627431E1));
#6127=CARTESIAN_POINT('',(5.678900146954E0,-3.302394341542E2,3.833458394009E1));
#6128=CARTESIAN_POINT('',(5.630763031790E0,-3.302268555138E2,3.819123839580E1));
#6129=CARTESIAN_POINT('',(5.514601084439E0,-3.302197057154E2,3.810975965888E1));
#6130=CARTESIAN_POINT('',(5.407105553974E0,-3.302180242902E2,3.809059822328E1));
#6131=CARTESIAN_POINT('',(5.321463473995E0,-3.302179798890E2,3.809009222913E1));
#6132=CARTESIAN_POINT('',(5.236662915764E0,-3.302181211372E2,3.809170188634E1));
#6133=CARTESIAN_POINT('',(5.132855142032E0,-3.302199012402E2,3.811198784935E1));
#6134=CARTESIAN_POINT('',(5.022791991651E0,-3.302271211992E2,3.819426613349E1));
#6135=CARTESIAN_POINT('',(4.975870047978E0,-3.302392812345E2,3.833284127436E1));
#6136=CARTESIAN_POINT('',(4.995620814481E0,-3.302470219280E2,3.842105382303E1));
#6137=CARTESIAN_POINT('',(5.012912166549E0,-3.302498597738E2,3.845339376937E1));
#6139=DIRECTION('',(-2.127667063509E-14,9.961720194260E-1,8.741457380053E-2));
#6140=VECTOR('',#6139,1.E0);
#6141=SURFACE_OF_LINEAR_EXTRUSION('',#6138,#6140);
#6142=ORIENTED_EDGE('',*,*,#6119,.F.);
#6143=ORIENTED_EDGE('',*,*,#3875,.F.);
#6145=ORIENTED_EDGE('',*,*,#6144,.T.);
#6146=ORIENTED_EDGE('',*,*,#6060,.F.);
#6147=EDGE_LOOP('',(#6142,#6143,#6145,#6146));
#6148=FACE_OUTER_BOUND('',#6147,.F.);
#6149=ADVANCED_FACE('',(#6148),#6141,.T.);
#6150=CARTESIAN_POINT('',(4.984082263187E0,-3.298615422638E2,3.951922247199E1));
#6151=DIRECTION('',(9.999946623556E-1,-2.856097853378E-4,3.254794530006E-3));
#6152=DIRECTION('',(-3.267301697431E-3,-8.741410721278E-2,9.961667022139E-1));
#6153=AXIS2_PLACEMENT_3D('',#6150,#6151,#6152);
#6154=PLANE('',#6153);
#6155=ORIENTED_EDGE('',*,*,#6144,.F.);
#6156=ORIENTED_EDGE('',*,*,#3873,.F.);
#6158=ORIENTED_EDGE('',*,*,#6157,.T.);
#6159=ORIENTED_EDGE('',*,*,#6062,.T.);
#6160=EDGE_LOOP('',(#6155,#6156,#6158,#6159));
#6161=FACE_OUTER_BOUND('',#6160,.F.);
#6162=ADVANCED_FACE('',(#6161),#6154,.F.);
#6163=CARTESIAN_POINT('',(4.926716938762E0,-3.304295948175E2,4.050164515037E1));
#6164=CARTESIAN_POINT('',(4.965983339775E0,-3.304324541205E2,4.053422962069E1));
#6165=CARTESIAN_POINT('',(4.994156382449E0,-3.304385431979E2,4.060362043535E1));
#6166=CARTESIAN_POINT('',(4.953140517942E0,-3.304472522978E2,4.070286889334E1));
#6167=CARTESIAN_POINT('',(4.895140635329E0,-3.304522696052E2,4.076004587156E1));
#6168=CARTESIAN_POINT('',(4.841631727883E0,-3.304546549398E2,4.078722902267E1));
#6169=CARTESIAN_POINT('',(4.810154779674E0,-3.304554039998E2,4.079576527229E1));
#6170=CARTESIAN_POINT('',(4.757848811749E0,-3.304558506734E2,4.080085554142E1));
#6171=CARTESIAN_POINT('',(4.713524965691E0,-3.304541208410E2,4.078114246207E1));
#6172=CARTESIAN_POINT('',(4.688294365186E0,-3.304502023133E2,4.073648713131E1));
#6174=DIRECTION('',(-2.204765884664E-14,9.961720194260E-1,8.741457380052E-2));
#6175=VECTOR('',#6174,1.E0);
#6176=SURFACE_OF_LINEAR_EXTRUSION('',#6173,#6175);
#6177=ORIENTED_EDGE('',*,*,#6157,.F.);
#6178=ORIENTED_EDGE('',*,*,#3871,.F.);
#6180=ORIENTED_EDGE('',*,*,#6179,.T.);
#6181=ORIENTED_EDGE('',*,*,#6064,.F.);
#6182=EDGE_LOOP('',(#6177,#6178,#6180,#6181));
#6183=FACE_OUTER_BOUND('',#6182,.F.);
#6184=ADVANCED_FACE('',(#6183),#6176,.T.);
#6185=CARTESIAN_POINT('',(4.296766261174E0,-3.299772387880E2,4.083769415494E1));
#6186=DIRECTION('',(-3.268825050717E-3,-8.741410677743E-2,9.961666972546E-1));
#6187=DIRECTION('',(-9.999946573771E-1,2.857429480587E-4,-3.256312051974E-3));
#6188=AXIS2_PLACEMENT_3D('',#6185,#6186,#6187);
#6189=PLANE('',#6188);
#6190=ORIENTED_EDGE('',*,*,#6179,.F.);
#6191=ORIENTED_EDGE('',*,*,#3869,.F.);
#6193=ORIENTED_EDGE('',*,*,#6192,.T.);
#6194=ORIENTED_EDGE('',*,*,#6066,.T.);
#6195=EDGE_LOOP('',(#6190,#6191,#6193,#6194));
#6196=FACE_OUTER_BOUND('',#6195,.F.);
#6197=ADVANCED_FACE('',(#6196),#6189,.F.);
#6198=CARTESIAN_POINT('',(3.904919922557E0,-3.304500884785E2,4.073518986939E1));
#6199=CARTESIAN_POINT('',(3.879436066085E0,-3.304539086191E2,4.077872398983E1));
#6200=CARTESIAN_POINT('',(3.835320029344E0,-3.304555842420E2,4.079781930367E1));
#6201=CARTESIAN_POINT('',(3.783375637142E0,-3.304551104634E2,4.079242014710E1));
#6202=CARTESIAN_POINT('',(3.751939949364E0,-3.304543426771E2,4.078367049358E1));
#6203=CARTESIAN_POINT('',(3.698604176389E0,-3.304519253450E2,4.075612269984E1));
#6204=CARTESIAN_POINT('',(3.640995085340E0,-3.304468745883E2,4.069856453464E1));
#6205=CARTESIAN_POINT('',(3.599758480905E0,-3.304379486037E2,4.059684447130E1));
#6206=CARTESIAN_POINT('',(3.631287193055E0,-3.304316594919E2,4.052517407287E1));
#6207=CARTESIAN_POINT('',(3.676894009645E0,-3.304286791215E2,4.049120992214E1));
#6209=DIRECTION('',(-2.119957181394E-14,9.961720194260E-1,8.741457380053E-2));
#6210=VECTOR('',#6209,1.E0);
#6211=SURFACE_OF_LINEAR_EXTRUSION('',#6208,#6210);
#6212=ORIENTED_EDGE('',*,*,#6192,.F.);
#6213=ORIENTED_EDGE('',*,*,#3867,.F.);
#6215=ORIENTED_EDGE('',*,*,#6214,.T.);
#6216=ORIENTED_EDGE('',*,*,#6068,.F.);
#6217=EDGE_LOOP('',(#6212,#6213,#6215,#6216));
#6218=FACE_OUTER_BOUND('',#6217,.F.);
#6219=ADVANCED_FACE('',(#6218),#6211,.T.);
#6220=CARTESIAN_POINT('',(3.619339177780E0,-3.298283524268E2,3.914099278482E1));
#6221=DIRECTION('',(-9.999946635728E-1,2.855772162103E-4,-3.254423373893E-3));
#6222=DIRECTION('',(3.266929115080E-3,8.741410731888E-2,-9.961667034266E-1));
#6223=AXIS2_PLACEMENT_3D('',#6220,#6221,#6222);
#6224=PLANE('',#6223);
#6225=ORIENTED_EDGE('',*,*,#6214,.F.);
#6226=ORIENTED_EDGE('',*,*,#3865,.F.);
#6228=ORIENTED_EDGE('',*,*,#6227,.T.);
#6229=ORIENTED_EDGE('',*,*,#6070,.T.);
#6230=EDGE_LOOP('',(#6225,#6226,#6228,#6229));
#6231=FACE_OUTER_BOUND('',#6230,.F.);
#6232=ADVANCED_FACE('',(#6231),#6224,.F.);
#6233=CARTESIAN_POINT('',(3.624318187789E0,-3.301752694887E2,3.760336668863E1));
#6234=CARTESIAN_POINT('',(3.624274667116E0,-3.301751096290E2,3.760154493610E1));
#6235=CARTESIAN_POINT('',(3.623951351764E0,-3.301723156932E2,3.756970538728E1));
#6236=CARTESIAN_POINT('',(3.638102711987E0,-3.301668072874E2,3.750693187375E1));
#6237=CARTESIAN_POINT('',(3.684494289113E0,-3.301599424343E2,3.742870035926E1));
#6238=CARTESIAN_POINT('',(3.732968109347E0,-3.301562203096E2,3.738628321552E1));
#6239=CARTESIAN_POINT('',(3.761106233681E0,-3.301549139630E2,3.737139615687E1));
#6240=CARTESIAN_POINT('',(3.762733690577E0,-3.301548409090E2,3.737056363761E1));
#6242=DIRECTION('',(-2.046713301298E-14,9.961720194260E-1,8.741457380053E-2));
#6243=VECTOR('',#6242,1.E0);
#6244=SURFACE_OF_LINEAR_EXTRUSION('',#6241,#6243);
#6245=ORIENTED_EDGE('',*,*,#6227,.F.);
#6246=ORIENTED_EDGE('',*,*,#3863,.F.);
#6248=ORIENTED_EDGE('',*,*,#6247,.T.);
#6249=ORIENTED_EDGE('',*,*,#6072,.F.);
#6250=EDGE_LOOP('',(#6245,#6246,#6248,#6249));
#6251=FACE_OUTER_BOUND('',#6250,.F.);
#6252=ADVANCED_FACE('',(#6251),#6244,.T.);
#6253=CARTESIAN_POINT('',(4.143293370205E0,-3.296575947283E2,3.719504677217E1));
#6254=DIRECTION('',(-4.972463932101E-1,7.584170358230E-2,-8.642881813592E-1));
#6255=DIRECTION('',(8.676093731856E-1,4.346658153663E-2,-4.953429436764E-1));
#6256=AXIS2_PLACEMENT_3D('',#6253,#6254,#6255);
#6257=PLANE('',#6256);
#6259=ORIENTED_EDGE('',*,*,#6258,.F.);
#6260=ORIENTED_EDGE('',*,*,#6074,.F.);
#6261=ORIENTED_EDGE('',*,*,#6247,.F.);
#6262=ORIENTED_EDGE('',*,*,#3861,.F.);
#6263=EDGE_LOOP('',(#6259,#6260,#6261,#6262));
#6264=FACE_OUTER_BOUND('',#6263,.F.);
#6265=ADVANCED_FACE('',(#6264),#6257,.F.);
#6266=CARTESIAN_POINT('',(4.524013246219E0,-3.301166865783E2,3.693575883283E1));
#6267=CARTESIAN_POINT('',(4.525570065837E0,-3.301166065393E2,3.693484671177E1));
#6268=CARTESIAN_POINT('',(4.553069104200E0,-3.301152109279E2,3.691894239616E1));
#6269=CARTESIAN_POINT('',(4.609835032434E0,-3.301129481530E2,3.689315592869E1));
#6270=CARTESIAN_POINT('',(4.682782462288E0,-3.301112632346E2,3.687395468555E1));
#6271=CARTESIAN_POINT('',(4.742653753675E0,-3.301105744566E2,3.686610540613E1));
#6272=CARTESIAN_POINT('',(4.774506931986E0,-3.301104548308E2,3.686474215634E1));
#6273=CARTESIAN_POINT('',(4.791334585979E0,-3.301104678160E2,3.686489013568E1));
#6274=CARTESIAN_POINT('',(4.793140365643E0,-3.301104700925E2,3.686491607889E1));
#6276=DIRECTION('',(-2.165515575714E-14,9.961720194260E-1,8.741457380046E-2));
#6277=VECTOR('',#6276,1.E0);
#6278=SURFACE_OF_LINEAR_EXTRUSION('',#6275,#6277);
#6279=ORIENTED_EDGE('',*,*,#6258,.T.);
#6280=ORIENTED_EDGE('',*,*,#3859,.F.);
#6282=ORIENTED_EDGE('',*,*,#6281,.T.);
#6283=ORIENTED_EDGE('',*,*,#6076,.F.);
#6284=EDGE_LOOP('',(#6279,#6280,#6282,#6283));
#6285=FACE_OUTER_BOUND('',#6284,.F.);
#6286=ADVANCED_FACE('',(#6285),#6278,.T.);
#6287=CARTESIAN_POINT('',(5.332018954487E0,-3.296324588678E2,3.690859978967E1));
#6288=DIRECTION('',(3.268847865343E-3,8.741410677084E-2,-9.961666971803E-1));
#6289=DIRECTION('',(9.999946573025E-1,-2.857449431E-4,3.256334779203E-3));
#6290=AXIS2_PLACEMENT_3D('',#6287,#6288,#6289);
#6291=PLANE('',#6290);
#6292=ORIENTED_EDGE('',*,*,#6281,.F.);
#6293=ORIENTED_EDGE('',*,*,#3857,.F.);
#6295=ORIENTED_EDGE('',*,*,#6294,.F.);
#6296=ORIENTED_EDGE('',*,*,#6078,.T.);
#6297=EDGE_LOOP('',(#6292,#6293,#6295,#6296));
#6298=FACE_OUTER_BOUND('',#6297,.F.);
#6299=ADVANCED_FACE('',(#6298),#6291,.F.);
#6300=CARTESIAN_POINT('',(5.769570298474E0,-3.301118843376E2,3.688103274420E1));
#6301=CARTESIAN_POINT('',(5.804644031277E0,-3.301111109585E2,3.687221935461E1));
#6302=CARTESIAN_POINT('',(5.855686206637E0,-3.301106208492E2,3.686663409364E1));
#6303=CARTESIAN_POINT('',(5.921846613201E0,-3.301109172976E2,3.687001240492E1));
#6304=CARTESIAN_POINT('',(5.982366694871E0,-3.301116572878E2,3.687844529558E1));
#6305=CARTESIAN_POINT('',(6.056581149156E0,-3.301133873686E2,3.689816120815E1));
#6306=CARTESIAN_POINT('',(6.143514616703E0,-3.301172243536E2,3.694188729320E1));
#6307=CARTESIAN_POINT('',(6.200102801017E0,-3.301201269631E2,3.697496528233E1));
#6308=CARTESIAN_POINT('',(6.230613108977E0,-3.301214572279E2,3.699012491170E1));
#6310=DIRECTION('',(-2.165515575714E-14,9.961720194260E-1,8.741457380046E-2));
#6311=VECTOR('',#6310,1.E0);
#6312=SURFACE_OF_LINEAR_EXTRUSION('',#6309,#6311);
#6313=ORIENTED_EDGE('',*,*,#6294,.T.);
#6314=ORIENTED_EDGE('',*,*,#3855,.F.);
#6316=ORIENTED_EDGE('',*,*,#6315,.F.);
#6317=ORIENTED_EDGE('',*,*,#6080,.F.);
#6318=EDGE_LOOP('',(#6313,#6314,#6316,#6317));
#6319=FACE_OUTER_BOUND('',#6318,.F.);
#6320=ADVANCED_FACE('',(#6319),#6312,.T.);
#6321=CARTESIAN_POINT('',(6.138347736518E0,-3.301170825400E2,3.694027119203E1));
#6322=DIRECTION('',(-5.029326291802E-1,-7.555465534914E-2,8.610169943508E-1));
#6323=DIRECTION('',(-8.634851267187E-1,0.E0,-5.043743014226E-1));
#6324=AXIS2_PLACEMENT_3D('',#6321,#6322,#6323);
#6325=PLANE('',#6324);
#6326=ORIENTED_EDGE('',*,*,#3853,.F.);
#6327=ORIENTED_EDGE('',*,*,#6044,.F.);
#6328=ORIENTED_EDGE('',*,*,#6082,.T.);
#6329=ORIENTED_EDGE('',*,*,#6315,.T.);
#6330=EDGE_LOOP('',(#6326,#6327,#6328,#6329));
#6331=FACE_OUTER_BOUND('',#6330,.F.);
#6332=ADVANCED_FACE('',(#6331),#6325,.T.);
#6333=CARTESIAN_POINT('',(1.031709232527E1,-3.299789619433E2,4.085733114444E1));
#6334=DIRECTION('',(-3.268829870742E-3,-8.741410677605E-2,9.961666972389E-1));
#6335=DIRECTION('',(-9.999946573614E-1,2.857433696426E-4,-3.256316853526E-3));
#6336=AXIS2_PLACEMENT_3D('',#6333,#6334,#6335);
#6337=PLANE('',#6336);
#6339=ORIENTED_EDGE('',*,*,#6338,.F.);
#6340=ORIENTED_EDGE('',*,*,#3883,.F.);
#6342=ORIENTED_EDGE('',*,*,#6341,.F.);
#6344=ORIENTED_EDGE('',*,*,#6343,.T.);
#6345=EDGE_LOOP('',(#6339,#6340,#6342,#6344));
#6346=FACE_OUTER_BOUND('',#6345,.F.);
#6347=ADVANCED_FACE('',(#6346),#6337,.F.);
#6348=CARTESIAN_POINT('',(1.104829033592E1,-3.304313454521E2,4.052159529006E1));
#6349=CARTESIAN_POINT('',(1.108754896096E1,-3.304342048459E2,4.055418079750E1));
#6350=CARTESIAN_POINT('',(1.111571877265E1,-3.304402942092E2,4.062357487217E1));
#6351=CARTESIAN_POINT('',(1.107470377910E1,-3.304490037033E2,4.072282782069E1));
#6352=CARTESIAN_POINT('',(1.101670511561E1,-3.304540215626E2,4.078001108854E1));
#6353=CARTESIAN_POINT('',(1.096319715530E1,-3.304564070163E2,4.080719559778E1));
#6354=CARTESIAN_POINT('',(1.093172203272E1,-3.304571560826E2,4.081573191734E1));
#6355=CARTESIAN_POINT('',(1.087941700719E1,-3.304576027787E2,4.082082244553E1));
#6356=CARTESIAN_POINT('',(1.083509362727E1,-3.304558727640E2,4.080110728528E1));
#6357=CARTESIAN_POINT('',(1.080986548217E1,-3.304519536862E2,4.075644563848E1));
#6359=DIRECTION('',(0.E0,9.961720194260E-1,8.741457380053E-2));
#6360=VECTOR('',#6359,1.E0);
#6361=SURFACE_OF_LINEAR_EXTRUSION('',#6358,#6360);
#6363=ORIENTED_EDGE('',*,*,#6362,.F.);
#6364=ORIENTED_EDGE('',*,*,#3885,.F.);
#6365=ORIENTED_EDGE('',*,*,#6338,.T.);
#6367=ORIENTED_EDGE('',*,*,#6366,.F.);
#6368=EDGE_LOOP('',(#6363,#6364,#6365,#6367));
#6369=FACE_OUTER_BOUND('',#6368,.F.);
#6370=ADVANCED_FACE('',(#6369),#6361,.T.);
#6371=CARTESIAN_POINT('',(1.110776222845E1,-3.298066441870E2,3.889360679223E1));
#6372=DIRECTION('',(9.999946635389E-1,-2.855781253138E-4,3.254433733832E-3));
#6373=DIRECTION('',(-3.266939514830E-3,-8.741410731617E-2,9.961667033927E-1));
#6374=AXIS2_PLACEMENT_3D('',#6371,#6372,#6373);
#6375=PLANE('',#6374);
#6377=ORIENTED_EDGE('',*,*,#6376,.F.);
#6378=ORIENTED_EDGE('',*,*,#3887,.F.);
#6379=ORIENTED_EDGE('',*,*,#6362,.T.);
#6381=ORIENTED_EDGE('',*,*,#6380,.T.);
#6382=EDGE_LOOP('',(#6377,#6378,#6379,#6381));
#6383=FACE_OUTER_BOUND('',#6382,.F.);
#6384=ADVANCED_FACE('',(#6383),#6375,.F.);
#6385=CARTESIAN_POINT('',(1.082307893219E1,-3.301173846593E2,3.694371414105E1));
#6386=CARTESIAN_POINT('',(1.084856224290E1,-3.301135643873E2,3.690017850266E1));
#6387=CARTESIAN_POINT('',(1.089267806338E1,-3.301118887292E2,3.688108279008E1));
#6388=CARTESIAN_POINT('',(1.094462199086E1,-3.301123625056E2,3.688648192225E1));
#6389=CARTESIAN_POINT('',(1.097605679003E1,-3.301131302712E2,3.689523133893E1));
#6390=CARTESIAN_POINT('',(1.102939100870E1,-3.301155475336E2,3.692277833802E1));
#6391=CARTESIAN_POINT('',(1.108699843167E1,-3.301205981363E2,3.698033474778E1));
#6392=CARTESIAN_POINT('',(1.112823429037E1,-3.301295239511E2,3.708205287760E1));
#6393=CARTESIAN_POINT('',(1.109670499253E1,-3.301358129835E2,3.715372236877E1));
#6394=CARTESIAN_POINT('',(1.105109625401E1,-3.301387933340E2,3.718768629085E1));
#6396=DIRECTION('',(0.E0,9.961720194260E-1,8.741457380053E-2));
#6397=VECTOR('',#6396,1.E0);
#6398=SURFACE_OF_LINEAR_EXTRUSION('',#6395,#6397);
#6400=ORIENTED_EDGE('',*,*,#6399,.F.);
#6401=ORIENTED_EDGE('',*,*,#3889,.F.);
#6402=ORIENTED_EDGE('',*,*,#6376,.T.);
#6404=ORIENTED_EDGE('',*,*,#6403,.F.);
#6405=EDGE_LOOP('',(#6400,#6401,#6402,#6404));
#6406=FACE_OUTER_BOUND('',#6405,.F.);
#6407=ADVANCED_FACE('',(#6406),#6398,.T.);
#6408=CARTESIAN_POINT('',(1.052914385020E1,-3.296339370055E2,3.692544457118E1));
#6409=DIRECTION('',(3.269348315249E-3,8.741410662789E-2,-9.961666955505E-1));
#6410=DIRECTION('',(9.999946556665E-1,-2.857886893993E-4,3.256833313425E-3));
#6411=AXIS2_PLACEMENT_3D('',#6408,#6409,#6410);
#6412=PLANE('',#6411);
#6414=ORIENTED_EDGE('',*,*,#6413,.F.);
#6415=ORIENTED_EDGE('',*,*,#3891,.F.);
#6416=ORIENTED_EDGE('',*,*,#6399,.T.);
#6418=ORIENTED_EDGE('',*,*,#6417,.T.);
#6419=EDGE_LOOP('',(#6414,#6415,#6416,#6418));
#6420=FACE_OUTER_BOUND('',#6419,.F.);
#6421=ADVANCED_FACE('',(#6420),#6412,.F.);
#6422=CARTESIAN_POINT('',(9.997104253676E0,-3.301379335676E2,3.717788843854E1));
#6423=CARTESIAN_POINT('',(9.957834536210E0,-3.301350743016E2,3.714530438839E1));
#6424=CARTESIAN_POINT('',(9.929660038691E0,-3.301289853303E2,3.707591478235E1));
#6425=CARTESIAN_POINT('',(9.970676694358E0,-3.301202763539E2,3.697666773125E1));
#6426=CARTESIAN_POINT('',(1.002867790235E1,-3.301152592600E2,3.691949318616E1));
#6427=CARTESIAN_POINT('',(1.008218794407E1,-3.301128739567E2,3.689231039242E1));
#6428=CARTESIAN_POINT('',(1.011366618123E1,-3.301121248918E2,3.688377408657E1));
#6429=CARTESIAN_POINT('',(1.016597281505E1,-3.301116782299E2,3.687868395072E1));
#6430=CARTESIAN_POINT('',(1.021029697854E1,-3.301134079572E2,3.689839583522E1));
#6431=CARTESIAN_POINT('',(1.023552902800E1,-3.301173261520E2,3.694304737478E1));
#6433=DIRECTION('',(0.E0,9.961720194260E-1,8.741457380054E-2));
#6434=VECTOR('',#6433,1.E0);
#6435=SURFACE_OF_LINEAR_EXTRUSION('',#6432,#6434);
#6437=ORIENTED_EDGE('',*,*,#6436,.F.);
#6438=ORIENTED_EDGE('',*,*,#3893,.F.);
#6439=ORIENTED_EDGE('',*,*,#6413,.T.);
#6441=ORIENTED_EDGE('',*,*,#6440,.F.);
#6442=EDGE_LOOP('',(#6437,#6438,#6439,#6441));
#6443=FACE_OUTER_BOUND('',#6442,.F.);
#6444=ADVANCED_FACE('',(#6443),#6435,.T.);
#6445=CARTESIAN_POINT('',(9.941389391676E0,-3.297053944121E2,3.773976952740E1));
#6446=DIRECTION('',(-9.999946636071E-1,2.855762998858E-4,-3.254412931348E-3));
#6447=DIRECTION('',(3.266918632409E-3,8.741410732219E-2,-9.961667034607E-1));
#6448=AXIS2_PLACEMENT_3D('',#6445,#6446,#6447);
#6449=PLANE('',#6448);
#6451=ORIENTED_EDGE('',*,*,#6450,.F.);
#6452=ORIENTED_EDGE('',*,*,#3895,.F.);
#6453=ORIENTED_EDGE('',*,*,#6436,.T.);
#6455=ORIENTED_EDGE('',*,*,#6454,.T.);
#6456=EDGE_LOOP('',(#6451,#6452,#6453,#6455));
#6457=FACE_OUTER_BOUND('',#6456,.F.);
#6458=ADVANCED_FACE('',(#6457),#6449,.F.);
#6459=CARTESIAN_POINT('',(9.611491089867E0,-3.302325350213E2,3.825596177567E1));
#6460=CARTESIAN_POINT('',(9.592048636642E0,-3.302347489973E2,3.828119213130E1));
#6461=CARTESIAN_POINT('',(9.582436893795E0,-3.302410337518E2,3.835281287254E1));
#6462=CARTESIAN_POINT('',(9.632754060425E0,-3.302499260901E2,3.845414950702E1));
#6463=CARTESIAN_POINT('',(9.703926108792E0,-3.302527836297E2,3.848671388174E1));
#6464=CARTESIAN_POINT('',(9.751955707143E0,-3.302532955191E2,3.849254734692E1));
#6465=CARTESIAN_POINT('',(9.785484026249E0,-3.302532648887E2,3.849219828438E1));
#6466=CARTESIAN_POINT('',(9.844012625530E0,-3.302521735877E2,3.847976187366E1));
#6467=CARTESIAN_POINT('',(9.917387393130E0,-3.302475390113E2,3.842694647809E1));
#6468=CARTESIAN_POINT('',(9.950245544527E0,-3.302381462883E2,3.831990748660E1));
#6469=CARTESIAN_POINT('',(9.928705451105E0,-3.302321519559E2,3.825159637919E1));
#6470=CARTESIAN_POINT('',(9.905695755308E0,-3.302299494712E2,3.822649697453E1));
#6472=DIRECTION('',(-1.017444038887E-14,9.961720194260E-1,8.741457380053E-2));
#6473=VECTOR('',#6472,1.E0);
#6474=SURFACE_OF_LINEAR_EXTRUSION('',#6471,#6473);
#6476=ORIENTED_EDGE('',*,*,#6475,.F.);
#6477=ORIENTED_EDGE('',*,*,#3897,.F.);
#6478=ORIENTED_EDGE('',*,*,#6450,.T.);
#6480=ORIENTED_EDGE('',*,*,#6479,.F.);
#6481=EDGE_LOOP('',(#6476,#6477,#6478,#6480));
#6482=FACE_OUTER_BOUND('',#6481,.F.);
#6483=ADVANCED_FACE('',(#6482),#6474,.T.);
#6484=CARTESIAN_POINT('',(9.471090878526E0,-3.297075016020E2,3.776378295581E1));
#6485=DIRECTION('',(9.817975514181E-1,1.660268754177E-2,-1.892033794515E-1));
#6486=DIRECTION('',(1.899304294458E-1,-8.582341451630E-2,9.780392494636E-1));
#6487=AXIS2_PLACEMENT_3D('',#6484,#6485,#6486);
#6488=PLANE('',#6487);
#6490=ORIENTED_EDGE('',*,*,#6489,.F.);
#6491=ORIENTED_EDGE('',*,*,#3899,.F.);
#6492=ORIENTED_EDGE('',*,*,#6475,.T.);
#6494=ORIENTED_EDGE('',*,*,#6493,.F.);
#6495=EDGE_LOOP('',(#6490,#6491,#6492,#6494));
#6496=FACE_OUTER_BOUND('',#6495,.F.);
#6497=ADVANCED_FACE('',(#6496),#6488,.F.);
#6498=CARTESIAN_POINT('',(8.991597579961E0,-3.301149793112E2,3.691630291120E1));
#6499=CARTESIAN_POINT('',(9.023247340411E0,-3.301126053998E2,3.688924993155E1));
#6500=CARTESIAN_POINT('',(9.068788757774E0,-3.301114289663E2,3.687584335448E1));
#6501=CARTESIAN_POINT('',(9.123528209345E0,-3.301118349239E2,3.688046962766E1));
#6502=CARTESIAN_POINT('',(9.161037515166E0,-3.301125852702E2,3.688902053577E1));
#6503=CARTESIAN_POINT('',(9.225661009811E0,-3.301150025240E2,3.691656743611E1));
#6504=CARTESIAN_POINT('',(9.300651319657E0,-3.301204197892E2,3.697830231375E1));
#6505=CARTESIAN_POINT('',(9.358904484688E0,-3.301295923258E2,3.708283207278E1));
#6506=CARTESIAN_POINT('',(9.350988757936E0,-3.301364770252E2,3.716128975529E1));
#6507=CARTESIAN_POINT('',(9.330248204441E0,-3.301398822356E2,3.720009535846E1));
#6509=DIRECTION('',(-1.325839323504E-14,9.961720194260E-1,8.741457380053E-2));
#6510=VECTOR('',#6509,1.E0);
#6511=SURFACE_OF_LINEAR_EXTRUSION('',#6508,#6510);
#6513=ORIENTED_EDGE('',*,*,#6512,.F.);
#6514=ORIENTED_EDGE('',*,*,#3901,.F.);
#6515=ORIENTED_EDGE('',*,*,#6489,.T.);
#6517=ORIENTED_EDGE('',*,*,#6516,.F.);
#6518=EDGE_LOOP('',(#6513,#6514,#6515,#6517));
#6519=FACE_OUTER_BOUND('',#6518,.F.);
#6520=ADVANCED_FACE('',(#6519),#6511,.T.);
#6521=CARTESIAN_POINT('',(8.504550856503E0,-3.296333584849E2,3.691885177998E1));
#6522=DIRECTION('',(3.268468917319E-3,8.741410687918E-2,-9.961666984142E-1));
#6523=DIRECTION('',(9.999946585412E-1,-2.857118176511E-4,3.255957281774E-3));
#6524=AXIS2_PLACEMENT_3D('',#6521,#6522,#6523);
#6525=PLANE('',#6524);
#6527=ORIENTED_EDGE('',*,*,#6526,.F.);
#6528=ORIENTED_EDGE('',*,*,#3903,.F.);
#6529=ORIENTED_EDGE('',*,*,#6512,.T.);
#6531=ORIENTED_EDGE('',*,*,#6530,.T.);
#6532=EDGE_LOOP('',(#6527,#6528,#6529,#6531));
#6533=FACE_OUTER_BOUND('',#6532,.F.);
#6534=ADVANCED_FACE('',(#6533),#6525,.F.);
#6535=CARTESIAN_POINT('',(7.773550730360E0,-3.301372999102E2,3.717066731059E1));
#6536=CARTESIAN_POINT('',(7.734139140078E0,-3.301344376219E2,3.713804881953E1));
#6537=CARTESIAN_POINT('',(7.705902786015E0,-3.301283499017E2,3.706867347213E1));
#6538=CARTESIAN_POINT('',(7.747022299410E0,-3.301196430497E2,3.696945063074E1));
#6539=CARTESIAN_POINT('',(7.805002926843E0,-3.301146280134E2,3.691229953230E1));
#6540=CARTESIAN_POINT('',(7.858519118380E0,-3.301122392290E2,3.688507706707E1));
#6541=CARTESIAN_POINT('',(7.889954792738E0,-3.301114896821E2,3.687653526972E1));
#6542=CARTESIAN_POINT('',(7.942243356452E0,-3.301110420709E2,3.687143431577E1));
#6543=CARTESIAN_POINT('',(7.986562255722E0,-3.301127777028E2,3.689121348786E1));
#6544=CARTESIAN_POINT('',(8.011736616363E0,-3.301167160394E2,3.693609457259E1));
#6546=DIRECTION('',(-1.002024274655E-14,9.961720194260E-1,8.741457380053E-2));
#6547=VECTOR('',#6546,1.E0);
#6548=SURFACE_OF_LINEAR_EXTRUSION('',#6545,#6547);
#6550=ORIENTED_EDGE('',*,*,#6549,.F.);
#6551=ORIENTED_EDGE('',*,*,#3905,.F.);
#6552=ORIENTED_EDGE('',*,*,#6526,.T.);
#6554=ORIENTED_EDGE('',*,*,#6553,.F.);
#6555=EDGE_LOOP('',(#6550,#6551,#6552,#6554));
#6556=FACE_OUTER_BOUND('',#6555,.F.);
#6557=ADVANCED_FACE('',(#6556),#6548,.T.);
#6558=CARTESIAN_POINT('',(7.713887604944E0,-3.298056744042E2,3.888255519734E1));
#6559=DIRECTION('',(-9.999946635410E-1,2.855780694976E-4,-3.254433097753E-3));
#6560=DIRECTION('',(3.266938876307E-3,8.741410731621E-2,-9.961667033948E-1));
#6561=AXIS2_PLACEMENT_3D('',#6558,#6559,#6560);
#6562=PLANE('',#6561);
#6564=ORIENTED_EDGE('',*,*,#6563,.F.);
#6565=ORIENTED_EDGE('',*,*,#3907,.F.);
#6566=ORIENTED_EDGE('',*,*,#6549,.T.);
#6568=ORIENTED_EDGE('',*,*,#6567,.T.);
#6569=EDGE_LOOP('',(#6564,#6565,#6566,#6568));
#6570=FACE_OUTER_BOUND('',#6569,.F.);
#6571=ADVANCED_FACE('',(#6570),#6562,.F.);
#6572=CARTESIAN_POINT('',(7.998568995536E0,-3.304512604093E2,4.074854511736E1));
#6573=CARTESIAN_POINT('',(7.973087492405E0,-3.304550810788E2,4.079208528145E1));
#6574=CARTESIAN_POINT('',(7.928971987880E0,-3.304567568757E2,4.081118257790E1));
#6575=CARTESIAN_POINT('',(7.877028626783E0,-3.304562830763E2,4.080578318268E1));
#6576=CARTESIAN_POINT('',(7.845594795563E0,-3.304555152863E2,4.079703348733E1));
#6577=CARTESIAN_POINT('',(7.792259929701E0,-3.304530978355E2,4.076948434189E1));
#6578=CARTESIAN_POINT('',(7.734652077448E0,-3.304480465256E2,4.071191987251E1));
#6579=CARTESIAN_POINT('',(7.693416663443E0,-3.304391201869E2,4.061019577366E1));
#6580=CARTESIAN_POINT('',(7.724941105233E0,-3.304328308415E2,4.053852271477E1));
#6581=CARTESIAN_POINT('',(7.770537443690E0,-3.304298503849E2,4.050455758302E1));
#6583=DIRECTION('',(-1.156221916964E-14,9.961720194260E-1,8.741457380052E-2));
#6584=VECTOR('',#6583,1.E0);
#6585=SURFACE_OF_LINEAR_EXTRUSION('',#6582,#6584);
#6587=ORIENTED_EDGE('',*,*,#6586,.F.);
#6588=ORIENTED_EDGE('',*,*,#3909,.F.);
#6589=ORIENTED_EDGE('',*,*,#6563,.T.);
#6591=ORIENTED_EDGE('',*,*,#6590,.F.);
#6592=EDGE_LOOP('',(#6587,#6588,#6589,#6591));
#6593=FACE_OUTER_BOUND('',#6592,.F.);
#6594=ADVANCED_FACE('',(#6593),#6585,.T.);
#6595=CARTESIAN_POINT('',(8.292506020303E0,-3.299783834241E2,4.085073836954E1));
#6596=DIRECTION('',(-3.268818476525E-3,-8.741410677931E-2,9.961666972760E-1));
#6597=DIRECTION('',(-9.999946573986E-1,2.857423725476E-4,-3.256305503021E-3));
#6598=AXIS2_PLACEMENT_3D('',#6595,#6596,#6597);
#6599=PLANE('',#6598);
#6601=ORIENTED_EDGE('',*,*,#6600,.F.);
#6602=ORIENTED_EDGE('',*,*,#3911,.F.);
#6603=ORIENTED_EDGE('',*,*,#6586,.T.);
#6605=ORIENTED_EDGE('',*,*,#6604,.T.);
#6606=EDGE_LOOP('',(#6601,#6602,#6603,#6605));
#6607=FACE_OUTER_BOUND('',#6606,.F.);
#6608=ADVANCED_FACE('',(#6607),#6599,.F.);
#6609=CARTESIAN_POINT('',(8.824557421778E0,-3.304307100452E2,4.051435422553E1));
#6610=CARTESIAN_POINT('',(8.863818066419E0,-3.304335694187E2,4.054693950110E1));
#6611=CARTESIAN_POINT('',(8.891988955428E0,-3.304396587531E2,4.061633324701E1));
#6612=CARTESIAN_POINT('',(8.850972427537E0,-3.304483682848E2,4.071558662402E1));
#6613=CARTESIAN_POINT('',(8.792970831107E0,-3.304533860690E2,4.077276903675E1));
#6614=CARTESIAN_POINT('',(8.739460250239E0,-3.304557715585E2,4.079995395287E1));
#6615=CARTESIAN_POINT('',(8.707982962314E0,-3.304565206513E2,4.080849057572E1));
#6616=CARTESIAN_POINT('',(8.655676822768E0,-3.304569673415E2,4.081358103587E1));
#6617=CARTESIAN_POINT('',(8.611352895853E0,-3.304552374754E2,4.079386756899E1));
#6618=CARTESIAN_POINT('',(8.586122651946E0,-3.304513188787E2,4.074921142576E1));
#6620=DIRECTION('',(-1.079123095810E-14,9.961720194260E-1,8.741457380054E-2));
#6621=VECTOR('',#6620,1.E0);
#6622=SURFACE_OF_LINEAR_EXTRUSION('',#6619,#6621);
#6624=ORIENTED_EDGE('',*,*,#6623,.F.);
#6625=ORIENTED_EDGE('',*,*,#3913,.F.);
#6626=ORIENTED_EDGE('',*,*,#6600,.T.);
#6628=ORIENTED_EDGE('',*,*,#6627,.F.);
#6629=EDGE_LOOP('',(#6624,#6625,#6626,#6628));
#6630=FACE_OUTER_BOUND('',#6629,.F.);
#6631=ADVANCED_FACE('',(#6630),#6622,.T.);
#6632=CARTESIAN_POINT('',(8.880260220287E0,-3.299069299135E2,4.003645781031E1));
#6633=DIRECTION('',(9.999946636394E-1,-2.855754355356E-4,3.254403081257E-3));
#6634=DIRECTION('',(-3.266908744467E-3,-8.741410732546E-2,9.961667034928E-1));
#6635=AXIS2_PLACEMENT_3D('',#6632,#6633,#6634);
#6636=PLANE('',#6635);
#6638=ORIENTED_EDGE('',*,*,#6637,.F.);
#6639=ORIENTED_EDGE('',*,*,#3915,.F.);
#6640=ORIENTED_EDGE('',*,*,#6623,.T.);
#6642=ORIENTED_EDGE('',*,*,#6641,.T.);
#6643=EDGE_LOOP('',(#6638,#6639,#6640,#6642));
#6644=FACE_OUTER_BOUND('',#6643,.F.);
#6645=ADVANCED_FACE('',(#6644),#6636,.F.);
#6646=CARTESIAN_POINT('',(9.210058229283E0,-3.303357617932E2,3.943232879673E1));
#6647=CARTESIAN_POINT('',(9.229952514678E0,-3.303334598932E2,3.940609646151E1));
#6648=CARTESIAN_POINT('',(9.238455461505E0,-3.303271947988E2,3.933469976505E1));
#6649=CARTESIAN_POINT('',(9.185651349336E0,-3.303184571432E2,3.923512588796E1));
#6650=CARTESIAN_POINT('',(9.106139605760E0,-3.303154609761E2,3.920098172010E1));
#6651=CARTESIAN_POINT('',(9.041054778032E0,-3.303152658340E2,3.919875789066E1));
#6652=CARTESIAN_POINT('',(8.976651163341E0,-3.303165395102E2,3.921327264012E1));
#6653=CARTESIAN_POINT('',(8.904529824998E0,-3.303211026991E2,3.926527450720E1));
#6654=CARTESIAN_POINT('',(8.871201143150E0,-3.303304460121E2,3.937175042606E1));
#6655=CARTESIAN_POINT('',(8.892914463576E0,-3.303364876171E2,3.944060024666E1));
#6656=CARTESIAN_POINT('',(8.915944881292E0,-3.303386860100E2,3.946565302011E1));
#6658=DIRECTION('',(-1.004227098117E-14,9.961720194260E-1,8.741457380053E-2));
#6659=VECTOR('',#6658,1.E0);
#6660=SURFACE_OF_LINEAR_EXTRUSION('',#6657,#6659);
#6661=ORIENTED_EDGE('',*,*,#6637,.T.);
#6663=ORIENTED_EDGE('',*,*,#6662,.F.);
#6665=ORIENTED_EDGE('',*,*,#6664,.T.);
#6666=ORIENTED_EDGE('',*,*,#3917,.F.);
#6667=EDGE_LOOP('',(#6661,#6663,#6665,#6666));
#6668=FACE_OUTER_BOUND('',#6667,.F.);
#6669=ADVANCED_FACE('',(#6668),#6660,.T.);
#6670=CARTESIAN_POINT('',(7.707966477201E0,-3.304572943088E2,4.081730713801E1));
#6671=DIRECTION('',(0.E0,9.961720194260E-1,8.741457380057E-2));
#6672=DIRECTION('',(0.E0,8.741457380057E-2,-9.961720194260E-1));
#6673=AXIS2_PLACEMENT_3D('',#6670,#6671,#6672);
#6674=PLANE('',#6673);
#6675=ORIENTED_EDGE('',*,*,#6343,.F.);
#6677=ORIENTED_EDGE('',*,*,#6676,.T.);
#6679=ORIENTED_EDGE('',*,*,#6678,.F.);
#6680=ORIENTED_EDGE('',*,*,#6662,.T.);
#6681=ORIENTED_EDGE('',*,*,#6641,.F.);
#6682=ORIENTED_EDGE('',*,*,#6627,.T.);
#6683=ORIENTED_EDGE('',*,*,#6604,.F.);
#6684=ORIENTED_EDGE('',*,*,#6590,.T.);
#6685=ORIENTED_EDGE('',*,*,#6567,.F.);
#6686=ORIENTED_EDGE('',*,*,#6553,.T.);
#6687=ORIENTED_EDGE('',*,*,#6530,.F.);
#6688=ORIENTED_EDGE('',*,*,#6516,.T.);
#6689=ORIENTED_EDGE('',*,*,#6493,.T.);
#6690=ORIENTED_EDGE('',*,*,#6479,.T.);
#6691=ORIENTED_EDGE('',*,*,#6454,.F.);
#6692=ORIENTED_EDGE('',*,*,#6440,.T.);
#6693=ORIENTED_EDGE('',*,*,#6417,.F.);
#6694=ORIENTED_EDGE('',*,*,#6403,.T.);
#6695=ORIENTED_EDGE('',*,*,#6380,.F.);
#6696=ORIENTED_EDGE('',*,*,#6366,.T.);
#6697=EDGE_LOOP('',(#6675,#6677,#6679,#6680,#6681,#6682,#6683,#6684,#6685,#6686,
#6687,#6688,#6689,#6690,#6691,#6692,#6693,#6694,#6695,#6696));
#6698=FACE_OUTER_BOUND('',#6697,.F.);
#6699=ADVANCED_FACE('',(#6698),#6674,.T.);
#6700=CARTESIAN_POINT('',(9.830510024235E0,-3.304536671685E2,4.077597243011E1));
#6701=CARTESIAN_POINT('',(9.798598721408E0,-3.304560362844E2,4.080297075561E1));
#6702=CARTESIAN_POINT('',(9.752790918431E0,-3.304572207582E2,4.081646895890E1));
#6703=CARTESIAN_POINT('',(9.697679922247E0,-3.304568065181E2,4.081174829970E1));
#6704=CARTESIAN_POINT('',(9.659628033207E0,-3.304560331944E2,4.080293554215E1));
#6705=CARTESIAN_POINT('',(9.594534003848E0,-3.304535729886E2,4.077489916256E1));
#6706=CARTESIAN_POINT('',(9.517790836974E0,-3.304479182958E2,4.071045857220E1));
#6707=CARTESIAN_POINT('',(9.461888810951E0,-3.304387050777E2,4.060546520954E1));
#6708=CARTESIAN_POINT('',(9.471421643313E0,-3.304317166294E2,4.052582520980E1));
#6709=CARTESIAN_POINT('',(9.492478065064E0,-3.304282072847E2,4.048583289741E1));
#6711=DIRECTION('',(-2.466901876590E-14,9.961720194260E-1,8.741457380050E-2));
#6712=VECTOR('',#6711,1.E0);
#6713=SURFACE_OF_LINEAR_EXTRUSION('',#6710,#6712);
#6714=ORIENTED_EDGE('',*,*,#3921,.F.);
#6716=ORIENTED_EDGE('',*,*,#6715,.F.);
#6717=ORIENTED_EDGE('',*,*,#6676,.F.);
#6718=ORIENTED_EDGE('',*,*,#6341,.T.);
#6719=EDGE_LOOP('',(#6714,#6716,#6717,#6718));
#6720=FACE_OUTER_BOUND('',#6719,.F.);
#6721=ADVANCED_FACE('',(#6720),#6713,.T.);
#6722=CARTESIAN_POINT('',(9.473014536221E0,-3.304382858400E2,4.060068759796E1));
#6723=DIRECTION('',(9.817804124850E-1,1.661043019801E-2,-1.892916143666E-1));
#6724=DIRECTION('',(1.691626070091E-2,-9.998569098246E-1,0.E0));
#6725=AXIS2_PLACEMENT_3D('',#6722,#6723,#6724);
#6726=PLANE('',#6725);
#6727=ORIENTED_EDGE('',*,*,#3919,.F.);
#6728=ORIENTED_EDGE('',*,*,#6664,.F.);
#6729=ORIENTED_EDGE('',*,*,#6678,.T.);
#6730=ORIENTED_EDGE('',*,*,#6715,.T.);
#6731=EDGE_LOOP('',(#6727,#6728,#6729,#6730));
#6732=FACE_OUTER_BOUND('',#6731,.F.);
#6733=ADVANCED_FACE('',(#6732),#6726,.T.);
#6734=CARTESIAN_POINT('',(1.300371613774E1,-3.299186820778E2,4.017038487561E1));
#6735=DIRECTION('',(4.971646892119E-1,-7.584579644484E-2,8.643348234119E-1));
#6736=DIRECTION('',(-8.676561944692E-1,-4.345943941630E-2,4.952615524395E-1));
#6737=AXIS2_PLACEMENT_3D('',#6734,#6735,#6736);
#6738=PLANE('',#6737);
#6740=ORIENTED_EDGE('',*,*,#6739,.F.);
#6741=ORIENTED_EDGE('',*,*,#3925,.F.);
#6743=ORIENTED_EDGE('',*,*,#6742,.F.);
#6745=ORIENTED_EDGE('',*,*,#6744,.F.);
#6746=EDGE_LOOP('',(#6740,#6741,#6743,#6745));
#6747=FACE_OUTER_BOUND('',#6746,.F.);
#6748=ADVANCED_FACE('',(#6747),#6738,.F.);
#6749=CARTESIAN_POINT('',(1.407248634209E1,-3.303307169569E2,3.937483809823E1));
#6750=CARTESIAN_POINT('',(1.407252553890E1,-3.303308637960E2,3.937651146982E1));
#6751=CARTESIAN_POINT('',(1.407281550866E1,-3.303334270080E2,3.940572170321E1));
#6752=CARTESIAN_POINT('',(1.406006443989E1,-3.303384834218E2,3.946334433700E1));
#6753=CARTESIAN_POINT('',(1.401792452555E1,-3.303448158839E2,3.953550875008E1));
#6754=CARTESIAN_POINT('',(1.397394391935E1,-3.303482841994E2,3.957503349577E1));
#6755=CARTESIAN_POINT('',(1.394831138048E1,-3.303495292344E2,3.958922185192E1));
#6756=CARTESIAN_POINT('',(1.394683180362E1,-3.303495988429E2,3.959001510765E1));
#6758=DIRECTION('',(0.E0,9.961720194260E-1,8.741457380043E-2));
#6759=VECTOR('',#6758,1.E0);
#6760=SURFACE_OF_LINEAR_EXTRUSION('',#6757,#6759);
#6762=ORIENTED_EDGE('',*,*,#6761,.F.);
#6763=ORIENTED_EDGE('',*,*,#3927,.F.);
#6764=ORIENTED_EDGE('',*,*,#6739,.T.);
#6766=ORIENTED_EDGE('',*,*,#6765,.F.);
#6767=EDGE_LOOP('',(#6762,#6763,#6764,#6766));
#6768=FACE_OUTER_BOUND('',#6767,.F.);
#6769=ADVANCED_FACE('',(#6768),#6760,.T.);
#6770=CARTESIAN_POINT('',(1.407424416833E1,-3.298072932164E2,3.890100309785E1));
#6771=DIRECTION('',(9.999946667303E-1,-2.854927179509E-4,3.253460435807E-3));
#6772=DIRECTION('',(-3.265962476723E-3,-8.741410759500E-2,9.961667065720E-1));
#6773=AXIS2_PLACEMENT_3D('',#6770,#6771,#6772);
#6774=PLANE('',#6773);
#6776=ORIENTED_EDGE('',*,*,#6775,.F.);
#6777=ORIENTED_EDGE('',*,*,#3929,.F.);
#6778=ORIENTED_EDGE('',*,*,#6761,.T.);
#6780=ORIENTED_EDGE('',*,*,#6779,.T.);
#6781=EDGE_LOOP('',(#6776,#6777,#6778,#6780));
#6782=FACE_OUTER_BOUND('',#6781,.F.);
#6783=ADVANCED_FACE('',(#6782),#6774,.F.);
#6784=CARTESIAN_POINT('',(1.395162971863E1,-3.302212412071E2,3.812725804387E1));
#6785=CARTESIAN_POINT('',(1.395310401790E1,-3.302213116569E2,3.812806088627E1));
#6786=CARTESIAN_POINT('',(1.397864308140E1,-3.302225713117E2,3.814241584909E1));
#6787=CARTESIAN_POINT('',(1.402236221550E1,-3.302260648120E2,3.818222759957E1));
#6788=CARTESIAN_POINT('',(1.406402905910E1,-3.302324211630E2,3.825466424927E1));
#6789=CARTESIAN_POINT('',(1.407640002533E1,-3.302374847898E2,3.831236908423E1));
#6790=CARTESIAN_POINT('',(1.407591860905E1,-3.302400477724E2,3.834157670314E1));
#6791=CARTESIAN_POINT('',(1.407586844647E1,-3.302401945909E2,3.834324983874E1));
#6793=DIRECTION('',(0.E0,9.961720194260E-1,8.741457380043E-2));
#6794=VECTOR('',#6793,1.E0);
#6795=SURFACE_OF_LINEAR_EXTRUSION('',#6792,#6794);
#6797=ORIENTED_EDGE('',*,*,#6796,.T.);
#6798=ORIENTED_EDGE('',*,*,#3931,.F.);
#6799=ORIENTED_EDGE('',*,*,#6775,.T.);
#6801=ORIENTED_EDGE('',*,*,#6800,.F.);
#6802=EDGE_LOOP('',(#6797,#6798,#6799,#6801));
#6803=FACE_OUTER_BOUND('',#6802,.F.);
#6804=ADVANCED_FACE('',(#6803),#6795,.T.);
#6805=CARTESIAN_POINT('',(1.301206524909E1,-3.296952948979E2,3.762467597979E1));
#6806=DIRECTION('',(5.028252669693E-1,7.556011551283E-2,-8.610792180984E-1));
#6807=DIRECTION('',(8.643880788727E-1,-4.395425640842E-2,5.009004616152E-1));
#6808=AXIS2_PLACEMENT_3D('',#6805,#6806,#6807);
#6809=PLANE('',#6808);
#6810=ORIENTED_EDGE('',*,*,#6796,.F.);
#6812=ORIENTED_EDGE('',*,*,#6811,.F.);
#6814=ORIENTED_EDGE('',*,*,#6813,.F.);
#6815=ORIENTED_EDGE('',*,*,#3933,.F.);
#6816=EDGE_LOOP('',(#6810,#6812,#6814,#6815));
#6817=FACE_OUTER_BOUND('',#6816,.F.);
#6818=ADVANCED_FACE('',(#6817),#6809,.F.);
#6819=CARTESIAN_POINT('',(1.461561525042E1,-3.302549982122E2,3.851195115068E1));
#6820=DIRECTION('',(1.137545111202E-14,9.961720194260E-1,8.741457380055E-2));
#6821=DIRECTION('',(0.E0,8.741457380055E-2,-9.961720194260E-1));
#6822=AXIS2_PLACEMENT_3D('',#6819,#6820,#6821);
#6823=PLANE('',#6822);
#6824=ORIENTED_EDGE('',*,*,#6744,.T.);
#6826=ORIENTED_EDGE('',*,*,#6825,.T.);
#6828=ORIENTED_EDGE('',*,*,#6827,.F.);
#6830=ORIENTED_EDGE('',*,*,#6829,.T.);
#6832=ORIENTED_EDGE('',*,*,#6831,.T.);
#6834=ORIENTED_EDGE('',*,*,#6833,.T.);
#6836=ORIENTED_EDGE('',*,*,#6835,.T.);
#6838=ORIENTED_EDGE('',*,*,#6837,.T.);
#6840=ORIENTED_EDGE('',*,*,#6839,.F.);
#6842=ORIENTED_EDGE('',*,*,#6841,.T.);
#6843=ORIENTED_EDGE('',*,*,#6811,.T.);
#6844=ORIENTED_EDGE('',*,*,#6800,.T.);
#6845=ORIENTED_EDGE('',*,*,#6779,.F.);
#6846=ORIENTED_EDGE('',*,*,#6765,.T.);
#6847=EDGE_LOOP('',(#6824,#6826,#6828,#6830,#6832,#6834,#6836,#6838,#6840,#6842,
#6843,#6844,#6845,#6846));
#6848=FACE_OUTER_BOUND('',#6847,.F.);
#6849=ADVANCED_FACE('',(#6848),#6823,.T.);
#6850=CARTESIAN_POINT('',(1.212488893884E1,-3.304368852666E2,4.058472673423E1));
#6851=CARTESIAN_POINT('',(1.211236321124E1,-3.304402965330E2,4.062360135285E1));
#6852=CARTESIAN_POINT('',(1.207188459014E1,-3.304442423444E2,4.066856761798E1));
#6853=CARTESIAN_POINT('',(1.199568299479E1,-3.304464581918E2,4.069381930120E1));
#6854=CARTESIAN_POINT('',(1.190955946583E1,-3.304463141870E2,4.069217823010E1));
#6855=CARTESIAN_POINT('',(1.181646977845E1,-3.304414231139E2,4.063643981094E1));
#6856=CARTESIAN_POINT('',(1.177171014026E1,-3.304309922657E2,4.051757039781E1));
#6857=CARTESIAN_POINT('',(1.179729460498E1,-3.304243313937E2,4.044166344080E1));
#6858=CARTESIAN_POINT('',(1.182423024273E1,-3.304218378908E2,4.041324760863E1));
#6860=DIRECTION('',(0.E0,9.961720194260E-1,8.741457380043E-2));
#6861=VECTOR('',#6860,1.E0);
#6862=SURFACE_OF_LINEAR_EXTRUSION('',#6859,#6861);
#6864=ORIENTED_EDGE('',*,*,#6863,.T.);
#6865=ORIENTED_EDGE('',*,*,#6825,.F.);
#6866=ORIENTED_EDGE('',*,*,#6742,.T.);
#6867=ORIENTED_EDGE('',*,*,#3951,.F.);
#6868=EDGE_LOOP('',(#6864,#6865,#6866,#6867));
#6869=FACE_OUTER_BOUND('',#6868,.F.);
#6870=ADVANCED_FACE('',(#6869),#6862,.T.);
#6871=CARTESIAN_POINT('',(1.178698251325E1,-3.299079023036E2,4.004753911934E1));
#6872=DIRECTION('',(-9.999946635410E-1,2.855780676556E-4,-3.254433076683E-3));
#6873=DIRECTION('',(3.266938855157E-3,8.741410731617E-2,-9.961667033949E-1));
#6874=AXIS2_PLACEMENT_3D('',#6871,#6872,#6873);
#6875=PLANE('',#6874);
#6876=ORIENTED_EDGE('',*,*,#6863,.F.);
#6877=ORIENTED_EDGE('',*,*,#3949,.F.);
#6879=ORIENTED_EDGE('',*,*,#6878,.F.);
#6880=ORIENTED_EDGE('',*,*,#6827,.T.);
#6881=EDGE_LOOP('',(#6876,#6877,#6879,#6880));
#6882=FACE_OUTER_BOUND('',#6881,.F.);
#6883=ADVANCED_FACE('',(#6882),#6875,.F.);
#6884=CARTESIAN_POINT('',(1.178869490508E1,-3.303420406973E2,3.950388286539E1));
#6885=CARTESIAN_POINT('',(1.178865552649E1,-3.303418935982E2,3.950220653118E1));
#6886=CARTESIAN_POINT('',(1.178836410317E1,-3.303393260102E2,3.947294643130E1));
#6887=CARTESIAN_POINT('',(1.180116823665E1,-3.303342608061E2,3.941522362238E1));
#6888=CARTESIAN_POINT('',(1.184344685749E1,-3.303279209969E2,3.934297548157E1));
#6889=CARTESIAN_POINT('',(1.188756551133E1,-3.303244511611E2,3.930343341003E1));
#6890=CARTESIAN_POINT('',(1.191327302390E1,-3.303232081086E2,3.928926764743E1));
#6891=CARTESIAN_POINT('',(1.191476076111E1,-3.303231384487E2,3.928847380661E1));
#6893=DIRECTION('',(0.E0,9.961720194260E-1,8.741457380042E-2));
#6894=VECTOR('',#6893,1.E0);
#6895=SURFACE_OF_LINEAR_EXTRUSION('',#6892,#6894);
#6896=ORIENTED_EDGE('',*,*,#6878,.T.);
#6897=ORIENTED_EDGE('',*,*,#3947,.F.);
#6899=ORIENTED_EDGE('',*,*,#6898,.T.);
#6900=ORIENTED_EDGE('',*,*,#6829,.F.);
#6901=EDGE_LOOP('',(#6896,#6897,#6899,#6900));
#6902=FACE_OUTER_BOUND('',#6901,.F.);
#6903=ADVANCED_FACE('',(#6902),#6895,.T.);
#6904=CARTESIAN_POINT('',(1.220308140402E1,-3.298305915012E2,3.916650916270E1));
#6905=DIRECTION('',(-4.955066603800E-1,7.592866057328E-2,-8.652791387885E-1));
#6906=DIRECTION('',(8.686041385574E-1,4.331450353117E-2,-4.936098705099E-1));
#6907=AXIS2_PLACEMENT_3D('',#6904,#6905,#6906);
#6908=PLANE('',#6907);
#6909=ORIENTED_EDGE('',*,*,#6898,.F.);
#6910=ORIENTED_EDGE('',*,*,#3945,.F.);
#6912=ORIENTED_EDGE('',*,*,#6911,.T.);
#6913=ORIENTED_EDGE('',*,*,#6831,.F.);
#6914=EDGE_LOOP('',(#6909,#6910,#6912,#6913));
#6915=FACE_OUTER_BOUND('',#6914,.F.);
#6916=ADVANCED_FACE('',(#6915),#6908,.F.);
#6917=CARTESIAN_POINT('',(1.249146551887E1,-3.302943524709E2,3.896043027320E1));
#6918=CARTESIAN_POINT('',(1.249296158408E1,-3.302942918624E2,3.895973958197E1));
#6919=CARTESIAN_POINT('',(1.251114888569E1,-3.302934698238E2,3.895037167137E1));
#6920=CARTESIAN_POINT('',(1.253592335157E1,-3.302902132255E2,3.891325964352E1));
#6921=CARTESIAN_POINT('',(1.254459349480E1,-3.302850393088E2,3.885429795279E1));
#6922=CARTESIAN_POINT('',(1.253645199053E1,-3.302798539381E2,3.879520573430E1));
#6923=CARTESIAN_POINT('',(1.251198715237E1,-3.302765629301E2,3.875770157478E1));
#6924=CARTESIAN_POINT('',(1.249377001442E1,-3.302757261565E2,3.874816574508E1));
#6925=CARTESIAN_POINT('',(1.249227777010E1,-3.302756646689E2,3.874746503564E1));
#6927=DIRECTION('',(0.E0,9.961720194260E-1,8.741457380043E-2));
#6928=VECTOR('',#6927,1.E0);
#6929=SURFACE_OF_LINEAR_EXTRUSION('',#6926,#6928);
#6930=ORIENTED_EDGE('',*,*,#6911,.F.);
#6931=ORIENTED_EDGE('',*,*,#3943,.F.);
#6933=ORIENTED_EDGE('',*,*,#6932,.T.);
#6934=ORIENTED_EDGE('',*,*,#6833,.F.);
#6935=EDGE_LOOP('',(#6930,#6931,#6933,#6934));
#6936=FACE_OUTER_BOUND('',#6935,.F.);
#6937=ADVANCED_FACE('',(#6936),#6929,.T.);
#6938=CARTESIAN_POINT('',(1.220491984244E1,-3.297829311266E2,3.862337396705E1));
#6939=DIRECTION('',(-5.012258334082E-1,-7.564127399715E-2,8.620040960415E-1));
#6940=DIRECTION('',(-8.653165108353E-1,4.381444260602E-2,-4.993071506547E-1));
#6941=AXIS2_PLACEMENT_3D('',#6938,#6939,#6940);
#6942=PLANE('',#6941);
#6943=ORIENTED_EDGE('',*,*,#6932,.F.);
#6944=ORIENTED_EDGE('',*,*,#3941,.F.);
#6946=ORIENTED_EDGE('',*,*,#6945,.F.);
#6947=ORIENTED_EDGE('',*,*,#6835,.F.);
#6948=EDGE_LOOP('',(#6943,#6944,#6946,#6947));
#6949=FACE_OUTER_BOUND('',#6948,.F.);
#6950=ADVANCED_FACE('',(#6949),#6942,.F.);
#6951=CARTESIAN_POINT('',(1.191761090212E1,-3.302465393182E2,3.841555402613E1));
#6952=CARTESIAN_POINT('',(1.191613242609E1,-3.302464689901E2,3.841475257015E1));
#6953=CARTESIAN_POINT('',(1.189052265547E1,-3.302452113947E2,3.840042107728E1));
#6954=CARTESIAN_POINT('',(1.184666903540E1,-3.302417165656E2,3.836059418394E1));
#6955=CARTESIAN_POINT('',(1.180486412470E1,-3.302353527954E2,3.828807298416E1));
#6956=CARTESIAN_POINT('',(1.179244077496E1,-3.302302803572E2,3.823026773797E1));
#6957=CARTESIAN_POINT('',(1.179292396324E1,-3.302277130054E2,3.820101032640E1));
#6958=CARTESIAN_POINT('',(1.179297432563E1,-3.302275659290E2,3.819933425180E1));
#6960=DIRECTION('',(0.E0,9.961720194260E-1,8.741457380043E-2));
#6961=VECTOR('',#6960,1.E0);
#6962=SURFACE_OF_LINEAR_EXTRUSION('',#6959,#6961);
#6963=ORIENTED_EDGE('',*,*,#6945,.T.);
#6964=ORIENTED_EDGE('',*,*,#3939,.F.);
#6966=ORIENTED_EDGE('',*,*,#6965,.T.);
#6967=ORIENTED_EDGE('',*,*,#6837,.F.);
#6968=EDGE_LOOP('',(#6963,#6964,#6966,#6967));
#6969=FACE_OUTER_BOUND('',#6968,.F.);
#6970=ADVANCED_FACE('',(#6969),#6962,.T.);
#6971=CARTESIAN_POINT('',(1.179455208841E1,-3.297053791454E2,3.773959554911E1));
#6972=DIRECTION('',(-9.999946668333E-1,2.854899608419E-4,-3.253429015933E-3));
#6973=DIRECTION('',(3.265930936113E-3,8.741410760377E-2,-9.961667066746E-1));
#6974=AXIS2_PLACEMENT_3D('',#6971,#6972,#6973);
#6975=PLANE('',#6974);
#6976=ORIENTED_EDGE('',*,*,#6965,.F.);
#6977=ORIENTED_EDGE('',*,*,#3937,.F.);
#6979=ORIENTED_EDGE('',*,*,#6978,.F.);
#6980=ORIENTED_EDGE('',*,*,#6839,.T.);
#6981=EDGE_LOOP('',(#6976,#6977,#6979,#6980));
#6982=FACE_OUTER_BOUND('',#6981,.F.);
#6983=ADVANCED_FACE('',(#6982),#6975,.F.);
#6984=CARTESIAN_POINT('',(1.183606372404E1,-3.301478918512E2,3.729137252831E1));
#6985=CARTESIAN_POINT('',(1.180817298438E1,-3.301453811351E2,3.726276053661E1));
#6986=CARTESIAN_POINT('',(1.178175934703E1,-3.301385144003E2,3.718450757760E1));
#6987=CARTESIAN_POINT('',(1.183038617337E1,-3.301278695971E2,3.706319994402E1));
#6988=CARTESIAN_POINT('',(1.192635719770E1,-3.301232732965E2,3.701082073774E1));
#6989=CARTESIAN_POINT('',(1.201047967569E1,-3.301233326715E2,3.701149737151E1));
#6990=CARTESIAN_POINT('',(1.208476248113E1,-3.301256028758E2,3.703736850357E1));
#6991=CARTESIAN_POINT('',(1.212448015115E1,-3.301295432278E2,3.708227255364E1));
#6992=CARTESIAN_POINT('',(1.213662057195E1,-3.301330013829E2,3.712168151136E1));
#6994=DIRECTION('',(0.E0,9.961720194260E-1,8.741457380042E-2));
#6995=VECTOR('',#6994,1.E0);
#6996=SURFACE_OF_LINEAR_EXTRUSION('',#6993,#6995);
#6997=ORIENTED_EDGE('',*,*,#6978,.T.);
#6998=ORIENTED_EDGE('',*,*,#3935,.F.);
#6999=ORIENTED_EDGE('',*,*,#6813,.T.);
#7000=ORIENTED_EDGE('',*,*,#6841,.F.);
#7001=EDGE_LOOP('',(#6997,#6998,#6999,#7000));
#7002=FACE_OUTER_BOUND('',#7001,.F.);
#7003=ADVANCED_FACE('',(#7002),#6996,.T.);
#7007=DIMENSIONAL_EXPONENTS(0.E0,0.E0,0.E0,0.E0,0.E0,0.E0,0.E0);
#7009=PLANE_ANGLE_MEASURE_WITH_UNIT(PLANE_ANGLE_MEASURE(1.745329251994E-2),
#7008);
#7010=(CONVERSION_BASED_UNIT('DEGREE',#7009)NAMED_UNIT(*)PLANE_ANGLE_UNIT());
#7012=UNCERTAINTY_MEASURE_WITH_UNIT(LENGTH_MEASURE(1.789150119918E-2),#7006,
'closure',
'Maximum model space distance between geometric entities at asserted connectivities');
#7013=(GEOMETRIC_REPRESENTATION_CONTEXT(3)GLOBAL_UNCERTAINTY_ASSIGNED_CONTEXT((
#7012))GLOBAL_UNIT_ASSIGNED_CONTEXT((#7006,#7010,#7011))REPRESENTATION_CONTEXT(
'ID1','3'));
#7015=APPLICATION_CONTEXT(
'CONFIGURATION CONTROLLED 3D DESIGNS OF MECHANICAL PARTS AND ASSEMBLIES');
#7016=APPLICATION_PROTOCOL_DEFINITION('international standard',
'config_control_design',1994,#7015);
#7017=DESIGN_CONTEXT('',#7015,'design');
#7018=MECHANICAL_CONTEXT('',#7015,'mechanical');
#7019=PRODUCT('NODE_--11112500','NODE_--11112500','NOT SPECIFIED',(#7018));
#7020=PRODUCT_DEFINITION_FORMATION_WITH_SPECIFIED_SOURCE('1','LAST_VERSION',
#7019,.MADE.);
#7024=PRODUCT_CATEGORY('part','');
#7025=PRODUCT_RELATED_PRODUCT_CATEGORY('detail','',(#7019));
#7026=PRODUCT_CATEGORY_RELATIONSHIP('','',#7024,#7025);
#7027=SECURITY_CLASSIFICATION_LEVEL('unclassified');
#7028=SECURITY_CLASSIFICATION('','',#7027);
#7029=CC_DESIGN_SECURITY_CLASSIFICATION(#7028,(#7020));
#7030=APPROVAL_STATUS('approved');
#7031=APPROVAL(#7030,'');
#7032=CC_DESIGN_APPROVAL(#7031,(#7028,#7020,#7021));
#7033=CALENDAR_DATE(125,11,11);
#7034=COORDINATED_UNIVERSAL_TIME_OFFSET(8,0,.AHEAD.);
#7035=LOCAL_TIME(15,42,3.3E1,#7034);
#7036=DATE_AND_TIME(#7033,#7035);
#7037=APPROVAL_DATE_TIME(#7036,#7031);
#7038=DATE_TIME_ROLE('creation_date');
#7039=CC_DESIGN_DATE_AND_TIME_ASSIGNMENT(#7036,#7038,(#7021));
#7040=DATE_TIME_ROLE('classification_date');
#7041=CC_DESIGN_DATE_AND_TIME_ASSIGNMENT(#7036,#7040,(#7028));
#7042=PERSON('UNSPECIFIED','UNSPECIFIED',$,$,$,$);
#7043=ORGANIZATION('UNSPECIFIED','UNSPECIFIED','UNSPECIFIED');
#7044=PERSON_AND_ORGANIZATION(#7042,#7043);
#7045=APPROVAL_ROLE('approver');
#7046=APPROVAL_PERSON_ORGANIZATION(#7044,#7031,#7045);
#7047=PERSON_AND_ORGANIZATION_ROLE('creator');
#7048=CC_DESIGN_PERSON_AND_ORGANIZATION_ASSIGNMENT(#7044,#7047,(#7020,#7021));
#7049=PERSON_AND_ORGANIZATION_ROLE('design_supplier');
#7050=CC_DESIGN_PERSON_AND_ORGANIZATION_ASSIGNMENT(#7044,#7049,(#7020));
#7051=PERSON_AND_ORGANIZATION_ROLE('classification_officer');
#7052=CC_DESIGN_PERSON_AND_ORGANIZATION_ASSIGNMENT(#7044,#7051,(#7028));
#7053=PERSON_AND_ORGANIZATION_ROLE('design_owner');
#7054=CC_DESIGN_PERSON_AND_ORGANIZATION_ASSIGNMENT(#7044,#7053,(#7019));
#9=CIRCLE('',#8,2.05E0);
#14=CIRCLE('',#13,2.05E0);
#19=CIRCLE('',#18,2.05E0);
#24=CIRCLE('',#23,2.05E0);
#41=CIRCLE('',#40,5.000000000001E-1);
#54=CIRCLE('',#53,5.E-1);
#63=CIRCLE('',#62,6.E-1);
#68=CIRCLE('',#67,5.25E0);
#73=CIRCLE('',#72,6.E-1);
#82=CIRCLE('',#81,4.999999999998E-1);
#95=CIRCLE('',#94,5.000000000001E-1);
#104=CIRCLE('',#103,5.000000000001E-1);
#117=CIRCLE('',#116,4.999999999998E-1);
#126=CIRCLE('',#125,6.E-1);
#131=CIRCLE('',#130,5.25E0);
#136=CIRCLE('',#135,6.E-1);
#145=CIRCLE('',#144,5.E-1);
#158=CIRCLE('',#157,5.000000000001E-1);
#231=CIRCLE('',#230,4.E-1);
#240=CIRCLE('',#239,4.E-1);
#245=CIRCLE('',#244,4.E-1);
#254=CIRCLE('',#253,4.E-1);
#263=CIRCLE('',#262,4.E-1);
#268=CIRCLE('',#267,4.E-1);
#277=CIRCLE('',#276,4.E-1);
#286=CIRCLE('',#285,4.E-1);
#291=CIRCLE('',#290,4.E-1);
#300=CIRCLE('',#299,4.E-1);
#309=CIRCLE('',#308,4.E-1);
#314=CIRCLE('',#313,4.E-1);
#331=B_SPLINE_CURVE_WITH_KNOTS('',3,(#323,#324,#325,#326,#327,#328,#329,#330),
.UNSPECIFIED.,.F.,.F.,(4,1,1,1,1,4),(0.E0,8.226488352016E-2,1.644698230938E-1,
3.279792192185E-1,6.765887395838E-1,1.E0),.UNSPECIFIED.);
#347=B_SPLINE_CURVE_WITH_KNOTS('',3,(#336,#337,#338,#339,#340,#341,#342,#343,
#344,#345,#346),.UNSPECIFIED.,.F.,.F.,(4,1,1,1,1,1,1,1,4),(0.E0,
1.640546994851E-1,3.191922627648E-1,4.063460849761E-1,4.927352615852E-1,
5.817096636224E-1,6.714730302355E-1,8.327429207225E-1,1.E0),.UNSPECIFIED.);
#360=B_SPLINE_CURVE_WITH_KNOTS('',3,(#352,#353,#354,#355,#356,#357,#358,#359),
.UNSPECIFIED.,.F.,.F.,(4,1,1,1,1,4),(0.E0,3.232303259784E-1,6.718377093760E-1,
8.354378906053E-1,9.176889274800E-1,1.E0),.UNSPECIFIED.);
#373=B_SPLINE_CURVE_WITH_KNOTS('',3,(#365,#366,#367,#368,#369,#370,#371,#372),
.UNSPECIFIED.,.F.,.F.,(4,1,1,1,1,4),(0.E0,8.226485274883E-2,1.644697615522E-1,
3.279790968705E-1,6.765884862067E-1,1.E0),.UNSPECIFIED.);
#384=B_SPLINE_CURVE_WITH_KNOTS('',3,(#378,#379,#380,#381,#382,#383),
.UNSPECIFIED.,.F.,.F.,(4,1,1,4),(0.E0,3.275900447197E-1,6.692000710487E-1,1.E0),
.UNSPECIFIED.);
#393=CIRCLE('',#392,7.999972010873E-2);
#407=B_SPLINE_CURVE_WITH_KNOTS('',3,(#398,#399,#400,#401,#402,#403,#404,#405,
#406),.UNSPECIFIED.,.F.,.F.,(4,1,1,1,1,1,4),(0.E0,3.232186048004E-1,
4.975216838537E-1,6.718247629074E-1,8.354314357457E-1,9.176857071235E-1,1.E0),
.UNSPECIFIED.);
#420=B_SPLINE_CURVE_WITH_KNOTS('',3,(#412,#413,#414,#415,#416,#417,#418,#419),
.UNSPECIFIED.,.F.,.F.,(4,1,1,1,1,4),(0.E0,8.227407825194E-2,1.644855514083E-1,
3.280080575753E-1,6.766169173206E-1,1.E0),.UNSPECIFIED.);
#429=CIRCLE('',#428,7.999936933028E-2);
#440=B_SPLINE_CURVE_WITH_KNOTS('',3,(#434,#435,#436,#437,#438,#439),
.UNSPECIFIED.,.F.,.F.,(4,1,1,4),(0.E0,3.291377465411E-1,6.708975445581E-1,1.E0),
.UNSPECIFIED.);
#454=B_SPLINE_CURVE_WITH_KNOTS('',3,(#445,#446,#447,#448,#449,#450,#451,#452,
#453),.UNSPECIFIED.,.F.,.F.,(4,1,1,1,1,1,4),(0.E0,3.301852439114E-1,
6.739712946929E-1,8.365078111008E-1,9.182240824689E-1,9.591075523456E-1,1.E0),
.UNSPECIFIED.);
#467=B_SPLINE_CURVE_WITH_KNOTS('',3,(#459,#460,#461,#462,#463,#464,#465,#466),
.UNSPECIFIED.,.F.,.F.,(4,1,1,1,1,4),(0.E0,8.227162853532E-2,1.644833192034E-1,
3.280062579892E-1,6.766160391968E-1,1.E0),.UNSPECIFIED.);
#480=B_SPLINE_CURVE_WITH_KNOTS('',3,(#472,#473,#474,#475,#476,#477,#478,#479),
.UNSPECIFIED.,.F.,.F.,(4,1,1,1,1,4),(0.E0,3.232168183231E-1,6.718238908539E-1,
8.354309929014E-1,9.176854800628E-1,1.E0),.UNSPECIFIED.);
#493=B_SPLINE_CURVE_WITH_KNOTS('',3,(#485,#486,#487,#488,#489,#490,#491,#492),
.UNSPECIFIED.,.F.,.F.,(4,1,1,1,1,4),(0.E0,8.227501113249E-2,1.644900873900E-1,
3.280198180905E-1,6.766300060001E-1,1.E0),.UNSPECIFIED.);
#509=B_SPLINE_CURVE_WITH_KNOTS('',3,(#498,#499,#500,#501,#502,#503,#504,#505,
#506,#507,#508),.UNSPECIFIED.,.F.,.F.,(4,1,1,1,1,1,1,1,4),(0.E0,
1.640548626179E-1,3.191931039966E-1,4.063469714642E-1,4.927363520893E-1,
5.817106669019E-1,6.714737639331E-1,8.327432501267E-1,1.E0),.UNSPECIFIED.);
#522=B_SPLINE_CURVE_WITH_KNOTS('',3,(#514,#515,#516,#517,#518,#519,#520,#521),
.UNSPECIFIED.,.F.,.F.,(4,1,1,1,1,4),(0.E0,3.232032716835E-1,6.718102616772E-1,
8.354241896691E-1,9.176820802034E-1,1.E0),.UNSPECIFIED.);
#535=B_SPLINE_CURVE_WITH_KNOTS('',3,(#527,#528,#529,#530,#531,#532,#533,#534),
.UNSPECIFIED.,.F.,.F.,(4,1,1,1,1,4),(0.E0,8.227498855833E-2,1.644900422947E-1,
3.280197281845E-1,6.766298206853E-1,1.E0),.UNSPECIFIED.);
#548=B_SPLINE_CURVE_WITH_KNOTS('',3,(#540,#541,#542,#543,#544,#545,#546,#547),
.UNSPECIFIED.,.F.,.F.,(4,1,1,1,1,4),(0.E0,3.232031996759E-1,6.718102265151E-1,
8.354241718333E-1,9.176820710868E-1,1.E0),.UNSPECIFIED.);
#561=B_SPLINE_CURVE_WITH_KNOTS('',3,(#553,#554,#555,#556,#557,#558,#559,#560),
.UNSPECIFIED.,.F.,.F.,(4,1,1,1,1,4),(0.E0,8.227165097070E-2,1.64483364E-1,
3.280063472686E-1,6.766162239519E-1,1.E0),.UNSPECIFIED.);
#577=B_SPLINE_CURVE_WITH_KNOTS('',3,(#566,#567,#568,#569,#570,#571,#572,#573,
#574,#575,#576),.UNSPECIFIED.,.F.,.F.,(4,1,1,1,1,1,1,1,4),(0.E0,
1.640526895774E-1,3.191877110219E-1,4.063401039398E-1,4.927278811349E-1,
5.817040353562E-1,6.714691186282E-1,8.327438295451E-1,1.E0),.UNSPECIFIED.);
#590=B_SPLINE_CURVE_WITH_KNOTS('',3,(#582,#583,#584,#585,#586,#587,#588,#589),
.UNSPECIFIED.,.F.,.F.,(4,1,1,1,1,4),(0.E0,3.232168904179E-1,6.718239256922E-1,
8.354310103782E-1,9.176854888061E-1,1.E0),.UNSPECIFIED.);
#602=B_SPLINE_CURVE_WITH_KNOTS('',3,(#595,#596,#597,#598,#599,#600,#601),
.UNSPECIFIED.,.F.,.F.,(4,1,1,1,4),(0.E0,1.663383472723E-1,3.326641196833E-1,
6.681358701911E-1,1.E0),.UNSPECIFIED.);
#613=B_SPLINE_CURVE_WITH_KNOTS('',3,(#607,#608,#609,#610,#611,#612),
.UNSPECIFIED.,.F.,.F.,(4,1,1,4),(0.E0,3.279509353147E-1,6.702878205770E-1,1.E0),
.UNSPECIFIED.);
#626=B_SPLINE_CURVE_WITH_KNOTS('',3,(#618,#619,#620,#621,#622,#623,#624,#625),
.UNSPECIFIED.,.F.,.F.,(4,1,1,1,1,4),(0.E0,3.232167702291E-1,6.718239186597E-1,
8.354310126628E-1,9.176854956743E-1,1.E0),.UNSPECIFIED.);
#639=B_SPLINE_CURVE_WITH_KNOTS('',3,(#631,#632,#633,#634,#635,#636,#637,#638),
.UNSPECIFIED.,.F.,.F.,(4,1,1,1,1,4),(0.E0,8.227406764016E-2,1.644855301709E-1,
3.280080154645E-1,6.766169504856E-1,1.E0),.UNSPECIFIED.);
#648=CIRCLE('',#647,7.999962038101E-2);
#660=B_SPLINE_CURVE_WITH_KNOTS('',3,(#653,#654,#655,#656,#657,#658,#659),
.UNSPECIFIED.,.F.,.F.,(4,1,1,1,4),(0.E0,1.663253827567E-1,3.326377484835E-1,
6.678357851094E-1,1.E0),.UNSPECIFIED.);
#671=B_SPLINE_CURVE_WITH_KNOTS('',3,(#665,#666,#667,#668,#669,#670),
.UNSPECIFIED.,.F.,.F.,(4,1,1,4),(0.E0,3.291608736874E-1,6.709206884715E-1,1.E0),
.UNSPECIFIED.);
#682=B_SPLINE_CURVE_WITH_KNOTS('',3,(#676,#677,#678,#679,#680,#681),
.UNSPECIFIED.,.F.,.F.,(4,1,1,4),(0.E0,3.292001083554E-1,6.709610198508E-1,1.E0),
.UNSPECIFIED.);
#694=B_SPLINE_CURVE_WITH_KNOTS('',3,(#687,#688,#689,#690,#691,#692,#693),
.UNSPECIFIED.,.F.,.F.,(4,1,1,1,4),(0.E0,3.324653809663E-1,6.676625832657E-1,
8.338248893510E-1,1.E0),.UNSPECIFIED.);
#706=B_SPLINE_CURVE_WITH_KNOTS('',3,(#699,#700,#701,#702,#703,#704,#705),
.UNSPECIFIED.,.F.,.F.,(4,1,1,1,4),(0.E0,1.650359976814E-1,3.300173068892E-1,
6.589729860542E-1,1.E0),.UNSPECIFIED.);
#717=B_SPLINE_CURVE_WITH_KNOTS('',3,(#711,#712,#713,#714,#715,#716),
.UNSPECIFIED.,.F.,.F.,(4,1,1,4),(0.E0,3.290985041577E-1,6.709026122534E-1,1.E0),
.UNSPECIFIED.);
#729=B_SPLINE_CURVE_WITH_KNOTS('',3,(#722,#723,#724,#725,#726,#727,#728),
.UNSPECIFIED.,.F.,.F.,(4,1,1,1,4),(0.E0,2.311825307434E-1,5.008168854898E-1,
7.700358844616E-1,1.E0),.UNSPECIFIED.);
#740=B_SPLINE_CURVE_WITH_KNOTS('',3,(#734,#735,#736,#737,#738,#739),
.UNSPECIFIED.,.F.,.F.,(4,1,1,4),(0.E0,3.291502226862E-1,6.709282628315E-1,1.E0),
.UNSPECIFIED.);
#752=B_SPLINE_CURVE_WITH_KNOTS('',3,(#745,#746,#747,#748,#749,#750,#751),
.UNSPECIFIED.,.F.,.F.,(4,1,1,1,4),(0.E0,3.270457578585E-1,6.558341570554E-1,
8.278993293587E-1,1.E0),.UNSPECIFIED.);
#763=B_SPLINE_CURVE_WITH_KNOTS('',3,(#757,#758,#759,#760,#761,#762),
.UNSPECIFIED.,.F.,.F.,(4,1,1,4),(0.E0,3.291146356174E-1,6.708854892127E-1,1.E0),
.UNSPECIFIED.);
#774=B_SPLINE_CURVE_WITH_KNOTS('',3,(#768,#769,#770,#771,#772,#773),
.UNSPECIFIED.,.F.,.F.,(4,1,1,4),(0.E0,3.291154065378E-1,6.708862547954E-1,1.E0),
.UNSPECIFIED.);
#787=B_SPLINE_CURVE_WITH_KNOTS('',3,(#779,#780,#781,#782,#783,#784,#785,#786),
.UNSPECIFIED.,.F.,.F.,(4,1,1,1,1,4),(0.E0,8.227160652095E-2,1.644832751295E-1,
3.280061703176E-1,6.766159787225E-1,1.E0),.UNSPECIFIED.);
#798=B_SPLINE_CURVE_WITH_KNOTS('',3,(#792,#793,#794,#795,#796,#797),
.UNSPECIFIED.,.F.,.F.,(4,1,1,4),(0.E0,3.281269760204E-1,6.698064269016E-1,1.E0),
.UNSPECIFIED.);
#810=B_SPLINE_CURVE_WITH_KNOTS('',3,(#803,#804,#805,#806,#807,#808,#809),
.UNSPECIFIED.,.F.,.F.,(4,1,1,1,4),(0.E0,3.331833068327E-1,6.685089665841E-1,
8.342412260346E-1,1.E0),.UNSPECIFIED.);
#822=B_SPLINE_CURVE_WITH_KNOTS('',3,(#815,#816,#817,#818,#819,#820,#821),
.UNSPECIFIED.,.F.,.F.,(4,1,1,1,4),(0.E0,1.663622638082E-1,3.327123579411E-1,
6.679113334749E-1,1.E0),.UNSPECIFIED.);
#833=B_SPLINE_CURVE_WITH_KNOTS('',3,(#827,#828,#829,#830,#831,#832),
.UNSPECIFIED.,.F.,.F.,(4,1,1,4),(0.E0,3.283628153312E-1,6.704605582230E-1,1.E0),
.UNSPECIFIED.);
#846=B_SPLINE_CURVE_WITH_KNOTS('',3,(#838,#839,#840,#841,#842,#843,#844,#845),
.UNSPECIFIED.,.F.,.F.,(4,1,1,1,1,4),(0.E0,3.232167816926E-1,6.718239259769E-1,
8.354310106852E-1,9.176854890195E-1,1.E0),.UNSPECIFIED.);
#859=B_SPLINE_CURVE_WITH_KNOTS('',3,(#851,#852,#853,#854,#855,#856,#857,#858),
.UNSPECIFIED.,.F.,.F.,(4,1,1,1,1,4),(0.E0,8.227162959480E-2,1.644833213019E-1,
3.280062624474E-1,6.766161700651E-1,1.E0),.UNSPECIFIED.);
#875=B_SPLINE_CURVE_WITH_KNOTS('',3,(#864,#865,#866,#867,#868,#869,#870,#871,
#872,#873,#874),.UNSPECIFIED.,.F.,.F.,(4,1,1,1,1,1,1,1,4),(0.E0,
1.640523165029E-1,3.191879816055E-1,4.063404925344E-1,4.927284767170E-1,
5.817046276809E-1,6.714696056319E-1,8.327443072272E-1,1.E0),.UNSPECIFIED.);
#888=B_SPLINE_CURVE_WITH_KNOTS('',3,(#880,#881,#882,#883,#884,#885,#886,#887),
.UNSPECIFIED.,.F.,.F.,(4,1,1,1,1,4),(0.E0,3.232167940123E-1,6.718239322028E-1,
8.354310140146E-1,9.176854909116E-1,1.E0),.UNSPECIFIED.);
#901=B_SPLINE_CURVE_WITH_KNOTS('',3,(#893,#894,#895,#896,#897,#898,#899,#900),
.UNSPECIFIED.,.F.,.F.,(4,1,1,1,1,4),(0.E0,8.226486323536E-2,1.644697862866E-1,
3.279791495426E-1,6.765885968521E-1,1.E0),.UNSPECIFIED.);
#914=B_SPLINE_CURVE_WITH_KNOTS('',3,(#906,#907,#908,#909,#910,#911,#912,#913),
.UNSPECIFIED.,.F.,.F.,(4,1,1,1,1,4),(0.E0,3.232164371712E-1,6.718234988268E-1,
8.354307956627E-1,9.176853801653E-1,1.E0),.UNSPECIFIED.);
#927=B_SPLINE_CURVE_WITH_KNOTS('',3,(#919,#920,#921,#922,#923,#924,#925,#926),
.UNSPECIFIED.,.F.,.F.,(4,1,1,1,1,4),(0.E0,8.227495975956E-2,1.644899791211E-1,
3.280195949983E-1,6.766296873387E-1,1.E0),.UNSPECIFIED.);
#942=B_SPLINE_CURVE_WITH_KNOTS('',3,(#932,#933,#934,#935,#936,#937,#938,#939,
#940,#941),.UNSPECIFIED.,.F.,.F.,(4,1,1,1,1,1,1,4),(0.E0,2.077370470747E-1,
4.109296928352E-1,5.097542059062E-1,5.591257669561E-1,6.084981178195E-1,
7.956351895896E-1,1.E0),.UNSPECIFIED.);
#955=B_SPLINE_CURVE_WITH_KNOTS('',3,(#947,#948,#949,#950,#951,#952,#953,#954),
.UNSPECIFIED.,.F.,.F.,(4,1,1,1,1,4),(0.E0,3.247789391578E-1,6.718090357865E-1,
8.355909699373E-1,9.177637509452E-1,1.E0),.UNSPECIFIED.);
#968=B_SPLINE_CURVE_WITH_KNOTS('',3,(#960,#961,#962,#963,#964,#965,#966,#967),
.UNSPECIFIED.,.F.,.F.,(4,1,1,1,1,4),(0.E0,8.219435513376E-2,1.643284129506E-1,
3.276906514874E-1,6.768831784167E-1,1.E0),.UNSPECIFIED.);
#981=B_SPLINE_CURVE_WITH_KNOTS('',3,(#973,#974,#975,#976,#977,#978,#979,#980),
.UNSPECIFIED.,.F.,.F.,(4,1,1,1,1,4),(0.E0,3.232438946166E-1,6.718513433998E-1,
8.354446963954E-1,9.176923275462E-1,1.E0),.UNSPECIFIED.);
#994=B_SPLINE_CURVE_WITH_KNOTS('',3,(#986,#987,#988,#989,#990,#991,#992,#993),
.UNSPECIFIED.,.F.,.F.,(4,1,1,1,1,4),(0.E0,8.226823020745E-2,1.644765141931E-1,
3.279926202591E-1,6.766023738265E-1,1.E0),.UNSPECIFIED.);
#1008=B_SPLINE_CURVE_WITH_KNOTS('',3,(#999,#1000,#1001,#1002,#1003,#1004,#1005,
#1006,#1007),.UNSPECIFIED.,.F.,.F.,(4,1,1,1,1,1,4),(0.E0,2.138226072488E-1,
4.113861112633E-1,5.081168500059E-1,6.047980822977E-1,7.978670076885E-1,1.E0),
.UNSPECIFIED.);
#1021=B_SPLINE_CURVE_WITH_KNOTS('',3,(#1013,#1014,#1015,#1016,#1017,#1018,#1019,
#1020),.UNSPECIFIED.,.F.,.F.,(4,1,1,1,1,4),(0.E0,3.279888474462E-1,
6.722494184111E-1,8.358010551417E-1,9.178674043061E-1,1.E0),.UNSPECIFIED.);
#1032=B_SPLINE_CURVE_WITH_KNOTS('',3,(#1026,#1027,#1028,#1029,#1030,#1031),
.UNSPECIFIED.,.F.,.F.,(4,1,1,4),(0.E0,3.291146348095E-1,6.708854891403E-1,1.E0),
.UNSPECIFIED.);
#1043=B_SPLINE_CURVE_WITH_KNOTS('',3,(#1037,#1038,#1039,#1040,#1041,#1042),
.UNSPECIFIED.,.F.,.F.,(4,1,1,4),(0.E0,3.291154103548E-1,6.708862635894E-1,1.E0),
.UNSPECIFIED.);
#1055=B_SPLINE_CURVE_WITH_KNOTS('',3,(#1048,#1049,#1050,#1051,#1052,#1053,
#1054),.UNSPECIFIED.,.F.,.F.,(4,1,1,1,4),(0.E0,1.650365782677E-1,
3.300177733154E-1,6.589732240462E-1,1.E0),.UNSPECIFIED.);
#1066=B_SPLINE_CURVE_WITH_KNOTS('',3,(#1060,#1061,#1062,#1063,#1064,#1065),
.UNSPECIFIED.,.F.,.F.,(4,1,1,4),(0.E0,3.290985034345E-1,6.709026115205E-1,1.E0),
.UNSPECIFIED.);
#1078=B_SPLINE_CURVE_WITH_KNOTS('',3,(#1071,#1072,#1073,#1074,#1075,#1076,
#1077),.UNSPECIFIED.,.F.,.F.,(4,1,1,1,4),(0.E0,2.311826150264E-1,
5.008170697733E-1,7.700361704972E-1,1.E0),.UNSPECIFIED.);
#1089=B_SPLINE_CURVE_WITH_KNOTS('',3,(#1083,#1084,#1085,#1086,#1087,#1088),
.UNSPECIFIED.,.F.,.F.,(4,1,1,4),(0.E0,3.291302113537E-1,6.709184471517E-1,1.E0),
.UNSPECIFIED.);
#1101=B_SPLINE_CURVE_WITH_KNOTS('',3,(#1094,#1095,#1096,#1097,#1098,#1099,
#1100),.UNSPECIFIED.,.F.,.F.,(4,1,1,1,4),(0.E0,3.270457558547E-1,
6.558341554585E-1,8.278993289950E-1,1.E0),.UNSPECIFIED.);
#1106=CIRCLE('',#1105,4.E-1);
#1119=CIRCLE('',#1118,4.E-1);
#1128=CIRCLE('',#1127,4.E-1);
#1137=CIRCLE('',#1136,4.E-1);
#1146=CIRCLE('',#1145,4.E-1);
#1155=CIRCLE('',#1154,4.E-1);
#1168=CIRCLE('',#1167,1.15E0);
#1173=CIRCLE('',#1172,1.15E0);
#1234=CIRCLE('',#1233,2.05E0);
#1239=CIRCLE('',#1238,2.05E0);
#1244=CIRCLE('',#1243,1.15E0);
#1249=CIRCLE('',#1248,1.15E0);
#1270=CIRCLE('',#1269,4.E-1);
#1279=CIRCLE('',#1278,4.E-1);
#1288=CIRCLE('',#1287,4.E-1);
#1297=CIRCLE('',#1296,4.E-1);
#1306=CIRCLE('',#1305,4.E-1);
#1315=CIRCLE('',#1314,4.E-1);
#1324=CIRCLE('',#1323,1.15E0);
#1329=CIRCLE('',#1328,1.15E0);
#1390=CIRCLE('',#1389,2.05E0);
#1395=CIRCLE('',#1394,2.05E0);
#1400=CIRCLE('',#1399,1.15E0);
#1405=CIRCLE('',#1404,1.15E0);
#1483=B_SPLINE_CURVE_WITH_KNOTS('',3,(#1474,#1475,#1476,#1477,#1478,#1479,#1480,
#1481,#1482),.UNSPECIFIED.,.F.,.F.,(4,1,1,1,1,1,4),(0.E0,4.089255321549E-2,
8.177614051877E-2,1.634926465945E-1,3.260296298443E-1,6.698166680574E-1,1.E0),
.UNSPECIFIED.);
#1490=B_SPLINE_CURVE_WITH_KNOTS('',3,(#1484,#1485,#1486,#1487,#1488,#1489),
.UNSPECIFIED.,.F.,.F.,(4,1,1,4),(0.E0,3.291131256597E-1,6.708840107075E-1,1.E0),
.UNSPECIFIED.);
#1499=CIRCLE('',#1498,7.999936933028E-2);
#1508=B_SPLINE_CURVE_WITH_KNOTS('',3,(#1500,#1501,#1502,#1503,#1504,#1505,#1506,
#1507),.UNSPECIFIED.,.F.,.F.,(4,1,1,1,1,4),(0.E0,3.233839502750E-1,
6.719937487385E-1,8.355166952315E-1,9.177283897632E-1,1.E0),.UNSPECIFIED.);
#1518=B_SPLINE_CURVE_WITH_KNOTS('',3,(#1509,#1510,#1511,#1512,#1513,#1514,#1515,
#1516,#1517),.UNSPECIFIED.,.F.,.F.,(4,1,1,1,1,1,4),(0.E0,8.231451097665E-2,
1.645690032189E-1,3.281761153643E-1,5.024796624465E-1,6.767832095283E-1,1.E0),
.UNSPECIFIED.);
#1523=CIRCLE('',#1522,7.999972010873E-2);
#1534=B_SPLINE_CURVE_WITH_KNOTS('',3,(#1528,#1529,#1530,#1531,#1532,#1533),
.UNSPECIFIED.,.F.,.F.,(4,1,1,4),(0.E0,3.308002048345E-1,6.724105156862E-1,1.E0),
.UNSPECIFIED.);
#1543=B_SPLINE_CURVE_WITH_KNOTS('',3,(#1535,#1536,#1537,#1538,#1539,#1540,#1541,
#1542),.UNSPECIFIED.,.F.,.F.,(4,1,1,1,1,4),(0.E0,3.234113758473E-1,
6.720208631332E-1,8.355302443933E-1,9.177351762940E-1,1.E0),.UNSPECIFIED.);
#1552=B_SPLINE_CURVE_WITH_KNOTS('',3,(#1544,#1545,#1546,#1547,#1548,#1549,#1550,
#1551),.UNSPECIFIED.,.F.,.F.,(4,1,1,1,1,4),(0.E0,8.231106445407E-2,
1.645621142856E-1,3.281623212866E-1,6.767697595999E-1,1.E0),.UNSPECIFIED.);
#1564=B_SPLINE_CURVE_WITH_KNOTS('',3,(#1553,#1554,#1555,#1556,#1557,#1558,#1559,
#1560,#1561,#1562,#1563),.UNSPECIFIED.,.F.,.F.,(4,1,1,1,1,1,1,1,4),(0.E0,
1.672571440056E-1,3.285270678147E-1,4.182904529750E-1,5.072648733963E-1,
5.936540678555E-1,6.808079080748E-1,8.359455034095E-1,1.E0),.UNSPECIFIED.);
#1573=B_SPLINE_CURVE_WITH_KNOTS('',3,(#1565,#1566,#1567,#1568,#1569,#1570,#1571,
#1572),.UNSPECIFIED.,.F.,.F.,(4,1,1,1,1,4),(0.E0,3.234113953950E-1,
6.720208678931E-1,8.355302415664E-1,9.177351698526E-1,1.E0),.UNSPECIFIED.);
#1706=B_SPLINE_CURVE_WITH_KNOTS('',3,(#1698,#1699,#1700,#1701,#1702,#1703,#1704,
#1705),.UNSPECIFIED.,.F.,.F.,(4,1,1,1,1,4),(0.E0,8.231451459988E-2,
1.645690075531E-1,3.281761211304E-1,6.767832179651E-1,1.E0),.UNSPECIFIED.);
#1718=B_SPLINE_CURVE_WITH_KNOTS('',3,(#1707,#1708,#1709,#1710,#1711,#1712,#1713,
#1714,#1715,#1716,#1717),.UNSPECIFIED.,.F.,.F.,(4,1,1,1,1,1,1,1,4),(0.E0,
1.672562561756E-1,3.285310099348E-1,4.182961170527E-1,5.072722949104E-1,
5.936600950542E-1,6.808125111239E-1,8.359475737798E-1,1.E0),.UNSPECIFIED.);
#1727=B_SPLINE_CURVE_WITH_KNOTS('',3,(#1719,#1720,#1721,#1722,#1723,#1724,#1725,
#1726),.UNSPECIFIED.,.F.,.F.,(4,1,1,1,1,4),(0.E0,3.233839521370E-1,
6.719937606330E-1,8.355167119167E-1,9.177284088656E-1,1.E0),.UNSPECIFIED.);
#1736=B_SPLINE_CURVE_WITH_KNOTS('',3,(#1728,#1729,#1730,#1731,#1732,#1733,#1734,
#1735),.UNSPECIFIED.,.F.,.F.,(4,1,1,1,1,4),(0.E0,8.231790964823E-2,
1.645758168549E-1,3.281897779924E-1,6.767968385372E-1,1.E0),.UNSPECIFIED.);
#1745=B_SPLINE_CURVE_WITH_KNOTS('',3,(#1737,#1738,#1739,#1740,#1741,#1742,#1743,
#1744),.UNSPECIFIED.,.F.,.F.,(4,1,1,1,1,4),(0.E0,3.233701663408E-1,
6.719802881126E-1,8.355099877332E-1,9.177250483728E-1,1.E0),.UNSPECIFIED.);
#1758=B_SPLINE_CURVE_WITH_KNOTS('',3,(#1750,#1751,#1752,#1753,#1754,#1755,#1756,
#1757),.UNSPECIFIED.,.F.,.F.,(4,1,1,1,1,4),(0.E0,8.231792355301E-2,
1.645758285222E-1,3.281897852255E-1,6.767968363935E-1,1.E0),.UNSPECIFIED.);
#1770=B_SPLINE_CURVE_WITH_KNOTS('',3,(#1759,#1760,#1761,#1762,#1763,#1764,#1765,
#1766,#1767,#1768,#1769),.UNSPECIFIED.,.F.,.F.,(4,1,1,1,1,1,1,1,4),(0.E0,
1.672568367804E-1,3.285263655229E-1,4.182894862369E-1,5.072638245241E-1,
5.936532279420E-1,6.808071184039E-1,8.359454007138E-1,1.E0),.UNSPECIFIED.);
#1779=B_SPLINE_CURVE_WITH_KNOTS('',3,(#1771,#1772,#1773,#1774,#1775,#1776,#1777,
#1778),.UNSPECIFIED.,.F.,.F.,(4,1,1,1,1,4),(0.E0,3.233701663099E-1,
6.719802880481E-1,8.355099877082E-1,9.177250483601E-1,1.E0),.UNSPECIFIED.);
#1788=B_SPLINE_CURVE_WITH_KNOTS('',3,(#1780,#1781,#1782,#1783,#1784,#1785,#1786,
#1787),.UNSPECIFIED.,.F.,.F.,(4,1,1,1,1,4),(0.E0,8.231450060524E-2,
1.645689957461E-1,3.281761136653E-1,6.767832200146E-1,1.E0),.UNSPECIFIED.);
#1797=B_SPLINE_CURVE_WITH_KNOTS('',3,(#1789,#1790,#1791,#1792,#1793,#1794,#1795,
#1796),.UNSPECIFIED.,.F.,.F.,(4,1,1,1,1,4),(0.E0,3.233839477472E-1,
6.719937582011E-1,8.355167107055E-1,9.177284082707E-1,1.E0),.UNSPECIFIED.);
#1897=B_SPLINE_CURVE_WITH_KNOTS('',3,(#1890,#1891,#1892,#1893,#1894,#1895,
#1896),.UNSPECIFIED.,.F.,.F.,(4,1,1,1,4),(0.E0,1.661751634124E-1,
3.323375299067E-1,6.675348540684E-1,1.E0),.UNSPECIFIED.);
#1908=B_SPLINE_CURVE_WITH_KNOTS('',3,(#1902,#1903,#1904,#1905,#1906,#1907),
.UNSPECIFIED.,.F.,.F.,(4,1,1,4),(0.E0,3.290606775264E-1,6.708270853463E-1,1.E0),
.UNSPECIFIED.);
#1915=B_SPLINE_CURVE_WITH_KNOTS('',3,(#1909,#1910,#1911,#1912,#1913,#1914),
.UNSPECIFIED.,.F.,.F.,(4,1,1,4),(0.E0,3.290899876284E-1,6.708608953917E-1,1.E0),
.UNSPECIFIED.);
#1927=B_SPLINE_CURVE_WITH_KNOTS('',3,(#1920,#1921,#1922,#1923,#1924,#1925,
#1926),.UNSPECIFIED.,.F.,.F.,(4,1,1,1,4),(0.E0,3.321739613445E-1,
6.673589536111E-1,8.336648472289E-1,1.E0),.UNSPECIFIED.);
#1932=CIRCLE('',#1931,7.999962038101E-2);
#1941=B_SPLINE_CURVE_WITH_KNOTS('',3,(#1933,#1934,#1935,#1936,#1937,#1938,#1939,
#1940),.UNSPECIFIED.,.F.,.F.,(4,1,1,1,1,4),(0.E0,3.234083786042E-1,
6.720056491825E-1,8.355226630194E-1,9.177313747575E-1,1.E0),.UNSPECIFIED.);
#1950=B_SPLINE_CURVE_WITH_KNOTS('',3,(#1942,#1943,#1944,#1945,#1946,#1947,#1948,
#1949),.UNSPECIFIED.,.F.,.F.,(4,1,1,1,1,4),(0.E0,8.231449636649E-2,
1.645689864959E-1,3.281760946569E-1,6.767832732547E-1,1.E0),.UNSPECIFIED.);
#1957=B_SPLINE_CURVE_WITH_KNOTS('',3,(#1951,#1952,#1953,#1954,#1955,#1956),
.UNSPECIFIED.,.F.,.F.,(4,1,1,4),(0.E0,3.294747567857E-1,6.715651910296E-1,1.E0),
.UNSPECIFIED.);
#1969=B_SPLINE_CURVE_WITH_KNOTS('',3,(#1962,#1963,#1964,#1965,#1966,#1967,
#1968),.UNSPECIFIED.,.F.,.F.,(4,1,1,1,4),(0.E0,3.324094100689E-1,
6.676073899098E-1,8.337974277393E-1,1.E0),.UNSPECIFIED.);
#1983=B_SPLINE_CURVE_WITH_KNOTS('',3,(#1970,#1971,#1972,#1973,#1974,#1975,#1976,
#1977,#1978,#1979,#1980,#1981,#1982),.UNSPECIFIED.,.F.,.F.,(4,1,1,1,1,1,1,1,1,1,
4),(0.E0,1.662297502498E-1,3.347254487446E-1,4.166314180560E-1,
4.575724795580E-1,4.985136494224E-1,5.393559653384E-1,5.801981836900E-1,
6.619083618511E-1,8.307130768462E-1,1.E0),.UNSPECIFIED.);
#1988=CIRCLE('',#1987,3.775199031248E-1);
#2061=CIRCLE('',#2060,3.775199031248E-1);
#2075=B_SPLINE_CURVE_WITH_KNOTS('',3,(#2062,#2063,#2064,#2065,#2066,#2067,#2068,
#2069,#2070,#2071,#2072,#2073,#2074),.UNSPECIFIED.,.F.,.F.,(4,1,1,1,1,1,1,1,1,1,
4),(0.E0,1.693124510721E-1,3.381426212721E-1,4.198651210636E-1,
4.607134982896E-1,5.015619730947E-1,5.425093167550E-1,5.834565520366E-1,
6.653748725032E-1,8.338959796041E-1,1.E0),.UNSPECIFIED.);
#2114=B_SPLINE_CURVE_WITH_KNOTS('',3,(#2108,#2109,#2110,#2111,#2112,#2113),
.UNSPECIFIED.,.F.,.F.,(4,1,1,4),(0.E0,3.291142583385E-1,6.708856529210E-1,1.E0),
.UNSPECIFIED.);
#2121=B_SPLINE_CURVE_WITH_KNOTS('',3,(#2115,#2116,#2117,#2118,#2119,#2120),
.UNSPECIFIED.,.F.,.F.,(4,1,1,4),(0.E0,3.291142403767E-1,6.708856383102E-1,1.E0),
.UNSPECIFIED.);
#2133=B_SPLINE_CURVE_WITH_KNOTS('',3,(#2126,#2127,#2128,#2129,#2130,#2131,
#2132),.UNSPECIFIED.,.F.,.F.,(4,1,1,1,4),(0.E0,1.721004947296E-1,
3.441657162022E-1,6.729542093538E-1,1.E0),.UNSPECIFIED.);
#2140=B_SPLINE_CURVE_WITH_KNOTS('',3,(#2134,#2135,#2136,#2137,#2138,#2139),
.UNSPECIFIED.,.F.,.F.,(4,1,1,4),(0.E0,3.290975353901E-1,6.709024280014E-1,1.E0),
.UNSPECIFIED.);
#2152=B_SPLINE_CURVE_WITH_KNOTS('',3,(#2145,#2146,#2147,#2148,#2149,#2150,
#2151),.UNSPECIFIED.,.F.,.F.,(4,1,1,1,4),(0.E0,2.299867932292E-1,
4.991977353190E-1,7.688240207531E-1,1.E0),.UNSPECIFIED.);
#2163=B_SPLINE_CURVE_WITH_KNOTS('',3,(#2157,#2158,#2159,#2160,#2161,#2162),
.UNSPECIFIED.,.F.,.F.,(4,1,1,4),(0.E0,3.290975181328E-1,6.709023955215E-1,1.E0),
.UNSPECIFIED.);
#2171=B_SPLINE_CURVE_WITH_KNOTS('',3,(#2164,#2165,#2166,#2167,#2168,#2169,
#2170),.UNSPECIFIED.,.F.,.F.,(4,1,1,1,4),(0.E0,3.410267168615E-1,
6.699825556429E-1,8.349639449033E-1,1.E0),.UNSPECIFIED.);
#2244=B_SPLINE_CURVE_WITH_KNOTS('',3,(#2236,#2237,#2238,#2239,#2240,#2241,#2242,
#2243),.UNSPECIFIED.,.F.,.F.,(4,1,1,1,1,4),(0.E0,8.231450696876E-2,
1.645689923195E-1,3.281760909460E-1,6.767832649645E-1,1.E0),.UNSPECIFIED.);
#2256=B_SPLINE_CURVE_WITH_KNOTS('',3,(#2245,#2246,#2247,#2248,#2249,#2250,#2251,
#2252,#2253,#2254,#2255),.UNSPECIFIED.,.F.,.F.,(4,1,1,1,1,1,1,1,4),(0.E0,
1.672557350240E-1,3.285304593470E-1,4.182954499483E-1,5.072716134513E-1,
5.936596098082E-1,6.808121330191E-1,8.359478199843E-1,1.E0),.UNSPECIFIED.);
#2265=B_SPLINE_CURVE_WITH_KNOTS('',3,(#2257,#2258,#2259,#2260,#2261,#2262,#2263,
#2264),.UNSPECIFIED.,.F.,.F.,(4,1,1,1,1,4),(0.E0,3.233839243536E-1,
6.719938128961E-1,8.355167450940E-1,9.177284323026E-1,1.E0),.UNSPECIFIED.);
#2274=B_SPLINE_CURVE_WITH_KNOTS('',3,(#2266,#2267,#2268,#2269,#2270,#2271,#2272,
#2273),.UNSPECIFIED.,.F.,.F.,(4,1,1,1,1,4),(0.E0,8.231449763345E-2,
1.645689853900E-1,3.281760888396E-1,6.767832730569E-1,1.E0),.UNSPECIFIED.);
#2281=B_SPLINE_CURVE_WITH_KNOTS('',3,(#2275,#2276,#2277,#2278,#2279,#2280),
.UNSPECIFIED.,.F.,.F.,(4,1,1,4),(0.E0,3.295393941370E-1,6.716371614817E-1,1.E0),
.UNSPECIFIED.);
#2293=B_SPLINE_CURVE_WITH_KNOTS('',3,(#2286,#2287,#2288,#2289,#2290,#2291,
#2292),.UNSPECIFIED.,.F.,.F.,(4,1,1,1,4),(0.E0,3.320886694469E-1,
6.672876550089E-1,8.336377541185E-1,1.E0),.UNSPECIFIED.);
#2301=B_SPLINE_CURVE_WITH_KNOTS('',3,(#2294,#2295,#2296,#2297,#2298,#2299,
#2300),.UNSPECIFIED.,.F.,.F.,(4,1,1,1,4),(0.E0,1.657587650242E-1,
3.314910261981E-1,6.668166894364E-1,1.E0),.UNSPECIFIED.);
#2308=B_SPLINE_CURVE_WITH_KNOTS('',3,(#2302,#2303,#2304,#2305,#2306,#2307),
.UNSPECIFIED.,.F.,.F.,(4,1,1,4),(0.E0,3.301937768138E-1,6.718734379759E-1,1.E0),
.UNSPECIFIED.);
#2317=B_SPLINE_CURVE_WITH_KNOTS('',3,(#2309,#2310,#2311,#2312,#2313,#2314,#2315,
#2316),.UNSPECIFIED.,.F.,.F.,(4,1,1,1,1,4),(0.E0,3.233839196758E-1,
6.719937970714E-1,8.355167246210E-1,9.177284094994E-1,1.E0),.UNSPECIFIED.);
#2510=B_SPLINE_CURVE_WITH_KNOTS('',3,(#2502,#2503,#2504,#2505,#2506,#2507,#2508,
#2509),.UNSPECIFIED.,.F.,.F.,(4,1,1,1,1,4),(0.E0,8.213258521338E-2,
1.641989353167E-1,3.277505739185E-1,6.720111488221E-1,1.E0),.UNSPECIFIED.);
#2520=B_SPLINE_CURVE_WITH_KNOTS('',3,(#2511,#2512,#2513,#2514,#2515,#2516,#2517,
#2518,#2519),.UNSPECIFIED.,.F.,.F.,(4,1,1,1,1,1,4),(0.E0,2.021329836272E-1,
3.952019008420E-1,4.918831290395E-1,5.886138636858E-1,7.861773593338E-1,1.E0),
.UNSPECIFIED.);
#2529=B_SPLINE_CURVE_WITH_KNOTS('',3,(#2521,#2522,#2523,#2524,#2525,#2526,#2527,
#2528),.UNSPECIFIED.,.F.,.F.,(4,1,1,1,1,4),(0.E0,3.233976161835E-1,
6.720074198882E-1,8.355235494711E-1,9.177318452800E-1,1.E0),.UNSPECIFIED.);
#2538=B_SPLINE_CURVE_WITH_KNOTS('',3,(#2530,#2531,#2532,#2533,#2534,#2535,#2536,
#2537),.UNSPECIFIED.,.F.,.F.,(4,1,1,1,1,4),(0.E0,8.230765048303E-2,
1.645552933306E-1,3.281486695914E-1,6.767561679515E-1,1.E0),.UNSPECIFIED.);
#2547=B_SPLINE_CURVE_WITH_KNOTS('',3,(#2539,#2540,#2541,#2542,#2543,#2544,#2545,
#2546),.UNSPECIFIED.,.F.,.F.,(4,1,1,1,1,4),(0.E0,3.231168197313E-1,
6.723093816949E-1,8.356716366217E-1,9.178057026791E-1,1.E0),.UNSPECIFIED.);
#2556=B_SPLINE_CURVE_WITH_KNOTS('',3,(#2548,#2549,#2550,#2551,#2552,#2553,#2554,
#2555),.UNSPECIFIED.,.F.,.F.,(4,1,1,1,1,4),(0.E0,8.223631582241E-2,
1.644091966719E-1,3.281913298213E-1,6.752218480988E-1,1.E0),.UNSPECIFIED.);
#2571=B_SPLINE_CURVE_WITH_KNOTS('',3,(#2561,#2562,#2563,#2564,#2565,#2566,#2567,
#2568,#2569,#2570),.UNSPECIFIED.,.F.,.F.,(4,1,1,1,1,1,1,4),(0.E0,
2.043651061552E-1,3.915021013573E-1,4.408744320197E-1,4.902459728690E-1,
5.890704455055E-1,7.922630081287E-1,1.E0),.UNSPECIFIED.);
#2580=B_SPLINE_CURVE_WITH_KNOTS('',3,(#2572,#2573,#2574,#2575,#2576,#2577,#2578,
#2579),.UNSPECIFIED.,.F.,.F.,(4,1,1,1,1,4),(0.E0,3.233702989533E-1,
6.719804330855E-1,8.355100685668E-1,9.177250977844E-1,1.E0),.UNSPECIFIED.);
#2589=B_SPLINE_CURVE_WITH_KNOTS('',3,(#2581,#2582,#2583,#2584,#2585,#2586,#2587,
#2588),.UNSPECIFIED.,.F.,.F.,(4,1,1,1,1,4),(0.E0,8.231458873874E-2,
1.645691856811E-1,3.281765072602E-1,6.767836216375E-1,1.E0),.UNSPECIFIED.);
#2598=B_SPLINE_CURVE_WITH_KNOTS('',3,(#2590,#2591,#2592,#2593,#2594,#2595,#2596,
#2597),.UNSPECIFIED.,.F.,.F.,(4,1,1,1,1,4),(0.E0,3.234113985500E-1,
6.720208882877E-1,8.355302714440E-1,9.177352045001E-1,1.E0),.UNSPECIFIED.);
#2642=B_SPLINE_CURVE_WITH_KNOTS('',3,(#2635,#2636,#2637,#2638,#2639,#2640,
#2641),.UNSPECIFIED.,.F.,.F.,(4,1,1,1,4),(0.E0,1.721004986029E-1,
3.441657194770E-1,6.729542095353E-1,1.E0),.UNSPECIFIED.);
#2649=B_SPLINE_CURVE_WITH_KNOTS('',3,(#2643,#2644,#2645,#2646,#2647,#2648),
.UNSPECIFIED.,.F.,.F.,(4,1,1,4),(0.E0,3.290975431155E-1,6.709024402175E-1,1.E0),
.UNSPECIFIED.);
#2661=B_SPLINE_CURVE_WITH_KNOTS('',3,(#2654,#2655,#2656,#2657,#2658,#2659,
#2660),.UNSPECIFIED.,.F.,.F.,(4,1,1,1,4),(0.E0,2.299868022488E-1,
4.991977424003E-1,7.688240239845E-1,1.E0),.UNSPECIFIED.);
#2672=B_SPLINE_CURVE_WITH_KNOTS('',3,(#2666,#2667,#2668,#2669,#2670,#2671),
.UNSPECIFIED.,.F.,.F.,(4,1,1,4),(0.E0,3.290975189178E-1,6.709023917442E-1,1.E0),
.UNSPECIFIED.);
#2680=B_SPLINE_CURVE_WITH_KNOTS('',3,(#2673,#2674,#2675,#2676,#2677,#2678,
#2679),.UNSPECIFIED.,.F.,.F.,(4,1,1,1,4),(0.E0,3.410267145464E-1,
6.699825492953E-1,8.349639369400E-1,1.E0),.UNSPECIFIED.);
#2691=B_SPLINE_CURVE_WITH_KNOTS('',3,(#2685,#2686,#2687,#2688,#2689,#2690),
.UNSPECIFIED.,.F.,.F.,(4,1,1,4),(0.E0,3.291142467175E-1,6.708856541914E-1,1.E0),
.UNSPECIFIED.);
#2698=B_SPLINE_CURVE_WITH_KNOTS('',3,(#2692,#2693,#2694,#2695,#2696,#2697),
.UNSPECIFIED.,.F.,.F.,(4,1,1,4),(0.E0,3.291142405288E-1,6.708856438166E-1,1.E0),
.UNSPECIFIED.);
#3343=EDGE_CURVE('',#2750,#2806,#28,.T.);
#3345=EDGE_CURVE('',#2749,#2750,#170,.T.);
#3347=EDGE_CURVE('',#2805,#2749,#99,.T.);
#3349=EDGE_CURVE('',#2805,#2806,#4,.T.);
#3353=EDGE_CURVE('',#3085,#3086,#9,.T.);
#3355=EDGE_CURVE('',#3086,#3085,#14,.T.);
#3359=EDGE_CURVE('',#3089,#3090,#19,.T.);
#3361=EDGE_CURVE('',#3090,#3089,#24,.T.);
#3372=EDGE_CURVE('',#2806,#2808,#32,.T.);
#3374=EDGE_CURVE('',#2808,#2801,#36,.T.);
#3376=EDGE_CURVE('',#2801,#2753,#41,.T.);
#3378=EDGE_CURVE('',#2753,#2754,#45,.T.);
#3380=EDGE_CURVE('',#2754,#2756,#49,.T.);
#3382=EDGE_CURVE('',#2756,#2758,#54,.T.);
#3384=EDGE_CURVE('',#2758,#2760,#58,.T.);
#3386=EDGE_CURVE('',#2760,#2797,#63,.T.);
#3388=EDGE_CURVE('',#2797,#2794,#68,.T.);
#3390=EDGE_CURVE('',#2794,#2763,#73,.T.);
#3392=EDGE_CURVE('',#2763,#2764,#77,.T.);
#3394=EDGE_CURVE('',#2764,#2767,#82,.T.);
#3396=EDGE_CURVE('',#2767,#2768,#86,.T.);
#3398=EDGE_CURVE('',#2768,#2770,#90,.T.);
#3400=EDGE_CURVE('',#2770,#2750,#95,.T.);
#3411=EDGE_CURVE('',#2810,#2805,#166,.T.);
#3413=EDGE_CURVE('',#2808,#2810,#226,.T.);
#3425=EDGE_CURVE('',#2749,#2772,#104,.T.);
#3427=EDGE_CURVE('',#2772,#2774,#108,.T.);
#3429=EDGE_CURVE('',#2774,#2776,#112,.T.);
#3431=EDGE_CURVE('',#2776,#2779,#117,.T.);
#3433=EDGE_CURVE('',#2779,#2780,#121,.T.);
#3435=EDGE_CURVE('',#2780,#2793,#126,.T.);
#3437=EDGE_CURVE('',#2793,#2798,#131,.T.);
#3439=EDGE_CURVE('',#2798,#2783,#136,.T.);
#3441=EDGE_CURVE('',#2783,#2784,#140,.T.);
#3443=EDGE_CURVE('',#2784,#2786,#145,.T.);
#3445=EDGE_CURVE('',#2786,#2788,#149,.T.);
#3447=EDGE_CURVE('',#2788,#2790,#153,.T.);
#3449=EDGE_CURVE('',#2790,#2802,#158,.T.);
#3451=EDGE_CURVE('',#2802,#2810,#162,.T.);
#3465=EDGE_CURVE('',#2770,#2772,#174,.T.);
#3476=EDGE_CURVE('',#2768,#2774,#178,.T.);
#3490=EDGE_CURVE('',#2776,#2767,#182,.T.);
#3504=EDGE_CURVE('',#2764,#2779,#186,.T.);
#3516=EDGE_CURVE('',#2780,#2763,#190,.T.);
#3528=EDGE_CURVE('',#2793,#2794,#198,.T.);
#3540=EDGE_CURVE('',#2797,#2798,#194,.T.);
#3556=EDGE_CURVE('',#2760,#2783,#202,.T.);
#3569=EDGE_CURVE('',#2784,#2758,#206,.T.);
#3582=EDGE_CURVE('',#2756,#2786,#210,.T.);
#3593=EDGE_CURVE('',#2754,#2788,#214,.T.);
#3607=EDGE_CURVE('',#2790,#2753,#218,.T.);
#3621=EDGE_CURVE('',#2801,#2802,#222,.T.);
#3637=EDGE_CURVE('',#3114,#3093,#231,.T.);
#3639=EDGE_CURVE('',#3093,#3094,#235,.T.);
#3641=EDGE_CURVE('',#3094,#3098,#240,.T.);
#3643=EDGE_CURVE('',#3097,#3098,#1213,.T.);
#3645=EDGE_CURVE('',#3097,#3101,#245,.T.);
#3647=EDGE_CURVE('',#3101,#3102,#249,.T.);
#3649=EDGE_CURVE('',#3102,#3105,#254,.T.);
#3651=EDGE_CURVE('',#3105,#3106,#258,.T.);
#3653=EDGE_CURVE('',#3106,#3110,#263,.T.);
#3655=EDGE_CURVE('',#3109,#3110,#1185,.T.);
#3657=EDGE_CURVE('',#3109,#3113,#268,.T.);
#3659=EDGE_CURVE('',#3113,#3114,#272,.T.);
#3663=EDGE_CURVE('',#3138,#3117,#277,.T.);
#3665=EDGE_CURVE('',#3117,#3118,#281,.T.);
#3667=EDGE_CURVE('',#3118,#3122,#286,.T.);
#3669=EDGE_CURVE('',#3121,#3122,#1369,.T.);
#3671=EDGE_CURVE('',#3121,#3125,#291,.T.);
#3673=EDGE_CURVE('',#3125,#3126,#295,.T.);
#3675=EDGE_CURVE('',#3126,#3129,#300,.T.);
#3677=EDGE_CURVE('',#3129,#3130,#304,.T.);
#3679=EDGE_CURVE('',#3130,#3134,#309,.T.);
#3681=EDGE_CURVE('',#3133,#3134,#1341,.T.);
#3683=EDGE_CURVE('',#3133,#3137,#314,.T.);
#3685=EDGE_CURVE('',#3137,#3138,#318,.T.);
#3689=EDGE_CURVE('',#3141,#3142,#322,.T.);
#3691=EDGE_CURVE('',#3142,#3143,#331,.T.);
#3693=EDGE_CURVE('',#3143,#3145,#335,.T.);
#3695=EDGE_CURVE('',#3145,#3146,#347,.T.);
#3697=EDGE_CURVE('',#3146,#3148,#351,.T.);
#3699=EDGE_CURVE('',#3148,#3149,#360,.T.);
#3701=EDGE_CURVE('',#3149,#3151,#364,.T.);
#3703=EDGE_CURVE('',#3151,#3152,#373,.T.);
#3705=EDGE_CURVE('',#3152,#3154,#377,.T.);
#3707=EDGE_CURVE('',#3154,#3155,#384,.T.);
#3709=EDGE_CURVE('',#3155,#3157,#388,.T.);
#3711=EDGE_CURVE('',#3157,#3159,#393,.T.);
#3713=EDGE_CURVE('',#3159,#3161,#397,.T.);
#3715=EDGE_CURVE('',#3161,#3162,#407,.T.);
#3717=EDGE_CURVE('',#3162,#3164,#411,.T.);
#3719=EDGE_CURVE('',#3164,#3165,#420,.T.);
#3721=EDGE_CURVE('',#3165,#3167,#424,.T.);
#3723=EDGE_CURVE('',#3167,#3169,#429,.T.);
#3725=EDGE_CURVE('',#3169,#3171,#433,.T.);
#3727=EDGE_CURVE('',#3171,#3172,#440,.T.);
#3729=EDGE_CURVE('',#3172,#3174,#444,.T.);
#3731=EDGE_CURVE('',#3174,#3141,#454,.T.);
#3735=EDGE_CURVE('',#3177,#3178,#458,.T.);
#3737=EDGE_CURVE('',#3178,#3179,#467,.T.);
#3739=EDGE_CURVE('',#3179,#3181,#471,.T.);
#3741=EDGE_CURVE('',#3181,#3182,#480,.T.);
#3743=EDGE_CURVE('',#3182,#3184,#484,.T.);
#3745=EDGE_CURVE('',#3184,#3185,#493,.T.);
#3747=EDGE_CURVE('',#3185,#3187,#497,.T.);
#3749=EDGE_CURVE('',#3187,#3188,#509,.T.);
#3751=EDGE_CURVE('',#3188,#3190,#513,.T.);
#3753=EDGE_CURVE('',#3190,#3191,#522,.T.);
#3755=EDGE_CURVE('',#3191,#3193,#526,.T.);
#3757=EDGE_CURVE('',#3193,#3194,#535,.T.);
#3759=EDGE_CURVE('',#3194,#3196,#539,.T.);
#3761=EDGE_CURVE('',#3196,#3197,#548,.T.);
#3763=EDGE_CURVE('',#3197,#3199,#552,.T.);
#3765=EDGE_CURVE('',#3199,#3200,#561,.T.);
#3767=EDGE_CURVE('',#3200,#3202,#565,.T.);
#3769=EDGE_CURVE('',#3202,#3203,#577,.T.);
#3771=EDGE_CURVE('',#3203,#3205,#581,.T.);
#3773=EDGE_CURVE('',#3205,#3177,#590,.T.);
#3777=EDGE_CURVE('',#3208,#3209,#594,.T.);
#3779=EDGE_CURVE('',#3209,#3210,#602,.T.);
#3781=EDGE_CURVE('',#3210,#3212,#606,.T.);
#3783=EDGE_CURVE('',#3212,#3213,#613,.T.);
#3785=EDGE_CURVE('',#3213,#3215,#617,.T.);
#3787=EDGE_CURVE('',#3215,#3216,#626,.T.);
#3789=EDGE_CURVE('',#3216,#3218,#630,.T.);
#3791=EDGE_CURVE('',#3218,#3219,#639,.T.);
#3793=EDGE_CURVE('',#3219,#3221,#643,.T.);
#3795=EDGE_CURVE('',#3221,#3223,#648,.T.);
#3797=EDGE_CURVE('',#3223,#3225,#652,.T.);
#3799=EDGE_CURVE('',#3225,#3226,#660,.T.);
#3801=EDGE_CURVE('',#3226,#3228,#664,.T.);
#3803=EDGE_CURVE('',#3228,#3229,#671,.T.);
#3805=EDGE_CURVE('',#3229,#3231,#675,.T.);
#3807=EDGE_CURVE('',#3231,#3232,#682,.T.);
#3809=EDGE_CURVE('',#3232,#3234,#686,.T.);
#3811=EDGE_CURVE('',#3234,#3208,#694,.T.);
#3815=EDGE_CURVE('',#3237,#3238,#698,.T.);
#3817=EDGE_CURVE('',#3238,#3239,#706,.T.);
#3819=EDGE_CURVE('',#3239,#3241,#710,.T.);
#3821=EDGE_CURVE('',#3241,#3242,#717,.T.);
#3823=EDGE_CURVE('',#3242,#3244,#721,.T.);
#3825=EDGE_CURVE('',#3244,#3245,#729,.T.);
#3827=EDGE_CURVE('',#3245,#3247,#733,.T.);
#3829=EDGE_CURVE('',#3247,#3248,#740,.T.);
#3831=EDGE_CURVE('',#3248,#3250,#744,.T.);
#3833=EDGE_CURVE('',#3250,#3251,#752,.T.);
#3835=EDGE_CURVE('',#3251,#3253,#756,.T.);
#3837=EDGE_CURVE('',#3253,#3254,#763,.T.);
#3839=EDGE_CURVE('',#3254,#3256,#767,.T.);
#3841=EDGE_CURVE('',#3256,#3237,#774,.T.);
#3845=EDGE_CURVE('',#3259,#3260,#778,.T.);
#3847=EDGE_CURVE('',#3260,#3261,#787,.T.);
#3849=EDGE_CURVE('',#3261,#3263,#791,.T.);
#3851=EDGE_CURVE('',#3263,#3264,#798,.T.);
#3853=EDGE_CURVE('',#3264,#3266,#802,.T.);
#3855=EDGE_CURVE('',#3266,#3267,#810,.T.);
#3857=EDGE_CURVE('',#3267,#3269,#814,.T.);
#3859=EDGE_CURVE('',#3269,#3270,#822,.T.);
#3861=EDGE_CURVE('',#3270,#3272,#826,.T.);
#3863=EDGE_CURVE('',#3272,#3273,#833,.T.);
#3865=EDGE_CURVE('',#3273,#3275,#837,.T.);
#3867=EDGE_CURVE('',#3275,#3276,#846,.T.);
#3869=EDGE_CURVE('',#3276,#3278,#850,.T.);
#3871=EDGE_CURVE('',#3278,#3279,#859,.T.);
#3873=EDGE_CURVE('',#3279,#3281,#863,.T.);
#3875=EDGE_CURVE('',#3281,#3282,#875,.T.);
#3877=EDGE_CURVE('',#3282,#3284,#879,.T.);
#3879=EDGE_CURVE('',#3284,#3259,#888,.T.);
#3883=EDGE_CURVE('',#3287,#3288,#892,.T.);
#3885=EDGE_CURVE('',#3288,#3289,#901,.T.);
#3887=EDGE_CURVE('',#3289,#3291,#905,.T.);
#3889=EDGE_CURVE('',#3291,#3292,#914,.T.);
#3891=EDGE_CURVE('',#3292,#3294,#918,.T.);
#3893=EDGE_CURVE('',#3294,#3295,#927,.T.);
#3895=EDGE_CURVE('',#3295,#3297,#931,.T.);
#3897=EDGE_CURVE('',#3297,#3298,#942,.T.);
#3899=EDGE_CURVE('',#3298,#3300,#946,.T.);
#3901=EDGE_CURVE('',#3300,#3301,#955,.T.);
#3903=EDGE_CURVE('',#3301,#3303,#959,.T.);
#3905=EDGE_CURVE('',#3303,#3304,#968,.T.);
#3907=EDGE_CURVE('',#3304,#3306,#972,.T.);
#3909=EDGE_CURVE('',#3306,#3307,#981,.T.);
#3911=EDGE_CURVE('',#3307,#3309,#985,.T.);
#3913=EDGE_CURVE('',#3309,#3310,#994,.T.);
#3915=EDGE_CURVE('',#3310,#3312,#998,.T.);
#3917=EDGE_CURVE('',#3312,#3313,#1008,.T.);
#3919=EDGE_CURVE('',#3313,#3315,#1012,.T.);
#3921=EDGE_CURVE('',#3315,#3287,#1021,.T.);
#3925=EDGE_CURVE('',#3318,#3319,#1025,.T.);
#3927=EDGE_CURVE('',#3319,#3320,#1032,.T.);
#3929=EDGE_CURVE('',#3320,#3322,#1036,.T.);
#3931=EDGE_CURVE('',#3322,#3323,#1043,.T.);
#3933=EDGE_CURVE('',#3323,#3325,#1047,.T.);
#3935=EDGE_CURVE('',#3325,#3326,#1055,.T.);
#3937=EDGE_CURVE('',#3326,#3328,#1059,.T.);
#3939=EDGE_CURVE('',#3328,#3329,#1066,.T.);
#3941=EDGE_CURVE('',#3329,#3331,#1070,.T.);
#3943=EDGE_CURVE('',#3331,#3332,#1078,.T.);
#3945=EDGE_CURVE('',#3332,#3334,#1082,.T.);
#3947=EDGE_CURVE('',#3334,#3335,#1089,.T.);
#3949=EDGE_CURVE('',#3335,#3337,#1093,.T.);
#3951=EDGE_CURVE('',#3337,#3318,#1101,.T.);
#3961=EDGE_CURVE('',#2833,#2830,#1106,.T.);
#3963=EDGE_CURVE('',#2830,#3093,#1110,.T.);
#3966=EDGE_CURVE('',#3114,#2833,#1114,.T.);
#3976=EDGE_CURVE('',#2834,#2813,#1119,.T.);
#3978=EDGE_CURVE('',#2813,#2814,#1123,.T.);
#3980=EDGE_CURVE('',#2814,#2817,#1128,.T.);
#3982=EDGE_CURVE('',#2817,#2818,#1132,.T.);
#3984=EDGE_CURVE('',#2818,#2821,#1137,.T.);
#3986=EDGE_CURVE('',#2821,#2822,#1141,.T.);
#3988=EDGE_CURVE('',#2822,#2825,#1146,.T.);
#3990=EDGE_CURVE('',#2825,#2826,#1150,.T.);
#3992=EDGE_CURVE('',#2826,#2829,#1155,.T.);
#3994=EDGE_CURVE('',#2829,#2830,#1159,.T.);
#3997=EDGE_CURVE('',#2833,#2834,#1163,.T.);
#4001=EDGE_CURVE('',#2837,#2838,#1168,.T.);
#4003=EDGE_CURVE('',#2838,#2837,#1173,.T.);
#4014=EDGE_CURVE('',#2834,#3113,#1177,.T.);
#4017=EDGE_CURVE('',#3109,#2813,#1181,.T.);
#4041=EDGE_CURVE('',#2814,#3110,#1189,.T.);
#4055=EDGE_CURVE('',#3106,#2817,#1193,.T.);
#4067=EDGE_CURVE('',#2818,#3105,#1197,.T.);
#4081=EDGE_CURVE('',#3102,#2821,#1201,.T.);
#4091=EDGE_CURVE('',#2822,#3101,#1205,.T.);
#4107=EDGE_CURVE('',#3097,#2825,#1209,.T.);
#4117=EDGE_CURVE('',#2826,#3098,#1217,.T.);
#4133=EDGE_CURVE('',#3094,#2829,#1221,.T.);
#4155=EDGE_CURVE('',#2840,#2837,#1229,.T.);
#4157=EDGE_CURVE('',#2842,#2840,#1249,.T.);
#4159=EDGE_CURVE('',#2838,#2842,#1225,.T.);
#4171=EDGE_CURVE('',#2840,#2842,#1244,.T.);
#4183=EDGE_CURVE('',#2853,#2854,#1234,.T.);
#4185=EDGE_CURVE('',#2854,#2853,#1239,.T.);
#4200=EDGE_CURVE('',#2854,#3089,#1257,.T.);
#4203=EDGE_CURVE('',#2853,#3090,#1253,.T.);
#4225=EDGE_CURVE('',#2874,#2877,#1306,.T.);
#4227=EDGE_CURVE('',#2874,#3117,#1261,.T.);
#4230=EDGE_CURVE('',#3138,#2877,#1265,.T.);
#4240=EDGE_CURVE('',#2882,#2861,#1270,.T.);
#4242=EDGE_CURVE('',#2861,#2862,#1274,.T.);
#4244=EDGE_CURVE('',#2862,#2865,#1279,.T.);
#4246=EDGE_CURVE('',#2865,#2866,#1283,.T.);
#4248=EDGE_CURVE('',#2866,#2869,#1288,.T.);
#4250=EDGE_CURVE('',#2869,#2870,#1292,.T.);
#4252=EDGE_CURVE('',#2870,#2873,#1297,.T.);
#4254=EDGE_CURVE('',#2873,#2874,#1301,.T.);
#4257=EDGE_CURVE('',#2877,#2878,#1310,.T.);
#4259=EDGE_CURVE('',#2878,#2881,#1315,.T.);
#4261=EDGE_CURVE('',#2881,#2882,#1319,.T.);
#4265=EDGE_CURVE('',#2858,#2856,#1324,.T.);
#4267=EDGE_CURVE('',#2856,#2858,#1329,.T.);
#4278=EDGE_CURVE('',#2882,#3134,#1333,.T.);
#4281=EDGE_CURVE('',#3130,#2861,#1337,.T.);
#4293=EDGE_CURVE('',#3133,#2881,#1349,.T.);
#4305=EDGE_CURVE('',#2878,#3137,#1345,.T.);
#4331=EDGE_CURVE('',#2862,#3129,#1353,.T.);
#4345=EDGE_CURVE('',#3126,#2865,#1357,.T.);
#4357=EDGE_CURVE('',#2866,#3125,#1361,.T.);
#4371=EDGE_CURVE('',#3121,#2869,#1365,.T.);
#4381=EDGE_CURVE('',#2870,#3122,#1373,.T.);
#4397=EDGE_CURVE('',#3118,#2873,#1377,.T.);
#4419=EDGE_CURVE('',#2849,#2858,#1385,.T.);
#4421=EDGE_CURVE('',#2850,#2849,#1405,.T.);
#4423=EDGE_CURVE('',#2856,#2850,#1381,.T.);
#4435=EDGE_CURVE('',#2849,#2850,#1400,.T.);
#4447=EDGE_CURVE('',#2845,#2846,#1390,.T.);
#4449=EDGE_CURVE('',#2846,#2845,#1395,.T.);
#4464=EDGE_CURVE('',#2846,#3085,#1413,.T.);
#4467=EDGE_CURVE('',#2845,#3086,#1409,.T.);
#4489=EDGE_CURVE('',#3142,#2886,#1421,.T.);
#4492=EDGE_CURVE('',#2885,#3141,#1581,.T.);
#4494=EDGE_CURVE('',#2885,#2886,#1417,.T.);
#4509=B_SPLINE_CURVE_WITH_KNOTS('',3,(#4499,#4500,#4501,#4502,#4503,#4504,#4505,
#4506,#4507,#4508),.UNSPECIFIED.,.F.,.F.,(4,1,1,1,1,1,1,4),(0.E0,
2.014153797056E-1,3.909604722943E-1,5.952736621535E-1,6.911033063329E-1,
7.392820061254E-1,7.874958184534E-1,1.E0),.UNSPECIFIED.);
#4513=EDGE_CURVE('',#3143,#2887,#1425,.T.);
#4517=EDGE_CURVE('',#2887,#2886,#1573,.T.);
#4527=EDGE_CURVE('',#3145,#2889,#1433,.T.);
#4531=EDGE_CURVE('',#2887,#2889,#1429,.T.);
#4549=B_SPLINE_CURVE_WITH_KNOTS('',3,(#4536,#4537,#4538,#4539,#4540,#4541,#4542,
#4543,#4544,#4545,#4546,#4547,#4548),.UNSPECIFIED.,.F.,.F.,(4,1,1,1,1,1,1,1,1,1,
4),(0.E0,9.126174225622E-2,2.281059001387E-1,3.600515146013E-1,
4.334928899766E-1,5.062887610024E-1,5.769694873066E-1,6.482758209917E-1,
7.752041710474E-1,9.094280325107E-1,1.E0),.UNSPECIFIED.);
#4553=EDGE_CURVE('',#3146,#2890,#1437,.T.);
#4557=EDGE_CURVE('',#2890,#2889,#1564,.T.);
#4567=EDGE_CURVE('',#3148,#2892,#1445,.T.);
#4571=EDGE_CURVE('',#2890,#2892,#1441,.T.);
#4586=B_SPLINE_CURVE_WITH_KNOTS('',3,(#4576,#4577,#4578,#4579,#4580,#4581,#4582,
#4583,#4584,#4585),.UNSPECIFIED.,.F.,.F.,(4,1,1,1,1,1,1,4),(0.E0,
2.081665759925E-1,2.558694387215E-1,3.035375177730E-1,3.983509896513E-1,
6.003842398223E-1,7.877102995984E-1,1.E0),.UNSPECIFIED.);
#4590=EDGE_CURVE('',#3149,#2893,#1449,.T.);
#4594=EDGE_CURVE('',#2893,#2892,#1552,.T.);
#4604=EDGE_CURVE('',#3151,#2895,#1457,.T.);
#4608=EDGE_CURVE('',#2893,#2895,#1453,.T.);
#4623=B_SPLINE_CURVE_WITH_KNOTS('',3,(#4613,#4614,#4615,#4616,#4617,#4618,#4619,
#4620,#4621,#4622),.UNSPECIFIED.,.F.,.F.,(4,1,1,1,1,1,1,4),(0.E0,
2.014154450242E-1,3.909604936681E-1,5.952736557514E-1,6.911032872845E-1,
7.392819806019E-1,7.874957831958E-1,1.E0),.UNSPECIFIED.);
#4627=EDGE_CURVE('',#3152,#2896,#1461,.T.);
#4631=EDGE_CURVE('',#2896,#2895,#1543,.T.);
#4641=EDGE_CURVE('',#3154,#2898,#1469,.T.);
#4645=EDGE_CURVE('',#2896,#2898,#1465,.T.);
#4658=B_SPLINE_CURVE_WITH_KNOTS('',3,(#4650,#4651,#4652,#4653,#4654,#4655,#4656,
#4657),.UNSPECIFIED.,.F.,.F.,(4,1,1,1,1,4),(0.E0,1.923076921959E-2,
3.373076242260E-1,6.657788032689E-1,9.807684369940E-1,1.E0),.UNSPECIFIED.);
#4663=EDGE_CURVE('',#2899,#2898,#1534,.T.);
#4665=EDGE_CURVE('',#2899,#3155,#1473,.T.);
#4677=EDGE_CURVE('',#2885,#2900,#1483,.T.);
#4679=EDGE_CURVE('',#2902,#2900,#1585,.T.);
#4681=EDGE_CURVE('',#2902,#2903,#1490,.T.);
#4683=EDGE_CURVE('',#2903,#2905,#1494,.T.);
#4685=EDGE_CURVE('',#2905,#2907,#1499,.T.);
#4687=EDGE_CURVE('',#2909,#2907,#1605,.T.);
#4689=EDGE_CURVE('',#2909,#2910,#1508,.T.);
#4691=EDGE_CURVE('',#2912,#2910,#1617,.T.);
#4693=EDGE_CURVE('',#2912,#2913,#1518,.T.);
#4695=EDGE_CURVE('',#2915,#2913,#1629,.T.);
#4697=EDGE_CURVE('',#2915,#2917,#1523,.T.);
#4699=EDGE_CURVE('',#2917,#2899,#1527,.T.);
#4724=B_SPLINE_CURVE_WITH_KNOTS('',3,(#4713,#4714,#4715,#4716,#4717,#4718,#4719,
#4720,#4721,#4722,#4723),.UNSPECIFIED.,.F.,.F.,(4,1,1,1,1,1,1,1,4),(0.E0,
2.051908142337E-1,2.287285681944E-1,2.522611613760E-1,2.992971829324E-1,
3.928534718022E-1,5.907372937711E-1,7.807908223009E-1,1.E0),.UNSPECIFIED.);
#4728=EDGE_CURVE('',#3174,#2900,#1577,.T.);
#4741=EDGE_CURVE('',#2902,#3172,#1589,.T.);
#4757=B_SPLINE_CURVE_WITH_KNOTS('',3,(#4749,#4750,#4751,#4752,#4753,#4754,#4755,
#4756),.UNSPECIFIED.,.F.,.F.,(4,1,1,1,1,4),(0.E0,1.923077518844E-2,
3.356744495920E-1,6.642886136486E-1,9.807350414474E-1,1.E0),.UNSPECIFIED.);
#4763=EDGE_CURVE('',#3171,#2903,#1593,.T.);
#4774=EDGE_CURVE('',#3169,#2905,#1597,.T.);
#4789=EDGE_CURVE('',#3167,#2907,#1601,.T.);
#4802=EDGE_CURVE('',#2909,#3165,#1609,.T.);
#4818=B_SPLINE_CURVE_WITH_KNOTS('',3,(#4808,#4809,#4810,#4811,#4812,#4813,#4814,
#4815,#4816,#4817),.UNSPECIFIED.,.F.,.F.,(4,1,1,1,1,1,1,4),(0.E0,
2.014199235240E-1,3.909446782204E-1,5.952534764296E-1,6.910889257625E-1,
7.392705103953E-1,7.874872096628E-1,1.E0),.UNSPECIFIED.);
#4824=EDGE_CURVE('',#3164,#2910,#1613,.T.);
#4835=EDGE_CURVE('',#2912,#3162,#1621,.T.);
#4854=B_SPLINE_CURVE_WITH_KNOTS('',3,(#4843,#4844,#4845,#4846,#4847,#4848,#4849,
#4850,#4851,#4852,#4853),.UNSPECIFIED.,.F.,.F.,(4,1,1,1,1,1,1,1,4),(0.E0,
2.082527762440E-1,2.559849220806E-1,3.036822645400E-1,3.985539760302E-1,
4.996282851703E-1,6.007025943102E-1,7.881280044426E-1,1.E0),.UNSPECIFIED.);
#4860=EDGE_CURVE('',#3161,#2913,#1625,.T.);
#4871=EDGE_CURVE('',#2915,#3159,#1633,.T.);
#4886=EDGE_CURVE('',#3157,#2917,#1637,.T.);
#4909=EDGE_CURVE('',#3178,#2920,#1641,.T.);
#4912=EDGE_CURVE('',#2921,#3177,#1805,.T.);
#4914=EDGE_CURVE('',#2920,#2921,#1697,.T.);
#4929=B_SPLINE_CURVE_WITH_KNOTS('',3,(#4919,#4920,#4921,#4922,#4923,#4924,#4925,
#4926,#4927,#4928),.UNSPECIFIED.,.F.,.F.,(4,1,1,1,1,1,1,4),(0.E0,
2.014201291924E-1,3.909450509911E-1,5.952540343604E-1,6.910895707735E-1,
7.392711991928E-1,7.874879352740E-1,1.E0),.UNSPECIFIED.);
#4933=EDGE_CURVE('',#3179,#2922,#1645,.T.);
#4937=EDGE_CURVE('',#2922,#2920,#1797,.T.);
#4947=EDGE_CURVE('',#3181,#2924,#1653,.T.);
#4951=EDGE_CURVE('',#2922,#2924,#1649,.T.);
#4966=B_SPLINE_CURVE_WITH_KNOTS('',3,(#4956,#4957,#4958,#4959,#4960,#4961,#4962,
#4963,#4964,#4965),.UNSPECIFIED.,.F.,.F.,(4,1,1,1,1,1,1,4),(0.E0,
2.081765800649E-1,2.558797350176E-1,3.035481112596E-1,3.983622079176E-1,
6.003880628892E-1,7.876996439273E-1,1.E0),.UNSPECIFIED.);
#4970=EDGE_CURVE('',#3182,#2925,#1657,.T.);
#4974=EDGE_CURVE('',#2925,#2924,#1788,.T.);
#4984=EDGE_CURVE('',#3184,#2927,#1665,.T.);
#4988=EDGE_CURVE('',#2925,#2927,#1661,.T.);
#5003=B_SPLINE_CURVE_WITH_KNOTS('',3,(#4993,#4994,#4995,#4996,#4997,#4998,#4999,
#5000,#5001,#5002),.UNSPECIFIED.,.F.,.F.,(4,1,1,1,1,1,1,4),(0.E0,
2.014163814934E-1,3.909353653817E-1,5.952468370724E-1,6.910874094462E-1,
7.392715526752E-1,7.874908020936E-1,1.E0),.UNSPECIFIED.);
#5007=EDGE_CURVE('',#3185,#2928,#1669,.T.);
#5011=EDGE_CURVE('',#2928,#2927,#1779,.T.);
#5021=EDGE_CURVE('',#3187,#2930,#1677,.T.);
#5025=EDGE_CURVE('',#2928,#2930,#1673,.T.);
#5043=B_SPLINE_CURVE_WITH_KNOTS('',3,(#5030,#5031,#5032,#5033,#5034,#5035,#5036,
#5037,#5038,#5039,#5040,#5041,#5042),.UNSPECIFIED.,.F.,.F.,(4,1,1,1,1,1,1,1,1,1,
4),(0.E0,9.125984414356E-2,2.281043527314E-1,3.600502249406E-1,
4.334917073284E-1,5.062878316868E-1,5.769690401735E-1,6.482757289393E-1,
7.752051999437E-1,9.094297354610E-1,1.E0),.UNSPECIFIED.);
#5047=EDGE_CURVE('',#3188,#2931,#1681,.T.);
#5051=EDGE_CURVE('',#2931,#2930,#1770,.T.);
#5061=EDGE_CURVE('',#3190,#2933,#1689,.T.);
#5065=EDGE_CURVE('',#2931,#2933,#1685,.T.);
#5080=B_SPLINE_CURVE_WITH_KNOTS('',3,(#5070,#5071,#5072,#5073,#5074,#5075,#5076,
#5077,#5078,#5079),.UNSPECIFIED.,.F.,.F.,(4,1,1,1,1,1,1,4),(0.E0,
2.081738399788E-1,2.558794651418E-1,3.035503077808E-1,3.983693429418E-1,
6.003972439113E-1,7.877028577233E-1,1.E0),.UNSPECIFIED.);
#5085=EDGE_CURVE('',#2934,#2933,#1758,.T.);
#5087=EDGE_CURVE('',#2934,#3191,#1693,.T.);
#5099=EDGE_CURVE('',#2921,#2935,#1706,.T.);
#5101=EDGE_CURVE('',#2937,#2935,#1813,.T.);
#5103=EDGE_CURVE('',#2937,#2938,#1718,.T.);
#5105=EDGE_CURVE('',#2940,#2938,#1825,.T.);
#5107=EDGE_CURVE('',#2940,#2941,#1727,.T.);
#5109=EDGE_CURVE('',#2943,#2941,#1837,.T.);
#5111=EDGE_CURVE('',#2943,#2944,#1736,.T.);
#5113=EDGE_CURVE('',#2946,#2944,#1849,.T.);
#5115=EDGE_CURVE('',#2946,#2947,#1745,.T.);
#5117=EDGE_CURVE('',#2947,#2934,#1749,.T.);
#5141=B_SPLINE_CURVE_WITH_KNOTS('',3,(#5131,#5132,#5133,#5134,#5135,#5136,#5137,
#5138,#5139,#5140),.UNSPECIFIED.,.F.,.F.,(4,1,1,1,1,1,1,4),(0.E0,
2.081765705178E-1,2.558797296099E-1,3.035481047705E-1,3.983621992831E-1,
6.003880495308E-1,7.876996297209E-1,1.E0),.UNSPECIFIED.);
#5145=EDGE_CURVE('',#3205,#2935,#1801,.T.);
#5160=EDGE_CURVE('',#3203,#2937,#1809,.T.);
#5179=B_SPLINE_CURVE_WITH_KNOTS('',3,(#5166,#5167,#5168,#5169,#5170,#5171,#5172,
#5173,#5174,#5175,#5176,#5177,#5178),.UNSPECIFIED.,.F.,.F.,(4,1,1,1,1,1,1,1,1,1,
4),(0.E0,9.126007152229E-2,2.281038340706E-1,3.600537193309E-1,
4.334966811616E-1,5.062941661091E-1,5.769739225568E-1,6.482792634890E-1,
7.752058483397E-1,9.094283395097E-1,1.E0),.UNSPECIFIED.);
#5185=EDGE_CURVE('',#3202,#2938,#1817,.T.);
#5198=EDGE_CURVE('',#3200,#2940,#1821,.T.);
#5214=B_SPLINE_CURVE_WITH_KNOTS('',3,(#5204,#5205,#5206,#5207,#5208,#5209,#5210,
#5211,#5212,#5213),.UNSPECIFIED.,.F.,.F.,(4,1,1,1,1,1,1,4),(0.E0,
2.014201104753E-1,3.909450386064E-1,5.952540263503E-1,6.910895646383E-1,
7.392711939987E-1,7.874879310272E-1,1.E0),.UNSPECIFIED.);
#5220=EDGE_CURVE('',#3199,#2941,#1829,.T.);
#5233=EDGE_CURVE('',#3197,#2943,#1833,.T.);
#5249=B_SPLINE_CURVE_WITH_KNOTS('',3,(#5239,#5240,#5241,#5242,#5243,#5244,#5245,
#5246,#5247,#5248),.UNSPECIFIED.,.F.,.F.,(4,1,1,1,1,1,1,4),(0.E0,
2.081738492235E-1,2.558794703501E-1,3.035503141674E-1,3.983693516627E-1,
6.003972575647E-1,7.877028724435E-1,1.E0),.UNSPECIFIED.);
#5255=EDGE_CURVE('',#3196,#2944,#1841,.T.);
#5268=EDGE_CURVE('',#3194,#2946,#1845,.T.);
#5284=B_SPLINE_CURVE_WITH_KNOTS('',3,(#5274,#5275,#5276,#5277,#5278,#5279,#5280,
#5281,#5282,#5283),.UNSPECIFIED.,.F.,.F.,(4,1,1,1,1,1,1,4),(0.E0,
2.014164005551E-1,3.909353800480E-1,5.952468469989E-1,6.910874171169E-1,
7.392715592163E-1,7.874908075100E-1,1.E0),.UNSPECIFIED.);
#5290=EDGE_CURVE('',#3193,#2947,#1853,.T.);
#5313=EDGE_CURVE('',#3209,#2951,#1861,.T.);
#5316=EDGE_CURVE('',#2950,#3208,#1996,.T.);
#5318=EDGE_CURVE('',#2950,#2951,#1857,.T.);
#5332=B_SPLINE_CURVE_WITH_KNOTS('',3,(#5323,#5324,#5325,#5326,#5327,#5328,#5329,
#5330,#5331),.UNSPECIFIED.,.F.,.F.,(4,1,1,1,1,1,4),(0.E0,1.923076563760E-2,
3.388551923469E-1,6.611609324705E-1,8.209590409473E-1,9.807692089135E-1,1.E0),
.UNSPECIFIED.);
#5336=EDGE_CURVE('',#3210,#2952,#1865,.T.);
#5340=EDGE_CURVE('',#2952,#2951,#1969,.T.);
#5350=EDGE_CURVE('',#3212,#2954,#1869,.T.);
#5354=EDGE_CURVE('',#2954,#2952,#1961,.T.);
#5367=B_SPLINE_CURVE_WITH_KNOTS('',3,(#5359,#5360,#5361,#5362,#5363,#5364,#5365,
#5366),.UNSPECIFIED.,.F.,.F.,(4,1,1,1,1,4),(0.E0,1.923082365377E-2,
3.360334588277E-1,6.649665488613E-1,9.807692378766E-1,1.E0),.UNSPECIFIED.);
#5371=EDGE_CURVE('',#3213,#2955,#1873,.T.);
#5375=EDGE_CURVE('',#2955,#2954,#1957,.T.);
#5385=EDGE_CURVE('',#3215,#2957,#1885,.T.);
#5389=EDGE_CURVE('',#2955,#2957,#1877,.T.);
#5404=B_SPLINE_CURVE_WITH_KNOTS('',3,(#5394,#5395,#5396,#5397,#5398,#5399,#5400,
#5401,#5402,#5403),.UNSPECIFIED.,.F.,.F.,(4,1,1,1,1,1,1,4),(0.E0,
2.081732978499E-1,2.558770113416E-1,3.035459494234E-1,3.983611637224E-1,
6.003894540360E-1,7.877032216660E-1,1.E0),.UNSPECIFIED.);
#5408=EDGE_CURVE('',#2958,#3216,#1881,.T.);
#5412=EDGE_CURVE('',#2958,#2957,#1950,.T.);
#5423=EDGE_CURVE('',#2958,#2960,#1889,.T.);
#5425=EDGE_CURVE('',#3218,#2960,#2048,.T.);
#5437=EDGE_CURVE('',#2950,#2961,#1897,.T.);
#5439=EDGE_CURVE('',#2961,#2963,#1901,.T.);
#5441=EDGE_CURVE('',#2963,#2964,#1908,.T.);
#5443=EDGE_CURVE('',#2966,#2964,#2008,.T.);
#5445=EDGE_CURVE('',#2966,#2967,#1915,.T.);
#5447=EDGE_CURVE('',#2967,#2969,#1919,.T.);
#5449=EDGE_CURVE('',#2969,#2970,#1927,.T.);
#5451=EDGE_CURVE('',#2972,#2970,#2032,.T.);
#5453=EDGE_CURVE('',#2972,#2974,#1932,.T.);
#5455=EDGE_CURVE('',#2976,#2974,#2044,.T.);
#5457=EDGE_CURVE('',#2976,#2960,#1941,.T.);
#5467=EDGE_CURVE('',#2977,#2978,#1983,.T.);
#5469=EDGE_CURVE('',#2978,#2977,#1988,.T.);
#5483=B_SPLINE_CURVE_WITH_KNOTS('',3,(#5474,#5475,#5476,#5477,#5478,#5479,#5480,
#5481,#5482),.UNSPECIFIED.,.F.,.F.,(4,1,1,1,1,1,4),(0.E0,1.923077654980E-2,
1.790145294702E-1,3.387859776291E-1,6.610909798401E-1,9.807689466284E-1,1.E0),
.UNSPECIFIED.);
#5487=EDGE_CURVE('',#3234,#2961,#1992,.T.);
#5502=EDGE_CURVE('',#3232,#2963,#2000,.T.);
#5516=B_SPLINE_CURVE_WITH_KNOTS('',3,(#5508,#5509,#5510,#5511,#5512,#5513,#5514,
#5515),.UNSPECIFIED.,.F.,.F.,(4,1,1,1,1,4),(0.E0,1.922843220869E-2,
3.356239980345E-1,6.642338400846E-1,9.807349853599E-1,1.E0),.UNSPECIFIED.);
#5522=EDGE_CURVE('',#3231,#2964,#2004,.T.);
#5533=EDGE_CURVE('',#2966,#3229,#2012,.T.);
#5549=B_SPLINE_CURVE_WITH_KNOTS('',3,(#5541,#5542,#5543,#5544,#5545,#5546,#5547,
#5548),.UNSPECIFIED.,.F.,.F.,(4,1,1,1,1,4),(0.E0,1.923077431755E-2,
3.356521953403E-1,6.642663749392E-1,9.807350221469E-1,1.E0),.UNSPECIFIED.);
#5555=EDGE_CURVE('',#3228,#2967,#2016,.T.);
#5566=EDGE_CURVE('',#2969,#3226,#2020,.T.);
#5583=B_SPLINE_CURVE_WITH_KNOTS('',3,(#5574,#5575,#5576,#5577,#5578,#5579,#5580,
#5581,#5582),.UNSPECIFIED.,.F.,.F.,(4,1,1,1,1,1,4),(0.E0,1.923076919324E-2,
3.386288089851E-1,6.609220707799E-1,8.208315838739E-1,9.807763802503E-1,1.E0),
.UNSPECIFIED.);
#5589=EDGE_CURVE('',#3225,#2970,#2024,.T.);
#5602=EDGE_CURVE('',#3223,#2972,#2028,.T.);
#5615=EDGE_CURVE('',#3221,#2974,#2036,.T.);
#5628=EDGE_CURVE('',#3219,#2976,#2040,.T.);
#5644=B_SPLINE_CURVE_WITH_KNOTS('',3,(#5634,#5635,#5636,#5637,#5638,#5639,#5640,
#5641,#5642,#5643),.UNSPECIFIED.,.F.,.F.,(4,1,1,1,1,1,1,4),(0.E0,
2.014041032889E-1,3.909525131237E-1,5.952606528030E-1,6.910957603112E-1,
7.392771730135E-1,7.874937002194E-1,1.E0),.UNSPECIFIED.);
#5670=B_SPLINE_CURVE_WITH_KNOTS('',3,(#5655,#5656,#5657,#5658,#5659,#5660,#5661,
#5662,#5663,#5664,#5665,#5666,#5667,#5668,#5669),.UNSPECIFIED.,.F.,.F.,(4,1,1,1,
1,1,1,1,1,1,1,1,4),(0.E0,7.719649507249E-2,2.177288370863E-1,3.601768350720E-1,
4.294209846599E-1,4.640329794969E-1,4.986450659446E-1,5.331735802468E-1,
5.677020120670E-1,6.367806378009E-1,7.794898815170E-1,9.226067889741E-1,1.E0),
.UNSPECIFIED.);
#5675=EDGE_CURVE('',#2977,#2980,#2052,.T.);
#5677=EDGE_CURVE('',#2981,#2980,#2075,.T.);
#5679=EDGE_CURVE('',#2981,#2978,#2056,.T.);
#5692=EDGE_CURVE('',#2981,#2980,#2061,.T.);
#5712=EDGE_CURVE('',#3238,#2984,#2079,.T.);
#5715=EDGE_CURVE('',#2985,#3237,#2179,.T.);
#5717=EDGE_CURVE('',#2984,#2985,#2107,.T.);
#5731=B_SPLINE_CURVE_WITH_KNOTS('',3,(#5722,#5723,#5724,#5725,#5726,#5727,#5728,
#5729,#5730),.UNSPECIFIED.,.F.,.F.,(4,1,1,1,1,1,4),(0.E0,1.824920391562E-1,
3.990995967156E-1,6.080401770126E-1,7.128302525983E-1,8.176550526073E-1,1.E0),
.UNSPECIFIED.);
#5735=EDGE_CURVE('',#3239,#2986,#2083,.T.);
#5739=EDGE_CURVE('',#2986,#2984,#2171,.T.);
#5749=EDGE_CURVE('',#3241,#2988,#2091,.T.);
#5753=EDGE_CURVE('',#2986,#2988,#2087,.T.);
#5766=B_SPLINE_CURVE_WITH_KNOTS('',3,(#5758,#5759,#5760,#5761,#5762,#5763,#5764,
#5765),.UNSPECIFIED.,.F.,.F.,(4,1,1,1,1,4),(0.E0,1.923135146080E-2,
3.356705651409E-1,6.643283613868E-1,9.807676626901E-1,1.E0),.UNSPECIFIED.);
#5770=EDGE_CURVE('',#3242,#2989,#2095,.T.);
#5774=EDGE_CURVE('',#2989,#2988,#2163,.T.);
#5784=EDGE_CURVE('',#3244,#2991,#2103,.T.);
#5788=EDGE_CURVE('',#2991,#2989,#2156,.T.);
#5802=B_SPLINE_CURVE_WITH_KNOTS('',3,(#5793,#5794,#5795,#5796,#5797,#5798,#5799,
#5800,#5801),.UNSPECIFIED.,.F.,.F.,(4,1,1,1,1,1,4),(0.E0,1.923076764432E-2,
2.403719165665E-1,4.992285916529E-1,7.584846353396E-1,9.807692371018E-1,1.E0),
.UNSPECIFIED.);
#5806=EDGE_CURVE('',#2992,#3245,#2099,.T.);
#5810=EDGE_CURVE('',#2992,#2991,#2152,.T.);
#5821=EDGE_CURVE('',#2994,#2992,#2144,.T.);
#5823=EDGE_CURVE('',#3247,#2994,#2211,.T.);
#5835=EDGE_CURVE('',#2985,#2995,#2114,.T.);
#5837=EDGE_CURVE('',#2997,#2995,#2183,.T.);
#5839=EDGE_CURVE('',#2997,#2998,#2121,.T.);
#5841=EDGE_CURVE('',#2998,#3000,#2125,.T.);
#5843=EDGE_CURVE('',#3000,#3001,#2133,.T.);
#5845=EDGE_CURVE('',#3003,#3001,#2207,.T.);
#5847=EDGE_CURVE('',#3003,#2994,#2140,.T.);
#5866=B_SPLINE_CURVE_WITH_KNOTS('',3,(#5858,#5859,#5860,#5861,#5862,#5863,#5864,
#5865),.UNSPECIFIED.,.F.,.F.,(4,1,1,1,1,4),(0.E0,1.923078167228E-2,
3.356862934660E-1,6.643121090982E-1,9.807677107641E-1,1.E0),.UNSPECIFIED.);
#5870=EDGE_CURVE('',#3256,#2995,#2175,.T.);
#5885=EDGE_CURVE('',#2997,#3254,#2187,.T.);
#5899=B_SPLINE_CURVE_WITH_KNOTS('',3,(#5891,#5892,#5893,#5894,#5895,#5896,#5897,
#5898),.UNSPECIFIED.,.F.,.F.,(4,1,1,1,1,4),(0.E0,1.923153019825E-2,
3.356870296031E-1,6.643128503679E-1,9.807684694424E-1,1.E0),.UNSPECIFIED.);
#5905=EDGE_CURVE('',#3253,#2998,#2191,.T.);
#5918=EDGE_CURVE('',#3000,#3251,#2195,.T.);
#5933=B_SPLINE_CURVE_WITH_KNOTS('',3,(#5924,#5925,#5926,#5927,#5928,#5929,#5930,
#5931,#5932),.UNSPECIFIED.,.F.,.F.,(4,1,1,1,1,1,4),(0.E0,1.812992885879E-1,
2.911609910319E-1,4.010001751672E-1,6.108848894153E-1,8.196571385456E-1,1.E0),
.UNSPECIFIED.);
#5939=EDGE_CURVE('',#3250,#3001,#2199,.T.);
#5952=EDGE_CURVE('',#3248,#3003,#2203,.T.);
#5966=B_SPLINE_CURVE_WITH_KNOTS('',3,(#5958,#5959,#5960,#5961,#5962,#5963,#5964,
#5965),.UNSPECIFIED.,.F.,.F.,(4,1,1,1,1,4),(0.E0,1.923081847441E-2,
3.356435091296E-1,6.642737556837E-1,9.806864769921E-1,1.E0),.UNSPECIFIED.);
#5982=EDGE_CURVE('',#3260,#3007,#2223,.T.);
#5985=EDGE_CURVE('',#3006,#3259,#2325,.T.);
#5987=EDGE_CURVE('',#3006,#3007,#2215,.T.);
#6002=B_SPLINE_CURVE_WITH_KNOTS('',3,(#5992,#5993,#5994,#5995,#5996,#5997,#5998,
#5999,#6000,#6001),.UNSPECIFIED.,.F.,.F.,(4,1,1,1,1,1,1,4),(0.E0,
2.014170547911E-1,3.909440938674E-1,5.952554197521E-1,6.910920219442E-1,
7.392741861050E-1,7.874914620440E-1,1.E0),.UNSPECIFIED.);
#6006=EDGE_CURVE('',#3008,#3261,#2219,.T.);
#6010=EDGE_CURVE('',#3008,#3007,#2317,.T.);
#6020=EDGE_CURVE('',#3263,#3010,#2231,.T.);
#6024=EDGE_CURVE('',#3008,#3010,#2227,.T.);
#6037=B_SPLINE_CURVE_WITH_KNOTS('',3,(#6029,#6030,#6031,#6032,#6033,#6034,#6035,
#6036),.UNSPECIFIED.,.F.,.F.,(4,1,1,1,1,4),(0.E0,1.923076922110E-2,
3.367245898418E-1,6.652625232161E-1,9.807686422008E-1,1.E0),.UNSPECIFIED.);
#6042=EDGE_CURVE('',#3011,#3010,#2308,.T.);
#6044=EDGE_CURVE('',#3011,#3264,#2235,.T.);
#6056=EDGE_CURVE('',#3006,#3012,#2244,.T.);
#6058=EDGE_CURVE('',#3014,#3012,#2333,.T.);
#6060=EDGE_CURVE('',#3014,#3015,#2256,.T.);
#6062=EDGE_CURVE('',#3017,#3015,#2345,.T.);
#6064=EDGE_CURVE('',#3017,#3018,#2265,.T.);
#6066=EDGE_CURVE('',#3020,#3018,#2357,.T.);
#6068=EDGE_CURVE('',#3020,#3021,#2274,.T.);
#6070=EDGE_CURVE('',#3023,#3021,#2369,.T.);
#6072=EDGE_CURVE('',#3023,#3024,#2281,.T.);
#6074=EDGE_CURVE('',#3024,#3026,#2285,.T.);
#6076=EDGE_CURVE('',#3026,#3027,#2293,.T.);
#6078=EDGE_CURVE('',#3029,#3027,#2385,.T.);
#6080=EDGE_CURVE('',#3029,#3030,#2301,.T.);
#6082=EDGE_CURVE('',#3011,#3030,#2393,.T.);
#6100=B_SPLINE_CURVE_WITH_KNOTS('',3,(#6090,#6091,#6092,#6093,#6094,#6095,#6096,
#6097,#6098,#6099),.UNSPECIFIED.,.F.,.F.,(4,1,1,1,1,1,1,4),(0.E0,
2.081732950636E-1,2.558770143964E-1,3.035459494044E-1,3.983611575723E-1,
6.003894439417E-1,7.877032158725E-1,1.E0),.UNSPECIFIED.);
#6104=EDGE_CURVE('',#3284,#3012,#2321,.T.);
#6119=EDGE_CURVE('',#3282,#3014,#2329,.T.);
#6138=B_SPLINE_CURVE_WITH_KNOTS('',3,(#6125,#6126,#6127,#6128,#6129,#6130,#6131,
#6132,#6133,#6134,#6135,#6136,#6137),.UNSPECIFIED.,.F.,.F.,(4,1,1,1,1,1,1,1,1,1,
4),(0.E0,9.125991167955E-2,2.281032955260E-1,3.600532031773E-1,
4.334960955454E-1,5.062935943889E-1,5.769735362665E-1,6.482789899731E-1,
7.752061303195E-1,9.094284688843E-1,1.E0),.UNSPECIFIED.);
#6144=EDGE_CURVE('',#3281,#3015,#2337,.T.);
#6157=EDGE_CURVE('',#3279,#3017,#2341,.T.);
#6173=B_SPLINE_CURVE_WITH_KNOTS('',3,(#6163,#6164,#6165,#6166,#6167,#6168,#6169,
#6170,#6171,#6172),.UNSPECIFIED.,.F.,.F.,(4,1,1,1,1,1,1,4),(0.E0,
2.014169756961E-1,3.909440327350E-1,5.952553796931E-1,6.910919914300E-1,
7.392741603855E-1,7.874914329303E-1,1.E0),.UNSPECIFIED.);
#6179=EDGE_CURVE('',#3278,#3018,#2349,.T.);
#6192=EDGE_CURVE('',#3276,#3020,#2353,.T.);
#6208=B_SPLINE_CURVE_WITH_KNOTS('',3,(#6198,#6199,#6200,#6201,#6202,#6203,#6204,
#6205,#6206,#6207),.UNSPECIFIED.,.F.,.F.,(4,1,1,1,1,1,1,4),(0.E0,
2.081733006867E-1,2.558770164127E-1,3.035459515967E-1,3.983611601368E-1,
6.003894472539E-1,7.877032142307E-1,1.E0),.UNSPECIFIED.);
#6214=EDGE_CURVE('',#3275,#3021,#2361,.T.);
#6227=EDGE_CURVE('',#3273,#3023,#2365,.T.);
#6241=B_SPLINE_CURVE_WITH_KNOTS('',3,(#6233,#6234,#6235,#6236,#6237,#6238,#6239,
#6240),.UNSPECIFIED.,.F.,.F.,(4,1,1,1,1,4),(0.E0,1.923082934530E-2,
3.360956170933E-1,6.650357544893E-1,9.807692305064E-1,1.E0),.UNSPECIFIED.);
#6247=EDGE_CURVE('',#3272,#3024,#2373,.T.);
#6258=EDGE_CURVE('',#3026,#3270,#2377,.T.);
#6275=B_SPLINE_CURVE_WITH_KNOTS('',3,(#6266,#6267,#6268,#6269,#6270,#6271,#6272,
#6273,#6274),.UNSPECIFIED.,.F.,.F.,(4,1,1,1,1,1,4),(0.E0,1.923077531115E-2,
3.385467947357E-1,6.608535019797E-1,8.208055155690E-1,9.807692113826E-1,1.E0),
.UNSPECIFIED.);
#6281=EDGE_CURVE('',#3269,#3027,#2381,.T.);
#6294=EDGE_CURVE('',#3029,#3267,#2389,.T.);
#6309=B_SPLINE_CURVE_WITH_KNOTS('',3,(#6300,#6301,#6302,#6303,#6304,#6305,#6306,
#6307,#6308),.UNSPECIFIED.,.F.,.F.,(4,1,1,1,1,1,4),(0.E0,2.197382402330E-1,
3.128629762965E-1,4.059728215094E-1,5.943617349224E-1,7.815470557588E-1,1.E0),
.UNSPECIFIED.);
#6315=EDGE_CURVE('',#3030,#3266,#2397,.T.);
#6338=EDGE_CURVE('',#3288,#3034,#2405,.T.);
#6341=EDGE_CURVE('',#3033,#3287,#2602,.T.);
#6343=EDGE_CURVE('',#3033,#3034,#2401,.T.);
#6358=B_SPLINE_CURVE_WITH_KNOTS('',3,(#6348,#6349,#6350,#6351,#6352,#6353,#6354,
#6355,#6356,#6357),.UNSPECIFIED.,.F.,.F.,(4,1,1,1,1,1,1,4),(0.E0,
2.014154008315E-1,3.909604844551E-1,5.952736699977E-1,6.911033129712E-1,
7.392820121588E-1,7.874958110469E-1,1.E0),.UNSPECIFIED.);
#6362=EDGE_CURVE('',#3289,#3035,#2409,.T.);
#6366=EDGE_CURVE('',#3035,#3034,#2598,.T.);
#6376=EDGE_CURVE('',#3291,#3037,#2417,.T.);
#6380=EDGE_CURVE('',#3035,#3037,#2413,.T.);
#6395=B_SPLINE_CURVE_WITH_KNOTS('',3,(#6385,#6386,#6387,#6388,#6389,#6390,#6391,
#6392,#6393,#6394),.UNSPECIFIED.,.F.,.F.,(4,1,1,1,1,1,1,4),(0.E0,
2.081768021001E-1,2.558799733020E-1,3.035483702500E-1,3.983625087730E-1,
6.003882061174E-1,7.876994137228E-1,1.E0),.UNSPECIFIED.);
#6399=EDGE_CURVE('',#3292,#3038,#2421,.T.);
#6403=EDGE_CURVE('',#3038,#3037,#2589,.T.);
#6413=EDGE_CURVE('',#3294,#3040,#2429,.T.);
#6417=EDGE_CURVE('',#3038,#3040,#2425,.T.);
#6432=B_SPLINE_CURVE_WITH_KNOTS('',3,(#6422,#6423,#6424,#6425,#6426,#6427,#6428,
#6429,#6430,#6431),.UNSPECIFIED.,.F.,.F.,(4,1,1,1,1,1,1,4),(0.E0,
2.014163959595E-1,3.909354538659E-1,5.952469277675E-1,6.910874601575E-1,
7.392715837720E-1,7.874908077523E-1,1.E0),.UNSPECIFIED.);
#6436=EDGE_CURVE('',#3295,#3041,#2433,.T.);
#6440=EDGE_CURVE('',#3041,#3040,#2580,.T.);
#6450=EDGE_CURVE('',#3297,#3043,#2441,.T.);
#6454=EDGE_CURVE('',#3041,#3043,#2437,.T.);
#6471=B_SPLINE_CURVE_WITH_KNOTS('',3,(#6459,#6460,#6461,#6462,#6463,#6464,#6465,
#6466,#6467,#6468,#6469,#6470),.UNSPECIFIED.,.F.,.F.,(4,1,1,1,1,1,1,1,1,4),
(0.E0,1.572351493794E-1,2.999063575779E-1,4.305502853872E-1,4.650180569568E-1,
4.994852771426E-1,5.684765380901E-1,7.103291656481E-1,8.553543538211E-1,1.E0),
.UNSPECIFIED.);
#6475=EDGE_CURVE('',#3298,#3044,#2445,.T.);
#6479=EDGE_CURVE('',#3044,#3043,#2571,.T.);
#6489=EDGE_CURVE('',#3300,#3046,#2449,.T.);
#6493=EDGE_CURVE('',#3046,#3044,#2560,.T.);
#6508=B_SPLINE_CURVE_WITH_KNOTS('',3,(#6498,#6499,#6500,#6501,#6502,#6503,#6504,
#6505,#6506,#6507),.UNSPECIFIED.,.F.,.F.,(4,1,1,1,1,1,1,4),(0.E0,
1.886741702059E-1,2.397247025565E-1,2.907358511876E-1,3.924082600264E-1,
6.078373062564E-1,8.094525783230E-1,1.E0),.UNSPECIFIED.);
#6512=EDGE_CURVE('',#3301,#3047,#2453,.T.);
#6516=EDGE_CURVE('',#3047,#3046,#2556,.T.);
#6526=EDGE_CURVE('',#3303,#3049,#2461,.T.);
#6530=EDGE_CURVE('',#3047,#3049,#2457,.T.);
#6545=B_SPLINE_CURVE_WITH_KNOTS('',3,(#6535,#6536,#6537,#6538,#6539,#6540,#6541,
#6542,#6543,#6544),.UNSPECIFIED.,.F.,.F.,(4,1,1,1,1,1,1,4),(0.E0,
2.013460019567E-1,3.907199791496E-1,5.953765538259E-1,6.911207453308E-1,
7.392583016665E-1,7.874311690478E-1,1.E0),.UNSPECIFIED.);
#6549=EDGE_CURVE('',#3304,#3050,#2465,.T.);
#6553=EDGE_CURVE('',#3050,#3049,#2547,.T.);
#6563=EDGE_CURVE('',#3306,#3052,#2473,.T.);
#6567=EDGE_CURVE('',#3050,#3052,#2469,.T.);
#6582=B_SPLINE_CURVE_WITH_KNOTS('',3,(#6572,#6573,#6574,#6575,#6576,#6577,#6578,
#6579,#6580,#6581),.UNSPECIFIED.,.F.,.F.,(4,1,1,1,1,1,1,4),(0.E0,
2.081693012128E-1,2.558696974608E-1,3.035353118794E-1,3.983438501465E-1,
6.003750576677E-1,7.877070783321E-1,1.E0),.UNSPECIFIED.);
#6586=EDGE_CURVE('',#3307,#3053,#2477,.T.);
#6590=EDGE_CURVE('',#3053,#3052,#2538,.T.);
#6600=EDGE_CURVE('',#3309,#3055,#2485,.T.);
#6604=EDGE_CURVE('',#3053,#3055,#2481,.T.);
#6619=B_SPLINE_CURVE_WITH_KNOTS('',3,(#6609,#6610,#6611,#6612,#6613,#6614,#6615,
#6616,#6617,#6618),.UNSPECIFIED.,.F.,.F.,(4,1,1,1,1,1,1,4),(0.E0,
2.014116785020E-1,3.909508173328E-1,5.952664859277E-1,6.911011612201E-1,
7.392823734056E-1,7.874986837055E-1,1.E0),.UNSPECIFIED.);
#6623=EDGE_CURVE('',#3310,#3056,#2489,.T.);
#6627=EDGE_CURVE('',#3056,#3055,#2529,.T.);
#6637=EDGE_CURVE('',#3312,#3058,#2497,.T.);
#6641=EDGE_CURVE('',#3056,#3058,#2493,.T.);
#6657=B_SPLINE_CURVE_WITH_KNOTS('',3,(#6646,#6647,#6648,#6649,#6650,#6651,#6652,
#6653,#6654,#6655,#6656),.UNSPECIFIED.,.F.,.F.,(4,1,1,1,1,1,1,1,4),(0.E0,
1.572078050787E-1,2.981441705018E-1,4.327606540632E-1,5.001712303180E-1,
5.676163247342E-1,7.053666340429E-1,8.544535688353E-1,1.E0),.UNSPECIFIED.);
#6662=EDGE_CURVE('',#3059,#3058,#2520,.T.);
#6664=EDGE_CURVE('',#3059,#3313,#2501,.T.);
#6676=EDGE_CURVE('',#3033,#3060,#2510,.T.);
#6678=EDGE_CURVE('',#3059,#3060,#2606,.T.);
#6710=B_SPLINE_CURVE_WITH_KNOTS('',3,(#6700,#6701,#6702,#6703,#6704,#6705,#6706,
#6707,#6708,#6709),.UNSPECIFIED.,.F.,.F.,(4,1,1,1,1,1,1,4),(0.E0,
1.861090942187E-1,2.370856049759E-1,2.880210061689E-1,3.895311661485E-1,
6.032003554756E-1,8.067703168606E-1,1.E0),.UNSPECIFIED.);
#6715=EDGE_CURVE('',#3060,#3315,#2610,.T.);
#6739=EDGE_CURVE('',#3319,#3063,#2614,.T.);
#6742=EDGE_CURVE('',#3064,#3318,#2706,.T.);
#6744=EDGE_CURVE('',#3063,#3064,#2634,.T.);
#6757=B_SPLINE_CURVE_WITH_KNOTS('',3,(#6749,#6750,#6751,#6752,#6753,#6754,#6755,
#6756),.UNSPECIFIED.,.F.,.F.,(4,1,1,1,1,4),(0.E0,1.923153243436E-2,
3.356870296728E-1,6.643128511447E-1,9.807684646299E-1,1.E0),.UNSPECIFIED.);
#6761=EDGE_CURVE('',#3320,#3065,#2618,.T.);
#6765=EDGE_CURVE('',#3065,#3063,#2698,.T.);
#6775=EDGE_CURVE('',#3322,#3067,#2630,.T.);
#6779=EDGE_CURVE('',#3065,#3067,#2622,.T.);
#6792=B_SPLINE_CURVE_WITH_KNOTS('',3,(#6784,#6785,#6786,#6787,#6788,#6789,#6790,
#6791),.UNSPECIFIED.,.F.,.F.,(4,1,1,1,1,4),(0.E0,1.923079171010E-2,
3.356862850102E-1,6.643121054281E-1,9.807677040066E-1,1.E0),.UNSPECIFIED.);
#6796=EDGE_CURVE('',#3068,#3323,#2626,.T.);
#6800=EDGE_CURVE('',#3068,#3067,#2691,.T.);
#6811=EDGE_CURVE('',#3070,#3068,#2684,.T.);
#6813=EDGE_CURVE('',#3325,#3070,#2746,.T.);
#6825=EDGE_CURVE('',#3064,#3071,#2642,.T.);
#6827=EDGE_CURVE('',#3073,#3071,#2710,.T.);
#6829=EDGE_CURVE('',#3073,#3074,#2649,.T.);
#6831=EDGE_CURVE('',#3074,#3076,#2653,.T.);
#6833=EDGE_CURVE('',#3076,#3077,#2661,.T.);
#6835=EDGE_CURVE('',#3077,#3079,#2665,.T.);
#6837=EDGE_CURVE('',#3079,#3080,#2672,.T.);
#6839=EDGE_CURVE('',#3082,#3080,#2738,.T.);
#6841=EDGE_CURVE('',#3082,#3070,#2680,.T.);
#6859=B_SPLINE_CURVE_WITH_KNOTS('',3,(#6850,#6851,#6852,#6853,#6854,#6855,#6856,
#6857,#6858),.UNSPECIFIED.,.F.,.F.,(4,1,1,1,1,1,4),(0.E0,1.812992865268E-1,
2.911609914030E-1,4.010001764510E-1,6.108848911986E-1,8.196571411964E-1,1.E0),
.UNSPECIFIED.);
#6863=EDGE_CURVE('',#3337,#3071,#2702,.T.);
#6878=EDGE_CURVE('',#3073,#3335,#2714,.T.);
#6892=B_SPLINE_CURVE_WITH_KNOTS('',3,(#6884,#6885,#6886,#6887,#6888,#6889,#6890,
#6891),.UNSPECIFIED.,.F.,.F.,(4,1,1,1,1,4),(0.E0,1.923081609193E-2,
3.356538555696E-1,6.642948489933E-1,9.807179100275E-1,1.E0),.UNSPECIFIED.);
#6898=EDGE_CURVE('',#3334,#3074,#2718,.T.);
#6911=EDGE_CURVE('',#3332,#3076,#2722,.T.);
#6926=B_SPLINE_CURVE_WITH_KNOTS('',3,(#6917,#6918,#6919,#6920,#6921,#6922,#6923,
#6924,#6925),.UNSPECIFIED.,.F.,.F.,(4,1,1,1,1,1,4),(0.E0,1.923076496587E-2,
2.403719252392E-1,4.992285984618E-1,7.584846384467E-1,9.807692364648E-1,1.E0),
.UNSPECIFIED.);
#6932=EDGE_CURVE('',#3331,#3077,#2726,.T.);
#6945=EDGE_CURVE('',#3079,#3329,#2730,.T.);
#6959=B_SPLINE_CURVE_WITH_KNOTS('',3,(#6951,#6952,#6953,#6954,#6955,#6956,#6957,
#6958),.UNSPECIFIED.,.F.,.F.,(4,1,1,1,1,4),(0.E0,1.923134903970E-2,
3.356705658457E-1,6.643283620822E-1,9.807676675568E-1,1.E0),.UNSPECIFIED.);
#6965=EDGE_CURVE('',#3328,#3080,#2734,.T.);
#6978=EDGE_CURVE('',#3082,#3326,#2742,.T.);
#6993=B_SPLINE_CURVE_WITH_KNOTS('',3,(#6984,#6985,#6986,#6987,#6988,#6989,#6990,
#6991,#6992),.UNSPECIFIED.,.F.,.F.,(4,1,1,1,1,1,4),(0.E0,1.824919735135E-1,
3.990994587029E-1,6.080399688246E-1,7.128300094736E-1,8.176547779171E-1,1.E0),
.UNSPECIFIED.);
#7004=CLOSED_SHELL('',(#3365,#3404,#3418,#3456,#3469,#3482,#3495,#3508,#3521,
#3534,#3547,#3560,#3573,#3586,#3599,#3612,#3625,#3955,#3970,#4007,#4021,#4033,
#4046,#4059,#4072,#4085,#4098,#4111,#4124,#4137,#4149,#4164,#4177,#4193,#4207,
#4219,#4234,#4271,#4285,#4298,#4311,#4323,#4336,#4349,#4362,#4375,#4388,#4401,
#4413,#4428,#4441,#4457,#4471,#4483,#4498,#4521,#4535,#4561,#4575,#4598,#4612,
#4635,#4649,#4670,#4712,#4735,#4748,#4768,#4781,#4794,#4807,#4829,#4842,#4865,
#4878,#4891,#4903,#4918,#4941,#4955,#4978,#4992,#5015,#5029,#5055,#5069,#5092,
#5130,#5152,#5165,#5190,#5203,#5225,#5238,#5260,#5273,#5295,#5307,#5322,#5344,
#5358,#5379,#5393,#5416,#5430,#5473,#5494,#5507,#5527,#5540,#5560,#5573,#5594,
#5607,#5620,#5633,#5654,#5683,#5696,#5706,#5721,#5743,#5757,#5778,#5792,#5814,
#5828,#5857,#5877,#5890,#5910,#5923,#5944,#5957,#5976,#5991,#6014,#6028,#6049,
#6089,#6111,#6124,#6149,#6162,#6184,#6197,#6219,#6232,#6252,#6265,#6286,#6299,
#6320,#6332,#6347,#6370,#6384,#6407,#6421,#6444,#6458,#6483,#6497,#6520,#6534,
#6557,#6571,#6594,#6608,#6631,#6645,#6669,#6699,#6721,#6733,#6748,#6769,#6783,
#6804,#6818,#6849,#6870,#6883,#6903,#6916,#6937,#6950,#6970,#6983,#7003));
#7005=MANIFOLD_SOLID_BREP('',#7004);
#7006=(LENGTH_UNIT()NAMED_UNIT(*)SI_UNIT(.MILLI.,.METRE.));
#7008=(NAMED_UNIT(*)PLANE_ANGLE_UNIT()SI_UNIT($,.RADIAN.));
#7011=(NAMED_UNIT(*)SI_UNIT($,.STERADIAN.)SOLID_ANGLE_UNIT());
#7014=ADVANCED_BREP_SHAPE_REPRESENTATION('',(#7005),#7013);
#7021=PRODUCT_DEFINITION('design','',#7020,#7017);
#7022=PRODUCT_DEFINITION_SHAPE('','SHAPE FOR NODE_--11112500.',#7021);
#7023=SHAPE_DEFINITION_REPRESENTATION(#7022,#7014);
ENDSEC;
END-ISO-10303-21;
