ISO-10303-21;
HEADER;
FILE_DESCRIPTION((''),'2;1');
FILE_NAME('NODE--111125000_ASM','2025-11-11T15:57:40',('Admin'),(''),
'CREO PARAMETRIC BY PTC INC, 2024063','CREO PARAMETRIC BY PTC INC, 2024063','');
FILE_SCHEMA(('CONFIG_CONTROL_DESIGN'));
ENDSEC;
DATA;
#1=DIRECTION('',(-1.E0,-1.504052996970E-13,1.558945442115E-13));
#2=VECTOR('',#1,6.472135954999E0);
#3=CARTESIAN_POINT('',(5.989068414904E1,4.176139977078E1,1.832542149430E1));
#4=LINE('',#3,#2);
#5=DIRECTION('',(-9.510565162952E-1,1.978519867751E-2,-3.083829579043E-1));
#6=VECTOR('',#5,3.559674775250E1);
#7=CARTESIAN_POINT('',(5.341854819404E1,4.176139977078E1,1.832542149430E1));
#8=LINE('',#7,#6);
#9=DIRECTION('',(1.E0,-2.700708301128E-13,-1.749696688993E-13));
#10=VECTOR('',#9,6.472135955001E0);
#11=CARTESIAN_POINT('',(1.956402928511E1,4.246568849733E1,7.347991130609E0));
#12=LINE('',#11,#10);
#13=DIRECTION('',(9.510565162952E-1,-1.978519867744E-2,3.083829579043E-1));
#14=VECTOR('',#13,3.559674775250E1);
#15=CARTESIAN_POINT('',(2.603616524011E1,4.246568849733E1,7.347991130608E0));
#16=LINE('',#15,#14);
#17=DIRECTION('',(-1.E0,-3.595787878626E-14,0.E0));
#18=VECTOR('',#17,5.631719292880E1);
#19=CARTESIAN_POINT('',(7.804605121294E1,4.375729620054E1,1.845347399004E1));
#20=LINE('',#19,#18);
#21=DIRECTION('',(4.611422355082E-13,-9.979482148808E-1,-6.402624786905E-2));
#22=VECTOR('',#21,1.5E1);
#23=CARTESIAN_POINT('',(2.172885828414E1,4.375729620054E1,1.845347399004E1));
#24=LINE('',#23,#22);
#25=DIRECTION('',(0.E0,-9.979482148808E-1,-6.402624786913E-2));
#26=VECTOR('',#25,1.299999143484E1);
#27=CARTESIAN_POINT('',(3.144777662519E1,4.176139977077E1,1.832542149430E1));
#28=LINE('',#27,#26);
#29=DIRECTION('',(0.E0,9.979482148808E-1,6.402624786895E-2));
#30=VECTOR('',#29,1.299998286969E1);
#31=CARTESIAN_POINT('',(3.144777662519E1,2.866003757676E1,1.948897779855E1));
#32=LINE('',#31,#30);
#33=DIRECTION('',(0.E0,6.402624786699E-2,-9.979482148809E-1));
#34=VECTOR('',#33,1.999999999997E0);
#35=CARTESIAN_POINT('',(3.144777662519E1,4.163334727504E1,2.032131792406E1));
#36=LINE('',#35,#34);
#37=DIRECTION('',(9.510565162951E-1,-1.978479231615E-2,3.083829839756E-1));
#38=VECTOR('',#37,4.206888370750E1);
#39=CARTESIAN_POINT('',(1.956402928511E1,2.949236170388E1,6.515649908312E0));
#40=LINE('',#39,#38);
#41=DIRECTION('',(-1.E0,0.E0,0.E0));
#42=VECTOR('',#41,2.812613864320E1);
#43=CARTESIAN_POINT('',(5.957391526839E1,2.866003757676E1,1.948897779855E1));
#44=LINE('',#43,#42);
#45=DIRECTION('',(0.E0,6.402197407538E-2,-9.979484890692E-1));
#46=VECTOR('',#45,2.000000000018E0);
#47=CARTESIAN_POINT('',(3.144777662519E1,2.866003757676E1,1.948897779855E1));
#48=LINE('',#47,#46);
#49=DIRECTION('',(-9.999999999996E-1,-8.794792154460E-7,-5.642556685234E-8));
#50=VECTOR('',#49,9.718918341044E0);
#51=CARTESIAN_POINT('',(3.144777662519E1,2.878808152491E1,1.749308082040E1));
#52=LINE('',#51,#50);
#53=DIRECTION('',(-9.612616959383E-1,1.764802566552E-2,-2.750718071921E-1));
#54=VECTOR('',#53,4.716341862105E1);
#55=CARTESIAN_POINT('',(2.172885828415E1,2.878807297732E1,1.749308027200E1));
#56=LINE('',#55,#54);
#57=DIRECTION('',(1.E0,5.518548581074E-14,-1.396808594716E-13));
#58=VECTOR('',#57,1.499999999999E1);
#59=CARTESIAN_POINT('',(-2.360752948577E1,2.962041419962E1,4.519753478553E0));
#60=LINE('',#59,#58);
#61=DIRECTION('',(7.071067811865E-1,-4.527339404236E-2,7.056559500152E-1));
#62=VECTOR('',#61,2.828427124746E0);
#63=CARTESIAN_POINT('',(-8.607529485784E0,2.962041419962E1,4.519753478551E0));
#64=LINE('',#63,#62);
#65=DIRECTION('',(1.E0,-2.375574566393E-14,0.E0));
#66=VECTOR('',#65,2.617155877090E1);
#67=CARTESIAN_POINT('',(-6.607529485784E0,2.949236170388E1,6.515649908312E0));
#68=LINE('',#67,#66);
#69=DIRECTION('',(-2.905026646588E-13,9.979482148808E-1,6.402624786897E-2));
#70=VECTOR('',#69,1.3E1);
#71=CARTESIAN_POINT('',(1.956402928511E1,2.949236170388E1,6.515649908312E0));
#72=LINE('',#71,#70);
#73=DIRECTION('',(1.E0,4.347850782989E-14,0.E0));
#74=VECTOR('',#73,8.465358069872E1);
#75=CARTESIAN_POINT('',(-6.607529485784E0,4.446158492709E1,7.476043626347E0));
#76=LINE('',#75,#74);
#77=DIRECTION('',(0.E0,-9.979482148808E-1,-6.402624786899E-2));
#78=VECTOR('',#77,1.5E1);
#79=CARTESIAN_POINT('',(7.804605121294E1,4.446158492709E1,7.476043626347E0));
#80=LINE('',#79,#78);
#81=DIRECTION('',(-1.475744549653E-13,9.979482148808E-1,6.402624786890E-2));
#82=VECTOR('',#81,1.299998286969E1);
#83=CARTESIAN_POINT('',(6.604605122339E1,2.866003757675E1,1.948897779855E1));
#84=LINE('',#83,#82);
#85=DIRECTION('',(-1.295374064424E-13,-9.979482148808E-1,-6.402624786897E-2));
#86=VECTOR('',#85,1.3E1);
#87=CARTESIAN_POINT('',(2.603616524011E1,4.246568849733E1,7.347991130608E0));
#88=LINE('',#87,#86);
#89=DIRECTION('',(-9.999999999908E-1,4.273793369956E-6,2.741978445277E-7));
#90=VECTOR('',#89,1.999999989568E0);
#91=CARTESIAN_POINT('',(7.804605121294E1,2.878807297732E1,1.749308027200E1));
#92=LINE('',#91,#90);
#93=DIRECTION('',(-1.E0,-1.989519660128E-14,-2.273736754432E-13));
#94=VECTOR('',#93,1.E1);
#95=CARTESIAN_POINT('',(7.604605122339E1,2.866003757675E1,1.948897779856E1));
#96=LINE('',#95,#94);
#97=DIRECTION('',(-9.510565162951E-1,1.978479231615E-2,-3.083829839756E-1));
#98=VECTOR('',#97,4.206888370750E1);
#99=CARTESIAN_POINT('',(6.604605122339E1,2.866003757675E1,1.948897779855E1));
#100=LINE('',#99,#98);
#101=DIRECTION('',(1.E0,0.E0,1.617202090955E-14));
#102=VECTOR('',#101,5.200988597283E1);
#103=CARTESIAN_POINT('',(2.603616524011E1,2.949236170388E1,6.515649908311E0));
#104=LINE('',#103,#102);
#105=DIRECTION('',(0.E0,-6.402624786900E-2,9.979482148808E-1));
#106=VECTOR('',#105,1.1E1);
#107=CARTESIAN_POINT('',(7.804605121294E1,2.949236170388E1,6.515649908312E0));
#108=LINE('',#107,#106);
#109=DIRECTION('',(0.E0,9.979482148808E-1,6.402624786895E-2));
#110=VECTOR('',#109,1.299999143484E1);
#111=CARTESIAN_POINT('',(7.604605122339E1,2.878808152491E1,1.749308082040E1));
#112=LINE('',#111,#110);
#113=DIRECTION('',(0.E0,-9.979482148808E-1,-6.402624786890E-2));
#114=VECTOR('',#113,1.299998286968E1);
#115=CARTESIAN_POINT('',(7.604605122339E1,4.163334727504E1,2.032131792406E1));
#116=LINE('',#115,#114);
#117=DIRECTION('',(0.E0,6.402197407565E-2,-9.979484890692E-1));
#118=VECTOR('',#117,2.000000000018E0);
#119=CARTESIAN_POINT('',(7.604605122339E1,2.866003757675E1,1.948897779856E1));
#120=LINE('',#119,#118);
#121=DIRECTION('',(9.510565162951E-1,-1.978519867738E-2,3.083829579044E-1));
#122=VECTOR('',#121,6.472135954995E0);
#123=CARTESIAN_POINT('',(5.989068414904E1,4.176139977078E1,1.832542149430E1));
#124=LINE('',#123,#122);
#125=DIRECTION('',(1.E0,-4.071409875904E-13,2.074784788419E-13));
#126=VECTOR('',#125,1.E1);
#127=CARTESIAN_POINT('',(6.604605122339E1,4.163334727504E1,2.032131792406E1));
#128=LINE('',#127,#126);
#129=DIRECTION('',(0.E0,6.402624786840E-2,-9.979482148809E-1));
#130=VECTOR('',#129,1.999999999999E0);
#131=CARTESIAN_POINT('',(7.604605122339E1,4.163334727504E1,2.032131792406E1));
#132=LINE('',#131,#130);
#133=DIRECTION('',(-1.E0,2.449788370620E-13,-1.251283288046E-13));
#134=VECTOR('',#133,1.615536707435E1);
#135=CARTESIAN_POINT('',(7.604605122339E1,4.176139977077E1,1.832542149430E1));
#136=LINE('',#135,#134);
#137=DIRECTION('',(-2.366656999999E-13,9.979482148808E-1,6.402624786892E-2));
#138=VECTOR('',#137,1.299998286969E1);
#139=CARTESIAN_POINT('',(5.957391526839E1,2.866003757676E1,1.948897779855E1));
#140=LINE('',#139,#138);
#141=CARTESIAN_POINT('',(-6.064044488981E0,4.092769132504E1,2.027604453002E1));
#142=CARTESIAN_POINT('',(-6.064044488985E0,4.116290997509E1,2.029113566137E1));
#143=CARTESIAN_POINT('',(-6.207279610609E0,4.149040604124E1,2.031214711667E1));
#144=CARTESIAN_POINT('',(-6.535449009907E0,4.163334727507E1,2.032131792407E1));
#145=CARTESIAN_POINT('',(-6.771151270347E0,4.163334727503E1,2.032131792406E1));
#147=CARTESIAN_POINT('',(-7.724684386137E1,4.163334727504E1,2.032131792406E1));
#148=CARTESIAN_POINT('',(-7.748254612173E1,4.163334727505E1,2.032131792406E1));
#149=CARTESIAN_POINT('',(-7.781071552095E1,4.149040604123E1,2.031214711667E1));
#150=CARTESIAN_POINT('',(-7.795395064256E1,4.116290997516E1,2.029113566138E1));
#151=CARTESIAN_POINT('',(-7.795395064260E1,4.092769132519E1,2.027604453003E1));
#153=CARTESIAN_POINT('',(-7.795395064259E1,3.036371119790E1,1.959828189663E1));
#154=CARTESIAN_POINT('',(-7.795395064259E1,3.012849254554E1,1.958319076513E1));
#155=CARTESIAN_POINT('',(-7.781071551928E1,2.980099647785E1,1.956217930974E1));
#156=CARTESIAN_POINT('',(-7.748254611705E1,2.965805524554E1,1.955300850244E1));
#157=CARTESIAN_POINT('',(-7.724684385429E1,2.965805524791E1,1.955300850259E1));
#159=CARTESIAN_POINT('',(-6.771151263032E0,2.965805595930E1,1.955300854823E1));
#160=CARTESIAN_POINT('',(-6.535449005011E0,2.965805596167E1,1.955300854839E1));
#161=CARTESIAN_POINT('',(-6.207279608802E0,2.980099719712E1,1.956217935588E1));
#162=CARTESIAN_POINT('',(-6.064044488980E0,3.012849326170E1,1.958319081108E1));
#163=CARTESIAN_POINT('',(-6.064044488984E0,3.036371190933E1,1.959828194228E1));
#165=DIRECTION('',(1.410664178063E-12,-9.979482148808E-1,-6.402624786887E-2));
#166=VECTOR('',#165,1.5E1);
#167=CARTESIAN_POINT('',(-4.537526115705E1,4.458963742283E1,5.480147196586E0));
#168=LINE('',#167,#166);
#169=DIRECTION('',(-4.895047330441E-13,9.979482148808E-1,6.402624786908E-2));
#170=VECTOR('',#169,1.5E1);
#171=CARTESIAN_POINT('',(6.935955500570E0,2.866002048159E1,1.948897670176E1));
#172=LINE('',#171,#170);
#173=DIRECTION('',(9.612616959383E-1,-1.764802566545E-2,2.750718071921E-1));
#174=VECTOR('',#173,5.441932917815E1);
#175=CARTESIAN_POINT('',(-4.537526115705E1,4.458963742283E1,5.480147196586E0));
#176=LINE('',#175,#174);
#177=DIRECTION('',(-1.E0,0.E0,1.402442292519E-14));
#178=VECTOR('',#177,8.688990615360E1);
#179=CARTESIAN_POINT('',(6.935955500563E0,4.362924370480E1,2.044937041980E1));
#180=LINE('',#179,#178);
#181=DIRECTION('',(1.E0,-2.774057395632E-14,2.992385986955E-14));
#182=VECTOR('',#181,3.457868949599E1);
#183=CARTESIAN_POINT('',(-7.995395065304E1,4.458963742283E1,5.480147196585E0));
#184=LINE('',#183,#182);
#185=DIRECTION('',(0.E0,6.402624786907E-2,-9.979482148808E-1));
#186=VECTOR('',#185,1.5E1);
#187=CARTESIAN_POINT('',(-7.995395065304E1,2.566617583694E1,1.929689795816E1));
#188=LINE('',#187,#186);
#189=DIRECTION('',(0.E0,9.979482148808E-1,6.402624786898E-2));
#190=VECTOR('',#189,1.8E1);
#191=CARTESIAN_POINT('',(-7.995395065304E1,2.662656955498E1,4.327674734944E0));
#192=LINE('',#191,#190);
#193=DIRECTION('',(0.E0,-6.402624786883E-2,9.979482148808E-1));
#194=VECTOR('',#193,1.5E1);
#195=CARTESIAN_POINT('',(-7.995395065304E1,4.458963742283E1,5.480147196585E0));
#196=LINE('',#195,#194);
#197=DIRECTION('',(0.E0,-9.979482148808E-1,-6.402624786896E-2));
#198=VECTOR('',#197,1.8E1);
#199=CARTESIAN_POINT('',(-7.995395065304E1,4.362924370480E1,2.044937041980E1));
#200=LINE('',#199,#198);
#201=DIRECTION('',(-9.999999991779E-1,-4.046508119588E-5,-2.596154088689E-6));
#202=VECTOR('',#201,2.000003976994E0);
#203=CARTESIAN_POINT('',(-7.795394667769E1,2.662665048530E1,4.327679927262E0));
#204=LINE('',#203,#202);
#205=DIRECTION('',(9.999999991779E-1,4.046508070687E-5,2.596154175838E-6));
#206=VECTOR('',#205,2.000004055597E0);
#207=CARTESIAN_POINT('',(-7.995395065304E1,2.566617583694E1,1.929689795816E1));
#208=LINE('',#207,#206);
#209=DIRECTION('',(9.999999999999E-1,-5.239047997254E-7,4.652931940596E-8));
#210=VECTOR('',#209,1.56E2);
#211=CARTESIAN_POINT('',(-7.795394616345E1,2.648522558823E1,6.532005938467E0));
#212=LINE('',#211,#210);
#213=DIRECTION('',(-9.999999999999E-1,5.187841440339E-7,3.328409390812E-8));
#214=VECTOR('',#213,1.559999928496E2);
#215=CARTESIAN_POINT('',(7.804604617193E1,2.662656955498E1,4.327674734944E0));
#216=LINE('',#215,#214);
#217=DIRECTION('',(2.328076157643E-7,-6.402624786845E-2,9.979482148808E-1));
#218=VECTOR('',#217,2.208858113412E0);
#219=CARTESIAN_POINT('',(-7.795394667769E1,2.662665048530E1,4.327679927262E0));
#220=LINE('',#219,#218);
#221=DIRECTION('',(-5.615190632359E-8,-6.402624786893E-2,9.979482148808E-1));
#222=VECTOR('',#221,7.791136619261E0);
#223=CARTESIAN_POINT('',(-7.795394616345E1,2.648522558823E1,6.532005938467E0));
#224=LINE('',#223,#222);
#225=DIRECTION('',(-1.039715986287E-6,-9.979482163772E-1,-6.402622453659E-2));
#226=VECTOR('',#225,2.999918910815E0);
#227=CARTESIAN_POINT('',(-7.795394660094E1,2.598638834386E1,1.430715681955E1));
#228=LINE('',#227,#226);
#229=DIRECTION('',(6.670358526572E-8,6.402624786873E-2,-9.979482148808E-1));
#230=VECTOR('',#229,7.791134839240E0);
#231=CARTESIAN_POINT('',(-7.795394972E1,2.299262461754E1,1.411508333778E1));
#232=LINE('',#231,#230);
#233=DIRECTION('',(1.012312094411E-6,9.979482543675E-1,6.402563239758E-2));
#234=VECTOR('',#233,2.999918910817E0);
#235=CARTESIAN_POINT('',(-7.795394920031E1,2.349146174793E1,6.339934233061E0));
#236=LINE('',#235,#234);
#237=DIRECTION('',(9.999999999999E-1,-5.225167652631E-7,2.489465222001E-8));
#238=VECTOR('',#237,1.56E2);
#239=CARTESIAN_POINT('',(-7.795394660094E1,2.598638834386E1,1.430715681955E1));
#240=LINE('',#239,#238);
#241=DIRECTION('',(3.703629054229E-10,-6.402624786913E-2,9.979482148808E-1));
#242=VECTOR('',#241,5.000005267330E0);
#243=CARTESIAN_POINT('',(-7.795394660094E1,2.598638834386E1,1.430715681955E1));
#244=LINE('',#243,#242);
#245=DIRECTION('',(9.999999999999E-1,-5.187841442135E-7,-3.328409092281E-8));
#246=VECTOR('',#245,1.560000024652E2);
#247=CARTESIAN_POINT('',(-7.795394659909E1,2.566625676727E1,1.929690315048E1));
#248=LINE('',#247,#246);
#249=DIRECTION('',(-1.E0,8.313329054595E-13,2.575710925035E-14));
#250=VECTOR('',#249,2.000005041013E0);
#251=CARTESIAN_POINT('',(8.004605121294E1,2.662656955498E1,4.327674734944E0));
#252=LINE('',#251,#250);
#253=DIRECTION('',(3.469904747352E-6,-6.402624786945E-2,9.979482148748E-1));
#254=VECTOR('',#253,2.208870589917E0);
#255=CARTESIAN_POINT('',(7.804604617193E1,2.662656955498E1,4.327674734944E0));
#256=LINE('',#255,#254);
#257=DIRECTION('',(4.934214470222E-7,-6.402624786951E-2,9.979482148807E-1));
#258=VECTOR('',#257,4.999996172787E0);
#259=CARTESIAN_POINT('',(7.804605339901E1,2.598630683125E1,1.430716070312E1));
#260=LINE('',#259,#258);
#261=DIRECTION('',(1.E0,1.492143216698E-13,-4.671829357044E-13));
#262=VECTOR('',#261,1.999995346825E0);
#263=CARTESIAN_POINT('',(7.804605586612E1,2.566617583694E1,1.929689795816E1));
#264=LINE('',#263,#262);
#265=DIRECTION('',(0.E0,-9.979482148808E-1,-6.402624786897E-2));
#266=VECTOR('',#265,1.8E1);
#267=CARTESIAN_POINT('',(8.004605121294E1,4.458963742283E1,5.480147196585E0));
#268=LINE('',#267,#266);
#269=DIRECTION('',(0.E0,-6.402624786913E-2,9.979482148808E-1));
#270=VECTOR('',#269,1.5E1);
#271=CARTESIAN_POINT('',(8.004605121294E1,2.662656955498E1,4.327674734944E0));
#272=LINE('',#271,#270);
#273=DIRECTION('',(0.E0,9.979482148808E-1,6.402624786895E-2));
#274=VECTOR('',#273,1.8E1);
#275=CARTESIAN_POINT('',(8.004605121294E1,2.566617583694E1,1.929689795816E1));
#276=LINE('',#275,#274);
#277=DIRECTION('',(-7.071067811866E-1,4.527339404253E-2,-7.056559500152E-1));
#278=VECTOR('',#277,2.828427124747E0);
#279=CARTESIAN_POINT('',(-6.607529485784E0,4.446158492709E1,7.476043626347E0));
#280=LINE('',#279,#278);
#281=DIRECTION('',(1.E0,2.837247254726E-14,0.E0));
#282=VECTOR('',#281,8.865358069872E1);
#283=CARTESIAN_POINT('',(-8.607529485784E0,4.458963742283E1,5.480147196585E0));
#284=LINE('',#283,#282);
#285=DIRECTION('',(0.E0,-6.402624786885E-2,9.979482148808E-1));
#286=VECTOR('',#285,1.5E1);
#287=CARTESIAN_POINT('',(8.004605121294E1,4.458963742283E1,5.480147196585E0));
#288=LINE('',#287,#286);
#289=DIRECTION('',(-1.E0,0.E0,-1.036743902855E-14));
#290=VECTOR('',#289,5.859827459819E1);
#291=CARTESIAN_POINT('',(8.004605121294E1,4.362924370480E1,2.044937041980E1));
#292=LINE('',#291,#290);
#293=DIRECTION('',(-9.612616959383E-1,1.764802566545E-2,-2.750718071921E-1));
#294=VECTOR('',#293,5.441932917816E1);
#295=CARTESIAN_POINT('',(2.144777661475E1,4.362924370480E1,2.044937041980E1));
#296=LINE('',#295,#294);
#297=DIRECTION('',(1.E0,-1.527646542866E-13,8.654215591395E-14));
#298=VECTOR('',#297,7.255910557074E0);
#299=CARTESIAN_POINT('',(-3.086344004287E1,4.458963742283E1,5.480147196585E0));
#300=LINE('',#299,#298);
#301=DIRECTION('',(9.612616959383E-1,-1.764802566542E-2,2.750718071921E-1));
#302=VECTOR('',#301,4.716341862107E1);
#303=CARTESIAN_POINT('',(-2.360752948579E1,4.458963742283E1,5.480147196586E0));
#304=LINE('',#303,#302);
#305=DIRECTION('',(-2.623086932848E-14,-9.979482148808E-1,-6.402624786900E-2));
#306=VECTOR('',#305,1.5E1);
#307=CARTESIAN_POINT('',(-6.607529485784E0,4.446158492709E1,7.476043626347E0));
#308=LINE('',#307,#306);
#309=DIRECTION('',(0.E0,9.979482148808E-1,6.402624786897E-2));
#310=VECTOR('',#309,1.5E1);
#311=CARTESIAN_POINT('',(-8.607529485784E0,2.962041419962E1,4.519753478551E0));
#312=LINE('',#311,#310);
#313=DIRECTION('',(1.276134753425E-12,-9.979482148808E-1,-6.402624786887E-2));
#314=VECTOR('',#313,1.5E1);
#315=CARTESIAN_POINT('',(-2.360752948579E1,4.458963742283E1,5.480147196586E0));
#316=LINE('',#315,#314);
#317=DIRECTION('',(-1.319477860307E-12,-9.979482148808E-1,-6.402624786921E-2));
#318=VECTOR('',#317,1.5E1);
#319=CARTESIAN_POINT('',(2.144777661475E1,4.362924370480E1,2.044937041980E1));
#320=LINE('',#319,#318);
#321=DIRECTION('',(3.185599931991E-13,9.979482148808E-1,6.402624786898E-2));
#322=VECTOR('',#321,1.5E1);
#323=CARTESIAN_POINT('',(-3.086344004287E1,2.962041419962E1,4.519753478550E0));
#324=LINE('',#323,#322);
#325=DIRECTION('',(1.E0,-5.704193020635E-14,-2.027069451110E-13));
#326=VECTOR('',#325,1.451182111415E1);
#327=CARTESIAN_POINT('',(-4.537526115703E1,2.962041419962E1,4.519753478553E0));
#328=LINE('',#327,#326);
#329=DIRECTION('',(9.612616959383E-1,-1.764802566546E-2,2.750718071921E-1));
#330=VECTOR('',#329,5.441932917814E1);
#331=CARTESIAN_POINT('',(-3.086344004287E1,2.962041419962E1,4.519753478550E0));
#332=LINE('',#331,#330);
#333=DIRECTION('',(-1.E0,6.242786353051E-14,1.246109119099E-13));
#334=VECTOR('',#333,1.451182111416E1);
#335=CARTESIAN_POINT('',(2.144777661473E1,2.866002048159E1,1.948897670176E1));
#336=LINE('',#335,#334);
#337=DIRECTION('',(-9.612616959383E-1,1.764802566546E-2,-2.750718071921E-1));
#338=VECTOR('',#337,5.441932917813E1);
#339=CARTESIAN_POINT('',(6.935955500570E0,2.866002048159E1,1.948897670176E1));
#340=LINE('',#339,#338);
#341=DIRECTION('',(0.E0,-6.402624786860E-2,9.979482148808E-1));
#342=VECTOR('',#341,1.1E1);
#343=CARTESIAN_POINT('',(7.804605121294E1,4.446158492709E1,7.476043626347E0));
#344=LINE('',#343,#342);
#345=DIRECTION('',(0.E0,-9.979482148808E-1,-6.402624786898E-2));
#346=VECTOR('',#345,1.500000000001E1);
#347=CARTESIAN_POINT('',(7.804605121294E1,4.375729620054E1,1.845347399004E1));
#348=LINE('',#347,#346);
#349=DIRECTION('',(0.E0,-6.402624787103E-2,9.979482148807E-1));
#350=VECTOR('',#349,1.500000000001E0);
#351=CARTESIAN_POINT('',(8.004605121294E1,3.118413345627E1,1.138395642473E1));
#352=LINE('',#351,#350);
#353=DIRECTION('',(0.E0,6.402624787102E-2,-9.979482148807E-1));
#354=VECTOR('',#353,1.500000000003E0);
#355=CARTESIAN_POINT('',(7.804605121294E1,3.108809408446E1,1.288087874705E1));
#356=LINE('',#355,#354);
#357=DIRECTION('',(1.E0,-5.382361223383E-13,-1.847411112976E-13));
#358=VECTOR('',#357,2.E0);
#359=CARTESIAN_POINT('',(7.804605121294E1,3.118413345627E1,1.138395642473E1));
#360=LINE('',#359,#358);
#361=DIRECTION('',(0.E0,9.979482148808E-1,6.402624786885E-2));
#362=VECTOR('',#361,6.500000000002E0);
#363=CARTESIAN_POINT('',(8.004605121294E1,3.108809408446E1,1.288087874705E1));
#364=LINE('',#363,#362);
#365=DIRECTION('',(0.E0,-9.979482148808E-1,-6.402624786885E-2));
#366=VECTOR('',#365,6.500000000002E0);
#367=CARTESIAN_POINT('',(7.804605121294E1,3.757475748119E1,1.329704935820E1));
#368=LINE('',#367,#366);
#369=DIRECTION('',(1.E0,-4.725109192805E-13,-1.223909862347E-12));
#370=VECTOR('',#369,2.E0);
#371=CARTESIAN_POINT('',(7.804605121294E1,3.108809408446E1,1.288087874705E1));
#372=LINE('',#371,#370);
#373=DIRECTION('',(0.E0,-6.402624786973E-2,9.979482148808E-1));
#374=VECTOR('',#373,3.300389153797E0);
#375=CARTESIAN_POINT('',(8.004605121294E1,3.757475748119E1,1.329704935820E1));
#376=LINE('',#375,#374);
#377=DIRECTION('',(0.E0,6.402624786973E-2,-9.979482148808E-1));
#378=VECTOR('',#377,3.300389153793E0);
#379=CARTESIAN_POINT('',(7.804605121294E1,3.736344594716E1,1.659066682264E1));
#380=LINE('',#379,#378);
#381=DIRECTION('',(1.E0,-2.984279490192E-13,-1.217692613409E-12));
#382=VECTOR('',#381,2.E0);
#383=CARTESIAN_POINT('',(7.804605121294E1,3.757475748119E1,1.329704935820E1));
#384=LINE('',#383,#382);
#385=DIRECTION('',(0.E0,9.979482148807E-1,6.402624787109E-2));
#386=VECTOR('',#385,1.500000000002E0);
#387=CARTESIAN_POINT('',(8.004605121294E1,3.736344594716E1,1.659066682264E1));
#388=LINE('',#387,#386);
#389=DIRECTION('',(0.E0,-9.979482148807E-1,-6.402624787109E-2));
#390=VECTOR('',#389,1.5E0);
#391=CARTESIAN_POINT('',(7.804605121294E1,3.886036826948E1,1.668670619445E1));
#392=LINE('',#391,#390);
#393=DIRECTION('',(1.E0,-4.121147867409E-13,4.636291350835E-13));
#394=VECTOR('',#393,2.E0);
#395=CARTESIAN_POINT('',(7.804605121294E1,3.736344594716E1,1.659066682264E1));
#396=LINE('',#395,#394);
#397=DIRECTION('',(0.E0,6.402624786973E-2,-9.979482148808E-1));
#398=VECTOR('',#397,3.300389153797E0);
#399=CARTESIAN_POINT('',(8.004605121294E1,3.886036826948E1,1.668670619445E1));
#400=LINE('',#399,#398);
#401=DIRECTION('',(0.E0,-6.402624786973E-2,9.979482148808E-1));
#402=VECTOR('',#401,3.300389153795E0);
#403=CARTESIAN_POINT('',(7.804605121294E1,3.907167980351E1,1.339308873001E1));
#404=LINE('',#403,#402);
#405=DIRECTION('',(1.E0,3.481659405224E-13,5.133671265867E-13));
#406=VECTOR('',#405,2.E0);
#407=CARTESIAN_POINT('',(7.804605121294E1,3.886036826948E1,1.668670619445E1));
#408=LINE('',#407,#406);
#409=DIRECTION('',(0.E0,9.979482148809E-1,6.402624786790E-2));
#410=VECTOR('',#409,3.E0);
#411=CARTESIAN_POINT('',(8.004605121294E1,3.907167980351E1,1.339308873001E1));
#412=LINE('',#411,#410);
#413=DIRECTION('',(0.E0,-9.979482148809E-1,-6.402624786790E-2));
#414=VECTOR('',#413,3.E0);
#415=CARTESIAN_POINT('',(7.804605121294E1,4.206552444815E1,1.358516747361E1));
#416=LINE('',#415,#414);
#417=DIRECTION('',(1.E0,4.085620730621E-13,-4.805045250578E-13));
#418=VECTOR('',#417,2.E0);
#419=CARTESIAN_POINT('',(7.804605121294E1,3.907167980351E1,1.339308873001E1));
#420=LINE('',#419,#418);
#421=DIRECTION('',(0.E0,6.402624787110E-2,-9.979482148807E-1));
#422=VECTOR('',#421,1.499999999995E0);
#423=CARTESIAN_POINT('',(8.004605121294E1,4.206552444815E1,1.358516747361E1));
#424=LINE('',#423,#422);
#425=DIRECTION('',(0.E0,-6.402624787111E-2,9.979482148807E-1));
#426=VECTOR('',#425,1.499999999997E0);
#427=CARTESIAN_POINT('',(7.804605121294E1,4.216156381996E1,1.208824515129E1));
#428=LINE('',#427,#426);
#429=DIRECTION('',(1.E0,5.151434834261E-13,-4.680700271820E-13));
#430=VECTOR('',#429,2.E0);
#431=CARTESIAN_POINT('',(7.804605121294E1,4.206552444815E1,1.358516747361E1));
#432=LINE('',#431,#430);
#433=DIRECTION('',(0.E0,-9.979482148809E-1,-6.402624786779E-2));
#434=VECTOR('',#433,3.000000000005E0);
#435=CARTESIAN_POINT('',(8.004605121294E1,4.216156381996E1,1.208824515129E1));
#436=LINE('',#435,#434);
#437=DIRECTION('',(0.E0,9.979482148809E-1,6.402624786779E-2));
#438=VECTOR('',#437,3.000000000004E0);
#439=CARTESIAN_POINT('',(7.804605121294E1,3.916771917531E1,1.189616640769E1));
#440=LINE('',#439,#438);
#441=DIRECTION('',(1.E0,4.476419235289E-13,5.755396159657E-13));
#442=VECTOR('',#441,2.E0);
#443=CARTESIAN_POINT('',(7.804605121294E1,4.216156381996E1,1.208824515129E1));
#444=LINE('',#443,#442);
#445=DIRECTION('',(0.E0,6.402624786970E-2,-9.979482148808E-1));
#446=VECTOR('',#445,3.300389153797E0);
#447=CARTESIAN_POINT('',(8.004605121294E1,3.916771917531E1,1.189616640769E1));
#448=LINE('',#447,#446);
#449=DIRECTION('',(0.E0,-6.402624786970E-2,9.979482148808E-1));
#450=VECTOR('',#449,3.300389153796E0);
#451=CARTESIAN_POINT('',(7.804605121294E1,3.937903070934E1,8.602548943247E0));
#452=LINE('',#451,#450);
#453=DIRECTION('',(1.E0,3.268496584496E-13,5.684341886081E-13));
#454=VECTOR('',#453,2.E0);
#455=CARTESIAN_POINT('',(7.804605121294E1,3.916771917531E1,1.189616640769E1));
#456=LINE('',#455,#454);
#457=DIRECTION('',(0.E0,-9.979482148808E-1,-6.402624786918E-2));
#458=VECTOR('',#457,1.500000000002E0);
#459=CARTESIAN_POINT('',(8.004605121294E1,3.937903070934E1,8.602548943247E0));
#460=LINE('',#459,#458);
#461=DIRECTION('',(0.E0,9.979482148808E-1,6.402624786918E-2));
#462=VECTOR('',#461,1.5E0);
#463=CARTESIAN_POINT('',(7.804605121294E1,3.788210838702E1,8.506509571443E0));
#464=LINE('',#463,#462);
#465=DIRECTION('',(1.E0,3.623767952377E-13,-2.131628207280E-14));
#466=VECTOR('',#465,2.E0);
#467=CARTESIAN_POINT('',(7.804605121294E1,3.937903070934E1,8.602548943247E0));
#468=LINE('',#467,#466);
#469=DIRECTION('',(0.E0,-6.402624786975E-2,9.979482148808E-1));
#470=VECTOR('',#469,3.300389153790E0);
#471=CARTESIAN_POINT('',(8.004605121294E1,3.788210838702E1,8.506509571443E0));
#472=LINE('',#471,#470);
#473=DIRECTION('',(0.E0,6.402624786975E-2,-9.979482148808E-1));
#474=VECTOR('',#473,3.300389153790E0);
#475=CARTESIAN_POINT('',(7.804605121294E1,3.767079685299E1,1.180012703588E1));
#476=LINE('',#475,#474);
#477=DIRECTION('',(1.E0,-3.907985046681E-13,-7.105427357601E-14));
#478=VECTOR('',#477,2.E0);
#479=CARTESIAN_POINT('',(7.804605121294E1,3.788210838702E1,8.506509571443E0));
#480=LINE('',#479,#478);
#481=DIRECTION('',(0.E0,-9.979482148808E-1,-6.402624786912E-2));
#482=VECTOR('',#481,6.499999999998E0);
#483=CARTESIAN_POINT('',(8.004605121294E1,3.767079685299E1,1.180012703588E1));
#484=LINE('',#483,#482);
#485=DIRECTION('',(0.E0,9.979482148808E-1,6.402624786912E-2));
#486=VECTOR('',#485,6.499999999998E0);
#487=CARTESIAN_POINT('',(7.804605121294E1,3.118413345627E1,1.138395642473E1));
#488=LINE('',#487,#486);
#489=DIRECTION('',(1.E0,-3.801403636317E-13,-1.731947918415E-13));
#490=VECTOR('',#489,2.E0);
#491=CARTESIAN_POINT('',(7.804605121294E1,3.767079685299E1,1.180012703588E1));
#492=LINE('',#491,#490);
#493=DIRECTION('',(5.615200912885E-8,6.402624786893E-2,-9.979482148808E-1));
#494=VECTOR('',#493,7.791133237314E0);
#495=CARTESIAN_POINT('',(7.804605339901E1,2.598630683125E1,1.430716070312E1));
#496=LINE('',#495,#494);
#497=DIRECTION('',(-2.069692704182E-6,-9.979482056261E-1,-6.402639208515E-2));
#498=VECTOR('',#497,3.000000595428E0);
#499=CARTESIAN_POINT('',(7.804605383650E1,2.648514385908E1,6.532013197041E0));
#500=LINE('',#499,#498);
#501=DIRECTION('',(8.886583189147E-8,-6.402624786886E-2,9.979482148808E-1));
#502=VECTOR('',#501,7.791135265628E0);
#503=CARTESIAN_POINT('',(7.804604762742E1,2.349129864799E1,6.339933982663E0));
#504=LINE('',#503,#502);
#505=DIRECTION('',(1.693074940388E-6,9.979482489151E-1,6.402571736802E-2));
#506=VECTOR('',#505,3.000000595426E0);
#507=CARTESIAN_POINT('',(7.804604831978E1,2.299246149030E1,1.411508351289E1));
#508=LINE('',#507,#506);
#509=DIRECTION('',(0.E0,-6.402624786847E-2,9.979482148809E-1));
#510=VECTOR('',#509,7.791135982907E0);
#511=CARTESIAN_POINT('',(8.004605122339E1,2.349129649814E1,6.339933619037E0));
#512=LINE('',#511,#510);
#513=DIRECTION('',(-9.999999999994E-1,1.074926203133E-6,1.818123460208E-7));
#514=VECTOR('',#513,2.000003595973E0);
#515=CARTESIAN_POINT('',(8.004605122339E1,2.349129649814E1,6.339933619037E0));
#516=LINE('',#515,#514);
#517=DIRECTION('',(-9.999999999995E-1,1.045512455358E-6,1.605116738855E-9));
#518=VECTOR('',#517,1.559999968278E2);
#519=CARTESIAN_POINT('',(7.804604762742E1,2.349129864799E1,6.339933982663E0));
#520=LINE('',#519,#518);
#521=DIRECTION('',(-9.999999999995E-1,1.045511658960E-6,1.604618556083E-9));
#522=VECTOR('',#521,1.999999576217E0);
#523=CARTESIAN_POINT('',(-7.795394920031E1,2.349146174793E1,6.339934233061E0));
#524=LINE('',#523,#522);
#525=DIRECTION('',(-9.999999999995E-1,1.041839070415E-6,-8.777978344199E-14));
#526=VECTOR('',#525,1.6E2);
#527=CARTESIAN_POINT('',(8.004605018813E1,2.255515354680E1,5.446243795816E0));
#528=LINE('',#527,#526);
#529=DIRECTION('',(9.999999999995E-1,-1.041839125104E-6,-2.967015522159E-13));
#530=VECTOR('',#529,1.6E2);
#531=CARTESIAN_POINT('',(-7.995395015915E1,2.221762745827E1,5.578102027418E0));
#532=LINE('',#531,#530);
#533=CARTESIAN_POINT('',(8.004605004403E1,2.241705040698E1,5.590907276948E0));
#534=DIRECTION('',(-9.999999999995E-1,1.041839162255E-6,0.E0));
#535=DIRECTION('',(7.194063300631E-7,6.905156991610E-1,-7.233174055777E-1));
#536=AXIS2_PLACEMENT_3D('',#533,#534,#535);
#538=CARTESIAN_POINT('',(8.004605004403E1,2.241705040698E1,5.590907276948E0));
#539=DIRECTION('',(-9.999999999995E-1,1.041839162255E-6,0.E0));
#540=DIRECTION('',(-3.789415359279E-7,-3.637236528789E-1,-9.315068997792E-1));
#541=AXIS2_PLACEMENT_3D('',#538,#539,#540);
#543=CARTESIAN_POINT('',(8.004605006365E1,2.183130275102E1,1.472069149962E1));
#544=DIRECTION('',(-9.999999999995E-1,1.041839162255E-6,0.E0));
#545=DIRECTION('',(-1.039701515992E-6,-9.979482149017E-1,-6.402624753550E-2));
#546=AXIS2_PLACEMENT_3D('',#543,#544,#545);
#548=DIRECTION('',(8.002135889758E-7,8.056279633543E-1,-5.924217962407E-1));
#549=VECTOR('',#548,1.294235343933E0);
#550=CARTESIAN_POINT('',(8.004605018773E1,2.194978711029E1,1.488181709228E1));
#551=LINE('',#550,#549);
#552=DIRECTION('',(-7.999006666413E-7,-7.233174057036E-1,-6.905156990291E-1));
#553=VECTOR('',#552,1.294235343929E0);
#554=CARTESIAN_POINT('',(8.004605122339E1,2.349129649814E1,6.339933619037E0));
#555=LINE('',#554,#553);
#556=DIRECTION('',(1.059591978702E-9,-6.402624786931E-2,9.979482148808E-1));
#557=VECTOR('',#556,9.148555091819E0);
#558=CARTESIAN_POINT('',(-7.995395015915E1,2.221762745827E1,5.578102027418E0));
#559=LINE('',#558,#557);
#560=DIRECTION('',(-1.059063841675E-9,6.402624786931E-2,-9.979482148808E-1));
#561=VECTOR('',#560,9.148555091904E0);
#562=CARTESIAN_POINT('',(8.004604985046E1,2.163171310805E1,1.470788625007E1));
#563=LINE('',#562,#561);
#564=CARTESIAN_POINT('',(-7.995394995589E1,2.241721710125E1,5.590907276948E0));
#565=DIRECTION('',(9.999999999995E-1,-1.041839162255E-6,0.E0));
#566=DIRECTION('',(-1.039701515992E-6,-9.979482149089E-1,-6.402624742213E-2));
#567=AXIS2_PLACEMENT_3D('',#564,#565,#566);
#569=CARTESIAN_POINT('',(-7.995394995589E1,2.241721710125E1,5.590907276948E0));
#570=DIRECTION('',(9.999999999995E-1,-1.041839162255E-6,0.E0));
#571=DIRECTION('',(-3.789415359279E-7,-3.637236528510E-1,-9.315068997901E-1));
#572=AXIS2_PLACEMENT_3D('',#569,#570,#571);
#574=DIRECTION('',(7.999047477786E-7,7.233174057034E-1,6.905156990292E-1));
#575=VECTOR('',#574,1.294236237821E0);
#576=CARTESIAN_POINT('',(-7.995394981179E1,2.255532024105E1,5.446243795802E0));
#577=LINE('',#576,#575);
#578=DIRECTION('',(-4.742341526341E-14,-6.402624786881E-2,9.979482148808E-1));
#579=VECTOR('',#578,7.791134833773E0);
#580=CARTESIAN_POINT('',(-7.995394877652E1,2.349146383896E1,6.339934236270E0));
#581=LINE('',#580,#579);
#582=DIRECTION('',(-8.002131900442E-7,-8.056279633557E-1,5.924217962387E-1));
#583=VECTOR('',#582,1.294236237774E0);
#584=CARTESIAN_POINT('',(-7.995394877652E1,2.299262670891E1,1.411508333553E1));
#585=LINE('',#584,#583);
#586=CARTESIAN_POINT('',(-7.995394993626E1,2.183146944529E1,1.472069149962E1));
#587=DIRECTION('',(9.999999999995E-1,-1.041839162255E-6,0.E0));
#588=DIRECTION('',(6.172082578360E-7,5.924217965849E-1,8.056279631013E-1));
#589=AXIS2_PLACEMENT_3D('',#586,#587,#588);
#591=CARTESIAN_POINT('',(-7.995394993626E1,2.183146944529E1,1.472069149962E1));
#592=DIRECTION('',(9.999999999995E-1,-1.041839162255E-6,0.E0));
#593=DIRECTION('',(-4.998521774269E-7,-4.797786268856E-1,8.773895766326E-1));
#594=AXIS2_PLACEMENT_3D('',#591,#592,#593);
#596=DIRECTION('',(9.999999999995E-1,-1.045686654952E-6,1.123318857159E-9));
#597=VECTOR('',#596,1.999999056521E0);
#598=CARTESIAN_POINT('',(-7.995394877652E1,2.299262670891E1,1.411508333553E1));
#599=LINE('',#598,#597);
#600=DIRECTION('',(9.999999999995E-1,-1.045687453685E-6,1.122528853217E-9));
#601=VECTOR('',#600,1.559999980399E2);
#602=CARTESIAN_POINT('',(-7.795394972E1,2.299262461754E1,1.411508333778E1));
#603=LINE('',#602,#601);
#604=DIRECTION('',(9.999999999994E-1,-1.097887364496E-6,1.760908469390E-7));
#605=VECTOR('',#604,2.000002903607E0);
#606=CARTESIAN_POINT('',(7.804604831978E1,2.299246149030E1,1.411508351289E1));
#607=LINE('',#606,#605);
#608=DIRECTION('',(-9.999999999995E-1,1.041839159055E-6,-2.328137682639E-13));
#609=VECTOR('',#608,1.6E2);
#610=CARTESIAN_POINT('',(8.004604985046E1,2.163171310805E1,1.470788625007E1));
#611=LINE('',#610,#609);
#612=DIRECTION('',(9.999999999995E-1,-1.041839286442E-6,9.352518759442E-14));
#613=VECTOR('',#612,1.6E2);
#614=CARTESIAN_POINT('',(-7.995394981219E1,2.194995380457E1,1.488181709227E1));
#615=LINE('',#614,#613);
#616=DIRECTION('',(-9.510565162952E-1,1.978519867758E-2,-3.083829579043E-1));
#617=VECTOR('',#616,6.472135954997E0);
#618=CARTESIAN_POINT('',(5.957391526839E1,4.163334727504E1,2.032131792406E1));
#619=LINE('',#618,#617);
#620=DIRECTION('',(-1.E0,-2.444931469754E-13,9.297854465004E-14));
#621=VECTOR('',#620,2.197077156885E1);
#622=CARTESIAN_POINT('',(5.341854819404E1,4.176139977078E1,1.832542149430E1));
#623=LINE('',#622,#621);
#624=DIRECTION('',(1.E0,4.572552130389E-14,-1.995754797242E-14));
#625=VECTOR('',#624,2.812613864320E1);
#626=CARTESIAN_POINT('',(3.144777662519E1,4.163334727504E1,2.032131792406E1));
#627=LINE('',#626,#625);
#628=DIRECTION('',(-5.773502711329E-1,6.131312381867E-1,-5.392001012449E-1));
#629=VECTOR('',#628,6.928203206963E0);
#630=CARTESIAN_POINT('',(-6.064044488981E0,3.036371190933E1,1.959828194228E1));
#631=LINE('',#630,#629);
#632=DIRECTION('',(4.692161402294E-13,9.979482148808E-1,6.402624786888E-2));
#633=VECTOR('',#632,2.585699035666E0);
#634=CARTESIAN_POINT('',(-1.006404448898E1,3.461160972002E1,1.586259407164E1));
#635=LINE('',#634,#633);
#636=DIRECTION('',(5.773502691854E-1,5.392000990648E-1,6.131312419377E-1));
#637=VECTOR('',#636,6.928203230332E0);
#638=CARTESIAN_POINT('',(-1.006404448898E1,3.719200345689E1,1.602814667901E1));
#639=LINE('',#638,#637);
#640=DIRECTION('',(-9.464327843255E-14,-9.979482148808E-1,-6.402624786893E-2));
#641=VECTOR('',#640,1.058569899537E1);
#642=CARTESIAN_POINT('',(-6.064044488980E0,4.092769132502E1,2.027604453002E1));
#643=LINE('',#642,#641);
#644=CARTESIAN_POINT('',(-7.324684385419E1,3.390595313929E1,1.581732063713E1));
#645=CARTESIAN_POINT('',(-7.344555005296E1,3.390595313728E1,1.581732063700E1));
#646=CARTESIAN_POINT('',(-7.362397544822E1,3.395481486731E1,1.582045550231E1));
#647=CARTESIAN_POINT('',(-7.376448194954E1,3.409503307807E1,1.582945160630E1));
#649=CARTESIAN_POINT('',(-7.376448194954E1,3.409503307807E1,1.582945160630E1));
#650=CARTESIAN_POINT('',(-7.390498845085E1,3.423525128881E1,1.583844771029E1));
#651=CARTESIAN_POINT('',(-7.395395064259E1,3.441331059299E1,1.584987161884E1));
#652=CARTESIAN_POINT('',(-7.395395064259E1,3.461160908931E1,1.586259403117E1));
#654=CARTESIAN_POINT('',(-7.395395064259E1,3.719200345695E1,1.602814667901E1));
#655=CARTESIAN_POINT('',(-7.395395064260E1,3.739030195176E1,1.604086909125E1));
#656=CARTESIAN_POINT('',(-7.390498845113E1,3.756836125467E1,1.605229299972E1));
#657=CARTESIAN_POINT('',(-7.376448195161E1,3.770857946505E1,1.606128910369E1));
#659=CARTESIAN_POINT('',(-7.376448195161E1,3.770857946505E1,1.606128910369E1));
#660=CARTESIAN_POINT('',(-7.362397545209E1,3.784879767542E1,1.607028520765E1));
#661=CARTESIAN_POINT('',(-7.344555005862E1,3.789765940699E1,1.607342007306E1));
#662=CARTESIAN_POINT('',(-7.324684386140E1,3.789765940699E1,1.607342007306E1));
#664=CARTESIAN_POINT('',(-1.077115127034E1,3.789765940698E1,1.607342007306E1));
#665=CARTESIAN_POINT('',(-1.057244507306E1,3.789765940701E1,1.607342007306E1));
#666=CARTESIAN_POINT('',(-1.039401967953E1,3.784879767546E1,1.607028520765E1));
#667=CARTESIAN_POINT('',(-1.025351317997E1,3.770857946504E1,1.606128910369E1));
#669=CARTESIAN_POINT('',(-1.025351317997E1,3.770857946504E1,1.606128910369E1));
#670=CARTESIAN_POINT('',(-1.011300668040E1,3.756836125462E1,1.605229299972E1));
#671=CARTESIAN_POINT('',(-1.006404448895E1,3.739030195164E1,1.604086909124E1));
#672=CARTESIAN_POINT('',(-1.006404448899E1,3.719200345677E1,1.602814667900E1));
#674=CARTESIAN_POINT('',(-1.006404448899E1,3.461160972013E1,1.586259407165E1));
#675=CARTESIAN_POINT('',(-1.006404448895E1,3.441331122678E1,1.584987165950E1));
#676=CARTESIAN_POINT('',(-1.011300668014E1,3.423525192507E1,1.583844775111E1));
#677=CARTESIAN_POINT('',(-1.025351317792E1,3.409503371501E1,1.582945164717E1));
#679=CARTESIAN_POINT('',(-1.025351317792E1,3.409503371501E1,1.582945164717E1));
#680=CARTESIAN_POINT('',(-1.039401967570E1,3.395481550498E1,1.582045554322E1));
#681=CARTESIAN_POINT('',(-1.057244506746E1,3.390595377190E1,1.581732067772E1));
#682=CARTESIAN_POINT('',(-1.077115126320E1,3.390595376993E1,1.581732067759E1));
#684=DIRECTION('',(5.773502672466E-1,6.131312456997E-1,-5.392000968630E-1));
#685=VECTOR('',#684,6.928203253663E0);
#686=CARTESIAN_POINT('',(-7.724684385427E1,2.965805524791E1,1.955300850259E1));
#687=LINE('',#686,#685);
#688=DIRECTION('',(1.E0,1.009409738122E-8,6.475764661861E-10));
#689=VECTOR('',#688,6.247569259114E1);
#690=CARTESIAN_POINT('',(-7.324684385423E1,3.390595313929E1,1.581732063713E1));
#691=LINE('',#690,#689);
#692=DIRECTION('',(5.773502711431E-1,-6.131312381768E-1,5.392001012451E-1));
#693=VECTOR('',#692,6.928203206968E0);
#694=CARTESIAN_POINT('',(-1.077115126309E1,3.390595376993E1,1.581732067759E1));
#695=LINE('',#694,#693);
#696=DIRECTION('',(-1.E0,-1.009405737533E-8,-6.476079946196E-10));
#697=VECTOR('',#696,7.047569259126E1);
#698=CARTESIAN_POINT('',(-6.771151263011E0,2.965805595930E1,1.955300854823E1));
#699=LINE('',#698,#697);
#700=DIRECTION('',(-5.773502672424E-1,-6.131312457025E-1,5.392000968642E-1));
#701=VECTOR('',#700,6.928203253646E0);
#702=CARTESIAN_POINT('',(-7.395395064259E1,3.461160908931E1,1.586259403117E1));
#703=LINE('',#702,#701);
#704=DIRECTION('',(-2.523820588224E-13,9.979482148808E-1,6.402624786900E-2));
#705=VECTOR('',#704,1.058569970830E1);
#706=CARTESIAN_POINT('',(-7.795395064259E1,3.036371119792E1,1.959828189663E1));
#707=LINE('',#706,#705);
#708=DIRECTION('',(5.773502691861E-1,-5.392000990632E-1,-6.131312419384E-1));
#709=VECTOR('',#708,6.928203230321E0);
#710=CARTESIAN_POINT('',(-7.795395064259E1,4.092769132509E1,2.027604453002E1));
#711=LINE('',#710,#709);
#712=DIRECTION('',(1.093692405033E-12,-9.979482148808E-1,-6.402624786915E-2));
#713=VECTOR('',#712,2.585699667760E0);
#714=CARTESIAN_POINT('',(-7.395395064259E1,3.719200345697E1,1.602814667902E1));
#715=LINE('',#714,#713);
#716=DIRECTION('',(-5.773502691886E-1,5.392000990569E-1,6.131312419417E-1));
#717=VECTOR('',#716,6.928203230276E0);
#718=CARTESIAN_POINT('',(-7.324684386141E1,3.789765940699E1,1.607342007306E1));
#719=LINE('',#718,#717);
#720=DIRECTION('',(1.E0,-6.865907737292E-14,-1.880311002944E-14));
#721=VECTOR('',#720,7.047569259116E1);
#722=CARTESIAN_POINT('',(-7.724684386140E1,4.163334727504E1,2.032131792406E1));
#723=LINE('',#722,#721);
#724=DIRECTION('',(-5.773502691896E-1,-5.392000990564E-1,-6.131312419411E-1));
#725=VECTOR('',#724,6.928203230283E0);
#726=CARTESIAN_POINT('',(-6.771151270244E0,4.163334727504E1,2.032131792406E1));
#727=LINE('',#726,#725);
#728=DIRECTION('',(-1.E0,8.689053736037E-14,3.167410295139E-14));
#729=VECTOR('',#728,6.247569259116E1);
#730=CARTESIAN_POINT('',(-1.077115127025E1,3.789765940699E1,1.607342007306E1));
#731=LINE('',#730,#729);
#732=CARTESIAN_POINT('',(5.989068414904E1,4.176139977078E1,1.832542149430E1));
#733=CARTESIAN_POINT('',(5.341854819404E1,4.176139977078E1,1.832542149430E1));
#734=VERTEX_POINT('',#732);
#735=VERTEX_POINT('',#733);
#736=CARTESIAN_POINT('',(1.956402928511E1,4.246568849733E1,7.347991130609E0));
#737=VERTEX_POINT('',#736);
#738=CARTESIAN_POINT('',(2.603616524011E1,4.246568849733E1,7.347991130608E0));
#739=VERTEX_POINT('',#738);
#740=CARTESIAN_POINT('',(3.144777662519E1,4.176139977077E1,1.832542149430E1));
#741=CARTESIAN_POINT('',(3.144777662519E1,2.878808152491E1,1.749308082040E1));
#742=VERTEX_POINT('',#740);
#743=VERTEX_POINT('',#741);
#744=CARTESIAN_POINT('',(7.604605122339E1,4.176139977077E1,1.832542149430E1));
#745=VERTEX_POINT('',#744);
#746=CARTESIAN_POINT('',(7.604605122339E1,2.878808152491E1,1.749308082040E1));
#747=VERTEX_POINT('',#746);
#748=CARTESIAN_POINT('',(7.804605121294E1,2.878807297732E1,1.749308027200E1));
#749=VERTEX_POINT('',#748);
#750=CARTESIAN_POINT('',(7.804605121294E1,4.375729620054E1,1.845347399004E1));
#751=VERTEX_POINT('',#750);
#752=CARTESIAN_POINT('',(2.172885828414E1,4.375729620054E1,1.845347399004E1));
#753=VERTEX_POINT('',#752);
#754=CARTESIAN_POINT('',(2.172885828415E1,2.878807297732E1,1.749308027200E1));
#755=VERTEX_POINT('',#754);
#756=CARTESIAN_POINT('',(3.144777662519E1,2.866003757676E1,1.948897779855E1));
#757=VERTEX_POINT('',#756);
#758=CARTESIAN_POINT('',(3.144777662519E1,4.163334727504E1,2.032131792406E1));
#759=VERTEX_POINT('',#758);
#760=CARTESIAN_POINT('',(1.956402928511E1,2.949236170388E1,6.515649908312E0));
#761=CARTESIAN_POINT('',(5.957391526839E1,2.866003757676E1,1.948897779855E1));
#762=VERTEX_POINT('',#760);
#763=VERTEX_POINT('',#761);
#764=CARTESIAN_POINT('',(-2.360752948577E1,2.962041419962E1,4.519753478553E0));
#765=VERTEX_POINT('',#764);
#766=CARTESIAN_POINT('',(-8.607529485784E0,2.962041419962E1,4.519753478551E0));
#767=VERTEX_POINT('',#766);
#768=CARTESIAN_POINT('',(-6.607529485784E0,2.949236170388E1,6.515649908312E0));
#769=VERTEX_POINT('',#768);
#770=CARTESIAN_POINT('',(5.957391526839E1,4.163334727504E1,2.032131792406E1));
#771=VERTEX_POINT('',#770);
#772=CARTESIAN_POINT('',(2.603616524011E1,2.949236170388E1,6.515649908311E0));
#773=VERTEX_POINT('',#772);
#774=CARTESIAN_POINT('',(-6.607529485784E0,4.446158492709E1,7.476043626347E0));
#775=VERTEX_POINT('',#774);
#776=CARTESIAN_POINT('',(7.804605121294E1,4.446158492709E1,7.476043626347E0));
#777=VERTEX_POINT('',#776);
#778=CARTESIAN_POINT('',(7.804605121294E1,2.949236170388E1,6.515649908312E0));
#779=VERTEX_POINT('',#778);
#780=CARTESIAN_POINT('',(6.604605122339E1,2.866003757675E1,1.948897779855E1));
#781=VERTEX_POINT('',#780);
#782=CARTESIAN_POINT('',(6.604605122339E1,4.163334727504E1,2.032131792406E1));
#783=VERTEX_POINT('',#782);
#784=CARTESIAN_POINT('',(7.604605122339E1,2.866003757675E1,1.948897779856E1));
#785=VERTEX_POINT('',#784);
#786=CARTESIAN_POINT('',(7.604605122339E1,4.163334727504E1,2.032131792406E1));
#787=VERTEX_POINT('',#786);
#788=CARTESIAN_POINT('',(6.935955500570E0,2.866002048159E1,1.948897670176E1));
#789=CARTESIAN_POINT('',(6.935955500563E0,4.362924370480E1,2.044937041980E1));
#790=VERTEX_POINT('',#788);
#791=VERTEX_POINT('',#789);
#792=CARTESIAN_POINT('',(2.144777661473E1,2.866002048159E1,1.948897670176E1));
#793=VERTEX_POINT('',#792);
#794=CARTESIAN_POINT('',(2.144777661475E1,4.362924370480E1,2.044937041980E1));
#795=VERTEX_POINT('',#794);
#796=CARTESIAN_POINT('',(8.004605121294E1,4.362924370480E1,2.044937041980E1));
#797=VERTEX_POINT('',#796);
#798=CARTESIAN_POINT('',(8.004605121294E1,2.566617583694E1,1.929689795816E1));
#799=VERTEX_POINT('',#798);
#800=CARTESIAN_POINT('',(7.804605586612E1,2.566617583694E1,1.929689795816E1));
#801=VERTEX_POINT('',#800);
#802=CARTESIAN_POINT('',(-7.795394659909E1,2.566625676727E1,1.929690315048E1));
#803=VERTEX_POINT('',#802);
#804=CARTESIAN_POINT('',(-7.995395065304E1,2.566617583694E1,1.929689795816E1));
#805=VERTEX_POINT('',#804);
#806=CARTESIAN_POINT('',(-7.995395065304E1,4.362924370480E1,2.044937041980E1));
#807=VERTEX_POINT('',#806);
#808=CARTESIAN_POINT('',(-6.064044488980E0,4.092769132502E1,2.027604453002E1));
#809=CARTESIAN_POINT('',(-6.064044488981E0,3.036371190933E1,1.959828194228E1));
#810=VERTEX_POINT('',#808);
#811=VERTEX_POINT('',#809);
#812=VERTEX_POINT('',#145);
#813=CARTESIAN_POINT('',(-7.724684386140E1,4.163334727504E1,2.032131792406E1));
#814=VERTEX_POINT('',#813);
#815=VERTEX_POINT('',#151);
#816=CARTESIAN_POINT('',(-7.795395064259E1,3.036371119792E1,1.959828189663E1));
#817=VERTEX_POINT('',#816);
#818=VERTEX_POINT('',#157);
#819=CARTESIAN_POINT('',(-6.771151263011E0,2.965805595930E1,1.955300854823E1));
#820=VERTEX_POINT('',#819);
#821=CARTESIAN_POINT('',(-4.537526115705E1,4.458963742283E1,5.480147196586E0));
#822=VERTEX_POINT('',#821);
#823=CARTESIAN_POINT('',(-4.537526115703E1,2.962041419962E1,4.519753478553E0));
#824=VERTEX_POINT('',#823);
#825=CARTESIAN_POINT('',(-7.995395065304E1,4.458963742283E1,5.480147196585E0));
#826=VERTEX_POINT('',#825);
#827=CARTESIAN_POINT('',(-7.995395065304E1,2.662656955498E1,4.327674734944E0));
#828=VERTEX_POINT('',#827);
#829=CARTESIAN_POINT('',(-7.795394667769E1,2.662665048530E1,4.327679927262E0));
#830=CARTESIAN_POINT('',(-7.795394616345E1,2.648522558823E1,6.532005938467E0));
#831=VERTEX_POINT('',#829);
#832=VERTEX_POINT('',#830);
#833=CARTESIAN_POINT('',(-7.795394660094E1,2.598638834386E1,1.430715681955E1));
#834=VERTEX_POINT('',#833);
#835=CARTESIAN_POINT('',(7.804605383650E1,2.648514385908E1,6.532013197041E0));
#836=VERTEX_POINT('',#835);
#837=CARTESIAN_POINT('',(7.804604617193E1,2.662656955498E1,4.327674734944E0));
#838=VERTEX_POINT('',#837);
#839=CARTESIAN_POINT('',(-7.795394920031E1,2.349146174793E1,6.339934233061E0));
#840=VERTEX_POINT('',#839);
#841=CARTESIAN_POINT('',(7.804604762742E1,2.349129864799E1,6.339933982663E0));
#842=VERTEX_POINT('',#841);
#843=CARTESIAN_POINT('',(-7.795394972E1,2.299262461754E1,1.411508333778E1));
#844=VERTEX_POINT('',#843);
#845=CARTESIAN_POINT('',(7.804605339901E1,2.598630683125E1,1.430716070312E1));
#846=VERTEX_POINT('',#845);
#847=CARTESIAN_POINT('',(7.804604831978E1,2.299246149030E1,1.411508351289E1));
#848=VERTEX_POINT('',#847);
#849=CARTESIAN_POINT('',(8.004605121294E1,2.662656955498E1,4.327674734944E0));
#850=VERTEX_POINT('',#849);
#851=CARTESIAN_POINT('',(8.004605121294E1,4.458963742283E1,5.480147196585E0));
#852=VERTEX_POINT('',#851);
#853=CARTESIAN_POINT('',(8.004605121294E1,3.118413345627E1,1.138395642473E1));
#854=CARTESIAN_POINT('',(8.004605121294E1,3.108809408446E1,1.288087874705E1));
#855=VERTEX_POINT('',#853);
#856=VERTEX_POINT('',#854);
#857=CARTESIAN_POINT('',(8.004605121294E1,3.767079685299E1,1.180012703588E1));
#858=VERTEX_POINT('',#857);
#859=CARTESIAN_POINT('',(8.004605121294E1,3.788210838702E1,8.506509571443E0));
#860=VERTEX_POINT('',#859);
#861=CARTESIAN_POINT('',(8.004605121294E1,3.937903070934E1,8.602548943247E0));
#862=VERTEX_POINT('',#861);
#863=CARTESIAN_POINT('',(8.004605121294E1,3.916771917531E1,1.189616640769E1));
#864=VERTEX_POINT('',#863);
#865=CARTESIAN_POINT('',(8.004605121294E1,4.216156381996E1,1.208824515129E1));
#866=VERTEX_POINT('',#865);
#867=CARTESIAN_POINT('',(8.004605121294E1,4.206552444815E1,1.358516747361E1));
#868=VERTEX_POINT('',#867);
#869=CARTESIAN_POINT('',(8.004605121294E1,3.907167980351E1,1.339308873001E1));
#870=VERTEX_POINT('',#869);
#871=CARTESIAN_POINT('',(8.004605121294E1,3.886036826948E1,1.668670619445E1));
#872=VERTEX_POINT('',#871);
#873=CARTESIAN_POINT('',(8.004605121294E1,3.736344594716E1,1.659066682264E1));
#874=VERTEX_POINT('',#873);
#875=CARTESIAN_POINT('',(8.004605121294E1,3.757475748119E1,1.329704935820E1));
#876=VERTEX_POINT('',#875);
#877=CARTESIAN_POINT('',(-8.607529485784E0,4.458963742283E1,5.480147196585E0));
#878=VERTEX_POINT('',#877);
#879=CARTESIAN_POINT('',(-3.086344004287E1,4.458963742283E1,5.480147196585E0));
#880=VERTEX_POINT('',#879);
#881=CARTESIAN_POINT('',(-2.360752948579E1,4.458963742283E1,5.480147196586E0));
#882=VERTEX_POINT('',#881);
#883=CARTESIAN_POINT('',(-3.086344004287E1,2.962041419962E1,4.519753478550E0));
#884=VERTEX_POINT('',#883);
#885=CARTESIAN_POINT('',(7.804605121294E1,3.108809408446E1,1.288087874705E1));
#886=CARTESIAN_POINT('',(7.804605121294E1,3.118413345627E1,1.138395642473E1));
#887=VERTEX_POINT('',#885);
#888=VERTEX_POINT('',#886);
#889=CARTESIAN_POINT('',(7.804605121294E1,3.757475748119E1,1.329704935820E1));
#890=VERTEX_POINT('',#889);
#891=CARTESIAN_POINT('',(7.804605121294E1,3.736344594716E1,1.659066682264E1));
#892=VERTEX_POINT('',#891);
#893=CARTESIAN_POINT('',(7.804605121294E1,3.886036826948E1,1.668670619445E1));
#894=VERTEX_POINT('',#893);
#895=CARTESIAN_POINT('',(7.804605121294E1,3.907167980351E1,1.339308873001E1));
#896=VERTEX_POINT('',#895);
#897=CARTESIAN_POINT('',(7.804605121294E1,4.206552444815E1,1.358516747361E1));
#898=VERTEX_POINT('',#897);
#899=CARTESIAN_POINT('',(7.804605121294E1,4.216156381996E1,1.208824515129E1));
#900=VERTEX_POINT('',#899);
#901=CARTESIAN_POINT('',(7.804605121294E1,3.916771917531E1,1.189616640769E1));
#902=VERTEX_POINT('',#901);
#903=CARTESIAN_POINT('',(7.804605121294E1,3.937903070934E1,8.602548943247E0));
#904=VERTEX_POINT('',#903);
#905=CARTESIAN_POINT('',(7.804605121294E1,3.788210838702E1,8.506509571443E0));
#906=VERTEX_POINT('',#905);
#907=CARTESIAN_POINT('',(7.804605121294E1,3.767079685299E1,1.180012703588E1));
#908=VERTEX_POINT('',#907);
#909=CARTESIAN_POINT('',(8.004605122339E1,2.349129649814E1,6.339933619037E0));
#910=VERTEX_POINT('',#909);
#911=CARTESIAN_POINT('',(8.004605122339E1,2.299245929452E1,1.411508386507E1));
#912=VERTEX_POINT('',#911);
#913=CARTESIAN_POINT('',(8.004605018813E1,2.255515354680E1,5.446243795816E0));
#914=CARTESIAN_POINT('',(-7.995394981179E1,2.255532024105E1,5.446243795802E0));
#915=VERTEX_POINT('',#913);
#916=VERTEX_POINT('',#914);
#917=CARTESIAN_POINT('',(-7.995394877652E1,2.349146383896E1,6.339934236270E0));
#918=VERTEX_POINT('',#917);
#919=CARTESIAN_POINT('',(8.004604996824E1,2.234430567641E1,5.404605896992E0));
#920=CARTESIAN_POINT('',(8.004604983609E1,2.221746076401E1,5.578102027341E0));
#921=VERTEX_POINT('',#919);
#922=VERTEX_POINT('',#920);
#923=CARTESIAN_POINT('',(-7.995395003168E1,2.234447237068E1,5.404605896990E0));
#924=VERTEX_POINT('',#923);
#925=CARTESIAN_POINT('',(-7.995395016383E1,2.221762745827E1,5.578102027464E0));
#926=VERTEX_POINT('',#925);
#927=CARTESIAN_POINT('',(8.004604985046E1,2.163171310805E1,1.470788625007E1));
#928=VERTEX_POINT('',#927);
#929=CARTESIAN_POINT('',(8.004605018709E1,2.194978711030E1,1.488181709227E1));
#930=VERTEX_POINT('',#929);
#931=CARTESIAN_POINT('',(-7.995395014945E1,2.163187980231E1,1.470788625004E1));
#932=VERTEX_POINT('',#931);
#933=CARTESIAN_POINT('',(-7.995394877652E1,2.299262670891E1,1.411508333553E1));
#934=VERTEX_POINT('',#933);
#935=CARTESIAN_POINT('',(-7.995394981219E1,2.194995380457E1,1.488181709227E1));
#936=VERTEX_POINT('',#935);
#937=CARTESIAN_POINT('',(-7.995395003623E1,2.173551371991E1,1.489616941495E1));
#938=VERTEX_POINT('',#937);
#939=CARTESIAN_POINT('',(-1.006404448898E1,3.461160972002E1,1.586259407164E1));
#940=VERTEX_POINT('',#939);
#941=CARTESIAN_POINT('',(-1.006404448898E1,3.719200345689E1,1.602814667901E1));
#942=VERTEX_POINT('',#941);
#943=VERTEX_POINT('',#679);
#944=VERTEX_POINT('',#682);
#945=VERTEX_POINT('',#644);
#946=VERTEX_POINT('',#647);
#947=VERTEX_POINT('',#652);
#948=CARTESIAN_POINT('',(-7.395395064259E1,3.719200345697E1,1.602814667902E1));
#949=VERTEX_POINT('',#948);
#950=VERTEX_POINT('',#657);
#951=VERTEX_POINT('',#662);
#952=CARTESIAN_POINT('',(-1.077115127025E1,3.789765940699E1,1.607342007306E1));
#953=VERTEX_POINT('',#952);
#954=VERTEX_POINT('',#667);
#955=CARTESIAN_POINT('',(4.280504025425E1,4.204951788619E1,1.383465452733E1));
#956=DIRECTION('',(0.E0,9.979482148808E-1,6.402624786898E-2));
#957=DIRECTION('',(0.E0,-6.402624786898E-2,9.979482148808E-1));
#958=AXIS2_PLACEMENT_3D('',#955,#956,#957);
#959=PLANE('',#958);
#961=ORIENTED_EDGE('',*,*,#960,.T.);
#963=ORIENTED_EDGE('',*,*,#962,.T.);
#965=ORIENTED_EDGE('',*,*,#964,.T.);
#967=ORIENTED_EDGE('',*,*,#966,.T.);
#968=EDGE_LOOP('',(#961,#963,#965,#967));
#969=FACE_OUTER_BOUND('',#968,.F.);
#970=ADVANCED_FACE('',(#969),#959,.T.);
#971=CARTESIAN_POINT('',(7.804605121294E1,4.375729620054E1,1.845347399004E1));
#972=DIRECTION('',(0.E0,-6.402624786898E-2,9.979482148808E-1));
#973=DIRECTION('',(-1.E0,0.E0,0.E0));
#974=AXIS2_PLACEMENT_3D('',#971,#972,#973);
#975=PLANE('',#974);
#977=ORIENTED_EDGE('',*,*,#976,.F.);
#979=ORIENTED_EDGE('',*,*,#978,.F.);
#980=ORIENTED_EDGE('',*,*,#960,.F.);
#982=ORIENTED_EDGE('',*,*,#981,.F.);
#984=ORIENTED_EDGE('',*,*,#983,.F.);
#986=ORIENTED_EDGE('',*,*,#985,.F.);
#988=ORIENTED_EDGE('',*,*,#987,.F.);
#990=ORIENTED_EDGE('',*,*,#989,.T.);
#992=ORIENTED_EDGE('',*,*,#991,.T.);
#994=ORIENTED_EDGE('',*,*,#993,.F.);
#995=EDGE_LOOP('',(#977,#979,#980,#982,#984,#986,#988,#990,#992,#994));
#996=FACE_OUTER_BOUND('',#995,.F.);
#997=ADVANCED_FACE('',(#996),#975,.F.);
#998=CARTESIAN_POINT('',(3.144777662519E1,2.965805524078E1,1.955300850213E1));
#999=DIRECTION('',(-1.E0,0.E0,0.E0));
#1000=DIRECTION('',(0.E0,9.979482148808E-1,6.402624786898E-2));
#1001=AXIS2_PLACEMENT_3D('',#998,#999,#1000);
#1002=PLANE('',#1001);
#1003=ORIENTED_EDGE('',*,*,#976,.T.);
#1005=ORIENTED_EDGE('',*,*,#1004,.F.);
#1007=ORIENTED_EDGE('',*,*,#1006,.T.);
#1009=ORIENTED_EDGE('',*,*,#1008,.T.);
#1010=EDGE_LOOP('',(#1003,#1005,#1007,#1009));
#1011=FACE_OUTER_BOUND('',#1010,.F.);
#1012=ADVANCED_FACE('',(#1011),#1002,.F.);
#1013=CARTESIAN_POINT('',(2.721926086358E1,2.920424358847E1,1.100641687528E1));
#1014=DIRECTION('',(0.E0,-9.979482148808E-1,-6.402624786898E-2));
#1015=DIRECTION('',(0.E0,6.402624786898E-2,-9.979482148808E-1));
#1016=AXIS2_PLACEMENT_3D('',#1013,#1014,#1015);
#1017=PLANE('',#1016);
#1019=ORIENTED_EDGE('',*,*,#1018,.T.);
#1021=ORIENTED_EDGE('',*,*,#1020,.T.);
#1022=ORIENTED_EDGE('',*,*,#1004,.T.);
#1023=ORIENTED_EDGE('',*,*,#993,.T.);
#1025=ORIENTED_EDGE('',*,*,#1024,.T.);
#1027=ORIENTED_EDGE('',*,*,#1026,.T.);
#1029=ORIENTED_EDGE('',*,*,#1028,.T.);
#1031=ORIENTED_EDGE('',*,*,#1030,.T.);
#1032=EDGE_LOOP('',(#1019,#1021,#1022,#1023,#1025,#1027,#1029,#1031));
#1033=FACE_OUTER_BOUND('',#1032,.F.);
#1034=ADVANCED_FACE('',(#1033),#1017,.F.);
#1035=CARTESIAN_POINT('',(1.956402928511E1,2.949236170388E1,6.515649908312E0));
#1036=DIRECTION('',(-3.090169943749E-1,-6.089258024972E-2,9.491051526875E-1));
#1037=DIRECTION('',(9.510565162952E-1,-1.978519867758E-2,3.083829579043E-1));
#1038=AXIS2_PLACEMENT_3D('',#1035,#1036,#1037);
#1039=PLANE('',#1038);
#1040=ORIENTED_EDGE('',*,*,#1018,.F.);
#1042=ORIENTED_EDGE('',*,*,#1041,.T.);
#1043=ORIENTED_EDGE('',*,*,#962,.F.);
#1045=ORIENTED_EDGE('',*,*,#1044,.F.);
#1047=ORIENTED_EDGE('',*,*,#1046,.F.);
#1048=EDGE_LOOP('',(#1040,#1042,#1043,#1045,#1047));
#1049=FACE_OUTER_BOUND('',#1048,.F.);
#1050=ADVANCED_FACE('',(#1049),#1039,.T.);
#1051=CARTESIAN_POINT('',(-6.607529485784E0,4.446158492709E1,7.476043626347E0));
#1052=DIRECTION('',(0.E0,6.402624786898E-2,-9.979482148808E-1));
#1053=DIRECTION('',(1.E0,0.E0,0.E0));
#1054=AXIS2_PLACEMENT_3D('',#1051,#1052,#1053);
#1055=PLANE('',#1054);
#1057=ORIENTED_EDGE('',*,*,#1056,.F.);
#1058=ORIENTED_EDGE('',*,*,#964,.F.);
#1059=ORIENTED_EDGE('',*,*,#1041,.F.);
#1060=ORIENTED_EDGE('',*,*,#1030,.F.);
#1062=ORIENTED_EDGE('',*,*,#1061,.F.);
#1064=ORIENTED_EDGE('',*,*,#1063,.T.);
#1066=ORIENTED_EDGE('',*,*,#1065,.T.);
#1068=ORIENTED_EDGE('',*,*,#1067,.F.);
#1069=EDGE_LOOP('',(#1057,#1058,#1059,#1060,#1062,#1064,#1066,#1068));
#1070=FACE_OUTER_BOUND('',#1069,.F.);
#1071=ADVANCED_FACE('',(#1070),#1055,.F.);
#1072=CARTESIAN_POINT('',(6.604605122339E1,2.866002048159E1,1.948897670176E1));
#1073=DIRECTION('',(3.090169943749E-1,6.089258024972E-2,-9.491051526875E-1));
#1074=DIRECTION('',(-9.510565162952E-1,1.978519867758E-2,-3.083829579043E-1));
#1075=AXIS2_PLACEMENT_3D('',#1072,#1073,#1074);
#1076=PLANE('',#1075);
#1078=ORIENTED_EDGE('',*,*,#1077,.F.);
#1080=ORIENTED_EDGE('',*,*,#1079,.T.);
#1082=ORIENTED_EDGE('',*,*,#1081,.F.);
#1083=ORIENTED_EDGE('',*,*,#966,.F.);
#1084=ORIENTED_EDGE('',*,*,#1056,.T.);
#1085=EDGE_LOOP('',(#1078,#1080,#1082,#1083,#1084));
#1086=FACE_OUTER_BOUND('',#1085,.F.);
#1087=ADVANCED_FACE('',(#1086),#1076,.T.);
#1088=CARTESIAN_POINT('',(2.721926086358E1,2.920424358847E1,1.100641687528E1));
#1089=DIRECTION('',(0.E0,-9.979482148808E-1,-6.402624786898E-2));
#1090=DIRECTION('',(0.E0,6.402624786898E-2,-9.979482148808E-1));
#1091=AXIS2_PLACEMENT_3D('',#1088,#1089,#1090);
#1092=PLANE('',#1091);
#1093=ORIENTED_EDGE('',*,*,#985,.T.);
#1095=ORIENTED_EDGE('',*,*,#1094,.F.);
#1097=ORIENTED_EDGE('',*,*,#1096,.T.);
#1098=ORIENTED_EDGE('',*,*,#1077,.T.);
#1099=ORIENTED_EDGE('',*,*,#1067,.T.);
#1101=ORIENTED_EDGE('',*,*,#1100,.T.);
#1102=EDGE_LOOP('',(#1093,#1095,#1097,#1098,#1099,#1101));
#1103=FACE_OUTER_BOUND('',#1102,.F.);
#1104=ADVANCED_FACE('',(#1103),#1092,.F.);
#1105=CARTESIAN_POINT('',(7.604605122339E1,4.163334727504E1,2.032131792406E1));
#1106=DIRECTION('',(1.E0,0.E0,0.E0));
#1107=DIRECTION('',(0.E0,-9.979482148808E-1,-6.402624786898E-2));
#1108=AXIS2_PLACEMENT_3D('',#1105,#1106,#1107);
#1109=PLANE('',#1108);
#1110=ORIENTED_EDGE('',*,*,#983,.T.);
#1112=ORIENTED_EDGE('',*,*,#1111,.F.);
#1114=ORIENTED_EDGE('',*,*,#1113,.T.);
#1115=ORIENTED_EDGE('',*,*,#1094,.T.);
#1116=EDGE_LOOP('',(#1110,#1112,#1114,#1115));
#1117=FACE_OUTER_BOUND('',#1116,.F.);
#1118=ADVANCED_FACE('',(#1117),#1109,.F.);
#1119=CARTESIAN_POINT('',(3.144777662519E1,4.163334727504E1,2.032131792406E1));
#1120=DIRECTION('',(0.E0,9.979482148808E-1,6.402624786898E-2));
#1121=DIRECTION('',(1.E0,0.E0,0.E0));
#1122=AXIS2_PLACEMENT_3D('',#1119,#1120,#1121);
#1123=PLANE('',#1122);
#1124=ORIENTED_EDGE('',*,*,#1081,.T.);
#1126=ORIENTED_EDGE('',*,*,#1125,.T.);
#1127=ORIENTED_EDGE('',*,*,#1111,.T.);
#1128=ORIENTED_EDGE('',*,*,#981,.T.);
#1129=EDGE_LOOP('',(#1124,#1126,#1127,#1128));
#1130=FACE_OUTER_BOUND('',#1129,.F.);
#1131=ADVANCED_FACE('',(#1130),#1123,.F.);
#1132=CARTESIAN_POINT('',(4.605027995014E-2,3.464770977087E1,1.987313418898E1));
#1133=DIRECTION('',(0.E0,-6.402624786898E-2,9.979482148808E-1));
#1134=DIRECTION('',(1.E0,0.E0,0.E0));
#1135=AXIS2_PLACEMENT_3D('',#1132,#1133,#1134);
#1136=PLANE('',#1135);
#1138=ORIENTED_EDGE('',*,*,#1137,.F.);
#1140=ORIENTED_EDGE('',*,*,#1139,.F.);
#1142=ORIENTED_EDGE('',*,*,#1141,.F.);
#1144=ORIENTED_EDGE('',*,*,#1143,.F.);
#1146=ORIENTED_EDGE('',*,*,#1145,.F.);
#1148=ORIENTED_EDGE('',*,*,#1147,.F.);
#1150=ORIENTED_EDGE('',*,*,#1149,.F.);
#1152=ORIENTED_EDGE('',*,*,#1151,.F.);
#1154=ORIENTED_EDGE('',*,*,#1153,.F.);
#1156=ORIENTED_EDGE('',*,*,#1155,.F.);
#1157=EDGE_LOOP('',(#1138,#1140,#1142,#1144,#1146,#1148,#1150,#1152,#1154,
#1156));
#1158=FACE_OUTER_BOUND('',#1157,.F.);
#1159=ORIENTED_EDGE('',*,*,#1125,.F.);
#1160=ORIENTED_EDGE('',*,*,#1079,.F.);
#1161=ORIENTED_EDGE('',*,*,#1096,.F.);
#1162=ORIENTED_EDGE('',*,*,#1113,.F.);
#1163=EDGE_LOOP('',(#1159,#1160,#1161,#1162));
#1164=FACE_BOUND('',#1163,.F.);
#1165=ORIENTED_EDGE('',*,*,#1046,.T.);
#1167=ORIENTED_EDGE('',*,*,#1166,.F.);
#1168=ORIENTED_EDGE('',*,*,#1006,.F.);
#1169=ORIENTED_EDGE('',*,*,#1020,.F.);
#1170=EDGE_LOOP('',(#1165,#1167,#1168,#1169));
#1171=FACE_BOUND('',#1170,.F.);
#1173=ORIENTED_EDGE('',*,*,#1172,.F.);
#1175=ORIENTED_EDGE('',*,*,#1174,.T.);
#1177=ORIENTED_EDGE('',*,*,#1176,.F.);
#1179=ORIENTED_EDGE('',*,*,#1178,.T.);
#1181=ORIENTED_EDGE('',*,*,#1180,.F.);
#1183=ORIENTED_EDGE('',*,*,#1182,.T.);
#1185=ORIENTED_EDGE('',*,*,#1184,.F.);
#1187=ORIENTED_EDGE('',*,*,#1186,.T.);
#1188=EDGE_LOOP('',(#1173,#1175,#1177,#1179,#1181,#1183,#1185,#1187));
#1189=FACE_BOUND('',#1188,.F.);
#1190=ADVANCED_FACE('',(#1158,#1164,#1171,#1189),#1136,.T.);
#1191=CARTESIAN_POINT('',(6.935955500570E0,4.362924370480E1,2.044937041980E1));
#1192=DIRECTION('',(-2.756373558170E-1,-6.154597961111E-2,9.592893934950E-1));
#1193=DIRECTION('',(-9.612616959383E-1,1.764802566549E-2,-2.750718071920E-1));
#1194=AXIS2_PLACEMENT_3D('',#1191,#1192,#1193);
#1195=PLANE('',#1194);
#1197=ORIENTED_EDGE('',*,*,#1196,.F.);
#1199=ORIENTED_EDGE('',*,*,#1198,.T.);
#1201=ORIENTED_EDGE('',*,*,#1200,.F.);
#1202=ORIENTED_EDGE('',*,*,#1137,.T.);
#1203=EDGE_LOOP('',(#1197,#1199,#1201,#1202));
#1204=FACE_OUTER_BOUND('',#1203,.F.);
#1205=ADVANCED_FACE('',(#1204),#1195,.F.);
#1206=CARTESIAN_POINT('',(8.004605121294E1,4.394937494414E1,1.545962934539E1));
#1207=DIRECTION('',(0.E0,9.979482148808E-1,6.402624786898E-2));
#1208=DIRECTION('',(-1.E0,0.E0,0.E0));
#1209=AXIS2_PLACEMENT_3D('',#1206,#1207,#1208);
#1210=PLANE('',#1209);
#1211=ORIENTED_EDGE('',*,*,#1196,.T.);
#1212=ORIENTED_EDGE('',*,*,#1155,.T.);
#1214=ORIENTED_EDGE('',*,*,#1213,.F.);
#1216=ORIENTED_EDGE('',*,*,#1215,.T.);
#1217=EDGE_LOOP('',(#1211,#1212,#1214,#1216));
#1218=FACE_OUTER_BOUND('',#1217,.F.);
#1219=ADVANCED_FACE('',(#1218),#1210,.T.);
#1220=CARTESIAN_POINT('',(-7.995395065304E1,4.394937494414E1,1.545962934539E1));
#1221=DIRECTION('',(-1.E0,0.E0,0.E0));
#1222=DIRECTION('',(0.E0,-9.979482148808E-1,-6.402624786898E-2));
#1223=AXIS2_PLACEMENT_3D('',#1220,#1221,#1222);
#1224=PLANE('',#1223);
#1226=ORIENTED_EDGE('',*,*,#1225,.T.);
#1228=ORIENTED_EDGE('',*,*,#1227,.T.);
#1229=ORIENTED_EDGE('',*,*,#1213,.T.);
#1230=ORIENTED_EDGE('',*,*,#1153,.T.);
#1231=EDGE_LOOP('',(#1226,#1228,#1229,#1230));
#1232=FACE_OUTER_BOUND('',#1231,.F.);
#1233=ADVANCED_FACE('',(#1232),#1224,.T.);
#1234=CARTESIAN_POINT('',(-7.995395065304E1,2.598630707629E1,1.430715688375E1));
#1235=DIRECTION('',(0.E0,-9.979482148808E-1,-6.402624786898E-2));
#1236=DIRECTION('',(1.E0,0.E0,0.E0));
#1237=AXIS2_PLACEMENT_3D('',#1234,#1235,#1236);
#1238=PLANE('',#1237);
#1240=ORIENTED_EDGE('',*,*,#1239,.F.);
#1242=ORIENTED_EDGE('',*,*,#1241,.T.);
#1243=ORIENTED_EDGE('',*,*,#1225,.F.);
#1244=ORIENTED_EDGE('',*,*,#1151,.T.);
#1246=ORIENTED_EDGE('',*,*,#1245,.F.);
#1248=ORIENTED_EDGE('',*,*,#1247,.F.);
#1249=EDGE_LOOP('',(#1240,#1242,#1243,#1244,#1246,#1248));
#1250=FACE_OUTER_BOUND('',#1249,.F.);
#1251=ADVANCED_FACE('',(#1250),#1238,.T.);
#1252=CARTESIAN_POINT('',(-7.795394660090E1,2.598646893694E1,1.430716726839E1));
#1253=DIRECTION('',(-1.039701532190E-6,-9.979482148803E-1,-6.402624786895E-2));
#1254=DIRECTION('',(9.999999999995E-1,-1.037568288057E-6,-6.656818802398E-8));
#1255=AXIS2_PLACEMENT_3D('',#1252,#1253,#1254);
#1256=PLANE('',#1255);
#1258=ORIENTED_EDGE('',*,*,#1257,.T.);
#1260=ORIENTED_EDGE('',*,*,#1259,.F.);
#1262=ORIENTED_EDGE('',*,*,#1261,.T.);
#1263=ORIENTED_EDGE('',*,*,#1239,.T.);
#1264=EDGE_LOOP('',(#1258,#1260,#1262,#1263));
#1265=FACE_OUTER_BOUND('',#1264,.F.);
#1266=ADVANCED_FACE('',(#1265),#1256,.T.);
#1267=CARTESIAN_POINT('',(-7.995394920030E1,2.349146383896E1,6.339934236271E0));
#1268=DIRECTION('',(6.670505244218E-8,6.402624786898E-2,-9.979482148808E-1));
#1269=DIRECTION('',(1.039701532169E-6,9.979482148803E-1,6.402624786902E-2));
#1270=AXIS2_PLACEMENT_3D('',#1267,#1268,#1269);
#1271=PLANE('',#1270);
#1273=ORIENTED_EDGE('',*,*,#1272,.F.);
#1275=ORIENTED_EDGE('',*,*,#1274,.F.);
#1277=ORIENTED_EDGE('',*,*,#1276,.F.);
#1278=ORIENTED_EDGE('',*,*,#1257,.F.);
#1279=EDGE_LOOP('',(#1273,#1275,#1277,#1278));
#1280=FACE_OUTER_BOUND('',#1279,.F.);
#1281=ADVANCED_FACE('',(#1280),#1271,.T.);
#1282=CARTESIAN_POINT('',(-7.795394790060E1,2.473896551258E1,1.032354815770E1));
#1283=DIRECTION('',(9.999999999995E-1,-1.041839161608E-6,0.E0));
#1284=DIRECTION('',(0.E0,0.E0,-1.E0));
#1285=AXIS2_PLACEMENT_3D('',#1282,#1283,#1284);
#1286=PLANE('',#1285);
#1287=ORIENTED_EDGE('',*,*,#1247,.T.);
#1289=ORIENTED_EDGE('',*,*,#1288,.T.);
#1291=ORIENTED_EDGE('',*,*,#1290,.T.);
#1292=ORIENTED_EDGE('',*,*,#1272,.T.);
#1293=EDGE_LOOP('',(#1287,#1289,#1291,#1292));
#1294=FACE_OUTER_BOUND('',#1293,.F.);
#1295=ADVANCED_FACE('',(#1294),#1286,.F.);
#1296=CARTESIAN_POINT('',(-7.995394660090E1,2.598647135355E1,1.430716207914E1));
#1297=DIRECTION('',(-6.670505244218E-8,-6.402624786898E-2,9.979482148808E-1));
#1298=DIRECTION('',(-1.039701532169E-6,-9.979482148803E-1,-6.402624786902E-2));
#1299=AXIS2_PLACEMENT_3D('',#1296,#1297,#1298);
#1300=PLANE('',#1299);
#1301=ORIENTED_EDGE('',*,*,#1288,.F.);
#1303=ORIENTED_EDGE('',*,*,#1302,.T.);
#1305=ORIENTED_EDGE('',*,*,#1304,.F.);
#1307=ORIENTED_EDGE('',*,*,#1306,.F.);
#1308=EDGE_LOOP('',(#1301,#1303,#1305,#1307));
#1309=FACE_OUTER_BOUND('',#1308,.F.);
#1310=ADVANCED_FACE('',(#1309),#1300,.T.);
#1311=CARTESIAN_POINT('',(-7.795394660090E1,2.598646893694E1,1.430716726839E1));
#1312=DIRECTION('',(-1.039701532190E-6,-9.979482148803E-1,-6.402624786895E-2));
#1313=DIRECTION('',(9.999999999995E-1,-1.037568288057E-6,-6.656818802398E-8));
#1314=AXIS2_PLACEMENT_3D('',#1311,#1312,#1313);
#1315=PLANE('',#1314);
#1316=ORIENTED_EDGE('',*,*,#1302,.F.);
#1317=ORIENTED_EDGE('',*,*,#1245,.T.);
#1318=ORIENTED_EDGE('',*,*,#1149,.T.);
#1320=ORIENTED_EDGE('',*,*,#1319,.F.);
#1321=EDGE_LOOP('',(#1316,#1317,#1318,#1320));
#1322=FACE_OUTER_BOUND('',#1321,.F.);
#1323=ADVANCED_FACE('',(#1322),#1315,.T.);
#1324=CARTESIAN_POINT('',(7.804605339901E1,2.598630707629E1,1.430715688375E1));
#1325=DIRECTION('',(0.E0,-9.979482148808E-1,-6.402624786898E-2));
#1326=DIRECTION('',(1.E0,0.E0,0.E0));
#1327=AXIS2_PLACEMENT_3D('',#1324,#1325,#1326);
#1328=PLANE('',#1327);
#1330=ORIENTED_EDGE('',*,*,#1329,.F.);
#1332=ORIENTED_EDGE('',*,*,#1331,.T.);
#1333=ORIENTED_EDGE('',*,*,#1259,.T.);
#1335=ORIENTED_EDGE('',*,*,#1334,.F.);
#1336=ORIENTED_EDGE('',*,*,#1319,.T.);
#1337=ORIENTED_EDGE('',*,*,#1147,.T.);
#1338=EDGE_LOOP('',(#1330,#1332,#1333,#1335,#1336,#1337));
#1339=FACE_OUTER_BOUND('',#1338,.F.);
#1340=ADVANCED_FACE('',(#1339),#1328,.T.);
#1341=CARTESIAN_POINT('',(8.004605121294E1,2.598630707629E1,1.430715688375E1));
#1342=DIRECTION('',(1.E0,0.E0,0.E0));
#1343=DIRECTION('',(0.E0,9.979482148808E-1,6.402624786898E-2));
#1344=AXIS2_PLACEMENT_3D('',#1341,#1342,#1343);
#1345=PLANE('',#1344);
#1347=ORIENTED_EDGE('',*,*,#1346,.F.);
#1349=ORIENTED_EDGE('',*,*,#1348,.T.);
#1350=ORIENTED_EDGE('',*,*,#1329,.T.);
#1351=ORIENTED_EDGE('',*,*,#1145,.T.);
#1352=EDGE_LOOP('',(#1347,#1349,#1350,#1351));
#1353=FACE_OUTER_BOUND('',#1352,.F.);
#1355=ORIENTED_EDGE('',*,*,#1354,.F.);
#1357=ORIENTED_EDGE('',*,*,#1356,.F.);
#1359=ORIENTED_EDGE('',*,*,#1358,.F.);
#1361=ORIENTED_EDGE('',*,*,#1360,.F.);
#1363=ORIENTED_EDGE('',*,*,#1362,.F.);
#1365=ORIENTED_EDGE('',*,*,#1364,.F.);
#1367=ORIENTED_EDGE('',*,*,#1366,.F.);
#1369=ORIENTED_EDGE('',*,*,#1368,.F.);
#1371=ORIENTED_EDGE('',*,*,#1370,.F.);
#1373=ORIENTED_EDGE('',*,*,#1372,.F.);
#1375=ORIENTED_EDGE('',*,*,#1374,.F.);
#1377=ORIENTED_EDGE('',*,*,#1376,.F.);
#1378=EDGE_LOOP('',(#1355,#1357,#1359,#1361,#1363,#1365,#1367,#1369,#1371,#1373,
#1375,#1377));
#1379=FACE_BOUND('',#1378,.F.);
#1380=ADVANCED_FACE('',(#1353,#1379),#1345,.T.);
#1381=CARTESIAN_POINT('',(8.004605121294E1,4.394937494414E1,1.545962934539E1));
#1382=DIRECTION('',(0.E0,9.979482148808E-1,6.402624786898E-2));
#1383=DIRECTION('',(-1.E0,0.E0,0.E0));
#1384=AXIS2_PLACEMENT_3D('',#1381,#1382,#1383);
#1385=PLANE('',#1384);
#1387=ORIENTED_EDGE('',*,*,#1386,.T.);
#1389=ORIENTED_EDGE('',*,*,#1388,.T.);
#1390=ORIENTED_EDGE('',*,*,#1346,.T.);
#1391=ORIENTED_EDGE('',*,*,#1143,.T.);
#1393=ORIENTED_EDGE('',*,*,#1392,.T.);
#1395=ORIENTED_EDGE('',*,*,#1394,.T.);
#1397=ORIENTED_EDGE('',*,*,#1396,.T.);
#1398=ORIENTED_EDGE('',*,*,#989,.F.);
#1400=ORIENTED_EDGE('',*,*,#1399,.F.);
#1401=ORIENTED_EDGE('',*,*,#1063,.F.);
#1402=EDGE_LOOP('',(#1387,#1389,#1390,#1391,#1393,#1395,#1397,#1398,#1400,
#1401));
#1403=FACE_OUTER_BOUND('',#1402,.F.);
#1404=ADVANCED_FACE('',(#1403),#1385,.T.);
#1405=CARTESIAN_POINT('',(-8.607529485784E0,4.458963742283E1,5.480147196585E0));
#1406=DIRECTION('',(7.071067811865E-1,4.527339404209E-2,-7.056559500152E-1));
#1407=DIRECTION('',(7.071067811866E-1,-4.527339404209E-2,7.056559500152E-1));
#1408=AXIS2_PLACEMENT_3D('',#1405,#1406,#1407);
#1409=PLANE('',#1408);
#1410=ORIENTED_EDGE('',*,*,#1386,.F.);
#1411=ORIENTED_EDGE('',*,*,#1061,.T.);
#1412=ORIENTED_EDGE('',*,*,#1028,.F.);
#1414=ORIENTED_EDGE('',*,*,#1413,.T.);
#1415=EDGE_LOOP('',(#1410,#1411,#1412,#1414));
#1416=FACE_OUTER_BOUND('',#1415,.F.);
#1417=ADVANCED_FACE('',(#1416),#1409,.F.);
#1418=CARTESIAN_POINT('',(4.605027995014E-2,3.560810348891E1,4.903910965765E0));
#1419=DIRECTION('',(0.E0,6.402624786898E-2,-9.979482148808E-1));
#1420=DIRECTION('',(-1.E0,0.E0,0.E0));
#1421=AXIS2_PLACEMENT_3D('',#1418,#1419,#1420);
#1422=PLANE('',#1421);
#1423=ORIENTED_EDGE('',*,*,#1413,.F.);
#1424=ORIENTED_EDGE('',*,*,#1026,.F.);
#1426=ORIENTED_EDGE('',*,*,#1425,.F.);
#1427=ORIENTED_EDGE('',*,*,#1394,.F.);
#1429=ORIENTED_EDGE('',*,*,#1428,.F.);
#1431=ORIENTED_EDGE('',*,*,#1430,.F.);
#1432=ORIENTED_EDGE('',*,*,#1198,.F.);
#1433=ORIENTED_EDGE('',*,*,#1215,.F.);
#1434=ORIENTED_EDGE('',*,*,#1227,.F.);
#1435=ORIENTED_EDGE('',*,*,#1241,.F.);
#1436=ORIENTED_EDGE('',*,*,#1261,.F.);
#1437=ORIENTED_EDGE('',*,*,#1331,.F.);
#1438=ORIENTED_EDGE('',*,*,#1348,.F.);
#1439=ORIENTED_EDGE('',*,*,#1388,.F.);
#1440=EDGE_LOOP('',(#1423,#1424,#1426,#1427,#1429,#1431,#1432,#1433,#1434,#1435,
#1436,#1437,#1438,#1439));
#1441=FACE_OUTER_BOUND('',#1440,.F.);
#1442=ADVANCED_FACE('',(#1441),#1422,.T.);
#1443=CARTESIAN_POINT('',(2.172885828415E1,4.375729620054E1,1.845347399004E1));
#1444=DIRECTION('',(-2.756373558170E-1,-6.154597961111E-2,9.592893934950E-1));
#1445=DIRECTION('',(-9.612616959383E-1,1.764802566549E-2,-2.750718071920E-1));
#1446=AXIS2_PLACEMENT_3D('',#1443,#1444,#1445);
#1447=PLANE('',#1446);
#1448=ORIENTED_EDGE('',*,*,#1396,.F.);
#1449=ORIENTED_EDGE('',*,*,#1425,.T.);
#1450=ORIENTED_EDGE('',*,*,#1024,.F.);
#1451=ORIENTED_EDGE('',*,*,#991,.F.);
#1452=EDGE_LOOP('',(#1448,#1449,#1450,#1451));
#1453=FACE_OUTER_BOUND('',#1452,.F.);
#1454=ADVANCED_FACE('',(#1453),#1447,.F.);
#1455=CARTESIAN_POINT('',(-3.086344004287E1,4.458963742283E1,5.480147196585E0));
#1456=DIRECTION('',(2.756373558170E-1,6.154597961111E-2,-9.592893934950E-1));
#1457=DIRECTION('',(9.612616959383E-1,-1.764802566549E-2,2.750718071920E-1));
#1458=AXIS2_PLACEMENT_3D('',#1455,#1456,#1457);
#1459=PLANE('',#1458);
#1460=ORIENTED_EDGE('',*,*,#1392,.F.);
#1461=ORIENTED_EDGE('',*,*,#1141,.T.);
#1463=ORIENTED_EDGE('',*,*,#1462,.F.);
#1464=ORIENTED_EDGE('',*,*,#1428,.T.);
#1465=EDGE_LOOP('',(#1460,#1461,#1463,#1464));
#1466=FACE_OUTER_BOUND('',#1465,.F.);
#1467=ADVANCED_FACE('',(#1466),#1459,.F.);
#1468=CARTESIAN_POINT('',(-1.196374227115E1,2.914021734060E1,1.200436509016E1));
#1469=DIRECTION('',(0.E0,-9.979482148808E-1,-6.402624786898E-2));
#1470=DIRECTION('',(0.E0,6.402624786898E-2,-9.979482148808E-1));
#1471=AXIS2_PLACEMENT_3D('',#1468,#1469,#1470);
#1472=PLANE('',#1471);
#1473=ORIENTED_EDGE('',*,*,#1430,.T.);
#1474=ORIENTED_EDGE('',*,*,#1462,.T.);
#1475=ORIENTED_EDGE('',*,*,#1139,.T.);
#1476=ORIENTED_EDGE('',*,*,#1200,.T.);
#1477=EDGE_LOOP('',(#1473,#1474,#1475,#1476));
#1478=FACE_OUTER_BOUND('',#1477,.F.);
#1479=ADVANCED_FACE('',(#1478),#1472,.F.);
#1480=CARTESIAN_POINT('',(7.804605121294E1,4.446158492709E1,7.476043626347E0));
#1481=DIRECTION('',(1.E0,0.E0,0.E0));
#1482=DIRECTION('',(0.E0,-6.402624786898E-2,9.979482148808E-1));
#1483=AXIS2_PLACEMENT_3D('',#1480,#1481,#1482);
#1484=PLANE('',#1483);
#1485=ORIENTED_EDGE('',*,*,#1399,.T.);
#1486=ORIENTED_EDGE('',*,*,#987,.T.);
#1487=ORIENTED_EDGE('',*,*,#1100,.F.);
#1488=ORIENTED_EDGE('',*,*,#1065,.F.);
#1489=EDGE_LOOP('',(#1485,#1486,#1487,#1488));
#1490=FACE_OUTER_BOUND('',#1489,.F.);
#1492=ORIENTED_EDGE('',*,*,#1491,.F.);
#1494=ORIENTED_EDGE('',*,*,#1493,.F.);
#1496=ORIENTED_EDGE('',*,*,#1495,.F.);
#1498=ORIENTED_EDGE('',*,*,#1497,.F.);
#1500=ORIENTED_EDGE('',*,*,#1499,.F.);
#1502=ORIENTED_EDGE('',*,*,#1501,.F.);
#1504=ORIENTED_EDGE('',*,*,#1503,.F.);
#1506=ORIENTED_EDGE('',*,*,#1505,.F.);
#1508=ORIENTED_EDGE('',*,*,#1507,.F.);
#1510=ORIENTED_EDGE('',*,*,#1509,.F.);
#1512=ORIENTED_EDGE('',*,*,#1511,.F.);
#1514=ORIENTED_EDGE('',*,*,#1513,.F.);
#1515=EDGE_LOOP('',(#1492,#1494,#1496,#1498,#1500,#1502,#1504,#1506,#1508,#1510,
#1512,#1514));
#1516=FACE_BOUND('',#1515,.F.);
#1517=ADVANCED_FACE('',(#1490,#1516),#1484,.F.);
#1518=CARTESIAN_POINT('',(7.804605121294E1,3.108809408446E1,1.288087874706E1));
#1519=DIRECTION('',(0.E0,-9.979482148808E-1,-6.402624786897E-2));
#1520=DIRECTION('',(0.E0,6.402624786897E-2,-9.979482148808E-1));
#1521=AXIS2_PLACEMENT_3D('',#1518,#1519,#1520);
#1522=PLANE('',#1521);
#1523=ORIENTED_EDGE('',*,*,#1354,.T.);
#1525=ORIENTED_EDGE('',*,*,#1524,.F.);
#1526=ORIENTED_EDGE('',*,*,#1491,.T.);
#1528=ORIENTED_EDGE('',*,*,#1527,.T.);
#1529=EDGE_LOOP('',(#1523,#1525,#1526,#1528));
#1530=FACE_OUTER_BOUND('',#1529,.F.);
#1531=ADVANCED_FACE('',(#1530),#1522,.F.);
#1532=CARTESIAN_POINT('',(7.804605121294E1,3.757475748119E1,1.329704935820E1));
#1533=DIRECTION('',(0.E0,-6.402624786899E-2,9.979482148808E-1));
#1534=DIRECTION('',(0.E0,-9.979482148808E-1,-6.402624786899E-2));
#1535=AXIS2_PLACEMENT_3D('',#1532,#1533,#1534);
#1536=PLANE('',#1535);
#1537=ORIENTED_EDGE('',*,*,#1376,.T.);
#1539=ORIENTED_EDGE('',*,*,#1538,.F.);
#1540=ORIENTED_EDGE('',*,*,#1493,.T.);
#1541=ORIENTED_EDGE('',*,*,#1524,.T.);
#1542=EDGE_LOOP('',(#1537,#1539,#1540,#1541));
#1543=FACE_OUTER_BOUND('',#1542,.F.);
#1544=ADVANCED_FACE('',(#1543),#1536,.F.);
#1545=CARTESIAN_POINT('',(7.804605121294E1,3.736344594716E1,1.659066682264E1));
#1546=DIRECTION('',(0.E0,-9.979482148808E-1,-6.402624786899E-2));
#1547=DIRECTION('',(0.E0,6.402624786899E-2,-9.979482148808E-1));
#1548=AXIS2_PLACEMENT_3D('',#1545,#1546,#1547);
#1549=PLANE('',#1548);
#1550=ORIENTED_EDGE('',*,*,#1374,.T.);
#1552=ORIENTED_EDGE('',*,*,#1551,.F.);
#1553=ORIENTED_EDGE('',*,*,#1495,.T.);
#1554=ORIENTED_EDGE('',*,*,#1538,.T.);
#1555=EDGE_LOOP('',(#1550,#1552,#1553,#1554));
#1556=FACE_OUTER_BOUND('',#1555,.F.);
#1557=ADVANCED_FACE('',(#1556),#1549,.F.);
#1558=CARTESIAN_POINT('',(7.804605121294E1,3.886036826949E1,1.668670619445E1));
#1559=DIRECTION('',(0.E0,-6.402624786897E-2,9.979482148808E-1));
#1560=DIRECTION('',(0.E0,-9.979482148808E-1,-6.402624786897E-2));
#1561=AXIS2_PLACEMENT_3D('',#1558,#1559,#1560);
#1562=PLANE('',#1561);
#1563=ORIENTED_EDGE('',*,*,#1372,.T.);
#1565=ORIENTED_EDGE('',*,*,#1564,.F.);
#1566=ORIENTED_EDGE('',*,*,#1497,.T.);
#1567=ORIENTED_EDGE('',*,*,#1551,.T.);
#1568=EDGE_LOOP('',(#1563,#1565,#1566,#1567));
#1569=FACE_OUTER_BOUND('',#1568,.F.);
#1570=ADVANCED_FACE('',(#1569),#1562,.F.);
#1571=CARTESIAN_POINT('',(7.804605121294E1,3.907167980351E1,1.339308873001E1));
#1572=DIRECTION('',(0.E0,9.979482148808E-1,6.402624786898E-2));
#1573=DIRECTION('',(0.E0,-6.402624786898E-2,9.979482148808E-1));
#1574=AXIS2_PLACEMENT_3D('',#1571,#1572,#1573);
#1575=PLANE('',#1574);
#1576=ORIENTED_EDGE('',*,*,#1370,.T.);
#1578=ORIENTED_EDGE('',*,*,#1577,.F.);
#1579=ORIENTED_EDGE('',*,*,#1499,.T.);
#1580=ORIENTED_EDGE('',*,*,#1564,.T.);
#1581=EDGE_LOOP('',(#1576,#1578,#1579,#1580));
#1582=FACE_OUTER_BOUND('',#1581,.F.);
#1583=ADVANCED_FACE('',(#1582),#1575,.F.);
#1584=CARTESIAN_POINT('',(7.804605121294E1,4.206552444815E1,1.358516747361E1));
#1585=DIRECTION('',(0.E0,-6.402624786899E-2,9.979482148808E-1));
#1586=DIRECTION('',(0.E0,-9.979482148808E-1,-6.402624786899E-2));
#1587=AXIS2_PLACEMENT_3D('',#1584,#1585,#1586);
#1588=PLANE('',#1587);
#1589=ORIENTED_EDGE('',*,*,#1368,.T.);
#1591=ORIENTED_EDGE('',*,*,#1590,.F.);
#1592=ORIENTED_EDGE('',*,*,#1501,.T.);
#1593=ORIENTED_EDGE('',*,*,#1577,.T.);
#1594=EDGE_LOOP('',(#1589,#1591,#1592,#1593));
#1595=FACE_OUTER_BOUND('',#1594,.F.);
#1596=ADVANCED_FACE('',(#1595),#1588,.F.);
#1597=CARTESIAN_POINT('',(7.804605121294E1,4.216156381996E1,1.208824515129E1));
#1598=DIRECTION('',(0.E0,9.979482148808E-1,6.402624786900E-2));
#1599=DIRECTION('',(0.E0,-6.402624786900E-2,9.979482148808E-1));
#1600=AXIS2_PLACEMENT_3D('',#1597,#1598,#1599);
#1601=PLANE('',#1600);
#1602=ORIENTED_EDGE('',*,*,#1366,.T.);
#1604=ORIENTED_EDGE('',*,*,#1603,.F.);
#1605=ORIENTED_EDGE('',*,*,#1503,.T.);
#1606=ORIENTED_EDGE('',*,*,#1590,.T.);
#1607=EDGE_LOOP('',(#1602,#1604,#1605,#1606));
#1608=FACE_OUTER_BOUND('',#1607,.F.);
#1609=ADVANCED_FACE('',(#1608),#1601,.F.);
#1610=CARTESIAN_POINT('',(7.804605121294E1,3.916771917531E1,1.189616640769E1));
#1611=DIRECTION('',(0.E0,6.402624786898E-2,-9.979482148808E-1));
#1612=DIRECTION('',(0.E0,9.979482148808E-1,6.402624786898E-2));
#1613=AXIS2_PLACEMENT_3D('',#1610,#1611,#1612);
#1614=PLANE('',#1613);
#1615=ORIENTED_EDGE('',*,*,#1364,.T.);
#1617=ORIENTED_EDGE('',*,*,#1616,.F.);
#1618=ORIENTED_EDGE('',*,*,#1505,.T.);
#1619=ORIENTED_EDGE('',*,*,#1603,.T.);
#1620=EDGE_LOOP('',(#1615,#1617,#1618,#1619));
#1621=FACE_OUTER_BOUND('',#1620,.F.);
#1622=ADVANCED_FACE('',(#1621),#1614,.F.);
#1623=CARTESIAN_POINT('',(7.804605121294E1,3.937903070934E1,8.602548943247E0));
#1624=DIRECTION('',(0.E0,9.979482148808E-1,6.402624786898E-2));
#1625=DIRECTION('',(0.E0,-6.402624786898E-2,9.979482148808E-1));
#1626=AXIS2_PLACEMENT_3D('',#1623,#1624,#1625);
#1627=PLANE('',#1626);
#1628=ORIENTED_EDGE('',*,*,#1362,.T.);
#1630=ORIENTED_EDGE('',*,*,#1629,.F.);
#1631=ORIENTED_EDGE('',*,*,#1507,.T.);
#1632=ORIENTED_EDGE('',*,*,#1616,.T.);
#1633=EDGE_LOOP('',(#1628,#1630,#1631,#1632));
#1634=FACE_OUTER_BOUND('',#1633,.F.);
#1635=ADVANCED_FACE('',(#1634),#1627,.F.);
#1636=CARTESIAN_POINT('',(7.804605121294E1,3.788210838702E1,8.506509571443E0));
#1637=DIRECTION('',(0.E0,6.402624786899E-2,-9.979482148808E-1));
#1638=DIRECTION('',(0.E0,9.979482148808E-1,6.402624786899E-2));
#1639=AXIS2_PLACEMENT_3D('',#1636,#1637,#1638);
#1640=PLANE('',#1639);
#1641=ORIENTED_EDGE('',*,*,#1360,.T.);
#1643=ORIENTED_EDGE('',*,*,#1642,.F.);
#1644=ORIENTED_EDGE('',*,*,#1509,.T.);
#1645=ORIENTED_EDGE('',*,*,#1629,.T.);
#1646=EDGE_LOOP('',(#1641,#1643,#1644,#1645));
#1647=FACE_OUTER_BOUND('',#1646,.F.);
#1648=ADVANCED_FACE('',(#1647),#1640,.F.);
#1649=CARTESIAN_POINT('',(7.804605121294E1,3.767079685299E1,1.180012703588E1));
#1650=DIRECTION('',(0.E0,-9.979482148808E-1,-6.402624786898E-2));
#1651=DIRECTION('',(0.E0,6.402624786898E-2,-9.979482148808E-1));
#1652=AXIS2_PLACEMENT_3D('',#1649,#1650,#1651);
#1653=PLANE('',#1652);
#1654=ORIENTED_EDGE('',*,*,#1358,.T.);
#1656=ORIENTED_EDGE('',*,*,#1655,.F.);
#1657=ORIENTED_EDGE('',*,*,#1511,.T.);
#1658=ORIENTED_EDGE('',*,*,#1642,.T.);
#1659=EDGE_LOOP('',(#1654,#1656,#1657,#1658));
#1660=FACE_OUTER_BOUND('',#1659,.F.);
#1661=ADVANCED_FACE('',(#1660),#1653,.F.);
#1662=CARTESIAN_POINT('',(7.804605121294E1,3.118413345627E1,1.138395642473E1));
#1663=DIRECTION('',(0.E0,6.402624786898E-2,-9.979482148808E-1));
#1664=DIRECTION('',(0.E0,9.979482148808E-1,6.402624786898E-2));
#1665=AXIS2_PLACEMENT_3D('',#1662,#1663,#1664);
#1666=PLANE('',#1665);
#1667=ORIENTED_EDGE('',*,*,#1356,.T.);
#1668=ORIENTED_EDGE('',*,*,#1527,.F.);
#1669=ORIENTED_EDGE('',*,*,#1513,.T.);
#1670=ORIENTED_EDGE('',*,*,#1655,.T.);
#1671=EDGE_LOOP('',(#1667,#1668,#1669,#1670));
#1672=FACE_OUTER_BOUND('',#1671,.F.);
#1673=ADVANCED_FACE('',(#1672),#1666,.F.);
#1674=CARTESIAN_POINT('',(7.804605209931E1,2.473880298567E1,1.032354815770E1));
#1675=DIRECTION('',(9.999999999995E-1,-1.041839162255E-6,0.E0));
#1676=DIRECTION('',(0.E0,0.E0,-1.E0));
#1677=AXIS2_PLACEMENT_3D('',#1674,#1675,#1676);
#1678=PLANE('',#1677);
#1679=ORIENTED_EDGE('',*,*,#1334,.T.);
#1680=ORIENTED_EDGE('',*,*,#1276,.T.);
#1682=ORIENTED_EDGE('',*,*,#1681,.T.);
#1683=ORIENTED_EDGE('',*,*,#1304,.T.);
#1684=EDGE_LOOP('',(#1679,#1680,#1682,#1683));
#1685=FACE_OUTER_BOUND('',#1684,.F.);
#1686=ADVANCED_FACE('',(#1685),#1678,.T.);
#1687=CARTESIAN_POINT('',(-1.534061592558E2,2.266470014770E1,1.922752424834E1));
#1688=DIRECTION('',(1.043981189213E-6,9.979482148803E-1,6.402624786863E-2));
#1689=DIRECTION('',(-9.999999999994E-1,1.024244543542E-6,3.410816049758E-7));
#1690=AXIS2_PLACEMENT_3D('',#1687,#1688,#1689);
#1691=PLANE('',#1690);
#1692=ORIENTED_EDGE('',*,*,#1681,.F.);
#1694=ORIENTED_EDGE('',*,*,#1693,.F.);
#1696=ORIENTED_EDGE('',*,*,#1695,.T.);
#1698=ORIENTED_EDGE('',*,*,#1697,.F.);
#1699=EDGE_LOOP('',(#1692,#1694,#1696,#1698));
#1700=FACE_OUTER_BOUND('',#1699,.F.);
#1701=ADVANCED_FACE('',(#1700),#1691,.T.);
#1702=CARTESIAN_POINT('',(-7.995394920030E1,2.349146383896E1,6.339934236271E0));
#1703=DIRECTION('',(-7.194062973992E-7,-6.905156990276E-1,7.233174057050E-1));
#1704=DIRECTION('',(-7.535804000072E-7,-7.233174057046E-1,-6.905156990280E-1));
#1705=AXIS2_PLACEMENT_3D('',#1702,#1703,#1704);
#1706=PLANE('',#1705);
#1708=ORIENTED_EDGE('',*,*,#1707,.F.);
#1710=ORIENTED_EDGE('',*,*,#1709,.F.);
#1711=ORIENTED_EDGE('',*,*,#1693,.T.);
#1712=ORIENTED_EDGE('',*,*,#1274,.T.);
#1714=ORIENTED_EDGE('',*,*,#1713,.T.);
#1716=ORIENTED_EDGE('',*,*,#1715,.F.);
#1717=EDGE_LOOP('',(#1708,#1710,#1711,#1712,#1714,#1716));
#1718=FACE_OUTER_BOUND('',#1717,.F.);
#1719=ADVANCED_FACE('',(#1718),#1706,.F.);
#1720=CARTESIAN_POINT('',(-7.995395031949E1,2.241721710125E1,5.590907276948E0));
#1721=DIRECTION('',(9.999999999995E-1,-1.041839162255E-6,0.E0));
#1722=DIRECTION('',(-3.789415457898E-7,-3.637236528616E-1,-9.315068997860E-1));
#1723=AXIS2_PLACEMENT_3D('',#1720,#1721,#1722);
#1724=CYLINDRICAL_SURFACE('',#1723,2.E-1);
#1726=ORIENTED_EDGE('',*,*,#1725,.F.);
#1728=ORIENTED_EDGE('',*,*,#1727,.F.);
#1729=ORIENTED_EDGE('',*,*,#1707,.T.);
#1731=ORIENTED_EDGE('',*,*,#1730,.F.);
#1733=ORIENTED_EDGE('',*,*,#1732,.F.);
#1735=ORIENTED_EDGE('',*,*,#1734,.T.);
#1736=EDGE_LOOP('',(#1726,#1728,#1729,#1731,#1733,#1735));
#1737=FACE_OUTER_BOUND('',#1736,.F.);
#1738=ADVANCED_FACE('',(#1737),#1724,.T.);
#1739=CARTESIAN_POINT('',(8.004605070151E1,2.335244440826E1,6.965052636066E-1));
#1740=DIRECTION('',(9.999999999995E-1,-1.041839164556E-6,-6.684219841752E-8));
#1741=DIRECTION('',(-1.043981189626E-6,-9.979482148803E-1,-6.402624786892E-2));
#1742=AXIS2_PLACEMENT_3D('',#1739,#1740,#1741);
#1743=PLANE('',#1742);
#1744=ORIENTED_EDGE('',*,*,#1727,.T.);
#1745=ORIENTED_EDGE('',*,*,#1725,.T.);
#1747=ORIENTED_EDGE('',*,*,#1746,.F.);
#1749=ORIENTED_EDGE('',*,*,#1748,.T.);
#1751=ORIENTED_EDGE('',*,*,#1750,.T.);
#1752=ORIENTED_EDGE('',*,*,#1695,.F.);
#1753=ORIENTED_EDGE('',*,*,#1709,.T.);
#1754=EDGE_LOOP('',(#1744,#1745,#1747,#1749,#1751,#1752,#1753));
#1755=FACE_OUTER_BOUND('',#1754,.F.);
#1756=ADVANCED_FACE('',(#1755),#1743,.T.);
#1757=CARTESIAN_POINT('',(-7.995395049882E1,2.224508840460E1,5.150080656750E0));
#1758=DIRECTION('',(1.039701532165E-6,9.979482148803E-1,6.402624786902E-2));
#1759=DIRECTION('',(-6.670505244246E-8,-6.402624786898E-2,9.979482148808E-1));
#1760=AXIS2_PLACEMENT_3D('',#1757,#1758,#1759);
#1761=PLANE('',#1760);
#1762=ORIENTED_EDGE('',*,*,#1734,.F.);
#1764=ORIENTED_EDGE('',*,*,#1763,.T.);
#1766=ORIENTED_EDGE('',*,*,#1765,.F.);
#1767=ORIENTED_EDGE('',*,*,#1746,.T.);
#1768=EDGE_LOOP('',(#1762,#1764,#1766,#1767));
#1769=FACE_OUTER_BOUND('',#1768,.F.);
#1770=ADVANCED_FACE('',(#1769),#1761,.F.);
#1771=CARTESIAN_POINT('',(-7.995394929862E1,2.335240746820E1,
6.965028936105E-1));
#1772=DIRECTION('',(9.999999999995E-1,-1.041839162259E-6,-6.684219827013E-8));
#1773=DIRECTION('',(-1.043981187324E-6,-9.979482148803E-1,-6.402624786892E-2));
#1774=AXIS2_PLACEMENT_3D('',#1771,#1772,#1773);
#1775=PLANE('',#1774);
#1776=ORIENTED_EDGE('',*,*,#1732,.T.);
#1777=ORIENTED_EDGE('',*,*,#1730,.T.);
#1778=ORIENTED_EDGE('',*,*,#1715,.T.);
#1780=ORIENTED_EDGE('',*,*,#1779,.T.);
#1782=ORIENTED_EDGE('',*,*,#1781,.T.);
#1784=ORIENTED_EDGE('',*,*,#1783,.T.);
#1786=ORIENTED_EDGE('',*,*,#1785,.T.);
#1787=ORIENTED_EDGE('',*,*,#1763,.F.);
#1788=EDGE_LOOP('',(#1776,#1777,#1778,#1780,#1782,#1784,#1786,#1787));
#1789=FACE_OUTER_BOUND('',#1788,.F.);
#1790=ADVANCED_FACE('',(#1789),#1775,.F.);
#1791=CARTESIAN_POINT('',(-1.534061592558E2,2.266470014770E1,1.922752424834E1));
#1792=DIRECTION('',(1.043981189213E-6,9.979482148803E-1,6.402624786863E-2));
#1793=DIRECTION('',(-9.999999999994E-1,1.024244543542E-6,3.410816049758E-7));
#1794=AXIS2_PLACEMENT_3D('',#1791,#1792,#1793);
#1795=PLANE('',#1794);
#1796=ORIENTED_EDGE('',*,*,#1290,.F.);
#1798=ORIENTED_EDGE('',*,*,#1797,.F.);
#1799=ORIENTED_EDGE('',*,*,#1779,.F.);
#1800=ORIENTED_EDGE('',*,*,#1713,.F.);
#1801=EDGE_LOOP('',(#1796,#1798,#1799,#1800));
#1802=FACE_OUTER_BOUND('',#1801,.F.);
#1803=ADVANCED_FACE('',(#1802),#1795,.T.);
#1804=CARTESIAN_POINT('',(-7.995395116630E1,2.160441885598E1,1.513590762068E1));
#1805=DIRECTION('',(-6.172082278966E-7,-5.924217962400E-1,-8.056279633549E-1));
#1806=DIRECTION('',(8.393347624343E-7,8.056279633545E-1,-5.924217962403E-1));
#1807=AXIS2_PLACEMENT_3D('',#1804,#1805,#1806);
#1808=PLANE('',#1807);
#1810=ORIENTED_EDGE('',*,*,#1809,.F.);
#1811=ORIENTED_EDGE('',*,*,#1781,.F.);
#1812=ORIENTED_EDGE('',*,*,#1797,.T.);
#1813=ORIENTED_EDGE('',*,*,#1306,.T.);
#1814=ORIENTED_EDGE('',*,*,#1697,.T.);
#1815=ORIENTED_EDGE('',*,*,#1750,.F.);
#1816=EDGE_LOOP('',(#1810,#1811,#1812,#1813,#1814,#1815));
#1817=FACE_OUTER_BOUND('',#1816,.F.);
#1818=ADVANCED_FACE('',(#1817),#1808,.F.);
#1819=CARTESIAN_POINT('',(-7.995395092975E1,2.183146944529E1,1.472069149962E1));
#1820=DIRECTION('',(9.999999999995E-1,-1.041839162255E-6,0.E0));
#1821=DIRECTION('',(-4.998521627158E-7,-4.797786268983E-1,8.773895766256E-1));
#1822=AXIS2_PLACEMENT_3D('',#1819,#1820,#1821);
#1823=CYLINDRICAL_SURFACE('',#1822,2.E-1);
#1824=ORIENTED_EDGE('',*,*,#1748,.F.);
#1825=ORIENTED_EDGE('',*,*,#1765,.T.);
#1826=ORIENTED_EDGE('',*,*,#1785,.F.);
#1827=ORIENTED_EDGE('',*,*,#1783,.F.);
#1828=ORIENTED_EDGE('',*,*,#1809,.T.);
#1829=EDGE_LOOP('',(#1824,#1825,#1826,#1827,#1828));
#1830=FACE_OUTER_BOUND('',#1829,.F.);
#1831=ADVANCED_FACE('',(#1830),#1823,.T.);
#1832=CARTESIAN_POINT('',(3.144777662519E1,4.163334727504E1,2.032131792406E1));
#1833=DIRECTION('',(0.E0,9.979482148808E-1,6.402624786898E-2));
#1834=DIRECTION('',(1.E0,0.E0,0.E0));
#1835=AXIS2_PLACEMENT_3D('',#1832,#1833,#1834);
#1836=PLANE('',#1835);
#1837=ORIENTED_EDGE('',*,*,#1044,.T.);
#1838=ORIENTED_EDGE('',*,*,#978,.T.);
#1839=ORIENTED_EDGE('',*,*,#1008,.F.);
#1840=ORIENTED_EDGE('',*,*,#1166,.T.);
#1841=EDGE_LOOP('',(#1837,#1838,#1839,#1840));
#1842=FACE_OUTER_BOUND('',#1841,.F.);
#1843=ADVANCED_FACE('',(#1842),#1836,.F.);
#1844=CARTESIAN_POINT('',(-6.064044488981E0,2.965805596644E1,1.955300854869E1));
#1845=DIRECTION('',(7.071067811865E-1,4.527339404209E-2,-7.056559500152E-1));
#1846=DIRECTION('',(0.E0,-9.979482148808E-1,-6.402624786898E-2));
#1847=AXIS2_PLACEMENT_3D('',#1844,#1845,#1846);
#1848=PLANE('',#1847);
#1850=ORIENTED_EDGE('',*,*,#1849,.T.);
#1852=ORIENTED_EDGE('',*,*,#1851,.T.);
#1854=ORIENTED_EDGE('',*,*,#1853,.T.);
#1855=ORIENTED_EDGE('',*,*,#1172,.T.);
#1856=EDGE_LOOP('',(#1850,#1852,#1854,#1855));
#1857=FACE_OUTER_BOUND('',#1856,.F.);
#1858=ADVANCED_FACE('',(#1857),#1848,.F.);
#1859=CARTESIAN_POINT('',(-1.851709999816E1,4.279233598660E1,9.334138344219E0));
#1860=DIRECTION('',(-5.773502711362E-1,6.131312381805E-1,-5.392001012483E-1));
#1861=DIRECTION('',(4.082482939050E-1,-3.551334396232E-1,-8.409599102127E-1));
#1862=AXIS2_PLACEMENT_3D('',#1859,#1860,#1861);
#1863=CYLINDRICAL_SURFACE('',#1862,1.E0);
#1865=ORIENTED_EDGE('',*,*,#1864,.F.);
#1867=ORIENTED_EDGE('',*,*,#1866,.F.);
#1868=ORIENTED_EDGE('',*,*,#1849,.F.);
#1869=ORIENTED_EDGE('',*,*,#1186,.F.);
#1871=ORIENTED_EDGE('',*,*,#1870,.F.);
#1872=EDGE_LOOP('',(#1865,#1867,#1868,#1869,#1871));
#1873=FACE_OUTER_BOUND('',#1872,.F.);
#1874=ADVANCED_FACE('',(#1873),#1863,.F.);
#1875=CARTESIAN_POINT('',(-4.200899756579E1,3.590180624938E1,1.594537035357E1));
#1876=DIRECTION('',(0.E0,-6.402624786898E-2,9.979482148808E-1));
#1877=DIRECTION('',(1.E0,0.E0,0.E0));
#1878=AXIS2_PLACEMENT_3D('',#1875,#1876,#1877);
#1879=PLANE('',#1878);
#1881=ORIENTED_EDGE('',*,*,#1880,.T.);
#1883=ORIENTED_EDGE('',*,*,#1882,.T.);
#1885=ORIENTED_EDGE('',*,*,#1884,.F.);
#1887=ORIENTED_EDGE('',*,*,#1886,.T.);
#1889=ORIENTED_EDGE('',*,*,#1888,.T.);
#1891=ORIENTED_EDGE('',*,*,#1890,.F.);
#1893=ORIENTED_EDGE('',*,*,#1892,.T.);
#1895=ORIENTED_EDGE('',*,*,#1894,.T.);
#1896=ORIENTED_EDGE('',*,*,#1851,.F.);
#1897=ORIENTED_EDGE('',*,*,#1866,.T.);
#1898=ORIENTED_EDGE('',*,*,#1864,.T.);
#1900=ORIENTED_EDGE('',*,*,#1899,.F.);
#1901=EDGE_LOOP('',(#1881,#1883,#1885,#1887,#1889,#1891,#1893,#1895,#1896,#1897,
#1898,#1900));
#1902=FACE_OUTER_BOUND('',#1901,.F.);
#1903=ADVANCED_FACE('',(#1902),#1879,.T.);
#1904=CARTESIAN_POINT('',(-7.548256057194E1,3.219206162016E1,1.865623492773E1));
#1905=DIRECTION('',(5.773502672430E-1,6.131312457017E-1,-5.392000968645E-1));
#1906=DIRECTION('',(-4.082482870227E-1,-3.551334408206E-1,-8.409599130481E-1));
#1907=AXIS2_PLACEMENT_3D('',#1904,#1905,#1906);
#1908=CYLINDRICAL_SURFACE('',#1907,1.E0);
#1909=ORIENTED_EDGE('',*,*,#1882,.F.);
#1910=ORIENTED_EDGE('',*,*,#1880,.F.);
#1912=ORIENTED_EDGE('',*,*,#1911,.F.);
#1913=ORIENTED_EDGE('',*,*,#1182,.F.);
#1915=ORIENTED_EDGE('',*,*,#1914,.F.);
#1916=EDGE_LOOP('',(#1909,#1910,#1912,#1913,#1915));
#1917=FACE_OUTER_BOUND('',#1916,.F.);
#1918=ADVANCED_FACE('',(#1917),#1908,.F.);
#1919=CARTESIAN_POINT('',(-7.795395064259E1,2.965805524078E1,1.955300850213E1));
#1920=DIRECTION('',(7.152234543846E-9,-6.603825559732E-1,-7.509293440573E-1));
#1921=DIRECTION('',(-1.E0,-1.009403372354E-8,-6.476118655685E-10));
#1922=AXIS2_PLACEMENT_3D('',#1919,#1920,#1921);
#1923=PLANE('',#1922);
#1924=ORIENTED_EDGE('',*,*,#1911,.T.);
#1925=ORIENTED_EDGE('',*,*,#1899,.T.);
#1926=ORIENTED_EDGE('',*,*,#1870,.T.);
#1927=ORIENTED_EDGE('',*,*,#1184,.T.);
#1928=EDGE_LOOP('',(#1924,#1925,#1926,#1927));
#1929=FACE_OUTER_BOUND('',#1928,.F.);
#1930=ADVANCED_FACE('',(#1929),#1923,.F.);
#1931=CARTESIAN_POINT('',(-7.795395064259E1,4.163334727504E1,2.032131792406E1));
#1932=DIRECTION('',(-7.071067811865E-1,4.527339404209E-2,-7.056559500152E-1));
#1933=DIRECTION('',(0.E0,9.979482148808E-1,6.402624786898E-2));
#1934=AXIS2_PLACEMENT_3D('',#1931,#1932,#1933);
#1935=PLANE('',#1934);
#1936=ORIENTED_EDGE('',*,*,#1914,.T.);
#1937=ORIENTED_EDGE('',*,*,#1180,.T.);
#1939=ORIENTED_EDGE('',*,*,#1938,.T.);
#1940=ORIENTED_EDGE('',*,*,#1884,.T.);
#1941=EDGE_LOOP('',(#1936,#1937,#1939,#1940));
#1942=FACE_OUTER_BOUND('',#1941,.F.);
#1943=ADVANCED_FACE('',(#1942),#1935,.F.);
#1944=CARTESIAN_POINT('',(-6.550089509620E1,2.991261835576E1,8.507802850616E0));
#1945=DIRECTION('',(5.773502691896E-1,-5.392000990564E-1,-6.131312419411E-1));
#1946=DIRECTION('',(-4.082482904639E-1,4.596878651712E-1,-7.886826991558E-1));
#1947=AXIS2_PLACEMENT_3D('',#1944,#1945,#1946);
#1948=CYLINDRICAL_SURFACE('',#1947,1.E0);
#1949=ORIENTED_EDGE('',*,*,#1888,.F.);
#1950=ORIENTED_EDGE('',*,*,#1886,.F.);
#1951=ORIENTED_EDGE('',*,*,#1938,.F.);
#1952=ORIENTED_EDGE('',*,*,#1178,.F.);
#1954=ORIENTED_EDGE('',*,*,#1953,.F.);
#1955=EDGE_LOOP('',(#1949,#1950,#1951,#1952,#1954));
#1956=FACE_OUTER_BOUND('',#1955,.F.);
#1957=ADVANCED_FACE('',(#1956),#1948,.F.);
#1958=CARTESIAN_POINT('',(-6.064044488981E0,4.163334727504E1,2.032131792406E1));
#1959=DIRECTION('',(0.E0,7.509293440573E-1,-6.603825559731E-1));
#1960=DIRECTION('',(1.E0,0.E0,0.E0));
#1961=AXIS2_PLACEMENT_3D('',#1958,#1959,#1960);
#1962=PLANE('',#1961);
#1963=ORIENTED_EDGE('',*,*,#1953,.T.);
#1964=ORIENTED_EDGE('',*,*,#1176,.T.);
#1966=ORIENTED_EDGE('',*,*,#1965,.T.);
#1967=ORIENTED_EDGE('',*,*,#1890,.T.);
#1968=EDGE_LOOP('',(#1963,#1964,#1966,#1967));
#1969=FACE_OUTER_BOUND('',#1968,.F.);
#1970=ADVANCED_FACE('',(#1969),#1962,.F.);
#1971=CARTESIAN_POINT('',(-8.535434434872E0,3.923471512743E1,1.910807681406E1));
#1972=DIRECTION('',(-5.773502691896E-1,-5.392000990564E-1,-6.131312419411E-1));
#1973=DIRECTION('',(4.082482904639E-1,4.596878651712E-1,-7.886826991558E-1));
#1974=AXIS2_PLACEMENT_3D('',#1971,#1972,#1973);
#1975=CYLINDRICAL_SURFACE('',#1974,1.E0);
#1976=ORIENTED_EDGE('',*,*,#1894,.F.);
#1977=ORIENTED_EDGE('',*,*,#1892,.F.);
#1978=ORIENTED_EDGE('',*,*,#1965,.F.);
#1979=ORIENTED_EDGE('',*,*,#1174,.F.);
#1980=ORIENTED_EDGE('',*,*,#1853,.F.);
#1981=EDGE_LOOP('',(#1976,#1977,#1978,#1979,#1980));
#1982=FACE_OUTER_BOUND('',#1981,.F.);
#1983=ADVANCED_FACE('',(#1982),#1975,.F.);
#1987=DIMENSIONAL_EXPONENTS(0.E0,0.E0,0.E0,0.E0,0.E0,0.E0,0.E0);
#1989=PLANE_ANGLE_MEASURE_WITH_UNIT(PLANE_ANGLE_MEASURE(1.745329251994E-2),
#1988);
#1990=(CONVERSION_BASED_UNIT('DEGREE',#1989)NAMED_UNIT(*)PLANE_ANGLE_UNIT());
#1992=UNCERTAINTY_MEASURE_WITH_UNIT(LENGTH_MEASURE(1.624360104408E-2),#1986,
'closure',
'Maximum model space distance between geometric entities at asserted connectivities');
#1993=(GEOMETRIC_REPRESENTATION_CONTEXT(3)GLOBAL_UNCERTAINTY_ASSIGNED_CONTEXT((
#1992))GLOBAL_UNIT_ASSIGNED_CONTEXT((#1986,#1990,#1991))REPRESENTATION_CONTEXT(
'ID1','3'));
#1994=CARTESIAN_POINT('',(0.E0,0.E0,0.E0));
#1995=DIRECTION('',(0.E0,0.E0,1.E0));
#1996=DIRECTION('',(1.E0,0.E0,0.E0));
#1999=APPLICATION_CONTEXT(
'CONFIGURATION CONTROLLED 3D DESIGNS OF MECHANICAL PARTS AND ASSEMBLIES');
#2000=APPLICATION_PROTOCOL_DEFINITION('international standard',
'config_control_design',1994,#1999);
#2001=DESIGN_CONTEXT('',#1999,'design');
#2002=MECHANICAL_CONTEXT('',#1999,'mechanical');
#2003=PRODUCT('_X2_5B9E4F53_X0_4_1_1_1','_X2_5B9E4F53_X0_4_1_1_1',
'NOT SPECIFIED',(#2002));
#2004=PRODUCT_DEFINITION_FORMATION_WITH_SPECIFIED_SOURCE('1','LAST_VERSION',
#2003,.MADE.);
#2013=CARTESIAN_POINT('',(0.E0,-1.338338298245E1,4.991862416567E1));
#2014=DIRECTION('',(8.724490062470E-4,6.402624786902E-2,9.979478335146E-1));
#2015=DIRECTION('',(9.999996177909E-1,1.039701532155E-6,-8.743094695683E-4));
#2016=AXIS2_PLACEMENT_3D('',#2013,#2014,#2015);
#2017=ITEM_DEFINED_TRANSFORMATION('','',#1997,#2016);
#2018=CARTESIAN_POINT('',(0.E0,0.E0,0.E0));
#2019=DIRECTION('',(0.E0,0.E0,1.E0));
#2020=DIRECTION('',(1.E0,0.E0,0.E0));
#2022=(REPRESENTATION_RELATIONSHIP('','',#1998,#2010)REPRESENTATION_RELATIONSHIP_WITH_TRANSFORMATION(#2017)SHAPE_REPRESENTATION_RELATIONSHIP());
#2023=CONTEXT_DEPENDENT_SHAPE_REPRESENTATION(#2022,#2012);
#2024=DIRECTION('',(-7.655503842763E-6,9.185673722907E-2,-9.957722328761E-1));
#2025=VECTOR('',#2024,1.283738099698E0);
#2026=CARTESIAN_POINT('',(-4.950391039294E1,1.234036024879E1,5.817507948091E0));
#2027=LINE('',#2026,#2025);
#2028=CARTESIAN_POINT('',(4.754604264709E1,1.245870754113E1,4.539212678700E0));
#2029=DIRECTION('',(2.455558331935E-7,-9.185673000592E-2,9.957722335718E-1));
#2030=DIRECTION('',(9.999999789149E-1,-2.044630426951E-4,-1.910764499697E-5));
#2031=AXIS2_PLACEMENT_3D('',#2028,#2029,#2030);
#2033=CARTESIAN_POINT('',(4.754604311074E1,1.245786009739E1,4.539134504788E0));
#2034=DIRECTION('',(2.455559470799E-7,-9.185673000582E-2,9.957722335718E-1));
#2035=DIRECTION('',(-9.999999786630E-1,2.056809945098E-4,1.921999718054E-5));
#2036=AXIS2_PLACEMENT_3D('',#2033,#2034,#2035);
#2038=CARTESIAN_POINT('',(-4.745395688923E1,1.245785860325E1,4.539157793805E0));
#2039=DIRECTION('',(2.455558298506E-7,-9.185673000588E-2,9.957722335718E-1));
#2040=DIRECTION('',(-9.999999786629E-1,2.056811582852E-4,1.922001217094E-5));
#2041=AXIS2_PLACEMENT_3D('',#2038,#2039,#2040);
#2043=CARTESIAN_POINT('',(-4.745395735293E1,1.245870604694E1,4.539235967714E0));
#2044=DIRECTION('',(2.455559111721E-7,-9.185673000573E-2,9.957722335718E-1));
#2045=DIRECTION('',(9.999999789148E-1,-2.044632037078E-4,-1.910765992808E-5));
#2046=AXIS2_PLACEMENT_3D('',#2043,#2044,#2045);
#2048=DIRECTION('',(9.999999999994E-1,-1.024244543507E-6,-3.410816049765E-7));
#2049=VECTOR('',#2048,1.6E2);
#2050=CARTESIAN_POINT('',(-7.995396864073E1,4.587104197824E0,3.813114470424E0));
#2051=LINE('',#2050,#2049);
#2052=DIRECTION('',(1.042034089634E-6,9.957722335760E-1,9.185672995470E-2));
#2053=VECTOR('',#2052,1.554736891195E1);
#2054=CARTESIAN_POINT('',(-7.995396864073E1,4.587104197824E0,3.813114470424E0));
#2055=LINE('',#2054,#2053);
#2056=DIRECTION('',(-1.042034210071E-6,-9.957722335666E-1,-9.185673005638E-2));
#2057=VECTOR('',#2056,1.554736888789E1);
#2058=CARTESIAN_POINT('',(8.004604756008E1,2.006857856227E1,5.241190364389E0));
#2059=LINE('',#2058,#2057);
#2060=DIRECTION('',(-7.655495673215E-6,9.185673723078E-2,-9.957722328759E-1));
#2061=VECTOR('',#2060,1.283738099692E0);
#2062=CARTESIAN_POINT('',(4.549608960707E1,1.234036174260E1,5.817484659036E0));
#2063=LINE('',#2062,#2061);
#2064=DIRECTION('',(7.178410292081E-6,9.185672143335E-2,-9.957722343367E-1));
#2065=VECTOR('',#2064,1.283738099691E0);
#2066=CARTESIAN_POINT('',(4.959599678189E1,1.234036842636E1,5.817484264560E0));
#2067=LINE('',#2066,#2065);
#2068=CARTESIAN_POINT('',(4.754604296232E1,1.234078755711E1,5.817523433516E0));
#2069=DIRECTION('',(-2.455558331935E-7,9.185673000592E-2,-9.957722335718E-1));
#2070=DIRECTION('',(-9.999999782468E-1,-2.077225312760E-4,-1.891512537561E-5));
#2071=AXIS2_PLACEMENT_3D('',#2068,#2069,#2070);
#2073=CARTESIAN_POINT('',(4.754604342597E1,1.233994011337E1,5.817445259604E0));
#2074=DIRECTION('',(-2.455559470799E-7,9.185673000582E-2,-9.957722335718E-1));
#2075=DIRECTION('',(9.999999779904E-1,2.089430047563E-4,1.902770994603E-5));
#2076=AXIS2_PLACEMENT_3D('',#2073,#2074,#2075);
#2078=CARTESIAN_POINT('',(4.869602759041E1,1.237373044826E1,5.820562023846E0));
#2079=CARTESIAN_POINT('',(4.869602759037E1,1.251319397465E1,5.833427077778E0));
#2080=CARTESIAN_POINT('',(4.864848423903E1,1.277317825919E1,5.857409788974E0));
#2081=CARTESIAN_POINT('',(4.844298312966E1,1.312752893250E1,5.890097529698E0));
#2082=CARTESIAN_POINT('',(4.813707540058E1,1.338298488132E1,5.913662580465E0));
#2083=CARTESIAN_POINT('',(4.775413578799E1,1.352437775235E1,5.926705704559E0));
#2084=CARTESIAN_POINT('',(4.734725763100E1,1.352587085721E1,5.926843538931E0));
#2085=CARTESIAN_POINT('',(4.696386566803E1,1.338821695719E1,5.914145511654E0));
#2086=CARTESIAN_POINT('',(4.665285216778E1,1.313291107780E1,5.890594456432E0));
#2087=CARTESIAN_POINT('',(4.644369238111E1,1.277460726329E1,5.857542153631E0));
#2088=CARTESIAN_POINT('',(4.639605788525E1,1.251363599436E1,5.833468419804E0));
#2089=CARTESIAN_POINT('',(4.639605788525E1,1.237373041170E1,5.820562587628E0));
#2091=CARTESIAN_POINT('',(4.869602759041E1,1.237373044826E1,5.820562023846E0));
#2092=CARTESIAN_POINT('',(4.869602759045E1,1.223562399859E1,5.807822155800E0));
#2093=CARTESIAN_POINT('',(4.864948450129E1,1.197739516491E1,5.784001402381E0));
#2094=CARTESIAN_POINT('',(4.844438440454E1,1.162125726535E1,5.751148897145E0));
#2095=CARTESIAN_POINT('',(4.813713325215E1,1.136435768210E1,5.727450827029E0));
#2096=CARTESIAN_POINT('',(4.775401743537E1,1.122300402275E1,5.714411508993E0));
#2097=CARTESIAN_POINT('',(4.734720463062E1,1.122154079777E1,5.714276631596E0));
#2098=CARTESIAN_POINT('',(4.696368028534E1,1.135920002740E1,5.726975339634E0));
#2099=CARTESIAN_POINT('',(4.665138842761E1,1.161592983503E1,5.750657901280E0));
#2100=CARTESIAN_POINT('',(4.644266643450E1,1.197603459720E1,5.783876438666E0));
#2101=CARTESIAN_POINT('',(4.639605788525E1,1.223520851609E1,5.807784396053E0));
#2102=CARTESIAN_POINT('',(4.639605788525E1,1.237373041170E1,5.820562587628E0));
#2104=DIRECTION('',(8.574970421874E-6,6.402624727574E-2,-9.979482148820E-1));
#2105=VECTOR('',#2104,1.766469158183E0);
#2106=CARTESIAN_POINT('',(4.869602759041E1,1.237373044826E1,5.820562023846E0));
#2107=LINE('',#2106,#2105);
#2108=DIRECTION('',(8.574964924028E-6,-6.402624735832E-2,9.979482148767E-1));
#2109=VECTOR('',#2108,1.766469723148E0);
#2110=CARTESIAN_POINT('',(4.639604273783E1,1.248683083915E1,4.057717280779E0));
#2111=LINE('',#2110,#2109);
#2112=DIRECTION('',(1.E0,0.E0,-6.379711500461E-14));
#2113=VECTOR('',#2112,1.962990915321E0);
#2114=CARTESIAN_POINT('',(4.656454728017E1,1.039113958790E1,3.923262160254E0));
#2115=LINE('',#2114,#2113);
#2116=CARTESIAN_POINT('',(4.852753819545E1,1.079031887385E1,3.948872659401E0));
#2117=DIRECTION('',(6.345942734011E-14,-6.402624786895E-2,9.979482148808E-1));
#2118=DIRECTION('',(1.971223184682E-10,-9.979482148808E-1,-6.402624786895E-2));
#2119=AXIS2_PLACEMENT_3D('',#2116,#2117,#2118);
#2121=DIRECTION('',(5.000000000011E-1,8.642485057475E-1,5.544835716335E-2));
#2122=VECTOR('',#2121,1.962990915271E0);
#2123=CARTESIAN_POINT('',(4.887394835698E1,1.059072923089E1,3.936067409829E0));
#2124=LINE('',#2123,#2122);
#2125=CARTESIAN_POINT('',(4.950903365308E1,1.248683083915E1,4.057717280778E0));
#2126=DIRECTION('',(6.345942734011E-14,-6.402624786896E-2,9.979482148808E-1));
#2127=DIRECTION('',(8.660254038944E-1,-4.989741072504E-1,-3.201312392234E-2));
#2128=AXIS2_PLACEMENT_3D('',#2125,#2126,#2127);
#2130=DIRECTION('',(-5.000000000022E-1,8.642485057469E-1,5.544835716353E-2));
#2131=VECTOR('',#2130,1.962990915169E0);
#2132=CARTESIAN_POINT('',(4.985544381461E1,1.268642048210E1,4.070522530350E0));
#2133=LINE('',#2132,#2131);
#2134=CARTESIAN_POINT('',(4.852753819545E1,1.418334280444E1,4.166561902155E0));
#2135=DIRECTION('',(6.345942734011E-14,-6.402624786896E-2,9.979482148808E-1));
#2136=DIRECTION('',(8.660254040467E-1,4.989741069871E-1,3.201312390534E-2));
#2137=AXIS2_PLACEMENT_3D('',#2134,#2135,#2136);
#2139=DIRECTION('',(-1.E0,0.E0,6.289219139865E-14));
#2140=VECTOR('',#2139,1.962990914973E0);
#2141=CARTESIAN_POINT('',(4.852753819532E1,1.458252209040E1,4.192172401303E0));
#2142=LINE('',#2141,#2140);
#2143=CARTESIAN_POINT('',(4.656454728021E1,1.418334280444E1,4.166561902155E0));
#2144=DIRECTION('',(6.345942734011E-14,-6.402624786896E-2,9.979482148808E-1));
#2145=DIRECTION('',(6.584599532289E-10,9.979482148808E-1,6.402624786896E-2));
#2146=AXIS2_PLACEMENT_3D('',#2143,#2144,#2145);
#2148=DIRECTION('',(-5.000000000004E-1,-8.642485057479E-1,-5.544835716353E-2));
#2149=VECTOR('',#2148,1.962990915144E0);
#2150=CARTESIAN_POINT('',(4.621813711866E1,1.438293244737E1,4.179367151726E0));
#2151=LINE('',#2150,#2149);
#2152=CARTESIAN_POINT('',(4.558305182259E1,1.248683083915E1,4.057717280779E0));
#2153=DIRECTION('',(6.345942734011E-14,-6.402624786895E-2,9.979482148808E-1));
#2154=DIRECTION('',(-8.660254036747E-1,4.989741076301E-1,3.201312394670E-2));
#2155=AXIS2_PLACEMENT_3D('',#2152,#2153,#2154);
#2157=DIRECTION('',(4.999999999993E-1,-8.642485057485E-1,-5.544835716348E-2));
#2158=VECTOR('',#2157,1.962990915286E0);
#2159=CARTESIAN_POINT('',(4.523664166108E1,1.228724119617E1,4.044912031205E0));
#2160=LINE('',#2159,#2158);
#2161=CARTESIAN_POINT('',(4.754604273783E1,1.248683083915E1,4.057717280778E0));
#2162=DIRECTION('',(-6.345942734011E-14,6.402624786895E-2,-9.979482148808E-1));
#2163=DIRECTION('',(-1.E0,-6.657476502448E-13,2.085288463644E-14));
#2164=AXIS2_PLACEMENT_3D('',#2161,#2162,#2163);
#2166=CARTESIAN_POINT('',(4.754604273783E1,1.248683083915E1,4.057717280778E0));
#2167=DIRECTION('',(-6.345942734011E-14,6.402624786895E-2,-9.979482148808E-1));
#2168=DIRECTION('',(1.E0,-6.564797015175E-13,-1.058090813034E-13));
#2169=AXIS2_PLACEMENT_3D('',#2166,#2167,#2168);
#2171=CARTESIAN_POINT('',(4.656454728021E1,1.079031887385E1,3.948872659401E0));
#2172=DIRECTION('',(-6.345942734011E-14,6.402624786895E-2,-9.979482148808E-1));
#2173=DIRECTION('',(-2.157030110084E-10,-9.979482148808E-1,-6.402624786895E-2));
#2174=AXIS2_PLACEMENT_3D('',#2171,#2172,#2173);
#2176=DIRECTION('',(-5.521162906341E-12,6.402624787825E-2,-9.979482148802E-1));
#2177=VECTOR('',#2176,4.050012700891E0);
#2178=CARTESIAN_POINT('',(4.621813711872E1,1.059072923084E1,3.936067409825E0));
#2179=LINE('',#2178,#2177);
#2180=DIRECTION('',(-9.491417420155E-12,-6.402624786892E-2,9.979482148808E-1));
#2181=VECTOR('',#2180,4.050012796086E0);
#2182=CARTESIAN_POINT('',(4.656454728021E1,1.065044671105E1,
-1.184408798446E-1));
#2183=LINE('',#2182,#2181);
#2184=DIRECTION('',(-4.156223640351E-12,6.402624786159E-2,-9.979482148813E-1));
#2185=VECTOR('',#2184,4.050012431173E0);
#2186=CARTESIAN_POINT('',(4.523664166109E1,1.268642048216E1,4.070522530354E0));
#2187=LINE('',#2186,#2185);
#2188=DIRECTION('',(5.842222339539E-13,-6.402624786974E-2,9.979482148808E-1));
#2189=VECTOR('',#2188,4.050012431173E0);
#2190=CARTESIAN_POINT('',(4.523664166108E1,1.254654829596E1,3.209355270537E-3));
#2191=LINE('',#2190,#2189);
#2192=DIRECTION('',(-3.312522223844E-11,6.402624786870E-2,-9.979482148808E-1));
#2193=VECTOR('',#2192,4.050012796086E0);
#2194=CARTESIAN_POINT('',(4.656454728034E1,1.458252209040E1,4.192172401303E0));
#2195=LINE('',#2194,#2193);
#2196=DIRECTION('',(-7.396638961911E-12,-6.402624788156E-2,9.979482148800E-1));
#2197=VECTOR('',#2196,4.050012700891E0);
#2198=CARTESIAN_POINT('',(4.621813711869E1,1.464223956448E1,1.376642066302E-1));
#2199=LINE('',#2198,#2197);
#2200=DIRECTION('',(-1.E0,-1.759461992170E-8,2.742394066422E-7));
#2201=VECTOR('',#2200,1.962990915240E0);
#2202=CARTESIAN_POINT('',(4.852753819545E1,1.484182924809E1,1.504688228754E-1));
#2203=LINE('',#2202,#2201);
#2204=DIRECTION('',(-1.327745578187E-11,6.402624789148E-2,-9.979482148794E-1));
#2205=VECTOR('',#2204,4.050013430717E0);
#2206=CARTESIAN_POINT('',(4.887394835702E1,1.438293244733E1,4.179367151723E0));
#2207=LINE('',#2206,#2205);
#2208=DIRECTION('',(-3.268836706429E-11,-6.402624786871E-2,9.979482148808E-1));
#2209=VECTOR('',#2208,4.050013335522E0);
#2210=CARTESIAN_POINT('',(4.852753819545E1,1.484182924809E1,1.504688228754E-1));
#2211=LINE('',#2210,#2209);
#2212=DIRECTION('',(-5.622917936961E-12,6.402624785952E-2,-9.979482148814E-1));
#2213=VECTOR('',#2212,4.050013700435E0);
#2214=CARTESIAN_POINT('',(4.985544381462E1,1.228724119621E1,4.044912031207E0));
#2215=LINE('',#2214,#2213);
#2216=DIRECTION('',(4.170257702389E-12,-6.402624787585E-2,9.979482148804E-1));
#2217=VECTOR('',#2216,4.050013700435E0);
#2218=CARTESIAN_POINT('',(4.985544381459E1,1.294572766318E1,2.881858776053E-2));
#2219=LINE('',#2218,#2217);
#2220=DIRECTION('',(-1.040371493620E-11,6.402624786892E-2,-9.979482148808E-1));
#2221=VECTOR('',#2220,4.050013335522E0);
#2222=CARTESIAN_POINT('',(4.852753819549E1,1.039113958790E1,3.923262160254E0));
#2223=LINE('',#2222,#2221);
#2224=DIRECTION('',(3.101815779908E-12,-6.402624786394E-2,9.979482148811E-1));
#2225=VECTOR('',#2224,4.050013430717E0);
#2226=CARTESIAN_POINT('',(4.887394835696E1,1.085003639466E1,
-1.056362635997E-1));
#2227=LINE('',#2226,#2225);
#2228=DIRECTION('',(1.E0,1.759462082662E-8,-2.742394065432E-7));
#2229=VECTOR('',#2228,1.962990915240E0);
#2230=CARTESIAN_POINT('',(4.656454728021E1,1.065044671105E1,
-1.184408798446E-1));
#2231=LINE('',#2230,#2229);
#2232=CARTESIAN_POINT('',(4.656454728021E1,1.104962599354E1,
-9.283032668251E-2));
#2233=DIRECTION('',(-6.345942734011E-14,6.402624786895E-2,-9.979482148808E-1));
#2234=DIRECTION('',(0.E0,-9.979482148808E-1,-6.402624786895E-2));
#2235=AXIS2_PLACEMENT_3D('',#2232,#2233,#2234);
#2237=DIRECTION('',(-4.999999999993E-1,8.642484969512E-1,5.544849428324E-2));
#2238=VECTOR('',#2237,1.962990915246E0);
#2239=CARTESIAN_POINT('',(4.621813711870E1,1.085003634793E1,
-1.056355352715E-1));
#2240=LINE('',#2239,#2238);
#2241=CARTESIAN_POINT('',(4.558305182259E1,1.274613793810E1,1.601461787422E-2));
#2242=DIRECTION('',(-6.345942734011E-14,6.402624786895E-2,-9.979482148808E-1));
#2243=DIRECTION('',(-8.660254037844E-1,-4.989741074404E-1,-3.201312393442E-2));
#2244=AXIS2_PLACEMENT_3D('',#2241,#2242,#2243);
#2246=DIRECTION('',(5.000000000004E-1,8.642485145452E-1,5.544822004379E-2));
#2247=VECTOR('',#2246,1.962990915237E0);
#2248=CARTESIAN_POINT('',(4.523664166107E1,1.294572758192E1,2.881985441820E-2));
#2249=LINE('',#2248,#2247);
#2250=CARTESIAN_POINT('',(4.656454728021E1,1.444264992413E1,1.248589160716E-1));
#2251=DIRECTION('',(-6.345942734011E-14,6.402624786896E-2,-9.979482148808E-1));
#2252=DIRECTION('',(-8.660254037844E-1,4.989741074404E-1,3.201312393454E-2));
#2253=AXIS2_PLACEMENT_3D('',#2250,#2251,#2252);
#2255=CARTESIAN_POINT('',(4.852753819545E1,1.444264996560E1,1.248582697129E-1));
#2256=DIRECTION('',(-6.345942734011E-14,6.402624786896E-2,-9.979482148808E-1));
#2257=DIRECTION('',(0.E0,9.979482148808E-1,6.402624786896E-2));
#2258=AXIS2_PLACEMENT_3D('',#2255,#2256,#2257);
#2260=DIRECTION('',(5.000000000023E-1,-8.642484969495E-1,-5.544849428313E-2));
#2261=VECTOR('',#2260,1.962990915242E0);
#2262=CARTESIAN_POINT('',(4.887394835697E1,1.464223961120E1,1.376634783022E-1));
#2263=LINE('',#2262,#2261);
#2264=CARTESIAN_POINT('',(4.950903365308E1,1.274613802104E1,1.601332515686E-2));
#2265=DIRECTION('',(-6.345942734011E-14,6.402624786896E-2,-9.979482148808E-1));
#2266=DIRECTION('',(8.660254037844E-1,4.989741074404E-1,3.201312393443E-2));
#2267=AXIS2_PLACEMENT_3D('',#2264,#2265,#2266);
#2269=DIRECTION('',(-5.000000000012E-1,-8.642485145447E-1,-5.544822004376E-2));
#2270=VECTOR('',#2269,1.962990915251E0);
#2271=CARTESIAN_POINT('',(4.985544381459E1,1.254654837723E1,3.208088613015E-3));
#2272=LINE('',#2271,#2270);
#2273=CARTESIAN_POINT('',(4.852753819545E1,1.104962603501E1,
-9.283097304118E-2));
#2274=DIRECTION('',(-6.345942734011E-14,6.402624786895E-2,-9.979482148808E-1));
#2275=DIRECTION('',(8.660254037844E-1,-4.989741074404E-1,-3.201312393453E-2));
#2276=AXIS2_PLACEMENT_3D('',#2273,#2274,#2275);
#2278=CARTESIAN_POINT('',(-4.941694817741E1,1.274613626661E1,
1.604067061784E-2));
#2279=DIRECTION('',(-6.345942734011E-14,6.402624786896E-2,-9.979482148808E-1));
#2280=DIRECTION('',(-8.660254037844E-1,-4.989741074404E-1,-3.201312393443E-2));
#2281=AXIS2_PLACEMENT_3D('',#2278,#2279,#2280);
#2283=DIRECTION('',(5.000000000004E-1,8.642485145452E-1,5.544822004379E-2));
#2284=VECTOR('',#2283,1.962990915237E0);
#2285=CARTESIAN_POINT('',(-4.976335833893E1,1.294572591043E1,
2.884590716183E-2));
#2286=LINE('',#2285,#2284);
#2287=CARTESIAN_POINT('',(-4.843545271979E1,1.444264825264E1,
1.248849688152E-1));
#2288=DIRECTION('',(-6.345942734011E-14,6.402624786896E-2,-9.979482148808E-1));
#2289=DIRECTION('',(-8.660254037844E-1,4.989741074404E-1,3.201312393454E-2));
#2290=AXIS2_PLACEMENT_3D('',#2287,#2288,#2289);
#2292=CARTESIAN_POINT('',(-4.647246180455E1,1.444264829411E1,
1.248843224566E-1));
#2293=DIRECTION('',(-6.345942734011E-14,6.402624786896E-2,-9.979482148808E-1));
#2294=DIRECTION('',(0.E0,9.979482148808E-1,6.402624786896E-2));
#2295=AXIS2_PLACEMENT_3D('',#2292,#2293,#2294);
#2297=DIRECTION('',(5.000000000023E-1,-8.642484969495E-1,-5.544849428313E-2));
#2298=VECTOR('',#2297,1.962990915242E0);
#2299=CARTESIAN_POINT('',(-4.612605164303E1,1.464223793972E1,
1.376895310458E-1));
#2300=LINE('',#2299,#2298);
#2301=CARTESIAN_POINT('',(-4.549096634692E1,1.274613634955E1,
1.603937790049E-2));
#2302=DIRECTION('',(-6.345942734011E-14,6.402624786896E-2,-9.979482148808E-1));
#2303=DIRECTION('',(8.660254037844E-1,4.989741074404E-1,3.201312393443E-2));
#2304=AXIS2_PLACEMENT_3D('',#2301,#2302,#2303);
#2306=DIRECTION('',(-5.000000000012E-1,-8.642485145447E-1,-5.544822004376E-2));
#2307=VECTOR('',#2306,1.962990915251E0);
#2308=CARTESIAN_POINT('',(-4.514455618541E1,1.254654670574E1,
3.234141356640E-3));
#2309=LINE('',#2308,#2307);
#2310=CARTESIAN_POINT('',(-4.647246180455E1,1.104962436352E1,
-9.280492029755E-2));
#2311=DIRECTION('',(-6.345942734011E-14,6.402624786895E-2,-9.979482148808E-1));
#2312=DIRECTION('',(8.660254037844E-1,-4.989741074404E-1,-3.201312393453E-2));
#2313=AXIS2_PLACEMENT_3D('',#2310,#2311,#2312);
#2315=CARTESIAN_POINT('',(-4.843545271979E1,1.104962432205E1,
-9.280427393889E-2));
#2316=DIRECTION('',(-6.345942734011E-14,6.402624786895E-2,-9.979482148808E-1));
#2317=DIRECTION('',(0.E0,-9.979482148808E-1,-6.402624786895E-2));
#2318=AXIS2_PLACEMENT_3D('',#2315,#2316,#2317);
#2320=DIRECTION('',(-4.999999999993E-1,8.642484969512E-1,5.544849428324E-2));
#2321=VECTOR('',#2320,1.962990915246E0);
#2322=CARTESIAN_POINT('',(-4.878186288130E1,1.085003467644E1,
-1.056094825279E-1));
#2323=LINE('',#2322,#2321);
#2324=CARTESIAN_POINT('',(-9.412730879290E0,1.264970405870E1,
9.842659644831E-3));
#2325=CARTESIAN_POINT('',(-9.412636934966E0,1.262101253191E1,
8.001871911728E-3));
#2326=CARTESIAN_POINT('',(-9.424794773079E0,1.256246595790E1,
4.245650834715E-3));
#2327=CARTESIAN_POINT('',(-9.467491517088E0,1.248610194312E1,
-6.536911669382E-4));
#2328=CARTESIAN_POINT('',(-9.510967199328E0,1.244460796763E1,
-3.315844946784E-3));
#2329=CARTESIAN_POINT('',(-9.535601614482E0,1.242926465586E1,
-4.300232612394E-3));
#2331=DIRECTION('',(-8.644147670121E-1,-5.017478055345E-1,-3.219084050840E-2));
#2332=VECTOR('',#2331,9.916683747207E-1);
#2333=CARTESIAN_POINT('',(-9.535601614482E0,1.242926465586E1,
-4.300232612394E-3));
#2334=LINE('',#2333,#2332);
#2335=CARTESIAN_POINT('',(-1.035262327156E1,1.186273949891E1,
-4.064706410301E-2));
#2336=DIRECTION('',(2.748032788276E-7,-6.402624786885E-2,9.979482148808E-1));
#2337=DIRECTION('',(-5.027793860504E-1,8.626411645413E-1,5.534537199890E-2));
#2338=AXIS2_PLACEMENT_3D('',#2335,#2336,#2337);
#2340=CARTESIAN_POINT('',(-1.043060593895E1,1.126555637734E1,
-7.896104930236E-2));
#2341=CARTESIAN_POINT('',(-1.043049915306E1,1.123294813279E1,
-8.105312537046E-2));
#2342=CARTESIAN_POINT('',(-1.045033275668E1,1.118403742264E1,
-8.419112767813E-2));
#2343=CARTESIAN_POINT('',(-1.049136120435E1,1.113292895339E1,
-8.747012772762E-2));
#2344=CARTESIAN_POINT('',(-1.053046324247E1,1.110129022794E1,
-8.949999070242E-2));
#2345=CARTESIAN_POINT('',(-1.056812220254E1,1.108185440489E1,
-9.074694165308E-2));
#2346=CARTESIAN_POINT('',(-1.059956190302E1,1.107308776675E1,
-9.130938196736E-2));
#2347=CARTESIAN_POINT('',(-1.061588131408E1,1.107139074825E1,
-9.141825459255E-2));
#2348=CARTESIAN_POINT('',(-1.062405583709E1,1.107136410730E1,
-9.141996156820E-2));
#2350=CARTESIAN_POINT('',(-1.160185023838E1,1.106817745447E1,
-9.162414122435E-2));
#2351=CARTESIAN_POINT('',(-1.161002072219E1,1.106815082668E1,
-9.162584735659E-2));
#2352=CARTESIAN_POINT('',(-1.162634342090E1,1.106974103854E1,
-9.152381823041E-2));
#2353=CARTESIAN_POINT('',(-1.165781975236E1,1.107828684571E1,
-9.097552864096E-2));
#2354=CARTESIAN_POINT('',(-1.171132714452E1,1.110550008187E1,
-8.922957020130E-2));
#2355=CARTESIAN_POINT('',(-1.176932535892E1,1.116274031388E1,
-8.555714194617E-2));
#2356=CARTESIAN_POINT('',(-1.179646183731E1,1.122847859569E1,
-8.133950527994E-2));
#2357=CARTESIAN_POINT('',(-1.179656867895E1,1.126110386440E1,
-7.924633697777E-2));
#2359=CARTESIAN_POINT('',(-1.187846195672E1,1.185792628714E1,
-4.095544942784E-2));
#2360=DIRECTION('',(2.748031715060E-7,-6.402624786891E-2,9.979482148808E-1));
#2361=DIRECTION('',(9.999946598251E-1,3.261388284438E-3,2.089684112694E-4));
#2362=AXIS2_PLACEMENT_3D('',#2359,#2360,#2361);
#2364=DIRECTION('',(-8.677812685162E-1,4.959267028203E-1,3.181784785546E-2));
#2365=VECTOR('',#2364,9.847166029735E-1);
#2366=CARTESIAN_POINT('',(-1.183873687623E1,1.192715297696E1,
-3.651402228892E-2));
#2367=LINE('',#2366,#2365);
#2368=CARTESIAN_POINT('',(-1.269325549909E1,1.241550023508E1,
-5.182459234766E-3));
#2369=CARTESIAN_POINT('',(-1.271898439384E1,1.243020399330E1,
-4.239090105509E-3));
#2370=CARTESIAN_POINT('',(-1.276480468843E1,1.247142911307E1,
-1.594160950602E-3));
#2371=CARTESIAN_POINT('',(-1.281001456857E1,1.254894071047E1,
3.378831733819E-3));
#2372=CARTESIAN_POINT('',(-1.282329790172E1,1.260903874691E1,
7.234598365978E-3));
#2373=CARTESIAN_POINT('',(-1.282339473960E1,1.263860925863E1,
9.131779914390E-3));
#2375=CARTESIAN_POINT('',(-1.283049758047E1,1.480753964304E1,
1.482857703557E-1));
#2376=CARTESIAN_POINT('',(-1.283060437925E1,1.484015182309E1,
1.503780989176E-1));
#2377=CARTESIAN_POINT('',(-1.280524782589E1,1.490408650292E1,
1.544800058388E-1));
#2378=CARTESIAN_POINT('',(-1.274595109621E1,1.496401931605E1,
1.583251521074E-1));
#2379=CARTESIAN_POINT('',(-1.269297833297E1,1.499125070334E1,
1.600722457625E-1));
#2380=CARTESIAN_POINT('',(-1.266547717789E1,1.499892906039E1,
1.605648653472E-1));
#2381=CARTESIAN_POINT('',(-1.264929065760E1,1.500130392590E1,
1.607172272401E-1));
#2382=CARTESIAN_POINT('',(-1.264112517454E1,1.500173950329E1,
1.607451707166E-1));
#2383=CARTESIAN_POINT('',(-1.263703729871E1,1.500175282566E1,
1.607460243257E-1));
#2385=CARTESIAN_POINT('',(-1.165924210630E1,1.500493945475E1,
1.609502024583E-1));
#2386=CARTESIAN_POINT('',(-1.165107209660E1,1.500496608077E1,
1.609519084775E-1));
#2387=CARTESIAN_POINT('',(-1.163475009154E1,1.500337574436E1,
1.608498713616E-1));
#2388=CARTESIAN_POINT('',(-1.160327497270E1,1.499482972048E1,
1.603015678668E-1));
#2389=CARTESIAN_POINT('',(-1.154976704084E1,1.496761435954E1,
1.585554731061E-1));
#2390=CARTESIAN_POINT('',(-1.149176844957E1,1.491036626210E1,
1.548825402227E-1));
#2391=CARTESIAN_POINT('',(-1.146463126372E1,1.484462190651E1,
1.506645138746E-1));
#2392=CARTESIAN_POINT('',(-1.146452439263E1,1.481199228453E1,
1.485710662756E-1));
#2394=CARTESIAN_POINT('',(-1.145987174058E1,1.339145575445E1,
5.743244414676E-2));
#2395=CARTESIAN_POINT('',(-1.145969875250E1,1.333863944888E1,
5.404386158413E-2));
#2396=CARTESIAN_POINT('',(-1.142485847159E1,1.323563139137E1,
4.743507277247E-2));
#2397=CARTESIAN_POINT('',(-1.131479212372E1,1.315326225739E1,
4.215041295009E-2));
#2398=CARTESIAN_POINT('',(-1.121098332245E1,1.313295664496E1,
4.084761919578E-2));
#2399=CARTESIAN_POINT('',(-1.112618318492E1,1.313134687148E1,
4.074431618107E-2));
#2400=CARTESIAN_POINT('',(-1.104054242905E1,1.313185248166E1,
4.077673147857E-2));
#2401=CARTESIAN_POINT('',(-1.093305019657E1,1.315103269070E1,
4.200726354486E-2));
#2402=CARTESIAN_POINT('',(-1.081688916076E1,1.323260195589E1,
4.724054318068E-2));
#2403=CARTESIAN_POINT('',(-1.078095634324E1,1.333973482315E1,
5.411395157752E-2));
#2404=CARTESIAN_POINT('',(-1.078113295502E1,1.339366752200E1,
5.757415957397E-2));
#2406=CARTESIAN_POINT('',(-1.078578474368E1,1.481420421735E1,
1.487127923062E-1));
#2407=CARTESIAN_POINT('',(-1.078589153683E1,1.484681610025E1,
1.508051018027E-1));
#2408=CARTESIAN_POINT('',(-1.075920476712E1,1.491272215022E1,
1.550334872993E-1));
#2409=CARTESIAN_POINT('',(-1.070159392836E1,1.497035092730E1,
1.587308119489E-1));
#2410=CARTESIAN_POINT('',(-1.064825645352E1,1.499793166632E1,
1.605003191735E-1));
#2411=CARTESIAN_POINT('',(-1.061682043616E1,1.500669157536E1,
1.610623277625E-1));
#2412=CARTESIAN_POINT('',(-1.060049955472E1,1.500838994588E1,
1.611712871310E-1));
#2413=CARTESIAN_POINT('',(-1.059232470158E1,1.500841658768E1,
1.611729941615E-1));
#2415=CARTESIAN_POINT('',(-9.614550365834E0,1.501160314881E1,
1.613771679391E-1));
#2416=CARTESIAN_POINT('',(-9.606380358552E0,1.501162977481E1,
1.613788739577E-1));
#2417=CARTESIAN_POINT('',(-9.590058358252E0,1.501003943935E1,
1.612768369013E-1));
#2418=CARTESIAN_POINT('',(-9.558583248192E0,1.500149342047E1,
1.607285337294E-1));
#2419=CARTESIAN_POINT('',(-9.505075327385E0,1.497427807196E1,
1.589824397651E-1));
#2420=CARTESIAN_POINT('',(-9.447076738908E0,1.491702997835E1,
1.553095071272E-1));
#2421=CARTESIAN_POINT('',(-9.419939491504E0,1.485128561118E1,
1.510914800364E-1));
#2422=CARTESIAN_POINT('',(-9.419832652608E0,1.481865595445E1,
1.489980302082E-1));
#2424=CARTESIAN_POINT('',(-7.359295252467E0,1.127556507936E1,
-7.831975787993E-2));
#2425=CARTESIAN_POINT('',(-7.359188474994E0,1.124295752360E1,
-8.041178975654E-2));
#2426=CARTESIAN_POINT('',(-7.385874600106E0,1.117705759744E1,
-8.463978236220E-2));
#2427=CARTESIAN_POINT('',(-7.443485091512E0,1.111943671962E1,
-8.833660021278E-2));
#2428=CARTESIAN_POINT('',(-7.496822004649E0,1.109185810967E1,
-9.010597084001E-2));
#2429=CARTESIAN_POINT('',(-7.528259016467E0,1.108309848960E1,
-9.066796088920E-2));
#2430=CARTESIAN_POINT('',(-7.544580337372E0,1.108140018349E1,
-9.077691612541E-2));
#2431=CARTESIAN_POINT('',(-7.552755408442E0,1.108137354098E1,
-9.077862320131E-2));
#2433=CARTESIAN_POINT('',(-8.530540153111E0,1.107818694631E1,
-9.098279912846E-2));
#2434=CARTESIAN_POINT('',(-8.538710913595E0,1.107816031785E1,
-9.098450530425E-2));
#2435=CARTESIAN_POINT('',(-8.555034423783E0,1.107975063701E1,
-9.088246929410E-2));
#2436=CARTESIAN_POINT('',(-8.586512664632E0,1.108829665942E1,
-9.033416589381E-2));
#2437=CARTESIAN_POINT('',(-8.640022677141E0,1.111551031460E1,
-8.858818057019E-2));
#2438=CARTESIAN_POINT('',(-8.698023825426E0,1.117274968468E1,
-8.491580761389E-2));
#2439=CARTESIAN_POINT('',(-8.725161408568E0,1.123848846988E1,
-8.069813865069E-2));
#2440=CARTESIAN_POINT('',(-8.725268246872E0,1.127111330455E1,
-7.860499819536E-2));
#2442=CARTESIAN_POINT('',(-8.736893000980E0,1.482092330011E1,
1.491433102527E-1));
#2443=CARTESIAN_POINT('',(-8.736999782663E0,1.485353084451E1,
1.512353414007E-1));
#2444=CARTESIAN_POINT('',(-8.710313658661E0,1.491943075714E1,
1.554633331388E-1));
#2445=CARTESIAN_POINT('',(-8.652703174481E0,1.497705162753E1,
1.591601505109E-1));
#2446=CARTESIAN_POINT('',(-8.599366261402E0,1.500463023750E1,
1.609295211408E-1));
#2447=CARTESIAN_POINT('',(-8.567929249562E0,1.501338985762E1,
1.614915111930E-1));
#2448=CARTESIAN_POINT('',(-8.551607928623E0,1.501508816375E1,
1.616004664300E-1));
#2449=CARTESIAN_POINT('',(-8.543432857511E0,1.501511480626E1,
1.616021735060E-1));
#2451=CARTESIAN_POINT('',(-7.565658560779E0,1.501830136703E1,
1.618063472609E-1));
#2452=CARTESIAN_POINT('',(-7.557488342412E0,1.501832799372E1,
1.618080533235E-1));
#2453=CARTESIAN_POINT('',(-7.541165917E0,1.501673772543E1,1.617060205775E-1));
#2454=CARTESIAN_POINT('',(-7.509689841604E0,1.500819200648E1,
1.611577366462E-1));
#2455=CARTESIAN_POINT('',(-7.456182449544E0,1.498097875818E1,
1.594117774287E-1));
#2456=CARTESIAN_POINT('',(-7.398184252711E0,1.492373855036E1,
1.557393507265E-1));
#2457=CARTESIAN_POINT('',(-7.371047777164E0,1.485800029866E1,
1.515217159911E-1));
#2458=CARTESIAN_POINT('',(-7.370940915562E0,1.482537505676E1,
1.494285494084E-1));
#2460=CARTESIAN_POINT('',(-7.367542649517E0,1.378787187350E1,
8.286453744936E-2));
#2461=CARTESIAN_POINT('',(-7.367369654408E0,1.373505582732E1,
7.947597152839E-2));
#2462=CARTESIAN_POINT('',(-7.332529841379E0,1.363204852866E1,
7.286723140384E-2));
#2463=CARTESIAN_POINT('',(-7.222464907383E0,1.354967927858E1,
6.758256413308E-2));
#2464=CARTESIAN_POINT('',(-7.118657099638E0,1.352937318190E1,
6.627973931019E-2));
#2465=CARTESIAN_POINT('',(-7.033856667239E0,1.352776291347E1,
6.617640454028E-2));
#2466=CARTESIAN_POINT('',(-6.948214647200E0,1.352826817958E1,
6.620879776297E-2));
#2467=CARTESIAN_POINT('',(-6.840718793593E0,1.354744811910E1,
6.743931253636E-2));
#2468=CARTESIAN_POINT('',(-6.724554157745E0,1.362901606473E1,
7.267250751123E-2));
#2469=CARTESIAN_POINT('',(-6.688616781466E0,1.373615046325E1,
7.954601414909E-2));
#2470=CARTESIAN_POINT('',(-6.688793392155E0,1.379008360193E1,
8.300625036400E-2));
#2472=CARTESIAN_POINT('',(-6.692190824489E0,1.482758699538E1,
1.495702758086E-1));
#2473=CARTESIAN_POINT('',(-6.692297603312E0,1.486019497134E1,
1.516623346441E-1));
#2474=CARTESIAN_POINT('',(-6.665612584978E0,1.492609440996E1,
1.558902959706E-1));
#2475=CARTESIAN_POINT('',(-6.608005018872E0,1.498371613617E1,
1.595871682532E-1));
#2476=CARTESIAN_POINT('',(-6.554670699488E0,1.501129431960E1,
1.613565115162E-1));
#2477=CARTESIAN_POINT('',(-6.523235868553E0,1.502005361272E1,
1.619184805904E-1));
#2478=CARTESIAN_POINT('',(-6.506915641786E0,1.502175185957E1,
1.620274320240E-1));
#2479=CARTESIAN_POINT('',(-6.498741117660E0,1.502177850030E1,
1.620291389857E-1));
#2481=CARTESIAN_POINT('',(-5.520945924345E0,1.502496512917E1,
1.622333171041E-1));
#2482=CARTESIAN_POINT('',(-5.512775705978E0,1.502499175586E1,
1.622350231667E-1));
#2483=CARTESIAN_POINT('',(-5.496453280563E0,1.502340148755E1,
1.621329904193E-1));
#2484=CARTESIAN_POINT('',(-5.464977205172E0,1.501485576857E1,
1.615847064862E-1));
#2485=CARTESIAN_POINT('',(-5.411469813181E0,1.498764252025E1,
1.598387472678E-1));
#2486=CARTESIAN_POINT('',(-5.353471597361E0,1.493040229389E1,
1.561663193749E-1));
#2487=CARTESIAN_POINT('',(-5.326335118687E0,1.486466400751E1,
1.519486824153E-1));
#2488=CARTESIAN_POINT('',(-5.326228278962E0,1.483203873639E1,
1.498555139585E-1));
#2490=CARTESIAN_POINT('',(-5.314603525744E0,1.128222874093E1,
-7.789279448372E-2));
#2491=CARTESIAN_POINT('',(-5.314496742693E0,1.124962077639E1,
-7.998485258695E-2));
#2492=CARTESIAN_POINT('',(-5.341181760347E0,1.118372135156E1,
-8.421281302853E-2));
#2493=CARTESIAN_POINT('',(-5.398789318989E0,1.112609963292E1,
-8.790968482462E-2));
#2494=CARTESIAN_POINT('',(-5.452123638370E0,1.109852144967E1,
-8.967902807628E-2));
#2495=CARTESIAN_POINT('',(-5.483558469249E0,1.108976215662E1,
-9.024099714508E-2));
#2496=CARTESIAN_POINT('',(-5.499878695989E0,1.108806390980E1,
-9.034994857798E-2));
#2497=CARTESIAN_POINT('',(-5.508053220101E0,1.108803726907E1,
-9.035165553965E-2));
#2499=CARTESIAN_POINT('',(-6.485827516682E0,1.108485070846E1,
-9.055582928453E-2));
#2500=CARTESIAN_POINT('',(-6.493998277170E0,1.108482408E1,-9.055753546032E-2));
#2501=CARTESIAN_POINT('',(-6.510321787358E0,1.108641439917E1,
-9.045549944984E-2));
#2502=CARTESIAN_POINT('',(-6.541800028229E0,1.109496042155E1,
-8.990719605065E-2));
#2503=CARTESIAN_POINT('',(-6.595310040784E0,1.112217407669E1,
-8.816121073033E-2));
#2504=CARTESIAN_POINT('',(-6.653311169991E0,1.117941342806E1,
-8.448883897471E-2));
#2505=CARTESIAN_POINT('',(-6.680448750021E0,1.124515217845E1,
-8.027117224425E-2));
#2506=CARTESIAN_POINT('',(-6.680555610171E0,1.127777698382E1,
-7.817803366898E-2));
#2508=CARTESIAN_POINT('',(-6.683953875516E0,1.231528016848E1,
-1.161402162007E-2));
#2509=CARTESIAN_POINT('',(-6.684126875890E0,1.236809783305E1,
-8.225351866389E-3));
#2510=CARTESIAN_POINT('',(-6.718965395193E0,1.247110870521E1,
-1.616382473953E-3));
#2511=CARTESIAN_POINT('',(-6.829030154538E0,1.255348593036E1,
3.668796459691E-3));
#2512=CARTESIAN_POINT('',(-6.932841073487E0,1.257379824887E1,
4.972020462875E-3));
#2513=CARTESIAN_POINT('',(-7.017643436032E0,1.257541072980E1,
5.075497182284E-3));
#2514=CARTESIAN_POINT('',(-7.103286354800E0,1.257490271114E1,
5.042927362691E-3));
#2515=CARTESIAN_POINT('',(-7.210780469540E0,1.255571563704E1,
3.811954848784E-3));
#2516=CARTESIAN_POINT('',(-7.326938707267E0,1.247413724867E1,
-1.421910110586E-3));
#2517=CARTESIAN_POINT('',(-7.362869298814E0,1.236700235832E1,
-8.295448305883E-3));
#2518=CARTESIAN_POINT('',(-7.362692685636E0,1.231306847292E1,
-1.175573242879E-2));
#2520=CARTESIAN_POINT('',(-2.392186958618E0,1.109818092448E1,
-8.970171806245E-2));
#2521=CARTESIAN_POINT('',(-2.400357667670E0,1.109815429596E1,
-8.970342424179E-2));
#2522=CARTESIAN_POINT('',(-2.416680816342E0,1.109974455146E1,
-8.960139231619E-2));
#2523=CARTESIAN_POINT('',(-2.448158015730E0,1.110829059326E1,
-8.905308767216E-2));
#2524=CARTESIAN_POINT('',(-2.501666894650E0,1.113550458246E1,
-8.730708091884E-2));
#2525=CARTESIAN_POINT('',(-2.559666717865E0,1.119274640188E1,
-8.363455081924E-2));
#2526=CARTESIAN_POINT('',(-2.586803946614E0,1.125848650809E1,
-7.941679710200E-2));
#2527=CARTESIAN_POINT('',(-2.586910791207E0,1.129111267685E1,
-7.732357105448E-2));
#2529=CARTESIAN_POINT('',(-2.668729435599E0,1.185424050139E1,
-4.119445771791E-2));
#2530=DIRECTION('',(2.748032397846E-7,-6.402624786888E-2,9.979482148808E-1));
#2531=DIRECTION('',(9.999946598251E-1,3.261388284319E-3,2.089684111925E-4));
#2532=AXIS2_PLACEMENT_3D('',#2529,#2530,#2531);
#2534=CARTESIAN_POINT('',(-3.472684925087E0,1.193143080839E1,
-3.624186941199E-2));
#2535=CARTESIAN_POINT('',(-3.487703031029E0,1.193138186406E1,
-3.624500544110E-2));
#2536=CARTESIAN_POINT('',(-3.517742035976E0,1.193267130218E1,
-3.616226954534E-2));
#2537=CARTESIAN_POINT('',(-3.577603330041E0,1.194053561802E1,
-3.565769518270E-2));
#2538=CARTESIAN_POINT('',(-3.650550359303E0,1.195976164325E1,
-3.442417395851E-2));
#2539=CARTESIAN_POINT('',(-3.705666337569E0,1.198483238711E1,
-3.281567285358E-2));
#2540=CARTESIAN_POINT('',(-3.731693865497E0,1.199970676677E1,
-3.186135693044E-2));
#2542=DIRECTION('',(-8.677819003450E-1,4.959256017659E-1,3.181777721431E-2));
#2543=VECTOR('',#2542,8.922964945943E-1);
#2544=CARTESIAN_POINT('',(-3.731693865497E0,1.199970676677E1,
-3.186135693044E-2));
#2545=LINE('',#2544,#2543);
#2546=CARTESIAN_POINT('',(-4.506012613247E0,1.244221944281E1,
-3.470465856328E-3));
#2547=CARTESIAN_POINT('',(-4.531740107410E0,1.245692235724E1,
-2.527150862746E-3));
#2548=CARTESIAN_POINT('',(-4.577557127414E0,1.249814242491E1,
1.174541588535E-4));
#2549=CARTESIAN_POINT('',(-4.622765248174E0,1.257564228619E1,
5.089693877674E-3));
#2550=CARTESIAN_POINT('',(-4.636048065793E0,1.263573089759E1,
8.944855819329E-3));
#2551=CARTESIAN_POINT('',(-4.636144885208E0,1.266529576830E1,
1.084167545283E-2));
#2553=CARTESIAN_POINT('',(-4.641470578898E0,1.429155473719E1,
1.151790145575E-1));
#2554=CARTESIAN_POINT('',(-4.641567453406E0,1.432113643083E1,
1.170769135138E-1));
#2555=CARTESIAN_POINT('',(-4.628681079840E0,1.438133476667E1,
1.209391079381E-1));
#2556=CARTESIAN_POINT('',(-4.583982721556E0,1.445915051768E1,
1.259315897159E-1));
#2557=CARTESIAN_POINT('',(-4.538437940297E0,1.450067521588E1,
1.285957140305E-1));
#2558=CARTESIAN_POINT('',(-4.512809951249E0,1.451554186798E1,
1.295495199452E-1));
#2560=DIRECTION('',(8.645478766175E-1,5.015193538161E-1,3.217618349242E-2));
#2561=VECTOR('',#2560,8.922681898008E-1);
#2562=CARTESIAN_POINT('',(-4.512809951249E0,1.451554186798E1,
1.295495199452E-1));
#2563=LINE('',#2562,#2561);
#2564=CARTESIAN_POINT('',(-3.741401382384E0,1.496303163396E1,
1.582593049446E-1));
#2565=CARTESIAN_POINT('',(-3.715445724479E0,1.497808836492E1,
1.592253058268E-1));
#2566=CARTESIAN_POINT('',(-3.660470790628E0,1.500353775228E1,
1.608580695832E-1));
#2567=CARTESIAN_POINT('',(-3.587637838466E0,1.502326245319E1,
1.621235446407E-1));
#2568=CARTESIAN_POINT('',(-3.527852969769E0,1.503152380109E1,
1.626535587954E-1));
#2569=CARTESIAN_POINT('',(-3.497847985050E0,1.503301029754E1,
1.627489210028E-1));
#2570=CARTESIAN_POINT('',(-3.482842304120E0,1.503305920132E1,
1.627520544341E-1));
#2572=CARTESIAN_POINT('',(-2.394249875157E0,1.503660694359E1,
1.629793703147E-1));
#2573=CARTESIAN_POINT('',(-2.379241480828E0,1.503665585622E1,
1.629825043127E-1));
#2574=CARTESIAN_POINT('',(-2.349221862698E0,1.503536625193E1,
1.628997577608E-1));
#2575=CARTESIAN_POINT('',(-2.289377571974E0,1.502749871293E1,
1.623949766112E-1));
#2576=CARTESIAN_POINT('',(-2.216489039237E0,1.500827032190E1,
1.611613036191E-1));
#2577=CARTESIAN_POINT('',(-2.161414367440E0,1.498322657432E1,
1.595545345496E-1));
#2578=CARTESIAN_POINT('',(-2.135422388282E0,1.496838849492E1,
1.586025475843E-1));
#2580=DIRECTION('',(8.680124925130E-1,-4.955235440573E-1,-3.179198210516E-2));
#2581=VECTOR('',#2580,8.894749087463E-1);
#2582=CARTESIAN_POINT('',(-2.135422388282E0,1.496838849492E1,
1.586025475843E-1));
#2583=LINE('',#2582,#2581);
#2584=CARTESIAN_POINT('',(-1.363347055713E0,1.452763273579E1,
1.303243772024E-1));
#2585=CARTESIAN_POINT('',(-1.337413979614E0,1.451282828246E1,
1.293745476313E-1));
#2586=CARTESIAN_POINT('',(-1.290666015522E0,1.447161004168E1,
1.267300595625E-1));
#2587=CARTESIAN_POINT('',(-1.244555446870E0,1.439349078484E1,
1.217180804855E-1));
#2588=CARTESIAN_POINT('',(-1.230903727960E0,1.433263501901E1,
1.178136994359E-1));
#2589=CARTESIAN_POINT('',(-1.230805629391E0,1.430267890995E1,
1.158917787772E-1));
#2591=CARTESIAN_POINT('',(-1.220958101034E0,1.129556436243E1,
-7.703833645871E-2));
#2592=CARTESIAN_POINT('',(-1.220851315375E0,1.126295549880E1,
-7.913045224575E-2));
#2593=CARTESIAN_POINT('',(-1.247537071400E0,1.119705424425E1,
-8.335853007827E-2));
#2594=CARTESIAN_POINT('',(-1.305146230993E0,1.113943092801E1,
-8.705550437271E-2));
#2595=CARTESIAN_POINT('',(-1.358482035399E0,1.111185197984E1,
-8.882489669965E-2));
#2596=CARTESIAN_POINT('',(-1.389917735219E0,1.110309244556E1,
-8.938688124575E-2));
#2597=CARTESIAN_POINT('',(-1.406238412366E0,1.110139415185E1,
-8.949583568598E-2));
#2598=CARTESIAN_POINT('',(-1.414413161528E0,1.110136751017E1,
-8.949754270889E-2));
#2600=DIRECTION('',(8.687427860348E-1,-4.942473479949E-1,-3.171010426469E-2));
#2601=VECTOR('',#2600,6.739506058765E-1);
#2602=CARTESIAN_POINT('',(1.034624439707E0,1.297416879219E1,3.065675417812E-2));
#2603=LINE('',#2602,#2601);
#2604=CARTESIAN_POINT('',(1.620114166706E0,1.264107049256E1,9.285710196525E-3));
#2605=CARTESIAN_POINT('',(1.644166945322E0,1.262738632474E1,8.407756293250E-3));
#2606=CARTESIAN_POINT('',(1.687011760157E0,1.258894507154E1,5.941434952188E-3));
#2607=CARTESIAN_POINT('',(1.729293626595E0,1.251660935594E1,1.300516709729E-3));
#2608=CARTESIAN_POINT('',(1.741727031318E0,1.246049406007E1,
-2.299725473162E-3));
#2609=CARTESIAN_POINT('',(1.741817446766E0,1.243288420667E1,
-4.071115327102E-3));
#2611=CARTESIAN_POINT('',(1.745140012092E0,1.141828388899E1,
-6.916572782502E-2));
#2612=CARTESIAN_POINT('',(1.745274601419E0,1.137718481029E1,
-7.180255787069E-2));
#2613=CARTESIAN_POINT('',(1.713990809543E0,1.129400970677E1,
-7.713888807071E-2));
#2614=CARTESIAN_POINT('',(1.620901059141E0,1.123820823508E1,
-8.071896689961E-2));
#2615=CARTESIAN_POINT('',(1.534777501278E0,1.123656539090E1,
-8.082434459393E-2));
#2616=CARTESIAN_POINT('',(1.493027987321E0,1.125041607412E1,
-7.993570254138E-2));
#2617=CARTESIAN_POINT('',(1.474265372696E0,1.126113800646E1,
-7.924780086172E-2));
#2619=DIRECTION('',(-8.677948468887E-1,4.959030397956E-1,3.181632968956E-2));
#2620=VECTOR('',#2619,2.183742732405E0);
#2621=CARTESIAN_POINT('',(1.474265372696E0,1.126113800646E1,
-7.924780086172E-2));
#2622=LINE('',#2621,#2620);
#2623=CARTESIAN_POINT('',(-4.207753174157E-1,1.234406266559E1,
-9.769122130354E-3));
#2624=CARTESIAN_POINT('',(-4.447553393647E-1,1.235776609540E1,
-8.889932437958E-3));
#2625=CARTESIAN_POINT('',(-4.874627566060E-1,1.239619017679E1,
-6.424712842309E-3));
#2626=CARTESIAN_POINT('',(-5.296026628432E-1,1.246843650149E1,
-1.789529768785E-3));
#2627=CARTESIAN_POINT('',(-5.419845315332E-1,1.252445446568E1,
1.804467803723E-3));
#2628=CARTESIAN_POINT('',(-5.420747666652E-1,1.255201749496E1,
3.572853521307E-3));
#2630=CARTESIAN_POINT('',(-5.454886825215E-1,1.359482488668E1,
7.047717228671E-2));
#2631=CARTESIAN_POINT('',(-5.455789174115E-1,1.362238784203E1,
7.224555325997E-2));
#2632=CARTESIAN_POINT('',(-5.335660486891E-1,1.367848570399E1,
7.584467018945E-2));
#2633=CARTESIAN_POINT('',(-4.918990613197E-1,1.375100449081E1,
8.049731077656E-2));
#2634=CARTESIAN_POINT('',(-4.494454835445E-1,1.378970750756E1,
8.298040282672E-2));
#2635=CARTESIAN_POINT('',(-4.255556517063E-1,1.380356697151E1,
8.386959015649E-2));
#2637=DIRECTION('',(8.645304341322E-1,5.015492977178E-1,3.217810463466E-2));
#2638=VECTOR('',#2637,2.183738486155E0);
#2639=CARTESIAN_POINT('',(-4.255556517063E-1,1.380356697151E1,
8.386959015649E-2));
#2640=LINE('',#2639,#2638);
#2641=CARTESIAN_POINT('',(1.462352729761E0,1.489881947564E1,1.541381556587E-1));
#2642=CARTESIAN_POINT('',(1.480259266840E0,1.490920778673E1,1.548046428072E-1));
#2643=CARTESIAN_POINT('',(1.519984700577E0,1.492305894498E1,1.556932929011E-1));
#2644=CARTESIAN_POINT('',(1.604107180623E0,1.492373625932E1,1.557367247921E-1));
#2645=CARTESIAN_POINT('',(1.700078202437E0,1.487129758754E1,1.523723440355E-1));
#2646=CARTESIAN_POINT('',(1.734110490295E0,1.478630189893E1,1.469191909588E-1));
#2647=CARTESIAN_POINT('',(1.734250801455E0,1.474344233978E1,1.441694122074E-1));
#2649=CARTESIAN_POINT('',(1.737572340521E0,1.372884236161E1,7.907482149147E-2));
#2650=CARTESIAN_POINT('',(1.737662727911E0,1.370123255713E1,7.730343477630E-2));
#2651=CARTESIAN_POINT('',(1.725598984667E0,1.364503704023E1,7.369805252825E-2));
#2652=CARTESIAN_POINT('',(1.683793905078E0,1.357243356435E1,6.903997850596E-2));
#2653=CARTESIAN_POINT('',(1.641209692583E0,1.353371580703E1,6.655594076979E-2));
#2654=CARTESIAN_POINT('',(1.617253510975E0,1.351987692261E1,6.566807379693E-2));
#2656=DIRECTION('',(-8.654581071166E-1,-4.999534111200E-1,-3.207571566870E-2));
#2657=VECTOR('',#2656,6.741186475018E-1);
#2658=CARTESIAN_POINT('',(1.617253510975E0,1.351987692261E1,6.566807379693E-2));
#2659=LINE('',#2658,#2657);
#2660=CARTESIAN_POINT('',(1.033832062336E0,1.318284900529E1,4.404523573269E-2));
#2661=CARTESIAN_POINT('',(1.017535855200E0,1.317343509574E1,4.344126368281E-2));
#2662=CARTESIAN_POINT('',(9.940105152670E-1,1.313733037432E1,
4.112486755860E-2));
#2663=CARTESIAN_POINT('',(9.858689534241E-1,1.307817124776E1,
3.732934529847E-2));
#2664=CARTESIAN_POINT('',(9.945387019904E-1,1.301914502184E1,
3.354234503420E-2));
#2665=CARTESIAN_POINT('',(1.018356307114E0,1.298342409945E1,3.125055960596E-2));
#2666=CARTESIAN_POINT('',(1.034624439707E0,1.297416879219E1,3.065675417812E-2));
#2668=CARTESIAN_POINT('',(5.837387854220E0,1.186111435717E1,
-4.075578797604E-2));
#2669=CARTESIAN_POINT('',(5.837482821960E0,1.183211142391E1,
-4.261655489042E-2));
#2670=CARTESIAN_POINT('',(5.825065656016E0,1.177298193681E1,
-4.641017436783E-2));
#2671=CARTESIAN_POINT('',(5.781653370189E0,1.169610762376E1,
-5.134225583009E-2));
#2672=CARTESIAN_POINT('',(5.737446610481E0,1.165459358642E1,
-5.400569653610E-2));
#2673=CARTESIAN_POINT('',(5.712457419449E0,1.163941335529E1,
-5.497962119331E-2));
#2675=DIRECTION('',(-8.644680140748E-1,-5.016564360254E-1,-3.218497841918E-2));
#2676=VECTOR('',#2675,8.926281119451E-1);
#2677=CARTESIAN_POINT('',(5.712457419449E0,1.163941335529E1,
-5.497962119331E-2));
#2678=LINE('',#2677,#2676);
#2679=CARTESIAN_POINT('',(4.940808968209E0,1.119162071796E1,
-8.370883771262E-2));
#2680=CARTESIAN_POINT('',(4.914006131156E0,1.117714023331E1,
-8.463786761662E-2));
#2681=CARTESIAN_POINT('',(4.859042336789E0,1.114946311254E1,
-8.641355804206E-2));
#2682=CARTESIAN_POINT('',(4.784827861889E0,1.112972494035E1,
-8.767989700877E-2));
#2683=CARTESIAN_POINT('',(4.724307770546E0,1.112128255815E1,
-8.822152573775E-2));
#2684=CARTESIAN_POINT('',(4.693957569825E0,1.111973107864E1,
-8.832105702623E-2));
#2685=CARTESIAN_POINT('',(4.678776325582E0,1.111968160271E1,
-8.832422711712E-2));
#2687=CARTESIAN_POINT('',(3.590183894950E0,1.111613386152E1,
-8.855154292840E-2));
#2688=CARTESIAN_POINT('',(3.575161901987E0,1.111608490459E1,
-8.855467976495E-2));
#2689=CARTESIAN_POINT('',(3.545114909505E0,1.111737234089E1,
-8.847207229939E-2));
#2690=CARTESIAN_POINT('',(3.485243624603E0,1.112523057410E1,
-8.796788818128E-2));
#2691=CARTESIAN_POINT('',(3.412296214256E0,1.114445364471E1,
-8.673455652007E-2));
#2692=CARTESIAN_POINT('',(3.357182194928E0,1.116951814793E1,
-8.512645580158E-2));
#2693=CARTESIAN_POINT('',(3.331160495934E0,1.118439154440E1,
-8.417220295981E-2));
#2695=DIRECTION('',(-8.677480637506E-1,4.959845624376E-1,3.182155999706E-2));
#2696=VECTOR('',#2695,8.882893252832E-1);
#2697=CARTESIAN_POINT('',(3.331160495934E0,1.118439154440E1,
-8.417220295981E-2));
#2698=LINE('',#2697,#2696);
#2699=CARTESIAN_POINT('',(2.560349153870E0,1.162496933672E1,
-5.590545090057E-2));
#2700=CARTESIAN_POINT('',(2.534025708459E0,1.163937053643E1,
-5.498149312170E-2));
#2701=CARTESIAN_POINT('',(2.486956032430E0,1.168060572742E1,
-5.233591747491E-2));
#2702=CARTESIAN_POINT('',(2.440564534329E0,1.175892592082E1,
-4.731104665592E-2));
#2703=CARTESIAN_POINT('',(2.426822452970E0,1.181995329217E1,
-4.339565573340E-2));
#2704=CARTESIAN_POINT('',(2.426724061542E0,1.184999883219E1,
-4.146799737317E-2));
#2706=CARTESIAN_POINT('',(2.416881279368E0,1.485566416914E1,1.513691395744E-1));
#2707=CARTESIAN_POINT('',(2.416774493712E0,1.488827303323E1,1.534612553909E-1));
#2708=CARTESIAN_POINT('',(2.443460247968E0,1.495417428727E1,1.576893331907E-1));
#2709=CARTESIAN_POINT('',(2.501069404549E0,1.501179760489E1,1.613863075733E-1));
#2710=CARTESIAN_POINT('',(2.554405206375E0,1.503937655218E1,1.631556998443E-1));
#2711=CARTESIAN_POINT('',(2.585840905001E0,1.504813608622E1,1.637176843752E-1));
#2712=CARTESIAN_POINT('',(2.602161582134E0,1.504983437975E1,1.638266388033E-1));
#2713=CARTESIAN_POINT('',(2.610336331834E0,1.504986102121E1,1.638283458121E-1));
#2715=CARTESIAN_POINT('',(3.588126726510E0,1.505304763444E1,1.640325229282E-1));
#2716=CARTESIAN_POINT('',(3.596297170058E0,1.505307426186E1,1.640342290378E-1));
#2717=CARTESIAN_POINT('',(3.612620045352E0,1.505148394997E1,1.639321934938E-1));
#2718=CARTESIAN_POINT('',(3.644096988621E0,1.504293799653E1,1.633838945184E-1));
#2719=CARTESIAN_POINT('',(3.697605867597E0,1.501572399551E1,1.616378870078E-1));
#2720=CARTESIAN_POINT('',(3.755605682186E0,1.495848219159E1,1.579653579021E-1));
#2721=CARTESIAN_POINT('',(3.782742910067E0,1.489274209932E1,1.537476050794E-1));
#2722=CARTESIAN_POINT('',(3.782849764538E0,1.486011594360E1,1.516543798689E-1));
#2724=CARTESIAN_POINT('',(3.790242538831E0,1.260286079376E1,6.833659110046E-3));
#2725=CARTESIAN_POINT('',(3.790415517274E0,1.255004483244E1,3.445098633867E-3));
#2726=CARTESIAN_POINT('',(3.825254494841E0,1.244703745208E1,
-3.163646732482E-3));
#2727=CARTESIAN_POINT('',(3.935317600956E0,1.236466581291E1,
-8.448467282130E-3));
#2728=CARTESIAN_POINT('',(4.039125353441E0,1.234435676213E1,
-9.751481633317E-3));
#2729=CARTESIAN_POINT('',(4.123925909987E0,1.234274519452E1,
-9.854899755825E-3));
#2730=CARTESIAN_POINT('',(4.209567990495E0,1.234325167417E1,
-9.822428674933E-3));
#2731=CARTESIAN_POINT('',(4.317063541029E0,1.236243470717E1,
-8.591715430224E-3));
#2732=CARTESIAN_POINT('',(4.433225568075E0,1.244400562631E1,
-3.358329680788E-3));
#2733=CARTESIAN_POINT('',(4.469161852763E0,1.255113966580E1,3.515153923190E-3));
#2734=CARTESIAN_POINT('',(4.468985237226E0,1.260507266597E1,6.975381251586E-3));
#2736=CARTESIAN_POINT('',(4.461593355659E0,1.486232792382E1,1.517961089391E-1));
#2737=CARTESIAN_POINT('',(4.461486570715E0,1.489493678986E1,1.538882248806E-1));
#2738=CARTESIAN_POINT('',(4.488172325170E0,1.496083804631E1,1.581163028345E-1));
#2739=CARTESIAN_POINT('',(4.545781483159E0,1.501846136504E1,1.618132772890E-1));
#2740=CARTESIAN_POINT('',(4.599117284984E0,1.504604031242E1,1.635826695667E-1));
#2741=CARTESIAN_POINT('',(4.630552983573E0,1.505479984652E1,1.641446541005E-1));
#2742=CARTESIAN_POINT('',(4.646873660664E0,1.505649814006E1,1.642536085297E-1));
#2743=CARTESIAN_POINT('',(4.655048410325E0,1.505652478152E1,1.642553155385E-1));
#2745=CARTESIAN_POINT('',(5.632823010612E0,1.505971134329E1,1.644594893569E-1));
#2746=CARTESIAN_POINT('',(5.640993454185E0,1.505973797071E1,1.644611954665E-1));
#2747=CARTESIAN_POINT('',(5.657316329520E0,1.505814765881E1,1.643591599220E-1));
#2748=CARTESIAN_POINT('',(5.688793272849E0,1.504960170528E1,1.638108609413E-1));
#2749=CARTESIAN_POINT('',(5.742302151739E0,1.502238770414E1,1.620648534219E-1));
#2750=CARTESIAN_POINT('',(5.800301986071E0,1.496514588081E1,1.583923230716E-1));
#2751=CARTESIAN_POINT('',(5.827439216754E0,1.489940575247E1,1.541745679348E-1));
#2752=CARTESIAN_POINT('',(5.827546048540E0,1.486677956649E1,1.520813407823E-1));
#2754=CARTESIAN_POINT('',(7.684766540937E0,1.362577490162E1,7.246059346833E-2));
#2755=CARTESIAN_POINT('',(7.684883792759E0,1.358996978777E1,7.016341302131E-2));
#2756=CARTESIAN_POINT('',(7.706993498937E0,1.351925513130E1,6.562650405937E-2));
#2757=CARTESIAN_POINT('',(7.779114775652E0,1.346719428394E1,6.228637028635E-2));
#2758=CARTESIAN_POINT('',(7.843518375141E0,1.345266302513E1,6.135405770463E-2));
#2759=CARTESIAN_POINT('',(7.908603205198E0,1.345488930723E1,6.149687333512E-2));
#2760=CARTESIAN_POINT('',(7.988114984527E0,1.348907207469E1,6.368994554104E-2));
#2761=CARTESIAN_POINT('',(8.021737154533E0,1.355254580781E1,6.776227681969E-2));
#2762=CARTESIAN_POINT('',(8.028904716332E0,1.358563623238E1,6.988528653568E-2));
#2764=CARTESIAN_POINT('',(8.275479601586E0,1.485618050014E1,1.514006530081E-1));
#2765=CARTESIAN_POINT('',(8.282048399735E0,1.489423436868E1,1.538421069617E-1));
#2766=CARTESIAN_POINT('',(8.320256017302E0,1.496607578524E1,1.584512898588E-1));
#2767=CARTESIAN_POINT('',(8.396999251670E0,1.503058930010E1,1.625903194620E-1));
#2768=CARTESIAN_POINT('',(8.462093310391E0,1.505865737472E1,1.643910898703E-1));
#2769=CARTESIAN_POINT('',(8.500145209980E0,1.506748007734E1,1.649571253418E-1));
#2770=CARTESIAN_POINT('',(8.519645412297E0,1.506915228401E1,1.650644052168E-1));
#2771=CARTESIAN_POINT('',(8.529419925248E0,1.506918413914E1,1.650664462830E-1));
#2773=CARTESIAN_POINT('',(9.709695304326E0,1.507303065544E1,1.653129056271E-1));
#2774=CARTESIAN_POINT('',(9.717865313666E0,1.507305728149E1,1.653146116486E-1));
#2775=CARTESIAN_POINT('',(9.734187318388E0,1.507146694500E1,1.652125745257E-1));
#2776=CARTESIAN_POINT('',(9.765662436948E0,1.506292092127E1,1.646642710431E-1));
#2777=CARTESIAN_POINT('',(9.819170368783E0,1.503570556060E1,1.629181762989E-1));
#2778=CARTESIAN_POINT('',(9.877168974830E0,1.497845744948E1,1.592452425380E-1));
#2779=CARTESIAN_POINT('',(9.904306163115E0,1.491271306744E1,1.550272144926E-1));
#2780=CARTESIAN_POINT('',(9.904413017161E0,1.488008342309E1,1.529337654588E-1));
#2782=CARTESIAN_POINT('',(9.916037906869E0,1.133023174888E1,
-7.481721700342E-2));
#2783=CARTESIAN_POINT('',(9.916144689620E0,1.129762387589E1,
-7.690926923294E-2));
#2784=CARTESIAN_POINT('',(9.889459710999E0,1.123172459770E1,
-8.113722026704E-2));
#2785=CARTESIAN_POINT('',(9.831852222147E0,1.117410303717E1,
-8.483408191914E-2));
#2786=CARTESIAN_POINT('',(9.778517974624E0,1.114652488541E1,
-8.660342315080E-2));
#2787=CARTESIAN_POINT('',(9.747083163381E0,1.113776558813E1,
-8.716539249156E-2));
#2788=CARTESIAN_POINT('',(9.730762946263E0,1.113606733517E1,
-8.727434431714E-2));
#2789=CARTESIAN_POINT('',(9.722588426423E0,1.113604069019E1,
-8.727605155161E-2));
#2791=CARTESIAN_POINT('',(8.940621622701E0,1.113349185684E1,
-8.743936398289E-2));
#2792=CARTESIAN_POINT('',(8.932450864508E0,1.113346522412E1,
-8.744107043181E-2));
#2793=CARTESIAN_POINT('',(8.916127358612E0,1.113505553543E1,
-8.733903492545E-2));
#2794=CARTESIAN_POINT('',(8.884649125611E0,1.114360154537E1,
-8.679073232444E-2));
#2795=CARTESIAN_POINT('',(8.831139112354E0,1.117081518861E1,
-8.504474776768E-2));
#2796=CARTESIAN_POINT('',(8.773137961213E0,1.122805456766E1,
-8.137237423642E-2));
#2797=CARTESIAN_POINT('',(8.746000365167E0,1.129379336790E1,
-7.715470430745E-2));
#2798=CARTESIAN_POINT('',(8.745893527504E0,1.132641821805E1,
-7.506156285919E-2));
#2800=CARTESIAN_POINT('',(8.741809306023E0,1.257361053806E1,4.955661033343E-3));
#2801=CARTESIAN_POINT('',(8.741694279681E0,1.260873595204E1,7.209233373681E-3));
#2802=CARTESIAN_POINT('',(8.719850176107E0,1.267997635382E1,1.177987296936E-2));
#2803=CARTESIAN_POINT('',(8.646475469625E0,1.273285165358E1,1.517226063143E-2));
#2804=CARTESIAN_POINT('',(8.587946883369E0,1.274530221314E1,1.597107833004E-2));
#2805=CARTESIAN_POINT('',(8.554418564629E0,1.274565170547E1,1.599351025164E-2));
#2806=CARTESIAN_POINT('',(8.506388960168E0,1.273981168090E1,1.561883984655E-2));
#2807=CARTESIAN_POINT('',(8.435216940208E0,1.270721051636E1,1.352723764496E-2));
#2808=CARTESIAN_POINT('',(8.403275324038E0,1.264280884854E1,9.395371574360E-3));
#2809=CARTESIAN_POINT('',(8.396708850582E0,1.260895693518E1,7.223506182234E-3));
#2811=DIRECTION('',(-1.900503436769E-1,-9.797599595560E-1,-6.285927552227E-2));
#2812=VECTOR('',#2811,1.296034114599E0);
#2813=CARTESIAN_POINT('',(8.396708850582E0,1.260895693518E1,7.223506182234E-3));
#2814=LINE('',#2813,#2812);
#2815=CARTESIAN_POINT('',(8.150397121685E0,1.133915460348E1,
-7.424425931362E-2));
#2816=CARTESIAN_POINT('',(8.143097139108E0,1.130152125593E1,
-7.665873332747E-2));
#2817=CARTESIAN_POINT('',(8.103112695297E0,1.122969177098E1,
-8.126715022881E-2));
#2818=CARTESIAN_POINT('',(8.028122216753E0,1.116788694654E1,
-8.523239646316E-2));
#2819=CARTESIAN_POINT('',(7.963498693258E0,1.114030890522E1,
-8.700172750125E-2));
#2820=CARTESIAN_POINT('',(7.925989375556E0,1.113174834775E1,
-8.755094444311E-2));
#2821=CARTESIAN_POINT('',(7.906773300883E0,1.113012249270E1,
-8.765525057445E-2));
#2822=CARTESIAN_POINT('',(7.897143130024E0,1.113009111145E1,
-8.765726127733E-2));
#2824=CARTESIAN_POINT('',(6.716880915863E0,1.112624506293E1,
-8.790369061297E-2));
#2825=CARTESIAN_POINT('',(6.708719856759E0,1.112621846899E1,
-8.790539457711E-2));
#2826=CARTESIAN_POINT('',(6.692415962388E0,1.112781079557E1,
-8.780322978071E-2));
#2827=CARTESIAN_POINT('',(6.660980292342E0,1.113636230316E1,
-8.725457447423E-2));
#2828=CARTESIAN_POINT('',(6.607464129316E0,1.116361566283E1,
-8.550604179267E-2));
#2829=CARTESIAN_POINT('',(6.549483560282E0,1.122083156710E1,
-8.183517435922E-2));
#2830=CARTESIAN_POINT('',(6.522270020129E0,1.128657339163E1,
-7.761731037797E-2));
#2831=CARTESIAN_POINT('',(6.522163270442E0,1.131917117425E1,
-7.552590552509E-2));
#2833=CARTESIAN_POINT('',(6.510538383475E0,1.486902270545E1,1.522250677618E-1));
#2834=CARTESIAN_POINT('',(6.510431586250E0,1.490163500455E1,1.543174039612E-1));
#2835=CARTESIAN_POINT('',(6.537117253663E0,1.496754056176E1,1.585457578432E-1));
#2836=CARTESIAN_POINT('',(6.594725171853E0,1.502517019108E1,1.622431371722E-1));
#2837=CARTESIAN_POINT('',(6.648060066567E0,1.505275049162E1,1.640126162647E-1));
#2838=CARTESIAN_POINT('',(6.679493909333E0,1.506151006774E1,1.645746034962E-1));
#2839=CARTESIAN_POINT('',(6.695813698985E0,1.506320837756E1,1.646835589699E-1));
#2840=CARTESIAN_POINT('',(6.703988006412E0,1.506323501753E1,1.646852658829E-1));
#2842=CARTESIAN_POINT('',(7.485954596684E0,1.506578343699E1,1.648485517595E-1));
#2843=CARTESIAN_POINT('',(7.494125149050E0,1.506581006472E1,1.648502578885E-1));
#2844=CARTESIAN_POINT('',(7.510448239474E0,1.506421967772E1,1.647482175260E-1));
#2845=CARTESIAN_POINT('',(7.541925524302E0,1.505567335015E1,1.641998945467E-1));
#2846=CARTESIAN_POINT('',(7.595436076698E0,1.502845758212E1,1.624537736673E-1));
#2847=CARTESIAN_POINT('',(7.653437616548E0,1.497121032621E1,1.587808947737E-1));
#2848=CARTESIAN_POINT('',(7.680575909156E0,1.490546544317E1,1.545628345852E-1));
#2849=CARTESIAN_POINT('',(7.680682760771E0,1.487283623394E1,1.524694134678E-1));
#2851=DIRECTION('',(-8.645304264851E-1,-5.015493108453E-1,-3.217810547690E-2));
#2852=VECTOR('',#2851,2.183738228839E0);
#2853=CARTESIAN_POINT('',(1.275848134003E1,1.238241354900E1,
-7.312239670761E-3));
#2854=LINE('',#2853,#2852);
#2855=CARTESIAN_POINT('',(1.087057319772E1,1.128716114526E1,
-7.758079873227E-2));
#2856=CARTESIAN_POINT('',(1.085266658496E1,1.127677278990E1,
-7.824728872087E-2));
#2857=CARTESIAN_POINT('',(1.081294107241E1,1.126292157401E1,
-7.913594251205E-2));
#2858=CARTESIAN_POINT('',(1.072881850335E1,1.126224425914E1,
-7.917937443831E-2));
#2859=CARTESIAN_POINT('',(1.063284748129E1,1.131468293152E1,
-7.581499364312E-2));
#2860=CARTESIAN_POINT('',(1.059881519435E1,1.139967862051E1,
-7.036184054112E-2));
#2861=CARTESIAN_POINT('',(1.059867488320E1,1.144253817959E1,
-6.761206179396E-2));
#2863=CARTESIAN_POINT('',(1.059535334431E1,1.245713815676E1,
-2.517471142694E-3));
#2864=CARTESIAN_POINT('',(1.059526295693E1,1.248474796125E1,
-7.460844266123E-4));
#2865=CARTESIAN_POINT('',(1.060732670005E1,1.254094347823E1,2.859297826497E-3));
#2866=CARTESIAN_POINT('',(1.064913177991E1,1.261354695442E1,7.517371867698E-3));
#2867=CARTESIAN_POINT('',(1.069171599269E1,1.265226471152E1,1.000140958957E-2));
#2868=CARTESIAN_POINT('',(1.071567217439E1,1.266610359599E1,1.088927656661E-2));
#2870=DIRECTION('',(8.654581071133E-1,4.999534111256E-1,3.207571566906E-2));
#2871=VECTOR('',#2870,6.741186475004E-1);
#2872=CARTESIAN_POINT('',(1.071567217439E1,1.266610359599E1,1.088927656661E-2));
#2873=LINE('',#2872,#2871);
#2874=CARTESIAN_POINT('',(1.129909362303E1,1.300313151331E1,3.251211463104E-2));
#2875=CARTESIAN_POINT('',(1.131538982982E1,1.301254542267E1,3.311608666765E-2));
#2876=CARTESIAN_POINT('',(1.133891516896E1,1.304865014352E1,3.543248275670E-2));
#2877=CARTESIAN_POINT('',(1.134705673113E1,1.310780926892E1,3.922800494174E-2));
#2878=CARTESIAN_POINT('',(1.133838698745E1,1.316683546555E1,4.301500332641E-2));
#2879=CARTESIAN_POINT('',(1.131456941522E1,1.320255636340E1,4.530678718093E-2));
#2880=CARTESIAN_POINT('',(1.129830132651E1,1.321181167908E1,4.590059314885E-2));
#2882=DIRECTION('',(-8.687420171068E-1,4.942486940032E-1,3.171019062152E-2));
#2883=VECTOR('',#2882,6.739582269551E-1);
#2884=CARTESIAN_POINT('',(1.129830132651E1,1.321181167908E1,4.590059314885E-2));
#2885=LINE('',#2884,#2883);
#2886=CARTESIAN_POINT('',(1.071280549698E1,1.354491465257E1,6.727193699654E-2));
#2887=CARTESIAN_POINT('',(1.068875493E1,1.355859761149E1,6.814981333876E-2));
#2888=CARTESIAN_POINT('',(1.064591266402E1,1.359703760447E1,7.061605382626E-2));
#2889=CARTESIAN_POINT('',(1.060363205842E1,1.366937116185E1,7.525683360227E-2));
#2890=CARTESIAN_POINT('',(1.059119865353E1,1.372548645759E1,7.885707577560E-2));
#2891=CARTESIAN_POINT('',(1.059110823808E1,1.375309631090E1,8.062846562391E-2));
#2893=CARTESIAN_POINT('',(1.058778567266E1,1.476769662941E1,1.457230781754E-1));
#2894=CARTESIAN_POINT('',(1.058765108333E1,1.480879570818E1,1.483599082252E-1));
#2895=CARTESIAN_POINT('',(1.061893487526E1,1.489197081202E1,1.536962384466E-1));
#2896=CARTESIAN_POINT('',(1.071202462702E1,1.494777228407E1,1.572763172986E-1));
#2897=CARTESIAN_POINT('',(1.079814818581E1,1.494941512662E1,1.573816948881E-1));
#2898=CARTESIAN_POINT('',(1.083989770012E1,1.493556444266E1,1.564930527885E-1));
#2899=CARTESIAN_POINT('',(1.085866031492E1,1.492484251023E1,1.558051511025E-1));
#2901=DIRECTION('',(8.677948468749E-1,-4.959030398197E-1,-3.181632969111E-2));
#2902=VECTOR('',#2901,2.183742730235E0);
#2903=CARTESIAN_POINT('',(1.085866031492E1,1.492484251023E1,1.558051511025E-1));
#2904=LINE('',#2903,#2902);
#2905=CARTESIAN_POINT('',(1.275370100312E1,1.384191785212E1,8.632647243678E-2));
#2906=CARTESIAN_POINT('',(1.277768102489E1,1.382821442241E1,8.544728275065E-2));
#2907=CARTESIAN_POINT('',(1.282038844175E1,1.378979034099E1,8.298206315331E-2));
#2908=CARTESIAN_POINT('',(1.286252834756E1,1.371754401663E1,7.834688010263E-2));
#2909=CARTESIAN_POINT('',(1.287491021636E1,1.366152605266E1,7.475288254275E-2));
#2910=CARTESIAN_POINT('',(1.287500045149E1,1.363396302350E1,7.298449683304E-2));
#2912=CARTESIAN_POINT('',(1.287841436716E1,1.259115563174E1,6.080178064917E-3));
#2913=CARTESIAN_POINT('',(1.287850460204E1,1.256359267655E1,4.311797101451E-3));
#2914=CARTESIAN_POINT('',(1.286649173361E1,1.250749481468E1,7.126801796925E-4));
#2915=CARTESIAN_POINT('',(1.282482474700E1,1.243497602918E1,
-3.939960324568E-3));
#2916=CARTESIAN_POINT('',(1.278237117064E1,1.239627301271E1,
-6.423052355578E-3));
#2917=CARTESIAN_POINT('',(1.275848134003E1,1.238241354900E1,
-7.312239670761E-3));
#2919=DIRECTION('',(-9.999999999994E-1,1.024244543518E-6,3.410816049754E-7));
#2920=VECTOR('',#2919,1.6E2);
#2921=CARTESIAN_POINT('',(8.004603139924E1,4.901279310420E0,
-4.873045266395E-1));
#2922=LINE('',#2921,#2920);
#2923=DIRECTION('',(1.042704229214E-6,9.979482148987E-1,6.402624758186E-2));
#2924=VECTOR('',#2923,1.848899695021E1);
#2925=CARTESIAN_POINT('',(8.004603139924E1,4.901279310420E0,
-4.873045266395E-1));
#2926=LINE('',#2925,#2924);
#2927=DIRECTION('',(-1.042704120902E-6,-9.979482148619E-1,-6.402624815539E-2));
#2928=VECTOR('',#2927,1.848899685371E1);
#2929=CARTESIAN_POINT('',(-7.995394932213E1,2.335250459429E1,
6.965311471168E-1));
#2930=LINE('',#2929,#2928);
#2931=DIRECTION('',(3.186049296553E-12,-6.402624787514E-2,9.979482148804E-1));
#2932=VECTOR('',#2931,4.049986324871E0);
#2933=CARTESIAN_POINT('',(-4.976335833892E1,1.254654662447E1,
3.235408014180E-3));
#2934=LINE('',#2933,#2932);
#2935=DIRECTION('',(-4.975570377216E-12,6.402624786018E-2,-9.979482148814E-1));
#2936=VECTOR('',#2935,4.049986324871E0);
#2937=CARTESIAN_POINT('',(-4.976335833891E1,1.268642048216E1,4.070522530361E0));
#2938=LINE('',#2937,#2936);
#2939=DIRECTION('',(-8.494961070438E-12,-6.402624786892E-2,9.979482148808E-1));
#2940=VECTOR('',#2939,4.049986689784E0);
#2941=CARTESIAN_POINT('',(-4.843545271979E1,1.065044503956E1,
-1.184148271010E-1));
#2942=LINE('',#2941,#2940);
#2943=DIRECTION('',(-2.657964957501E-12,6.402624787420E-2,-9.979482148805E-1));
#2944=VECTOR('',#2943,4.049986594589E0);
#2945=CARTESIAN_POINT('',(-4.878186288129E1,1.059072923085E1,3.936067409833E0));
#2946=LINE('',#2945,#2944);
#2947=DIRECTION('',(1.E0,1.759462082662E-8,-2.742394065220E-7));
#2948=VECTOR('',#2947,1.962990915240E0);
#2949=CARTESIAN_POINT('',(-4.843545271979E1,1.065044503956E1,
-1.184148271010E-1));
#2950=LINE('',#2949,#2948);
#2951=DIRECTION('',(3.235172606203E-12,-6.402624786371E-2,9.979482148812E-1));
#2952=VECTOR('',#2951,4.049987324415E0);
#2953=CARTESIAN_POINT('',(-4.612605164304E1,1.085003472317E1,
-1.056102108561E-1));
#2954=LINE('',#2953,#2952);
#2955=DIRECTION('',(-8.616015749734E-12,6.402624786892E-2,-9.979482148808E-1));
#2956=VECTOR('',#2955,4.049987229220E0);
#2957=CARTESIAN_POINT('',(-4.647246180452E1,1.039113958790E1,3.923262160260E0));
#2958=LINE('',#2957,#2956);
#2959=DIRECTION('',(3.415878874615E-12,-6.402624787504E-2,9.979482148804E-1));
#2960=VECTOR('',#2959,4.049987594133E0);
#2961=CARTESIAN_POINT('',(-4.514455618541E1,1.294572599169E1,
2.884464050413E-2));
#2962=LINE('',#2961,#2960);
#2963=DIRECTION('',(-5.921207602375E-12,6.402624785901E-2,-9.979482148815E-1));
#2964=VECTOR('',#2963,4.049987594133E0);
#2965=CARTESIAN_POINT('',(-4.514455618538E1,1.228724119621E1,4.044912031213E0));
#2966=LINE('',#2965,#2964);
#2967=DIRECTION('',(-3.267629674991E-11,-6.402624786871E-2,9.979482148808E-1));
#2968=VECTOR('',#2967,4.049987229220E0);
#2969=CARTESIAN_POINT('',(-4.647246180455E1,1.484182757660E1,
1.504948756190E-1));
#2970=LINE('',#2969,#2968);
#2971=DIRECTION('',(-1.207049215330E-11,6.402624788989E-2,-9.979482148795E-1));
#2972=VECTOR('',#2971,4.049987324415E0);
#2973=CARTESIAN_POINT('',(-4.612605164298E1,1.438293244733E1,4.179367151730E0));
#2974=LINE('',#2973,#2972);
#2975=DIRECTION('',(-1.E0,-1.759462082662E-8,2.742394065998E-7));
#2976=VECTOR('',#2975,1.962990915240E0);
#2977=CARTESIAN_POINT('',(-4.647246180455E1,1.484182757660E1,
1.504948756190E-1));
#2978=LINE('',#2977,#2976);
#2979=DIRECTION('',(-7.038782448510E-12,-6.402624788094E-2,9.979482148801E-1));
#2980=VECTOR('',#2979,4.049986594589E0);
#2981=CARTESIAN_POINT('',(-4.878186288131E1,1.464223789299E1,
1.376902593739E-1));
#2982=LINE('',#2981,#2980);
#2983=DIRECTION('',(-3.053940259255E-11,6.402624786871E-2,-9.979482148808E-1));
#2984=VECTOR('',#2983,4.049986689784E0);
#2985=CARTESIAN_POINT('',(-4.843545271967E1,1.458252209040E1,4.192172401309E0));
#2986=LINE('',#2985,#2984);
#2987=CARTESIAN_POINT('',(-4.647246180455E1,1.079031887385E1,3.948872659407E0));
#2988=DIRECTION('',(6.345942734011E-14,-6.402624786895E-2,9.979482148808E-1));
#2989=DIRECTION('',(1.971223184682E-10,-9.979482148808E-1,-6.402624786895E-2));
#2990=AXIS2_PLACEMENT_3D('',#2987,#2988,#2989);
#2992=DIRECTION('',(5.000000000011E-1,8.642485057475E-1,5.544835716335E-2));
#2993=VECTOR('',#2992,1.962990915273E0);
#2994=CARTESIAN_POINT('',(-4.612605164302E1,1.059072923089E1,3.936067409835E0));
#2995=LINE('',#2994,#2993);
#2996=CARTESIAN_POINT('',(-4.549096634692E1,1.248683083915E1,4.057717280784E0));
#2997=DIRECTION('',(6.345942734011E-14,-6.402624786896E-2,9.979482148808E-1));
#2998=DIRECTION('',(8.660254038944E-1,-4.989741072503E-1,-3.201312392234E-2));
#2999=AXIS2_PLACEMENT_3D('',#2996,#2997,#2998);
#3001=DIRECTION('',(-5.000000000022E-1,8.642485057469E-1,5.544835716353E-2));
#3002=VECTOR('',#3001,1.962990915172E0);
#3003=CARTESIAN_POINT('',(-4.514455618539E1,1.268642048210E1,4.070522530357E0));
#3004=LINE('',#3003,#3002);
#3005=CARTESIAN_POINT('',(-4.647246180455E1,1.418334280444E1,4.166561902161E0));
#3006=DIRECTION('',(6.345942734011E-14,-6.402624786896E-2,9.979482148808E-1));
#3007=DIRECTION('',(8.660254039947E-1,4.989741070770E-1,3.201312391111E-2));
#3008=AXIS2_PLACEMENT_3D('',#3005,#3006,#3007);
#3010=DIRECTION('',(-1.E0,0.E0,6.334465320693E-14));
#3011=VECTOR('',#3010,1.962990914984E0);
#3012=CARTESIAN_POINT('',(-4.647246180468E1,1.458252209040E1,4.192172401309E0));
#3013=LINE('',#3012,#3011);
#3014=CARTESIAN_POINT('',(-4.843545271979E1,1.418334280444E1,4.166561902161E0));
#3015=DIRECTION('',(6.345942734011E-14,-6.402624786896E-2,9.979482148808E-1));
#3016=DIRECTION('',(6.584599532289E-10,9.979482148808E-1,6.402624786896E-2));
#3017=AXIS2_PLACEMENT_3D('',#3014,#3015,#3016);
#3019=DIRECTION('',(-5.000000000003E-1,-8.642485057479E-1,-5.544835716353E-2));
#3020=VECTOR('',#3019,1.962990915140E0);
#3021=CARTESIAN_POINT('',(-4.878186288134E1,1.438293244737E1,4.179367151732E0));
#3022=LINE('',#3021,#3020);
#3023=CARTESIAN_POINT('',(-4.941694817741E1,1.248683083915E1,4.057717280785E0));
#3024=DIRECTION('',(6.345942734011E-14,-6.402624786896E-2,9.979482148808E-1));
#3025=DIRECTION('',(-8.660254036745E-1,4.989741076304E-1,3.201312394673E-2));
#3026=AXIS2_PLACEMENT_3D('',#3023,#3024,#3025);
#3028=DIRECTION('',(4.999999999993E-1,-8.642485057485E-1,-5.544835716348E-2));
#3029=VECTOR('',#3028,1.962990915241E0);
#3030=CARTESIAN_POINT('',(-4.976335833891E1,1.228724119615E1,4.044912031209E0));
#3031=LINE('',#3030,#3029);
#3032=CARTESIAN_POINT('',(-4.843545271979E1,1.079031887385E1,3.948872659407E0));
#3033=DIRECTION('',(6.345942734011E-14,-6.402624786895E-2,9.979482148808E-1));
#3034=DIRECTION('',(-8.660254037318E-1,-4.989741075315E-1,-3.201312394026E-2));
#3035=AXIS2_PLACEMENT_3D('',#3032,#3033,#3034);
#3037=DIRECTION('',(1.E0,0.E0,-6.379711500498E-14));
#3038=VECTOR('',#3037,1.962990915309E0);
#3039=CARTESIAN_POINT('',(-4.843545271982E1,1.039113958790E1,3.923262160260E0));
#3040=LINE('',#3039,#3038);
#3041=CARTESIAN_POINT('',(-4.745395726217E1,1.248683083915E1,4.057717280784E0));
#3042=DIRECTION('',(-6.345942734011E-14,6.402624786895E-2,-9.979482148808E-1));
#3043=DIRECTION('',(-1.E0,-6.657476502448E-13,2.085288463644E-14));
#3044=AXIS2_PLACEMENT_3D('',#3041,#3042,#3043);
#3046=CARTESIAN_POINT('',(-4.745395726217E1,1.248683083915E1,4.057717280784E0));
#3047=DIRECTION('',(-6.345942734011E-14,6.402624786895E-2,-9.979482148808E-1));
#3048=DIRECTION('',(1.E0,-6.564797015175E-13,-1.058090813034E-13));
#3049=AXIS2_PLACEMENT_3D('',#3046,#3047,#3048);
#3051=DIRECTION('',(8.574851343637E-6,-6.402624727615E-2,9.979482148820E-1));
#3052=VECTOR('',#3051,1.766493060056E0);
#3053=CARTESIAN_POINT('',(-4.860395726217E1,1.248683083940E1,4.057717280800E0));
#3054=LINE('',#3053,#3052);
#3055=DIRECTION('',(-8.574853571325E-6,-6.402624737657E-2,9.979482148756E-1));
#3056=VECTOR('',#3055,1.766492495068E0);
#3057=CARTESIAN_POINT('',(-4.630395726217E1,1.248683083915E1,4.057717280784E0));
#3058=LINE('',#3057,#3056);
#3059=CARTESIAN_POINT('',(-4.745395657400E1,1.233993861923E1,5.817468548628E0));
#3060=DIRECTION('',(-2.455558298506E-7,9.185673000588E-2,-9.957722335718E-1));
#3061=DIRECTION('',(9.999999779904E-1,2.089428254113E-4,1.902769351992E-5));
#3062=AXIS2_PLACEMENT_3D('',#3059,#3060,#3061);
#3064=CARTESIAN_POINT('',(-4.745395703770E1,1.234078606292E1,5.817546722536E0));
#3065=DIRECTION('',(-2.455559111721E-7,9.185673000573E-2,-9.957722335718E-1));
#3066=DIRECTION('',(-9.999999782468E-1,-2.077223428973E-4,-1.891510792011E-5));
#3067=AXIS2_PLACEMENT_3D('',#3064,#3065,#3066);
#3069=CARTESIAN_POINT('',(-4.860394211475E1,1.237372891792E1,5.820585876685E0));
#3070=CARTESIAN_POINT('',(-4.860394211480E1,1.223426538912E1,5.807720822530E0));
#3071=CARTESIAN_POINT('',(-4.855639876147E1,1.197428110658E1,5.783738111519E0));
#3072=CARTESIAN_POINT('',(-4.835089765295E1,1.161993043355E1,5.751050370819E0));
#3073=CARTESIAN_POINT('',(-4.804498992415E1,1.136447448548E1,5.727485320123E0));
#3074=CARTESIAN_POINT('',(-4.766205031237E1,1.122308161470E1,5.714442196051E0));
#3075=CARTESIAN_POINT('',(-4.725517215614E1,1.122158850970E1,5.714304361666E0));
#3076=CARTESIAN_POINT('',(-4.687178019387E1,1.135924240919E1,5.727002388895E0));
#3077=CARTESIAN_POINT('',(-4.656076669373E1,1.161454828760E1,5.750553444027E0));
#3078=CARTESIAN_POINT('',(-4.635160690766E1,1.197285210161E1,5.783605746781E0));
#3079=CARTESIAN_POINT('',(-4.630397240958E1,1.223382336865E1,5.807679480434E0));
#3080=CARTESIAN_POINT('',(-4.630397240958E1,1.237372895367E1,5.820585312829E0));
#3082=CARTESIAN_POINT('',(-4.630397240958E1,1.237372895367E1,5.820585312829E0));
#3083=CARTESIAN_POINT('',(-4.630397240958E1,1.251319248011E1,5.833450366766E0));
#3084=CARTESIAN_POINT('',(-4.635151576082E1,1.277317676458E1,5.857433077954E0));
#3085=CARTESIAN_POINT('',(-4.655701687005E1,1.312752743799E1,5.890120818689E0));
#3086=CARTESIAN_POINT('',(-4.686292459904E1,1.338298338692E1,5.913685869465E0));
#3087=CARTESIAN_POINT('',(-4.724586421157E1,1.352437625810E1,5.926728993573E0));
#3088=CARTESIAN_POINT('',(-4.765274236856E1,1.352586936310E1,5.926866827959E0));
#3089=CARTESIAN_POINT('',(-4.803613433158E1,1.338821546324E1,5.914168800696E0));
#3090=CARTESIAN_POINT('',(-4.834714783193E1,1.313290958396E1,5.890617745484E0));
#3091=CARTESIAN_POINT('',(-4.855630761873E1,1.277460576956E1,5.857565442693E0));
#3092=CARTESIAN_POINT('',(-4.860394211471E1,1.251363450058E1,5.833491708862E0));
#3093=CARTESIAN_POINT('',(-4.860394211475E1,1.237372891792E1,5.820585876685E0));
#3095=DIRECTION('',(7.178421417297E-6,9.185672143169E-2,-9.957722343369E-1));
#3096=VECTOR('',#3095,1.283738099698E0);
#3097=CARTESIAN_POINT('',(-4.540400321810E1,1.234036693185E1,5.817507553550E0));
#3098=LINE('',#3097,#3096);
#3099=DIRECTION('',(2.765840489963E-7,-6.402679182904E-2,9.979481799813E-1));
#3100=VECTOR('',#3099,4.000000000011E-1);
#3101=CARTESIAN_POINT('',(-9.412730879290E0,1.264970405870E1,
9.842659644831E-3));
#3102=LINE('',#3101,#3100);
#3103=DIRECTION('',(-2.749067551370E-7,6.402624780543E-2,-9.979482148849E-1));
#3104=VECTOR('',#3103,4.000000000011E-1);
#3105=CARTESIAN_POINT('',(-9.535601504520E0,1.240365415674E1,
3.948790533426E-1));
#3106=LINE('',#3105,#3104);
#3107=DIRECTION('',(-3.267552490812E-3,9.979428873128E-1,6.402590696323E-2));
#3108=VECTOR('',#3107,2.173422871515E0);
#3109=CARTESIAN_POINT('',(-9.412730879290E0,1.264970405870E1,
9.842659644831E-3));
#3110=LINE('',#3109,#3108);
#3111=DIRECTION('',(2.742413318649E-7,-6.402607629232E-2,9.979482258888E-1));
#3112=VECTOR('',#3111,4.000000000011E-1);
#3113=CARTESIAN_POINT('',(-9.419832652608E0,1.481865595445E1,
1.489980302082E-1));
#3114=LINE('',#3113,#3112);
#3115=DIRECTION('',(3.267552490784E-3,-9.979428873128E-1,-6.402590696326E-2));
#3116=VECTOR('',#3115,2.173423158320E0);
#3117=CARTESIAN_POINT('',(-9.419832542911E0,1.479304552394E1,
5.481773205648E-1));
#3118=LINE('',#3117,#3116);
#3119=DIRECTION('',(3.017268745956E-7,-6.402624778401E-2,9.979482148862E-1));
#3120=VECTOR('',#3119,4.000000000010E-1);
#3121=CARTESIAN_POINT('',(-9.614550365834E0,1.501160314881E1,
1.613771679391E-1));
#3122=LINE('',#3121,#3120);
#3123=DIRECTION('',(-9.999946677185E-1,-3.258977062757E-3,-2.088137123084E-4));
#3124=VECTOR('',#3123,9.777795495384E-1);
#3125=CARTESIAN_POINT('',(-9.614550365834E0,1.501160314881E1,
1.613771679391E-1));
#3126=LINE('',#3125,#3124);
#3127=DIRECTION('',(2.520574904345E-7,-6.402624794669E-2,9.979482148758E-1));
#3128=VECTOR('',#3127,4.000000000012E-1);
#3129=CARTESIAN_POINT('',(-1.059232470158E1,1.500841658768E1,
1.611729941615E-1));
#3130=LINE('',#3129,#3128);
#3131=DIRECTION('',(9.999946677185E-1,3.258977063092E-3,2.088137121856E-4));
#3132=VECTOR('',#3131,9.777795694062E-1);
#3133=CARTESIAN_POINT('',(-1.059232460075E1,1.498280608850E1,
5.603522801130E-1));
#3134=LINE('',#3133,#3132);
#3135=DIRECTION('',(2.744627014540E-7,-6.402614372492E-2,9.979482215624E-1));
#3136=VECTOR('',#3135,4.000000000014E-1);
#3137=CARTESIAN_POINT('',(-1.078578474368E1,1.481420421735E1,
1.487127923062E-1));
#3138=LINE('',#3137,#3136);
#3139=DIRECTION('',(3.267933458527E-3,-9.979428860705E-1,-6.402590688363E-2));
#3140=VECTOR('',#3139,1.423464924876E0);
#3141=CARTESIAN_POINT('',(-1.078578474368E1,1.481420421735E1,
1.487127923062E-1));
#3142=LINE('',#3141,#3140);
#3143=DIRECTION('',(2.745761706880E-7,-6.402617831761E-2,9.979482193431E-1));
#3144=VECTOR('',#3143,4.000000000015E-1);
#3145=CARTESIAN_POINT('',(-1.078113295502E1,1.339366752200E1,
5.757415957397E-2));
#3146=LINE('',#3145,#3144);
#3147=DIRECTION('',(-3.267933458582E-3,9.979428860705E-1,6.402590688362E-2));
#3148=VECTOR('',#3147,1.423464938742E0);
#3149=CARTESIAN_POINT('',(-1.078113284519E1,1.336805705067E1,
4.567534473127E-1));
#3150=LINE('',#3149,#3148);
#3151=DIRECTION('',(2.766373885512E-7,-6.402680751339E-2,9.979481789750E-1));
#3152=VECTOR('',#3151,4.000000000014E-1);
#3153=CARTESIAN_POINT('',(-1.145987174058E1,1.339145575445E1,
5.743244414676E-2));
#3154=LINE('',#3153,#3152);
#3155=DIRECTION('',(-3.268540376398E-3,9.979428840910E-1,6.402590675679E-2));
#3156=VECTOR('',#3155,1.423464762085E0);
#3157=CARTESIAN_POINT('',(-1.145987174058E1,1.339145575445E1,
5.743244414676E-2));
#3158=LINE('',#3157,#3156);
#3159=DIRECTION('',(2.752390182428E-7,-6.402638143007E-2,9.979482063118E-1));
#3160=VECTOR('',#3159,4.000000000013E-1);
#3161=CARTESIAN_POINT('',(-1.146452439263E1,1.481199228453E1,
1.485710662756E-1));
#3162=LINE('',#3161,#3160);
#3163=DIRECTION('',(3.268540377194E-3,-9.979428840910E-1,-6.402590675678E-2));
#3164=VECTOR('',#3163,1.423464932870E0);
#3165=CARTESIAN_POINT('',(-1.146452428254E1,1.478638173196E1,
5.477503488016E-1));
#3166=LINE('',#3165,#3164);
#3167=DIRECTION('',(3.017552696594E-7,-6.402624777965E-2,9.979482148865E-1));
#3168=VECTOR('',#3167,4.000000000015E-1);
#3169=CARTESIAN_POINT('',(-1.165924210630E1,1.500493945475E1,
1.609502024583E-1));
#3170=LINE('',#3169,#3168);
#3171=DIRECTION('',(-9.999946677185E-1,-3.258977061318E-3,-2.088137122160E-4));
#3172=VECTOR('',#3171,9.778004063226E-1);
#3173=CARTESIAN_POINT('',(-1.165924210630E1,1.500493945475E1,
1.609502024583E-1));
#3174=LINE('',#3173,#3172);
#3175=DIRECTION('',(9.999946677185E-1,3.258977061716E-3,2.088137125297E-4));
#3176=VECTOR('',#3175,9.778004206725E-1);
#3177=CARTESIAN_POINT('',(-1.263703719236E1,1.497614232650E1,
5.599253102784E-1));
#3178=LINE('',#3177,#3176);
#3179=DIRECTION('',(2.678712540658E-7,-6.402412905631E-2,9.979483508171E-1));
#3180=VECTOR('',#3179,4.000000000020E-1);
#3181=CARTESIAN_POINT('',(-1.283049758047E1,1.480753964304E1,
1.482857703557E-1));
#3182=LINE('',#3181,#3180);
#3183=DIRECTION('',(-2.658806819148E-7,6.402624789758E-2,-9.979482148790E-1));
#3184=VECTOR('',#3183,4.000000000012E-1);
#3185=CARTESIAN_POINT('',(-1.263703719236E1,1.497614232650E1,
5.599253102784E-1));
#3186=LINE('',#3185,#3184);
#3187=DIRECTION('',(-3.268076080223E-3,9.979428856053E-1,6.402590685371E-2));
#3188=VECTOR('',#3187,2.173402170707E0);
#3189=CARTESIAN_POINT('',(-1.282339462968E1,1.261299875760E1,
4.083110657472E-1));
#3190=LINE('',#3189,#3188);
#3191=DIRECTION('',(3.268076080898E-3,-9.979428856053E-1,-6.402590685383E-2));
#3192=VECTOR('',#3191,2.173401319547E0);
#3193=CARTESIAN_POINT('',(-1.283049758047E1,1.480753964304E1,
1.482857703557E-1));
#3194=LINE('',#3193,#3192);
#3195=DIRECTION('',(-2.748217120531E-7,6.402625257881E-2,-9.979482145786E-1));
#3196=VECTOR('',#3195,4.000000000014E-1);
#3197=CARTESIAN_POINT('',(-1.282339462968E1,1.261299875760E1,
4.083110657472E-1));
#3198=LINE('',#3197,#3196);
#3199=DIRECTION('',(-1.874048226368E-5,-6.401538057449E-2,9.979489118681E-1));
#3200=VECTOR('',#3199,4.000000000973E-1);
#3201=CARTESIAN_POINT('',(-1.269325549909E1,1.241550023508E1,
-5.182459234766E-3));
#3202=LINE('',#3201,#3200);
#3203=DIRECTION('',(2.810640847437E-5,6.401002984719E-2,-9.979492548667E-1));
#3204=VECTOR('',#3203,4.000000002151E-1);
#3205=CARTESIAN_POINT('',(-1.183874811880E1,1.190154896500E1,
3.626656798725E-1));
#3206=LINE('',#3205,#3204);
#3207=DIRECTION('',(1.955802852434E-7,-6.400227670465E-2,9.979497525309E-1));
#3208=VECTOR('',#3207,4.000000001166E-1);
#3209=CARTESIAN_POINT('',(-1.179852401411E1,1.185818699720E1,
-4.093874483377E-2));
#3210=LINE('',#3209,#3208);
#3211=DIRECTION('',(3.268075593600E-3,-9.979428856069E-1,-6.402590685393E-2));
#3212=VECTOR('',#3211,5.983139330053E-1);
#3213=CARTESIAN_POINT('',(-1.179852401411E1,1.185818699720E1,
-4.093874483377E-2));
#3214=LINE('',#3213,#3212);
#3215=DIRECTION('',(-3.268076076664E-3,9.979428856054E-1,6.402590685346E-2));
#3216=VECTOR('',#3215,5.983235420716E-1);
#3217=CARTESIAN_POINT('',(-1.179656856903E1,1.123549336441E1,
3.199329489221E-1));
#3218=LINE('',#3217,#3216);
#3219=DIRECTION('',(-2.748107341678E-7,6.402624996900E-2,-9.979482147461E-1));
#3220=VECTOR('',#3219,4.000000000014E-1);
#3221=CARTESIAN_POINT('',(-1.179656856903E1,1.123549336441E1,
3.199329489221E-1));
#3222=LINE('',#3221,#3220);
#3223=DIRECTION('',(-1.728329213071E-6,-6.402625439437E-2,9.979482144607E-1));
#3224=VECTOR('',#3223,4.000000000022E-1);
#3225=CARTESIAN_POINT('',(-1.160185023838E1,1.106817745447E1,
-9.162414122435E-2));
#3226=LINE('',#3225,#3224);
#3227=DIRECTION('',(-9.999946676304E-1,-3.259003978141E-3,-2.088154388395E-4));
#3228=VECTOR('',#3227,9.778004174026E-1);
#3229=CARTESIAN_POINT('',(-1.062405572630E1,1.104575360816E1,
3.077593243853E-1));
#3230=LINE('',#3229,#3228);
#3231=DIRECTION('',(9.999946676304E-1,3.259003979656E-3,2.088154392398E-4));
#3232=VECTOR('',#3231,9.777996152758E-1);
#3233=CARTESIAN_POINT('',(-1.160185023838E1,1.106817745447E1,
-9.162414122435E-2));
#3234=LINE('',#3233,#3232);
#3235=DIRECTION('',(-2.769769524839E-7,6.402624786291E-2,-9.979482148812E-1));
#3236=VECTOR('',#3235,4.000000000011E-1);
#3237=CARTESIAN_POINT('',(-1.062405572630E1,1.104575360816E1,
3.077593243853E-1));
#3238=LINE('',#3237,#3236);
#3239=DIRECTION('',(2.814491439892E-7,-6.402827733283E-2,9.979480846726E-1));
#3240=VECTOR('',#3239,4.000000000020E-1);
#3241=CARTESIAN_POINT('',(-1.043060593895E1,1.126555637734E1,
-7.896104930236E-2));
#3242=LINE('',#3241,#3240);
#3243=DIRECTION('',(3.268076080604E-3,-9.979428856053E-1,-6.402590685427E-2));
#3244=VECTOR('',#3243,5.981632286433E-1);
#3245=CARTESIAN_POINT('',(-1.043256066931E1,1.183687780486E1,
3.585161277295E-1));
#3246=LINE('',#3245,#3244);
#3247=DIRECTION('',(-3.268076557970E-3,9.979428856038E-1,6.402590685373E-2));
#3248=VECTOR('',#3247,5.981528819282E-1);
#3249=CARTESIAN_POINT('',(-1.043060593895E1,1.126555637734E1,
-7.896104930236E-2));
#3250=LINE('',#3249,#3248);
#3251=DIRECTION('',(-1.976283625069E-7,6.400246373563E-2,-9.979497405359E-1));
#3252=VECTOR('',#3251,4.000000001151E-1);
#3253=CARTESIAN_POINT('',(-1.043256066931E1,1.183687780486E1,
3.585161277295E-1));
#3254=LINE('',#3253,#3252);
#3255=DIRECTION('',(2.847745674634E-5,-6.400987919749E-2,9.979492645191E-1));
#3256=VECTOR('',#3255,4.000000002143E-1);
#3257=CARTESIAN_POINT('',(-1.039281440157E1,1.193169722502E1,
-3.622287110026E-2));
#3258=LINE('',#3257,#3256);
#3259=CARTESIAN_POINT('',(-1.263703719236E1,1.497614232650E1,
5.599253102784E-1));
#3260=CARTESIAN_POINT('',(-1.264112506700E1,1.497612900402E1,
5.599244566619E-1));
#3261=CARTESIAN_POINT('',(-1.264929054886E1,1.497569342658E1,
5.598965131826E-1));
#3262=CARTESIAN_POINT('',(-1.266547706797E1,1.497331856125E1,
5.597441513008E-1));
#3263=CARTESIAN_POINT('',(-1.269297822305E1,1.496564020419E1,
5.592515317161E-1));
#3264=CARTESIAN_POINT('',(-1.274595098629E1,1.493840881691E1,
5.575044380609E-1));
#3265=CARTESIAN_POINT('',(-1.280524751321E1,1.487847620869E1,
5.536593049399E-1));
#3266=CARTESIAN_POINT('',(-1.283060405411E1,1.481454186662E1,
5.495574196875E-1));
#3267=CARTESIAN_POINT('',(-1.283049747332E1,1.478192999141E1,
5.474651106845E-1));
#3269=CARTESIAN_POINT('',(-1.282339462968E1,1.261299875760E1,
4.083110657472E-1));
#3270=CARTESIAN_POINT('',(-1.282329779153E1,1.258342824649E1,
4.064138842378E-1));
#3271=CARTESIAN_POINT('',(-1.281001445836E1,1.252333021083E1,
4.025581176555E-1));
#3272=CARTESIAN_POINT('',(-1.276480604483E1,1.244582112796E1,
3.975852862990E-1));
#3273=CARTESIAN_POINT('',(-1.271898871422E1,1.240459748009E1,
3.949404515787E-1));
#3274=CARTESIAN_POINT('',(-1.269326299528E1,1.238989408284E1,
3.939971056096E-1));
#3276=DIRECTION('',(8.677812681990E-1,-4.959267033731E-1,-3.181784789102E-2));
#3277=VECTOR('',#3276,9.847122861505E-1);
#3278=CARTESIAN_POINT('',(-1.269326299528E1,1.238989408284E1,
3.939971056096E-1));
#3279=LINE('',#3278,#3277);
#3280=CARTESIAN_POINT('',(-1.187846184679E1,1.183231578799E1,
3.582238365259E-1));
#3281=DIRECTION('',(-2.748031715060E-7,6.402624786891E-2,-9.979482148808E-1));
#3282=DIRECTION('',(4.968043335309E-1,8.660819191560E-1,5.556584828791E-2));
#3283=AXIS2_PLACEMENT_3D('',#3280,#3281,#3282);
#3285=CARTESIAN_POINT('',(-1.179656856903E1,1.123549336441E1,
3.199329489221E-1));
#3286=CARTESIAN_POINT('',(-1.179646172729E1,1.120286809582E1,
3.178397806279E-1));
#3287=CARTESIAN_POINT('',(-1.176932524892E1,1.113712981491E1,
3.136221440188E-1));
#3288=CARTESIAN_POINT('',(-1.171132703460E1,1.107988958270E1,
3.099497157505E-1));
#3289=CARTESIAN_POINT('',(-1.165781964244E1,1.105267634656E1,
3.082037573129E-1));
#3290=CARTESIAN_POINT('',(-1.162634356906E1,1.104413060947E1,
3.076554722191E-1));
#3291=CARTESIAN_POINT('',(-1.161002114605E1,1.104254037954E1,
3.075534419335E-1));
#3292=CARTESIAN_POINT('',(-1.160185092971E1,1.104256695271E1,
3.075551445621E-1));
#3294=CARTESIAN_POINT('',(-1.062405572630E1,1.104575360816E1,
3.077593243853E-1));
#3295=CARTESIAN_POINT('',(-1.061588120358E1,1.104578024916E1,
3.077610313647E-1));
#3296=CARTESIAN_POINT('',(-1.059956179282E1,1.104747726768E1,
3.078699039912E-1));
#3297=CARTESIAN_POINT('',(-1.056812209262E1,1.105624390575E1,
3.084323443004E-1));
#3298=CARTESIAN_POINT('',(-1.053046313255E1,1.107567972879E1,
3.096792952511E-1));
#3299=CARTESIAN_POINT('',(-1.049136109443E1,1.110731845424E1,
3.117091582259E-1));
#3300=CARTESIAN_POINT('',(-1.045033281056E1,1.115842671945E1,
3.149881451844E-1));
#3301=CARTESIAN_POINT('',(-1.043049925698E1,1.120733710628E1,
3.181261267485E-1));
#3302=CARTESIAN_POINT('',(-1.043060582637E1,1.123994506641E1,
3.202181845687E-1));
#3304=CARTESIAN_POINT('',(-1.035262316163E1,1.183712899976E1,
3.585322218513E-1));
#3305=DIRECTION('',(-2.748032788276E-7,6.402624786885E-2,-9.979482148808E-1));
#3306=DIRECTION('',(-9.999950424896E-1,-3.142365592246E-3,-2.013321667318E-4));
#3307=AXIS2_PLACEMENT_3D('',#3304,#3305,#3306);
#3309=DIRECTION('',(8.644147667417E-1,5.017478059985E-1,3.219084053777E-2));
#3310=VECTOR('',#3309,9.916553245597E-1);
#3311=CARTESIAN_POINT('',(-1.039280301059E1,1.190609327333E1,
3.629568349213E-1));
#3312=LINE('',#3311,#3310);
#3313=CARTESIAN_POINT('',(-9.535601504520E0,1.240365415674E1,
3.948790533426E-1));
#3314=CARTESIAN_POINT('',(-9.510967089383E0,1.241899746851E1,
3.958634410080E-1));
#3315=CARTESIAN_POINT('',(-9.467491407159E0,1.246049144418E1,
3.985255947992E-1));
#3316=CARTESIAN_POINT('',(-9.424794698733E0,1.253685539446E1,
4.034249326632E-1));
#3317=CARTESIAN_POINT('',(-9.412636855326E0,1.259540188831E1,
4.071811485979E-1));
#3318=CARTESIAN_POINT('',(-9.412730768657E0,1.262409334197E1,
4.090219316385E-1));
#3320=CARTESIAN_POINT('',(-9.419832542911E0,1.479304552394E1,
5.481773205648E-1));
#3321=CARTESIAN_POINT('',(-9.419939399657E0,1.482567515672E1,
5.502707688567E-1));
#3322=CARTESIAN_POINT('',(-9.447076644638E0,1.489141949407E1,
5.544887940345E-1));
#3323=CARTESIAN_POINT('',(-9.505075217114E0,1.494866757287E1,
5.581617257224E-1));
#3324=CARTESIAN_POINT('',(-9.558583138725E0,1.497588292132E1,
5.599078196824E-1));
#3325=CARTESIAN_POINT('',(-9.590058243488E0,1.498442893911E1,
5.604561227847E-1));
#3326=CARTESIAN_POINT('',(-9.606380242049E0,1.498601927485E1,
5.605581598584E-1));
#3327=CARTESIAN_POINT('',(-9.614550245143E0,1.498599264969E1,
5.605564538946E-1));
#3329=CARTESIAN_POINT('',(-1.059232460075E1,1.498280608850E1,
5.603522801130E-1));
#3330=CARTESIAN_POINT('',(-1.060049945130E1,1.498277944619E1,
5.603505730496E-1));
#3331=CARTESIAN_POINT('',(-1.061682032814E1,1.498108107552E1,
5.602416136717E-1));
#3332=CARTESIAN_POINT('',(-1.064825634394E1,1.497232116719E1,
5.596796051280E-1));
#3333=CARTESIAN_POINT('',(-1.070159381818E1,1.494474042798E1,
5.579100978917E-1));
#3334=CARTESIAN_POINT('',(-1.075920464719E1,1.488711166258E1,
5.542127739913E-1));
#3335=CARTESIAN_POINT('',(-1.078589141525E1,1.482120562715E1,
5.499843894278E-1));
#3336=CARTESIAN_POINT('',(-1.078578463389E1,1.478859375986E1,
5.478920809326E-1));
#3338=CARTESIAN_POINT('',(-1.078113284519E1,1.336805705067E1,
4.567534473127E-1));
#3339=CARTESIAN_POINT('',(-1.078095622672E1,1.331412434232E1,
4.532932387063E-1));
#3340=CARTESIAN_POINT('',(-1.081688904247E1,1.320699146324E1,
4.464198295515E-1));
#3341=CARTESIAN_POINT('',(-1.093305008665E1,1.312542219146E1,
4.411865494932E-1));
#3342=CARTESIAN_POINT('',(-1.104054231913E1,1.310624198252E1,
4.399560174333E-1));
#3343=CARTESIAN_POINT('',(-1.112618307500E1,1.310573637233E1,
4.399236021350E-1));
#3344=CARTESIAN_POINT('',(-1.121098321253E1,1.310734614579E1,
4.400269051482E-1));
#3345=CARTESIAN_POINT('',(-1.131479201380E1,1.312765175835E1,
4.413296989109E-1));
#3346=CARTESIAN_POINT('',(-1.142485829838E1,1.321002084405E1,
4.466143556360E-1));
#3347=CARTESIAN_POINT('',(-1.145969859158E1,1.331302880074E1,
4.532231379783E-1));
#3348=CARTESIAN_POINT('',(-1.145987162993E1,1.336584503145E1,
4.566117157381E-1));
#3350=CARTESIAN_POINT('',(-1.146452428254E1,1.478638173196E1,
5.477503488016E-1));
#3351=CARTESIAN_POINT('',(-1.146463113930E1,1.481901137315E1,
5.498437976328E-1));
#3352=CARTESIAN_POINT('',(-1.149176832731E1,1.488475575019E1,
5.540618253578E-1));
#3353=CARTESIAN_POINT('',(-1.154976693057E1,1.494200386045E1,
5.577347590637E-1));
#3354=CARTESIAN_POINT('',(-1.160327486323E1,1.496921922132E1,
5.594808538202E-1));
#3355=CARTESIAN_POINT('',(-1.163474997678E1,1.497776524412E1,
5.600291572452E-1));
#3356=CARTESIAN_POINT('',(-1.165107198009E1,1.497935558080E1,
5.601311943787E-1));
#3357=CARTESIAN_POINT('',(-1.165924198559E1,1.497932895564E1,
5.601294884144E-1));
#3359=DIRECTION('',(2.752031647009E-7,-6.402637011844E-2,9.979482070375E-1));
#3360=VECTOR('',#3359,4.000000000005E-1);
#3361=CARTESIAN_POINT('',(-7.359295252467E0,1.127556507936E1,
-7.831975787993E-2));
#3362=LINE('',#3361,#3360);
#3363=DIRECTION('',(-2.827092826502E-7,6.402624784210E-2,-9.979482148825E-1));
#3364=VECTOR('',#3363,4.000000000007E-1);
#3365=CARTESIAN_POINT('',(-7.552755295359E0,1.105576304184E1,
3.084006627524E-1));
#3366=LINE('',#3365,#3364);
#3367=DIRECTION('',(-3.267887395446E-3,9.979428862207E-1,6.402590689325E-2));
#3368=VECTOR('',#3367,1.039642055553E0);
#3369=CARTESIAN_POINT('',(-7.359295252467E0,1.127556507936E1,
-7.831975787993E-2));
#3370=LINE('',#3369,#3368);
#3371=DIRECTION('',(2.751338001866E-7,-6.402634893334E-2,9.979482083967E-1));
#3372=VECTOR('',#3371,4.000000000008E-1);
#3373=CARTESIAN_POINT('',(-7.362692685636E0,1.231306847292E1,
-1.175573242879E-2));
#3374=LINE('',#3373,#3372);
#3375=DIRECTION('',(3.267887395445E-3,-9.979428862207E-1,-6.402590689351E-2));
#3376=VECTOR('',#3375,1.039642064044E0);
#3377=CARTESIAN_POINT('',(-7.362692575583E0,1.228745793334E1,
3.874235509307E-1));
#3378=LINE('',#3377,#3376);
#3379=DIRECTION('',(2.723936809440E-7,-6.402551233432E-2,9.979482620709E-1));
#3380=VECTOR('',#3379,4.000000000008E-1);
#3381=CARTESIAN_POINT('',(-6.683953875516E0,1.231528016848E1,
-1.161402162007E-2));
#3382=LINE('',#3381,#3380);
#3383=DIRECTION('',(3.268688489187E-3,-9.979428836078E-1,-6.402590672584E-2));
#3384=VECTOR('',#3383,1.039641848946E0);
#3385=CARTESIAN_POINT('',(-6.683953875516E0,1.231528016848E1,
-1.161402162007E-2));
#3386=LINE('',#3385,#3384);
#3387=DIRECTION('',(2.742360249992E-7,-6.402607464657E-2,9.979482259944E-1));
#3388=VECTOR('',#3387,4.000000000006E-1);
#3389=CARTESIAN_POINT('',(-6.680555610171E0,1.127777698382E1,
-7.817803366898E-2));
#3390=LINE('',#3389,#3388);
#3391=DIRECTION('',(-3.268688489389E-3,9.979428836078E-1,6.402590672592E-2));
#3392=VECTOR('',#3391,1.039642074335E0);
#3393=CARTESIAN_POINT('',(-6.680555500477E0,1.125216655396E1,
3.210012567294E-1));
#3394=LINE('',#3393,#3392);
#3395=DIRECTION('',(2.468414095344E-7,-6.402624796024E-2,9.979482148749E-1));
#3396=VECTOR('',#3395,4.000000000005E-1);
#3397=CARTESIAN_POINT('',(-6.485827516682E0,1.108485070846E1,
-9.055582928453E-2));
#3398=LINE('',#3397,#3396);
#3399=DIRECTION('',(9.999946677197E-1,3.258976672157E-3,2.088136872485E-4));
#3400=VECTOR('',#3399,9.777795103750E-1);
#3401=CARTESIAN_POINT('',(-6.485827516682E0,1.108485070846E1,
-9.055582928453E-2));
#3402=LINE('',#3401,#3400);
#3403=DIRECTION('',(2.986993319350E-7,-6.402624778975E-2,9.979482148859E-1));
#3404=VECTOR('',#3403,4.000000000005E-1);
#3405=CARTESIAN_POINT('',(-5.508053220101E0,1.108803726907E1,
-9.035165553965E-2));
#3406=LINE('',#3405,#3404);
#3407=DIRECTION('',(-9.999946677197E-1,-3.258976672763E-3,-2.088136873672E-4));
#3408=VECTOR('',#3407,9.777795311183E-1);
#3409=CARTESIAN_POINT('',(-5.508053100622E0,1.106242676996E1,
3.088276304152E-1));
#3410=LINE('',#3409,#3408);
#3411=DIRECTION('',(2.749601013538E-7,-6.402629575964E-2,9.979482118082E-1));
#3412=VECTOR('',#3411,4.000000000005E-1);
#3413=CARTESIAN_POINT('',(-5.314603525744E0,1.128222874093E1,
-7.789279448372E-2));
#3414=LINE('',#3413,#3412);
#3415=DIRECTION('',(-3.268017101747E-3,9.979428857977E-1,6.402590686615E-2));
#3416=VECTOR('',#3415,3.557127412789E0);
#3417=CARTESIAN_POINT('',(-5.314603525744E0,1.128222874093E1,
-7.789279448372E-2));
#3418=LINE('',#3417,#3416);
#3419=DIRECTION('',(2.747090332984E-7,-6.402621907170E-2,9.979482167284E-1));
#3420=VECTOR('',#3419,4.000000000006E-1);
#3421=CARTESIAN_POINT('',(-5.326228278962E0,1.483203873639E1,
1.498555139585E-1));
#3422=LINE('',#3421,#3420);
#3423=DIRECTION('',(3.268017101740E-3,-9.979428857977E-1,-6.402590686618E-2));
#3424=VECTOR('',#3423,3.557127443527E0);
#3425=CARTESIAN_POINT('',(-5.326228169078E0,1.480642824877E1,
5.490348006505E-1));
#3426=LINE('',#3425,#3424);
#3427=DIRECTION('',(3.026597195085E-7,-6.402624777462E-2,9.979482148868E-1));
#3428=VECTOR('',#3427,4.000000000005E-1);
#3429=CARTESIAN_POINT('',(-5.520945924345E0,1.502496512917E1,
1.622333171041E-1));
#3430=LINE('',#3429,#3428);
#3431=DIRECTION('',(-9.999946677192E-1,-3.258976830601E-3,-2.088136974137E-4));
#3432=VECTOR('',#3431,9.778004072211E-1);
#3433=CARTESIAN_POINT('',(-5.520945924345E0,1.502496512917E1,
1.622333171041E-1));
#3434=LINE('',#3433,#3432);
#3435=DIRECTION('',(9.999946677192E-1,3.258976830947E-3,2.088136972953E-4));
#3436=VECTOR('',#3435,9.778004216576E-1);
#3437=CARTESIAN_POINT('',(-6.498741011033E0,1.499616800114E1,
5.612084249380E-1));
#3438=LINE('',#3437,#3436);
#3439=DIRECTION('',(2.744011839968E-7,-6.402612515307E-2,9.979482227540E-1));
#3440=VECTOR('',#3439,4.000000000006E-1);
#3441=CARTESIAN_POINT('',(-6.692190824489E0,1.482758699538E1,
1.495702758086E-1));
#3442=LINE('',#3441,#3440);
#3443=DIRECTION('',(-2.665687537369E-7,6.402624789307E-2,-9.979482148792E-1));
#3444=VECTOR('',#3443,4.000000000006E-1);
#3445=CARTESIAN_POINT('',(-6.498741011033E0,1.499616800114E1,
5.612084249380E-1));
#3446=LINE('',#3445,#3444);
#3447=DIRECTION('',(3.267886592435E-3,-9.979428862233E-1,-6.402590689342E-2));
#3448=VECTOR('',#3447,1.039642055449E0);
#3449=CARTESIAN_POINT('',(-6.692190824489E0,1.482758699538E1,
1.495702758086E-1));
#3450=LINE('',#3449,#3448);
#3451=DIRECTION('',(2.744876281819E-7,-6.402615161722E-2,9.979482210561E-1));
#3452=VECTOR('',#3451,4.000000000007E-1);
#3453=CARTESIAN_POINT('',(-6.688793392155E0,1.379008360193E1,
8.300625036400E-2));
#3454=LINE('',#3453,#3452);
#3455=DIRECTION('',(-3.267886592348E-3,9.979428862233E-1,6.402590689336E-2));
#3456=VECTOR('',#3455,1.039642066056E0);
#3457=CARTESIAN_POINT('',(-6.688793282360E0,1.376447314128E1,
4.821855387871E-1));
#3458=LINE('',#3457,#3456);
#3459=DIRECTION('',(2.772149798597E-7,-6.402698414370E-2,9.979481676427E-1));
#3460=VECTOR('',#3459,4.000000000007E-1);
#3461=CARTESIAN_POINT('',(-7.367542649517E0,1.378787187350E1,
8.286453744936E-2));
#3462=LINE('',#3461,#3460);
#3463=DIRECTION('',(-3.268689168114E-3,9.979428836056E-1,6.402590672570E-2));
#3464=VECTOR('',#3463,1.039641847546E0);
#3465=CARTESIAN_POINT('',(-7.367542649517E0,1.378787187350E1,
8.286453744936E-2));
#3466=LINE('',#3465,#3464);
#3467=DIRECTION('',(2.753979111422E-7,-6.402642947866E-2,9.979482032291E-1));
#3468=VECTOR('',#3467,4.000000000005E-1);
#3469=CARTESIAN_POINT('',(-7.370940915562E0,1.482537505676E1,
1.494285494084E-1));
#3470=LINE('',#3469,#3468);
#3471=DIRECTION('',(3.268689168229E-3,-9.979428836056E-1,-6.402590672555E-2));
#3472=VECTOR('',#3471,1.039642069869E0);
#3473=CARTESIAN_POINT('',(-7.370940805403E0,1.479976448496E1,
5.486078307006E-1));
#3474=LINE('',#3473,#3472);
#3475=DIRECTION('',(3.026511241617E-7,-6.402624777457E-2,9.979482148868E-1));
#3476=VECTOR('',#3475,4.000000000006E-1);
#3477=CARTESIAN_POINT('',(-7.565658560779E0,1.501830136703E1,
1.618063472609E-1));
#3478=LINE('',#3477,#3476);
#3479=DIRECTION('',(-9.999946677192E-1,-3.258976831051E-3,-2.088136974430E-4));
#3480=VECTOR('',#3479,9.777795105266E-1);
#3481=CARTESIAN_POINT('',(-7.565658560779E0,1.501830136703E1,
1.618063472609E-1));
#3482=LINE('',#3481,#3480);
#3483=DIRECTION('',(2.509799967850E-7,-6.402624794404E-2,9.979482148760E-1));
#3484=VECTOR('',#3483,4.000000000006E-1);
#3485=CARTESIAN_POINT('',(-8.543432857511E0,1.501511480626E1,
1.616021735060E-1));
#3486=LINE('',#3485,#3484);
#3487=DIRECTION('',(9.999946677192E-1,3.258976831496E-3,2.088136974750E-4));
#3488=VECTOR('',#3487,9.777795311952E-1);
#3489=CARTESIAN_POINT('',(-8.543432757119E0,1.498950430708E1,
5.607814594569E-1));
#3490=LINE('',#3489,#3488);
#3491=DIRECTION('',(2.746469718312E-7,-6.402620012021E-2,9.979482179442E-1));
#3492=VECTOR('',#3491,4.000000000008E-1);
#3493=CARTESIAN_POINT('',(-8.736893000980E0,1.482092330011E1,
1.491433102527E-1));
#3494=LINE('',#3493,#3492);
#3495=DIRECTION('',(3.268017351797E-3,-9.979428857969E-1,-6.402590686610E-2));
#3496=VECTOR('',#3495,3.557127412883E0);
#3497=CARTESIAN_POINT('',(-8.736893000980E0,1.482092330011E1,
1.491433102527E-1));
#3498=LINE('',#3497,#3496);
#3499=DIRECTION('',(2.748972205421E-7,-6.402627658027E-2,9.979482130387E-1));
#3500=VECTOR('',#3499,4.000000000005E-1);
#3501=CARTESIAN_POINT('',(-8.725268246872E0,1.127111330455E1,
-7.860499819536E-2));
#3502=LINE('',#3501,#3500);
#3503=DIRECTION('',(-3.268017351782E-3,9.979428857969E-1,6.402590686619E-2));
#3504=VECTOR('',#3503,3.557127443530E0);
#3505=CARTESIAN_POINT('',(-8.725268136913E0,1.124550279392E1,
3.205742870206E-1));
#3506=LINE('',#3505,#3504);
#3507=DIRECTION('',(2.468334958645E-7,-6.402624795928E-2,9.979482148750E-1));
#3508=VECTOR('',#3507,4.000000000007E-1);
#3509=CARTESIAN_POINT('',(-8.530540153111E0,1.107818694631E1,
-9.098279912846E-2));
#3510=LINE('',#3509,#3508);
#3511=DIRECTION('',(9.999946677197E-1,3.258976680999E-3,2.088136878155E-4));
#3512=VECTOR('',#3511,9.777899585189E-1);
#3513=CARTESIAN_POINT('',(-8.530540153111E0,1.107818694631E1,
-9.098279912846E-2));
#3514=LINE('',#3513,#3512);
#3515=DIRECTION('',(-9.999946677197E-1,-3.258976681100E-3,-2.088136878946E-4));
#3516=VECTOR('',#3515,9.777899728693E-1);
#3517=CARTESIAN_POINT('',(-7.552755295359E0,1.105576304184E1,
3.084006627524E-1));
#3518=LINE('',#3517,#3516);
#3519=CARTESIAN_POINT('',(-6.498741011033E0,1.499616800114E1,
5.612084249380E-1));
#3520=CARTESIAN_POINT('',(-6.506915534056E0,1.499614136019E1,
5.612067179623E-1));
#3521=CARTESIAN_POINT('',(-6.523235759694E0,1.499444311328E1,
5.610977665243E-1));
#3522=CARTESIAN_POINT('',(-6.554670589566E0,1.498568382045E1,
5.605357974695E-1));
#3523=CARTESIAN_POINT('',(-6.608004908952E0,1.495810563697E1,
5.587664542022E-1));
#3524=CARTESIAN_POINT('',(-6.665612463654E0,1.490048392272E1,
5.550695826874E-1));
#3525=CARTESIAN_POINT('',(-6.692297480250E0,1.483458450367E1,
5.508416226166E-1));
#3526=CARTESIAN_POINT('',(-6.692190714728E0,1.480197654532E1,
5.487495649109E-1));
#3528=CARTESIAN_POINT('',(-6.688793282360E0,1.376447314128E1,
4.821855387871E-1));
#3529=CARTESIAN_POINT('',(-6.688616662504E0,1.371053998959E1,
4.787253017371E-1));
#3530=CARTESIAN_POINT('',(-6.724554036356E0,1.360340557430E1,
4.718517940234E-1));
#3531=CARTESIAN_POINT('',(-6.840718683672E0,1.352183761986E1,
4.666185984835E-1));
#3532=CARTESIAN_POINT('',(-6.948214537279E0,1.350265768044E1,
4.653880837170E-1));
#3533=CARTESIAN_POINT('',(-7.033856557318E0,1.350215241432E1,
4.653556904933E-1));
#3534=CARTESIAN_POINT('',(-7.118656989717E0,1.350376268273E1,
4.654590252617E-1));
#3535=CARTESIAN_POINT('',(-7.222464797462E0,1.352406877955E1,
4.667618500936E-1));
#3536=CARTESIAN_POINT('',(-7.332529648317E0,1.360643796643E1,
4.720465133095E-1));
#3537=CARTESIAN_POINT('',(-7.367369477489E0,1.370944513200E1,
4.786552448955E-1));
#3538=CARTESIAN_POINT('',(-7.367542538631E0,1.376226107984E1,
4.820438045072E-1));
#3540=CARTESIAN_POINT('',(-7.370940805403E0,1.479976448496E1,
5.486078307006E-1));
#3541=CARTESIAN_POINT('',(-7.371047647476E0,1.483238975307E1,
5.507009989640E-1));
#3542=CARTESIAN_POINT('',(-7.398184125922E0,1.489812803370E1,
5.549186355554E-1));
#3543=CARTESIAN_POINT('',(-7.456182339248E0,1.495536825913E1,
5.585910633876E-1));
#3544=CARTESIAN_POINT('',(-7.509689732169E0,1.498258150732E1,
5.603370225986E-1));
#3545=CARTESIAN_POINT('',(-7.541165802019E0,1.499112722515E1,
5.608853064575E-1));
#3546=CARTESIAN_POINT('',(-7.557488225705E0,1.499271749372E1,
5.609873392218E-1));
#3547=CARTESIAN_POINT('',(-7.565658439719E0,1.499269086792E1,
5.609856332162E-1));
#3549=CARTESIAN_POINT('',(-8.543432757119E0,1.498950430708E1,
5.607814594569E-1));
#3550=CARTESIAN_POINT('',(-8.551607825522E0,1.498947766403E1,
5.607797523466E-1));
#3551=CARTESIAN_POINT('',(-8.567929141603E0,1.498777935775E1,
5.606707970999E-1));
#3552=CARTESIAN_POINT('',(-8.599366151845E0,1.497901973837E1,
5.601088070945E-1));
#3553=CARTESIAN_POINT('',(-8.652703064279E0,1.495144112825E1,
5.583394364564E-1));
#3554=CARTESIAN_POINT('',(-8.710313544047E0,1.489382026379E1,
5.546426194635E-1));
#3555=CARTESIAN_POINT('',(-8.736999667215E0,1.482792035707E1,
5.504146281046E-1));
#3556=CARTESIAN_POINT('',(-8.736892891121E0,1.479531282006E1,
5.483225974312E-1));
#3558=CARTESIAN_POINT('',(-8.725268136913E0,1.124550279392E1,
3.205742870206E-1));
#3559=CARTESIAN_POINT('',(-8.725161295836E0,1.121287796297E1,
3.184811468039E-1));
#3560=CARTESIAN_POINT('',(-8.698023712966E0,1.114713918365E1,
3.142634782185E-1));
#3561=CARTESIAN_POINT('',(-8.640022567594E0,1.108989981538E1,
3.105911053788E-1));
#3562=CARTESIAN_POINT('',(-8.586512554226E0,1.106268616027E1,
3.088451200597E-1));
#3563=CARTESIAN_POINT('',(-8.555034318935E0,1.105414013900E1,
3.082968167322E-1));
#3564=CARTESIAN_POINT('',(-8.538710810493E0,1.105254981956E1,
3.081947807036E-1));
#3565=CARTESIAN_POINT('',(-8.530540054378E0,1.105257644712E1,
3.081964868222E-1));
#3567=CARTESIAN_POINT('',(-7.552755295359E0,1.105576304184E1,
3.084006627524E-1));
#3568=CARTESIAN_POINT('',(-7.544580225347E0,1.105578968456E1,
3.084023698417E-1));
#3569=CARTESIAN_POINT('',(-7.528258905527E0,1.105748799074E1,
3.085113250822E-1));
#3570=CARTESIAN_POINT('',(-7.496821894729E0,1.106624761052E1,
3.090733151128E-1));
#3571=CARTESIAN_POINT('',(-7.443484981591E0,1.109382622053E1,
3.108426857443E-1));
#3572=CARTESIAN_POINT('',(-7.385874501544E0,1.115144708643E1,
3.145395028300E-1));
#3573=CARTESIAN_POINT('',(-7.359188378165E0,1.121734699310E1,
3.187674941845E-1));
#3574=CARTESIAN_POINT('',(-7.359295142386E0,1.124995453131E1,
3.208595249356E-1));
#3576=CARTESIAN_POINT('',(-7.362692575583E0,1.228745793334E1,
3.874235509307E-1));
#3577=CARTESIAN_POINT('',(-7.362869198255E0,1.234139183223E1,
3.908838359188E-1));
#3578=CARTESIAN_POINT('',(-7.326938609226E0,1.244852674074E1,
3.977573752792E-1));
#3579=CARTESIAN_POINT('',(-7.210780359619E0,1.253010513795E1,
4.029912408059E-1));
#3580=CARTESIAN_POINT('',(-7.103286244879E0,1.254929221198E1,
4.042222133153E-1));
#3581=CARTESIAN_POINT('',(-7.017643326111E0,1.254980023064E1,
4.042547831354E-1));
#3582=CARTESIAN_POINT('',(-6.932840963566E0,1.254818774974E1,
4.041513064177E-1));
#3583=CARTESIAN_POINT('',(-6.829030044617E0,1.252787543109E1,
4.028480824054E-1));
#3584=CARTESIAN_POINT('',(-6.718965368326E0,1.244549826909E1,
3.975629075230E-1));
#3585=CARTESIAN_POINT('',(-6.684126832894E0,1.234248752988E1,
3.909539466597E-1));
#3586=CARTESIAN_POINT('',(-6.683953766558E0,1.228966996354E1,
3.875652832090E-1));
#3588=CARTESIAN_POINT('',(-6.680555500477E0,1.125216655396E1,
3.210012567294E-1));
#3589=CARTESIAN_POINT('',(-6.680448658972E0,1.121954172358E1,
3.189081165495E-1));
#3590=CARTESIAN_POINT('',(-6.653311076168E0,1.115380294567E1,
3.146904480536E-1));
#3591=CARTESIAN_POINT('',(-6.595309931237E0,1.109656357744E1,
3.110180752167E-1));
#3592=CARTESIAN_POINT('',(-6.541799917823E0,1.106934992242E1,
3.092720899029E-1));
#3593=CARTESIAN_POINT('',(-6.510321682508E0,1.106080390116E1,
3.087237865764E-1));
#3594=CARTESIAN_POINT('',(-6.493998174066E0,1.105921358171E1,
3.086217505473E-1));
#3595=CARTESIAN_POINT('',(-6.485827417945E0,1.105924020927E1,
3.086234566659E-1));
#3597=CARTESIAN_POINT('',(-5.508053100622E0,1.106242676996E1,
3.088276304152E-1));
#3598=CARTESIAN_POINT('',(-5.499878579227E0,1.106245341122E1,
3.088293374113E-1));
#3599=CARTESIAN_POINT('',(-5.483558357359E0,1.106415165821E1,
3.089382888543E-1));
#3600=CARTESIAN_POINT('',(-5.452123528084E0,1.107291095052E1,
3.095002578759E-1));
#3601=CARTESIAN_POINT('',(-5.398789209350E0,1.110048913389E1,
3.112696011360E-1));
#3602=CARTESIAN_POINT('',(-5.341181655131E0,1.115811084661E1,
3.149664725519E-1));
#3603=CARTESIAN_POINT('',(-5.314496638314E0,1.122401026550E1,
3.191944326128E-1));
#3604=CARTESIAN_POINT('',(-5.314603415760E0,1.125661822262E1,
3.212864902400E-1));
#3606=CARTESIAN_POINT('',(-5.326228169078E0,1.480642824877E1,
5.490348006505E-1));
#3607=CARTESIAN_POINT('',(-5.326335011586E0,1.483905351615E1,
5.511279688678E-1));
#3608=CARTESIAN_POINT('',(-5.353471489987E0,1.490479179663E1,
5.553456054491E-1));
#3609=CARTESIAN_POINT('',(-5.411469702885E0,1.496203202117E1,
5.590180332247E-1));
#3610=CARTESIAN_POINT('',(-5.464977095737E0,1.498924526941E1,
5.607639924387E-1));
#3611=CARTESIAN_POINT('',(-5.496453165581E0,1.499779098727E1,
5.613122762993E-1));
#3612=CARTESIAN_POINT('',(-5.512775589269E0,1.499938125586E1,
5.614143090649E-1));
#3613=CARTESIAN_POINT('',(-5.520945803281E0,1.499935463006E1,
5.614126030593E-1));
#3615=DIRECTION('',(-9.999946676304E-1,-3.259003977086E-3,-2.088154390643E-4));
#3616=VECTOR('',#3615,9.777798176366E-1);
#3617=CARTESIAN_POINT('',(-1.414413046288E0,1.107575701104E1,
3.096817432452E-1));
#3618=LINE('',#3617,#3616);
#3619=DIRECTION('',(9.999946676304E-1,3.259003978181E-3,2.088154391451E-4));
#3620=VECTOR('',#3619,9.777790109685E-1);
#3621=CARTESIAN_POINT('',(-2.392186958618E0,1.109818092448E1,
-8.970171806245E-2));
#3622=LINE('',#3621,#3620);
#3623=DIRECTION('',(-2.881016625263E-7,6.402624781990E-2,-9.979482148839E-1));
#3624=VECTOR('',#3623,4.000000000005E-1);
#3625=CARTESIAN_POINT('',(-1.414413046288E0,1.107575701104E1,
3.096817432452E-1));
#3626=LINE('',#3625,#3624);
#3627=DIRECTION('',(2.749823635457E-7,-6.402630253562E-2,9.979482113735E-1));
#3628=VECTOR('',#3627,4.000000000007E-1);
#3629=CARTESIAN_POINT('',(-1.220958101034E0,1.129556436243E1,
-7.703833645871E-2));
#3630=LINE('',#3629,#3628);
#3631=DIRECTION('',(-3.268006825840E-3,9.979428858312E-1,6.402590686830E-2));
#3632=VECTOR('',#3631,3.013313276965E0);
#3633=CARTESIAN_POINT('',(-1.220958101034E0,1.129556436243E1,
-7.703833645871E-2));
#3634=LINE('',#3633,#3632);
#3635=DIRECTION('',(2.746634580883E-7,-6.402620518071E-2,9.979482176196E-1));
#3636=VECTOR('',#3635,4.000000000003E-1);
#3637=CARTESIAN_POINT('',(-1.230805629391E0,1.430267890995E1,
1.158917787772E-1));
#3638=LINE('',#3637,#3636);
#3639=DIRECTION('',(3.268006825852E-3,-9.979428858312E-1,-6.402590686818E-2));
#3640=VECTOR('',#3639,3.013313315987E0);
#3641=CARTESIAN_POINT('',(-1.230805519526E0,1.427706842788E1,
5.150710658254E-1));
#3642=LINE('',#3641,#3640);
#3643=DIRECTION('',(-4.270829116900E-4,-6.378240249376E-2,9.979637381851E-1));
#3644=VECTOR('',#3643,4.000000484678E-1);
#3645=CARTESIAN_POINT('',(-1.363347055713E0,1.452763273579E1,
1.303243772024E-1));
#3646=LINE('',#3645,#3644);
#3647=DIRECTION('',(4.800209236379E-4,-6.430018372773E-2,9.979304865333E-1));
#3648=VECTOR('',#3647,4.000000611030E-1);
#3649=CARTESIAN_POINT('',(-2.135422388282E0,1.496838849492E1,
1.586025475843E-1));
#3650=LINE('',#3649,#3648);
#3651=DIRECTION('',(2.910796770279E-7,-6.402624781276E-2,9.979482148844E-1));
#3652=VECTOR('',#3651,4.000000000006E-1);
#3653=CARTESIAN_POINT('',(-2.394249875157E0,1.503660694359E1,
1.629793703147E-1));
#3654=LINE('',#3653,#3652);
#3655=DIRECTION('',(-9.999946676415E-1,-3.259000576798E-3,-2.088152209196E-4));
#3656=VECTOR('',#3655,1.088598233759E0);
#3657=CARTESIAN_POINT('',(-2.394249875157E0,1.503660694359E1,
1.629793703147E-1));
#3658=LINE('',#3657,#3656);
#3659=DIRECTION('',(9.999946676415E-1,3.259000577210E-3,2.088152207295E-4));
#3660=VECTOR('',#3659,1.088598242072E0);
#3661=CARTESIAN_POINT('',(-3.482842196E0,1.500744870217E1,5.619313403869E-1));
#3662=LINE('',#3661,#3660);
#3663=DIRECTION('',(5.641009981339E-7,-6.402608004779E-2,9.979482256477E-1));
#3664=VECTOR('',#3663,4.000000000008E-1);
#3665=CARTESIAN_POINT('',(-3.741401382384E0,1.496303163396E1,
1.582593049446E-1));
#3666=LINE('',#3665,#3664);
#3667=DIRECTION('',(-2.702988466380E-7,6.402624788156E-2,-9.979482148800E-1));
#3668=VECTOR('',#3667,4.000000000008E-1);
#3669=CARTESIAN_POINT('',(-3.482842196E0,1.500744870217E1,5.619313403869E-1));
#3670=LINE('',#3669,#3668);
#3671=DIRECTION('',(4.415678294062E-6,-6.402384577754E-2,9.979483689813E-1));
#3672=VECTOR('',#3671,4.000000000056E-1);
#3673=CARTESIAN_POINT('',(-4.512809951249E0,1.451554186798E1,
1.295495199452E-1));
#3674=LINE('',#3673,#3672);
#3675=DIRECTION('',(2.033363166236E-7,-6.400435307161E-2,9.979496193635E-1));
#3676=VECTOR('',#3675,4.000000000975E-1);
#3677=CARTESIAN_POINT('',(-4.641470578898E0,1.429155473719E1,
1.151790145575E-1));
#3678=LINE('',#3677,#3676);
#3679=DIRECTION('',(-3.268076079607E-3,9.979428856053E-1,6.402590685403E-2));
#3680=VECTOR('',#3679,1.629620043136E0);
#3681=CARTESIAN_POINT('',(-4.636144775282E0,1.263968526767E1,
4.100209613109E-1));
#3682=LINE('',#3681,#3680);
#3683=DIRECTION('',(3.268076137083E-3,-9.979428856051E-1,-6.402590685381E-2));
#3684=VECTOR('',#3683,1.629611265684E0);
#3685=CARTESIAN_POINT('',(-4.641470578898E0,1.429155473719E1,
1.151790145575E-1));
#3686=LINE('',#3685,#3684);
#3687=DIRECTION('',(-2.748156102677E-7,6.402625157709E-2,-9.979482146429E-1));
#3688=VECTOR('',#3687,4.000000000009E-1);
#3689=CARTESIAN_POINT('',(-4.636144775282E0,1.263968526767E1,
4.100209613109E-1));
#3690=LINE('',#3689,#3688);
#3691=DIRECTION('',(-1.874866955011E-5,-6.401537592990E-2,9.979489121659E-1));
#3692=VECTOR('',#3691,4.000000000968E-1);
#3693=CARTESIAN_POINT('',(-4.506012613247E0,1.244221944281E1,
-3.470465856328E-3));
#3694=LINE('',#3693,#3692);
#3695=DIRECTION('',(-7.712778303461E-6,-6.402168305983E-2,9.979485077090E-1));
#3696=VECTOR('',#3695,4.000000000178E-1);
#3697=CARTESIAN_POINT('',(-3.731693865497E0,1.199970676677E1,
-3.186135693044E-2));
#3698=LINE('',#3697,#3696);
#3699=DIRECTION('',(-5.950654968764E-8,-6.402624896060E-2,9.979482148108E-1));
#3700=VECTOR('',#3699,4.000000000010E-1);
#3701=CARTESIAN_POINT('',(-3.472684925087E0,1.193143080839E1,
-3.624186941199E-2));
#3702=LINE('',#3701,#3700);
#3703=DIRECTION('',(9.999946676217E-1,3.259006623465E-3,2.088156088612E-4));
#3704=VECTOR('',#3703,8.036986048063E-1);
#3705=CARTESIAN_POINT('',(-3.472684925087E0,1.193143080839E1,
-3.624186941199E-2));
#3706=LINE('',#3705,#3704);
#3707=DIRECTION('',(3.757302756966E-5,-6.402613158360E-2,9.979482216341E-1));
#3708=VECTOR('',#3707,4.000000002791E-1);
#3709=CARTESIAN_POINT('',(-2.668990605906E0,1.193405006747E1,
-3.607404459849E-2));
#3710=LINE('',#3709,#3708);
#3711=DIRECTION('',(-9.999946676304E-1,-3.259003979338E-3,-2.088154391619E-4));
#3712=VECTOR('',#3711,8.037136578933E-1);
#3713=CARTESIAN_POINT('',(-2.668975576695E0,1.190843961482E1,
3.631052443337E-1));
#3714=LINE('',#3713,#3712);
#3715=DIRECTION('',(4.785857921190E-8,-6.395865515870E-2,9.979525491877E-1));
#3716=VECTOR('',#3715,4.000000009183E-1);
#3717=CARTESIAN_POINT('',(-2.588755781397E0,1.185450132792E1,
-4.117774566121E-2));
#3718=LINE('',#3717,#3716);
#3719=DIRECTION('',(3.268072281E-3,-9.979428856177E-1,-6.402590685462E-2));
#3720=VECTOR('',#3719,5.645499949785E-1);
#3721=CARTESIAN_POINT('',(-2.588755781397E0,1.185450132792E1,
-4.117774566121E-2));
#3722=LINE('',#3721,#3720);
#3723=DIRECTION('',(2.365383211356E-7,-6.401454382186E-2,9.979489657188E-1));
#3724=VECTOR('',#3723,4.000000000281E-1);
#3725=CARTESIAN_POINT('',(-2.586910791207E0,1.129111267685E1,
-7.732357105448E-2));
#3726=LINE('',#3725,#3724);
#3727=DIRECTION('',(-3.268076287894E-3,9.979428856046E-1,6.402590685415E-2));
#3728=VECTOR('',#3727,5.645723964767E-1);
#3729=CARTESIAN_POINT('',(-2.586910696591E0,1.126550685932E1,
3.218560152611E-1));
#3730=LINE('',#3729,#3728);
#3731=DIRECTION('',(-1.728557835750E-6,-6.402625438944E-2,9.979482144610E-1));
#3732=VECTOR('',#3731,4.000000000014E-1);
#3733=CARTESIAN_POINT('',(-2.392186958618E0,1.109818092448E1,
-8.970171806245E-2));
#3734=LINE('',#3733,#3732);
#3735=CARTESIAN_POINT('',(-3.482842196E0,1.500744870217E1,5.619313403869E-1));
#3736=CARTESIAN_POINT('',(-3.497847876325E0,1.500739979833E1,
5.619282069521E-1));
#3737=CARTESIAN_POINT('',(-3.527852860452E0,1.500591330186E1,
5.618328447432E-1));
#3738=CARTESIAN_POINT('',(-3.587637728552E0,1.499765195403E1,
5.613028305934E-1));
#3739=CARTESIAN_POINT('',(-3.660470637405E0,1.497792726488E1,
5.600373562903E-1));
#3740=CARTESIAN_POINT('',(-3.715445533244E0,1.495247790339E1,
5.584045941936E-1));
#3741=CARTESIAN_POINT('',(-3.741401156743E0,1.493742120194E1,
5.574385952045E-1));
#3743=DIRECTION('',(-8.645478766158E-1,-5.015193538190E-1,-3.217618349234E-2));
#3744=VECTOR('',#3743,8.922664077949E-1);
#3745=CARTESIAN_POINT('',(-3.741401156743E0,1.493742120194E1,
5.574385952045E-1));
#3746=LINE('',#3745,#3744);
#3747=CARTESIAN_POINT('',(-4.512808184978E0,1.448993232967E1,
5.287288675432E-1));
#3748=CARTESIAN_POINT('',(-4.538436709204E0,1.447506561337E1,
5.277750575103E-1));
#3749=CARTESIAN_POINT('',(-4.583982551266E0,1.443354033728E1,
5.251108961198E-1));
#3750=CARTESIAN_POINT('',(-4.628679466404E0,1.435572682534E1,
5.201185579951E-1));
#3751=CARTESIAN_POINT('',(-4.641566095638E0,1.429553176119E1,
5.162565734762E-1));
#3752=CARTESIAN_POINT('',(-4.641470497564E0,1.426595299596E1,
5.143588624002E-1));
#3754=CARTESIAN_POINT('',(-4.636144775282E0,1.263968526767E1,
4.100209613109E-1));
#3755=CARTESIAN_POINT('',(-4.636047955660E0,1.261012039744E1,
4.081241417083E-1));
#3756=CARTESIAN_POINT('',(-4.622765138019E0,1.255003178664E1,
4.042689798049E-1));
#3757=CARTESIAN_POINT('',(-4.577558484566E0,1.247253444082E1,
3.992969014734E-1));
#3758=CARTESIAN_POINT('',(-4.531744429784E0,1.243131584562E1,
3.966523909226E-1));
#3759=CARTESIAN_POINT('',(-4.506020112715E0,1.241661329243E1,
3.957090991067E-1));
#3761=DIRECTION('',(8.677819002956E-1,-4.959256018519E-1,-3.181777721972E-2));
#3762=VECTOR('',#3761,8.923015815874E-1);
#3763=CARTESIAN_POINT('',(-4.506020112715E0,1.241661329243E1,
3.957090991067E-1));
#3764=LINE('',#3763,#3762);
#3765=CARTESIAN_POINT('',(-3.731696950608E0,1.197409809355E1,
3.673180461709E-1));
#3766=CARTESIAN_POINT('',(-3.705668689945E0,1.195922309320E1,
3.663636904261E-1));
#3767=CARTESIAN_POINT('',(-3.650550815440E0,1.193415118509E1,
3.647551146248E-1));
#3768=CARTESIAN_POINT('',(-3.577603263609E0,1.191492514385E1,
3.635215923735E-1));
#3769=CARTESIAN_POINT('',(-3.517741962284E0,1.190706080391E1,
3.630170164639E-1));
#3770=CARTESIAN_POINT('',(-3.487703009977E0,1.190577136877E1,
3.629342807595E-1));
#3771=CARTESIAN_POINT('',(-3.472684948890E0,1.190582030881E1,
3.629374165133E-1));
#3773=CARTESIAN_POINT('',(-2.668729325678E0,1.182863000224E1,
3.579848282354E-1));
#3774=DIRECTION('',(-2.748032397846E-7,6.402624786888E-2,-9.979482148808E-1));
#3775=DIRECTION('',(-2.606955094320E-3,9.979448236940E-1,6.402603101537E-2));
#3776=AXIS2_PLACEMENT_3D('',#3773,#3774,#3775);
#3778=CARTESIAN_POINT('',(-2.586910696591E0,1.126550685932E1,
3.218560152611E-1));
#3779=CARTESIAN_POINT('',(-2.586804803967E0,1.123287941363E1,
3.197627072884E-1));
#3780=CARTESIAN_POINT('',(-2.559667434455E0,1.116713616816E1,
3.155447521633E-1));
#3781=CARTESIAN_POINT('',(-2.501666784955E0,1.110989415164E1,
3.118722094171E-1));
#3782=CARTESIAN_POINT('',(-2.448157905790E0,1.108268008842E1,
3.101261979154E-1));
#3783=CARTESIAN_POINT('',(-2.416680964540E0,1.107413412353E1,
3.095778982061E-1));
#3784=CARTESIAN_POINT('',(-2.400358091583E0,1.107254384883E1,
3.094758650480E-1));
#3785=CARTESIAN_POINT('',(-2.392187650041E0,1.107257042272E1,
3.094775677233E-1));
#3787=CARTESIAN_POINT('',(-1.414413046288E0,1.107575701104E1,
3.096817432452E-1));
#3788=CARTESIAN_POINT('',(-1.406238299015E0,1.107578365309E1,
3.096834502921E-1));
#3789=CARTESIAN_POINT('',(-1.389917623330E0,1.107748194692E1,
3.097924047398E-1));
#3790=CARTESIAN_POINT('',(-1.358481925563E0,1.108624148068E1,
3.103543892526E-1));
#3791=CARTESIAN_POINT('',(-1.305146121007E0,1.111382042899E1,
3.121237815884E-1));
#3792=CARTESIAN_POINT('',(-1.247536966938E0,1.117144373862E1,
3.158207554590E-1));
#3793=CARTESIAN_POINT('',(-1.220851211726E0,1.123734498618E1,
3.200488328432E-1));
#3794=CARTESIAN_POINT('',(-1.220957991041E0,1.126995384141E1,
3.221409480914E-1));
#3796=CARTESIAN_POINT('',(-1.230805519526E0,1.427706842788E1,
5.150710658254E-1));
#3797=CARTESIAN_POINT('',(-1.230903620486E0,1.430702453143E1,
5.169929861308E-1));
#3798=CARTESIAN_POINT('',(-1.244555336926E0,1.436788029550E1,
5.208973670680E-1));
#3799=CARTESIAN_POINT('',(-1.290699137569E0,1.444605580687E1,
5.259129553258E-1));
#3800=CARTESIAN_POINT('',(-1.337514365114E0,1.448730642035E1,
5.285595203772E-1));
#3801=CARTESIAN_POINT('',(-1.363517888899E0,1.450211977170E1,
5.295099208456E-1));
#3803=DIRECTION('',(-8.680124815500E-1,4.955235631826E-1,3.179198333228E-2));
#3804=VECTOR('',#3803,8.890569057330E-1);
#3805=CARTESIAN_POINT('',(-1.363517888899E0,1.450211977170E1,
5.295099208456E-1));
#3806=LINE('',#3805,#3804);
#3807=CARTESIAN_POINT('',(-2.135230379883E0,1.494266841750E1,
5.577748031741E-1));
#3808=CARTESIAN_POINT('',(-2.161279435165E0,1.495755477922E1,
5.587298878464E-1));
#3809=CARTESIAN_POINT('',(-2.216417522952E0,1.498264097323E1,
5.603393802067E-1));
#3810=CARTESIAN_POINT('',(-2.289377461695E0,1.500188821511E1,
5.615742626491E-1));
#3811=CARTESIAN_POINT('',(-2.349221749707E0,1.500975575217E1,
5.620790436750E-1));
#3812=CARTESIAN_POINT('',(-2.379241367015E0,1.501104535684E1,
5.621617902509E-1));
#3813=CARTESIAN_POINT('',(-2.394249758725E0,1.501099644447E1,
5.621586562691E-1));
#3815=CARTESIAN_POINT('',(-2.556045559448E0,1.346079480882E1,
4.627010409053E-1));
#3816=CARTESIAN_POINT('',(-2.555627898519E0,1.339920364301E1,
4.587494817916E-1));
#3817=CARTESIAN_POINT('',(-2.582162041064E0,1.329044474528E1,
4.517717481291E-1));
#3818=CARTESIAN_POINT('',(-2.688374828441E0,1.315521625732E1,
4.430958034534E-1));
#3819=CARTESIAN_POINT('',(-2.840824284217E0,1.307991819323E1,
4.382648808167E-1));
#3820=CARTESIAN_POINT('',(-3.014455261254E0,1.307712904703E1,
4.380859829050E-1));
#3821=CARTESIAN_POINT('',(-3.171271107839E0,1.314874756869E1,
4.426809190399E-1));
#3822=CARTESIAN_POINT('',(-3.283102630021E0,1.328575810740E1,
4.514712563669E-1));
#3823=CARTESIAN_POINT('',(-3.310863427549E0,1.339584254622E1,
4.585340488953E-1));
#3824=CARTESIAN_POINT('',(-3.310949778709E0,1.345697897865E1,
4.624564331848E-1));
#3826=CARTESIAN_POINT('',(-3.310949778709E0,1.345697897865E1,
4.624564331848E-1));
#3827=CARTESIAN_POINT('',(-3.311145898933E0,1.351680065429E1,
4.662944654887E-1));
#3828=CARTESIAN_POINT('',(-3.286368956337E0,1.362329341432E1,
4.731268090306E-1));
#3829=CARTESIAN_POINT('',(-3.178951851014E0,1.376199883150E1,
4.820258258031E-1));
#3830=CARTESIAN_POINT('',(-3.023014746330E0,1.383767043639E1,
4.868807130679E-1));
#3831=CARTESIAN_POINT('',(-2.849262314912E0,1.383895622678E1,
4.869631588153E-1));
#3832=CARTESIAN_POINT('',(-2.692230846345E0,1.376523737715E1,
4.822334700185E-1));
#3833=CARTESIAN_POINT('',(-2.583024429639E0,1.362893450401E1,
4.734885357415E-1));
#3834=CARTESIAN_POINT('',(-2.556339611890E0,1.352062621951E1,
4.665396978166E-1));
#3835=CARTESIAN_POINT('',(-2.556045559448E0,1.346079480882E1,
4.627010409053E-1));
#3837=DIRECTION('',(2.082209940943E-4,6.153351859566E-2,-9.981049958463E-1));
#3838=VECTOR('',#3837,4.000012563541E-1);
#3839=CARTESIAN_POINT('',(-2.556045559448E0,1.346079480882E1,
4.627010409053E-1));
#3840=LINE('',#3839,#3838);
#3841=DIRECTION('',(-2.032635447789E-4,-6.617165748189E-2,9.978082332944E-1));
#3842=VECTOR('',#3841,4.000009327636E-1);
#3843=CARTESIAN_POINT('',(-3.310868473102E0,1.348344770336E1,
6.333220914788E-2));
#3844=LINE('',#3843,#3842);
#3845=CARTESIAN_POINT('',(-2.933451166644E0,1.348418321443E1,
6.337929405401E-2));
#3846=DIRECTION('',(-2.748033716058E-7,6.402624786883E-2,-9.979482148808E-1));
#3847=DIRECTION('',(-9.999999247622E-1,-3.871333641174E-4,-2.456228991945E-5));
#3848=AXIS2_PLACEMENT_3D('',#3845,#3846,#3847);
#3850=CARTESIAN_POINT('',(-2.933454390894E0,1.348348164876E1,
6.333428308544E-2));
#3851=DIRECTION('',(2.748032695759E-7,-6.402624786897E-2,9.979482148808E-1));
#3852=DIRECTION('',(-9.999989125518E-1,1.471709066091E-3,9.469711054958E-5));
#3853=AXIS2_PLACEMENT_3D('',#3850,#3851,#3852);
#3855=DIRECTION('',(-1.596097095007E-5,6.403517143735E-2,-9.979476421958E-1));
#3856=VECTOR('',#3855,4.000000000657E-1);
#3857=CARTESIAN_POINT('',(1.034630824095E0,1.294855472361E1,4.298358111221E-1));
#3858=LINE('',#3857,#3856);
#3859=DIRECTION('',(4.684616716758E-7,-6.402613599751E-2,9.979482220581E-1));
#3860=VECTOR('',#3859,4.000000000006E-1);
#3861=CARTESIAN_POINT('',(1.033832062336E0,1.318284900529E1,4.404523573269E-2));
#3862=LINE('',#3861,#3860);
#3863=DIRECTION('',(6.097307664317E-7,-6.402605439268E-2,9.979482272936E-1));
#3864=VECTOR('',#3863,4.000000000002E-1);
#3865=CARTESIAN_POINT('',(1.617253510975E0,1.351987692261E1,6.566807379693E-2));
#3866=LINE('',#3865,#3864);
#3867=DIRECTION('',(2.781685420890E-7,-6.402727600539E-2,9.979481489172E-1));
#3868=VECTOR('',#3867,4.000000000005E-1);
#3869=CARTESIAN_POINT('',(1.737572340521E0,1.372884236161E1,7.907482149147E-2));
#3870=LINE('',#3869,#3868);
#3871=DIRECTION('',(-3.267008045590E-3,9.979428890880E-1,6.402590707698E-2));
#3872=VECTOR('',#3871,1.016691425201E0);
#3873=CARTESIAN_POINT('',(1.737572340521E0,1.372884236161E1,7.907482149147E-2));
#3874=LINE('',#3873,#3872);
#3875=DIRECTION('',(3.267008045452E-3,-9.979428890880E-1,-6.402590707705E-2));
#3876=VECTOR('',#3875,1.016692011696E0);
#3877=CARTESIAN_POINT('',(1.734250910807E0,1.471783201467E1,5.433487093257E-1));
#3878=LINE('',#3877,#3876);
#3879=DIRECTION('',(-2.733786857997E-7,6.402581278428E-2,-9.979482427948E-1));
#3880=VECTOR('',#3879,4.000000000004E-1);
#3881=CARTESIAN_POINT('',(1.734250910807E0,1.471783201467E1,5.433487093257E-1));
#3882=LINE('',#3881,#3880);
#3883=DIRECTION('',(2.908947771548E-7,-6.402623853370E-2,9.979482154797E-1));
#3884=VECTOR('',#3883,4.000000000005E-1);
#3885=CARTESIAN_POINT('',(1.462352729761E0,1.489881947564E1,1.541381556587E-1));
#3886=LINE('',#3885,#3884);
#3887=DIRECTION('',(2.715548971795E-7,-6.402525546258E-2,9.979482785510E-1));
#3888=VECTOR('',#3887,4.000000000006E-1);
#3889=CARTESIAN_POINT('',(-5.454886825215E-1,1.359482488668E1,
7.047717228671E-2));
#3890=LINE('',#3889,#3888);
#3891=DIRECTION('',(-2.676629461128E-7,6.402625201191E-2,-9.979482146150E-1));
#3892=VECTOR('',#3891,4.000000000002E-1);
#3893=CARTESIAN_POINT('',(-4.255555446411E-1,1.377795647070E1,
4.830488760026E-1));
#3894=LINE('',#3893,#3892);
#3895=DIRECTION('',(3.267039608093E-3,-9.979428889851E-1,-6.402590707038E-2));
#3896=VECTOR('',#3895,1.044956984238E0);
#3897=CARTESIAN_POINT('',(-5.454886825215E-1,1.359482488668E1,
7.047717228671E-2));
#3898=LINE('',#3897,#3896);
#3899=DIRECTION('',(-3.267039607945E-3,9.979428889851E-1,6.402590707048E-2));
#3900=VECTOR('',#3899,1.044957582573E0);
#3901=CARTESIAN_POINT('',(-5.420746560886E-1,1.252640679567E1,
4.027521266333E-1));
#3902=LINE('',#3901,#3900);
#3903=DIRECTION('',(-2.764414680498E-7,6.402674822206E-2,-9.979481827791E-1));
#3904=VECTOR('',#3903,4.000000000003E-1);
#3905=CARTESIAN_POINT('',(-5.420746560886E-1,1.252640679567E1,
4.027521266333E-1));
#3906=LINE('',#3905,#3904);
#3907=DIRECTION('',(-1.618087916432E-7,-6.402599836363E-2,9.979482308885E-1));
#3908=VECTOR('',#3907,4.000000000001E-1);
#3909=CARTESIAN_POINT('',(-4.207753174157E-1,1.234406266559E1,
-9.769122130354E-3));
#3910=LINE('',#3909,#3908);
#3911=DIRECTION('',(4.625921790069E-7,-6.402635517895E-2,9.979482079959E-1));
#3912=VECTOR('',#3911,4.E-1);
#3913=CARTESIAN_POINT('',(1.474265372696E0,1.126113800646E1,
-7.924780086172E-2));
#3914=LINE('',#3913,#3912);
#3915=DIRECTION('',(2.749814526081E-7,-6.402630235098E-2,9.979482113853E-1));
#3916=VECTOR('',#3915,4.000000000002E-1);
#3917=CARTESIAN_POINT('',(1.745140012092E0,1.141828388899E1,
-6.916572782502E-2));
#3918=LINE('',#3917,#3916);
#3919=DIRECTION('',(-3.268016353310E-3,9.979428858001E-1,6.402590686631E-2));
#3920=VECTOR('',#3919,1.016691768753E0);
#3921=CARTESIAN_POINT('',(1.745140012092E0,1.141828388899E1,
-6.916572782502E-2));
#3922=LINE('',#3921,#3920);
#3923=DIRECTION('',(3.268016353349E-3,-9.979428858001E-1,-6.402590686640E-2));
#3924=VECTOR('',#3923,1.016691804334E0);
#3925=CARTESIAN_POINT('',(1.741817556642E0,1.240727372123E1,3.951081715054E-1));
#3926=LINE('',#3925,#3924);
#3927=DIRECTION('',(-2.746906552218E-7,6.402621358157E-2,-9.979482170806E-1));
#3928=VECTOR('',#3927,4.000000000003E-1);
#3929=CARTESIAN_POINT('',(1.741817556642E0,1.240727372123E1,3.951081715054E-1));
#3930=LINE('',#3929,#3928);
#3931=DIRECTION('',(4.329996844925E-5,-6.405072724666E-2,9.979466430949E-1));
#3932=VECTOR('',#3931,4.000000004908E-1);
#3933=CARTESIAN_POINT('',(1.620114166706E0,1.264107049256E1,9.285710196525E-3));
#3934=LINE('',#3933,#3932);
#3935=DIRECTION('',(-8.645304341322E-1,-5.015492977179E-1,-3.217810463481E-2));
#3936=VECTOR('',#3935,2.183738496904E0);
#3937=CARTESIAN_POINT('',(1.462352846119E0,1.487320898023E1,5.533174418511E-1));
#3938=LINE('',#3937,#3936);
#3939=CARTESIAN_POINT('',(-4.255555446411E-1,1.377795647070E1,
4.830488760026E-1));
#3940=CARTESIAN_POINT('',(-4.494453752826E-1,1.376409700690E1,
4.821596886821E-1));
#3941=CARTESIAN_POINT('',(-4.918989519454E-1,1.372539399063E1,
4.796765966634E-1));
#3942=CARTESIAN_POINT('',(-5.335658728477E-1,1.365287531983E1,
4.750239635192E-1));
#3943=CARTESIAN_POINT('',(-5.455787508311E-1,1.359677760693E1,
4.714248561536E-1));
#3944=CARTESIAN_POINT('',(-5.454885738995E-1,1.356921478449E1,
4.696564837077E-1));
#3946=CARTESIAN_POINT('',(-5.420746560886E-1,1.252640679567E1,
4.027521266333E-1));
#3947=CARTESIAN_POINT('',(-5.419843922841E-1,1.249884383333E1,
4.009837452101E-1));
#3948=CARTESIAN_POINT('',(-5.296025192558E-1,1.244282594510E1,
3.973897525106E-1));
#3949=CARTESIAN_POINT('',(-4.874626812918E-1,1.237057973614E1,
3.927545768628E-1));
#3950=CARTESIAN_POINT('',(-4.447553305884E-1,1.233215568771E1,
3.902893593821E-1));
#3951=CARTESIAN_POINT('',(-4.207753821392E-1,1.231845226624E1,
3.894101702252E-1));
#3953=DIRECTION('',(8.677948468887E-1,-4.959030397956E-1,-3.181632968959E-2));
#3954=VECTOR('',#3953,2.183743020215E0);
#3955=CARTESIAN_POINT('',(-4.207753821392E-1,1.231845226624E1,
3.894101702252E-1));
#3956=LINE('',#3955,#3954);
#3957=CARTESIAN_POINT('',(1.474265557733E0,1.123552746438E1,3.199314823367E-1));
#3958=CARTESIAN_POINT('',(1.493028153141E0,1.122480555627E1,3.192435822105E-1));
#3959=CARTESIAN_POINT('',(1.534777640006E0,1.121095489248E1,3.183549414045E-1));
#3960=CARTESIAN_POINT('',(1.620901169235E0,1.121259773591E1,3.184603190506E-1));
#3961=CARTESIAN_POINT('',(1.713990912587E0,1.126839920307E1,3.220403975889E-1));
#3962=CARTESIAN_POINT('',(1.745274705553E0,1.135157429683E1,3.273767271634E-1));
#3963=CARTESIAN_POINT('',(1.745140122085E0,1.139267336805E1,3.300135567293E-1));
#3965=CARTESIAN_POINT('',(1.741817556642E0,1.240727372123E1,3.951081715054E-1));
#3966=CARTESIAN_POINT('',(1.741727139296E0,1.243488357022E1,3.968795610757E-1));
#3967=CARTESIAN_POINT('',(1.729293734337E0,1.249099886038E1,4.004798028924E-1));
#3968=CARTESIAN_POINT('',(1.687015189290E0,1.256332889354E1,4.051203565603E-1));
#3969=CARTESIAN_POINT('',(1.644177081791E0,1.260176682992E1,4.075864650999E-1));
#3970=CARTESIAN_POINT('',(1.620131486693E0,1.261545020163E1,4.084643679243E-1));
#3972=DIRECTION('',(-8.687427854960E-1,4.942473489380E-1,3.171010432561E-2));
#3973=VECTOR('',#3972,6.739631941389E-1);
#3974=CARTESIAN_POINT('',(1.620131486693E0,1.261545020163E1,4.084643679243E-1));
#3975=LINE('',#3974,#3973);
#3976=CARTESIAN_POINT('',(1.034630824095E0,1.294855472361E1,4.298358111221E-1));
#3977=CARTESIAN_POINT('',(1.018359238199E0,1.295780936895E1,4.304295740837E-1));
#3978=CARTESIAN_POINT('',(9.945391453084E-1,1.299353225296E1,
4.327214853654E-1));
#3979=CARTESIAN_POINT('',(9.858690635461E-1,1.305256074870E1,
4.365086312574E-1));
#3980=CARTESIAN_POINT('',(9.940106282367E-1,1.311171990238E1,
4.403041552566E-1));
#3981=CARTESIAN_POINT('',(1.017536000308E0,1.314782464926E1,4.426205530149E-1));
#3982=CARTESIAN_POINT('',(1.033832249721E0,1.315723855090E1,4.432245245566E-1));
#3984=DIRECTION('',(8.654581071173E-1,4.999534111188E-1,3.207571566800E-2));
#3985=VECTOR('',#3984,6.741187127934E-1);
#3986=CARTESIAN_POINT('',(1.033832249721E0,1.315723855090E1,4.432245245566E-1));
#3987=LINE('',#3986,#3985);
#3988=CARTESIAN_POINT('',(1.617253754867E0,1.349426650086E1,4.648473647146E-1));
#3989=CARTESIAN_POINT('',(1.641209880673E0,1.350810537872E1,4.657352312673E-1));
#3990=CARTESIAN_POINT('',(1.683794040175E0,1.354682310953E1,4.682192673029E-1));
#3991=CARTESIAN_POINT('',(1.725599026109E0,1.361942642126E1,4.728773307933E-1));
#3992=CARTESIAN_POINT('',(1.737662778835E0,1.367562178478E1,4.764827032014E-1));
#3993=CARTESIAN_POINT('',(1.737572451789E0,1.370323145121E1,4.782540810589E-1));
#3995=CARTESIAN_POINT('',(1.734250910807E0,1.471783201467E1,5.433487093257E-1));
#3996=CARTESIAN_POINT('',(1.734110553466E0,1.476069151708E1,5.460984844366E-1));
#3997=CARTESIAN_POINT('',(1.700078259559E0,1.484568711710E1,5.515516318298E-1));
#3998=CARTESIAN_POINT('',(1.604107290304E0,1.489812576006E1,5.549160107377E-1));
#3999=CARTESIAN_POINT('',(1.519984813802E0,1.489744844609E1,5.548725788702E-1));
#4000=CARTESIAN_POINT('',(1.480259381281E0,1.488359728894E1,5.539839288473E-1));
#4001=CARTESIAN_POINT('',(1.462352846119E0,1.487320898023E1,5.533174418511E-1));
#4003=DIRECTION('',(2.761342621224E-7,-6.402665451390E-2,9.979481887912E-1));
#4004=VECTOR('',#4003,4.000000000004E-1);
#4005=CARTESIAN_POINT('',(5.837387854220E0,1.186111435717E1,
-4.075578797604E-2));
#4006=LINE('',#4005,#4004);
#4007=DIRECTION('',(-2.741553473126E-7,6.402624825082E-2,-9.979482148563E-1));
#4008=VECTOR('',#4007,4.000000000005E-1);
#4009=CARTESIAN_POINT('',(5.712457529111E0,1.161380285599E1,3.441996647497E-1));
#4010=LINE('',#4009,#4008);
#4011=DIRECTION('',(-3.267682622072E-3,9.979428868885E-1,6.402590693604E-2));
#4012=VECTOR('',#4011,3.011860947959E0);
#4013=CARTESIAN_POINT('',(5.837387854220E0,1.186111435717E1,
-4.075578797604E-2));
#4014=LINE('',#4013,#4012);
#4015=DIRECTION('',(3.267682622029E-3,-9.979428868885E-1,-6.402590693606E-2));
#4016=VECTOR('',#4015,3.011861161619E0);
#4017=CARTESIAN_POINT('',(5.827546158296E0,1.484116911790E1,5.512606299790E-1));
#4018=LINE('',#4017,#4016);
#4019=DIRECTION('',(-2.743891602816E-7,6.402612146462E-2,-9.979482229906E-1));
#4020=VECTOR('',#4019,4.000000000004E-1);
#4021=CARTESIAN_POINT('',(5.827546158296E0,1.484116911790E1,5.512606299790E-1));
#4022=LINE('',#4021,#4020);
#4023=DIRECTION('',(2.965916223726E-7,-6.402624779552E-2,9.979482148855E-1));
#4024=VECTOR('',#4023,4.000000000005E-1);
#4025=CARTESIAN_POINT('',(5.632823010612E0,1.505971134329E1,1.644594893569E-1));
#4026=LINE('',#4025,#4024);
#4027=DIRECTION('',(-9.999946677192E-1,-3.258976832671E-3,-2.088136975467E-4));
#4028=VECTOR('',#4027,9.777798140833E-1);
#4029=CARTESIAN_POINT('',(5.632823010612E0,1.505971134329E1,1.644594893569E-1));
#4030=LINE('',#4029,#4028);
#4031=DIRECTION('',(9.999946677192E-1,3.258976832646E-3,2.088136974530E-4));
#4032=VECTOR('',#4031,9.777798259556E-1);
#4033=CARTESIAN_POINT('',(4.655048517090E0,1.503091428237E1,5.634346014908E-1));
#4034=LINE('',#4033,#4032);
#4035=DIRECTION('',(2.745877858421E-7,-6.402618205001E-2,9.979482191036E-1));
#4036=VECTOR('',#4035,4.000000000003E-1);
#4037=CARTESIAN_POINT('',(4.461593355659E0,1.486232792382E1,1.517961089391E-1));
#4038=LINE('',#4037,#4036);
#4039=DIRECTION('',(-2.669110155114E-7,6.402624789217E-2,-9.979482148793E-1));
#4040=VECTOR('',#4039,4.000000000005E-1);
#4041=CARTESIAN_POINT('',(4.655048517090E0,1.503091428237E1,5.634346014908E-1));
#4042=LINE('',#4041,#4040);
#4043=DIRECTION('',(3.267984689348E-3,-9.979428859034E-1,-6.402590687292E-2));
#4044=VECTOR('',#4043,2.261908261212E0);
#4045=CARTESIAN_POINT('',(4.461593355659E0,1.486232792382E1,1.517961089391E-1));
#4046=LINE('',#4045,#4044);
#4047=DIRECTION('',(2.746828475784E-7,-6.402621106669E-2,9.979482172419E-1));
#4048=VECTOR('',#4047,4.000000000002E-1);
#4049=CARTESIAN_POINT('',(4.468985237226E0,1.260507266597E1,6.975381251586E-3));
#4050=LINE('',#4049,#4048);
#4051=DIRECTION('',(-3.267984689356E-3,9.979428859034E-1,6.402590687297E-2));
#4052=VECTOR('',#4051,2.261908272843E0);
#4053=CARTESIAN_POINT('',(4.468985347099E0,1.257946218155E1,4.061546681486E-1));
#4054=LINE('',#4053,#4052);
#4055=DIRECTION('',(2.760395501062E-7,-6.402662534328E-2,9.979481906628E-1));
#4056=VECTOR('',#4055,4.000000000006E-1);
#4057=CARTESIAN_POINT('',(3.790242538831E0,1.260286079376E1,6.833659110046E-3));
#4058=LINE('',#4057,#4056);
#4059=DIRECTION('',(-3.268379520190E-3,9.979428846156E-1,6.402590679041E-2));
#4060=VECTOR('',#4059,2.261908155912E0);
#4061=CARTESIAN_POINT('',(3.790242538831E0,1.260286079376E1,6.833659110046E-3));
#4062=LINE('',#4061,#4060);
#4063=DIRECTION('',(2.750722227769E-7,-6.402633005556E-2,9.979482096079E-1));
#4064=VECTOR('',#4063,4.000000000006E-1);
#4065=CARTESIAN_POINT('',(3.782849764538E0,1.486011594360E1,1.516543798689E-1));
#4066=LINE('',#4065,#4064);
#4067=DIRECTION('',(3.268379520230E-3,-9.979428846156E-1,-6.402590679042E-2));
#4068=VECTOR('',#4067,2.261908274270E0);
#4069=CARTESIAN_POINT('',(3.782849874567E0,1.483450541158E1,5.508336637127E-1));
#4070=LINE('',#4069,#4068);
#4071=DIRECTION('',(3.035828521899E-7,-6.402624777147E-2,9.979482148870E-1));
#4072=VECTOR('',#4071,4.000000000005E-1);
#4073=CARTESIAN_POINT('',(3.588126726510E0,1.505304763444E1,1.640325229282E-1));
#4074=LINE('',#4073,#4072);
#4075=DIRECTION('',(-9.999946677192E-1,-3.258976826730E-3,-2.088136971657E-4));
#4076=VECTOR('',#4075,9.777956085571E-1);
#4077=CARTESIAN_POINT('',(3.588126726510E0,1.505304763444E1,1.640325229282E-1));
#4078=LINE('',#4077,#4076);
#4079=DIRECTION('',(2.552438660426E-7,-6.402624792991E-2,9.979482148769E-1));
#4080=VECTOR('',#4079,4.000000000006E-1);
#4081=CARTESIAN_POINT('',(2.610336331834E0,1.504986102121E1,1.638283458121E-1));
#4082=LINE('',#4081,#4080);
#4083=DIRECTION('',(9.999946677192E-1,3.258976827108E-3,2.088136970341E-4));
#4084=VECTOR('',#4083,9.777956278928E-1);
#4085=CARTESIAN_POINT('',(2.610336433931E0,1.502425052203E1,5.630076317635E-1));
#4086=LINE('',#4085,#4084);
#4087=DIRECTION('',(2.746226046562E-7,-6.402619257698E-2,9.979482184282E-1));
#4088=VECTOR('',#4087,4.000000000008E-1);
#4089=CARTESIAN_POINT('',(2.416881279368E0,1.485566416914E1,1.513691395744E-1));
#4090=LINE('',#4089,#4088);
#4091=DIRECTION('',(3.268006695969E-3,-9.979428858316E-1,-6.402590686832E-2));
#4092=VECTOR('',#4091,3.011861079050E0);
#4093=CARTESIAN_POINT('',(2.416881279368E0,1.485566416914E1,1.513691395744E-1));
#4094=LINE('',#4093,#4092);
#4095=DIRECTION('',(2.749571836875E-7,-6.402629476395E-2,9.979482118721E-1));
#4096=VECTOR('',#4095,4.000000000007E-1);
#4097=CARTESIAN_POINT('',(2.426724061542E0,1.184999883219E1,
-4.146799737317E-2));
#4098=LINE('',#4097,#4096);
#4099=DIRECTION('',(-3.268006695962E-3,9.979428858316E-1,6.402590686838E-2));
#4100=VECTOR('',#4099,3.011861120010E0);
#4101=CARTESIAN_POINT('',(2.426724171525E0,1.182438831428E1,3.577112873763E-1));
#4102=LINE('',#4101,#4100);
#4103=DIRECTION('',(2.746937866057E-7,-6.402624780992E-2,9.979482148846E-1));
#4104=VECTOR('',#4103,4.000000000006E-1);
#4105=CARTESIAN_POINT('',(2.560349153870E0,1.162496933672E1,
-5.590545090057E-2));
#4106=LINE('',#4105,#4104);
#4107=DIRECTION('',(-2.783467401009E-7,6.402624989684E-2,-9.979482147507E-1));
#4108=VECTOR('',#4107,4.000000000006E-1);
#4109=CARTESIAN_POINT('',(3.331160607273E0,1.115878104445E1,3.150070829411E-1));
#4110=LINE('',#4109,#4108);
#4111=DIRECTION('',(2.595913750622E-7,-6.402624792109E-2,9.979482148774E-1));
#4112=VECTOR('',#4111,4.000000000005E-1);
#4113=CARTESIAN_POINT('',(3.590183894950E0,1.111613386152E1,
-8.855154292840E-2));
#4114=LINE('',#4113,#4112);
#4115=DIRECTION('',(9.999946676448E-1,3.258999578199E-3,2.088151568517E-4));
#4116=VECTOR('',#4115,1.088598235424E0);
#4117=CARTESIAN_POINT('',(3.590183894950E0,1.111613386152E1,
-8.855154292840E-2));
#4118=LINE('',#4117,#4116);
#4119=DIRECTION('',(-9.999946676448E-1,-3.258999578589E-3,-2.088151568510E-4));
#4120=VECTOR('',#4119,1.088598244663E0);
#4121=CARTESIAN_POINT('',(4.678776438657E0,1.109407110357E1,3.108550588363E-1));
#4122=LINE('',#4121,#4120);
#4123=DIRECTION('',(-2.826873490843E-7,6.402624784476E-2,-9.979482148823E-1));
#4124=VECTOR('',#4123,4.000000000005E-1);
#4125=CARTESIAN_POINT('',(4.678776438657E0,1.109407110357E1,3.108550588363E-1));
#4126=LINE('',#4125,#4124);
#4127=DIRECTION('',(-2.750295480245E-7,6.402624773982E-2,-9.979482148891E-1));
#4128=VECTOR('',#4127,4.000000000003E-1);
#4129=CARTESIAN_POINT('',(4.940809078221E0,1.116601021886E1,3.154704482433E-1));
#4130=LINE('',#4129,#4128);
#4131=CARTESIAN_POINT('',(4.655048517090E0,1.503091428237E1,5.634346014908E-1));
#4132=CARTESIAN_POINT('',(4.646873768484E0,1.503088764070E1,5.634328944686E-1));
#4133=CARTESIAN_POINT('',(4.630553092479E0,1.502918934709E1,5.633239400351E-1));
#4134=CARTESIAN_POINT('',(4.599117394905E0,1.502042981329E1,5.627619555201E-1));
#4135=CARTESIAN_POINT('',(4.545781593080E0,1.499285086579E1,5.609925632353E-1));
#4136=CARTESIAN_POINT('',(4.488172441447E0,1.493522755433E1,5.572955892479E-1));
#4137=CARTESIAN_POINT('',(4.461486687967E0,1.486932630722E1,5.530675118924E-1));
#4138=CARTESIAN_POINT('',(4.461593465494E0,1.483671745100E1,5.509753965808E-1));
#4140=CARTESIAN_POINT('',(4.468985347099E0,1.257946218155E1,4.061546681486E-1));
#4141=CARTESIAN_POINT('',(4.469161966376E0,1.252552917607E1,4.026944404795E-1));
#4142=CARTESIAN_POINT('',(4.433225682673E0,1.241839513117E1,3.958209565289E-1));
#4143=CARTESIAN_POINT('',(4.317063650950E0,1.233682420792E1,3.905875705161E-1));
#4144=CARTESIAN_POINT('',(4.209568100416E0,1.231764117503E1,3.893568572787E-1));
#4145=CARTESIAN_POINT('',(4.123926019908E0,1.231713469537E1,3.893243861971E-1));
#4146=CARTESIAN_POINT('',(4.039125463362E0,1.231874626294E1,3.894278043169E-1));
#4147=CARTESIAN_POINT('',(3.935317710876E0,1.233905531395E1,3.907308186829E-1));
#4148=CARTESIAN_POINT('',(3.825254647997E0,1.242142691917E1,3.960156370536E-1));
#4149=CARTESIAN_POINT('',(3.790415662025E0,1.252443423344E1,4.026243781803E-1));
#4150=CARTESIAN_POINT('',(3.790242649247E0,1.257725014362E1,4.060129353758E-1));
#4152=CARTESIAN_POINT('',(3.782849874567E0,1.483450541158E1,5.508336637127E-1));
#4153=CARTESIAN_POINT('',(3.782743029038E0,1.486713157929E1,5.529268896928E-1));
#4154=CARTESIAN_POINT('',(3.755605799750E0,1.493287168422E1,5.571446433272E-1));
#4155=CARTESIAN_POINT('',(3.697605977926E0,1.499011349644E1,5.608171729649E-1));
#4156=CARTESIAN_POINT('',(3.644097098014E0,1.501732749737E1,5.625631804707E-1));
#4157=CARTESIAN_POINT('',(3.612620160581E0,1.502587344964E1,5.631114793705E-1));
#4158=CARTESIAN_POINT('',(3.596297286958E0,1.502746376183E1,5.632135149337E-1));
#4159=CARTESIAN_POINT('',(3.588126847943E0,1.502743713533E1,5.632118088835E-1));
#4161=CARTESIAN_POINT('',(2.610336433931E0,1.502425052203E1,5.630076317635E-1));
#4162=CARTESIAN_POINT('',(2.602161686502E0,1.502422388012E1,5.630059247259E-1));
#4163=CARTESIAN_POINT('',(2.585841013203E0,1.502252558647E1,5.628969702892E-1));
#4164=CARTESIAN_POINT('',(2.554405316033E0,1.501376605304E1,5.623349857980E-1));
#4165=CARTESIAN_POINT('',(2.501069514674E0,1.498618710560E1,5.605655935178E-1));
#4166=CARTESIAN_POINT('',(2.443460363335E0,1.492856379473E1,5.568686195675E-1));
#4167=CARTESIAN_POINT('',(2.416774609997E0,1.486266254768E1,5.526405422163E-1));
#4168=CARTESIAN_POINT('',(2.416881389217E0,1.483005369211E1,5.505484269466E-1));
#4170=CARTESIAN_POINT('',(2.426724171525E0,1.182438831428E1,3.577112873763E-1));
#4171=CARTESIAN_POINT('',(2.426822565544E0,1.179434278021E1,3.557836293973E-1));
#4172=CARTESIAN_POINT('',(2.440564647251E0,1.173331541711E1,3.518682390044E-1));
#4173=CARTESIAN_POINT('',(2.486956142344E0,1.165499522815E1,3.468433684695E-1));
#4174=CARTESIAN_POINT('',(2.534025818354E0,1.161376003731E1,3.441977928326E-1));
#4175=CARTESIAN_POINT('',(2.560349263747E0,1.159935883760E1,3.432738350538E-1));
#4177=DIRECTION('',(8.677480637508E-1,-4.959845624372E-1,-3.182155999697E-2));
#4178=VECTOR('',#4177,8.882893269669E-1);
#4179=CARTESIAN_POINT('',(2.560349263747E0,1.159935883760E1,3.432738350538E-1));
#4180=LINE('',#4179,#4178);
#4181=CARTESIAN_POINT('',(3.331160607273E0,1.115878104445E1,3.150070829411E-1));
#4182=CARTESIAN_POINT('',(3.357182305843E0,1.114390764833E1,3.140528301224E-1));
#4183=CARTESIAN_POINT('',(3.412296324641E0,1.111884314542E1,3.124447294236E-1));
#4184=CARTESIAN_POINT('',(3.485243734721E0,1.109962007496E1,3.112113977716E-1));
#4185=CARTESIAN_POINT('',(3.545115016827E0,1.109176184204E1,3.107072136724E-1));
#4186=CARTESIAN_POINT('',(3.575162008101E0,1.109047440564E1,3.106246062005E-1));
#4187=CARTESIAN_POINT('',(3.590183998787E0,1.109052336235E1,3.106277430231E-1));
#4189=CARTESIAN_POINT('',(4.678776438657E0,1.109407110357E1,3.108550588363E-1));
#4190=CARTESIAN_POINT('',(4.693957681933E0,1.109412057959E1,3.108582289329E-1));
#4191=CARTESIAN_POINT('',(4.724307881311E0,1.109567205913E1,3.109577602229E-1));
#4192=CARTESIAN_POINT('',(4.784827971878E0,1.110411444120E1,3.114993889437E-1));
#4193=CARTESIAN_POINT('',(4.859042446713E0,1.112385261339E1,3.127657279104E-1));
#4194=CARTESIAN_POINT('',(4.914006241141E0,1.115152973419E1,3.145414183383E-1));
#4195=CARTESIAN_POINT('',(4.940809078221E0,1.116601021886E1,3.154704482433E-1));
#4197=DIRECTION('',(8.644680140756E-1,5.016564360241E-1,3.218497841930E-2));
#4198=VECTOR('',#4197,8.926281115399E-1);
#4199=CARTESIAN_POINT('',(4.940809078221E0,1.116601021886E1,3.154704482433E-1));
#4200=LINE('',#4199,#4198);
#4201=CARTESIAN_POINT('',(5.712457529111E0,1.161380285599E1,3.441996647497E-1));
#4202=CARTESIAN_POINT('',(5.737446720252E0,1.162898308713E1,3.451735894079E-1));
#4203=CARTESIAN_POINT('',(5.781653480061E0,1.167049712462E1,3.478370301225E-1));
#4204=CARTESIAN_POINT('',(5.825065739198E0,1.174737138998E1,3.527691085256E-1));
#4205=CARTESIAN_POINT('',(5.837482909041E0,1.180650081669E1,3.565627241283E-1));
#4206=CARTESIAN_POINT('',(5.837387964673E0,1.183550369537E1,3.584234875409E-1));
#4208=CARTESIAN_POINT('',(5.827546158296E0,1.484116911790E1,5.512606299790E-1));
#4209=CARTESIAN_POINT('',(5.827439313302E0,1.487379528617E1,5.533538559948E-1));
#4210=CARTESIAN_POINT('',(5.800302084440E0,1.493953539277E1,5.575716097371E-1));
#4211=CARTESIAN_POINT('',(5.742302261835E0,1.499677720502E1,5.612441393765E-1));
#4212=CARTESIAN_POINT('',(5.688793382543E0,1.502399120613E1,5.629901468938E-1));
#4213=CARTESIAN_POINT('',(5.657316442936E0,1.503253715883E1,5.635384458210E-1));
#4214=CARTESIAN_POINT('',(5.640993569615E0,1.503412747094E1,5.636404813792E-1));
#4215=CARTESIAN_POINT('',(5.632823129249E0,1.503410084417E1,5.636387753116E-1));
#4217=DIRECTION('',(2.745895621991E-7,-6.402618254817E-2,9.979482190716E-1));
#4218=VECTOR('',#4217,4.000000000001E-1);
#4219=CARTESIAN_POINT('',(7.684766540937E0,1.362577490162E1,7.246059346833E-2));
#4220=LINE('',#4219,#4218);
#4221=DIRECTION('',(-2.748108895999E-7,6.402624783207E-2,-9.979482148832E-1));
#4222=VECTOR('',#4221,4.000000000002E-1);
#4223=CARTESIAN_POINT('',(8.028904826256E0,1.356002573325E1,4.690645724892E-1));
#4224=LINE('',#4223,#4222);
#4225=DIRECTION('',(-3.267986312027E-3,9.979428858981E-1,6.402590687258E-2));
#4226=VECTOR('',#4225,1.249631967864E0);
#4227=CARTESIAN_POINT('',(7.684766540937E0,1.362577490162E1,7.246059346833E-2));
#4228=LINE('',#4227,#4226);
#4229=DIRECTION('',(2.746167293564E-7,-6.402619086898E-2,9.979482185378E-1));
#4230=VECTOR('',#4229,4.000000000002E-1);
#4231=CARTESIAN_POINT('',(7.680682760771E0,1.487283623394E1,1.524694134678E-1));
#4232=LINE('',#4231,#4230);
#4233=DIRECTION('',(3.267986312054E-3,-9.979428858981E-1,-6.402590687268E-2));
#4234=VECTOR('',#4233,1.249631964529E0);
#4235=CARTESIAN_POINT('',(7.680682870618E0,1.484722575760E1,5.516487008832E-1));
#4236=LINE('',#4235,#4234);
#4237=DIRECTION('',(3.162870876313E-7,-6.402624773749E-2,9.979482148892E-1));
#4238=VECTOR('',#4237,4.000000000004E-1);
#4239=CARTESIAN_POINT('',(7.485954596684E0,1.506578343699E1,1.648485517595E-1));
#4240=LINE('',#4239,#4238);
#4241=DIRECTION('',(-9.999946677407E-1,-3.258970272271E-3,-2.088132766454E-4));
#4242=VECTOR('',#4241,7.819707599428E-1);
#4243=CARTESIAN_POINT('',(7.485954596684E0,1.506578343699E1,1.648485517595E-1));
#4244=LINE('',#4243,#4242);
#4245=DIRECTION('',(2.452221559143E-7,-6.402624796855E-2,9.979482148744E-1));
#4246=VECTOR('',#4245,4.000000000005E-1);
#4247=CARTESIAN_POINT('',(6.703988006412E0,1.506323501753E1,1.646852658829E-1));
#4248=LINE('',#4247,#4246);
#4249=DIRECTION('',(9.999946677407E-1,3.258970272009E-3,2.088132765394E-4));
#4250=VECTOR('',#4249,7.819707883689E-1);
#4251=CARTESIAN_POINT('',(6.703988104501E0,1.503762451834E1,5.638645518331E-1));
#4252=LINE('',#4251,#4250);
#4253=DIRECTION('',(2.745782246014E-7,-6.402617917094E-2,9.979482192883E-1));
#4254=VECTOR('',#4253,4.000000000003E-1);
#4255=CARTESIAN_POINT('',(6.510538383475E0,1.486902270545E1,1.522250677618E-1));
#4256=LINE('',#4255,#4254);
#4257=DIRECTION('',(3.268016463545E-3,-9.979428857998E-1,-6.402590686628E-2));
#4258=VECTOR('',#4257,3.557169034131E0);
#4259=CARTESIAN_POINT('',(6.510538383475E0,1.486902270545E1,1.522250677618E-1));
#4260=LINE('',#4259,#4258);
#4261=DIRECTION('',(2.749273075861E-7,-6.402628579664E-2,9.979482124474E-1));
#4262=VECTOR('',#4261,4.000000000004E-1);
#4263=CARTESIAN_POINT('',(6.522163270442E0,1.131917117425E1,
-7.552590552509E-2));
#4264=LINE('',#4263,#4262);
#4265=DIRECTION('',(-3.268016463535E-3,9.979428857998E-1,6.402590686625E-2));
#4266=VECTOR('',#4265,3.557169076869E0);
#4267=CARTESIAN_POINT('',(6.522163380413E0,1.129356065993E1,3.236533794543E-1));
#4268=LINE('',#4267,#4266);
#4269=DIRECTION('',(2.344321603508E-7,-6.402624800192E-2,9.979482148723E-1));
#4270=VECTOR('',#4269,4.000000000003E-1);
#4271=CARTESIAN_POINT('',(6.716880915863E0,1.112624506293E1,
-8.790369061297E-2));
#4272=LINE('',#4271,#4270);
#4273=DIRECTION('',(9.999946688814E-1,3.258621655626E-3,2.087909101377E-4));
#4274=VECTOR('',#4273,1.180268506313E0);
#4275=CARTESIAN_POINT('',(6.716880915863E0,1.112624506293E1,
-8.790369061297E-2));
#4276=LINE('',#4275,#4274);
#4277=DIRECTION('',(3.082607968884E-7,-6.402624776202E-2,9.979482148876E-1));
#4278=VECTOR('',#4277,4.000000000001E-1);
#4279=CARTESIAN_POINT('',(7.897143130024E0,1.113009111145E1,
-8.765726127733E-2));
#4280=LINE('',#4279,#4278);
#4281=DIRECTION('',(-9.999946688814E-1,-3.258621655408E-3,-2.087909099683E-4));
#4282=VECTOR('',#4281,1.180268535845E0);
#4283=CARTESIAN_POINT('',(7.897143253329E0,1.110448061234E1,3.115220246778E-1));
#4284=LINE('',#4283,#4282);
#4285=DIRECTION('',(7.809935365085E-8,-6.402726192734E-2,9.979481498205E-1));
#4286=VECTOR('',#4285,4.000000000002E-1);
#4287=CARTESIAN_POINT('',(8.150397121685E0,1.133915460348E1,
-7.424425931362E-2));
#4288=LINE('',#4287,#4286);
#4289=DIRECTION('',(1.846526620497E-7,-6.402671261933E-2,9.979481850633E-1));
#4290=VECTOR('',#4289,4.000000000001E-1);
#4291=CARTESIAN_POINT('',(8.396708850582E0,1.260895693518E1,7.223506182234E-3));
#4292=LINE('',#4291,#4290);
#4293=DIRECTION('',(2.749218408482E-7,-6.402628398567E-2,9.979482125636E-1));
#4294=VECTOR('',#4293,4.E-1);
#4295=CARTESIAN_POINT('',(8.741809306023E0,1.257361053806E1,4.955661033343E-3));
#4296=LINE('',#4295,#4294);
#4297=DIRECTION('',(3.267996206459E-3,-9.979428858658E-1,-6.402590687052E-2));
#4298=VECTOR('',#4297,1.249763225601E0);
#4299=CARTESIAN_POINT('',(8.741809306023E0,1.257361053806E1,4.955661033343E-3));
#4300=LINE('',#4299,#4298);
#4301=DIRECTION('',(2.749479843801E-7,-6.402629199175E-2,9.979482120500E-1));
#4302=VECTOR('',#4301,3.999999999998E-1);
#4303=CARTESIAN_POINT('',(8.745893527504E0,1.132641821805E1,
-7.506156285919E-2));
#4304=LINE('',#4303,#4302);
#4305=DIRECTION('',(-3.267996206435E-3,9.979428858658E-1,6.402590687068E-2));
#4306=VECTOR('',#4305,1.249763228810E0);
#4307=CARTESIAN_POINT('',(8.745893637483E0,1.130080770126E1,3.241177219606E-1));
#4308=LINE('',#4307,#4306);
#4309=DIRECTION('',(2.228963769114E-7,-6.402624804133E-2,9.979482148697E-1));
#4310=VECTOR('',#4309,3.999999999998E-1);
#4311=CARTESIAN_POINT('',(8.940621622701E0,1.113349185684E1,
-8.743936398289E-2));
#4312=LINE('',#4311,#4310);
#4313=DIRECTION('',(9.999946660114E-1,3.259498675761E-3,2.088471778964E-4));
#4314=VECTOR('',#4313,7.819709747459E-1);
#4315=CARTESIAN_POINT('',(8.940621622701E0,1.113349185684E1,
-8.743936398289E-2));
#4316=LINE('',#4315,#4314);
#4317=DIRECTION('',(3.043132101864E-7,-6.402624777531E-2,9.979482148868E-1));
#4318=VECTOR('',#4317,4.000000000002E-1);
#4319=CARTESIAN_POINT('',(9.722588426423E0,1.113604069019E1,
-8.727605155161E-2));
#4320=LINE('',#4319,#4318);
#4321=DIRECTION('',(-9.999946660114E-1,-3.259498676054E-3,-2.088471784048E-4));
#4322=VECTOR('',#4321,7.819710073128E-1);
#4323=CARTESIAN_POINT('',(9.722588548148E0,1.111043019108E1,3.119032344033E-1));
#4324=LINE('',#4323,#4322);
#4325=DIRECTION('',(2.749915140043E-7,-6.402630543124E-2,9.979482111877E-1));
#4326=VECTOR('',#4325,4.000000000001E-1);
#4327=CARTESIAN_POINT('',(9.916037906869E0,1.133023174888E1,
-7.481721700342E-2));
#4328=LINE('',#4327,#4326);
#4329=DIRECTION('',(-3.268017102374E-3,9.979428857977E-1,6.402590686615E-2));
#4330=VECTOR('',#4329,3.557169177445E0);
#4331=CARTESIAN_POINT('',(9.916037906869E0,1.133023174888E1,
-7.481721700342E-2));
#4332=LINE('',#4331,#4330);
#4333=DIRECTION('',(2.746795102480E-7,-6.402621018376E-2,9.979482172986E-1));
#4334=VECTOR('',#4333,4.000000000002E-1);
#4335=CARTESIAN_POINT('',(9.904413017161E0,1.488008342309E1,1.529337654588E-1));
#4336=LINE('',#4335,#4334);
#4337=DIRECTION('',(3.268017102383E-3,-9.979428857977E-1,-6.402590686619E-2));
#4338=VECTOR('',#4337,3.557169215622E0);
#4339=CARTESIAN_POINT('',(9.904413127033E0,1.485447293902E1,5.521130523785E-1));
#4340=LINE('',#4339,#4338);
#4341=DIRECTION('',(3.091773859155E-7,-6.402624775610E-2,9.979482148880E-1));
#4342=VECTOR('',#4341,3.999999999999E-1);
#4343=CARTESIAN_POINT('',(9.709695304326E0,1.507303065544E1,1.653129056271E-1));
#4344=LINE('',#4343,#4342);
#4345=DIRECTION('',(-9.999946677035E-1,-3.258981638406E-3,-2.088140058724E-4));
#4346=VECTOR('',#4345,1.180281672690E0);
#4347=CARTESIAN_POINT('',(9.709695304326E0,1.507303065544E1,1.653129056271E-1));
#4348=LINE('',#4347,#4346);
#4349=DIRECTION('',(9.999946677035E-1,3.258981637729E-3,2.088140056890E-4));
#4350=VECTOR('',#4349,1.180281690502E0);
#4351=CARTESIAN_POINT('',(8.529420031107E0,1.504357363998E1,5.642457322346E-1));
#4352=LINE('',#4351,#4350);
#4353=DIRECTION('',(-2.646468733047E-7,6.402624789920E-2,-9.979482148788E-1));
#4354=VECTOR('',#4353,4.000000000001E-1);
#4355=CARTESIAN_POINT('',(8.529420031107E0,1.504357363998E1,5.642457322346E-1));
#4356=LINE('',#4355,#4354);
#4357=DIRECTION('',(-2.748104144246E-7,6.402624783074E-2,-9.979482148832E-1));
#4358=VECTOR('',#4357,4.E-1);
#4359=CARTESIAN_POINT('',(8.275479711510E0,1.483057000101E1,5.505799389613E-1));
#4360=LINE('',#4359,#4358);
#4361=DIRECTION('',(-1.901389689206E-1,-9.797428346801E-1,-6.285817680203E-2));
#4362=VECTOR('',#4361,1.296814044243E0);
#4363=CARTESIAN_POINT('',(8.275479601586E0,1.485618050014E1,1.514006530081E-1));
#4364=LINE('',#4363,#4362);
#4365=DIRECTION('',(1.901389689204E-1,9.797428346801E-1,6.285817680184E-2));
#4366=VECTOR('',#4365,1.296814044243E0);
#4367=CARTESIAN_POINT('',(8.028904826256E0,1.356002573325E1,4.690645724892E-1));
#4368=LINE('',#4367,#4366);
#4369=CARTESIAN_POINT('',(8.529420031107E0,1.504357363998E1,5.642457322346E-1));
#4370=CARTESIAN_POINT('',(8.519645519512E0,1.504354178463E1,5.642436911545E-1));
#4371=CARTESIAN_POINT('',(8.500145318589E0,1.504186957789E1,5.641364112742E-1));
#4372=CARTESIAN_POINT('',(8.462093420309E0,1.503304687557E1,5.635703758225E-1));
#4373=CARTESIAN_POINT('',(8.396999361593E0,1.500497880096E1,5.617696054141E-1));
#4374=CARTESIAN_POINT('',(8.320256127226E0,1.494046528610E1,5.576305758111E-1));
#4375=CARTESIAN_POINT('',(8.282048509661E0,1.486862386954E1,5.530213929146E-1));
#4376=CARTESIAN_POINT('',(8.275479711510E0,1.483057000101E1,5.505799389613E-1));
#4378=CARTESIAN_POINT('',(8.028904826256E0,1.356002573325E1,4.690645724892E-1));
#4379=CARTESIAN_POINT('',(8.021737264460E0,1.352693530867E1,4.669415627728E-1));
#4380=CARTESIAN_POINT('',(7.988115094454E0,1.346346157554E1,4.628692314933E-1));
#4381=CARTESIAN_POINT('',(7.908603315119E0,1.342927880809E1,4.606761592882E-1));
#4382=CARTESIAN_POINT('',(7.843518485062E0,1.342705252596E1,4.605333436560E-1));
#4383=CARTESIAN_POINT('',(7.779114885573E0,1.344158378488E1,4.614656562446E-1));
#4384=CARTESIAN_POINT('',(7.706993601984E0,1.349364463633E1,4.648057902798E-1));
#4385=CARTESIAN_POINT('',(7.684883897467E0,1.356435930707E1,4.693427001572E-1));
#4386=CARTESIAN_POINT('',(7.684766650773E0,1.360016442860E1,4.716398810971E-1));
#4388=CARTESIAN_POINT('',(7.680682870618E0,1.484722575760E1,5.516487008832E-1));
#4389=CARTESIAN_POINT('',(7.680576013700E0,1.487985495971E1,5.537421215443E-1));
#4390=CARTESIAN_POINT('',(7.653437721622E0,1.494559983023E1,5.579601809297E-1));
#4391=CARTESIAN_POINT('',(7.595436187314E0,1.500284708314E1,5.616330596311E-1));
#4392=CARTESIAN_POINT('',(7.541925633323E0,1.503006285098E1,5.633791804983E-1));
#4393=CARTESIAN_POINT('',(7.510448357465E0,1.503860917682E1,5.639275033664E-1));
#4394=CARTESIAN_POINT('',(7.494125268849E0,1.504019956425E1,5.640295437566E-1));
#4395=CARTESIAN_POINT('',(7.485954723199E0,1.504017293790E1,5.640278377156E-1));
#4397=CARTESIAN_POINT('',(6.703988104501E0,1.503762451834E1,5.638645518331E-1));
#4398=CARTESIAN_POINT('',(6.695813800435E0,1.503759787771E1,5.638628448775E-1));
#4399=CARTESIAN_POINT('',(6.679494016822E0,1.503589956769E1,5.637538893905E-1));
#4400=CARTESIAN_POINT('',(6.648060176035E0,1.502713999249E1,5.631919022189E-1));
#4401=CARTESIAN_POINT('',(6.594725282125E0,1.499955969160E1,5.614224231027E-1));
#4402=CARTESIAN_POINT('',(6.537117370938E0,1.494193007287E1,5.577250444535E-1));
#4403=CARTESIAN_POINT('',(6.510431704810E0,1.487602452133E1,5.534966909355E-1));
#4404=CARTESIAN_POINT('',(6.510538493306E0,1.484341223378E1,5.514043554774E-1));
#4406=CARTESIAN_POINT('',(6.522163380413E0,1.129356065993E1,3.236533794543E-1));
#4407=CARTESIAN_POINT('',(6.522270133635E0,1.126096288204E1,3.215619749052E-1));
#4408=CARTESIAN_POINT('',(6.549483673505E0,1.119522106585E1,3.173441114584E-1));
#4409=CARTESIAN_POINT('',(6.607464238541E0,1.113800516357E1,3.136732441524E-1));
#4410=CARTESIAN_POINT('',(6.660980403162E0,1.111075180402E1,3.119247114791E-1));
#4411=CARTESIAN_POINT('',(6.692416064385E0,1.110220029813E1,3.113760562819E-1));
#4412=CARTESIAN_POINT('',(6.708719957098E0,1.110060797113E1,3.112738914583E-1));
#4413=CARTESIAN_POINT('',(6.716881009636E0,1.110063456373E1,3.112755953362E-1));
#4415=CARTESIAN_POINT('',(7.897143253329E0,1.110448061234E1,3.115220246778E-1));
#4416=CARTESIAN_POINT('',(7.906773420296E0,1.110451199421E1,3.115240354203E-1));
#4417=CARTESIAN_POINT('',(7.925989488471E0,1.110613784946E1,3.116283415646E-1));
#4418=CARTESIAN_POINT('',(7.963498803622E0,1.111469840604E1,3.121775584493E-1));
#4419=CARTESIAN_POINT('',(8.028122326394E0,1.114227644772E1,3.139468895102E-1));
#4420=CARTESIAN_POINT('',(8.103112698749E0,1.120408118174E1,3.179121299433E-1));
#4421=CARTESIAN_POINT('',(8.143097109357E0,1.127591050927E1,3.225205367453E-1));
#4422=CARTESIAN_POINT('',(8.150397152925E0,1.131354369870E1,3.249350006147E-1));
#4424=DIRECTION('',(1.900503436771E-1,9.797599595559E-1,6.285927552233E-2));
#4425=VECTOR('',#4424,1.296034338862E0);
#4426=CARTESIAN_POINT('',(8.150397152925E0,1.131354369870E1,3.249350006147E-1));
#4427=LINE('',#4426,#4425);
#4428=CARTESIAN_POINT('',(8.396708924443E0,1.258334625013E1,4.064027802076E-1));
#4429=CARTESIAN_POINT('',(8.403275372565E0,1.261719822719E1,4.085746496870E-1));
#4430=CARTESIAN_POINT('',(8.435216988664E0,1.268159998800E1,4.127065217229E-1));
#4431=CARTESIAN_POINT('',(8.506389070102E0,1.271420118182E1,4.147981258035E-1));
#4432=CARTESIAN_POINT('',(8.554418674548E0,1.272004120630E1,4.151727962030E-1));
#4433=CARTESIAN_POINT('',(8.587946993291E0,1.271969171402E1,4.151503642842E-1));
#4434=CARTESIAN_POINT('',(8.646475579546E0,1.270724115412E1,4.143515465637E-1));
#4435=CARTESIAN_POINT('',(8.719850288606E0,1.265436585530E1,4.109591589616E-1));
#4436=CARTESIAN_POINT('',(8.741694391530E0,1.258312544133E1,4.063885185842E-1));
#4437=CARTESIAN_POINT('',(8.741809415992E0,1.254800002446E1,4.041349460588E-1));
#4439=CARTESIAN_POINT('',(8.745893637483E0,1.130080770126E1,3.241177219606E-1));
#4440=CARTESIAN_POINT('',(8.746000479330E0,1.126818285672E1,3.220245808724E-1));
#4441=CARTESIAN_POINT('',(8.773138075126E0,1.120244406584E1,3.178069115440E-1));
#4442=CARTESIAN_POINT('',(8.831139221240E0,1.114520468934E1,3.141345381768E-1));
#4443=CARTESIAN_POINT('',(8.884649236872E0,1.111799104624E1,3.123885536285E-1));
#4444=CARTESIAN_POINT('',(8.916127457786E0,1.110944503855E1,3.118402511719E-1));
#4445=CARTESIAN_POINT('',(8.932450962350E0,1.110785472668E1,3.117382156296E-1));
#4446=CARTESIAN_POINT('',(8.940621711860E0,1.110788135762E1,3.117399219648E-1));
#4448=CARTESIAN_POINT('',(9.722588548148E0,1.111043019108E1,3.119032344033E-1));
#4449=CARTESIAN_POINT('',(9.730763064628E0,1.111045683673E1,3.119049416803E-1));
#4450=CARTESIAN_POINT('',(9.747083275745E0,1.111215508988E1,3.120138935184E-1));
#4451=CARTESIAN_POINT('',(9.778518084992E0,1.112091438624E1,3.125758628003E-1));
#4452=CARTESIAN_POINT('',(9.831852331722E0,1.114849253824E1,3.143452040476E-1));
#4453=CARTESIAN_POINT('',(9.889459814988E0,1.120611409066E1,3.180420651787E-1));
#4454=CARTESIAN_POINT('',(9.916144792553E0,1.127201336307E1,3.222700158422E-1));
#4455=CARTESIAN_POINT('',(9.916038016866E0,1.130462122671E1,3.243620674718E-1));
#4457=CARTESIAN_POINT('',(9.904413127033E0,1.485447293902E1,5.521130523785E-1));
#4458=CARTESIAN_POINT('',(9.904306269483E0,1.488710257866E1,5.542065011107E-1));
#4459=CARTESIAN_POINT('',(9.877169081469E0,1.495284695242E1,5.584245286247E-1));
#4460=CARTESIAN_POINT('',(9.819170479394E0,1.501009506156E1,5.620974622590E-1));
#4461=CARTESIAN_POINT('',(9.765662545975E0,1.503731042211E1,5.638435569948E-1));
#4462=CARTESIAN_POINT('',(9.734187435447E0,1.504585644435E1,5.643918603821E-1));
#4463=CARTESIAN_POINT('',(9.717865431578E0,1.504744678121E1,5.644938975282E-1));
#4464=CARTESIAN_POINT('',(9.709695427997E0,1.504742015633E1,5.644921915822E-1));
#4466=DIRECTION('',(-2.862425763084E-7,6.402624122879E-2,-9.979482153068E-1));
#4467=VECTOR('',#4466,4.E-1);
#4468=CARTESIAN_POINT('',(1.275848145453E1,1.235680305251E1,3.918670464519E-1));
#4469=LINE('',#4468,#4467);
#4470=DIRECTION('',(2.780639407616E-7,-6.402724395275E-2,9.979481509737E-1));
#4471=VECTOR('',#4470,4.000000000002E-1);
#4472=CARTESIAN_POINT('',(1.287841436716E1,1.259115563174E1,6.080178064917E-3));
#4473=LINE('',#4472,#4471);
#4474=DIRECTION('',(-3.267039430653E-3,9.979428889857E-1,6.402590707042E-2));
#4475=VECTOR('',#4474,1.044956984280E0);
#4476=CARTESIAN_POINT('',(1.287841436716E1,1.259115563174E1,6.080178064917E-3));
#4477=LINE('',#4476,#4475);
#4478=DIRECTION('',(2.731525716727E-7,-6.402574400804E-2,9.979482472073E-1));
#4479=VECTOR('',#4478,3.999999999999E-1);
#4480=CARTESIAN_POINT('',(1.287500045149E1,1.363396302350E1,7.298449683304E-2));
#4481=LINE('',#4480,#4479);
#4482=DIRECTION('',(3.267039430994E-3,-9.979428889857E-1,-6.402590707027E-2));
#4483=VECTOR('',#4482,1.044957585495E0);
#4484=CARTESIAN_POINT('',(1.287500056075E1,1.360835272589E1,4.721637957159E-1));
#4485=LINE('',#4484,#4483);
#4486=DIRECTION('',(7.122254475078E-7,-6.402649783154E-2,9.979481988435E-1));
#4487=VECTOR('',#4486,4.E-1);
#4488=CARTESIAN_POINT('',(1.275370100312E1,1.384191785212E1,8.632647243678E-2));
#4489=LINE('',#4488,#4487);
#4490=DIRECTION('',(2.746347194105E-7,-6.402619692787E-2,9.979482181491E-1));
#4491=VECTOR('',#4490,4.E-1);
#4492=CARTESIAN_POINT('',(1.058778567266E1,1.476769662941E1,1.457230781754E-1));
#4493=LINE('',#4492,#4491);
#4494=DIRECTION('',(-9.512257204140E-8,6.402614518853E-2,-9.979482214686E-1));
#4495=VECTOR('',#4494,3.999999999998E-1);
#4496=CARTESIAN_POINT('',(1.085866035297E1,1.489923205216E1,5.549844396898E-1));
#4497=LINE('',#4496,#4495);
#4498=DIRECTION('',(3.268016442628E-3,-9.979428857998E-1,-6.402590686629E-2));
#4499=VECTOR('',#4498,1.016691769590E0);
#4500=CARTESIAN_POINT('',(1.058778567266E1,1.476769662941E1,1.457230781754E-1));
#4501=LINE('',#4500,#4499);
#4502=DIRECTION('',(-3.268016441873E-3,9.979428857998E-1,6.402590686616E-2));
#4503=VECTOR('',#4502,1.016691803533E0);
#4504=CARTESIAN_POINT('',(1.059110834804E1,1.372748579825E1,4.798077507104E-1));
#4505=LINE('',#4504,#4503);
#4506=DIRECTION('',(-2.749101124521E-7,6.402628161220E-2,-9.979482127159E-1));
#4507=VECTOR('',#4506,4.000000000001E-1);
#4508=CARTESIAN_POINT('',(1.059110834804E1,1.372748579825E1,4.798077507104E-1));
#4509=LINE('',#4508,#4507);
#4510=DIRECTION('',(-2.640818924067E-5,-6.401106666620E-2,9.979491884093E-1));
#4511=VECTOR('',#4510,4.000000001889E-1);
#4512=CARTESIAN_POINT('',(1.071280549698E1,1.354491465257E1,6.727193699654E-2));
#4513=LINE('',#4512,#4511);
#4514=DIRECTION('',(-1.561140128021E-5,-6.401721046018E-2,9.979487945387E-1));
#4515=VECTOR('',#4514,4.000000000666E-1);
#4516=CARTESIAN_POINT('',(1.129830132651E1,1.321181167908E1,4.590059314885E-2));
#4517=LINE('',#4516,#4515);
#4518=DIRECTION('',(8.032090104136E-8,-6.402636022017E-2,9.979482076726E-1));
#4519=VECTOR('',#4518,4.000000000001E-1);
#4520=CARTESIAN_POINT('',(1.129909362303E1,1.300313151331E1,3.251211463104E-2));
#4521=LINE('',#4520,#4519);
#4522=DIRECTION('',(-5.937796032638E-8,-6.402644092458E-2,9.979482024948E-1));
#4523=VECTOR('',#4522,4.000000000001E-1);
#4524=CARTESIAN_POINT('',(1.071567217439E1,1.266610359599E1,1.088927656661E-2));
#4525=LINE('',#4524,#4523);
#4526=DIRECTION('',(2.714460212159E-7,-6.402522363113E-2,9.979482805932E-1));
#4527=VECTOR('',#4526,4.000000000003E-1);
#4528=CARTESIAN_POINT('',(1.059535334431E1,1.245713815676E1,
-2.517471142694E-3));
#4529=LINE('',#4528,#4527);
#4530=DIRECTION('',(3.267007870108E-3,-9.979428890886E-1,-6.402590707701E-2));
#4531=VECTOR('',#4530,1.016691424191E0);
#4532=CARTESIAN_POINT('',(1.059535334431E1,1.245713815676E1,
-2.517471142694E-3));
#4533=LINE('',#4532,#4531);
#4534=DIRECTION('',(2.762290618463E-7,-6.402668478159E-2,9.979481868493E-1));
#4535=VECTOR('',#4534,4.E-1);
#4536=CARTESIAN_POINT('',(1.059867488320E1,1.144253817959E1,
-6.761206179396E-2));
#4537=LINE('',#4536,#4535);
#4538=DIRECTION('',(-3.267007869954E-3,9.979428890886E-1,6.402590707715E-2));
#4539=VECTOR('',#4538,1.016692009856E0);
#4540=CARTESIAN_POINT('',(1.059867499369E1,1.141692750568E1,3.315672129457E-1));
#4541=LINE('',#4540,#4539);
#4542=DIRECTION('',(-3.011974225586E-7,-6.402658202664E-2,9.979481934419E-1));
#4543=VECTOR('',#4542,4.E-1);
#4544=CARTESIAN_POINT('',(1.087057319772E1,1.128716114526E1,
-7.758079873227E-2));
#4545=LINE('',#4544,#4543);
#4546=DIRECTION('',(-8.677948468750E-1,4.959030398195E-1,3.181632969103E-2));
#4547=VECTOR('',#4546,2.183743014681E0);
#4548=CARTESIAN_POINT('',(1.275370128801E1,1.381630725299E1,4.855057519742E-1));
#4549=LINE('',#4548,#4547);
#4550=CARTESIAN_POINT('',(1.085866035297E1,1.489923205216E1,5.549844396898E-1));
#4551=CARTESIAN_POINT('',(1.083989775673E1,1.490995396120E1,5.556723398755E-1));
#4552=CARTESIAN_POINT('',(1.079814826761E1,1.492380462694E1,5.565609808061E-1));
#4553=CARTESIAN_POINT('',(1.071202473694E1,1.492216178489E1,5.564556032488E-1));
#4554=CARTESIAN_POINT('',(1.061893499140E1,1.486636031683E1,5.528755246526E-1));
#4555=CARTESIAN_POINT('',(1.058765119853E1,1.478318522258E1,5.475391950470E-1));
#4556=CARTESIAN_POINT('',(1.058778578251E1,1.474208615064E1,5.449023654350E-1));
#4558=CARTESIAN_POINT('',(1.059110834804E1,1.372748579825E1,4.798077507104E-1));
#4559=CARTESIAN_POINT('',(1.059119876536E1,1.369987594931E1,4.780363611422E-1));
#4560=CARTESIAN_POINT('',(1.060363217068E1,1.364376065907E1,4.744361193218E-1));
#4561=CARTESIAN_POINT('',(1.064591071458E1,1.357143062786E1,4.697955657779E-1));
#4562=CARTESIAN_POINT('',(1.068874882240E1,1.353299269126E1,4.673294572243E-1));
#4563=CARTESIAN_POINT('',(1.071279493370E1,1.351931022589E1,4.664516125488E-1));
#4565=DIRECTION('',(8.687420167956E-1,-4.942486945480E-1,-3.171019065724E-2));
#4566=VECTOR('',#4565,6.739631984252E-1);
#4567=CARTESIAN_POINT('',(1.071279493370E1,1.351931022589E1,4.664516125488E-1));
#4568=LINE('',#4567,#4566);
#4569=CARTESIAN_POINT('',(1.129829508195E1,1.318620479489E1,4.450801110308E-1));
#4570=CARTESIAN_POINT('',(1.131456666835E1,1.317695014964E1,4.444863480746E-1));
#4571=CARTESIAN_POINT('',(1.133838675934E1,1.314122726550E1,4.421944367842E-1));
#4572=CARTESIAN_POINT('',(1.134705684097E1,1.308219876964E1,4.384072908849E-1));
#4573=CARTESIAN_POINT('',(1.133891527571E1,1.302303961697E1,4.346117669503E-1));
#4574=CARTESIAN_POINT('',(1.131538990449E1,1.298693487061E1,4.322953692254E-1));
#4575=CARTESIAN_POINT('',(1.129909365515E1,1.297752096922E1,4.316913977002E-1));
#4577=DIRECTION('',(-8.654581071123E-1,-4.999534111274E-1,-3.207571566918E-2));
#4578=VECTOR('',#4577,6.741187120676E-1);
#4579=CARTESIAN_POINT('',(1.129909365515E1,1.297752096922E1,4.316913977002E-1));
#4580=LINE('',#4579,#4578);
#4581=CARTESIAN_POINT('',(1.071567215064E1,1.264049301962E1,4.100685575646E-1));
#4582=CARTESIAN_POINT('',(1.069171602464E1,1.262665414169E1,4.091806910071E-1));
#4583=CARTESIAN_POINT('',(1.064913186467E1,1.258793641109E1,4.066966549851E-1));
#4584=CARTESIAN_POINT('',(1.060732687810E1,1.251533309796E1,4.020385914058E-1));
#4585=CARTESIAN_POINT('',(1.059526312553E1,1.245913773448E1,3.984332190005E-1));
#4586=CARTESIAN_POINT('',(1.059535345289E1,1.243152806731E1,3.966618410949E-1));
#4588=CARTESIAN_POINT('',(1.059867499369E1,1.141692750568E1,3.315672129457E-1));
#4589=CARTESIAN_POINT('',(1.059881535117E1,1.137406800352E1,3.288174378506E-1));
#4590=CARTESIAN_POINT('',(1.063284764427E1,1.128907240371E1,3.233642904698E-1));
#4591=CARTESIAN_POINT('',(1.072881861327E1,1.123663375995E1,3.199999115112E-1));
#4592=CARTESIAN_POINT('',(1.081294109197E1,1.123731107414E1,3.200433433937E-1));
#4593=CARTESIAN_POINT('',(1.085266652447E1,1.125116223133E1,3.209319934194E-1));
#4594=CARTESIAN_POINT('',(1.087057307724E1,1.126155051245E1,3.215984786445E-1));
#4596=DIRECTION('',(8.645304264851E-1,5.015493108453E-1,3.217810547693E-2));
#4597=VECTOR('',#4596,2.183738500635E0);
#4598=CARTESIAN_POINT('',(1.087057307724E1,1.126155051245E1,3.215984786445E-1));
#4599=LINE('',#4598,#4597);
#4600=CARTESIAN_POINT('',(1.275848145453E1,1.235680305251E1,3.918670464519E-1));
#4601=CARTESIAN_POINT('',(1.278237128333E1,1.237066251601E1,3.927562337532E-1));
#4602=CARTESIAN_POINT('',(1.282482485763E1,1.240936553156E1,3.952393257252E-1));
#4603=CARTESIAN_POINT('',(1.286649177730E1,1.248188419965E1,3.998919586969E-1));
#4604=CARTESIAN_POINT('',(1.287850465500E1,1.253798191258E1,4.034910660636E-1));
#4605=CARTESIAN_POINT('',(1.287841447838E1,1.256554473416E1,4.052594384546E-1));
#4607=CARTESIAN_POINT('',(1.287500056075E1,1.360835272589E1,4.721637957159E-1));
#4608=CARTESIAN_POINT('',(1.287491029679E1,1.363591568777E1,4.739321771083E-1));
#4609=CARTESIAN_POINT('',(1.286252842362E1,1.369193357489E1,4.775261697372E-1));
#4610=CARTESIAN_POINT('',(1.282038858644E1,1.376417978321E1,4.821613453431E-1));
#4611=CARTESIAN_POINT('',(1.277768123609E1,1.380260383164E1,4.846265628250E-1));
#4612=CARTESIAN_POINT('',(1.275370128801E1,1.381630725299E1,4.855057519742E-1));
#4614=CARTESIAN_POINT('',(8.004603149185E1,4.869266186486E0,1.166958080089E-2));
#4615=DIRECTION('',(9.999999999994E-1,-1.024244543512E-6,-3.410816049758E-7));
#4616=DIRECTION('',(-1.045977512604E-6,-9.974494020616E-1,-7.137709945041E-2));
#4617=AXIS2_PLACEMENT_3D('',#4614,#4615,#4616);
#4619=CARTESIAN_POINT('',(8.004603128305E1,4.632868683700E0,3.315173780581E0));
#4620=DIRECTION('',(9.999999999994E-1,-1.024244543512E-6,-3.410816049770E-7));
#4621=DIRECTION('',(2.455558387737E-7,-9.185673000586E-2,9.957722335718E-1));
#4622=AXIS2_PLACEMENT_3D('',#4619,#4620,#4621);
#4624=CARTESIAN_POINT('',(8.004604766236E1,2.002818708056E1,5.734342645796E0));
#4625=DIRECTION('',(9.999999999994E-1,-1.024265852092E-6,-3.410633868672E-7));
#4626=DIRECTION('',(-2.563129644853E-7,8.163130802733E-2,-9.966625956409E-1));
#4627=AXIS2_PLACEMENT_3D('',#4624,#4625,#4626);
#4629=CARTESIAN_POINT('',(8.004604852387E1,2.016959049793E1,1.906737900278E1));
#4630=DIRECTION('',(-9.999999999994E-1,1.024249769941E-6,3.410769819835E-7));
#4631=DIRECTION('',(-1.043986117111E-6,-9.979482155254E-1,-6.402623781339E-2));
#4632=AXIS2_PLACEMENT_3D('',#4629,#4630,#4631);
#4634=CARTESIAN_POINT('',(8.004605060917E1,2.216548692812E1,1.919543149816E1));
#4635=DIRECTION('',(-9.999999999994E-1,1.024244461406E-6,3.410815116130E-7));
#4636=DIRECTION('',(2.748031704414E-7,-6.402624588931E-2,9.979482150078E-1));
#4637=AXIS2_PLACEMENT_3D('',#4634,#4635,#4636);
#4639=CARTESIAN_POINT('',(8.004605089346E1,2.264519698410E1,1.484212635658E1));
#4640=DIRECTION('',(-9.999999999995E-1,1.046339960377E-6,-3.309680186688E-9));
#4641=DIRECTION('',(1.043981209629E-6,9.979482148724E-1,6.402624799241E-2));
#4642=AXIS2_PLACEMENT_3D('',#4639,#4640,#4641);
#4644=DIRECTION('',(-8.009798508520E-7,-8.056279633531E-1,5.924217962423E-1));
#4645=VECTOR('',#4644,7.553158509661E-1);
#4646=CARTESIAN_POINT('',(8.004605070920E1,2.246747044525E1,1.460043796756E1));
#4647=LINE('',#4646,#4645);
#4648=CARTESIAN_POINT('',(8.004604998112E1,2.174048251530E1,1.488677794805E1));
#4649=DIRECTION('',(9.999999999995E-1,-1.041839162255E-6,0.E0));
#4650=DIRECTION('',(6.172082578360E-7,5.924217962529E-1,8.056279633454E-1));
#4651=AXIS2_PLACEMENT_3D('',#4648,#4649,#4650);
#4653=CARTESIAN_POINT('',(8.004604996051E1,2.234819892832E1,5.414576628869E0));
#4654=DIRECTION('',(9.999999999995E-1,-1.041839162255E-6,0.E0));
#4655=DIRECTION('',(-1.039701515992E-6,-9.979482148546E-1,-6.402624826993E-2));
#4656=AXIS2_PLACEMENT_3D('',#4653,#4654,#4655);
#4658=DIRECTION('',(7.996403182815E-7,7.233174057046E-1,6.905156990280E-1));
#4659=VECTOR('',#4658,7.553158509164E-1);
#4660=CARTESIAN_POINT('',(8.004605010461E1,2.248630206813E1,5.269913147734E0));
#4661=LINE('',#4660,#4659);
#4662=CARTESIAN_POINT('',(8.004605092522E1,2.323978987963E1,5.574475378817E0));
#4663=DIRECTION('',(-9.999999999995E-1,1.045880116355E-6,3.857700952556E-9));
#4664=DIRECTION('',(-7.194062826936E-7,-6.905156991196E-1,7.233174056172E-1));
#4665=AXIS2_PLACEMENT_3D('',#4662,#4663,#4664);
#4667=CARTESIAN_POINT('',(8.004605079106E1,2.332032765805E1,1.195450669683E0));
#4668=DIRECTION('',(-9.999999999994E-1,1.024101757254E-6,3.412072008813E-7));
#4669=DIRECTION('',(1.043846680205E-6,9.979482282083E-1,6.402604013130E-2));
#4670=AXIS2_PLACEMENT_3D('',#4667,#4668,#4669);
#4672=DIRECTION('',(-9.999999999994E-1,1.024244543518E-6,3.410816049718E-7));
#4673=VECTOR('',#4672,1.6E2);
#4674=CARTESIAN_POINT('',(8.004603087726E1,4.370541485455E0,
-2.401896892429E-2));
#4675=LINE('',#4674,#4673);
#4676=DIRECTION('',(9.999999999994E-1,-1.024244543513E-6,-3.410816050070E-7));
#4677=VECTOR('',#4676,1.6E2);
#4678=CARTESIAN_POINT('',(-7.995396914813E1,4.134307861796E0,3.279539803913E0));
#4679=LINE('',#4678,#4677);
#4680=DIRECTION('',(7.691741676772E-9,7.137709945048E-2,-9.974494020621E-1));
#4681=VECTOR('',#4680,3.311951656846E0);
#4682=CARTESIAN_POINT('',(8.004603085178E1,4.134143982669E0,3.279485230856E0));
#4683=LINE('',#4682,#4681);
#4684=CARTESIAN_POINT('',(-7.995396850807E1,4.869430065613E0,
1.172415385769E-2));
#4685=DIRECTION('',(-9.999999999994E-1,1.024244543512E-6,3.410816049758E-7));
#4686=DIRECTION('',(-2.748032557065E-7,6.402624786896E-2,-9.979482148808E-1));
#4687=AXIS2_PLACEMENT_3D('',#4684,#4685,#4686);
#4689=CARTESIAN_POINT('',(-7.995394920886E1,2.332049151433E1,1.195505262835E0));
#4690=DIRECTION('',(9.999999999994E-1,-1.024101757254E-6,-3.412072008813E-7));
#4691=DIRECTION('',(-2.749379461875E-7,6.402604018751E-2,-9.979482282052E-1));
#4692=AXIS2_PLACEMENT_3D('',#4689,#4690,#4691);
#4694=DIRECTION('',(-8.539731377448E-9,-6.402624665704E-2,9.979482149586E-1));
#4695=VECTOR('',#4694,4.375142270565E0);
#4696=CARTESIAN_POINT('',(-7.995394873228E1,2.381946562308E1,1.227518451308E0));
#4697=LINE('',#4696,#4695);
#4698=CARTESIAN_POINT('',(-7.995394907469E1,2.323995722045E1,5.574475996049E0));
#4699=DIRECTION('',(9.999999999995E-1,-1.045880116355E-6,-3.857700952556E-9));
#4700=DIRECTION('',(1.043981209629E-6,9.979482148798E-1,6.402624787642E-2));
#4701=AXIS2_PLACEMENT_3D('',#4698,#4699,#4700);
#4703=DIRECTION('',(-7.996462203779E-7,-7.233174057046E-1,-6.905156990280E-1));
#4704=VECTOR('',#4703,7.553167448169E-1);
#4705=CARTESIAN_POINT('',(-7.995394929132E1,2.303280251073E1,5.791471217757E0));
#4706=LINE('',#4705,#4704);
#4707=CARTESIAN_POINT('',(-7.995395004046E1,2.234836562259E1,5.414576628869E0));
#4708=DIRECTION('',(-9.999999999995E-1,1.041839162255E-6,0.E0));
#4709=DIRECTION('',(7.194063300631E-7,6.905156989614E-1,-7.233174057683E-1));
#4710=AXIS2_PLACEMENT_3D('',#4707,#4708,#4709);
#4712=CARTESIAN_POINT('',(-7.995395001880E1,2.174064920957E1,1.488677794805E1));
#4713=DIRECTION('',(-9.999999999995E-1,1.041839162255E-6,0.E0));
#4714=DIRECTION('',(-1.039701515992E-6,-9.979482148571E-1,-6.402624823006E-2));
#4715=AXIS2_PLACEMENT_3D('',#4712,#4713,#4714);
#4717=DIRECTION('',(8.009730140103E-7,8.056279633530E-1,-5.924217962423E-1));
#4718=VECTOR('',#4717,7.553167448506E-1);
#4719=CARTESIAN_POINT('',(-7.995394989571E1,2.185913356879E1,1.504790354074E1));
#4720=LINE('',#4719,#4718);
#4721=CARTESIAN_POINT('',(-7.995394910646E1,2.264536439850E1,1.484212582703E1));
#4722=DIRECTION('',(9.999999999995E-1,-1.046339960377E-6,3.309680186688E-9));
#4723=DIRECTION('',(-6.172082104664E-7,-5.924217962383E-1,-8.056279633561E-1));
#4724=AXIS2_PLACEMENT_3D('',#4721,#4722,#4723);
#4726=DIRECTION('',(-4.075102037831E-9,-6.402624786905E-2,9.979482148808E-1));
#4727=VECTOR('',#4726,4.375142345639E0);
#4728=CARTESIAN_POINT('',(-7.995394878419E1,2.294474886296E1,1.486133370140E1));
#4729=LINE('',#4728,#4727);
#4730=CARTESIAN_POINT('',(-7.995394939074E1,2.216565080723E1,1.919548607120E1));
#4731=DIRECTION('',(9.999999999994E-1,-1.024244461406E-6,-3.410815116130E-7));
#4732=DIRECTION('',(1.043981114890E-6,9.979482149015E-1,6.402624753786E-2));
#4733=AXIS2_PLACEMENT_3D('',#4730,#4731,#4732);
#4735=DIRECTION('',(-1.035324431599E-6,-9.979482148741E-1,-6.402624796508E-2));
#4736=VECTOR('',#4735,1.999999998132E0);
#4737=CARTESIAN_POINT('',(-7.995394929221E1,2.213363768336E1,1.969446017865E1));
#4738=LINE('',#4737,#4736);
#4739=CARTESIAN_POINT('',(-7.995395147604E1,2.016975437790E1,1.906743357510E1));
#4740=DIRECTION('',(9.999999999994E-1,-1.024249769941E-6,-3.410769819835E-7));
#4741=DIRECTION('',(2.747983103291E-7,-6.402624029459E-2,9.979482153667E-1));
#4742=AXIS2_PLACEMENT_3D('',#4739,#4740,#4741);
#4744=DIRECTION('',(6.628817389838E-9,6.402624791323E-2,-9.979482148780E-1));
#4745=VECTOR('',#4744,1.329154767876E1);
#4746=CARTESIAN_POINT('',(-7.995395195270E1,1.967078027040E1,1.903542044891E1));
#4747=LINE('',#4746,#4745);
#4748=CARTESIAN_POINT('',(-7.995395233756E1,2.002835096310E1,5.734397215937E0));
#4749=DIRECTION('',(-9.999999999994E-1,1.024265852092E-6,3.410633868672E-7));
#4750=DIRECTION('',(1.046766640698E-6,9.972384892415E-1,7.426570927532E-2));
#4751=AXIS2_PLACEMENT_3D('',#4748,#4749,#4750);
#4753=CARTESIAN_POINT('',(-7.995396871687E1,4.633032562827E0,3.315228353638E0));
#4754=DIRECTION('',(-9.999999999994E-1,1.024244543512E-6,3.410816049770E-7));
#4755=DIRECTION('',(-1.045977512604E-6,-9.974494020616E-1,-7.137709945045E-2));
#4756=AXIS2_PLACEMENT_3D('',#4753,#4754,#4755);
#4758=DIRECTION('',(7.691745967552E-9,7.137709945048E-2,-9.974494020621E-1));
#4759=VECTOR('',#4758,3.311951656846E0);
#4760=CARTESIAN_POINT('',(-7.995396914813E1,4.134307861796E0,3.279539803913E0));
#4761=LINE('',#4760,#4759);
#4762=DIRECTION('',(-9.999999999994E-1,1.024127239835E-6,3.418729297710E-7));
#4763=VECTOR('',#4762,1.6E2);
#4764=CARTESIAN_POINT('',(8.004605126763E1,2.381930176272E1,1.227463751639E0));
#4765=LINE('',#4764,#4763);
#4766=DIRECTION('',(9.999999999994E-1,-1.023638370046E-6,-3.411092610920E-7));
#4767=VECTOR('',#4766,1.6E2);
#4768=CARTESIAN_POINT('',(-7.995394932213E1,2.335250459429E1,
6.965311471168E-1));
#4769=LINE('',#4768,#4767);
#4770=DIRECTION('',(-9.999999999995E-1,1.045880129347E-6,3.857474278890E-9));
#4771=VECTOR('',#4770,1.6E2);
#4772=CARTESIAN_POINT('',(8.004605123027E1,2.353917434409E1,5.593683253212E0));
#4773=LINE('',#4772,#4771);
#4774=DIRECTION('',(-8.540726686941E-9,-6.402624908015E-2,9.979482148031E-1));
#4775=VECTOR('',#4774,4.375196464914E0);
#4776=CARTESIAN_POINT('',(8.004605126763E1,2.381930176272E1,1.227463751639E0));
#4777=LINE('',#4776,#4775);
#4778=DIRECTION('',(9.999999999995E-1,-1.045880182104E-6,-3.857751790237E-9));
#4779=VECTOR('',#4778,1.6E2);
#4780=CARTESIAN_POINT('',(-7.995394929132E1,2.303280251073E1,5.791471217757E0));
#4781=LINE('',#4780,#4779);
#4782=DIRECTION('',(9.999999999995E-1,-1.041839095994E-6,7.518430322761E-14));
#4783=VECTOR('',#4782,1.6E2);
#4784=CARTESIAN_POINT('',(-7.995394989531E1,2.248646876239E1,5.269913147722E0));
#4785=LINE('',#4784,#4783);
#4786=DIRECTION('',(-9.999999999995E-1,1.041839125615E-6,3.660183267584E-13));
#4787=VECTOR('',#4786,1.6E2);
#4788=CARTESIAN_POINT('',(8.004604975725E1,2.214860928535E1,5.401771379262E0));
#4789=LINE('',#4788,#4787);
#4790=DIRECTION('',(1.020779017113E-9,-6.402624786907E-2,9.979482148808E-1));
#4791=VECTOR('',#4790,9.491676199229E0);
#4792=CARTESIAN_POINT('',(8.004604975725E1,2.214860928535E1,5.401771379262E0));
#4793=LINE('',#4792,#4791);
#4794=DIRECTION('',(-1.021289559349E-9,6.402624786907E-2,-9.979482148808E-1));
#4795=VECTOR('',#4794,9.491676199103E0);
#4796=CARTESIAN_POINT('',(-7.995395023297E1,2.154105956659E1,1.487397269844E1));
#4797=LINE('',#4796,#4795);
#4798=DIRECTION('',(9.999999999995E-1,-1.041839176241E-6,4.234279593618E-13));
#4799=VECTOR('',#4798,1.6E2);
#4800=CARTESIAN_POINT('',(-7.995395023297E1,2.154105956659E1,1.487397269844E1));
#4801=LINE('',#4800,#4799);
#4802=DIRECTION('',(-9.999999999995E-1,1.041839002336E-6,1.183275699645E-13));
#4803=VECTOR('',#4802,1.6E2);
#4804=CARTESIAN_POINT('',(8.004605010421E1,2.185896687455E1,1.504790354072E1));
#4805=LINE('',#4804,#4803);
#4806=DIRECTION('',(-9.999999999995E-1,1.046339867150E-6,-3.309610907554E-9));
#4807=VECTOR('',#4806,1.6E2);
#4808=CARTESIAN_POINT('',(8.004605070920E1,2.246747044525E1,1.460043796756E1));
#4809=LINE('',#4808,#4807);
#4810=DIRECTION('',(9.999999999995E-1,-1.046339967203E-6,3.309730789436E-9));
#4811=VECTOR('',#4810,1.6E2);
#4812=CARTESIAN_POINT('',(-7.995394878419E1,2.294474886296E1,1.486133370140E1));
#4813=LINE('',#4812,#4811);
#4814=DIRECTION('',(-4.076248087636E-9,-6.402624786746E-2,9.979482148809E-1));
#4815=VECTOR('',#4814,4.375087129914E0);
#4816=CARTESIAN_POINT('',(8.004605121573E1,2.294458144857E1,1.486133423095E1));
#4817=LINE('',#4816,#4815);
#4818=DIRECTION('',(-9.999999999994E-1,1.024241374221E-6,3.410813403848E-7));
#4819=VECTOR('',#4818,1.599999999937E2);
#4820=CARTESIAN_POINT('',(8.004605070145E1,2.213347380474E1,1.969440560563E1));
#4821=LINE('',#4820,#4819);
#4822=DIRECTION('',(9.999999999994E-1,-1.024244575554E-6,-3.410804820358E-7));
#4823=VECTOR('',#4822,1.6E2);
#4824=CARTESIAN_POINT('',(-7.995394880202E1,2.266462491468E1,1.922749919508E1));
#4825=LINE('',#4824,#4823);
#4826=DIRECTION('',(-1.032193500536E-6,-9.979482148864E-1,-6.402624777347E-2));
#4827=VECTOR('',#4826,2.000000003275E0);
#4828=CARTESIAN_POINT('',(8.004605070145E1,2.213347380474E1,1.969440560563E1));
#4829=LINE('',#4828,#4827);
#4830=DIRECTION('',(-9.999999999994E-1,1.024249075443E-6,3.410488073729E-7));
#4831=VECTOR('',#4830,1.6E2);
#4832=CARTESIAN_POINT('',(8.004604804721E1,1.967061639055E1,1.903536588110E1));
#4833=LINE('',#4832,#4831);
#4834=DIRECTION('',(9.999999999994E-1,-1.024273607930E-6,-3.410810033522E-7));
#4835=VECTOR('',#4834,1.6E2);
#4836=CARTESIAN_POINT('',(-7.995395136286E1,2.013774125547E1,1.956640768284E1));
#4837=LINE('',#4836,#4835);
#4838=DIRECTION('',(6.629178775513E-9,6.402624782318E-2,-9.979482148838E-1));
#4839=VECTOR('',#4838,1.329154766277E1);
#4840=CARTESIAN_POINT('',(8.004604804721E1,1.967061639055E1,1.903536588110E1));
#4841=LINE('',#4840,#4839);
#4842=DIRECTION('',(-9.999999999994E-1,1.024395247251E-6,3.410855423658E-7));
#4843=VECTOR('',#4842,1.6E2);
#4844=CARTESIAN_POINT('',(8.004604756008E1,2.006857856227E1,5.241190364389E0));
#4845=LINE('',#4844,#4843);
#4846=DIRECTION('',(9.999999999994E-1,-1.024262956628E-6,-3.409495195505E-7));
#4847=VECTOR('',#4846,1.6E2);
#4848=CARTESIAN_POINT('',(-7.995395186459E1,2.052178819723E1,5.771144169926E0));
#4849=LINE('',#4848,#4847);
#4850=CARTESIAN_POINT('',(8.004604756008E1,2.006857856227E1,5.241190364389E0));
#4851=CARTESIAN_POINT('',(-7.995395243984E1,2.006874246551E1,5.241244938075E0));
#4852=VERTEX_POINT('',#4850);
#4853=VERTEX_POINT('',#4851);
#4854=CARTESIAN_POINT('',(8.004605126763E1,2.381930176272E1,1.227463751639E0));
#4855=CARTESIAN_POINT('',(8.004605123027E1,2.353917434409E1,5.593683253212E0));
#4856=VERTEX_POINT('',#4854);
#4857=VERTEX_POINT('',#4855);
#4858=CARTESIAN_POINT('',(8.004605065359E1,2.335234084124E1,6.964765660442E-1));
#4859=VERTEX_POINT('',#4858);
#4860=CARTESIAN_POINT('',(8.004604818030E1,2.052162431330E1,5.771089630519E0));
#4861=VERTEX_POINT('',#4860);
#4862=CARTESIAN_POINT('',(8.004604804721E1,1.967061639055E1,1.903536588110E1));
#4863=VERTEX_POINT('',#4862);
#4864=CARTESIAN_POINT('',(8.004604866127E1,2.013757736910E1,1.956635310991E1));
#4865=VERTEX_POINT('',#4864);
#4866=CARTESIAN_POINT('',(8.004605070145E1,2.213347380474E1,1.969440560563E1));
#4867=VERTEX_POINT('',#4866);
#4868=CARTESIAN_POINT('',(8.004605121573E1,2.294458144857E1,1.486133423095E1));
#4869=CARTESIAN_POINT('',(8.004605119790E1,2.266446103555E1,1.922744462220E1));
#4870=VERTEX_POINT('',#4868);
#4871=VERTEX_POINT('',#4869);
#4872=CARTESIAN_POINT('',(8.004605070920E1,2.246747044525E1,1.460043796756E1));
#4873=CARTESIAN_POINT('',(8.004605010421E1,2.185896687455E1,1.504790354072E1));
#4874=VERTEX_POINT('',#4872);
#4875=VERTEX_POINT('',#4873);
#4876=CARTESIAN_POINT('',(8.004604975725E1,2.214860928535E1,5.401771379262E0));
#4877=CARTESIAN_POINT('',(8.004604976694E1,2.154089287232E1,1.487397269851E1));
#4878=VERTEX_POINT('',#4876);
#4879=VERTEX_POINT('',#4877);
#4880=CARTESIAN_POINT('',(8.004605010439E1,2.248630206814E1,5.269913147737E0));
#4881=VERTEX_POINT('',#4880);
#4882=CARTESIAN_POINT('',(8.004605070859E1,2.303263516991E1,5.791470600517E0));
#4883=VERTEX_POINT('',#4882);
#4884=CARTESIAN_POINT('',(-7.995394929132E1,2.303280251073E1,5.791471217757E0));
#4885=VERTEX_POINT('',#4884);
#4886=CARTESIAN_POINT('',(-7.995394876965E1,2.353934168491E1,5.593683870408E0));
#4887=VERTEX_POINT('',#4886);
#4888=CARTESIAN_POINT('',(-7.995394989531E1,2.248646876239E1,5.269913147722E0));
#4889=VERTEX_POINT('',#4888);
#4890=CARTESIAN_POINT('',(-7.995395024267E1,2.214877597961E1,5.401771379320E0));
#4891=VERTEX_POINT('',#4890);
#4892=CARTESIAN_POINT('',(-7.995395023297E1,2.154105956659E1,1.487397269844E1));
#4893=VERTEX_POINT('',#4892);
#4894=CARTESIAN_POINT('',(-7.995394989571E1,2.185913356879E1,1.504790354074E1));
#4895=CARTESIAN_POINT('',(-7.995394929072E1,2.246763785963E1,1.460043743803E1));
#4896=VERTEX_POINT('',#4894);
#4897=VERTEX_POINT('',#4895);
#4898=CARTESIAN_POINT('',(-7.995394878419E1,2.294474886296E1,1.486133370140E1));
#4899=CARTESIAN_POINT('',(-7.995394880202E1,2.266462491468E1,1.922749919508E1));
#4900=VERTEX_POINT('',#4898);
#4901=VERTEX_POINT('',#4899);
#4902=CARTESIAN_POINT('',(-7.995394929221E1,2.213363768336E1,1.969446017865E1));
#4903=CARTESIAN_POINT('',(-7.995395136286E1,2.013774125547E1,1.956640768284E1));
#4904=VERTEX_POINT('',#4902);
#4905=VERTEX_POINT('',#4903);
#4906=CARTESIAN_POINT('',(-7.995395199803E1,1.967078027078E1,1.903542044613E1));
#4907=VERTEX_POINT('',#4906);
#4908=CARTESIAN_POINT('',(-7.995395186459E1,2.052178819723E1,5.771144169926E0));
#4909=VERTEX_POINT('',#4908);
#4910=CARTESIAN_POINT('',(-7.995394934633E1,2.335250453442E1,
6.965311487326E-1));
#4911=CARTESIAN_POINT('',(-7.995394868694E1,2.381946561305E1,1.227518522687E0));
#4912=VERTEX_POINT('',#4910);
#4913=VERTEX_POINT('',#4911);
#4914=CARTESIAN_POINT('',(8.004603096886E1,4.370541485455E0,
-2.401896892431E-2));
#4915=CARTESIAN_POINT('',(8.004603135445E1,4.901279310420E0,
-4.873045266395E-1));
#4916=VERTEX_POINT('',#4914);
#4917=VERTEX_POINT('',#4915);
#4918=CARTESIAN_POINT('',(-7.995396860068E1,4.901443189547E0,
-4.872499535827E-1));
#4919=VERTEX_POINT('',#4918);
#4920=CARTESIAN_POINT('',(-7.995396903106E1,4.370705364582E0,
-2.396439586752E-2));
#4921=VERTEX_POINT('',#4920);
#4922=CARTESIAN_POINT('',(-7.995396923986E1,4.134307861796E0,3.279539803913E0));
#4923=CARTESIAN_POINT('',(-7.995396859409E1,4.587104197824E0,3.813114470424E0));
#4924=VERTEX_POINT('',#4922);
#4925=VERTEX_POINT('',#4923);
#4926=CARTESIAN_POINT('',(8.004603135919E1,4.586940318697E0,3.813059897367E0));
#4927=VERTEX_POINT('',#4926);
#4928=CARTESIAN_POINT('',(8.004603076006E1,4.134143982669E0,3.279485230856E0));
#4929=VERTEX_POINT('',#4928);
#4930=CARTESIAN_POINT('',(-4.950392004080E1,1.234036023980E1,5.817507947264E0));
#4931=CARTESIAN_POINT('',(-4.540399403324E1,1.234036693260E1,5.817507553617E0));
#4932=VERTEX_POINT('',#4930);
#4933=VERTEX_POINT('',#4931);
#4934=CARTESIAN_POINT('',(4.656454728017E1,1.039113958790E1,3.923262160254E0));
#4935=CARTESIAN_POINT('',(4.852753819549E1,1.039113958790E1,3.923262160254E0));
#4936=VERTEX_POINT('',#4934);
#4937=VERTEX_POINT('',#4935);
#4938=CARTESIAN_POINT('',(4.887394835698E1,1.059072923089E1,3.936067409829E0));
#4939=CARTESIAN_POINT('',(4.985544381462E1,1.228724119621E1,4.044912031207E0));
#4940=VERTEX_POINT('',#4938);
#4941=VERTEX_POINT('',#4939);
#4942=CARTESIAN_POINT('',(4.985544381461E1,1.268642048210E1,4.070522530350E0));
#4943=CARTESIAN_POINT('',(4.887394835702E1,1.438293244733E1,4.179367151723E0));
#4944=VERTEX_POINT('',#4942);
#4945=VERTEX_POINT('',#4943);
#4946=CARTESIAN_POINT('',(4.852753819532E1,1.458252209040E1,4.192172401303E0));
#4947=CARTESIAN_POINT('',(4.656454728034E1,1.458252209040E1,4.192172401303E0));
#4948=VERTEX_POINT('',#4946);
#4949=VERTEX_POINT('',#4947);
#4950=CARTESIAN_POINT('',(4.621813711866E1,1.438293244737E1,4.179367151726E0));
#4951=CARTESIAN_POINT('',(4.523664166109E1,1.268642048216E1,4.070522530354E0));
#4952=VERTEX_POINT('',#4950);
#4953=VERTEX_POINT('',#4951);
#4954=CARTESIAN_POINT('',(4.523664166108E1,1.228724119617E1,4.044912031205E0));
#4955=CARTESIAN_POINT('',(4.621813711872E1,1.059072923084E1,3.936067409825E0));
#4956=VERTEX_POINT('',#4954);
#4957=VERTEX_POINT('',#4955);
#4958=CARTESIAN_POINT('',(4.639604273783E1,1.248683083915E1,4.057717280778E0));
#4959=CARTESIAN_POINT('',(4.869604273783E1,1.248683083915E1,4.057717280778E0));
#4960=VERTEX_POINT('',#4958);
#4961=VERTEX_POINT('',#4959);
#4962=CARTESIAN_POINT('',(4.869602759041E1,1.237373044826E1,5.820562023846E0));
#4963=VERTEX_POINT('',#4962);
#4964=CARTESIAN_POINT('',(4.639605788525E1,1.237373041170E1,5.820562587628E0));
#4965=VERTEX_POINT('',#4964);
#4966=CARTESIAN_POINT('',(4.549607995923E1,1.234036173360E1,5.817484658208E0));
#4967=CARTESIAN_POINT('',(4.959600596677E1,1.234036842711E1,5.817484264627E0));
#4968=VERTEX_POINT('',#4966);
#4969=VERTEX_POINT('',#4967);
#4970=VERTEX_POINT('',#3069);
#4971=VERTEX_POINT('',#3080);
#4972=CARTESIAN_POINT('',(-4.860395726217E1,1.248683083940E1,4.057717280800E0));
#4973=VERTEX_POINT('',#4972);
#4974=CARTESIAN_POINT('',(-4.630395726217E1,1.248683083915E1,4.057717280784E0));
#4975=VERTEX_POINT('',#4974);
#4976=CARTESIAN_POINT('',(-4.612605164302E1,1.059072923089E1,3.936067409835E0));
#4977=CARTESIAN_POINT('',(-4.514455618538E1,1.228724119621E1,4.044912031213E0));
#4978=VERTEX_POINT('',#4976);
#4979=VERTEX_POINT('',#4977);
#4980=CARTESIAN_POINT('',(-4.514455618539E1,1.268642048210E1,4.070522530357E0));
#4981=CARTESIAN_POINT('',(-4.612605164298E1,1.438293244733E1,4.179367151730E0));
#4982=VERTEX_POINT('',#4980);
#4983=VERTEX_POINT('',#4981);
#4984=CARTESIAN_POINT('',(-4.647246180468E1,1.458252209040E1,4.192172401309E0));
#4985=CARTESIAN_POINT('',(-4.843545271967E1,1.458252209040E1,4.192172401309E0));
#4986=VERTEX_POINT('',#4984);
#4987=VERTEX_POINT('',#4985);
#4988=CARTESIAN_POINT('',(-4.878186288134E1,1.438293244737E1,4.179367151732E0));
#4989=CARTESIAN_POINT('',(-4.976335833891E1,1.268642048216E1,4.070522530361E0));
#4990=VERTEX_POINT('',#4988);
#4991=VERTEX_POINT('',#4989);
#4992=CARTESIAN_POINT('',(-4.976335833891E1,1.228724119615E1,4.044912031209E0));
#4993=CARTESIAN_POINT('',(-4.878186288129E1,1.059072923085E1,3.936067409833E0));
#4994=VERTEX_POINT('',#4992);
#4995=VERTEX_POINT('',#4993);
#4996=CARTESIAN_POINT('',(-4.843545271982E1,1.039113958790E1,3.923262160260E0));
#4997=CARTESIAN_POINT('',(-4.647246180452E1,1.039113958790E1,3.923262160260E0));
#4998=VERTEX_POINT('',#4996);
#4999=VERTEX_POINT('',#4997);
#5000=VERTEX_POINT('',#3313);
#5001=VERTEX_POINT('',#3318);
#5002=CARTESIAN_POINT('',(-9.419832542911E0,1.479304552394E1,
5.481773205648E-1));
#5003=VERTEX_POINT('',#5002);
#5004=VERTEX_POINT('',#3327);
#5005=CARTESIAN_POINT('',(-1.059232460075E1,1.498280608850E1,
5.603522801130E-1));
#5006=VERTEX_POINT('',#5005);
#5007=VERTEX_POINT('',#3336);
#5008=CARTESIAN_POINT('',(-1.078113284519E1,1.336805705067E1,
4.567534473127E-1));
#5009=VERTEX_POINT('',#5008);
#5010=VERTEX_POINT('',#3348);
#5011=CARTESIAN_POINT('',(-1.146452428254E1,1.478638173196E1,
5.477503488016E-1));
#5012=VERTEX_POINT('',#5011);
#5013=VERTEX_POINT('',#3357);
#5014=CARTESIAN_POINT('',(-1.263703719236E1,1.497614232650E1,
5.599253102784E-1));
#5015=VERTEX_POINT('',#5014);
#5016=VERTEX_POINT('',#3267);
#5017=CARTESIAN_POINT('',(-1.282339462968E1,1.261299875760E1,
4.083110657472E-1));
#5018=VERTEX_POINT('',#5017);
#5019=VERTEX_POINT('',#3274);
#5020=CARTESIAN_POINT('',(-1.183874811880E1,1.190154896500E1,
3.626656798725E-1));
#5021=VERTEX_POINT('',#5020);
#5022=CARTESIAN_POINT('',(-1.179852393588E1,1.183258608633E1,
3.582411562838E-1));
#5023=VERTEX_POINT('',#5022);
#5024=CARTESIAN_POINT('',(-1.179656856903E1,1.123549336441E1,
3.199329489221E-1));
#5025=VERTEX_POINT('',#5024);
#5026=VERTEX_POINT('',#3292);
#5027=CARTESIAN_POINT('',(-1.062405572630E1,1.104575360816E1,
3.077593243853E-1));
#5028=VERTEX_POINT('',#5027);
#5029=VERTEX_POINT('',#3302);
#5030=CARTESIAN_POINT('',(-1.043256066931E1,1.183687780486E1,
3.585161277295E-1));
#5031=VERTEX_POINT('',#5030);
#5032=CARTESIAN_POINT('',(-1.039280301033E1,1.190609327348E1,
3.629568349311E-1));
#5033=VERTEX_POINT('',#5032);
#5034=VERTEX_POINT('',#3567);
#5035=VERTEX_POINT('',#3574);
#5036=CARTESIAN_POINT('',(-7.362692575583E0,1.228745793334E1,
3.874235509307E-1));
#5037=VERTEX_POINT('',#5036);
#5038=VERTEX_POINT('',#3586);
#5039=CARTESIAN_POINT('',(-6.680555500477E0,1.125216655396E1,
3.210012567294E-1));
#5040=VERTEX_POINT('',#5039);
#5041=VERTEX_POINT('',#3595);
#5042=CARTESIAN_POINT('',(-5.508053100622E0,1.106242676996E1,
3.088276304152E-1));
#5043=VERTEX_POINT('',#5042);
#5044=VERTEX_POINT('',#3604);
#5045=CARTESIAN_POINT('',(-5.326228169078E0,1.480642824877E1,
5.490348006505E-1));
#5046=VERTEX_POINT('',#5045);
#5047=VERTEX_POINT('',#3613);
#5048=CARTESIAN_POINT('',(-6.498741011033E0,1.499616800114E1,
5.612084249380E-1));
#5049=VERTEX_POINT('',#5048);
#5050=VERTEX_POINT('',#3526);
#5051=CARTESIAN_POINT('',(-6.688793282360E0,1.376447314128E1,
4.821855387871E-1));
#5052=VERTEX_POINT('',#5051);
#5053=VERTEX_POINT('',#3538);
#5054=CARTESIAN_POINT('',(-7.370940805403E0,1.479976448496E1,
5.486078307006E-1));
#5055=VERTEX_POINT('',#5054);
#5056=VERTEX_POINT('',#3547);
#5057=CARTESIAN_POINT('',(-8.543432757119E0,1.498950430708E1,
5.607814594569E-1));
#5058=VERTEX_POINT('',#5057);
#5059=VERTEX_POINT('',#3556);
#5060=CARTESIAN_POINT('',(-8.725268136913E0,1.124550279392E1,
3.205742870206E-1));
#5061=VERTEX_POINT('',#5060);
#5062=VERTEX_POINT('',#3565);
#5063=CARTESIAN_POINT('',(-1.414413046288E0,1.107575701104E1,
3.096817432452E-1));
#5064=CARTESIAN_POINT('',(-2.392187650041E0,1.107257042272E1,
3.094775677233E-1));
#5065=VERTEX_POINT('',#5063);
#5066=VERTEX_POINT('',#5064);
#5067=VERTEX_POINT('',#3794);
#5068=CARTESIAN_POINT('',(-1.230805519526E0,1.427706842788E1,
5.150710658254E-1));
#5069=VERTEX_POINT('',#5068);
#5070=VERTEX_POINT('',#3801);
#5071=CARTESIAN_POINT('',(-2.135230379883E0,1.494266841750E1,
5.577748031741E-1));
#5072=VERTEX_POINT('',#5071);
#5073=VERTEX_POINT('',#3813);
#5074=CARTESIAN_POINT('',(-3.482842196E0,1.500744870217E1,5.619313403869E-1));
#5075=VERTEX_POINT('',#5074);
#5076=VERTEX_POINT('',#3741);
#5077=CARTESIAN_POINT('',(-4.512808184978E0,1.448993232967E1,
5.287288675432E-1));
#5078=VERTEX_POINT('',#5077);
#5079=VERTEX_POINT('',#3752);
#5080=CARTESIAN_POINT('',(-4.636144775282E0,1.263968526767E1,
4.100209613109E-1));
#5081=VERTEX_POINT('',#5080);
#5082=VERTEX_POINT('',#3759);
#5083=CARTESIAN_POINT('',(-3.731696950608E0,1.197409809355E1,
3.673180461709E-1));
#5084=VERTEX_POINT('',#5083);
#5085=VERTEX_POINT('',#3771);
#5086=CARTESIAN_POINT('',(-2.668975576695E0,1.190843961482E1,
3.631052443337E-1));
#5087=VERTEX_POINT('',#5086);
#5088=CARTESIAN_POINT('',(-2.588755762956E0,1.182891800276E1,
3.580032837180E-1));
#5089=VERTEX_POINT('',#5088);
#5090=CARTESIAN_POINT('',(-2.586910696591E0,1.126550685932E1,
3.218560152611E-1));
#5091=VERTEX_POINT('',#5090);
#5092=VERTEX_POINT('',#3815);
#5093=VERTEX_POINT('',#3824);
#5094=CARTESIAN_POINT('',(-2.555962270789E0,1.348540829356E1,
6.345778859349E-2));
#5095=VERTEX_POINT('',#5094);
#5096=CARTESIAN_POINT('',(-3.310761660678E0,1.348403693589E1,
6.337001303253E-2));
#5097=VERTEX_POINT('',#5096);
#5098=CARTESIAN_POINT('',(1.620131486693E0,1.261545020163E1,4.084643679243E-1));
#5099=CARTESIAN_POINT('',(1.034630824095E0,1.294855472361E1,4.298358111221E-1));
#5100=VERTEX_POINT('',#5098);
#5101=VERTEX_POINT('',#5099);
#5102=VERTEX_POINT('',#3982);
#5103=CARTESIAN_POINT('',(1.617253754867E0,1.349426650086E1,4.648473647146E-1));
#5104=VERTEX_POINT('',#5103);
#5105=VERTEX_POINT('',#3993);
#5106=CARTESIAN_POINT('',(1.734250910807E0,1.471783201467E1,5.433487093257E-1));
#5107=VERTEX_POINT('',#5106);
#5108=VERTEX_POINT('',#4001);
#5109=CARTESIAN_POINT('',(-4.255555446411E-1,1.377795647070E1,
4.830488760026E-1));
#5110=VERTEX_POINT('',#5109);
#5111=VERTEX_POINT('',#3944);
#5112=CARTESIAN_POINT('',(-5.420746560886E-1,1.252640679567E1,
4.027521266333E-1));
#5113=VERTEX_POINT('',#5112);
#5114=VERTEX_POINT('',#3951);
#5115=CARTESIAN_POINT('',(1.474265557733E0,1.123552746438E1,3.199314823367E-1));
#5116=VERTEX_POINT('',#5115);
#5117=VERTEX_POINT('',#3963);
#5118=CARTESIAN_POINT('',(1.741817556642E0,1.240727372123E1,3.951081715054E-1));
#5119=VERTEX_POINT('',#5118);
#5120=VERTEX_POINT('',#4201);
#5121=VERTEX_POINT('',#4206);
#5122=CARTESIAN_POINT('',(5.827546158296E0,1.484116911790E1,5.512606299790E-1));
#5123=VERTEX_POINT('',#5122);
#5124=VERTEX_POINT('',#4215);
#5125=CARTESIAN_POINT('',(4.655048517090E0,1.503091428237E1,5.634346014908E-1));
#5126=VERTEX_POINT('',#5125);
#5127=VERTEX_POINT('',#4138);
#5128=CARTESIAN_POINT('',(4.468985347099E0,1.257946218155E1,4.061546681486E-1));
#5129=VERTEX_POINT('',#5128);
#5130=VERTEX_POINT('',#4150);
#5131=CARTESIAN_POINT('',(3.782849874567E0,1.483450541158E1,5.508336637127E-1));
#5132=VERTEX_POINT('',#5131);
#5133=VERTEX_POINT('',#4159);
#5134=CARTESIAN_POINT('',(2.610336433931E0,1.502425052203E1,5.630076317635E-1));
#5135=VERTEX_POINT('',#5134);
#5136=VERTEX_POINT('',#4168);
#5137=CARTESIAN_POINT('',(2.426724171525E0,1.182438831428E1,3.577112873763E-1));
#5138=VERTEX_POINT('',#5137);
#5139=VERTEX_POINT('',#4175);
#5140=CARTESIAN_POINT('',(3.331160607273E0,1.115878104445E1,3.150070829411E-1));
#5141=VERTEX_POINT('',#5140);
#5142=VERTEX_POINT('',#4187);
#5143=CARTESIAN_POINT('',(4.678776438657E0,1.109407110357E1,3.108550588363E-1));
#5144=VERTEX_POINT('',#5143);
#5145=VERTEX_POINT('',#4195);
#5146=VERTEX_POINT('',#4378);
#5147=VERTEX_POINT('',#4386);
#5148=CARTESIAN_POINT('',(7.680682870618E0,1.484722575760E1,5.516487008832E-1));
#5149=VERTEX_POINT('',#5148);
#5150=VERTEX_POINT('',#4395);
#5151=CARTESIAN_POINT('',(6.703988104501E0,1.503762451834E1,5.638645518331E-1));
#5152=VERTEX_POINT('',#5151);
#5153=VERTEX_POINT('',#4404);
#5154=CARTESIAN_POINT('',(6.522163380413E0,1.129356065993E1,3.236533794543E-1));
#5155=VERTEX_POINT('',#5154);
#5156=VERTEX_POINT('',#4413);
#5157=CARTESIAN_POINT('',(7.897143253329E0,1.110448061234E1,3.115220246778E-1));
#5158=VERTEX_POINT('',#5157);
#5159=VERTEX_POINT('',#4422);
#5160=CARTESIAN_POINT('',(8.396708924443E0,1.258334625013E1,4.064027802076E-1));
#5161=VERTEX_POINT('',#5160);
#5162=VERTEX_POINT('',#4437);
#5163=CARTESIAN_POINT('',(8.745893637483E0,1.130080770126E1,3.241177219606E-1));
#5164=VERTEX_POINT('',#5163);
#5165=VERTEX_POINT('',#4446);
#5166=CARTESIAN_POINT('',(9.722588548148E0,1.111043019108E1,3.119032344033E-1));
#5167=VERTEX_POINT('',#5166);
#5168=VERTEX_POINT('',#4455);
#5169=CARTESIAN_POINT('',(9.904413127033E0,1.485447293902E1,5.521130523785E-1));
#5170=VERTEX_POINT('',#5169);
#5171=VERTEX_POINT('',#4464);
#5172=CARTESIAN_POINT('',(8.529420031107E0,1.504357363998E1,5.642457322346E-1));
#5173=VERTEX_POINT('',#5172);
#5174=VERTEX_POINT('',#4376);
#5175=CARTESIAN_POINT('',(1.087057307724E1,1.126155051245E1,3.215984786445E-1));
#5176=CARTESIAN_POINT('',(1.275848145453E1,1.235680305251E1,3.918670464519E-1));
#5177=VERTEX_POINT('',#5175);
#5178=VERTEX_POINT('',#5176);
#5179=VERTEX_POINT('',#4605);
#5180=CARTESIAN_POINT('',(1.287500056075E1,1.360835272589E1,4.721637957159E-1));
#5181=VERTEX_POINT('',#5180);
#5182=VERTEX_POINT('',#4612);
#5183=CARTESIAN_POINT('',(1.085866035297E1,1.489923205216E1,5.549844396898E-1));
#5184=VERTEX_POINT('',#5183);
#5185=VERTEX_POINT('',#4556);
#5186=CARTESIAN_POINT('',(1.059110834804E1,1.372748579825E1,4.798077507104E-1));
#5187=VERTEX_POINT('',#5186);
#5188=VERTEX_POINT('',#4563);
#5189=CARTESIAN_POINT('',(1.129829508195E1,1.318620479489E1,4.450801110308E-1));
#5190=VERTEX_POINT('',#5189);
#5191=VERTEX_POINT('',#4575);
#5192=CARTESIAN_POINT('',(1.071567215064E1,1.264049301962E1,4.100685575646E-1));
#5193=VERTEX_POINT('',#5192);
#5194=VERTEX_POINT('',#4586);
#5195=CARTESIAN_POINT('',(1.059867499369E1,1.141692750568E1,3.315672129457E-1));
#5196=VERTEX_POINT('',#5195);
#5197=CARTESIAN_POINT('',(-4.540399434847E1,1.245828690493E1,4.539196797717E0));
#5198=CARTESIAN_POINT('',(-4.950392035603E1,1.245828024211E1,4.539197194129E0));
#5199=VERTEX_POINT('',#5197);
#5200=VERTEX_POINT('',#5198);
#5201=CARTESIAN_POINT('',(4.959600565154E1,1.245828839945E1,4.539173508734E0));
#5202=CARTESIAN_POINT('',(4.549607964400E1,1.245828173592E1,4.539173905080E0));
#5203=VERTEX_POINT('',#5201);
#5204=VERTEX_POINT('',#5202);
#5205=CARTESIAN_POINT('',(4.621813711870E1,1.085003634793E1,
-1.056355352715E-1));
#5206=CARTESIAN_POINT('',(4.523664166108E1,1.254654829596E1,3.209355270537E-3));
#5207=VERTEX_POINT('',#5205);
#5208=VERTEX_POINT('',#5206);
#5209=CARTESIAN_POINT('',(4.523664166107E1,1.294572758192E1,2.881985441820E-2));
#5210=CARTESIAN_POINT('',(4.621813711869E1,1.464223956448E1,1.376642066302E-1));
#5211=VERTEX_POINT('',#5209);
#5212=VERTEX_POINT('',#5210);
#5213=CARTESIAN_POINT('',(4.656454728021E1,1.484182921008E1,1.504694152192E-1));
#5214=VERTEX_POINT('',#5213);
#5215=CARTESIAN_POINT('',(4.852753819545E1,1.484182924809E1,1.504688228754E-1));
#5216=VERTEX_POINT('',#5215);
#5217=CARTESIAN_POINT('',(4.887394835696E1,1.464223960857E1,1.376635192867E-1));
#5218=VERTEX_POINT('',#5217);
#5219=CARTESIAN_POINT('',(4.985544381459E1,1.294572766318E1,2.881858776053E-2));
#5220=VERTEX_POINT('',#5219);
#5221=CARTESIAN_POINT('',(4.985544381459E1,1.254654837723E1,3.208088613015E-3));
#5222=CARTESIAN_POINT('',(4.887394835696E1,1.085003639466E1,
-1.056362635997E-1));
#5223=VERTEX_POINT('',#5221);
#5224=VERTEX_POINT('',#5222);
#5225=CARTESIAN_POINT('',(4.852753819545E1,1.065044674905E1,
-1.184414721888E-1));
#5226=VERTEX_POINT('',#5225);
#5227=CARTESIAN_POINT('',(4.656454728021E1,1.065044671105E1,
-1.184408798446E-1));
#5228=VERTEX_POINT('',#5227);
#5229=CARTESIAN_POINT('',(-4.976335833893E1,1.294572591043E1,
2.884590716183E-2));
#5230=CARTESIAN_POINT('',(-4.878186288131E1,1.464223789299E1,
1.376902593739E-1));
#5231=VERTEX_POINT('',#5229);
#5232=VERTEX_POINT('',#5230);
#5233=CARTESIAN_POINT('',(-4.843545271979E1,1.484182753859E1,
1.504954679628E-1));
#5234=VERTEX_POINT('',#5233);
#5235=CARTESIAN_POINT('',(-4.647246180455E1,1.484182757660E1,
1.504948756190E-1));
#5236=VERTEX_POINT('',#5235);
#5237=CARTESIAN_POINT('',(-4.612605164304E1,1.464223793708E1,
1.376895720303E-1));
#5238=VERTEX_POINT('',#5237);
#5239=CARTESIAN_POINT('',(-4.514455618541E1,1.294572599169E1,
2.884464050413E-2));
#5240=VERTEX_POINT('',#5239);
#5241=CARTESIAN_POINT('',(-4.514455618541E1,1.254654670574E1,
3.234141356640E-3));
#5242=CARTESIAN_POINT('',(-4.612605164304E1,1.085003472317E1,
-1.056102108561E-1));
#5243=VERTEX_POINT('',#5241);
#5244=VERTEX_POINT('',#5242);
#5245=CARTESIAN_POINT('',(-4.647246180455E1,1.065044507757E1,
-1.184154194451E-1));
#5246=VERTEX_POINT('',#5245);
#5247=CARTESIAN_POINT('',(-4.843545271979E1,1.065044503956E1,
-1.184148271010E-1));
#5248=VERTEX_POINT('',#5247);
#5249=CARTESIAN_POINT('',(-4.878186288130E1,1.085003467907E1,
-1.056095235127E-1));
#5250=VERTEX_POINT('',#5249);
#5251=CARTESIAN_POINT('',(-4.976335833892E1,1.254654662447E1,
3.235408014180E-3));
#5252=VERTEX_POINT('',#5251);
#5253=VERTEX_POINT('',#2324);
#5254=VERTEX_POINT('',#2329);
#5255=CARTESIAN_POINT('',(-1.039281440157E1,1.193169722502E1,
-3.622287110026E-2));
#5256=VERTEX_POINT('',#5255);
#5257=CARTESIAN_POINT('',(-1.043256074865E1,1.186247879036E1,
-4.066376859979E-2));
#5258=VERTEX_POINT('',#5257);
#5259=CARTESIAN_POINT('',(-1.043060593895E1,1.126555637734E1,
-7.896104930236E-2));
#5260=VERTEX_POINT('',#5259);
#5261=VERTEX_POINT('',#2348);
#5262=CARTESIAN_POINT('',(-1.160185023838E1,1.106817745447E1,
-9.162414122435E-2));
#5263=VERTEX_POINT('',#5262);
#5264=VERTEX_POINT('',#2357);
#5265=CARTESIAN_POINT('',(-1.179852401411E1,1.185818699720E1,
-4.093874483377E-2));
#5266=VERTEX_POINT('',#5265);
#5267=CARTESIAN_POINT('',(-1.183873687597E1,1.192715297742E1,
-3.651402225921E-2));
#5268=VERTEX_POINT('',#5267);
#5269=CARTESIAN_POINT('',(-1.269325549909E1,1.241550023508E1,
-5.182459234766E-3));
#5270=VERTEX_POINT('',#5269);
#5271=VERTEX_POINT('',#2373);
#5272=CARTESIAN_POINT('',(-1.283049758047E1,1.480753964304E1,
1.482857703557E-1));
#5273=VERTEX_POINT('',#5272);
#5274=VERTEX_POINT('',#2383);
#5275=CARTESIAN_POINT('',(-1.165924210630E1,1.500493945475E1,
1.609502024583E-1));
#5276=VERTEX_POINT('',#5275);
#5277=VERTEX_POINT('',#2392);
#5278=CARTESIAN_POINT('',(-1.145987174058E1,1.339145575445E1,
5.743244414676E-2));
#5279=VERTEX_POINT('',#5278);
#5280=VERTEX_POINT('',#2404);
#5281=CARTESIAN_POINT('',(-1.078578474368E1,1.481420421735E1,
1.487127923062E-1));
#5282=VERTEX_POINT('',#5281);
#5283=VERTEX_POINT('',#2413);
#5284=CARTESIAN_POINT('',(-9.614550365834E0,1.501160314881E1,
1.613771679391E-1));
#5285=VERTEX_POINT('',#5284);
#5286=VERTEX_POINT('',#2422);
#5287=VERTEX_POINT('',#2424);
#5288=VERTEX_POINT('',#2431);
#5289=CARTESIAN_POINT('',(-8.530540153111E0,1.107818694631E1,
-9.098279912846E-2));
#5290=VERTEX_POINT('',#5289);
#5291=VERTEX_POINT('',#2440);
#5292=CARTESIAN_POINT('',(-8.736893000980E0,1.482092330011E1,
1.491433102527E-1));
#5293=VERTEX_POINT('',#5292);
#5294=VERTEX_POINT('',#2449);
#5295=CARTESIAN_POINT('',(-7.565658560779E0,1.501830136703E1,
1.618063472609E-1));
#5296=VERTEX_POINT('',#5295);
#5297=VERTEX_POINT('',#2458);
#5298=CARTESIAN_POINT('',(-7.367542649517E0,1.378787187350E1,
8.286453744936E-2));
#5299=VERTEX_POINT('',#5298);
#5300=VERTEX_POINT('',#2470);
#5301=CARTESIAN_POINT('',(-6.692190824489E0,1.482758699538E1,
1.495702758086E-1));
#5302=VERTEX_POINT('',#5301);
#5303=VERTEX_POINT('',#2479);
#5304=CARTESIAN_POINT('',(-5.520945924345E0,1.502496512917E1,
1.622333171041E-1));
#5305=VERTEX_POINT('',#5304);
#5306=VERTEX_POINT('',#2488);
#5307=CARTESIAN_POINT('',(-5.314603525744E0,1.128222874093E1,
-7.789279448372E-2));
#5308=VERTEX_POINT('',#5307);
#5309=VERTEX_POINT('',#2497);
#5310=CARTESIAN_POINT('',(-6.485827516682E0,1.108485070846E1,
-9.055582928453E-2));
#5311=VERTEX_POINT('',#5310);
#5312=VERTEX_POINT('',#2506);
#5313=CARTESIAN_POINT('',(-6.683953875516E0,1.231528016848E1,
-1.161402162007E-2));
#5314=VERTEX_POINT('',#5313);
#5315=VERTEX_POINT('',#2518);
#5316=CARTESIAN_POINT('',(-2.392186958618E0,1.109818092448E1,
-8.970171806245E-2));
#5317=CARTESIAN_POINT('',(-1.414413161528E0,1.110136751017E1,
-8.949754270889E-2));
#5318=VERTEX_POINT('',#5316);
#5319=VERTEX_POINT('',#5317);
#5320=VERTEX_POINT('',#2527);
#5321=CARTESIAN_POINT('',(-2.588755781397E0,1.185450132792E1,
-4.117774566121E-2));
#5322=VERTEX_POINT('',#5321);
#5323=CARTESIAN_POINT('',(-2.668990605913E0,1.193405006960E1,
-3.607404446205E-2));
#5324=VERTEX_POINT('',#5323);
#5325=CARTESIAN_POINT('',(-3.472684925087E0,1.193143080839E1,
-3.624186941199E-2));
#5326=VERTEX_POINT('',#5325);
#5327=VERTEX_POINT('',#2540);
#5328=CARTESIAN_POINT('',(-4.506012613247E0,1.244221944281E1,
-3.470465856328E-3));
#5329=VERTEX_POINT('',#5328);
#5330=VERTEX_POINT('',#2551);
#5331=CARTESIAN_POINT('',(-4.641470578898E0,1.429155473719E1,
1.151790145575E-1));
#5332=VERTEX_POINT('',#5331);
#5333=VERTEX_POINT('',#2558);
#5334=CARTESIAN_POINT('',(-3.741401382384E0,1.496303163396E1,
1.582593049446E-1));
#5335=VERTEX_POINT('',#5334);
#5336=VERTEX_POINT('',#2570);
#5337=CARTESIAN_POINT('',(-2.394249875157E0,1.503660694359E1,
1.629793703147E-1));
#5338=VERTEX_POINT('',#5337);
#5339=VERTEX_POINT('',#2578);
#5340=CARTESIAN_POINT('',(-1.363347055713E0,1.452763273579E1,
1.303243772024E-1));
#5341=VERTEX_POINT('',#5340);
#5342=VERTEX_POINT('',#2589);
#5343=CARTESIAN_POINT('',(-1.220958101034E0,1.129556436243E1,
-7.703833645871E-2));
#5344=VERTEX_POINT('',#5343);
#5345=CARTESIAN_POINT('',(1.034624439707E0,1.297416879219E1,3.065675417812E-2));
#5346=CARTESIAN_POINT('',(1.620114166706E0,1.264107049256E1,9.285710196525E-3));
#5347=VERTEX_POINT('',#5345);
#5348=VERTEX_POINT('',#5346);
#5349=VERTEX_POINT('',#2609);
#5350=CARTESIAN_POINT('',(1.745140012092E0,1.141828388899E1,
-6.916572782502E-2));
#5351=VERTEX_POINT('',#5350);
#5352=VERTEX_POINT('',#2617);
#5353=CARTESIAN_POINT('',(-4.207753174157E-1,1.234406266559E1,
-9.769122130354E-3));
#5354=VERTEX_POINT('',#5353);
#5355=VERTEX_POINT('',#2628);
#5356=CARTESIAN_POINT('',(-5.454886825215E-1,1.359482488668E1,
7.047717228671E-2));
#5357=VERTEX_POINT('',#5356);
#5358=VERTEX_POINT('',#2635);
#5359=CARTESIAN_POINT('',(1.462352729761E0,1.489881947564E1,1.541381556587E-1));
#5360=VERTEX_POINT('',#5359);
#5361=VERTEX_POINT('',#2647);
#5362=CARTESIAN_POINT('',(1.737572340521E0,1.372884236161E1,7.907482149147E-2));
#5363=VERTEX_POINT('',#5362);
#5364=VERTEX_POINT('',#2654);
#5365=CARTESIAN_POINT('',(1.033832062336E0,1.318284900529E1,4.404523573269E-2));
#5366=VERTEX_POINT('',#5365);
#5367=VERTEX_POINT('',#2668);
#5368=VERTEX_POINT('',#2673);
#5369=CARTESIAN_POINT('',(4.940808968209E0,1.119162071796E1,
-8.370883771262E-2));
#5370=VERTEX_POINT('',#5369);
#5371=VERTEX_POINT('',#2685);
#5372=CARTESIAN_POINT('',(3.590183894950E0,1.111613386152E1,
-8.855154292840E-2));
#5373=VERTEX_POINT('',#5372);
#5374=VERTEX_POINT('',#2693);
#5375=CARTESIAN_POINT('',(2.560349153870E0,1.162496933672E1,
-5.590545090057E-2));
#5376=VERTEX_POINT('',#5375);
#5377=VERTEX_POINT('',#2704);
#5378=CARTESIAN_POINT('',(2.416881279368E0,1.485566416914E1,1.513691395744E-1));
#5379=VERTEX_POINT('',#5378);
#5380=VERTEX_POINT('',#2713);
#5381=CARTESIAN_POINT('',(3.588126726510E0,1.505304763444E1,1.640325229282E-1));
#5382=VERTEX_POINT('',#5381);
#5383=VERTEX_POINT('',#2722);
#5384=CARTESIAN_POINT('',(3.790242538831E0,1.260286079376E1,6.833659110046E-3));
#5385=VERTEX_POINT('',#5384);
#5386=VERTEX_POINT('',#2734);
#5387=CARTESIAN_POINT('',(4.461593355659E0,1.486232792382E1,1.517961089391E-1));
#5388=VERTEX_POINT('',#5387);
#5389=VERTEX_POINT('',#2743);
#5390=CARTESIAN_POINT('',(5.632823010612E0,1.505971134329E1,1.644594893569E-1));
#5391=VERTEX_POINT('',#5390);
#5392=VERTEX_POINT('',#2752);
#5393=VERTEX_POINT('',#2754);
#5394=VERTEX_POINT('',#2762);
#5395=CARTESIAN_POINT('',(8.275479601586E0,1.485618050014E1,1.514006530081E-1));
#5396=VERTEX_POINT('',#5395);
#5397=VERTEX_POINT('',#2771);
#5398=CARTESIAN_POINT('',(9.709695304326E0,1.507303065544E1,1.653129056271E-1));
#5399=VERTEX_POINT('',#5398);
#5400=VERTEX_POINT('',#2780);
#5401=CARTESIAN_POINT('',(9.916037906869E0,1.133023174888E1,
-7.481721700342E-2));
#5402=VERTEX_POINT('',#5401);
#5403=VERTEX_POINT('',#2789);
#5404=CARTESIAN_POINT('',(8.940621622701E0,1.113349185684E1,
-8.743936398289E-2));
#5405=VERTEX_POINT('',#5404);
#5406=VERTEX_POINT('',#2798);
#5407=CARTESIAN_POINT('',(8.741809306023E0,1.257361053806E1,4.955661033343E-3));
#5408=VERTEX_POINT('',#5407);
#5409=VERTEX_POINT('',#2809);
#5410=CARTESIAN_POINT('',(8.150397121685E0,1.133915460348E1,
-7.424425931362E-2));
#5411=VERTEX_POINT('',#5410);
#5412=VERTEX_POINT('',#2822);
#5413=CARTESIAN_POINT('',(6.716880915863E0,1.112624506293E1,
-8.790369061297E-2));
#5414=VERTEX_POINT('',#5413);
#5415=VERTEX_POINT('',#2831);
#5416=CARTESIAN_POINT('',(6.510538383475E0,1.486902270545E1,1.522250677618E-1));
#5417=VERTEX_POINT('',#5416);
#5418=VERTEX_POINT('',#2840);
#5419=CARTESIAN_POINT('',(7.485954596684E0,1.506578343699E1,1.648485517595E-1));
#5420=VERTEX_POINT('',#5419);
#5421=VERTEX_POINT('',#2849);
#5422=CARTESIAN_POINT('',(1.275848134003E1,1.238241354900E1,
-7.312239670761E-3));
#5423=CARTESIAN_POINT('',(1.087057319772E1,1.128716114526E1,
-7.758079873227E-2));
#5424=VERTEX_POINT('',#5422);
#5425=VERTEX_POINT('',#5423);
#5426=VERTEX_POINT('',#2861);
#5427=CARTESIAN_POINT('',(1.059535334431E1,1.245713815676E1,
-2.517471142694E-3));
#5428=VERTEX_POINT('',#5427);
#5429=VERTEX_POINT('',#2868);
#5430=CARTESIAN_POINT('',(1.129909362303E1,1.300313151331E1,3.251211463104E-2));
#5431=VERTEX_POINT('',#5430);
#5432=VERTEX_POINT('',#2880);
#5433=CARTESIAN_POINT('',(1.071280549698E1,1.354491465257E1,6.727193699654E-2));
#5434=VERTEX_POINT('',#5433);
#5435=VERTEX_POINT('',#2891);
#5436=CARTESIAN_POINT('',(1.058778567266E1,1.476769662941E1,1.457230781754E-1));
#5437=VERTEX_POINT('',#5436);
#5438=VERTEX_POINT('',#2899);
#5439=CARTESIAN_POINT('',(1.275370100312E1,1.384191785212E1,8.632647243678E-2));
#5440=VERTEX_POINT('',#5439);
#5441=VERTEX_POINT('',#2910);
#5442=CARTESIAN_POINT('',(1.287841436716E1,1.259115563174E1,6.080178064917E-3));
#5443=VERTEX_POINT('',#5442);
#5444=CARTESIAN_POINT('',(-4.745395733237E1,1.245101413893E1,4.622620042250E0));
#5445=DIRECTION('',(-2.455559111721E-7,9.185673000573E-2,-9.957722335718E-1));
#5446=DIRECTION('',(-9.999999168155E-1,-4.061814828228E-4,-3.722231398023E-5));
#5447=AXIS2_PLACEMENT_3D('',#5444,#5445,#5446);
#5448=CYLINDRICAL_SURFACE('',#5447,2.049963047687E0);
#5450=ORIENTED_EDGE('',*,*,#5449,.F.);
#5452=ORIENTED_EDGE('',*,*,#5451,.F.);
#5454=ORIENTED_EDGE('',*,*,#5453,.F.);
#5456=ORIENTED_EDGE('',*,*,#5455,.T.);
#5457=EDGE_LOOP('',(#5450,#5452,#5454,#5456));
#5458=FACE_OUTER_BOUND('',#5457,.F.);
#5459=ADVANCED_FACE('',(#5458),#5448,.T.);
#5460=CARTESIAN_POINT('',(1.534982544262E2,1.056276008267E1,4.364291602264E0));
#5461=DIRECTION('',(2.455558371238E-7,-9.185673000587E-2,9.957722335718E-1));
#5462=DIRECTION('',(1.051244917714E-6,9.957722335713E-1,9.185673000556E-2));
#5463=AXIS2_PLACEMENT_3D('',#5460,#5461,#5462);
#5464=PLANE('',#5463);
#5466=ORIENTED_EDGE('',*,*,#5465,.F.);
#5468=ORIENTED_EDGE('',*,*,#5467,.T.);
#5470=ORIENTED_EDGE('',*,*,#5469,.F.);
#5472=ORIENTED_EDGE('',*,*,#5471,.T.);
#5473=EDGE_LOOP('',(#5466,#5468,#5470,#5472));
#5474=FACE_OUTER_BOUND('',#5473,.F.);
#5476=ORIENTED_EDGE('',*,*,#5475,.T.);
#5477=ORIENTED_EDGE('',*,*,#5449,.T.);
#5478=EDGE_LOOP('',(#5476,#5477));
#5479=FACE_BOUND('',#5478,.F.);
#5481=ORIENTED_EDGE('',*,*,#5480,.T.);
#5483=ORIENTED_EDGE('',*,*,#5482,.T.);
#5484=EDGE_LOOP('',(#5481,#5483));
#5485=FACE_BOUND('',#5484,.F.);
#5486=ADVANCED_FACE('',(#5474,#5479,#5485),#5464,.T.);
#5487=CARTESIAN_POINT('',(4.754604266765E1,1.245101563312E1,4.622596753230E0));
#5488=DIRECTION('',(-2.455558331935E-7,9.185673000592E-2,-9.957722335718E-1));
#5489=DIRECTION('',(-9.999999168154E-1,-4.061817298365E-4,-3.722233685469E-5));
#5490=AXIS2_PLACEMENT_3D('',#5487,#5488,#5489);
#5491=CYLINDRICAL_SURFACE('',#5490,2.049963047677E0);
#5492=ORIENTED_EDGE('',*,*,#5480,.F.);
#5494=ORIENTED_EDGE('',*,*,#5493,.F.);
#5496=ORIENTED_EDGE('',*,*,#5495,.F.);
#5498=ORIENTED_EDGE('',*,*,#5497,.T.);
#5499=EDGE_LOOP('',(#5492,#5494,#5496,#5498));
#5500=FACE_OUTER_BOUND('',#5499,.F.);
#5501=ADVANCED_FACE('',(#5500),#5491,.T.);
#5502=CARTESIAN_POINT('',(4.754604313131E1,1.245016818938E1,4.622518579318E0));
#5503=DIRECTION('',(-2.455559470799E-7,9.185673000582E-2,-9.957722335718E-1));
#5504=DIRECTION('',(9.999999164110E-1,4.071679612564E-4,3.731331348172E-5));
#5505=AXIS2_PLACEMENT_3D('',#5502,#5503,#5504);
#5506=CYLINDRICAL_SURFACE('',#5505,2.049963104226E0);
#5507=ORIENTED_EDGE('',*,*,#5482,.F.);
#5508=ORIENTED_EDGE('',*,*,#5497,.F.);
#5510=ORIENTED_EDGE('',*,*,#5509,.F.);
#5511=ORIENTED_EDGE('',*,*,#5493,.T.);
#5512=EDGE_LOOP('',(#5507,#5508,#5510,#5511));
#5513=FACE_OUTER_BOUND('',#5512,.F.);
#5514=ADVANCED_FACE('',(#5513),#5506,.T.);
#5515=CARTESIAN_POINT('',(1.123569880483E-6,-3.414145904858E0,
4.364194102495E0));
#5516=DIRECTION('',(2.455559005585E-7,-9.185673000587E-2,9.957722335718E-1));
#5517=DIRECTION('',(1.E0,2.255596029512E-8,-2.445177477286E-7));
#5518=AXIS2_PLACEMENT_3D('',#5515,#5516,#5517);
#5519=PLANE('',#5518);
#5520=ORIENTED_EDGE('',*,*,#5495,.T.);
#5521=ORIENTED_EDGE('',*,*,#5509,.T.);
#5522=EDGE_LOOP('',(#5520,#5521));
#5523=FACE_OUTER_BOUND('',#5522,.F.);
#5525=ORIENTED_EDGE('',*,*,#5524,.F.);
#5527=ORIENTED_EDGE('',*,*,#5526,.T.);
#5528=EDGE_LOOP('',(#5525,#5527));
#5529=FACE_BOUND('',#5528,.F.);
#5530=ADVANCED_FACE('',(#5523,#5529),#5519,.T.);
#5531=CARTESIAN_POINT('',(4.754604273783E1,1.274613714302E1,1.602701051142E-2));
#5532=DIRECTION('',(-6.345942734011E-14,6.402624786895E-2,-9.979482148808E-1));
#5533=DIRECTION('',(-1.E0,0.E0,6.332922223142E-14));
#5534=AXIS2_PLACEMENT_3D('',#5531,#5532,#5533);
#5535=CYLINDRICAL_SURFACE('',#5534,1.15E0);
#5537=ORIENTED_EDGE('',*,*,#5536,.F.);
#5538=ORIENTED_EDGE('',*,*,#5524,.T.);
#5540=ORIENTED_EDGE('',*,*,#5539,.F.);
#5542=ORIENTED_EDGE('',*,*,#5541,.F.);
#5543=EDGE_LOOP('',(#5537,#5538,#5540,#5542));
#5544=FACE_OUTER_BOUND('',#5543,.F.);
#5545=ADVANCED_FACE('',(#5544),#5535,.F.);
#5546=CARTESIAN_POINT('',(4.754604273783E1,1.274613714302E1,1.602701051142E-2));
#5547=DIRECTION('',(-6.345942734011E-14,6.402624786895E-2,-9.979482148808E-1));
#5548=DIRECTION('',(-1.E0,0.E0,6.332922223142E-14));
#5549=AXIS2_PLACEMENT_3D('',#5546,#5547,#5548);
#5550=CYLINDRICAL_SURFACE('',#5549,1.15E0);
#5551=ORIENTED_EDGE('',*,*,#5536,.T.);
#5553=ORIENTED_EDGE('',*,*,#5552,.F.);
#5554=ORIENTED_EDGE('',*,*,#5539,.T.);
#5555=ORIENTED_EDGE('',*,*,#5526,.F.);
#5556=EDGE_LOOP('',(#5551,#5553,#5554,#5555));
#5557=FACE_OUTER_BOUND('',#5556,.F.);
#5558=ADVANCED_FACE('',(#5557),#5550,.F.);
#5559=CARTESIAN_POINT('',(4.754604273783E1,1.248683083915E1,4.057717280778E0));
#5560=DIRECTION('',(6.345942734011E-14,-6.402624786895E-2,9.979482148808E-1));
#5561=DIRECTION('',(-1.E0,0.E0,6.332922223142E-14));
#5562=AXIS2_PLACEMENT_3D('',#5559,#5560,#5561);
#5563=PLANE('',#5562);
#5565=ORIENTED_EDGE('',*,*,#5564,.F.);
#5567=ORIENTED_EDGE('',*,*,#5566,.T.);
#5569=ORIENTED_EDGE('',*,*,#5568,.T.);
#5571=ORIENTED_EDGE('',*,*,#5570,.T.);
#5573=ORIENTED_EDGE('',*,*,#5572,.T.);
#5575=ORIENTED_EDGE('',*,*,#5574,.T.);
#5577=ORIENTED_EDGE('',*,*,#5576,.T.);
#5579=ORIENTED_EDGE('',*,*,#5578,.T.);
#5581=ORIENTED_EDGE('',*,*,#5580,.T.);
#5583=ORIENTED_EDGE('',*,*,#5582,.T.);
#5585=ORIENTED_EDGE('',*,*,#5584,.T.);
#5587=ORIENTED_EDGE('',*,*,#5586,.T.);
#5588=EDGE_LOOP('',(#5565,#5567,#5569,#5571,#5573,#5575,#5577,#5579,#5581,#5583,
#5585,#5587));
#5589=FACE_OUTER_BOUND('',#5588,.F.);
#5590=ORIENTED_EDGE('',*,*,#5552,.T.);
#5591=ORIENTED_EDGE('',*,*,#5541,.T.);
#5592=EDGE_LOOP('',(#5590,#5591));
#5593=FACE_BOUND('',#5592,.F.);
#5594=ADVANCED_FACE('',(#5589,#5593),#5563,.F.);
#5595=CARTESIAN_POINT('',(4.656454728021E1,1.104962517772E1,
-9.281761086577E-2));
#5596=DIRECTION('',(6.345942734011E-14,-6.402624786895E-2,9.979482148808E-1));
#5597=DIRECTION('',(-5.E-1,-8.642485057481E-1,-5.544835716348E-2));
#5598=AXIS2_PLACEMENT_3D('',#5595,#5596,#5597);
#5599=CYLINDRICAL_SURFACE('',#5598,4.E-1);
#5600=ORIENTED_EDGE('',*,*,#5564,.T.);
#5602=ORIENTED_EDGE('',*,*,#5601,.T.);
#5604=ORIENTED_EDGE('',*,*,#5603,.F.);
#5606=ORIENTED_EDGE('',*,*,#5605,.T.);
#5607=EDGE_LOOP('',(#5600,#5602,#5604,#5606));
#5608=FACE_OUTER_BOUND('',#5607,.F.);
#5609=ADVANCED_FACE('',(#5608),#5599,.F.);
#5610=CARTESIAN_POINT('',(4.572738289084E1,1.169830275098E1,
-5.119982902777E-2));
#5611=DIRECTION('',(-8.660254037844E-1,-4.989741074404E-1,-3.201312393443E-2));
#5612=DIRECTION('',(5.E-1,-8.642485057481E-1,-5.544835716354E-2));
#5613=AXIS2_PLACEMENT_3D('',#5610,#5611,#5612);
#5614=PLANE('',#5613);
#5615=ORIENTED_EDGE('',*,*,#5601,.F.);
#5616=ORIENTED_EDGE('',*,*,#5586,.F.);
#5618=ORIENTED_EDGE('',*,*,#5617,.F.);
#5620=ORIENTED_EDGE('',*,*,#5619,.F.);
#5621=EDGE_LOOP('',(#5615,#5616,#5618,#5620));
#5622=FACE_OUTER_BOUND('',#5621,.F.);
#5623=ADVANCED_FACE('',(#5622),#5614,.F.);
#5624=CARTESIAN_POINT('',(4.558305182259E1,1.274613714302E1,1.602701051154E-2));
#5625=DIRECTION('',(6.345942734011E-14,-6.402624786895E-2,9.979482148808E-1));
#5626=DIRECTION('',(-1.E0,0.E0,6.332922223142E-14));
#5627=AXIS2_PLACEMENT_3D('',#5624,#5625,#5626);
#5628=CYLINDRICAL_SURFACE('',#5627,4.E-1);
#5629=ORIENTED_EDGE('',*,*,#5584,.F.);
#5631=ORIENTED_EDGE('',*,*,#5630,.T.);
#5633=ORIENTED_EDGE('',*,*,#5632,.F.);
#5634=ORIENTED_EDGE('',*,*,#5617,.T.);
#5635=EDGE_LOOP('',(#5629,#5631,#5633,#5634));
#5636=FACE_OUTER_BOUND('',#5635,.F.);
#5637=ADVANCED_FACE('',(#5636),#5628,.F.);
#5638=CARTESIAN_POINT('',(4.633360717253E1,1.484182839427E1,1.504821310363E-1));
#5639=DIRECTION('',(-8.660254037844E-1,4.989741074404E-1,3.201312393454E-2));
#5640=DIRECTION('',(-5.E-1,-8.642485057481E-1,-5.544835716348E-2));
#5641=AXIS2_PLACEMENT_3D('',#5638,#5639,#5640);
#5642=PLANE('',#5641);
#5643=ORIENTED_EDGE('',*,*,#5630,.F.);
#5644=ORIENTED_EDGE('',*,*,#5582,.F.);
#5646=ORIENTED_EDGE('',*,*,#5645,.F.);
#5648=ORIENTED_EDGE('',*,*,#5647,.F.);
#5649=EDGE_LOOP('',(#5643,#5644,#5646,#5648));
#5650=FACE_OUTER_BOUND('',#5649,.F.);
#5651=ADVANCED_FACE('',(#5650),#5642,.F.);
#5652=CARTESIAN_POINT('',(4.656454728021E1,1.444264910831E1,1.248716318887E-1));
#5653=DIRECTION('',(6.345942734011E-14,-6.402624786896E-2,9.979482148808E-1));
#5654=DIRECTION('',(-5.E-1,8.642485057481E-1,5.544835716355E-2));
#5655=AXIS2_PLACEMENT_3D('',#5652,#5653,#5654);
#5656=CYLINDRICAL_SURFACE('',#5655,4.E-1);
#5657=ORIENTED_EDGE('',*,*,#5580,.F.);
#5659=ORIENTED_EDGE('',*,*,#5658,.T.);
#5661=ORIENTED_EDGE('',*,*,#5660,.F.);
#5662=ORIENTED_EDGE('',*,*,#5645,.T.);
#5663=EDGE_LOOP('',(#5657,#5659,#5661,#5662));
#5664=FACE_OUTER_BOUND('',#5663,.F.);
#5665=ADVANCED_FACE('',(#5664),#5656,.F.);
#5666=CARTESIAN_POINT('',(4.875847830313E1,1.484182839427E1,1.504821310361E-1));
#5667=DIRECTION('',(0.E0,9.979482148808E-1,6.402624786896E-2));
#5668=DIRECTION('',(-1.E0,0.E0,6.332922223142E-14));
#5669=AXIS2_PLACEMENT_3D('',#5666,#5667,#5668);
#5670=PLANE('',#5669);
#5671=ORIENTED_EDGE('',*,*,#5658,.F.);
#5672=ORIENTED_EDGE('',*,*,#5578,.F.);
#5674=ORIENTED_EDGE('',*,*,#5673,.F.);
#5676=ORIENTED_EDGE('',*,*,#5675,.T.);
#5677=EDGE_LOOP('',(#5671,#5672,#5674,#5676));
#5678=FACE_OUTER_BOUND('',#5677,.F.);
#5679=ADVANCED_FACE('',(#5678),#5670,.F.);
#5680=CARTESIAN_POINT('',(4.852753819545E1,1.444264910831E1,1.248716318886E-1));
#5681=DIRECTION('',(6.345942734011E-14,-6.402624786896E-2,9.979482148808E-1));
#5682=DIRECTION('',(5.E-1,8.642485057481E-1,5.544835716349E-2));
#5683=AXIS2_PLACEMENT_3D('',#5680,#5681,#5682);
#5684=CYLINDRICAL_SURFACE('',#5683,4.E-1);
#5685=ORIENTED_EDGE('',*,*,#5576,.F.);
#5687=ORIENTED_EDGE('',*,*,#5686,.T.);
#5689=ORIENTED_EDGE('',*,*,#5688,.F.);
#5690=ORIENTED_EDGE('',*,*,#5673,.T.);
#5691=EDGE_LOOP('',(#5685,#5687,#5689,#5690));
#5692=FACE_OUTER_BOUND('',#5691,.F.);
#5693=ADVANCED_FACE('',(#5692),#5684,.F.);
#5694=CARTESIAN_POINT('',(4.997091386843E1,1.274613714302E1,1.602701051126E-2));
#5695=DIRECTION('',(8.660254037844E-1,4.989741074404E-1,3.201312393443E-2));
#5696=DIRECTION('',(-5.E-1,8.642485057481E-1,5.544835716354E-2));
#5697=AXIS2_PLACEMENT_3D('',#5694,#5695,#5696);
#5698=PLANE('',#5697);
#5699=ORIENTED_EDGE('',*,*,#5686,.F.);
#5700=ORIENTED_EDGE('',*,*,#5574,.F.);
#5702=ORIENTED_EDGE('',*,*,#5701,.F.);
#5704=ORIENTED_EDGE('',*,*,#5703,.F.);
#5705=EDGE_LOOP('',(#5699,#5700,#5702,#5704));
#5706=FACE_OUTER_BOUND('',#5705,.F.);
#5707=ADVANCED_FACE('',(#5706),#5698,.F.);
#5708=CARTESIAN_POINT('',(4.950903365308E1,1.274613714302E1,1.602701051129E-2));
#5709=DIRECTION('',(6.345942734011E-14,-6.402624786896E-2,9.979482148808E-1));
#5710=DIRECTION('',(1.E0,0.E0,-6.332922223142E-14));
#5711=AXIS2_PLACEMENT_3D('',#5708,#5709,#5710);
#5712=CYLINDRICAL_SURFACE('',#5711,4.E-1);
#5713=ORIENTED_EDGE('',*,*,#5572,.F.);
#5715=ORIENTED_EDGE('',*,*,#5714,.T.);
#5717=ORIENTED_EDGE('',*,*,#5716,.F.);
#5718=ORIENTED_EDGE('',*,*,#5701,.T.);
#5719=EDGE_LOOP('',(#5713,#5715,#5717,#5718));
#5720=FACE_OUTER_BOUND('',#5719,.F.);
#5721=ADVANCED_FACE('',(#5720),#5712,.F.);
#5722=CARTESIAN_POINT('',(4.875847830313E1,1.065044589177E1,
-1.184281100134E-1));
#5723=DIRECTION('',(8.660254037844E-1,-4.989741074404E-1,-3.201312393454E-2));
#5724=DIRECTION('',(5.E-1,8.642485057481E-1,5.544835716348E-2));
#5725=AXIS2_PLACEMENT_3D('',#5722,#5723,#5724);
#5726=PLANE('',#5725);
#5728=ORIENTED_EDGE('',*,*,#5727,.F.);
#5730=ORIENTED_EDGE('',*,*,#5729,.F.);
#5731=ORIENTED_EDGE('',*,*,#5714,.F.);
#5732=ORIENTED_EDGE('',*,*,#5570,.F.);
#5733=EDGE_LOOP('',(#5728,#5730,#5731,#5732));
#5734=FACE_OUTER_BOUND('',#5733,.F.);
#5735=ADVANCED_FACE('',(#5734),#5726,.F.);
#5736=CARTESIAN_POINT('',(4.852753819545E1,1.104962517772E1,
-9.281761086583E-2));
#5737=DIRECTION('',(6.345942734011E-14,-6.402624786895E-2,9.979482148808E-1));
#5738=DIRECTION('',(5.E-1,-8.642485057481E-1,-5.544835716354E-2));
#5739=AXIS2_PLACEMENT_3D('',#5736,#5737,#5738);
#5740=CYLINDRICAL_SURFACE('',#5739,4.E-1);
#5741=ORIENTED_EDGE('',*,*,#5568,.F.);
#5743=ORIENTED_EDGE('',*,*,#5742,.T.);
#5745=ORIENTED_EDGE('',*,*,#5744,.F.);
#5746=ORIENTED_EDGE('',*,*,#5727,.T.);
#5747=EDGE_LOOP('',(#5741,#5743,#5745,#5746));
#5748=FACE_OUTER_BOUND('',#5747,.F.);
#5749=ADVANCED_FACE('',(#5748),#5740,.F.);
#5750=CARTESIAN_POINT('',(4.633360717253E1,1.065044589177E1,
-1.184281100133E-1));
#5751=DIRECTION('',(0.E0,-9.979482148808E-1,-6.402624786895E-2));
#5752=DIRECTION('',(1.E0,0.E0,-6.332922223142E-14));
#5753=AXIS2_PLACEMENT_3D('',#5750,#5751,#5752);
#5754=PLANE('',#5753);
#5755=ORIENTED_EDGE('',*,*,#5605,.F.);
#5757=ORIENTED_EDGE('',*,*,#5756,.T.);
#5758=ORIENTED_EDGE('',*,*,#5742,.F.);
#5759=ORIENTED_EDGE('',*,*,#5566,.F.);
#5760=EDGE_LOOP('',(#5755,#5757,#5758,#5759));
#5761=FACE_OUTER_BOUND('',#5760,.F.);
#5762=ADVANCED_FACE('',(#5761),#5754,.F.);
#5763=CARTESIAN_POINT('',(-1.534061779099E2,1.088937023364E1,
-1.030569861175E-1));
#5764=DIRECTION('',(-2.748032437931E-7,6.402624786895E-2,-9.979482148808E-1));
#5765=DIRECTION('',(-1.043981189182E-6,-9.979482148803E-1,-6.402624786863E-2));
#5766=AXIS2_PLACEMENT_3D('',#5763,#5764,#5765);
#5767=PLANE('',#5766);
#5769=ORIENTED_EDGE('',*,*,#5768,.F.);
#5771=ORIENTED_EDGE('',*,*,#5770,.T.);
#5773=ORIENTED_EDGE('',*,*,#5772,.F.);
#5775=ORIENTED_EDGE('',*,*,#5774,.T.);
#5776=EDGE_LOOP('',(#5769,#5771,#5773,#5775));
#5777=FACE_OUTER_BOUND('',#5776,.F.);
#5779=ORIENTED_EDGE('',*,*,#5778,.T.);
#5781=ORIENTED_EDGE('',*,*,#5780,.T.);
#5783=ORIENTED_EDGE('',*,*,#5782,.T.);
#5785=ORIENTED_EDGE('',*,*,#5784,.F.);
#5787=ORIENTED_EDGE('',*,*,#5786,.T.);
#5789=ORIENTED_EDGE('',*,*,#5788,.T.);
#5791=ORIENTED_EDGE('',*,*,#5790,.T.);
#5793=ORIENTED_EDGE('',*,*,#5792,.T.);
#5795=ORIENTED_EDGE('',*,*,#5794,.T.);
#5797=ORIENTED_EDGE('',*,*,#5796,.F.);
#5799=ORIENTED_EDGE('',*,*,#5798,.T.);
#5801=ORIENTED_EDGE('',*,*,#5800,.T.);
#5802=EDGE_LOOP('',(#5779,#5781,#5783,#5785,#5787,#5789,#5791,#5793,#5795,#5797,
#5799,#5801));
#5803=FACE_BOUND('',#5802,.F.);
#5805=ORIENTED_EDGE('',*,*,#5804,.T.);
#5807=ORIENTED_EDGE('',*,*,#5806,.T.);
#5809=ORIENTED_EDGE('',*,*,#5808,.T.);
#5811=ORIENTED_EDGE('',*,*,#5810,.F.);
#5813=ORIENTED_EDGE('',*,*,#5812,.T.);
#5815=ORIENTED_EDGE('',*,*,#5814,.F.);
#5817=ORIENTED_EDGE('',*,*,#5816,.T.);
#5819=ORIENTED_EDGE('',*,*,#5818,.F.);
#5821=ORIENTED_EDGE('',*,*,#5820,.T.);
#5823=ORIENTED_EDGE('',*,*,#5822,.T.);
#5825=ORIENTED_EDGE('',*,*,#5824,.T.);
#5827=ORIENTED_EDGE('',*,*,#5826,.F.);
#5829=ORIENTED_EDGE('',*,*,#5828,.T.);
#5831=ORIENTED_EDGE('',*,*,#5830,.F.);
#5833=ORIENTED_EDGE('',*,*,#5832,.T.);
#5835=ORIENTED_EDGE('',*,*,#5834,.F.);
#5837=ORIENTED_EDGE('',*,*,#5836,.T.);
#5839=ORIENTED_EDGE('',*,*,#5838,.F.);
#5841=ORIENTED_EDGE('',*,*,#5840,.T.);
#5843=ORIENTED_EDGE('',*,*,#5842,.F.);
#5845=ORIENTED_EDGE('',*,*,#5844,.T.);
#5847=ORIENTED_EDGE('',*,*,#5846,.F.);
#5848=EDGE_LOOP('',(#5805,#5807,#5809,#5811,#5813,#5815,#5817,#5819,#5821,#5823,
#5825,#5827,#5829,#5831,#5833,#5835,#5837,#5839,#5841,#5843,#5845,#5847));
#5849=FACE_BOUND('',#5848,.F.);
#5851=ORIENTED_EDGE('',*,*,#5850,.T.);
#5853=ORIENTED_EDGE('',*,*,#5852,.F.);
#5855=ORIENTED_EDGE('',*,*,#5854,.T.);
#5857=ORIENTED_EDGE('',*,*,#5856,.F.);
#5859=ORIENTED_EDGE('',*,*,#5858,.T.);
#5861=ORIENTED_EDGE('',*,*,#5860,.F.);
#5863=ORIENTED_EDGE('',*,*,#5862,.T.);
#5865=ORIENTED_EDGE('',*,*,#5864,.F.);
#5867=ORIENTED_EDGE('',*,*,#5866,.T.);
#5869=ORIENTED_EDGE('',*,*,#5868,.F.);
#5871=ORIENTED_EDGE('',*,*,#5870,.T.);
#5873=ORIENTED_EDGE('',*,*,#5872,.F.);
#5875=ORIENTED_EDGE('',*,*,#5874,.T.);
#5877=ORIENTED_EDGE('',*,*,#5876,.F.);
#5879=ORIENTED_EDGE('',*,*,#5878,.T.);
#5881=ORIENTED_EDGE('',*,*,#5880,.F.);
#5883=ORIENTED_EDGE('',*,*,#5882,.T.);
#5885=ORIENTED_EDGE('',*,*,#5884,.F.);
#5887=ORIENTED_EDGE('',*,*,#5886,.T.);
#5889=ORIENTED_EDGE('',*,*,#5888,.F.);
#5890=EDGE_LOOP('',(#5851,#5853,#5855,#5857,#5859,#5861,#5863,#5865,#5867,#5869,
#5871,#5873,#5875,#5877,#5879,#5881,#5883,#5885,#5887,#5889));
#5891=FACE_BOUND('',#5890,.F.);
#5893=ORIENTED_EDGE('',*,*,#5892,.F.);
#5895=ORIENTED_EDGE('',*,*,#5894,.T.);
#5897=ORIENTED_EDGE('',*,*,#5896,.F.);
#5899=ORIENTED_EDGE('',*,*,#5898,.T.);
#5901=ORIENTED_EDGE('',*,*,#5900,.F.);
#5903=ORIENTED_EDGE('',*,*,#5902,.T.);
#5905=ORIENTED_EDGE('',*,*,#5904,.T.);
#5907=ORIENTED_EDGE('',*,*,#5906,.T.);
#5909=ORIENTED_EDGE('',*,*,#5908,.F.);
#5911=ORIENTED_EDGE('',*,*,#5910,.T.);
#5913=ORIENTED_EDGE('',*,*,#5912,.T.);
#5915=ORIENTED_EDGE('',*,*,#5914,.T.);
#5917=ORIENTED_EDGE('',*,*,#5916,.F.);
#5919=ORIENTED_EDGE('',*,*,#5918,.T.);
#5921=ORIENTED_EDGE('',*,*,#5920,.T.);
#5923=ORIENTED_EDGE('',*,*,#5922,.T.);
#5925=ORIENTED_EDGE('',*,*,#5924,.F.);
#5927=ORIENTED_EDGE('',*,*,#5926,.T.);
#5928=EDGE_LOOP('',(#5893,#5895,#5897,#5899,#5901,#5903,#5905,#5907,#5909,#5911,
#5913,#5915,#5917,#5919,#5921,#5923,#5925,#5927));
#5929=FACE_BOUND('',#5928,.F.);
#5931=ORIENTED_EDGE('',*,*,#5930,.T.);
#5933=ORIENTED_EDGE('',*,*,#5932,.T.);
#5935=ORIENTED_EDGE('',*,*,#5934,.F.);
#5937=ORIENTED_EDGE('',*,*,#5936,.T.);
#5939=ORIENTED_EDGE('',*,*,#5938,.T.);
#5941=ORIENTED_EDGE('',*,*,#5940,.T.);
#5943=ORIENTED_EDGE('',*,*,#5942,.F.);
#5945=ORIENTED_EDGE('',*,*,#5944,.T.);
#5947=ORIENTED_EDGE('',*,*,#5946,.T.);
#5949=ORIENTED_EDGE('',*,*,#5948,.T.);
#5951=ORIENTED_EDGE('',*,*,#5950,.F.);
#5953=ORIENTED_EDGE('',*,*,#5952,.T.);
#5955=ORIENTED_EDGE('',*,*,#5954,.T.);
#5957=ORIENTED_EDGE('',*,*,#5956,.T.);
#5958=EDGE_LOOP('',(#5931,#5933,#5935,#5937,#5939,#5941,#5943,#5945,#5947,#5949,
#5951,#5953,#5955,#5957));
#5959=FACE_BOUND('',#5958,.F.);
#5961=ORIENTED_EDGE('',*,*,#5960,.T.);
#5963=ORIENTED_EDGE('',*,*,#5962,.T.);
#5965=ORIENTED_EDGE('',*,*,#5964,.T.);
#5967=ORIENTED_EDGE('',*,*,#5966,.F.);
#5969=ORIENTED_EDGE('',*,*,#5968,.T.);
#5971=ORIENTED_EDGE('',*,*,#5970,.T.);
#5973=ORIENTED_EDGE('',*,*,#5972,.T.);
#5975=ORIENTED_EDGE('',*,*,#5974,.F.);
#5977=ORIENTED_EDGE('',*,*,#5976,.T.);
#5979=ORIENTED_EDGE('',*,*,#5978,.F.);
#5981=ORIENTED_EDGE('',*,*,#5980,.T.);
#5983=ORIENTED_EDGE('',*,*,#5982,.F.);
#5985=ORIENTED_EDGE('',*,*,#5984,.T.);
#5987=ORIENTED_EDGE('',*,*,#5986,.F.);
#5989=ORIENTED_EDGE('',*,*,#5988,.T.);
#5991=ORIENTED_EDGE('',*,*,#5990,.F.);
#5993=ORIENTED_EDGE('',*,*,#5992,.T.);
#5995=ORIENTED_EDGE('',*,*,#5994,.F.);
#5996=EDGE_LOOP('',(#5961,#5963,#5965,#5967,#5969,#5971,#5973,#5975,#5977,#5979,
#5981,#5983,#5985,#5987,#5989,#5991,#5993,#5995));
#5997=FACE_BOUND('',#5996,.F.);
#5999=ORIENTED_EDGE('',*,*,#5998,.T.);
#6001=ORIENTED_EDGE('',*,*,#6000,.F.);
#6003=ORIENTED_EDGE('',*,*,#6002,.T.);
#6005=ORIENTED_EDGE('',*,*,#6004,.F.);
#6007=ORIENTED_EDGE('',*,*,#6006,.T.);
#6009=ORIENTED_EDGE('',*,*,#6008,.F.);
#6011=ORIENTED_EDGE('',*,*,#6010,.T.);
#6013=ORIENTED_EDGE('',*,*,#6012,.F.);
#6015=ORIENTED_EDGE('',*,*,#6014,.T.);
#6017=ORIENTED_EDGE('',*,*,#6016,.F.);
#6019=ORIENTED_EDGE('',*,*,#6018,.T.);
#6021=ORIENTED_EDGE('',*,*,#6020,.T.);
#6023=ORIENTED_EDGE('',*,*,#6022,.T.);
#6025=ORIENTED_EDGE('',*,*,#6024,.F.);
#6027=ORIENTED_EDGE('',*,*,#6026,.T.);
#6029=ORIENTED_EDGE('',*,*,#6028,.F.);
#6031=ORIENTED_EDGE('',*,*,#6030,.T.);
#6033=ORIENTED_EDGE('',*,*,#6032,.F.);
#6035=ORIENTED_EDGE('',*,*,#6034,.T.);
#6037=ORIENTED_EDGE('',*,*,#6036,.F.);
#6038=EDGE_LOOP('',(#5999,#6001,#6003,#6005,#6007,#6009,#6011,#6013,#6015,#6017,
#6019,#6021,#6023,#6025,#6027,#6029,#6031,#6033,#6035,#6037));
#6039=FACE_BOUND('',#6038,.F.);
#6041=ORIENTED_EDGE('',*,*,#6040,.T.);
#6043=ORIENTED_EDGE('',*,*,#6042,.T.);
#6045=ORIENTED_EDGE('',*,*,#6044,.F.);
#6047=ORIENTED_EDGE('',*,*,#6046,.T.);
#6049=ORIENTED_EDGE('',*,*,#6048,.T.);
#6051=ORIENTED_EDGE('',*,*,#6050,.T.);
#6053=ORIENTED_EDGE('',*,*,#6052,.T.);
#6055=ORIENTED_EDGE('',*,*,#6054,.T.);
#6057=ORIENTED_EDGE('',*,*,#6056,.F.);
#6059=ORIENTED_EDGE('',*,*,#6058,.T.);
#6061=ORIENTED_EDGE('',*,*,#6060,.T.);
#6063=ORIENTED_EDGE('',*,*,#6062,.T.);
#6065=ORIENTED_EDGE('',*,*,#6064,.F.);
#6067=ORIENTED_EDGE('',*,*,#6066,.T.);
#6068=EDGE_LOOP('',(#6041,#6043,#6045,#6047,#6049,#6051,#6053,#6055,#6057,#6059,
#6061,#6063,#6065,#6067));
#6069=FACE_BOUND('',#6068,.F.);
#6070=ORIENTED_EDGE('',*,*,#5603,.T.);
#6071=ORIENTED_EDGE('',*,*,#5619,.T.);
#6072=ORIENTED_EDGE('',*,*,#5632,.T.);
#6073=ORIENTED_EDGE('',*,*,#5647,.T.);
#6074=ORIENTED_EDGE('',*,*,#5660,.T.);
#6075=ORIENTED_EDGE('',*,*,#5675,.F.);
#6076=ORIENTED_EDGE('',*,*,#5688,.T.);
#6077=ORIENTED_EDGE('',*,*,#5703,.T.);
#6078=ORIENTED_EDGE('',*,*,#5716,.T.);
#6079=ORIENTED_EDGE('',*,*,#5729,.T.);
#6080=ORIENTED_EDGE('',*,*,#5744,.T.);
#6081=ORIENTED_EDGE('',*,*,#5756,.F.);
#6082=EDGE_LOOP('',(#6070,#6071,#6072,#6073,#6074,#6075,#6076,#6077,#6078,#6079,
#6080,#6081));
#6083=FACE_BOUND('',#6082,.F.);
#6084=ADVANCED_FACE('',(#5777,#5803,#5849,#5891,#5929,#5959,#5997,#6039,#6069,
#6083),#5767,.T.);
#6085=CARTESIAN_POINT('',(-4.941694817741E1,1.274613714302E1,
1.602701051756E-2));
#6086=DIRECTION('',(6.345942734011E-14,-6.402624786896E-2,9.979482148808E-1));
#6087=DIRECTION('',(-1.E0,0.E0,6.332922223142E-14));
#6088=AXIS2_PLACEMENT_3D('',#6085,#6086,#6087);
#6089=CYLINDRICAL_SURFACE('',#6088,4.E-1);
#6090=ORIENTED_EDGE('',*,*,#5778,.F.);
#6092=ORIENTED_EDGE('',*,*,#6091,.T.);
#6094=ORIENTED_EDGE('',*,*,#6093,.F.);
#6096=ORIENTED_EDGE('',*,*,#6095,.T.);
#6097=EDGE_LOOP('',(#6090,#6092,#6094,#6096));
#6098=FACE_OUTER_BOUND('',#6097,.F.);
#6099=ADVANCED_FACE('',(#6098),#6089,.F.);
#6100=CARTESIAN_POINT('',(-4.987882839276E1,1.274613714302E1,
1.602701051759E-2));
#6101=DIRECTION('',(-8.660254037844E-1,-4.989741074404E-1,-3.201312393443E-2));
#6102=DIRECTION('',(5.E-1,-8.642485057481E-1,-5.544835716354E-2));
#6103=AXIS2_PLACEMENT_3D('',#6100,#6101,#6102);
#6104=PLANE('',#6103);
#6105=ORIENTED_EDGE('',*,*,#5800,.F.);
#6107=ORIENTED_EDGE('',*,*,#6106,.F.);
#6109=ORIENTED_EDGE('',*,*,#6108,.F.);
#6110=ORIENTED_EDGE('',*,*,#6091,.F.);
#6111=EDGE_LOOP('',(#6105,#6107,#6109,#6110));
#6112=FACE_OUTER_BOUND('',#6111,.F.);
#6113=ADVANCED_FACE('',(#6112),#6104,.F.);
#6114=CARTESIAN_POINT('',(-4.843545271979E1,1.104962517772E1,
-9.281761085976E-2));
#6115=DIRECTION('',(6.345942734011E-14,-6.402624786895E-2,9.979482148808E-1));
#6116=DIRECTION('',(-5.E-1,-8.642485057481E-1,-5.544835716348E-2));
#6117=AXIS2_PLACEMENT_3D('',#6114,#6115,#6116);
#6118=CYLINDRICAL_SURFACE('',#6117,4.E-1);
#6119=ORIENTED_EDGE('',*,*,#5798,.F.);
#6121=ORIENTED_EDGE('',*,*,#6120,.T.);
#6123=ORIENTED_EDGE('',*,*,#6122,.F.);
#6124=ORIENTED_EDGE('',*,*,#6106,.T.);
#6125=EDGE_LOOP('',(#6119,#6121,#6123,#6124));
#6126=FACE_OUTER_BOUND('',#6125,.F.);
#6127=ADVANCED_FACE('',(#6126),#6118,.F.);
#6128=CARTESIAN_POINT('',(-4.866639282747E1,1.065044589177E1,
-1.184281100073E-1));
#6129=DIRECTION('',(0.E0,-9.979482148808E-1,-6.402624786895E-2));
#6130=DIRECTION('',(1.E0,0.E0,-6.332922223142E-14));
#6131=AXIS2_PLACEMENT_3D('',#6128,#6129,#6130);
#6132=PLANE('',#6131);
#6133=ORIENTED_EDGE('',*,*,#5796,.T.);
#6135=ORIENTED_EDGE('',*,*,#6134,.F.);
#6137=ORIENTED_EDGE('',*,*,#6136,.F.);
#6138=ORIENTED_EDGE('',*,*,#6120,.F.);
#6139=EDGE_LOOP('',(#6133,#6135,#6137,#6138));
#6140=FACE_OUTER_BOUND('',#6139,.F.);
#6141=ADVANCED_FACE('',(#6140),#6132,.F.);
#6142=CARTESIAN_POINT('',(-4.647246180455E1,1.104962517772E1,
-9.281761085981E-2));
#6143=DIRECTION('',(6.345942734011E-14,-6.402624786895E-2,9.979482148808E-1));
#6144=DIRECTION('',(5.E-1,-8.642485057481E-1,-5.544835716354E-2));
#6145=AXIS2_PLACEMENT_3D('',#6142,#6143,#6144);
#6146=CYLINDRICAL_SURFACE('',#6145,4.E-1);
#6147=ORIENTED_EDGE('',*,*,#5794,.F.);
#6149=ORIENTED_EDGE('',*,*,#6148,.T.);
#6151=ORIENTED_EDGE('',*,*,#6150,.F.);
#6152=ORIENTED_EDGE('',*,*,#6134,.T.);
#6153=EDGE_LOOP('',(#6147,#6149,#6151,#6152));
#6154=FACE_OUTER_BOUND('',#6153,.F.);
#6155=ADVANCED_FACE('',(#6154),#6146,.F.);
#6156=CARTESIAN_POINT('',(-4.624152169687E1,1.065044589177E1,
-1.184281100074E-1));
#6157=DIRECTION('',(8.660254037844E-1,-4.989741074404E-1,-3.201312393454E-2));
#6158=DIRECTION('',(5.E-1,8.642485057481E-1,5.544835716348E-2));
#6159=AXIS2_PLACEMENT_3D('',#6156,#6157,#6158);
#6160=PLANE('',#6159);
#6161=ORIENTED_EDGE('',*,*,#5792,.F.);
#6163=ORIENTED_EDGE('',*,*,#6162,.F.);
#6165=ORIENTED_EDGE('',*,*,#6164,.F.);
#6166=ORIENTED_EDGE('',*,*,#6148,.F.);
#6167=EDGE_LOOP('',(#6161,#6163,#6165,#6166));
#6168=FACE_OUTER_BOUND('',#6167,.F.);
#6169=ADVANCED_FACE('',(#6168),#6160,.F.);
#6170=CARTESIAN_POINT('',(-4.549096634692E1,1.274613714302E1,
1.602701051721E-2));
#6171=DIRECTION('',(6.345942734011E-14,-6.402624786896E-2,9.979482148808E-1));
#6172=DIRECTION('',(1.E0,2.919013864271E-14,-6.171712256172E-14));
#6173=AXIS2_PLACEMENT_3D('',#6170,#6171,#6172);
#6174=CYLINDRICAL_SURFACE('',#6173,4.E-1);
#6175=ORIENTED_EDGE('',*,*,#5790,.F.);
#6177=ORIENTED_EDGE('',*,*,#6176,.T.);
#6179=ORIENTED_EDGE('',*,*,#6178,.F.);
#6180=ORIENTED_EDGE('',*,*,#6162,.T.);
#6181=EDGE_LOOP('',(#6175,#6177,#6179,#6180));
#6182=FACE_OUTER_BOUND('',#6181,.F.);
#6183=ADVANCED_FACE('',(#6182),#6174,.F.);
#6184=CARTESIAN_POINT('',(-4.563530017818E1,1.379397631091E1,
8.325415646502E-2));
#6185=DIRECTION('',(8.660254037844E-1,4.989741074404E-1,3.201312393443E-2));
#6186=DIRECTION('',(-5.E-1,8.642485057481E-1,5.544835716354E-2));
#6187=AXIS2_PLACEMENT_3D('',#6184,#6185,#6186);
#6188=PLANE('',#6187);
#6189=ORIENTED_EDGE('',*,*,#5788,.F.);
#6191=ORIENTED_EDGE('',*,*,#6190,.F.);
#6193=ORIENTED_EDGE('',*,*,#6192,.F.);
#6194=ORIENTED_EDGE('',*,*,#6176,.F.);
#6195=EDGE_LOOP('',(#6189,#6191,#6193,#6194));
#6196=FACE_OUTER_BOUND('',#6195,.F.);
#6197=ADVANCED_FACE('',(#6196),#6188,.F.);
#6198=CARTESIAN_POINT('',(-4.647246180455E1,1.444264910831E1,
1.248716318946E-1));
#6199=DIRECTION('',(6.345942734011E-14,-6.402624786896E-2,9.979482148808E-1));
#6200=DIRECTION('',(5.E-1,8.642485057481E-1,5.544835716349E-2));
#6201=AXIS2_PLACEMENT_3D('',#6198,#6199,#6200);
#6202=CYLINDRICAL_SURFACE('',#6201,4.E-1);
#6203=ORIENTED_EDGE('',*,*,#5786,.F.);
#6205=ORIENTED_EDGE('',*,*,#6204,.T.);
#6207=ORIENTED_EDGE('',*,*,#6206,.F.);
#6208=ORIENTED_EDGE('',*,*,#6190,.T.);
#6209=EDGE_LOOP('',(#6203,#6205,#6207,#6208));
#6210=FACE_OUTER_BOUND('',#6209,.F.);
#6211=ADVANCED_FACE('',(#6210),#6202,.F.);
#6212=CARTESIAN_POINT('',(-4.624152169687E1,1.484182839427E1,
1.504821310422E-1));
#6213=DIRECTION('',(0.E0,9.979482148808E-1,6.402624786896E-2));
#6214=DIRECTION('',(-1.E0,0.E0,6.332922223142E-14));
#6215=AXIS2_PLACEMENT_3D('',#6212,#6213,#6214);
#6216=PLANE('',#6215);
#6217=ORIENTED_EDGE('',*,*,#5784,.T.);
#6219=ORIENTED_EDGE('',*,*,#6218,.F.);
#6221=ORIENTED_EDGE('',*,*,#6220,.F.);
#6222=ORIENTED_EDGE('',*,*,#6204,.F.);
#6223=EDGE_LOOP('',(#6217,#6219,#6221,#6222));
#6224=FACE_OUTER_BOUND('',#6223,.F.);
#6225=ADVANCED_FACE('',(#6224),#6216,.F.);
#6226=CARTESIAN_POINT('',(-4.843545271979E1,1.444264910831E1,
1.248716318947E-1));
#6227=DIRECTION('',(6.345942734011E-14,-6.402624786896E-2,9.979482148808E-1));
#6228=DIRECTION('',(-5.E-1,8.642485057481E-1,5.544835716355E-2));
#6229=AXIS2_PLACEMENT_3D('',#6226,#6227,#6228);
#6230=CYLINDRICAL_SURFACE('',#6229,4.E-1);
#6231=ORIENTED_EDGE('',*,*,#5782,.F.);
#6233=ORIENTED_EDGE('',*,*,#6232,.T.);
#6235=ORIENTED_EDGE('',*,*,#6234,.F.);
#6236=ORIENTED_EDGE('',*,*,#6218,.T.);
#6237=EDGE_LOOP('',(#6231,#6233,#6235,#6236));
#6238=FACE_OUTER_BOUND('',#6237,.F.);
#6239=ADVANCED_FACE('',(#6238),#6230,.F.);
#6240=CARTESIAN_POINT('',(-4.866639282747E1,1.484182839427E1,
1.504821310423E-1));
#6241=DIRECTION('',(-8.660254037844E-1,4.989741074404E-1,3.201312393454E-2));
#6242=DIRECTION('',(-5.E-1,-8.642485057481E-1,-5.544835716348E-2));
#6243=AXIS2_PLACEMENT_3D('',#6240,#6241,#6242);
#6244=PLANE('',#6243);
#6245=ORIENTED_EDGE('',*,*,#5780,.F.);
#6246=ORIENTED_EDGE('',*,*,#6095,.F.);
#6248=ORIENTED_EDGE('',*,*,#6247,.F.);
#6249=ORIENTED_EDGE('',*,*,#6232,.F.);
#6250=EDGE_LOOP('',(#6245,#6246,#6248,#6249));
#6251=FACE_OUTER_BOUND('',#6250,.F.);
#6252=ADVANCED_FACE('',(#6251),#6244,.F.);
#6253=CARTESIAN_POINT('',(-4.745395726217E1,1.248683083915E1,4.057717280784E0));
#6254=DIRECTION('',(-6.345942734011E-14,6.402624786895E-2,-9.979482148808E-1));
#6255=DIRECTION('',(1.E0,0.E0,-6.332922223142E-14));
#6256=AXIS2_PLACEMENT_3D('',#6253,#6254,#6255);
#6257=PLANE('',#6256);
#6258=ORIENTED_EDGE('',*,*,#6150,.T.);
#6259=ORIENTED_EDGE('',*,*,#6164,.T.);
#6260=ORIENTED_EDGE('',*,*,#6178,.T.);
#6261=ORIENTED_EDGE('',*,*,#6192,.T.);
#6262=ORIENTED_EDGE('',*,*,#6206,.T.);
#6263=ORIENTED_EDGE('',*,*,#6220,.T.);
#6264=ORIENTED_EDGE('',*,*,#6234,.T.);
#6265=ORIENTED_EDGE('',*,*,#6247,.T.);
#6266=ORIENTED_EDGE('',*,*,#6093,.T.);
#6267=ORIENTED_EDGE('',*,*,#6108,.T.);
#6268=ORIENTED_EDGE('',*,*,#6122,.T.);
#6269=ORIENTED_EDGE('',*,*,#6136,.T.);
#6270=EDGE_LOOP('',(#6258,#6259,#6260,#6261,#6262,#6263,#6264,#6265,#6266,#6267,
#6268,#6269));
#6271=FACE_OUTER_BOUND('',#6270,.F.);
#6273=ORIENTED_EDGE('',*,*,#6272,.T.);
#6275=ORIENTED_EDGE('',*,*,#6274,.T.);
#6276=EDGE_LOOP('',(#6273,#6275));
#6277=FACE_BOUND('',#6276,.F.);
#6278=ADVANCED_FACE('',(#6271,#6277),#6257,.T.);
#6279=CARTESIAN_POINT('',(-4.745395726217E1,1.274613714302E1,
1.602701051743E-2));
#6280=DIRECTION('',(6.345942734011E-14,-6.402624786895E-2,9.979482148808E-1));
#6281=DIRECTION('',(1.E0,0.E0,-6.332922223142E-14));
#6282=AXIS2_PLACEMENT_3D('',#6279,#6280,#6281);
#6283=CYLINDRICAL_SURFACE('',#6282,1.15E0);
#6285=ORIENTED_EDGE('',*,*,#6284,.F.);
#6286=ORIENTED_EDGE('',*,*,#6272,.F.);
#6288=ORIENTED_EDGE('',*,*,#6287,.T.);
#6290=ORIENTED_EDGE('',*,*,#6289,.F.);
#6291=EDGE_LOOP('',(#6285,#6286,#6288,#6290));
#6292=FACE_OUTER_BOUND('',#6291,.F.);
#6293=ADVANCED_FACE('',(#6292),#6283,.F.);
#6294=CARTESIAN_POINT('',(-4.745395726217E1,1.274613714302E1,
1.602701051743E-2));
#6295=DIRECTION('',(6.345942734011E-14,-6.402624786895E-2,9.979482148808E-1));
#6296=DIRECTION('',(1.E0,0.E0,-6.332922223142E-14));
#6297=AXIS2_PLACEMENT_3D('',#6294,#6295,#6296);
#6298=CYLINDRICAL_SURFACE('',#6297,1.15E0);
#6299=ORIENTED_EDGE('',*,*,#6287,.F.);
#6300=ORIENTED_EDGE('',*,*,#6274,.F.);
#6301=ORIENTED_EDGE('',*,*,#6284,.T.);
#6303=ORIENTED_EDGE('',*,*,#6302,.F.);
#6304=EDGE_LOOP('',(#6299,#6300,#6301,#6303));
#6305=FACE_OUTER_BOUND('',#6304,.F.);
#6306=ADVANCED_FACE('',(#6305),#6298,.F.);
#6307=CARTESIAN_POINT('',(1.123569880483E-6,-3.414145904858E0,
4.364194102495E0));
#6308=DIRECTION('',(2.455559005585E-7,-9.185673000587E-2,9.957722335718E-1));
#6309=DIRECTION('',(1.E0,2.255596029512E-8,-2.445177477286E-7));
#6310=AXIS2_PLACEMENT_3D('',#6307,#6308,#6309);
#6311=PLANE('',#6310);
#6313=ORIENTED_EDGE('',*,*,#6312,.T.);
#6314=ORIENTED_EDGE('',*,*,#5453,.T.);
#6315=EDGE_LOOP('',(#6313,#6314));
#6316=FACE_OUTER_BOUND('',#6315,.F.);
#6317=ORIENTED_EDGE('',*,*,#6302,.T.);
#6318=ORIENTED_EDGE('',*,*,#6289,.T.);
#6319=EDGE_LOOP('',(#6317,#6318));
#6320=FACE_BOUND('',#6319,.F.);
#6321=ADVANCED_FACE('',(#6316,#6320),#6311,.T.);
#6322=CARTESIAN_POINT('',(-4.745395686867E1,1.245016669523E1,4.622541868342E0));
#6323=DIRECTION('',(-2.455558298506E-7,9.185673000588E-2,-9.957722335718E-1));
#6324=DIRECTION('',(9.999999164111E-1,4.071676819855E-4,3.731328769650E-5));
#6325=AXIS2_PLACEMENT_3D('',#6322,#6323,#6324);
#6326=CYLINDRICAL_SURFACE('',#6325,2.049963104242E0);
#6327=ORIENTED_EDGE('',*,*,#5475,.F.);
#6328=ORIENTED_EDGE('',*,*,#5455,.F.);
#6329=ORIENTED_EDGE('',*,*,#6312,.F.);
#6330=ORIENTED_EDGE('',*,*,#5451,.T.);
#6331=EDGE_LOOP('',(#6327,#6328,#6329,#6330));
#6332=FACE_OUTER_BOUND('',#6331,.F.);
#6333=ADVANCED_FACE('',(#6332),#6326,.T.);
#6334=CARTESIAN_POINT('',(-9.540105182097E0,1.240092740241E1,
3.947041117892E-1));
#6335=CARTESIAN_POINT('',(-9.538592139081E0,1.240181739177E1,
3.947612112087E-1));
#6336=CARTESIAN_POINT('',(-9.512260219631E0,1.241776328167E1,
3.957842585455E-1));
#6337=CARTESIAN_POINT('',(-9.467491407158E0,1.246049144399E1,
3.985255947871E-1));
#6338=CARTESIAN_POINT('',(-9.424794698405E0,1.253685539571E1,
4.034249327435E-1));
#6339=CARTESIAN_POINT('',(-9.412273485080E0,1.259715170825E1,
4.072934132459E-1));
#6340=CARTESIAN_POINT('',(-9.412764771857E0,1.262759695015E1,
4.092467157423E-1));
#6341=CARTESIAN_POINT('',(-9.412816057336E0,1.262934853141E1,
4.093590935071E-1));
#6343=DIRECTION('',(-2.748032691130E-7,6.402624786888E-2,-9.979482148808E-1));
#6344=VECTOR('',#6343,1.E0);
#6345=SURFACE_OF_LINEAR_EXTRUSION('',#6342,#6344);
#6347=ORIENTED_EDGE('',*,*,#6346,.T.);
#6349=ORIENTED_EDGE('',*,*,#6348,.F.);
#6351=ORIENTED_EDGE('',*,*,#6350,.T.);
#6352=ORIENTED_EDGE('',*,*,#5804,.F.);
#6353=EDGE_LOOP('',(#6347,#6349,#6351,#6352));
#6354=FACE_OUTER_BOUND('',#6353,.F.);
#6355=ADVANCED_FACE('',(#6354),#6345,.T.);
#6356=CARTESIAN_POINT('',(-9.416281787688E0,1.373930203156E1,
-4.155170651773E-4));
#6357=DIRECTION('',(9.999946615361E-1,3.260865769854E-3,2.089348877432E-4));
#6358=DIRECTION('',(-3.267552490903E-3,9.979428873128E-1,6.402590696319E-2));
#6359=AXIS2_PLACEMENT_3D('',#6356,#6357,#6358);
#6360=PLANE('',#6359);
#6361=ORIENTED_EDGE('',*,*,#6346,.F.);
#6362=ORIENTED_EDGE('',*,*,#5846,.T.);
#6364=ORIENTED_EDGE('',*,*,#6363,.T.);
#6366=ORIENTED_EDGE('',*,*,#6365,.T.);
#6367=EDGE_LOOP('',(#6361,#6362,#6364,#6366));
#6368=FACE_OUTER_BOUND('',#6367,.F.);
#6369=ADVANCED_FACE('',(#6368),#6360,.F.);
#6370=CARTESIAN_POINT('',(-9.463239521833E0,1.469907419176E1,
5.421483304945E-1));
#6371=CARTESIAN_POINT('',(-9.431676024576E0,1.472918210211E1,
5.440799816851E-1));
#6372=CARTESIAN_POINT('',(-9.407343197433E0,1.479515883056E1,
5.483129024116E-1));
#6373=CARTESIAN_POINT('',(-9.447076644211E0,1.489141949423E1,
5.544887940452E-1));
#6374=CARTESIAN_POINT('',(-9.505075217464E0,1.494866757281E1,
5.581617257190E-1));
#6375=CARTESIAN_POINT('',(-9.558583138271E0,1.497588292133E1,
5.599078196832E-1));
#6376=CARTESIAN_POINT('',(-9.590058245148E0,1.498442893934E1,
5.604561227998E-1));
#6377=CARTESIAN_POINT('',(-9.638914118665E0,1.498918921712E1,
5.607615456125E-1));
#6378=CARTESIAN_POINT('',(-9.679761885211E0,1.497272522034E1,
5.597052616313E-1));
#6379=CARTESIAN_POINT('',(-9.704369408735E0,1.493715538766E1,
5.574231831311E-1));
#6381=DIRECTION('',(-2.748032680336E-7,6.402624786890E-2,-9.979482148808E-1));
#6382=VECTOR('',#6381,1.E0);
#6383=SURFACE_OF_LINEAR_EXTRUSION('',#6380,#6382);
#6384=ORIENTED_EDGE('',*,*,#6363,.F.);
#6385=ORIENTED_EDGE('',*,*,#5844,.F.);
#6387=ORIENTED_EDGE('',*,*,#6386,.T.);
#6389=ORIENTED_EDGE('',*,*,#6388,.F.);
#6390=EDGE_LOOP('',(#6384,#6385,#6387,#6389));
#6391=FACE_OUTER_BOUND('',#6390,.F.);
#6392=ADVANCED_FACE('',(#6391),#6383,.T.);
#6393=CARTESIAN_POINT('',(-1.010343755405E1,1.501513196808E1,
8.143922386077E-2));
#6394=DIRECTION('',(-3.265659901755E-3,9.979428934826E-1,6.402590735850E-2));
#6395=DIRECTION('',(-9.999946677184E-1,-3.258977063831E-3,-2.088137133232E-4));
#6396=AXIS2_PLACEMENT_3D('',#6393,#6394,#6395);
#6397=PLANE('',#6396);
#6398=ORIENTED_EDGE('',*,*,#6386,.F.);
#6399=ORIENTED_EDGE('',*,*,#5842,.T.);
#6401=ORIENTED_EDGE('',*,*,#6400,.T.);
#6403=ORIENTED_EDGE('',*,*,#6402,.T.);
#6404=EDGE_LOOP('',(#6398,#6399,#6401,#6403));
#6405=FACE_OUTER_BOUND('',#6404,.F.);
#6406=ADVANCED_FACE('',(#6405),#6397,.F.);
#6407=CARTESIAN_POINT('',(-1.050281568125E1,1.493546350188E1,
5.573148551872E-1));
#6408=CARTESIAN_POINT('',(-1.052758055359E1,1.497018415690E1,
5.595424658349E-1));
#6409=CARTESIAN_POINT('',(-1.056826175224E1,1.498613414037E1,
5.605657942594E-1));
#6410=CARTESIAN_POINT('',(-1.061682032809E1,1.498108107570E1,
5.602416136834E-1));
#6411=CARTESIAN_POINT('',(-1.064825634360E1,1.497232116718E1,
5.596796051273E-1));
#6412=CARTESIAN_POINT('',(-1.070159381844E1,1.494474042815E1,
5.579100979028E-1));
#6413=CARTESIAN_POINT('',(-1.075920464802E1,1.488711166026E1,
5.542127738424E-1));
#6414=CARTESIAN_POINT('',(-1.079901794375E1,1.478878816325E1,
5.479045570875E-1));
#6415=CARTESIAN_POINT('',(-1.077203456986E1,1.472096680176E1,
5.435532744739E-1));
#6416=CARTESIAN_POINT('',(-1.073588615168E1,1.468960987134E1,
5.415414701502E-1));
#6418=DIRECTION('',(-2.748032615573E-7,6.402624786891E-2,-9.979482148808E-1));
#6419=VECTOR('',#6418,1.E0);
#6420=SURFACE_OF_LINEAR_EXTRUSION('',#6417,#6419);
#6421=ORIENTED_EDGE('',*,*,#6400,.F.);
#6422=ORIENTED_EDGE('',*,*,#5840,.F.);
#6424=ORIENTED_EDGE('',*,*,#6423,.T.);
#6426=ORIENTED_EDGE('',*,*,#6425,.F.);
#6427=EDGE_LOOP('',(#6421,#6422,#6424,#6426));
#6428=FACE_OUTER_BOUND('',#6427,.F.);
#6429=ADVANCED_FACE('',(#6428),#6420,.T.);
#6430=CARTESIAN_POINT('',(-1.078345887145E1,1.410905800400E1,
2.330762096371E-2));
#6431=DIRECTION('',(-9.999946602912E-1,-3.261245957474E-3,-2.089592797776E-4));
#6432=DIRECTION('',(3.267933460190E-3,-9.979428860705E-1,-6.402590688349E-2));
#6433=AXIS2_PLACEMENT_3D('',#6430,#6431,#6432);
#6434=PLANE('',#6433);
#6435=ORIENTED_EDGE('',*,*,#6423,.F.);
#6436=ORIENTED_EDGE('',*,*,#5838,.T.);
#6438=ORIENTED_EDGE('',*,*,#6437,.T.);
#6440=ORIENTED_EDGE('',*,*,#6439,.T.);
#6441=EDGE_LOOP('',(#6435,#6436,#6438,#6440));
#6442=FACE_OUTER_BOUND('',#6441,.F.);
#6443=ADVANCED_FACE('',(#6442),#6434,.F.);
#6444=CARTESIAN_POINT('',(-1.080255600695E1,1.346247377218E1,
4.628110304725E-1));
#6445=CARTESIAN_POINT('',(-1.078807716193E1,1.343295046814E1,
4.609168737090E-1));
#6446=CARTESIAN_POINT('',(-1.076991268858E1,1.334705040441E1,
4.554057022053E-1));
#6447=CARTESIAN_POINT('',(-1.081688904188E1,1.320699146303E1,
4.464198295376E-1));
#6448=CARTESIAN_POINT('',(-1.093305008665E1,1.312542219155E1,
4.411865494982E-1));
#6449=CARTESIAN_POINT('',(-1.104054231913E1,1.310624198251E1,
4.399560174319E-1));
#6450=CARTESIAN_POINT('',(-1.112618307500E1,1.310573637233E1,
4.399236021344E-1));
#6451=CARTESIAN_POINT('',(-1.121098321253E1,1.310734614581E1,
4.400269051491E-1));
#6452=CARTESIAN_POINT('',(-1.131479201380E1,1.312765175824E1,
4.413296989034E-1));
#6453=CARTESIAN_POINT('',(-1.142485829914E1,1.321002084543E1,
4.466143557236E-1));
#6454=CARTESIAN_POINT('',(-1.147064573107E1,1.334539484291E1,
4.552996778385E-1));
#6455=CARTESIAN_POINT('',(-1.145345544647E1,1.343037508347E1,
4.607518256962E-1));
#6456=CARTESIAN_POINT('',(-1.143936941677E1,1.346022827748E1,
4.626671396375E-1));
#6458=DIRECTION('',(-2.748032664917E-7,6.402624786890E-2,-9.979482148808E-1));
#6459=VECTOR('',#6458,1.E0);
#6460=SURFACE_OF_LINEAR_EXTRUSION('',#6457,#6459);
#6461=ORIENTED_EDGE('',*,*,#6437,.F.);
#6462=ORIENTED_EDGE('',*,*,#5836,.F.);
#6464=ORIENTED_EDGE('',*,*,#6463,.T.);
#6466=ORIENTED_EDGE('',*,*,#6465,.F.);
#6467=EDGE_LOOP('',(#6461,#6462,#6464,#6466));
#6468=FACE_OUTER_BOUND('',#6467,.F.);
#6469=ADVANCED_FACE('',(#6468),#6460,.T.);
#6470=CARTESIAN_POINT('',(-1.146219808814E1,1.410684598084E1,
2.316588913725E-2));
#6471=DIRECTION('',(9.999946583076E-1,3.261851631849E-3,2.089981385657E-4));
#6472=DIRECTION('',(-3.268540379834E-3,9.979428840909E-1,6.402590675681E-2));
#6473=AXIS2_PLACEMENT_3D('',#6470,#6471,#6472);
#6474=PLANE('',#6473);
#6475=ORIENTED_EDGE('',*,*,#6463,.F.);
#6476=ORIENTED_EDGE('',*,*,#5834,.T.);
#6478=ORIENTED_EDGE('',*,*,#6477,.T.);
#6480=ORIENTED_EDGE('',*,*,#6479,.T.);
#6481=EDGE_LOOP('',(#6475,#6476,#6478,#6480));
#6482=FACE_OUTER_BOUND('',#6481,.F.);
#6483=ADVANCED_FACE('',(#6482),#6474,.F.);
#6484=CARTESIAN_POINT('',(-1.150793108465E1,1.469241048099E1,
5.417213639425E-1));
#6485=CARTESIAN_POINT('',(-1.147636772397E1,1.472251834646E1,
5.436530122526E-1));
#6486=CARTESIAN_POINT('',(-1.145203497097E1,1.478849504662E1,
5.478859311633E-1));
#6487=CARTESIAN_POINT('',(-1.149176832689E1,1.488475575035E1,
5.540618253678E-1));
#6488=CARTESIAN_POINT('',(-1.154976693092E1,1.494200386039E1,
5.577347590597E-1));
#6489=CARTESIAN_POINT('',(-1.160327486278E1,1.496921922133E1,
5.594808538205E-1));
#6490=CARTESIAN_POINT('',(-1.163474997843E1,1.497776524435E1,
5.600291572596E-1));
#6491=CARTESIAN_POINT('',(-1.168360585684E1,1.498252552403E1,
5.603345801941E-1));
#6492=CARTESIAN_POINT('',(-1.172445362658E1,1.496606152621E1,
5.592782961460E-1));
#6493=CARTESIAN_POINT('',(-1.174906115481E1,1.493049169622E1,
5.569962178277E-1));
#6495=DIRECTION('',(-2.748032513803E-7,6.402624786891E-2,-9.979482148808E-1));
#6496=VECTOR('',#6495,1.E0);
#6497=SURFACE_OF_LINEAR_EXTRUSION('',#6494,#6496);
#6498=ORIENTED_EDGE('',*,*,#6477,.F.);
#6499=ORIENTED_EDGE('',*,*,#5832,.F.);
#6501=ORIENTED_EDGE('',*,*,#6500,.T.);
#6503=ORIENTED_EDGE('',*,*,#6502,.F.);
#6504=EDGE_LOOP('',(#6498,#6499,#6501,#6503));
#6505=FACE_OUTER_BOUND('',#6504,.F.);
#6506=ADVANCED_FACE('',(#6505),#6497,.T.);
#6507=CARTESIAN_POINT('',(-1.214813972299E1,1.500846824004E1,
8.101225620280E-2));
#6508=DIRECTION('',(-3.265659900887E-3,9.979428934826E-1,6.402590735850E-2));
#6509=DIRECTION('',(-9.999946677185E-1,-3.258977062997E-3,-2.088137127532E-4));
#6510=AXIS2_PLACEMENT_3D('',#6507,#6508,#6509);
#6511=PLANE('',#6510);
#6512=ORIENTED_EDGE('',*,*,#6500,.F.);
#6513=ORIENTED_EDGE('',*,*,#5830,.T.);
#6515=ORIENTED_EDGE('',*,*,#6514,.F.);
#6517=ORIENTED_EDGE('',*,*,#6516,.T.);
#6518=EDGE_LOOP('',(#6512,#6513,#6515,#6517));
#6519=FACE_OUTER_BOUND('',#6518,.F.);
#6520=ADVANCED_FACE('',(#6519),#6511,.F.);
#6521=CARTESIAN_POINT('',(-1.254553838023E1,1.493013656466E1,
5.569736526356E-1));
#6522=CARTESIAN_POINT('',(-1.257218199166E1,1.496360056440E1,
5.591206394754E-1));
#6523=CARTESIAN_POINT('',(-1.260888058586E1,1.497784904563E1,
5.600348020169E-1));
#6524=CARTESIAN_POINT('',(-1.264929054886E1,1.497569342658E1,
5.598965131826E-1));
#6525=CARTESIAN_POINT('',(-1.266547706797E1,1.497331856125E1,
5.597441513008E-1));
#6526=CARTESIAN_POINT('',(-1.269297822305E1,1.496564020419E1,
5.592515317161E-1));
#6527=CARTESIAN_POINT('',(-1.274595098629E1,1.493840881691E1,
5.575044380609E-1));
#6528=CARTESIAN_POINT('',(-1.280524751321E1,1.487847620870E1,
5.536593049402E-1));
#6529=CARTESIAN_POINT('',(-1.284351849928E1,1.478197920128E1,
5.474682714711E-1));
#6530=CARTESIAN_POINT('',(-1.281673466022E1,1.471272841662E1,
5.430252801437E-1));
#6531=CARTESIAN_POINT('',(-1.278150955305E1,1.467880659563E1,
5.408489181180E-1));
#6533=DIRECTION('',(-2.748033100195E-7,6.402624786890E-2,-9.979482148808E-1));
#6534=VECTOR('',#6533,1.E0);
#6535=SURFACE_OF_LINEAR_EXTRUSION('',#6532,#6534);
#6537=ORIENTED_EDGE('',*,*,#6536,.T.);
#6539=ORIENTED_EDGE('',*,*,#6538,.F.);
#6540=ORIENTED_EDGE('',*,*,#6514,.T.);
#6541=ORIENTED_EDGE('',*,*,#5828,.F.);
#6542=EDGE_LOOP('',(#6537,#6539,#6540,#6541));
#6543=FACE_OUTER_BOUND('',#6542,.F.);
#6544=ADVANCED_FACE('',(#6543),#6535,.T.);
#6545=CARTESIAN_POINT('',(-1.282694618341E1,1.372819697445E1,
-1.127054865161E-3));
#6546=DIRECTION('',(-9.999946598251E-1,-3.261388284491E-3,-2.089684111314E-4));
#6547=DIRECTION('',(3.268076079829E-3,-9.979428856053E-1,-6.402590685381E-2));
#6548=AXIS2_PLACEMENT_3D('',#6545,#6546,#6547);
#6549=PLANE('',#6548);
#6551=ORIENTED_EDGE('',*,*,#6550,.F.);
#6553=ORIENTED_EDGE('',*,*,#6552,.T.);
#6554=ORIENTED_EDGE('',*,*,#6536,.F.);
#6555=ORIENTED_EDGE('',*,*,#5826,.T.);
#6556=EDGE_LOOP('',(#6551,#6553,#6554,#6555));
#6557=FACE_OUTER_BOUND('',#6556,.F.);
#6558=ADVANCED_FACE('',(#6557),#6549,.F.);
#6559=CARTESIAN_POINT('',(-1.279782594418E1,1.270760571153E1,
4.143808408774E-1));
#6560=CARTESIAN_POINT('',(-1.281597777860E1,1.267757153585E1,
4.124539166550E-1));
#6561=CARTESIAN_POINT('',(-1.283040105843E1,1.261556569150E1,
4.084757567300E-1));
#6562=CARTESIAN_POINT('',(-1.281001445836E1,1.252333021079E1,
4.025581176534E-1));
#6563=CARTESIAN_POINT('',(-1.276480604483E1,1.244582112797E1,
3.975852862999E-1));
#6564=CARTESIAN_POINT('',(-1.269437223904E1,1.238244907267E1,
3.935194498011E-1));
#6565=CARTESIAN_POINT('',(-1.263301567379E1,1.236430822100E1,
3.923555542111E-1));
#6566=CARTESIAN_POINT('',(-1.259767400515E1,1.236529047342E1,
3.924185637179E-1));
#6568=DIRECTION('',(-2.748033162976E-7,6.402624786904E-2,-9.979482148808E-1));
#6569=VECTOR('',#6568,1.E0);
#6570=SURFACE_OF_LINEAR_EXTRUSION('',#6567,#6569);
#6571=ORIENTED_EDGE('',*,*,#6550,.T.);
#6572=ORIENTED_EDGE('',*,*,#5824,.F.);
#6574=ORIENTED_EDGE('',*,*,#6573,.T.);
#6576=ORIENTED_EDGE('',*,*,#6575,.F.);
#6577=EDGE_LOOP('',(#6571,#6572,#6574,#6576));
#6578=FACE_OUTER_BOUND('',#6577,.F.);
#6579=ADVANCED_FACE('',(#6578),#6570,.T.);
#6580=CARTESIAN_POINT('',(-1.226600568924E1,1.217645412307E1,
-1.006837503915E-1));
#6581=DIRECTION('',(-4.969463457574E-1,-8.660007762505E-1,-5.556064229150E-2));
#6582=DIRECTION('',(8.677812681997E-1,-4.959267033719E-1,-3.181784789100E-2));
#6583=AXIS2_PLACEMENT_3D('',#6580,#6581,#6582);
#6584=PLANE('',#6583);
#6586=ORIENTED_EDGE('',*,*,#6585,.F.);
#6588=ORIENTED_EDGE('',*,*,#6587,.F.);
#6589=ORIENTED_EDGE('',*,*,#6573,.F.);
#6590=ORIENTED_EDGE('',*,*,#5822,.F.);
#6591=EDGE_LOOP('',(#6586,#6588,#6589,#6590));
#6592=FACE_OUTER_BOUND('',#6591,.F.);
#6593=ADVANCED_FACE('',(#6592),#6584,.F.);
#6594=CARTESIAN_POINT('',(-1.187846197870E1,1.186304838697E1,
-1.207913066165E-1));
#6595=DIRECTION('',(-2.748031715060E-7,6.402624786891E-2,-9.979482148808E-1));
#6596=DIRECTION('',(4.968043199089E-1,8.660819269379E-1,5.556584878718E-2));
#6597=AXIS2_PLACEMENT_3D('',#6594,#6595,#6596);
#6598=CYLINDRICAL_SURFACE('',#6597,7.993836977847E-2);
#6599=ORIENTED_EDGE('',*,*,#6585,.T.);
#6600=ORIENTED_EDGE('',*,*,#5820,.F.);
#6602=ORIENTED_EDGE('',*,*,#6601,.T.);
#6604=ORIENTED_EDGE('',*,*,#6603,.F.);
#6605=EDGE_LOOP('',(#6599,#6600,#6602,#6604));
#6606=FACE_OUTER_BOUND('',#6605,.F.);
#6607=ADVANCED_FACE('',(#6606),#6598,.T.);
#6608=CARTESIAN_POINT('',(-1.179754638436E1,1.156477232440E1,
-1.399280905372E-1));
#6609=DIRECTION('',(-9.999946598251E-1,-3.261388284437E-3,-2.089684112519E-4));
#6610=DIRECTION('',(3.268076079783E-3,-9.979428856053E-1,-6.402590685454E-2));
#6611=AXIS2_PLACEMENT_3D('',#6608,#6609,#6610);
#6612=PLANE('',#6611);
#6613=ORIENTED_EDGE('',*,*,#6601,.F.);
#6614=ORIENTED_EDGE('',*,*,#5818,.T.);
#6616=ORIENTED_EDGE('',*,*,#6615,.F.);
#6618=ORIENTED_EDGE('',*,*,#6617,.T.);
#6619=EDGE_LOOP('',(#6613,#6614,#6616,#6618));
#6620=FACE_OUTER_BOUND('',#6619,.F.);
#6621=ADVANCED_FACE('',(#6620),#6612,.F.);
#6622=CARTESIAN_POINT('',(-1.175315220312E1,1.132946371742E1,
3.259618761689E-1));
#6623=CARTESIAN_POINT('',(-1.178472282590E1,1.129935673777E1,
3.240302846923E-1));
#6624=CARTESIAN_POINT('',(-1.180905864898E1,1.123338421468E1,
3.197976337743E-1));
#6625=CARTESIAN_POINT('',(-1.176932524892E1,1.113712981466E1,
3.136221440027E-1));
#6626=CARTESIAN_POINT('',(-1.171132703460E1,1.107988958273E1,
3.099497157529E-1));
#6627=CARTESIAN_POINT('',(-1.165781964244E1,1.105267634656E1,
3.082037573132E-1));
#6628=CARTESIAN_POINT('',(-1.162634356906E1,1.104413060947E1,
3.076554722194E-1));
#6629=CARTESIAN_POINT('',(-1.157748702130E1,1.103937070682E1,
3.073500734741E-1));
#6630=CARTESIAN_POINT('',(-1.153663881738E1,1.105583181148E1,
3.084061719026E-1));
#6631=CARTESIAN_POINT('',(-1.151202983929E1,1.109139054493E1,
3.106875382989E-1));
#6633=DIRECTION('',(-2.748031878509E-7,6.402624786890E-2,-9.979482148808E-1));
#6634=VECTOR('',#6633,1.E0);
#6635=SURFACE_OF_LINEAR_EXTRUSION('',#6632,#6634);
#6636=ORIENTED_EDGE('',*,*,#6615,.T.);
#6637=ORIENTED_EDGE('',*,*,#5816,.F.);
#6639=ORIENTED_EDGE('',*,*,#6638,.T.);
#6641=ORIENTED_EDGE('',*,*,#6640,.F.);
#6642=EDGE_LOOP('',(#6636,#6637,#6639,#6641));
#6643=FACE_OUTER_BOUND('',#6642,.F.);
#6644=ADVANCED_FACE('',(#6643),#6635,.T.);
#6645=CARTESIAN_POINT('',(-1.111295346034E1,1.107489287941E1,
-1.713579086693E-1));
#6646=DIRECTION('',(3.265686869011E-3,-9.979428933947E-1,-6.402590735297E-2));
#6647=DIRECTION('',(9.999946676304E-1,3.259003975848E-3,2.088154384966E-4));
#6648=AXIS2_PLACEMENT_3D('',#6645,#6646,#6647);
#6649=PLANE('',#6648);
#6651=ORIENTED_EDGE('',*,*,#6650,.F.);
#6653=ORIENTED_EDGE('',*,*,#6652,.T.);
#6654=ORIENTED_EDGE('',*,*,#6638,.F.);
#6655=ORIENTED_EDGE('',*,*,#5814,.T.);
#6656=EDGE_LOOP('',(#6651,#6653,#6654,#6655));
#6657=FACE_OUTER_BOUND('',#6656,.F.);
#6658=ADVANCED_FACE('',(#6657),#6649,.F.);
#6659=CARTESIAN_POINT('',(-1.071364244753E1,1.109293162554E1,
3.107861909160E-1));
#6660=CARTESIAN_POINT('',(-1.068879186532E1,1.105836046011E1,
3.085681711838E-1));
#6661=CARTESIAN_POINT('',(-1.064811021848E1,1.104242882700E1,
3.075460200790E-1));
#6662=CARTESIAN_POINT('',(-1.059956179282E1,1.104747726768E1,
3.078699039918E-1));
#6663=CARTESIAN_POINT('',(-1.056812209262E1,1.105624390575E1,
3.084323443010E-1));
#6664=CARTESIAN_POINT('',(-1.053046313255E1,1.107567972879E1,
3.096792952517E-1));
#6665=CARTESIAN_POINT('',(-1.049136109443E1,1.110731845424E1,
3.117091582265E-1));
#6666=CARTESIAN_POINT('',(-1.045033281056E1,1.115842671945E1,
3.149881451849E-1));
#6667=CARTESIAN_POINT('',(-1.041735543441E1,1.123975033188E1,
3.202056871651E-1));
#6668=CARTESIAN_POINT('',(-1.044434201034E1,1.130733798016E1,
3.245419752337E-1));
#6669=CARTESIAN_POINT('',(-1.048055215822E1,1.133826318735E1,
3.265260811233E-1));
#6671=DIRECTION('',(-2.748032975956E-7,6.402624786900E-2,-9.979482148808E-1));
#6672=VECTOR('',#6671,1.E0);
#6673=SURFACE_OF_LINEAR_EXTRUSION('',#6670,#6672);
#6674=ORIENTED_EDGE('',*,*,#6650,.T.);
#6675=ORIENTED_EDGE('',*,*,#5812,.F.);
#6677=ORIENTED_EDGE('',*,*,#6676,.T.);
#6679=ORIENTED_EDGE('',*,*,#6678,.F.);
#6680=EDGE_LOOP('',(#6674,#6675,#6677,#6679));
#6681=FACE_OUTER_BOUND('',#6680,.F.);
#6682=ADVANCED_FACE('',(#6681),#6673,.T.);
#6683=CARTESIAN_POINT('',(-1.043158337975E1,1.156914403419E1,
-1.396479870215E-1));
#6684=DIRECTION('',(9.999946598251E-1,3.261388284335E-3,2.089684111722E-4));
#6685=DIRECTION('',(-3.268076079676E-3,9.979428856053E-1,6.402590685346E-2));
#6686=AXIS2_PLACEMENT_3D('',#6683,#6684,#6685);
#6687=PLANE('',#6686);
#6689=ORIENTED_EDGE('',*,*,#6688,.F.);
#6691=ORIENTED_EDGE('',*,*,#6690,.T.);
#6692=ORIENTED_EDGE('',*,*,#6676,.F.);
#6693=ORIENTED_EDGE('',*,*,#5810,.T.);
#6694=EDGE_LOOP('',(#6689,#6691,#6692,#6693));
#6695=FACE_OUTER_BOUND('',#6694,.F.);
#6696=ADVANCED_FACE('',(#6695),#6687,.F.);
#6697=CARTESIAN_POINT('',(-1.035262329354E1,1.186786159874E1,
-1.204829212939E-1));
#6698=DIRECTION('',(-2.748032788276E-7,6.402624786885E-2,-9.979482148808E-1));
#6699=DIRECTION('',(-9.999950424253E-1,-3.142385968993E-3,-2.013334740600E-4));
#6700=AXIS2_PLACEMENT_3D('',#6697,#6698,#6699);
#6701=CYLINDRICAL_SURFACE('',#6700,7.993790397254E-2);
#6702=ORIENTED_EDGE('',*,*,#6688,.T.);
#6703=ORIENTED_EDGE('',*,*,#5808,.F.);
#6705=ORIENTED_EDGE('',*,*,#6704,.T.);
#6707=ORIENTED_EDGE('',*,*,#6706,.F.);
#6708=EDGE_LOOP('',(#6702,#6703,#6705,#6707));
#6709=FACE_OUTER_BOUND('',#6708,.F.);
#6710=ADVANCED_FACE('',(#6709),#6701,.T.);
#6711=CARTESIAN_POINT('',(-9.964202388980E0,1.218560631429E1,
-1.000971989933E-1));
#6712=DIRECTION('',(5.027793860505E-1,-8.626411645412E-1,-5.534537199892E-2));
#6713=DIRECTION('',(8.644147667426E-1,5.017478059970E-1,3.219084053854E-2));
#6714=AXIS2_PLACEMENT_3D('',#6711,#6712,#6713);
#6715=PLANE('',#6714);
#6716=ORIENTED_EDGE('',*,*,#6704,.F.);
#6717=ORIENTED_EDGE('',*,*,#5806,.F.);
#6718=ORIENTED_EDGE('',*,*,#6350,.F.);
#6720=ORIENTED_EDGE('',*,*,#6719,.F.);
#6721=EDGE_LOOP('',(#6716,#6717,#6718,#6720));
#6722=FACE_OUTER_BOUND('',#6721,.F.);
#6723=ADVANCED_FACE('',(#6722),#6715,.F.);
#6724=CARTESIAN_POINT('',(-1.283060387473E1,1.498600926213E1,
5.605584053126E-1));
#6725=DIRECTION('',(-2.748033143434E-7,6.402624786896E-2,-9.979482148808E-1));
#6726=DIRECTION('',(-1.043981189182E-6,-9.979482148803E-1,-6.402624786864E-2));
#6727=AXIS2_PLACEMENT_3D('',#6724,#6725,#6726);
#6728=PLANE('',#6727);
#6729=ORIENTED_EDGE('',*,*,#6516,.F.);
#6730=ORIENTED_EDGE('',*,*,#6538,.T.);
#6731=ORIENTED_EDGE('',*,*,#6552,.F.);
#6732=ORIENTED_EDGE('',*,*,#6575,.T.);
#6733=ORIENTED_EDGE('',*,*,#6587,.T.);
#6734=ORIENTED_EDGE('',*,*,#6603,.T.);
#6735=ORIENTED_EDGE('',*,*,#6617,.F.);
#6736=ORIENTED_EDGE('',*,*,#6640,.T.);
#6737=ORIENTED_EDGE('',*,*,#6652,.F.);
#6738=ORIENTED_EDGE('',*,*,#6678,.T.);
#6739=ORIENTED_EDGE('',*,*,#6690,.F.);
#6740=ORIENTED_EDGE('',*,*,#6706,.T.);
#6741=ORIENTED_EDGE('',*,*,#6719,.T.);
#6742=ORIENTED_EDGE('',*,*,#6348,.T.);
#6743=ORIENTED_EDGE('',*,*,#6365,.F.);
#6744=ORIENTED_EDGE('',*,*,#6388,.T.);
#6745=ORIENTED_EDGE('',*,*,#6402,.F.);
#6746=ORIENTED_EDGE('',*,*,#6425,.T.);
#6747=ORIENTED_EDGE('',*,*,#6439,.F.);
#6748=ORIENTED_EDGE('',*,*,#6465,.T.);
#6749=ORIENTED_EDGE('',*,*,#6479,.F.);
#6750=ORIENTED_EDGE('',*,*,#6502,.T.);
#6751=EDGE_LOOP('',(#6729,#6730,#6731,#6732,#6733,#6734,#6735,#6736,#6737,#6738,
#6739,#6740,#6741,#6742,#6743,#6744,#6745,#6746,#6747,#6748,#6749,#6750));
#6752=FACE_OUTER_BOUND('',#6751,.F.);
#6753=ADVANCED_FACE('',(#6752),#6728,.T.);
#6754=CARTESIAN_POINT('',(-7.642265761938E0,1.110310092450E1,
3.114377858920E-1));
#6755=CARTESIAN_POINT('',(-7.617499546227E0,1.106838386960E1,
3.092104062106E-1));
#6756=CARTESIAN_POINT('',(-7.576818045954E0,1.105243519544E1,
3.081871617882E-1));
#6757=CARTESIAN_POINT('',(-7.528258905529E0,1.105748799074E1,
3.085113250823E-1));
#6758=CARTESIAN_POINT('',(-7.496821894728E0,1.106624761053E1,
3.090733151135E-1));
#6759=CARTESIAN_POINT('',(-7.443484981591E0,1.109382622047E1,
3.108426857406E-1));
#6760=CARTESIAN_POINT('',(-7.385874501216E0,1.115144708726E1,
3.145395028835E-1));
#6761=CARTESIAN_POINT('',(-7.346060849028E0,1.124976469924E1,
3.208473420668E-1));
#6762=CARTESIAN_POINT('',(-7.373048162187E0,1.131758243977E1,
3.251983923687E-1));
#6763=CARTESIAN_POINT('',(-7.409206027988E0,1.134893860609E1,
3.272101476724E-1));
#6765=DIRECTION('',(-2.748032698842E-7,6.402624786900E-2,-9.979482148808E-1));
#6766=VECTOR('',#6765,1.E0);
#6767=SURFACE_OF_LINEAR_EXTRUSION('',#6764,#6766);
#6769=ORIENTED_EDGE('',*,*,#6768,.T.);
#6771=ORIENTED_EDGE('',*,*,#6770,.F.);
#6773=ORIENTED_EDGE('',*,*,#6772,.T.);
#6774=ORIENTED_EDGE('',*,*,#5850,.F.);
#6775=EDGE_LOOP('',(#6769,#6771,#6773,#6774));
#6776=FACE_OUTER_BOUND('',#6775,.F.);
#6777=ADVANCED_FACE('',(#6776),#6767,.T.);
#6778=CARTESIAN_POINT('',(-7.360993990887E0,1.179943883034E1,
-1.248736052717E-1));
#6779=DIRECTION('',(9.999946604417E-1,3.261199987211E-3,2.089563304179E-4));
#6780=DIRECTION('',(-3.267887395412E-3,9.979428862207E-1,6.402590689302E-2));
#6781=AXIS2_PLACEMENT_3D('',#6778,#6779,#6780);
#6782=PLANE('',#6781);
#6783=ORIENTED_EDGE('',*,*,#6768,.F.);
#6784=ORIENTED_EDGE('',*,*,#5888,.T.);
#6786=ORIENTED_EDGE('',*,*,#6785,.T.);
#6788=ORIENTED_EDGE('',*,*,#6787,.T.);
#6789=EDGE_LOOP('',(#6783,#6784,#6786,#6788));
#6790=FACE_OUTER_BOUND('',#6789,.F.);
#6791=ADVANCED_FACE('',(#6790),#6782,.F.);
#6792=CARTESIAN_POINT('',(-7.341271894168E0,1.219304063272E1,
3.813659306182E-1));
#6793=CARTESIAN_POINT('',(-7.355748980599E0,1.222256452746E1,
3.832601252789E-1));
#6794=CARTESIAN_POINT('',(-7.373911799230E0,1.230846590092E1,
3.887713808104E-1));
#6795=CARTESIAN_POINT('',(-7.326938609643E0,1.244852674088E1,
3.977573752886E-1));
#6796=CARTESIAN_POINT('',(-7.210780359619E0,1.253010513789E1,
4.029912408022E-1));
#6797=CARTESIAN_POINT('',(-7.103286244879E0,1.254929221199E1,
4.042222133161E-1));
#6798=CARTESIAN_POINT('',(-7.017643326111E0,1.254980023065E1,
4.042547831357E-1));
#6799=CARTESIAN_POINT('',(-6.932840963566E0,1.254818774972E1,
4.041513064163E-1));
#6800=CARTESIAN_POINT('',(-6.829030044617E0,1.252787543121E1,
4.028480824131E-1));
#6801=CARTESIAN_POINT('',(-6.718965367510E0,1.244549826761E1,
3.975629074286E-1));
#6802=CARTESIAN_POINT('',(-6.673180526022E0,1.231012144241E1,
3.888774038934E-1));
#6803=CARTESIAN_POINT('',(-6.690369245496E0,1.222513980869E1,
3.834251666531E-1));
#6804=CARTESIAN_POINT('',(-6.704453602384E0,1.219528616490E1,
3.815098238543E-1));
#6806=DIRECTION('',(-2.748032692674E-7,6.402624786898E-2,-9.979482148808E-1));
#6807=VECTOR('',#6806,1.E0);
#6808=SURFACE_OF_LINEAR_EXTRUSION('',#6805,#6807);
#6809=ORIENTED_EDGE('',*,*,#6785,.F.);
#6810=ORIENTED_EDGE('',*,*,#5886,.F.);
#6812=ORIENTED_EDGE('',*,*,#6811,.T.);
#6814=ORIENTED_EDGE('',*,*,#6813,.F.);
#6815=EDGE_LOOP('',(#6809,#6810,#6812,#6814));
#6816=FACE_OUTER_BOUND('',#6815,.F.);
#6817=ADVANCED_FACE('',(#6816),#6808,.T.);
#6818=CARTESIAN_POINT('',(-6.682254765426E0,1.180165085861E1,
-1.247318731172E-1));
#6819=DIRECTION('',(-9.999946578235E-1,-3.261999437771E-3,-2.090076214766E-4));
#6820=DIRECTION('',(3.268688489645E-3,-9.979428836078E-1,-6.402590672580E-2));
#6821=AXIS2_PLACEMENT_3D('',#6818,#6819,#6820);
#6822=PLANE('',#6821);
#6823=ORIENTED_EDGE('',*,*,#6811,.F.);
#6824=ORIENTED_EDGE('',*,*,#5884,.T.);
#6826=ORIENTED_EDGE('',*,*,#6825,.T.);
#6828=ORIENTED_EDGE('',*,*,#6827,.T.);
#6829=EDGE_LOOP('',(#6823,#6824,#6826,#6828));
#6830=FACE_OUTER_BOUND('',#6829,.F.);
#6831=ADVANCED_FACE('',(#6830),#6822,.F.);
#6832=CARTESIAN_POINT('',(-6.637136981335E0,1.134613678071E1,
3.270301758745E-1));
#6833=CARTESIAN_POINT('',(-6.668709223016E0,1.131602996641E1,
3.250985950061E-1));
#6834=CARTESIAN_POINT('',(-6.693045973837E0,1.125005778573E1,
3.208659660569E-1));
#6835=CARTESIAN_POINT('',(-6.653311076791E0,1.115380294541E1,
3.146904480371E-1));
#6836=CARTESIAN_POINT('',(-6.595309930863E0,1.109656357754E1,
3.110180752226E-1));
#6837=CARTESIAN_POINT('',(-6.541799918308E0,1.106934992241E1,
3.092720899023E-1));
#6838=CARTESIAN_POINT('',(-6.510321680733E0,1.106080390091E1,
3.087237865606E-1));
#6839=CARTESIAN_POINT('',(-6.461464195528E0,1.105604395516E1,
3.084183850499E-1));
#6840=CARTESIAN_POINT('',(-6.420615623896E0,1.107250521657E1,
3.094744935357E-1));
#6841=CARTESIAN_POINT('',(-6.396005163485E0,1.110806709573E1,
3.117560617458E-1));
#6843=DIRECTION('',(-2.748032694216E-7,6.402624786897E-2,-9.979482148808E-1));
#6844=VECTOR('',#6843,1.E0);
#6845=SURFACE_OF_LINEAR_EXTRUSION('',#6842,#6844);
#6846=ORIENTED_EDGE('',*,*,#6825,.F.);
#6847=ORIENTED_EDGE('',*,*,#5882,.F.);
#6849=ORIENTED_EDGE('',*,*,#6848,.T.);
#6851=ORIENTED_EDGE('',*,*,#6850,.F.);
#6852=EDGE_LOOP('',(#6846,#6847,#6849,#6851));
#6853=FACE_OUTER_BOUND('',#6852,.F.);
#6854=ADVANCED_FACE('',(#6853),#6845,.T.);
#6855=CARTESIAN_POINT('',(-5.996940392051E0,1.109156608859E1,
-1.702895996024E-1));
#6856=DIRECTION('',(3.265659512248E-3,-9.979428934838E-1,-6.402590735866E-2));
#6857=DIRECTION('',(9.999946677197E-1,3.258976675165E-3,2.088136877299E-4));
#6858=AXIS2_PLACEMENT_3D('',#6855,#6856,#6857);
#6859=PLANE('',#6858);
#6860=ORIENTED_EDGE('',*,*,#6848,.F.);
#6861=ORIENTED_EDGE('',*,*,#5880,.T.);
#6863=ORIENTED_EDGE('',*,*,#6862,.T.);
#6865=ORIENTED_EDGE('',*,*,#6864,.T.);
#6866=EDGE_LOOP('',(#6860,#6861,#6863,#6865));
#6867=FACE_OUTER_BOUND('',#6866,.F.);
#6868=ADVANCED_FACE('',(#6867),#6859,.F.);
#6869=CARTESIAN_POINT('',(-5.597561967990E0,1.110977000866E1,
3.118650971852E-1));
#6870=CARTESIAN_POINT('',(-5.572797247931E0,1.107504882726E1,
3.096374527588E-1));
#6871=CARTESIAN_POINT('',(-5.532116334156E0,1.105909882098E1,
3.086141228700E-1));
#6872=CARTESIAN_POINT('',(-5.483558357402E0,1.106415165801E1,
3.089382888421E-1));
#6873=CARTESIAN_POINT('',(-5.452123528449E0,1.107291095053E1,
3.095002578768E-1));
#6874=CARTESIAN_POINT('',(-5.398789209068E0,1.110048913377E1,
3.112696011283E-1));
#6875=CARTESIAN_POINT('',(-5.341181654570E0,1.115811084827E1,
3.149664726584E-1));
#6876=CARTESIAN_POINT('',(-5.301369584195E0,1.125642790132E1,
3.212742759839E-1));
#6877=CARTESIAN_POINT('',(-5.328355762214E0,1.132424581722E1,
3.256253375370E-1));
#6878=CARTESIAN_POINT('',(-5.364511501095E0,1.135560209445E1,
3.276370999561E-1));
#6880=DIRECTION('',(-2.748032701925E-7,6.402624786898E-2,-9.979482148808E-1));
#6881=VECTOR('',#6880,1.E0);
#6882=SURFACE_OF_LINEAR_EXTRUSION('',#6879,#6881);
#6883=ORIENTED_EDGE('',*,*,#6862,.F.);
#6884=ORIENTED_EDGE('',*,*,#5878,.F.);
#6886=ORIENTED_EDGE('',*,*,#6885,.T.);
#6888=ORIENTED_EDGE('',*,*,#6887,.F.);
#6889=EDGE_LOOP('',(#6883,#6884,#6886,#6888));
#6890=FACE_OUTER_BOUND('',#6889,.F.);
#6891=ADVANCED_FACE('',(#6890),#6882,.T.);
#6892=CARTESIAN_POINT('',(-5.320415924325E0,1.306225583485E1,
-4.385449768614E-2));
#6893=DIRECTION('',(9.999946600178E-1,3.261329427377E-3,2.089646350254E-4));
#6894=DIRECTION('',(-3.268017101707E-3,9.979428857977E-1,6.402590686626E-2));
#6895=AXIS2_PLACEMENT_3D('',#6892,#6893,#6894);
#6896=PLANE('',#6895);
#6897=ORIENTED_EDGE('',*,*,#6885,.F.);
#6898=ORIENTED_EDGE('',*,*,#5876,.T.);
#6900=ORIENTED_EDGE('',*,*,#6899,.T.);
#6902=ORIENTED_EDGE('',*,*,#6901,.T.);
#6903=EDGE_LOOP('',(#6897,#6898,#6900,#6902));
#6904=FACE_OUTER_BOUND('',#6903,.F.);
#6905=ADVANCED_FACE('',(#6904),#6896,.F.);
#6906=CARTESIAN_POINT('',(-5.369644545026E0,1.471245788798E1,
5.430058729047E-1));
#6907=CARTESIAN_POINT('',(-5.338073914221E0,1.474256486675E1,
5.449374643260E-1));
#6908=CARTESIAN_POINT('',(-5.313738087919E0,1.480853739158E1,
5.491701153567E-1));
#6909=CARTESIAN_POINT('',(-5.353471489530E0,1.490479179680E1,
5.553456054606E-1));
#6910=CARTESIAN_POINT('',(-5.411469703260E0,1.496203202111E1,
5.590180332213E-1));
#6911=CARTESIAN_POINT('',(-5.464977095251E0,1.498924526942E1,
5.607639924397E-1));
#6912=CARTESIAN_POINT('',(-5.496453167359E0,1.499779098751E1,
5.613122763156E-1));
#6913=CARTESIAN_POINT('',(-5.545309538954E0,1.500255098888E1,
5.616176813943E-1));
#6914=CARTESIAN_POINT('',(-5.586157559876E0,1.498608834346E1,
5.605614841124E-1));
#6915=CARTESIAN_POINT('',(-5.610766466266E0,1.495052219894E1,
5.582796422458E-1));
#6917=DIRECTION('',(-2.748032703468E-7,6.402624786898E-2,-9.979482148808E-1));
#6918=VECTOR('',#6917,1.E0);
#6919=SURFACE_OF_LINEAR_EXTRUSION('',#6916,#6918);
#6920=ORIENTED_EDGE('',*,*,#6899,.F.);
#6921=ORIENTED_EDGE('',*,*,#5874,.F.);
#6923=ORIENTED_EDGE('',*,*,#6922,.T.);
#6925=ORIENTED_EDGE('',*,*,#6924,.F.);
#6926=EDGE_LOOP('',(#6920,#6921,#6923,#6925));
#6927=FACE_OUTER_BOUND('',#6926,.F.);
#6928=ADVANCED_FACE('',(#6927),#6919,.T.);
#6929=CARTESIAN_POINT('',(-6.009843541323E0,1.502849391457E1,
8.229537085541E-2));
#6930=DIRECTION('',(-3.265659669078E-3,9.979428934833E-1,6.402590735862E-2));
#6931=DIRECTION('',(-9.999946677192E-1,-3.258976831676E-3,-2.088136977290E-4));
#6932=AXIS2_PLACEMENT_3D('',#6929,#6930,#6931);
#6933=PLANE('',#6932);
#6934=ORIENTED_EDGE('',*,*,#6922,.F.);
#6935=ORIENTED_EDGE('',*,*,#5872,.T.);
#6937=ORIENTED_EDGE('',*,*,#6936,.F.);
#6939=ORIENTED_EDGE('',*,*,#6938,.T.);
#6940=EDGE_LOOP('',(#6934,#6935,#6937,#6939));
#6941=FACE_OUTER_BOUND('',#6940,.F.);
#6942=ADVANCED_FACE('',(#6941),#6933,.F.);
#6943=CARTESIAN_POINT('',(-6.409232149257E0,1.494882476124E1,
5.581709580926E-1));
#6944=CARTESIAN_POINT('',(-6.433996868974E0,1.498354594263E1,
5.603986025177E-1));
#6945=CARTESIAN_POINT('',(-6.474677782691E0,1.499949594995E1,
5.614219324731E-1));
#6946=CARTESIAN_POINT('',(-6.523235759691E0,1.499444311328E1,
5.610977665242E-1));
#6947=CARTESIAN_POINT('',(-6.554670589567E0,1.498568382045E1,
5.605357974691E-1));
#6948=CARTESIAN_POINT('',(-6.608004908951E0,1.495810563703E1,
5.587664542060E-1));
#6949=CARTESIAN_POINT('',(-6.665612463984E0,1.490048392189E1,
5.550695826341E-1));
#6950=CARTESIAN_POINT('',(-6.705424535513E0,1.480216686309E1,
5.487617789411E-1));
#6951=CARTESIAN_POINT('',(-6.678438403087E0,1.473434894157E1,
5.444107170271E-1));
#6952=CARTESIAN_POINT('',(-6.642282706392E0,1.470299266100E1,
5.423989543938E-1));
#6954=DIRECTION('',(-2.748032800611E-7,6.402624786891E-2,-9.979482148808E-1));
#6955=VECTOR('',#6954,1.E0);
#6956=SURFACE_OF_LINEAR_EXTRUSION('',#6953,#6955);
#6958=ORIENTED_EDGE('',*,*,#6957,.T.);
#6960=ORIENTED_EDGE('',*,*,#6959,.F.);
#6961=ORIENTED_EDGE('',*,*,#6936,.T.);
#6962=ORIENTED_EDGE('',*,*,#5870,.F.);
#6963=EDGE_LOOP('',(#6958,#6960,#6961,#6962));
#6964=FACE_OUTER_BOUND('',#6963,.F.);
#6965=ADVANCED_FACE('',(#6964),#6956,.T.);
#6966=CARTESIAN_POINT('',(-6.690492130456E0,1.431395744431E1,
3.645240883585E-2));
#6967=DIRECTION('',(-9.999946604443E-1,-3.261199185542E-3,-2.089562789727E-4));
#6968=DIRECTION('',(3.267886592094E-3,-9.979428862233E-1,-6.402590689400E-2));
#6969=AXIS2_PLACEMENT_3D('',#6966,#6967,#6968);
#6970=PLANE('',#6969);
#6971=ORIENTED_EDGE('',*,*,#6957,.F.);
#6972=ORIENTED_EDGE('',*,*,#5868,.T.);
#6974=ORIENTED_EDGE('',*,*,#6973,.T.);
#6976=ORIENTED_EDGE('',*,*,#6975,.T.);
#6977=EDGE_LOOP('',(#6971,#6972,#6974,#6976));
#6978=FACE_OUTER_BOUND('',#6977,.F.);
#6979=ADVANCED_FACE('',(#6978),#6970,.F.);
#6980=CARTESIAN_POINT('',(-6.710218658699E0,1.385889009430E1,
4.882431368019E-1));
#6981=CARTESIAN_POINT('',(-6.695738130978E0,1.382936636622E1,
4.863489528318E-1));
#6982=CARTESIAN_POINT('',(-6.677572076611E0,1.374346547125E1,
4.808377279976E-1));
#6983=CARTESIAN_POINT('',(-6.724554035729E0,1.360340557408E1,
4.718517940097E-1));
#6984=CARTESIAN_POINT('',(-6.840718683672E0,1.352183761995E1,
4.666185984901E-1));
#6985=CARTESIAN_POINT('',(-6.948214537279E0,1.350265768043E1,
4.653880837167E-1));
#6986=CARTESIAN_POINT('',(-7.033856557318E0,1.350215241432E1,
4.653556904940E-1));
#6987=CARTESIAN_POINT('',(-7.118656989717E0,1.350376268275E1,
4.654590252639E-1));
#6988=CARTESIAN_POINT('',(-7.222464797462E0,1.352406877943E1,
4.667618500868E-1));
#6989=CARTESIAN_POINT('',(-7.332529649133E0,1.360643796790E1,
4.720465134047E-1));
#6990=CARTESIAN_POINT('',(-7.378316566315E0,1.374181120671E1,
4.807317868445E-1));
#6991=CARTESIAN_POINT('',(-7.361126378706E0,1.382679124153E1,
4.861839215029E-1));
#6992=CARTESIAN_POINT('',(-7.347040358483E0,1.385664450969E1,
4.880992402009E-1));
#6994=DIRECTION('',(-2.748032820142E-7,6.402624786890E-2,-9.979482148808E-1));
#6995=VECTOR('',#6994,1.E0);
#6996=SURFACE_OF_LINEAR_EXTRUSION('',#6993,#6995);
#6997=ORIENTED_EDGE('',*,*,#6973,.F.);
#6998=ORIENTED_EDGE('',*,*,#5866,.F.);
#7000=ORIENTED_EDGE('',*,*,#6999,.T.);
#7002=ORIENTED_EDGE('',*,*,#7001,.F.);
#7003=EDGE_LOOP('',(#6997,#6998,#7000,#7002));
#7004=FACE_OUTER_BOUND('',#7003,.F.);
#7005=ADVANCED_FACE('',(#7004),#6996,.T.);
#7006=CARTESIAN_POINT('',(-7.369241803925E0,1.431174538214E1,
3.631067450949E-2));
#7007=DIRECTION('',(9.999946578213E-1,3.262000115072E-3,2.090076649190E-4));
#7008=DIRECTION('',(-3.268689168338E-3,9.979428836056E-1,6.402590672585E-2));
#7009=AXIS2_PLACEMENT_3D('',#7006,#7007,#7008);
#7010=PLANE('',#7009);
#7011=ORIENTED_EDGE('',*,*,#6999,.F.);
#7012=ORIENTED_EDGE('',*,*,#5864,.T.);
#7014=ORIENTED_EDGE('',*,*,#7013,.T.);
#7016=ORIENTED_EDGE('',*,*,#7015,.T.);
#7017=EDGE_LOOP('',(#7011,#7012,#7014,#7016));
#7018=FACE_OUTER_BOUND('',#7017,.F.);
#7019=ADVANCED_FACE('',(#7018),#7010,.F.);
#7020=CARTESIAN_POINT('',(-7.414357171424E0,1.470579413445E1,
5.425789036158E-1));
#7021=CARTESIAN_POINT('',(-7.382786548844E0,1.473590110990E1,
5.445104948223E-1));
#7022=CARTESIAN_POINT('',(-7.358450725347E0,1.480187363128E1,
5.487431456305E-1));
#7023=CARTESIAN_POINT('',(-7.398184125300E0,1.489812803395E1,
5.549186355726E-1));
#7024=CARTESIAN_POINT('',(-7.456182339623E0,1.495536825904E1,
5.585910633822E-1));
#7025=CARTESIAN_POINT('',(-7.509689731683E0,1.498258150733E1,
5.603370225998E-1));
#7026=CARTESIAN_POINT('',(-7.541165803797E0,1.499112722539E1,
5.608853064739E-1));
#7027=CARTESIAN_POINT('',(-7.590022175395E0,1.499588722670E1,
5.611907115484E-1));
#7028=CARTESIAN_POINT('',(-7.630870196327E0,1.497942458147E1,
5.601345142794E-1));
#7029=CARTESIAN_POINT('',(-7.655479102813E0,1.494385843800E1,
5.578526724840E-1));
#7031=DIRECTION('',(-2.748032823741E-7,6.402624786890E-2,-9.979482148808E-1));
#7032=VECTOR('',#7031,1.E0);
#7033=SURFACE_OF_LINEAR_EXTRUSION('',#7030,#7032);
#7034=ORIENTED_EDGE('',*,*,#7013,.F.);
#7035=ORIENTED_EDGE('',*,*,#5862,.F.);
#7037=ORIENTED_EDGE('',*,*,#7036,.T.);
#7039=ORIENTED_EDGE('',*,*,#7038,.F.);
#7040=EDGE_LOOP('',(#7034,#7035,#7037,#7039));
#7041=FACE_OUTER_BOUND('',#7040,.F.);
#7042=ADVANCED_FACE('',(#7041),#7033,.T.);
#7043=CARTESIAN_POINT('',(-8.054545729461E0,1.502183018648E1,
8.186840319384E-2));
#7044=DIRECTION('',(-3.265659671183E-3,9.979428934833E-1,6.402590735855E-2));
#7045=DIRECTION('',(-9.999946677192E-1,-3.258976833853E-3,-2.088136966657E-4));
#7046=AXIS2_PLACEMENT_3D('',#7043,#7044,#7045);
#7047=PLANE('',#7046);
#7048=ORIENTED_EDGE('',*,*,#7036,.F.);
#7049=ORIENTED_EDGE('',*,*,#5860,.T.);
#7051=ORIENTED_EDGE('',*,*,#7050,.T.);
#7053=ORIENTED_EDGE('',*,*,#7052,.T.);
#7054=EDGE_LOOP('',(#7048,#7049,#7051,#7053));
#7055=FACE_OUTER_BOUND('',#7054,.F.);
#7056=ADVANCED_FACE('',(#7055),#7047,.F.);
#7057=CARTESIAN_POINT('',(-8.453922284314E0,1.494216642536E1,
5.577443363802E-1));
#7058=CARTESIAN_POINT('',(-8.478688500991E0,1.497688348054E1,
5.599717160779E-1));
#7059=CARTESIAN_POINT('',(-8.519370001420E0,1.499283215371E1,
5.609949604363E-1));
#7060=CARTESIAN_POINT('',(-8.567929141558E0,1.498777935794E1,
5.606707971125E-1));
#7061=CARTESIAN_POINT('',(-8.599366151481E0,1.497901973836E1,
5.601088070943E-1));
#7062=CARTESIAN_POINT('',(-8.652703064560E0,1.495144112838E1,
5.583394364646E-1));
#7063=CARTESIAN_POINT('',(-8.710313544608E0,1.489382026213E1,
5.546426193573E-1));
#7064=CARTESIAN_POINT('',(-8.750127194957E0,1.479550265566E1,
5.483347805269E-1));
#7065=CARTESIAN_POINT('',(-8.723139836964E0,1.472768492103E1,
5.439837306035E-1));
#7066=CARTESIAN_POINT('',(-8.686981930231E0,1.469632875843E1,
5.419719755392E-1));
#7068=DIRECTION('',(-2.748032806778E-7,6.402624786891E-2,-9.979482148808E-1));
#7069=VECTOR('',#7068,1.E0);
#7070=SURFACE_OF_LINEAR_EXTRUSION('',#7067,#7069);
#7071=ORIENTED_EDGE('',*,*,#7050,.F.);
#7072=ORIENTED_EDGE('',*,*,#5858,.F.);
#7074=ORIENTED_EDGE('',*,*,#7073,.T.);
#7076=ORIENTED_EDGE('',*,*,#7075,.F.);
#7077=EDGE_LOOP('',(#7071,#7072,#7074,#7076));
#7078=FACE_OUTER_BOUND('',#7077,.F.);
#7079=ADVANCED_FACE('',(#7078),#7070,.T.);
#7080=CARTESIAN_POINT('',(-8.731080645922E0,1.305114040579E1,
-4.456670092842E-2));
#7081=DIRECTION('',(-9.999946600170E-1,-3.261329676925E-3,-2.089646510242E-4));
#7082=DIRECTION('',(3.268017351767E-3,-9.979428857969E-1,-6.402590686614E-2));
#7083=AXIS2_PLACEMENT_3D('',#7080,#7081,#7082);
#7084=PLANE('',#7083);
#7085=ORIENTED_EDGE('',*,*,#7073,.F.);
#7086=ORIENTED_EDGE('',*,*,#5856,.T.);
#7088=ORIENTED_EDGE('',*,*,#7087,.T.);
#7090=ORIENTED_EDGE('',*,*,#7089,.T.);
#7091=EDGE_LOOP('',(#7085,#7086,#7088,#7090));
#7092=FACE_OUTER_BOUND('',#7091,.F.);
#7093=ADVANCED_FACE('',(#7092),#7084,.F.);
#7094=CARTESIAN_POINT('',(-8.681849605703E0,1.133947303008E1,
3.266032067717E-1));
#7095=CARTESIAN_POINT('',(-8.713421856096E0,1.130936621280E1,
3.246716257118E-1));
#7096=CARTESIAN_POINT('',(-8.737758611954E0,1.124339402780E1,
3.204389964841E-1));
#7097=CARTESIAN_POINT('',(-8.698023713426E0,1.114713918349E1,
3.142634782082E-1));
#7098=CARTESIAN_POINT('',(-8.640022567220E0,1.108989981545E1,
3.105911053834E-1));
#7099=CARTESIAN_POINT('',(-8.586512554711E0,1.106268616027E1,
3.088451200598E-1));
#7100=CARTESIAN_POINT('',(-8.555034317160E0,1.105414013875E1,
3.082968167169E-1));
#7101=CARTESIAN_POINT('',(-8.506176831998E0,1.104938019302E1,
3.079914152075E-1));
#7102=CARTESIAN_POINT('',(-8.465328260497E0,1.106584145434E1,
3.090475236872E-1));
#7103=CARTESIAN_POINT('',(-8.440717800631E0,1.110140333290E1,
3.113290918600E-1));
#7105=DIRECTION('',(-2.748032816030E-7,6.402624786890E-2,-9.979482148808E-1));
#7106=VECTOR('',#7105,1.E0);
#7107=SURFACE_OF_LINEAR_EXTRUSION('',#7104,#7106);
#7108=ORIENTED_EDGE('',*,*,#7087,.F.);
#7109=ORIENTED_EDGE('',*,*,#5854,.F.);
#7111=ORIENTED_EDGE('',*,*,#7110,.T.);
#7113=ORIENTED_EDGE('',*,*,#7112,.F.);
#7114=EDGE_LOOP('',(#7108,#7109,#7111,#7113));
#7115=FACE_OUTER_BOUND('',#7114,.F.);
#7116=ADVANCED_FACE('',(#7115),#7107,.T.);
#7117=CARTESIAN_POINT('',(-8.041647804510E0,1.108490234347E1,
-1.707165683554E-1));
#7118=DIRECTION('',(3.265659517603E-3,-9.979428934838E-1,-6.402590735858E-2));
#7119=DIRECTION('',(9.999946677197E-1,3.258976680520E-3,2.088136878998E-4));
#7120=AXIS2_PLACEMENT_3D('',#7117,#7118,#7119);
#7121=PLANE('',#7120);
#7122=ORIENTED_EDGE('',*,*,#7110,.F.);
#7123=ORIENTED_EDGE('',*,*,#5852,.T.);
#7124=ORIENTED_EDGE('',*,*,#6772,.F.);
#7126=ORIENTED_EDGE('',*,*,#7125,.T.);
#7127=EDGE_LOOP('',(#7122,#7123,#7124,#7126));
#7128=FACE_OUTER_BOUND('',#7127,.F.);
#7129=ADVANCED_FACE('',(#7128),#7121,.F.);
#7130=CARTESIAN_POINT('',(-8.736999489575E0,1.499937124284E1,
5.614145544993E-1));
#7131=DIRECTION('',(-2.748033144003E-7,6.402624786895E-2,-9.979482148808E-1));
#7132=DIRECTION('',(-1.043981189182E-6,-9.979482148803E-1,-6.402624786863E-2));
#7133=AXIS2_PLACEMENT_3D('',#7130,#7131,#7132);
#7134=PLANE('',#7133);
#7135=ORIENTED_EDGE('',*,*,#6938,.F.);
#7136=ORIENTED_EDGE('',*,*,#6959,.T.);
#7137=ORIENTED_EDGE('',*,*,#6975,.F.);
#7138=ORIENTED_EDGE('',*,*,#7001,.T.);
#7139=ORIENTED_EDGE('',*,*,#7015,.F.);
#7140=ORIENTED_EDGE('',*,*,#7038,.T.);
#7141=ORIENTED_EDGE('',*,*,#7052,.F.);
#7142=ORIENTED_EDGE('',*,*,#7075,.T.);
#7143=ORIENTED_EDGE('',*,*,#7089,.F.);
#7144=ORIENTED_EDGE('',*,*,#7112,.T.);
#7145=ORIENTED_EDGE('',*,*,#7125,.F.);
#7146=ORIENTED_EDGE('',*,*,#6770,.T.);
#7147=ORIENTED_EDGE('',*,*,#6787,.F.);
#7148=ORIENTED_EDGE('',*,*,#6813,.T.);
#7149=ORIENTED_EDGE('',*,*,#6827,.F.);
#7150=ORIENTED_EDGE('',*,*,#6850,.T.);
#7151=ORIENTED_EDGE('',*,*,#6864,.F.);
#7152=ORIENTED_EDGE('',*,*,#6887,.T.);
#7153=ORIENTED_EDGE('',*,*,#6901,.F.);
#7154=ORIENTED_EDGE('',*,*,#6924,.T.);
#7155=EDGE_LOOP('',(#7135,#7136,#7137,#7138,#7139,#7140,#7141,#7142,#7143,#7144,
#7145,#7146,#7147,#7148,#7149,#7150,#7151,#7152,#7153,#7154));
#7156=FACE_OUTER_BOUND('',#7155,.F.);
#7157=ADVANCED_FACE('',(#7156),#7134,.T.);
#7158=CARTESIAN_POINT('',(-1.903300482763E0,1.110489631585E1,
-1.694354876591E-1));
#7159=DIRECTION('',(3.265686869024E-3,-9.979428933947E-1,-6.402590735288E-2));
#7160=DIRECTION('',(9.999946676304E-1,3.259003975813E-3,2.088154392442E-4));
#7161=AXIS2_PLACEMENT_3D('',#7158,#7159,#7160);
#7162=PLANE('',#7161);
#7164=ORIENTED_EDGE('',*,*,#7163,.F.);
#7166=ORIENTED_EDGE('',*,*,#7165,.T.);
#7168=ORIENTED_EDGE('',*,*,#7167,.F.);
#7169=ORIENTED_EDGE('',*,*,#5892,.T.);
#7170=EDGE_LOOP('',(#7164,#7166,#7168,#7169));
#7171=FACE_OUTER_BOUND('',#7170,.F.);
#7172=ADVANCED_FACE('',(#7171),#7162,.F.);
#7173=CARTESIAN_POINT('',(-1.503922341517E0,1.112309868120E1,
3.127191093680E-1));
#7174=CARTESIAN_POINT('',(-1.479157192548E0,1.108837871324E1,
3.104915428062E-1));
#7175=CARTESIAN_POINT('',(-1.438476054578E0,1.107242906266E1,
3.094682357393E-1));
#7176=CARTESIAN_POINT('',(-1.389917623643E0,1.107748194687E1,
3.097924047369E-1));
#7177=CARTESIAN_POINT('',(-1.358481925478E0,1.108624148069E1,
3.103543892535E-1));
#7178=CARTESIAN_POINT('',(-1.305146121072E0,1.111382042886E1,
3.121237815804E-1));
#7179=CARTESIAN_POINT('',(-1.247536966232E0,1.117144374035E1,
3.158207555696E-1));
#7180=CARTESIAN_POINT('',(-1.207724169886E0,1.126976259426E1,
3.221286744349E-1));
#7181=CARTESIAN_POINT('',(-1.234709937054E0,1.133758135135E1,
3.264797899563E-1));
#7182=CARTESIAN_POINT('',(-1.270864358569E0,1.136893776893E1,
3.284915613786E-1));
#7184=DIRECTION('',(-2.748032687663E-7,6.402624786891E-2,-9.979482148808E-1));
#7185=VECTOR('',#7184,1.E0);
#7186=SURFACE_OF_LINEAR_EXTRUSION('',#7183,#7185);
#7187=ORIENTED_EDGE('',*,*,#7163,.T.);
#7188=ORIENTED_EDGE('',*,*,#5926,.F.);
#7190=ORIENTED_EDGE('',*,*,#7189,.T.);
#7192=ORIENTED_EDGE('',*,*,#7191,.F.);
#7193=EDGE_LOOP('',(#7187,#7188,#7190,#7192));
#7194=FACE_OUTER_BOUND('',#7193,.F.);
#7195=ADVANCED_FACE('',(#7194),#7186,.T.);
#7196=CARTESIAN_POINT('',(-1.225881887192E0,1.280424373455E1,
-6.040913612560E-2));
#7197=DIRECTION('',(9.999946600514E-1,3.261319172695E-3,2.089639771069E-4));
#7198=DIRECTION('',(-3.268006825941E-3,9.979428858312E-1,6.402590686828E-2));
#7199=AXIS2_PLACEMENT_3D('',#7196,#7197,#7198);
#7200=PLANE('',#7199);
#7201=ORIENTED_EDGE('',*,*,#7189,.F.);
#7202=ORIENTED_EDGE('',*,*,#5924,.T.);
#7204=ORIENTED_EDGE('',*,*,#7203,.T.);
#7206=ORIENTED_EDGE('',*,*,#7205,.T.);
#7207=EDGE_LOOP('',(#7201,#7202,#7204,#7206));
#7208=FACE_OUTER_BOUND('',#7207,.F.);
#7209=ADVANCED_FACE('',(#7208),#7200,.F.);
#7210=CARTESIAN_POINT('',(-1.256416489816E0,1.418243381430E1,
5.089995161228E-1));
#7211=CARTESIAN_POINT('',(-1.238230296821E0,1.421250830256E1,
5.109290267051E-1));
#7212=CARTESIAN_POINT('',(-1.223699306868E0,1.427490959278E1,
5.149325575718E-1));
#7213=CARTESIAN_POINT('',(-1.244555336518E0,1.436788029540E1,
5.208973670624E-1));
#7214=CARTESIAN_POINT('',(-1.290699138936E0,1.444605580813E1,
5.259129554074E-1));
#7215=CARTESIAN_POINT('',(-1.362303012039E0,1.450914860684E1,
5.299608757161E-1));
#7216=CARTESIAN_POINT('',(-1.423328925531E0,1.452784573017E1,
5.311604604288E-1));
#7217=CARTESIAN_POINT('',(-1.457690597511E0,1.452783072583E1,
5.311595072433E-1));
#7219=DIRECTION('',(-2.748032715996E-7,6.402624786891E-2,-9.979482148808E-1));
#7220=VECTOR('',#7219,1.E0);
#7221=SURFACE_OF_LINEAR_EXTRUSION('',#7218,#7220);
#7222=ORIENTED_EDGE('',*,*,#7203,.F.);
#7223=ORIENTED_EDGE('',*,*,#5922,.F.);
#7225=ORIENTED_EDGE('',*,*,#7224,.T.);
#7227=ORIENTED_EDGE('',*,*,#7226,.F.);
#7228=EDGE_LOOP('',(#7222,#7223,#7225,#7227));
#7229=FACE_OUTER_BOUND('',#7228,.F.);
#7230=ADVANCED_FACE('',(#7229),#7221,.T.);
#7231=CARTESIAN_POINT('',(-1.749373348023E0,1.475312616936E1,
6.462718523374E-2));
#7232=DIRECTION('',(4.965423767172E-1,8.662315151921E-1,5.557544612544E-2));
#7233=DIRECTION('',(-8.680124815485E-1,4.955235631852E-1,3.179198333306E-2));
#7234=AXIS2_PLACEMENT_3D('',#7231,#7232,#7233);
#7235=PLANE('',#7234);
#7236=ORIENTED_EDGE('',*,*,#7224,.F.);
#7237=ORIENTED_EDGE('',*,*,#5920,.F.);
#7239=ORIENTED_EDGE('',*,*,#7238,.T.);
#7241=ORIENTED_EDGE('',*,*,#7240,.F.);
#7242=EDGE_LOOP('',(#7236,#7237,#7239,#7241));
#7243=FACE_OUTER_BOUND('',#7242,.F.);
#7244=ADVANCED_FACE('',(#7243),#7235,.F.);
#7245=CARTESIAN_POINT('',(-2.056510711077E0,1.488607370525E1,
5.541437843969E-1));
#7246=CARTESIAN_POINT('',(-2.080616236904E0,1.490772899702E1,
5.555331487774E-1));
#7247=CARTESIAN_POINT('',(-2.131636630048E0,1.494406818226E1,
5.578646081332E-1));
#7248=CARTESIAN_POINT('',(-2.216417523030E0,1.498264097330E1,
5.603393802116E-1));
#7249=CARTESIAN_POINT('',(-2.289377461304E0,1.500188821509E1,
5.615742626483E-1));
#7250=CARTESIAN_POINT('',(-2.349221750994E0,1.500975575226E1,
5.620790436812E-1));
#7251=CARTESIAN_POINT('',(-2.444008591959E0,1.501382767477E1,
5.623403157222E-1));
#7252=CARTESIAN_POINT('',(-2.523730205452E0,1.499765847568E1,
5.613029560428E-1));
#7253=CARTESIAN_POINT('',(-2.583772756292E0,1.496866096140E1,
5.594425533635E-1));
#7255=DIRECTION('',(-2.748032684656E-7,6.402624786891E-2,-9.979482148808E-1));
#7256=VECTOR('',#7255,1.E0);
#7257=SURFACE_OF_LINEAR_EXTRUSION('',#7254,#7256);
#7258=ORIENTED_EDGE('',*,*,#7238,.F.);
#7259=ORIENTED_EDGE('',*,*,#5918,.F.);
#7261=ORIENTED_EDGE('',*,*,#7260,.T.);
#7263=ORIENTED_EDGE('',*,*,#7262,.F.);
#7264=EDGE_LOOP('',(#7258,#7259,#7261,#7263));
#7265=FACE_OUTER_BOUND('',#7264,.F.);
#7266=ADVANCED_FACE('',(#7265),#7257,.T.);
#7267=CARTESIAN_POINT('',(-2.938546110865E0,1.503995517229E1,
8.302985518491E-2));
#7268=DIRECTION('',(-3.265683462048E-3,9.979428934058E-1,6.402590735359E-2));
#7269=DIRECTION('',(-9.999946676415E-1,-3.259000575832E-3,-2.088152210318E-4));
#7270=AXIS2_PLACEMENT_3D('',#7267,#7268,#7269);
#7271=PLANE('',#7270);
#7272=ORIENTED_EDGE('',*,*,#7260,.F.);
#7273=ORIENTED_EDGE('',*,*,#5916,.T.);
#7275=ORIENTED_EDGE('',*,*,#7274,.F.);
#7277=ORIENTED_EDGE('',*,*,#7276,.T.);
#7278=EDGE_LOOP('',(#7272,#7273,#7275,#7277));
#7279=FACE_OUTER_BOUND('',#7278,.F.);
#7280=ADVANCED_FACE('',(#7279),#7271,.F.);
#7281=CARTESIAN_POINT('',(-3.293045734619E0,1.496625446242E1,
5.592883527857E-1));
#7282=CARTESIAN_POINT('',(-3.353276231640E0,1.499493845585E1,
5.611286737516E-1));
#7283=CARTESIAN_POINT('',(-3.433100470946E0,1.501060749174E1,
5.621339879515E-1));
#7284=CARTESIAN_POINT('',(-3.527852860445E0,1.500591330186E1,
5.618328447437E-1));
#7285=CARTESIAN_POINT('',(-3.587637728545E0,1.499765195404E1,
5.613028305944E-1));
#7286=CARTESIAN_POINT('',(-3.660470637583E0,1.497792726481E1,
5.600373562862E-1));
#7287=CARTESIAN_POINT('',(-3.744942930202E0,1.493882276307E1,
5.575285173795E-1));
#7288=CARTESIAN_POINT('',(-3.795689235483E0,1.490220493009E1,
5.551792085969E-1));
#7289=CARTESIAN_POINT('',(-3.819623009429E0,1.488045716938E1,
5.537839248340E-1));
#7291=DIRECTION('',(-2.748032718702E-7,6.402624786899E-2,-9.979482148808E-1));
#7292=VECTOR('',#7291,1.E0);
#7293=SURFACE_OF_LINEAR_EXTRUSION('',#7290,#7292);
#7295=ORIENTED_EDGE('',*,*,#7294,.T.);
#7297=ORIENTED_EDGE('',*,*,#7296,.F.);
#7298=ORIENTED_EDGE('',*,*,#7274,.T.);
#7299=ORIENTED_EDGE('',*,*,#5914,.F.);
#7300=EDGE_LOOP('',(#7295,#7297,#7298,#7299));
#7301=FACE_OUTER_BOUND('',#7300,.F.);
#7302=ADVANCED_FACE('',(#7301),#7293,.T.);
#7303=CARTESIAN_POINT('',(-4.127105609257E0,1.473928678436E1,
1.439044145878E-1));
#7304=DIRECTION('',(-5.025504641699E-1,8.627740013065E-1,5.535389446203E-2));
#7305=DIRECTION('',(-8.645478766167E-1,-5.015193538174E-1,-3.217618349172E-2));
#7306=AXIS2_PLACEMENT_3D('',#7303,#7304,#7305);
#7307=PLANE('',#7306);
#7308=ORIENTED_EDGE('',*,*,#7294,.F.);
#7309=ORIENTED_EDGE('',*,*,#5912,.F.);
#7311=ORIENTED_EDGE('',*,*,#7310,.T.);
#7313=ORIENTED_EDGE('',*,*,#7312,.F.);
#7314=EDGE_LOOP('',(#7308,#7309,#7311,#7313));
#7315=FACE_OUTER_BOUND('',#7314,.F.);
#7316=ADVANCED_FACE('',(#7315),#7307,.F.);
#7317=CARTESIAN_POINT('',(-4.417928862112E0,1.451513652009E1,
5.303458889932E-1));
#7318=CARTESIAN_POINT('',(-4.453063637753E0,1.451579486732E1,
5.303881368358E-1));
#7319=CARTESIAN_POINT('',(-4.514097306092E0,1.449725662919E1,
5.291987794727E-1));
#7320=CARTESIAN_POINT('',(-4.583982258582E0,1.443354063319E1,
5.251109151039E-1));
#7321=CARTESIAN_POINT('',(-4.628679517735E0,1.435572679556E1,
5.201185560842E-1));
#7322=CARTESIAN_POINT('',(-4.648490903336E0,1.426318500160E1,
5.141812756668E-1));
#7323=CARTESIAN_POINT('',(-4.633561721842E0,1.420110292645E1,
5.101982168517E-1));
#7324=CARTESIAN_POINT('',(-4.615034512030E0,1.417105999265E1,
5.082707206259E-1));
#7326=DIRECTION('',(-2.748032725366E-7,6.402624786898E-2,-9.979482148808E-1));
#7327=VECTOR('',#7326,1.E0);
#7328=SURFACE_OF_LINEAR_EXTRUSION('',#7325,#7327);
#7329=ORIENTED_EDGE('',*,*,#7310,.F.);
#7330=ORIENTED_EDGE('',*,*,#5910,.F.);
#7332=ORIENTED_EDGE('',*,*,#7331,.T.);
#7334=ORIENTED_EDGE('',*,*,#7333,.F.);
#7335=EDGE_LOOP('',(#7329,#7330,#7332,#7334));
#7336=FACE_OUTER_BOUND('',#7335,.F.);
#7337=ADVANCED_FACE('',(#7336),#7328,.T.);
#7338=CARTESIAN_POINT('',(-4.638807768331E0,1.348355173154E1,
-1.682523124038E-2));
#7339=DIRECTION('',(-9.999946598251E-1,-3.261388284488E-3,-2.089684111752E-4));
#7340=DIRECTION('',(3.268076079829E-3,-9.979428856053E-1,-6.402590685390E-2));
#7341=AXIS2_PLACEMENT_3D('',#7338,#7339,#7340);
#7342=PLANE('',#7341);
#7344=ORIENTED_EDGE('',*,*,#7343,.F.);
#7346=ORIENTED_EDGE('',*,*,#7345,.T.);
#7347=ORIENTED_EDGE('',*,*,#7331,.F.);
#7348=ORIENTED_EDGE('',*,*,#5908,.T.);
#7349=EDGE_LOOP('',(#7344,#7346,#7347,#7348));
#7350=FACE_OUTER_BOUND('',#7349,.F.);
#7351=ADVANCED_FACE('',(#7350),#7342,.F.);
#7352=CARTESIAN_POINT('',(-4.610567131384E0,1.273429104071E1,
4.160906606743E-1));
#7353=CARTESIAN_POINT('',(-4.628725605913E0,1.270425797550E1,
4.141638076996E-1));
#7354=CARTESIAN_POINT('',(-4.643152030147E0,1.264225770290E1,
4.101860052466E-1));
#7355=CARTESIAN_POINT('',(-4.622765138018E0,1.255003178662E1,
4.042689798035E-1));
#7356=CARTESIAN_POINT('',(-4.577558484567E0,1.247253444083E1,
3.992969014738E-1));
#7357=CARTESIAN_POINT('',(-4.507127519033E0,1.240916817753E1,
3.952314365776E-1));
#7358=CARTESIAN_POINT('',(-4.445773151027E0,1.239102717195E1,
3.940675311141E-1));
#7359=CARTESIAN_POINT('',(-4.410432357291E0,1.239200821594E1,
3.941304630916E-1));
#7361=DIRECTION('',(-2.748032668001E-7,6.402624786889E-2,-9.979482148808E-1));
#7362=VECTOR('',#7361,1.E0);
#7363=SURFACE_OF_LINEAR_EXTRUSION('',#7360,#7362);
#7364=ORIENTED_EDGE('',*,*,#7343,.T.);
#7365=ORIENTED_EDGE('',*,*,#5906,.F.);
#7367=ORIENTED_EDGE('',*,*,#7366,.T.);
#7369=ORIENTED_EDGE('',*,*,#7368,.F.);
#7370=EDGE_LOOP('',(#7364,#7365,#7367,#7369));
#7371=FACE_OUTER_BOUND('',#7370,.F.);
#7372=ADVANCED_FACE('',(#7371),#7363,.T.);
#7373=CARTESIAN_POINT('',(-4.118857044390E0,1.222096527936E1,
-1.766577187551E-2));
#7374=DIRECTION('',(-4.969452419748E-1,-8.660014070483E-1,-5.556068276237E-2));
#7375=DIRECTION('',(8.677819002944E-1,-4.959256018540E-1,-3.181777722031E-2));
#7376=AXIS2_PLACEMENT_3D('',#7373,#7374,#7375);
#7377=PLANE('',#7376);
#7379=ORIENTED_EDGE('',*,*,#7378,.T.);
#7381=ORIENTED_EDGE('',*,*,#7380,.F.);
#7382=ORIENTED_EDGE('',*,*,#7366,.F.);
#7383=ORIENTED_EDGE('',*,*,#5904,.F.);
#7384=EDGE_LOOP('',(#7379,#7381,#7382,#7383));
#7385=FACE_OUTER_BOUND('',#7384,.F.);
#7386=ADVANCED_FACE('',(#7385),#7377,.F.);
#7387=CARTESIAN_POINT('',(-3.810403102462E0,1.203071035588E1,
3.709501909225E-1));
#7388=CARTESIAN_POINT('',(-3.786307567237E0,1.200904357066E1,
3.695600891485E-1));
#7389=CARTESIAN_POINT('',(-3.735312864748E0,1.197270746482E1,
3.672288273676E-1));
#7390=CARTESIAN_POINT('',(-3.650551574664E0,1.193415149339E1,
3.647551344051E-1));
#7391=CARTESIAN_POINT('',(-3.577603220120E0,1.191492511887E1,
3.635215907708E-1));
#7392=CARTESIAN_POINT('',(-3.517741970159E0,1.190706080883E1,
3.630170167797E-1));
#7393=CARTESIAN_POINT('',(-3.422935739088E0,1.190299119540E1,
3.627558928787E-1));
#7394=CARTESIAN_POINT('',(-3.343204408331E0,1.191914061849E1,
3.637919837700E-1));
#7395=CARTESIAN_POINT('',(-3.283150847411E0,1.194809271256E1,
3.656494723902E-1));
#7397=DIRECTION('',(-2.748032683177E-7,6.402624786898E-2,-9.979482148808E-1));
#7398=VECTOR('',#7397,1.E0);
#7399=SURFACE_OF_LINEAR_EXTRUSION('',#7396,#7398);
#7400=ORIENTED_EDGE('',*,*,#7378,.F.);
#7401=ORIENTED_EDGE('',*,*,#5902,.F.);
#7403=ORIENTED_EDGE('',*,*,#7402,.T.);
#7405=ORIENTED_EDGE('',*,*,#7404,.F.);
#7406=EDGE_LOOP('',(#7400,#7401,#7403,#7405));
#7407=FACE_OUTER_BOUND('',#7406,.F.);
#7408=ADVANCED_FACE('',(#7407),#7399,.T.);
#7409=CARTESIAN_POINT('',(-3.070850879841E0,1.193274039413E1,
-3.615795981108E-2));
#7410=DIRECTION('',(3.265686869073E-3,-9.979428933947E-1,-6.402590735290E-2));
#7411=DIRECTION('',(9.999946676304E-1,3.259003975872E-3,2.088154390914E-4));
#7412=AXIS2_PLACEMENT_3D('',#7409,#7410,#7411);
#7413=PLANE('',#7412);
#7414=ORIENTED_EDGE('',*,*,#7402,.F.);
#7415=ORIENTED_EDGE('',*,*,#5900,.T.);
#7417=ORIENTED_EDGE('',*,*,#7416,.T.);
#7419=ORIENTED_EDGE('',*,*,#7418,.T.);
#7420=EDGE_LOOP('',(#7414,#7415,#7417,#7419));
#7421=FACE_OUTER_BOUND('',#7420,.F.);
#7422=ADVANCED_FACE('',(#7421),#7413,.F.);
#7423=CARTESIAN_POINT('',(-2.668729435599E0,1.185424050139E1,
-4.119445771740E-2));
#7424=DIRECTION('',(-2.748032397846E-7,6.402624786888E-2,-9.979482148808E-1));
#7425=DIRECTION('',(-3.592005401584E-3,9.979417767820E-1,6.402583580320E-2));
#7426=AXIS2_PLACEMENT_3D('',#7423,#7424,#7425);
#7427=CYLINDRICAL_SURFACE('',#7426,7.997408342288E-2);
#7428=ORIENTED_EDGE('',*,*,#7416,.F.);
#7429=ORIENTED_EDGE('',*,*,#5898,.F.);
#7431=ORIENTED_EDGE('',*,*,#7430,.T.);
#7433=ORIENTED_EDGE('',*,*,#7432,.F.);
#7434=EDGE_LOOP('',(#7428,#7429,#7431,#7433));
#7435=FACE_OUTER_BOUND('',#7434,.F.);
#7436=ADVANCED_FACE('',(#7435),#7427,.T.);
#7437=CARTESIAN_POINT('',(-2.587833330176E0,1.157282007235E1,
-5.924981981631E-2));
#7438=DIRECTION('',(-9.999946598251E-1,-3.261388284303E-3,-2.089684111682E-4));
#7439=DIRECTION('',(3.268076079643E-3,-9.979428856054E-1,-6.402590685309E-2));
#7440=AXIS2_PLACEMENT_3D('',#7437,#7438,#7439);
#7441=PLANE('',#7440);
#7442=ORIENTED_EDGE('',*,*,#7430,.F.);
#7443=ORIENTED_EDGE('',*,*,#5896,.T.);
#7445=ORIENTED_EDGE('',*,*,#7444,.T.);
#7447=ORIENTED_EDGE('',*,*,#7446,.T.);
#7448=EDGE_LOOP('',(#7442,#7443,#7445,#7447));
#7449=FACE_OUTER_BOUND('',#7448,.F.);
#7450=ADVANCED_FACE('',(#7449),#7441,.F.);
#7451=CARTESIAN_POINT('',(-2.543493247692E0,1.135947500389E1,
3.278848008182E-1));
#7452=CARTESIAN_POINT('',(-2.575062899666E0,1.132936889013E1,
3.259532648957E-1));
#7453=CARTESIAN_POINT('',(-2.599401551647E0,1.126339484945E1,
3.217205166130E-1));
#7454=CARTESIAN_POINT('',(-2.559667804382E0,1.116713708353E1,
3.155448108928E-1));
#7455=CARTESIAN_POINT('',(-2.501666784729E0,1.110989408332E1,
3.118722050351E-1));
#7456=CARTESIAN_POINT('',(-2.448157905809E0,1.108268009411E1,
3.101261982818E-1));
#7457=CARTESIAN_POINT('',(-2.416680964535E0,1.107413412239E1,
3.095778981339E-1));
#7458=CARTESIAN_POINT('',(-2.367823960799E0,1.106937417592E1,
3.092724965775E-1));
#7459=CARTESIAN_POINT('',(-2.326975528402E0,1.108583492488E1,
3.103285721847E-1));
#7460=CARTESIAN_POINT('',(-2.302366104319E0,1.112139243280E1,
3.126098599407E-1));
#7462=DIRECTION('',(-2.748032673554E-7,6.402624786893E-2,-9.979482148808E-1));
#7463=VECTOR('',#7462,1.E0);
#7464=SURFACE_OF_LINEAR_EXTRUSION('',#7461,#7463);
#7465=ORIENTED_EDGE('',*,*,#7444,.F.);
#7466=ORIENTED_EDGE('',*,*,#5894,.F.);
#7467=ORIENTED_EDGE('',*,*,#7167,.T.);
#7469=ORIENTED_EDGE('',*,*,#7468,.F.);
#7470=EDGE_LOOP('',(#7465,#7466,#7467,#7469));
#7471=FACE_OUTER_BOUND('',#7470,.F.);
#7472=ADVANCED_FACE('',(#7471),#7464,.T.);
#7473=CARTESIAN_POINT('',(-4.641565347118E0,1.501104767415E1,
5.621625618967E-1));
#7474=DIRECTION('',(-2.748033072525E-7,6.402624786896E-2,-9.979482148808E-1));
#7475=DIRECTION('',(-1.043981189182E-6,-9.979482148803E-1,-6.402624786864E-2));
#7476=AXIS2_PLACEMENT_3D('',#7473,#7474,#7475);
#7477=PLANE('',#7476);
#7478=ORIENTED_EDGE('',*,*,#7276,.F.);
#7479=ORIENTED_EDGE('',*,*,#7296,.T.);
#7480=ORIENTED_EDGE('',*,*,#7312,.T.);
#7481=ORIENTED_EDGE('',*,*,#7333,.T.);
#7482=ORIENTED_EDGE('',*,*,#7345,.F.);
#7483=ORIENTED_EDGE('',*,*,#7368,.T.);
#7484=ORIENTED_EDGE('',*,*,#7380,.T.);
#7485=ORIENTED_EDGE('',*,*,#7404,.T.);
#7486=ORIENTED_EDGE('',*,*,#7418,.F.);
#7487=ORIENTED_EDGE('',*,*,#7432,.T.);
#7488=ORIENTED_EDGE('',*,*,#7446,.F.);
#7489=ORIENTED_EDGE('',*,*,#7468,.T.);
#7490=ORIENTED_EDGE('',*,*,#7165,.F.);
#7491=ORIENTED_EDGE('',*,*,#7191,.T.);
#7492=ORIENTED_EDGE('',*,*,#7205,.F.);
#7493=ORIENTED_EDGE('',*,*,#7226,.T.);
#7494=ORIENTED_EDGE('',*,*,#7240,.T.);
#7495=ORIENTED_EDGE('',*,*,#7262,.T.);
#7496=EDGE_LOOP('',(#7478,#7479,#7480,#7481,#7482,#7483,#7484,#7485,#7486,#7487,
#7488,#7489,#7490,#7491,#7492,#7493,#7494,#7495));
#7497=FACE_OUTER_BOUND('',#7496,.F.);
#7499=ORIENTED_EDGE('',*,*,#7498,.T.);
#7501=ORIENTED_EDGE('',*,*,#7500,.T.);
#7502=EDGE_LOOP('',(#7499,#7501));
#7503=FACE_BOUND('',#7502,.F.);
#7504=ADVANCED_FACE('',(#7497,#7503),#7477,.T.);
#7505=CARTESIAN_POINT('',(-2.933454412878E0,1.348860374859E1,
-1.650157410549E-2));
#7506=DIRECTION('',(-2.748032695759E-7,6.402624786897E-2,-9.979482148808E-1));
#7507=DIRECTION('',(9.999899329378E-1,4.477906205164E-3,2.870176306262E-4));
#7508=AXIS2_PLACEMENT_3D('',#7505,#7506,#7507);
#7509=CYLINDRICAL_SURFACE('',#7508,3.773076800864E-1);
#7510=ORIENTED_EDGE('',*,*,#7498,.F.);
#7512=ORIENTED_EDGE('',*,*,#7511,.T.);
#7514=ORIENTED_EDGE('',*,*,#7513,.F.);
#7516=ORIENTED_EDGE('',*,*,#7515,.T.);
#7517=EDGE_LOOP('',(#7510,#7512,#7514,#7516));
#7518=FACE_OUTER_BOUND('',#7517,.F.);
#7519=ADVANCED_FACE('',(#7518),#7509,.T.);
#7520=CARTESIAN_POINT('',(-2.933451166644E0,1.348418321443E1,
6.337929405461E-2));
#7521=DIRECTION('',(-2.748033716058E-7,6.402624786883E-2,-9.979482148808E-1));
#7522=DIRECTION('',(-3.454854014153E-3,9.979422590392E-1,6.402586670598E-2));
#7523=AXIS2_PLACEMENT_3D('',#7520,#7521,#7522);
#7524=CYLINDRICAL_SURFACE('',#7523,3.775196172601E-1);
#7525=ORIENTED_EDGE('',*,*,#7511,.F.);
#7526=ORIENTED_EDGE('',*,*,#7500,.F.);
#7527=ORIENTED_EDGE('',*,*,#7515,.F.);
#7529=ORIENTED_EDGE('',*,*,#7528,.T.);
#7530=EDGE_LOOP('',(#7525,#7526,#7527,#7529));
#7531=FACE_OUTER_BOUND('',#7530,.F.);
#7532=ADVANCED_FACE('',(#7531),#7524,.T.);
#7533=CARTESIAN_POINT('',(-1.534061779099E2,7.895525588997E0,
-2.951357297144E-1));
#7534=DIRECTION('',(-2.748033072525E-7,6.402624786895E-2,-9.979482148808E-1));
#7535=DIRECTION('',(-1.043981189182E-6,-9.979482148803E-1,-6.402624786863E-2));
#7536=AXIS2_PLACEMENT_3D('',#7533,#7534,#7535);
#7537=PLANE('',#7536);
#7538=ORIENTED_EDGE('',*,*,#7528,.F.);
#7539=ORIENTED_EDGE('',*,*,#7513,.T.);
#7540=EDGE_LOOP('',(#7538,#7539));
#7541=FACE_OUTER_BOUND('',#7540,.F.);
#7542=ADVANCED_FACE('',(#7541),#7537,.T.);
#7543=CARTESIAN_POINT('',(1.327381009918E0,1.281273506932E1,
-5.986505312436E-2));
#7544=DIRECTION('',(4.952635385828E-1,8.669603206898E-1,5.562220509780E-2));
#7545=DIRECTION('',(-8.687427854954E-1,4.942473489390E-1,3.171010432615E-2));
#7546=AXIS2_PLACEMENT_3D('',#7543,#7544,#7545);
#7547=PLANE('',#7546);
#7549=ORIENTED_EDGE('',*,*,#7548,.F.);
#7551=ORIENTED_EDGE('',*,*,#7550,.F.);
#7553=ORIENTED_EDGE('',*,*,#7552,.F.);
#7554=ORIENTED_EDGE('',*,*,#5930,.F.);
#7555=EDGE_LOOP('',(#7549,#7551,#7553,#7554));
#7556=FACE_OUTER_BOUND('',#7555,.F.);
#7557=ADVANCED_FACE('',(#7556),#7547,.F.);
#7558=CARTESIAN_POINT('',(1.038996954689E0,1.294630812499E1,4.296916729017E-1));
#7559=CARTESIAN_POINT('',(1.037500887846E0,1.294699960157E1,4.297360369891E-1));
#7560=CARTESIAN_POINT('',(1.019313573161E0,1.295637815718E1,4.303377502992E-1));
#7561=CARTESIAN_POINT('',(9.945391453608E-1,1.299353225299E1,
4.327214853671E-1));
#7562=CARTESIAN_POINT('',(9.858690633282E-1,1.305256074858E1,
4.365086312492E-1));
#7563=CARTESIAN_POINT('',(9.940106290995E-1,1.311171990358E1,
4.403041553332E-1));
#7564=CARTESIAN_POINT('',(1.018475506736E0,1.314926652547E1,4.427130604860E-1));
#7565=CARTESIAN_POINT('',(1.036692654304E0,1.315881313993E1,4.433255460732E-1));
#7566=CARTESIAN_POINT('',(1.038184899042E0,1.315951464159E1,4.433705525257E-1));
#7568=DIRECTION('',(-2.748032822464E-7,6.402624786906E-2,-9.979482148808E-1));
#7569=VECTOR('',#7568,1.E0);
#7570=SURFACE_OF_LINEAR_EXTRUSION('',#7567,#7569);
#7571=ORIENTED_EDGE('',*,*,#7548,.T.);
#7572=ORIENTED_EDGE('',*,*,#5956,.F.);
#7574=ORIENTED_EDGE('',*,*,#7573,.T.);
#7576=ORIENTED_EDGE('',*,*,#7575,.F.);
#7577=EDGE_LOOP('',(#7571,#7572,#7574,#7576));
#7578=FACE_OUTER_BOUND('',#7577,.F.);
#7579=ADVANCED_FACE('',(#7578),#7570,.T.);
#7580=CARTESIAN_POINT('',(1.325542870517E0,1.335648512493E1,
-2.497919850266E-2));
#7581=DIRECTION('',(5.009813018656E-1,-8.636823642407E-1,-5.541217267564E-2));
#7582=DIRECTION('',(8.654581071207E-1,4.999534111129E-1,3.207571566743E-2));
#7583=AXIS2_PLACEMENT_3D('',#7580,#7581,#7582);
#7584=PLANE('',#7583);
#7585=ORIENTED_EDGE('',*,*,#7573,.F.);
#7586=ORIENTED_EDGE('',*,*,#5954,.F.);
#7588=ORIENTED_EDGE('',*,*,#7587,.T.);
#7590=ORIENTED_EDGE('',*,*,#7589,.F.);
#7591=EDGE_LOOP('',(#7585,#7586,#7588,#7590));
#7592=FACE_OUTER_BOUND('',#7591,.F.);
#7593=ADVANCED_FACE('',(#7592),#7584,.F.);
#7594=CARTESIAN_POINT('',(1.612852116318E0,1.349180107669E1,4.646891895236E-1));
#7595=CARTESIAN_POINT('',(1.614330593370E0,1.349260343921E1,4.647406669995E-1));
#7596=CARTESIAN_POINT('',(1.639940378888E0,1.350695114161E1,4.656611782030E-1));
#7597=CARTESIAN_POINT('',(1.683794040313E0,1.354682310916E1,4.682192672791E-1));
#7598=CARTESIAN_POINT('',(1.725599026412E0,1.361942642268E1,4.728773308844E-1));
#7599=CARTESIAN_POINT('',(1.738022436922E0,1.367729714212E1,4.765901904875E-1));
#7600=CARTESIAN_POINT('',(1.737539279371E0,1.370658769914E1,4.784694108406E-1));
#7601=CARTESIAN_POINT('',(1.737488918725E0,1.370826567300E1,4.785770661101E-1));
#7603=DIRECTION('',(-2.748032822464E-7,6.402624786906E-2,-9.979482148808E-1));
#7604=VECTOR('',#7603,1.E0);
#7605=SURFACE_OF_LINEAR_EXTRUSION('',#7602,#7604);
#7606=ORIENTED_EDGE('',*,*,#7587,.F.);
#7607=ORIENTED_EDGE('',*,*,#5952,.F.);
#7609=ORIENTED_EDGE('',*,*,#7608,.T.);
#7611=ORIENTED_EDGE('',*,*,#7610,.F.);
#7612=EDGE_LOOP('',(#7606,#7607,#7609,#7611));
#7613=FACE_OUTER_BOUND('',#7612,.F.);
#7614=ADVANCED_FACE('',(#7613),#7605,.T.);
#7615=CARTESIAN_POINT('',(1.735911549390E0,1.424126433264E1,3.178625209572E-2));
#7616=DIRECTION('',(9.999946633149E-1,3.260322441645E-3,2.089000289369E-4));
#7617=DIRECTION('',(-3.267008045608E-3,9.979428890880E-1,6.402590707713E-2));
#7618=AXIS2_PLACEMENT_3D('',#7615,#7616,#7617);
#7619=PLANE('',#7618);
#7620=ORIENTED_EDGE('',*,*,#7608,.F.);
#7621=ORIENTED_EDGE('',*,*,#5950,.T.);
#7623=ORIENTED_EDGE('',*,*,#7622,.F.);
#7625=ORIENTED_EDGE('',*,*,#7624,.T.);
#7626=EDGE_LOOP('',(#7620,#7621,#7623,#7625));
#7627=FACE_OUTER_BOUND('',#7626,.F.);
#7628=ADVANCED_FACE('',(#7627),#7619,.F.);
#7629=CARTESIAN_POINT('',(1.701956611285E0,1.462564696722E1,5.374343204480E-1));
#7630=CARTESIAN_POINT('',(1.724485412170E0,1.465274026448E1,5.391725629231E-1));
#7631=CARTESIAN_POINT('',(1.747312183499E0,1.472772046611E1,5.439831278706E-1));
#7632=CARTESIAN_POINT('',(1.700078259712E0,1.484568711715E1,5.515516318340E-1));
#7633=CARTESIAN_POINT('',(1.604107290545E0,1.489812576017E1,5.549160107451E-1));
#7634=CARTESIAN_POINT('',(1.519984812841E0,1.489744844585E1,5.548725788553E-1));
#7635=CARTESIAN_POINT('',(1.449006280497E0,1.487270019933E1,5.532848032198E-1));
#7636=CARTESIAN_POINT('',(1.410861480279E0,1.483195608931E1,5.506707577555E-1));
#7637=CARTESIAN_POINT('',(1.397679104937E0,1.479815768970E1,5.485023275142E-1));
#7639=DIRECTION('',(-2.748032822464E-7,6.402624786906E-2,-9.979482148808E-1));
#7640=VECTOR('',#7639,1.E0);
#7641=SURFACE_OF_LINEAR_EXTRUSION('',#7638,#7640);
#7642=ORIENTED_EDGE('',*,*,#7622,.T.);
#7643=ORIENTED_EDGE('',*,*,#5948,.F.);
#7645=ORIENTED_EDGE('',*,*,#7644,.T.);
#7647=ORIENTED_EDGE('',*,*,#7646,.F.);
#7648=EDGE_LOOP('',(#7642,#7643,#7645,#7647));
#7649=FACE_OUTER_BOUND('',#7648,.F.);
#7650=ADVANCED_FACE('',(#7649),#7641,.T.);
#7651=CARTESIAN_POINT('',(5.183985177388E-1,1.435631532381E1,
3.916801574339E-2));
#7652=DIRECTION('',(-5.025804696370E-1,8.627565946088E-1,5.535277769343E-2));
#7653=DIRECTION('',(-8.645304341314E-1,-5.015492977193E-1,-3.217810463464E-2));
#7654=AXIS2_PLACEMENT_3D('',#7651,#7652,#7653);
#7655=PLANE('',#7654);
#7656=ORIENTED_EDGE('',*,*,#7644,.F.);
#7657=ORIENTED_EDGE('',*,*,#5946,.F.);
#7659=ORIENTED_EDGE('',*,*,#7658,.F.);
#7661=ORIENTED_EDGE('',*,*,#7660,.F.);
#7662=EDGE_LOOP('',(#7656,#7657,#7659,#7661));
#7663=FACE_OUTER_BOUND('',#7662,.F.);
#7664=ADVANCED_FACE('',(#7663),#7655,.F.);
#7665=CARTESIAN_POINT('',(-4.211663951190E-1,1.378042574733E1,
4.832072983622E-1));
#7666=CARTESIAN_POINT('',(-4.226406945054E-1,1.377962199733E1,
4.831557318678E-1));
#7667=CARTESIAN_POINT('',(-4.481797744397E-1,1.376525079826E1,
4.822337131484E-1));
#7668=CARTESIAN_POINT('',(-4.918989519434E-1,1.372539399071E1,
4.796765966690E-1));
#7669=CARTESIAN_POINT('',(-5.335658729788E-1,1.365287531934E1,
4.750239634884E-1));
#7670=CARTESIAN_POINT('',(-5.459368997239E-1,1.359510512452E1,
4.713175533168E-1));
#7671=CARTESIAN_POINT('',(-5.454555138327E-1,1.356586441637E1,
4.694415311633E-1));
#7672=CARTESIAN_POINT('',(-5.454053530324E-1,1.356418938598E1,
4.693340647404E-1));
#7674=DIRECTION('',(-2.748032730883E-7,6.402624786891E-2,-9.979482148808E-1));
#7675=VECTOR('',#7674,1.E0);
#7676=SURFACE_OF_LINEAR_EXTRUSION('',#7673,#7675);
#7678=ORIENTED_EDGE('',*,*,#7677,.T.);
#7680=ORIENTED_EDGE('',*,*,#7679,.F.);
#7681=ORIENTED_EDGE('',*,*,#7658,.T.);
#7682=ORIENTED_EDGE('',*,*,#5944,.F.);
#7683=EDGE_LOOP('',(#7678,#7680,#7681,#7682));
#7684=FACE_OUTER_BOUND('',#7683,.F.);
#7685=ADVANCED_FACE('',(#7684),#7676,.T.);
#7686=CARTESIAN_POINT('',(-5.437817469014E-1,1.307854338959E1,
-4.281083793854E-2));
#7687=DIRECTION('',(-9.999946632118E-1,-3.260353939210E-3,-2.089020497628E-4));
#7688=DIRECTION('',(3.267039607933E-3,-9.979428889852E-1,-6.402590706995E-2));
#7689=AXIS2_PLACEMENT_3D('',#7686,#7687,#7688);
#7690=PLANE('',#7689);
#7691=ORIENTED_EDGE('',*,*,#7677,.F.);
#7692=ORIENTED_EDGE('',*,*,#5942,.T.);
#7694=ORIENTED_EDGE('',*,*,#7693,.F.);
#7696=ORIENTED_EDGE('',*,*,#7695,.T.);
#7697=EDGE_LOOP('',(#7691,#7692,#7694,#7696));
#7698=FACE_OUTER_BOUND('',#7697,.F.);
#7699=ADVANCED_FACE('',(#7698),#7690,.F.);
#7700=CARTESIAN_POINT('',(-5.420243288667E-1,1.253143246325E1,
4.030745628282E-1));
#7701=CARTESIAN_POINT('',(-5.420635274288E-1,1.252975719617E1,
4.029670812447E-1));
#7702=CARTESIAN_POINT('',(-5.423535278161E-1,1.250051387146E1,
4.010908914287E-1));
#7703=CARTESIAN_POINT('',(-5.296025195746E-1,1.244282594517E1,
3.973897525160E-1));
#7704=CARTESIAN_POINT('',(-4.874626802202E-1,1.237057973514E1,
3.927545767996E-1));
#7705=CARTESIAN_POINT('',(-4.434821149865E-1,1.233101016786E1,
3.902158648998E-1));
#7706=CARTESIAN_POINT('',(-4.178495913941E-1,1.231680571209E1,
3.893045299863E-1));
#7707=CARTESIAN_POINT('',(-4.163700154679E-1,1.231601155625E1,
3.892535782185E-1));
#7709=DIRECTION('',(-2.748032735654E-7,6.402624786891E-2,-9.979482148808E-1));
#7710=VECTOR('',#7709,1.E0);
#7711=SURFACE_OF_LINEAR_EXTRUSION('',#7708,#7710);
#7712=ORIENTED_EDGE('',*,*,#7693,.T.);
#7713=ORIENTED_EDGE('',*,*,#5940,.F.);
#7715=ORIENTED_EDGE('',*,*,#7714,.T.);
#7717=ORIENTED_EDGE('',*,*,#7716,.F.);
#7718=EDGE_LOOP('',(#7712,#7713,#7715,#7717));
#7719=FACE_OUTER_BOUND('',#7718,.F.);
#7720=ADVANCED_FACE('',(#7719),#7711,.T.);
#7721=CARTESIAN_POINT('',(5.267449560145E-1,1.180772246422E1,
-1.243443168670E-1));
#7722=DIRECTION('',(-4.969226335295E-1,-8.660143270782E-1,-5.556151169046E-2));
#7723=DIRECTION('',(8.677948468884E-1,-4.959030397962E-1,-3.181632968952E-2));
#7724=AXIS2_PLACEMENT_3D('',#7721,#7722,#7723);
#7725=PLANE('',#7724);
#7726=ORIENTED_EDGE('',*,*,#7714,.F.);
#7727=ORIENTED_EDGE('',*,*,#5938,.F.);
#7729=ORIENTED_EDGE('',*,*,#7728,.T.);
#7731=ORIENTED_EDGE('',*,*,#7730,.F.);
#7732=EDGE_LOOP('',(#7726,#7727,#7729,#7731));
#7733=FACE_OUTER_BOUND('',#7732,.F.);
#7734=ADVANCED_FACE('',(#7733),#7725,.F.);
#7735=CARTESIAN_POINT('',(1.409459599916E0,1.130942174573E1,3.246724010675E-1));
#7736=CARTESIAN_POINT('',(1.422916035384E0,1.127604339596E1,3.225309129991E-1));
#7737=CARTESIAN_POINT('',(1.461834039282E0,1.123515440686E1,3.199075511778E-1));
#7738=CARTESIAN_POINT('',(1.534777639914E0,1.121095489230E1,3.183549413941E-1));
#7739=CARTESIAN_POINT('',(1.620901169062E0,1.121259773594E1,3.184603190532E-1));
#7740=CARTESIAN_POINT('',(1.713990913123E0,1.126839920382E1,3.220403976382E-1));
#7741=CARTESIAN_POINT('',(1.757483013560E0,1.138403286493E1,3.294591969167E-1));
#7742=CARTESIAN_POINT('',(1.735293239119E0,1.145676746360E1,3.341257011213E-1));
#7743=CARTESIAN_POINT('',(1.713434556134E0,1.148364169680E1,3.358499011322E-1));
#7745=DIRECTION('',(-2.748032729062E-7,6.402624786890E-2,-9.979482148808E-1));
#7746=VECTOR('',#7745,1.E0);
#7747=SURFACE_OF_LINEAR_EXTRUSION('',#7744,#7746);
#7748=ORIENTED_EDGE('',*,*,#7728,.F.);
#7749=ORIENTED_EDGE('',*,*,#5936,.F.);
#7751=ORIENTED_EDGE('',*,*,#7750,.T.);
#7753=ORIENTED_EDGE('',*,*,#7752,.F.);
#7754=EDGE_LOOP('',(#7748,#7749,#7751,#7753));
#7755=FACE_OUTER_BOUND('',#7754,.F.);
#7756=ADVANCED_FACE('',(#7755),#7747,.T.);
#7757=CARTESIAN_POINT('',(1.743478707458E0,1.193070614372E1,
-1.164542790196E-1));
#7758=DIRECTION('',(9.999946600203E-1,3.261328680599E-3,2.089645871107E-4));
#7759=DIRECTION('',(-3.268016353393E-3,9.979428858001E-1,6.402590686599E-2));
#7760=AXIS2_PLACEMENT_3D('',#7757,#7758,#7759);
#7761=PLANE('',#7760);
#7762=ORIENTED_EDGE('',*,*,#7750,.F.);
#7763=ORIENTED_EDGE('',*,*,#5934,.T.);
#7765=ORIENTED_EDGE('',*,*,#7764,.F.);
#7767=ORIENTED_EDGE('',*,*,#7766,.T.);
#7768=EDGE_LOOP('',(#7762,#7763,#7765,#7767));
#7769=FACE_OUTER_BOUND('',#7768,.F.);
#7770=ADVANCED_FACE('',(#7769),#7761,.F.);
#7771=CARTESIAN_POINT('',(1.741766969161E0,1.240223899988E1,3.947851544409E-1));
#7772=CARTESIAN_POINT('',(1.741806352276E0,1.240391728804E1,3.948928298507E-1));
#7773=CARTESIAN_POINT('',(1.742097819435E0,1.243321059081E1,3.967722261519E-1));
#7774=CARTESIAN_POINT('',(1.729293734469E0,1.249099886041E1,4.004798028949E-1));
#7775=CARTESIAN_POINT('',(1.687015189289E0,1.256332889347E1,4.051203565565E-1));
#7776=CARTESIAN_POINT('',(1.642894446649E0,1.260291771755E1,4.076603039710E-1));
#7777=CARTESIAN_POINT('',(1.617184750097E0,1.261710137281E1,4.085703043891E-1));
#7778=CARTESIAN_POINT('',(1.615694538151E0,1.261789743225E1,4.086213782904E-1));
#7780=DIRECTION('',(-2.748032731028E-7,6.402624786892E-2,-9.979482148808E-1));
#7781=VECTOR('',#7780,1.E0);
#7782=SURFACE_OF_LINEAR_EXTRUSION('',#7779,#7781);
#7783=ORIENTED_EDGE('',*,*,#7764,.T.);
#7784=ORIENTED_EDGE('',*,*,#5932,.F.);
#7785=ORIENTED_EDGE('',*,*,#7552,.T.);
#7787=ORIENTED_EDGE('',*,*,#7786,.F.);
#7788=EDGE_LOOP('',(#7783,#7784,#7785,#7787));
#7789=FACE_OUTER_BOUND('',#7788,.F.);
#7790=ADVANCED_FACE('',(#7789),#7782,.T.);
#7791=CARTESIAN_POINT('',(1.634348167556E0,1.114404805745E1,3.140623128878E-1));
#7792=DIRECTION('',(-2.748032751220E-7,6.402624786897E-2,-9.979482148808E-1));
#7793=DIRECTION('',(-1.043981189182E-6,-9.979482148803E-1,-6.402624786865E-2));
#7794=AXIS2_PLACEMENT_3D('',#7791,#7792,#7793);
#7795=PLANE('',#7794);
#7796=ORIENTED_EDGE('',*,*,#7660,.T.);
#7797=ORIENTED_EDGE('',*,*,#7679,.T.);
#7798=ORIENTED_EDGE('',*,*,#7695,.F.);
#7799=ORIENTED_EDGE('',*,*,#7716,.T.);
#7800=ORIENTED_EDGE('',*,*,#7730,.T.);
#7801=ORIENTED_EDGE('',*,*,#7752,.T.);
#7802=ORIENTED_EDGE('',*,*,#7766,.F.);
#7803=ORIENTED_EDGE('',*,*,#7786,.T.);
#7804=ORIENTED_EDGE('',*,*,#7550,.T.);
#7805=ORIENTED_EDGE('',*,*,#7575,.T.);
#7806=ORIENTED_EDGE('',*,*,#7589,.T.);
#7807=ORIENTED_EDGE('',*,*,#7610,.T.);
#7808=ORIENTED_EDGE('',*,*,#7624,.F.);
#7809=ORIENTED_EDGE('',*,*,#7646,.T.);
#7810=EDGE_LOOP('',(#7796,#7797,#7798,#7799,#7800,#7801,#7802,#7803,#7804,#7805,
#7806,#7807,#7808,#7809));
#7811=FACE_OUTER_BOUND('',#7810,.F.);
#7812=ADVANCED_FACE('',(#7811),#7795,.T.);
#7813=CARTESIAN_POINT('',(5.707880864116E0,1.161110252302E1,3.440264183554E-1));
#7814=CARTESIAN_POINT('',(5.709418338232E0,1.161198306487E1,3.440829116354E-1));
#7815=CARTESIAN_POINT('',(5.736130794229E0,1.162774731680E1,3.450943053583E-1));
#7816=CARTESIAN_POINT('',(5.781653480060E0,1.167049712453E1,3.478370301168E-1));
#7817=CARTESIAN_POINT('',(5.825065739363E0,1.174737139060E1,3.527691085658E-1));
#7818=CARTESIAN_POINT('',(5.837853689779E0,1.180826643993E1,3.566760026814E-1));
#7819=CARTESIAN_POINT('',(5.837353436864E0,1.183903951349E1,3.586503381665E-1));
#7820=CARTESIAN_POINT('',(5.837301249381E0,1.184080721827E1,3.587637503828E-1));
#7822=DIRECTION('',(-2.748032702694E-7,6.402624786888E-2,-9.979482148808E-1));
#7823=VECTOR('',#7822,1.E0);
#7824=SURFACE_OF_LINEAR_EXTRUSION('',#7821,#7823);
#7826=ORIENTED_EDGE('',*,*,#7825,.T.);
#7828=ORIENTED_EDGE('',*,*,#7827,.F.);
#7830=ORIENTED_EDGE('',*,*,#7829,.T.);
#7831=ORIENTED_EDGE('',*,*,#5960,.F.);
#7832=EDGE_LOOP('',(#7826,#7828,#7830,#7831));
#7833=FACE_OUTER_BOUND('',#7832,.F.);
#7834=ADVANCED_FACE('',(#7833),#7824,.T.);
#7835=CARTESIAN_POINT('',(5.832466929580E0,1.336906900542E1,
-2.417308439614E-2));
#7836=DIRECTION('',(9.999946611109E-1,3.260995634040E-3,2.089432195485E-4));
#7837=DIRECTION('',(-3.267682622090E-3,9.979428868885E-1,6.402590693593E-2));
#7838=AXIS2_PLACEMENT_3D('',#7835,#7836,#7837);
#7839=PLANE('',#7838);
#7840=ORIENTED_EDGE('',*,*,#7825,.F.);
#7841=ORIENTED_EDGE('',*,*,#5994,.T.);
#7843=ORIENTED_EDGE('',*,*,#7842,.F.);
#7845=ORIENTED_EDGE('',*,*,#7844,.T.);
#7846=EDGE_LOOP('',(#7840,#7841,#7843,#7845));
#7847=FACE_OUTER_BOUND('',#7846,.F.);
#7848=ADVANCED_FACE('',(#7847),#7839,.F.);
#7849=CARTESIAN_POINT('',(5.784131092216E0,1.474719855232E1,5.452316890956E-1));
#7850=CARTESIAN_POINT('',(5.815700718703E0,1.477730568761E1,5.471632905570E-1));
#7851=CARTESIAN_POINT('',(5.840036250016E0,1.484327912728E1,5.513960002809E-1));
#7852=CARTESIAN_POINT('',(5.800302084653E0,1.493953539286E1,5.575716097426E-1));
#7853=CARTESIAN_POINT('',(5.742302261660E0,1.499677720499E1,5.612441393748E-1));
#7854=CARTESIAN_POINT('',(5.688793382770E0,1.502399120614E1,5.629901468943E-1));
#7855=CARTESIAN_POINT('',(5.657316442105E0,1.503253715894E1,5.635384458285E-1));
#7856=CARTESIAN_POINT('',(5.608459624442E0,1.503729720273E1,5.638438536294E-1));
#7857=CARTESIAN_POINT('',(5.567611385099E0,1.502083492175E1,5.627876797304E-1));
#7858=CARTESIAN_POINT('',(5.543002034509E0,1.498527002970E1,5.605059182171E-1));
#7860=DIRECTION('',(-2.748032732762E-7,6.402624786890E-2,-9.979482148808E-1));
#7861=VECTOR('',#7860,1.E0);
#7862=SURFACE_OF_LINEAR_EXTRUSION('',#7859,#7861);
#7863=ORIENTED_EDGE('',*,*,#7842,.T.);
#7864=ORIENTED_EDGE('',*,*,#5992,.F.);
#7866=ORIENTED_EDGE('',*,*,#7865,.T.);
#7868=ORIENTED_EDGE('',*,*,#7867,.F.);
#7869=EDGE_LOOP('',(#7863,#7864,#7866,#7868));
#7870=FACE_OUTER_BOUND('',#7869,.F.);
#7871=ADVANCED_FACE('',(#7870),#7862,.T.);
#7872=CARTESIAN_POINT('',(5.143935690213E0,1.506324016224E1,8.452154525740E-2));
#7873=DIRECTION('',(-3.265659669837E-3,9.979428934833E-1,6.402590735854E-2));
#7874=DIRECTION('',(-9.999946677192E-1,-3.258976832417E-3,-2.088136980252E-4));
#7875=AXIS2_PLACEMENT_3D('',#7872,#7873,#7874);
#7876=PLANE('',#7875);
#7877=ORIENTED_EDGE('',*,*,#7865,.F.);
#7878=ORIENTED_EDGE('',*,*,#5990,.T.);
#7880=ORIENTED_EDGE('',*,*,#7879,.F.);
#7882=ORIENTED_EDGE('',*,*,#7881,.T.);
#7883=EDGE_LOOP('',(#7877,#7878,#7880,#7882));
#7884=FACE_OUTER_BOUND('',#7883,.F.);
#7885=ADVANCED_FACE('',(#7884),#7876,.F.);
#7886=CARTESIAN_POINT('',(4.744557808020E0,1.498357260435E1,5.603972348593E-1));
#7887=CARTESIAN_POINT('',(4.719792661045E0,1.501829257639E1,5.626248016891E-1));
#7888=CARTESIAN_POINT('',(4.679111523248E0,1.503424223048E1,5.636481089806E-1));
#7889=CARTESIAN_POINT('',(4.630553092480E0,1.502918934709E1,5.633239400353E-1));
#7890=CARTESIAN_POINT('',(4.599117394905E0,1.502042981328E1,5.627619555198E-1));
#7891=CARTESIAN_POINT('',(4.545781593080E0,1.499285086589E1,5.609925632419E-1));
#7892=CARTESIAN_POINT('',(4.488172440910E0,1.493522755298E1,5.572955891611E-1));
#7893=CARTESIAN_POINT('',(4.448359646891E0,1.483690869853E1,5.509876702623E-1));
#7894=CARTESIAN_POINT('',(4.475345404724E0,1.476908994044E1,5.466365546769E-1));
#7895=CARTESIAN_POINT('',(4.511499815511E0,1.473773352245E1,5.446247832292E-1));
#7897=DIRECTION('',(-2.748032686506E-7,6.402624786900E-2,-9.979482148808E-1));
#7898=VECTOR('',#7897,1.E0);
#7899=SURFACE_OF_LINEAR_EXTRUSION('',#7896,#7898);
#7901=ORIENTED_EDGE('',*,*,#7900,.T.);
#7903=ORIENTED_EDGE('',*,*,#7902,.F.);
#7904=ORIENTED_EDGE('',*,*,#7879,.T.);
#7905=ORIENTED_EDGE('',*,*,#5988,.F.);
#7906=EDGE_LOOP('',(#7901,#7903,#7904,#7905));
#7907=FACE_OUTER_BOUND('',#7906,.F.);
#7908=ADVANCED_FACE('',(#7907),#7899,.T.);
#7909=CARTESIAN_POINT('',(4.465289274386E0,1.373882241683E1,
-4.501106772564E-4));
#7910=DIRECTION('',(-9.999946601237E-1,-3.261297081522E-3,-2.089625597844E-4));
#7911=DIRECTION('',(3.267984689349E-3,-9.979428859034E-1,-6.402590687261E-2));
#7912=AXIS2_PLACEMENT_3D('',#7909,#7910,#7911);
#7913=PLANE('',#7912);
#7914=ORIENTED_EDGE('',*,*,#7900,.F.);
#7915=ORIENTED_EDGE('',*,*,#5986,.T.);
#7917=ORIENTED_EDGE('',*,*,#7916,.T.);
#7919=ORIENTED_EDGE('',*,*,#7918,.T.);
#7920=EDGE_LOOP('',(#7914,#7915,#7917,#7919));
#7921=FACE_OUTER_BOUND('',#7920,.F.);
#7922=ADVANCED_FACE('',(#7921),#7913,.F.);
#7923=CARTESIAN_POINT('',(4.447560621619E0,1.267387929172E1,4.122122762445E-1));
#7924=CARTESIAN_POINT('',(4.462040695506E0,1.264435534870E1,4.103180784851E-1));
#7925=CARTESIAN_POINT('',(4.480206213993E0,1.255845453446E1,4.048068588306E-1));
#7926=CARTESIAN_POINT('',(4.433225683354E0,1.241839513093E1,3.958209565136E-1));
#7927=CARTESIAN_POINT('',(4.317063650950E0,1.233682420802E1,3.905875705227E-1));
#7928=CARTESIAN_POINT('',(4.209568100416E0,1.231764117502E1,3.893568572780E-1));
#7929=CARTESIAN_POINT('',(4.123926019908E0,1.231713469537E1,3.893243861971E-1));
#7930=CARTESIAN_POINT('',(4.039125463362E0,1.231874626298E1,3.894278043196E-1));
#7931=CARTESIAN_POINT('',(3.935317710877E0,1.233905531376E1,3.907308186708E-1));
#7932=CARTESIAN_POINT('',(3.825254646665E0,1.242142692157E1,3.960156372083E-1));
#7933=CARTESIAN_POINT('',(3.779468872492E0,1.255680025191E1,4.047009165203E-1));
#7934=CARTESIAN_POINT('',(3.796658700680E0,1.264178023965E1,4.101530481578E-1));
#7935=CARTESIAN_POINT('',(3.810744364670E0,1.267163361911E1,4.120683739976E-1));
#7937=DIRECTION('',(-2.748032694216E-7,6.402624786899E-2,-9.979482148808E-1));
#7938=VECTOR('',#7937,1.E0);
#7939=SURFACE_OF_LINEAR_EXTRUSION('',#7936,#7938);
#7940=ORIENTED_EDGE('',*,*,#7916,.F.);
#7941=ORIENTED_EDGE('',*,*,#5984,.F.);
#7943=ORIENTED_EDGE('',*,*,#7942,.T.);
#7945=ORIENTED_EDGE('',*,*,#7944,.F.);
#7946=EDGE_LOOP('',(#7940,#7941,#7943,#7945));
#7947=FACE_OUTER_BOUND('',#7946,.F.);
#7948=ADVANCED_FACE('',(#7947),#7939,.T.);
#7949=CARTESIAN_POINT('',(3.786546129997E0,1.373661037803E1,
-5.918435062134E-4));
#7950=DIRECTION('',(9.999946588334E-1,3.261691102237E-3,2.089878393209E-4));
#7951=DIRECTION('',(-3.268379520172E-3,9.979428846157E-1,6.402590679007E-2));
#7952=AXIS2_PLACEMENT_3D('',#7949,#7950,#7951);
#7953=PLANE('',#7952);
#7954=ORIENTED_EDGE('',*,*,#7942,.F.);
#7955=ORIENTED_EDGE('',*,*,#5982,.T.);
#7957=ORIENTED_EDGE('',*,*,#7956,.T.);
#7959=ORIENTED_EDGE('',*,*,#7958,.T.);
#7960=EDGE_LOOP('',(#7954,#7955,#7957,#7959));
#7961=FACE_OUTER_BOUND('',#7960,.F.);
#7962=ADVANCED_FACE('',(#7961),#7953,.F.);
#7963=CARTESIAN_POINT('',(3.739434860668E0,1.474053489328E1,5.448047258617E-1));
#7964=CARTESIAN_POINT('',(3.771004448539E0,1.477064201495E1,5.467363264500E-1));
#7965=CARTESIAN_POINT('',(3.795339959354E0,1.483661543591E1,5.509690349742E-1));
#7966=CARTESIAN_POINT('',(3.755605800250E0,1.493287168441E1,5.571446433395E-1));
#7967=CARTESIAN_POINT('',(3.697605977518E0,1.499011349637E1,5.608171729609E-1));
#7968=CARTESIAN_POINT('',(3.644097098542E0,1.501732749738E1,5.625631804715E-1));
#7969=CARTESIAN_POINT('',(3.612620158648E0,1.502587344991E1,5.631114793881E-1));
#7970=CARTESIAN_POINT('',(3.563763341139E0,1.503063349402E1,5.634168872101E-1));
#7971=CARTESIAN_POINT('',(3.522915101654E0,1.501417121381E1,5.623607133595E-1));
#7972=CARTESIAN_POINT('',(3.498305750565E0,1.497860632130E1,5.600789518053E-1));
#7974=DIRECTION('',(-2.748032719659E-7,6.402624786901E-2,-9.979482148808E-1));
#7975=VECTOR('',#7974,1.E0);
#7976=SURFACE_OF_LINEAR_EXTRUSION('',#7973,#7975);
#7977=ORIENTED_EDGE('',*,*,#7956,.F.);
#7978=ORIENTED_EDGE('',*,*,#5980,.F.);
#7980=ORIENTED_EDGE('',*,*,#7979,.T.);
#7982=ORIENTED_EDGE('',*,*,#7981,.F.);
#7983=EDGE_LOOP('',(#7977,#7978,#7980,#7982));
#7984=FACE_OUTER_BOUND('',#7983,.F.);
#7985=ADVANCED_FACE('',(#7984),#7976,.T.);
#7986=CARTESIAN_POINT('',(3.099231508836E0,1.505657642766E1,8.409457718023E-2));
#7987=DIRECTION('',(-3.265659665095E-3,9.979428934833E-1,6.402590735864E-2));
#7988=DIRECTION('',(-9.999946677192E-1,-3.258976827767E-3,-2.088136964425E-4));
#7989=AXIS2_PLACEMENT_3D('',#7986,#7987,#7988);
#7990=PLANE('',#7989);
#7991=ORIENTED_EDGE('',*,*,#7979,.F.);
#7992=ORIENTED_EDGE('',*,*,#5978,.T.);
#7994=ORIENTED_EDGE('',*,*,#7993,.T.);
#7996=ORIENTED_EDGE('',*,*,#7995,.T.);
#7997=EDGE_LOOP('',(#7991,#7992,#7994,#7996));
#7998=FACE_OUTER_BOUND('',#7997,.F.);
#7999=ADVANCED_FACE('',(#7998),#7990,.F.);
#8000=CARTESIAN_POINT('',(2.699845729217E0,1.497690884584E1,5.599702652482E-1));
#8001=CARTESIAN_POINT('',(2.675080582117E0,1.501162881705E1,5.621978320251E-1));
#8002=CARTESIAN_POINT('',(2.634399444082E0,1.502757847026E1,5.632211392608E-1));
#8003=CARTESIAN_POINT('',(2.585841013239E0,1.502252558661E1,5.628969702985E-1));
#8004=CARTESIAN_POINT('',(2.554405316296E0,1.501376605303E1,5.623349857977E-1));
#8005=CARTESIAN_POINT('',(2.501069514470E0,1.498618710574E1,5.605655935267E-1));
#8006=CARTESIAN_POINT('',(2.443460362689E0,1.492856379293E1,5.568686194520E-1));
#8007=CARTESIAN_POINT('',(2.403647568897E0,1.483024493966E1,5.505607006296E-1));
#8008=CARTESIAN_POINT('',(2.430633334035E0,1.476242618252E1,5.462095851046E-1));
#8009=CARTESIAN_POINT('',(2.466787752040E0,1.473106976484E1,5.441978136756E-1));
#8011=DIRECTION('',(-2.748032720429E-7,6.402624786900E-2,-9.979482148808E-1));
#8012=VECTOR('',#8011,1.E0);
#8013=SURFACE_OF_LINEAR_EXTRUSION('',#8010,#8012);
#8014=ORIENTED_EDGE('',*,*,#7993,.F.);
#8015=ORIENTED_EDGE('',*,*,#5976,.F.);
#8017=ORIENTED_EDGE('',*,*,#8016,.T.);
#8019=ORIENTED_EDGE('',*,*,#8018,.F.);
#8020=EDGE_LOOP('',(#8014,#8015,#8017,#8019));
#8021=FACE_OUTER_BOUND('',#8020,.F.);
#8022=ADVANCED_FACE('',(#8021),#8013,.T.);
#8023=CARTESIAN_POINT('',(2.421802648466E0,1.335795360198E1,
-2.488528599433E-2));
#8024=DIRECTION('',(-9.999946600518E-1,-3.261319042887E-3,-2.089639687792E-4));
#8025=DIRECTION('',(3.268006695867E-3,-9.979428858316E-1,-6.402590686815E-2));
#8026=AXIS2_PLACEMENT_3D('',#8023,#8024,#8025);
#8027=PLANE('',#8026);
#8028=ORIENTED_EDGE('',*,*,#8016,.F.);
#8029=ORIENTED_EDGE('',*,*,#5974,.T.);
#8031=ORIENTED_EDGE('',*,*,#8030,.T.);
#8033=ORIENTED_EDGE('',*,*,#8032,.T.);
#8034=EDGE_LOOP('',(#8028,#8029,#8031,#8033));
#8035=FACE_OUTER_BOUND('',#8034,.F.);
#8036=ADVANCED_FACE('',(#8035),#8027,.F.);
#8037=CARTESIAN_POINT('',(2.452352911445E0,1.191902696033E1,3.637830957887E-1));
#8038=CARTESIAN_POINT('',(2.434153854090E0,1.188894621263E1,3.618531836170E-1));
#8039=CARTESIAN_POINT('',(2.419592009668E0,1.182645303824E1,3.578437576650E-1));
#8040=CARTESIAN_POINT('',(2.440564646985E0,1.173331541705E1,3.518682390008E-1));
#8041=CARTESIAN_POINT('',(2.486956142344E0,1.165499522829E1,3.468433684788E-1));
#8042=CARTESIAN_POINT('',(2.558960023841E0,1.159191653185E1,3.427963528317E-1));
#8043=CARTESIAN_POINT('',(2.621119469073E0,1.157498407522E1,3.417099850918E-1));
#8044=CARTESIAN_POINT('',(2.656536983435E0,1.157687367782E1,3.418312082476E-1));
#8046=DIRECTION('',(-2.748032678411E-7,6.402624786897E-2,-9.979482148808E-1));
#8047=VECTOR('',#8046,1.E0);
#8048=SURFACE_OF_LINEAR_EXTRUSION('',#8045,#8047);
#8049=ORIENTED_EDGE('',*,*,#8030,.F.);
#8050=ORIENTED_EDGE('',*,*,#5972,.F.);
#8052=ORIENTED_EDGE('',*,*,#8051,.T.);
#8054=ORIENTED_EDGE('',*,*,#8053,.F.);
#8055=EDGE_LOOP('',(#8049,#8050,#8052,#8054));
#8056=FACE_OUTER_BOUND('',#8055,.F.);
#8057=ADVANCED_FACE('',(#8056),#8048,.T.);
#8058=CARTESIAN_POINT('',(2.945754802877E0,1.140980254042E1,
-1.498746841187E-1));
#8059=DIRECTION('',(-4.970043237797E-1,-8.659676399316E-1,-5.555851631940E-2));
#8060=DIRECTION('',(8.677480637514E-1,-4.959845624363E-1,-3.182155999676E-2));
#8061=AXIS2_PLACEMENT_3D('',#8058,#8059,#8060);
#8062=PLANE('',#8061);
#8064=ORIENTED_EDGE('',*,*,#8063,.F.);
#8066=ORIENTED_EDGE('',*,*,#8065,.F.);
#8067=ORIENTED_EDGE('',*,*,#8051,.F.);
#8068=ORIENTED_EDGE('',*,*,#5970,.F.);
#8069=EDGE_LOOP('',(#8064,#8066,#8067,#8068));
#8070=FACE_OUTER_BOUND('',#8069,.F.);
#8071=ADVANCED_FACE('',(#8070),#8062,.F.);
#8072=CARTESIAN_POINT('',(3.252468872563E0,1.121541958036E1,3.186409133446E-1));
#8073=CARTESIAN_POINT('',(3.276555000810E0,1.119373472839E1,3.172496524499E-1));
#8074=CARTESIAN_POINT('',(3.327537234917E0,1.115738949890E1,3.149178053182E-1));
#8075=CARTESIAN_POINT('',(3.412296324703E0,1.111884314543E1,3.124447294240E-1));
#8076=CARTESIAN_POINT('',(3.485243734524E0,1.109962007496E1,3.112113977716E-1));
#8077=CARTESIAN_POINT('',(3.545115017537E0,1.109176184199E1,3.107072136695E-1));
#8078=CARTESIAN_POINT('',(3.639929530350E0,1.108769928359E1,3.104465424016E-1));
#8079=CARTESIAN_POINT('',(3.719663196691E0,1.110381861796E1,3.114807028633E-1));
#8080=CARTESIAN_POINT('',(3.779718417955E0,1.113265109264E1,3.133305169516E-1));
#8082=DIRECTION('',(-2.748032813930E-7,6.402624786899E-2,-9.979482148808E-1));
#8083=VECTOR('',#8082,1.E0);
#8084=SURFACE_OF_LINEAR_EXTRUSION('',#8081,#8083);
#8085=ORIENTED_EDGE('',*,*,#8063,.T.);
#8086=ORIENTED_EDGE('',*,*,#5968,.F.);
#8088=ORIENTED_EDGE('',*,*,#8087,.T.);
#8090=ORIENTED_EDGE('',*,*,#8089,.F.);
#8091=EDGE_LOOP('',(#8085,#8086,#8088,#8090));
#8092=FACE_OUTER_BOUND('',#8091,.F.);
#8093=ADVANCED_FACE('',(#8092),#8084,.T.);
#8094=CARTESIAN_POINT('',(4.134480087158E0,1.112302983194E1,
-1.682737422129E-1));
#8095=DIRECTION('',(3.265682464897E-3,-9.979428934090E-1,-6.402590735388E-2));
#8096=DIRECTION('',(9.999946676448E-1,3.258999580755E-3,2.088151567584E-4));
#8097=AXIS2_PLACEMENT_3D('',#8094,#8095,#8096);
#8098=PLANE('',#8097);
#8099=ORIENTED_EDGE('',*,*,#8087,.F.);
#8100=ORIENTED_EDGE('',*,*,#5966,.T.);
#8102=ORIENTED_EDGE('',*,*,#8101,.F.);
#8104=ORIENTED_EDGE('',*,*,#8103,.T.);
#8105=EDGE_LOOP('',(#8099,#8100,#8102,#8104));
#8106=FACE_OUTER_BOUND('',#8105,.F.);
#8107=ADVANCED_FACE('',(#8106),#8098,.F.);
#8108=CARTESIAN_POINT('',(4.582051781200E0,1.110432132875E1,3.115127182503E-1));
#8109=CARTESIAN_POINT('',(4.613919054E0,1.109717168468E1,3.110540034251E-1));
#8110=CARTESIAN_POINT('',(4.661550757019E0,1.109246396182E1,3.107519527625E-1));
#8111=CARTESIAN_POINT('',(4.724307881301E0,1.109567205912E1,3.109577602225E-1));
#8112=CARTESIAN_POINT('',(4.784827971810E0,1.110411444120E1,3.114993889441E-1));
#8113=CARTESIAN_POINT('',(4.859042446746E0,1.112385261340E1,3.127657279113E-1));
#8114=CARTESIAN_POINT('',(4.942960280518E0,1.116610959452E1,3.154768233830E-1));
#8115=CARTESIAN_POINT('',(4.996807631996E0,1.119738732898E1,3.174835218796E-1));
#8116=CARTESIAN_POINT('',(5.024440690436E0,1.121155756392E1,3.183926465904E-1));
#8118=DIRECTION('',(-2.748032813930E-7,6.402624786899E-2,-9.979482148808E-1));
#8119=VECTOR('',#8118,1.E0);
#8120=SURFACE_OF_LINEAR_EXTRUSION('',#8117,#8119);
#8121=ORIENTED_EDGE('',*,*,#8101,.T.);
#8122=ORIENTED_EDGE('',*,*,#5964,.F.);
#8124=ORIENTED_EDGE('',*,*,#8123,.F.);
#8126=ORIENTED_EDGE('',*,*,#8125,.F.);
#8127=EDGE_LOOP('',(#8121,#8122,#8124,#8126));
#8128=FACE_OUTER_BOUND('',#8127,.F.);
#8129=ADVANCED_FACE('',(#8128),#8120,.T.);
#8130=CARTESIAN_POINT('',(4.940809078209E0,1.116601021886E1,3.154704482427E-1));
#8131=DIRECTION('',(-5.026878282209E-1,8.626943026230E-1,5.534878120077E-2));
#8132=DIRECTION('',(-8.640187649415E-1,-5.034596049624E-1,2.947007255919E-7));
#8133=AXIS2_PLACEMENT_3D('',#8130,#8131,#8132);
#8134=PLANE('',#8133);
#8135=ORIENTED_EDGE('',*,*,#8123,.T.);
#8136=ORIENTED_EDGE('',*,*,#5962,.F.);
#8137=ORIENTED_EDGE('',*,*,#7829,.F.);
#8139=ORIENTED_EDGE('',*,*,#8138,.F.);
#8140=EDGE_LOOP('',(#8135,#8136,#8137,#8139));
#8141=FACE_OUTER_BOUND('',#8140,.F.);
#8142=ADVANCED_FACE('',(#8141),#8134,.T.);
#8143=CARTESIAN_POINT('',(2.416774787491E0,1.503411745731E1,5.636407267734E-1));
#8144=DIRECTION('',(-2.748033073094E-7,6.402624786896E-2,-9.979482148808E-1));
#8145=DIRECTION('',(-1.043981189182E-6,-9.979482148803E-1,-6.402624786864E-2));
#8146=AXIS2_PLACEMENT_3D('',#8143,#8144,#8145);
#8147=PLANE('',#8146);
#8148=ORIENTED_EDGE('',*,*,#7881,.F.);
#8149=ORIENTED_EDGE('',*,*,#7902,.T.);
#8150=ORIENTED_EDGE('',*,*,#7918,.F.);
#8151=ORIENTED_EDGE('',*,*,#7944,.T.);
#8152=ORIENTED_EDGE('',*,*,#7958,.F.);
#8153=ORIENTED_EDGE('',*,*,#7981,.T.);
#8154=ORIENTED_EDGE('',*,*,#7995,.F.);
#8155=ORIENTED_EDGE('',*,*,#8018,.T.);
#8156=ORIENTED_EDGE('',*,*,#8032,.F.);
#8157=ORIENTED_EDGE('',*,*,#8053,.T.);
#8158=ORIENTED_EDGE('',*,*,#8065,.T.);
#8159=ORIENTED_EDGE('',*,*,#8089,.T.);
#8160=ORIENTED_EDGE('',*,*,#8103,.F.);
#8161=ORIENTED_EDGE('',*,*,#8125,.T.);
#8162=ORIENTED_EDGE('',*,*,#8138,.T.);
#8163=ORIENTED_EDGE('',*,*,#7827,.T.);
#8164=ORIENTED_EDGE('',*,*,#7844,.F.);
#8165=ORIENTED_EDGE('',*,*,#7867,.T.);
#8166=EDGE_LOOP('',(#8148,#8149,#8150,#8151,#8152,#8153,#8154,#8155,#8156,#8157,
#8158,#8159,#8160,#8161,#8162,#8163,#8164,#8165));
#8167=FACE_OUTER_BOUND('',#8166,.F.);
#8168=ADVANCED_FACE('',(#8167),#8147,.T.);
#8169=CARTESIAN_POINT('',(8.017971756636E0,1.365277859115E1,4.750154027893E-1));
#8170=CARTESIAN_POINT('',(8.033180740085E0,1.362718393521E1,4.733732995820E-1));
#8171=CARTESIAN_POINT('',(8.039023600239E0,1.355956937910E1,4.690352909858E-1));
#8172=CARTESIAN_POINT('',(7.988115094454E0,1.346346157555E1,4.628692314942E-1));
#8173=CARTESIAN_POINT('',(7.908603315119E0,1.342927880808E1,4.606761592882E-1));
#8174=CARTESIAN_POINT('',(7.843518485062E0,1.342705252598E1,4.605333436577E-1));
#8175=CARTESIAN_POINT('',(7.779114885573E0,1.344158378479E1,4.614656562394E-1));
#8176=CARTESIAN_POINT('',(7.706993601223E0,1.349364463766E1,4.648057903662E-1));
#8177=CARTESIAN_POINT('',(7.674697790110E0,1.359693808628E1,4.714328885671E-1));
#8178=CARTESIAN_POINT('',(7.693495471885E0,1.366289240346E1,4.756643729576E-1));
#8179=CARTESIAN_POINT('',(7.712360291900E0,1.368710185461E1,4.772175949712E-1));
#8181=DIRECTION('',(-2.748032715582E-7,6.402624786891E-2,-9.979482148808E-1));
#8182=VECTOR('',#8181,1.E0);
#8183=SURFACE_OF_LINEAR_EXTRUSION('',#8180,#8182);
#8185=ORIENTED_EDGE('',*,*,#8184,.T.);
#8187=ORIENTED_EDGE('',*,*,#8186,.F.);
#8189=ORIENTED_EDGE('',*,*,#8188,.T.);
#8190=ORIENTED_EDGE('',*,*,#5998,.F.);
#8191=EDGE_LOOP('',(#8185,#8187,#8189,#8190));
#8192=FACE_OUTER_BOUND('',#8191,.F.);
#8193=ADVANCED_FACE('',(#8192),#8183,.T.);
#8194=CARTESIAN_POINT('',(7.682724628802E0,1.425442768833E1,3.262914760664E-2));
#8195=DIRECTION('',(9.999946601184E-1,3.261298700875E-3,2.089626636774E-4));
#8196=DIRECTION('',(-3.267986312031E-3,9.979428858981E-1,6.402590687286E-2));
#8197=AXIS2_PLACEMENT_3D('',#8194,#8195,#8196);
#8198=PLANE('',#8197);
#8199=ORIENTED_EDGE('',*,*,#8184,.F.);
#8200=ORIENTED_EDGE('',*,*,#6036,.T.);
#8202=ORIENTED_EDGE('',*,*,#8201,.T.);
#8204=ORIENTED_EDGE('',*,*,#8203,.T.);
#8205=EDGE_LOOP('',(#8199,#8200,#8202,#8204));
#8206=FACE_OUTER_BOUND('',#8205,.F.);
#8207=ADVANCED_FACE('',(#8206),#8198,.F.);
#8208=CARTESIAN_POINT('',(7.637273897945E0,1.475325460929E1,5.456197226105E-1));
#8209=CARTESIAN_POINT('',(7.668838890740E0,1.478336231804E1,5.475513608660E-1));
#8210=CARTESIAN_POINT('',(7.693172577761E0,1.484933868338E1,5.517842582955E-1));
#8211=CARTESIAN_POINT('',(7.653437722780E0,1.494559983070E1,5.579601809605E-1));
#8212=CARTESIAN_POINT('',(7.595436186619E0,1.500284708297E1,5.616330596203E-1));
#8213=CARTESIAN_POINT('',(7.541925634223E0,1.503006285100E1,5.633791804997E-1));
#8214=CARTESIAN_POINT('',(7.510448354172E0,1.503860917728E1,5.639275033959E-1));
#8215=CARTESIAN_POINT('',(7.461591362161E0,1.504336940120E1,5.642329227527E-1));
#8216=CARTESIAN_POINT('',(7.420743041498E0,1.502690679477E1,5.631767279735E-1));
#8217=CARTESIAN_POINT('',(7.396133959450E0,1.499134126090E1,5.608949252929E-1));
#8219=DIRECTION('',(-2.748032726597E-7,6.402624786889E-2,-9.979482148808E-1));
#8220=VECTOR('',#8219,1.E0);
#8221=SURFACE_OF_LINEAR_EXTRUSION('',#8218,#8220);
#8222=ORIENTED_EDGE('',*,*,#8201,.F.);
#8223=ORIENTED_EDGE('',*,*,#6034,.F.);
#8225=ORIENTED_EDGE('',*,*,#8224,.T.);
#8227=ORIENTED_EDGE('',*,*,#8226,.F.);
#8228=EDGE_LOOP('',(#8222,#8223,#8225,#8227));
#8229=FACE_OUTER_BOUND('',#8228,.F.);
#8230=ADVANCED_FACE('',(#8229),#8221,.T.);
#8231=CARTESIAN_POINT('',(7.094971281624E0,1.506963132710E1,8.493105163118E-2));
#8232=DIRECTION('',(-3.265653095208E-3,9.979428935047E-1,6.402590735993E-2));
#8233=DIRECTION('',(-9.999946677407E-1,-3.258970271305E-3,-2.088132766584E-4));
#8234=AXIS2_PLACEMENT_3D('',#8231,#8232,#8233);
#8235=PLANE('',#8234);
#8236=ORIENTED_EDGE('',*,*,#8224,.F.);
#8237=ORIENTED_EDGE('',*,*,#6032,.T.);
#8239=ORIENTED_EDGE('',*,*,#8238,.T.);
#8241=ORIENTED_EDGE('',*,*,#8240,.T.);
#8242=EDGE_LOOP('',(#8236,#8237,#8239,#8241));
#8243=FACE_OUTER_BOUND('',#8242,.F.);
#8244=ADVANCED_FACE('',(#8243),#8235,.F.);
#8245=CARTESIAN_POINT('',(6.793495432925E0,1.499027663506E1,5.608267870872E-1));
#8246=CARTESIAN_POINT('',(6.768732045307E0,1.502500136958E1,5.630546594637E-1));
#8247=CARTESIAN_POINT('',(6.728051432315E0,1.504095266957E1,5.640780723530E-1));
#8248=CARTESIAN_POINT('',(6.679494016873E0,1.503589956793E1,5.637538894055E-1));
#8249=CARTESIAN_POINT('',(6.648060176488E0,1.502713999247E1,5.631919022167E-1));
#8250=CARTESIAN_POINT('',(6.594725281774E0,1.499955969194E1,5.614224231241E-1));
#8251=CARTESIAN_POINT('',(6.537117369233E0,1.494193006826E1,5.577250441577E-1));
#8252=CARTESIAN_POINT('',(6.497305647782E0,1.484360712529E1,5.514168629479E-1));
#8253=CARTESIAN_POINT('',(6.524287871154E0,1.477578557830E1,5.470655684339E-1));
#8254=CARTESIAN_POINT('',(6.560434151302E0,1.474442852691E1,5.450537563507E-1));
#8256=DIRECTION('',(-2.748032726596E-7,6.402624786891E-2,-9.979482148808E-1));
#8257=VECTOR('',#8256,1.E0);
#8258=SURFACE_OF_LINEAR_EXTRUSION('',#8255,#8257);
#8259=ORIENTED_EDGE('',*,*,#8238,.F.);
#8260=ORIENTED_EDGE('',*,*,#6030,.F.);
#8262=ORIENTED_EDGE('',*,*,#8261,.T.);
#8264=ORIENTED_EDGE('',*,*,#8263,.F.);
#8265=EDGE_LOOP('',(#8259,#8260,#8262,#8264));
#8266=FACE_OUTER_BOUND('',#8265,.F.);
#8267=ADVANCED_FACE('',(#8266),#8258,.T.);
#8268=CARTESIAN_POINT('',(6.516350804962E0,1.309921904338E1,
-4.148627583519E-2));
#8269=DIRECTION('',(-9.999946600199E-1,-3.261328790416E-3,-2.089645941588E-4));
#8270=DIRECTION('',(3.268016463436E-3,-9.979428857997E-1,-6.402590686639E-2));
#8271=AXIS2_PLACEMENT_3D('',#8268,#8269,#8270);
#8272=PLANE('',#8271);
#8273=ORIENTED_EDGE('',*,*,#8261,.F.);
#8274=ORIENTED_EDGE('',*,*,#6028,.T.);
#8276=ORIENTED_EDGE('',*,*,#8275,.T.);
#8278=ORIENTED_EDGE('',*,*,#8277,.T.);
#8279=EDGE_LOOP('',(#8273,#8274,#8276,#8278));
#8280=FACE_OUTER_BOUND('',#8279,.F.);
#8281=ADVANCED_FACE('',(#8280),#8272,.F.);
#8282=CARTESIAN_POINT('',(6.565725385132E0,1.138754544636E1,3.296832326773E-1));
#8283=CARTESIAN_POINT('',(6.534039229926E0,1.135741206038E1,3.277499470588E-1));
#8284=CARTESIAN_POINT('',(6.509647936469E0,1.129145528659E1,3.235183065971E-1));
#8285=CARTESIAN_POINT('',(6.549483672654E0,1.119522106553E1,3.173441114375E-1));
#8286=CARTESIAN_POINT('',(6.607464239237E0,1.113800516369E1,3.136732441594E-1));
#8287=CARTESIAN_POINT('',(6.660980402263E0,1.111075180401E1,3.119247114778E-1));
#8288=CARTESIAN_POINT('',(6.692416067676E0,1.110220029768E1,3.113760562522E-1));
#8289=CARTESIAN_POINT('',(6.741255137742E0,1.109743040731E1,3.110700167213E-1));
#8290=CARTESIAN_POINT('',(6.782097637436E0,1.111394734814E1,3.121296974824E-1));
#8291=CARTESIAN_POINT('',(6.806666017440E0,1.114968782840E1,3.144227243657E-1));
#8293=DIRECTION('',(-2.748032701925E-7,6.402624786890E-2,-9.979482148808E-1));
#8294=VECTOR('',#8293,1.E0);
#8295=SURFACE_OF_LINEAR_EXTRUSION('',#8292,#8294);
#8296=ORIENTED_EDGE('',*,*,#8275,.F.);
#8297=ORIENTED_EDGE('',*,*,#6026,.F.);
#8299=ORIENTED_EDGE('',*,*,#8298,.T.);
#8301=ORIENTED_EDGE('',*,*,#8300,.F.);
#8302=EDGE_LOOP('',(#8296,#8297,#8299,#8301));
#8303=FACE_OUTER_BOUND('',#8302,.F.);
#8304=ADVANCED_FACE('',(#8303),#8295,.T.);
#8305=CARTESIAN_POINT('',(7.307011999910E0,1.113329018702E1,
-1.676163331358E-1));
#8306=DIRECTION('',(3.265303762839E-3,-9.979428946431E-1,-6.402590743287E-2));
#8307=DIRECTION('',(9.999946688814E-1,3.258621655711E-3,2.087909099070E-4));
#8308=AXIS2_PLACEMENT_3D('',#8305,#8306,#8307);
#8309=PLANE('',#8308);
#8310=ORIENTED_EDGE('',*,*,#8298,.F.);
#8311=ORIENTED_EDGE('',*,*,#6024,.T.);
#8313=ORIENTED_EDGE('',*,*,#8312,.T.);
#8315=ORIENTED_EDGE('',*,*,#8314,.T.);
#8316=EDGE_LOOP('',(#8310,#8311,#8313,#8315));
#8317=FACE_OUTER_BOUND('',#8316,.F.);
#8318=ADVANCED_FACE('',(#8317),#8309,.F.);
#8319=CARTESIAN_POINT('',(7.803177559502E0,1.113474361469E1,3.134636608079E-1));
#8320=CARTESIAN_POINT('',(7.832508274557E0,1.111301971457E1,3.120698932243E-1));
#8321=CARTESIAN_POINT('',(7.874620647854E0,1.110179157607E1,3.113495079974E-1));
#8322=CARTESIAN_POINT('',(7.925989488403E0,1.110613784927E1,3.116283415527E-1));
#8323=CARTESIAN_POINT('',(7.963498803179E0,1.111469840607E1,3.121775584516E-1));
#8324=CARTESIAN_POINT('',(8.028122326674E0,1.114227644739E1,3.139468894897E-1));
#8325=CARTESIAN_POINT('',(8.103112701173E0,1.120408118608E1,3.179121302227E-1));
#8326=CARTESIAN_POINT('',(8.159609414260E0,1.130557375920E1,3.244236636077E-1));
#8327=CARTESIAN_POINT('',(8.154090604226E0,1.137996074278E1,3.291961767442E-1));
#8328=CARTESIAN_POINT('',(8.138229357496E0,1.141493992906E1,3.314403717601E-1));
#8330=DIRECTION('',(-2.748032723513E-7,6.402624786891E-2,-9.979482148808E-1));
#8331=VECTOR('',#8330,1.E0);
#8332=SURFACE_OF_LINEAR_EXTRUSION('',#8329,#8331);
#8333=ORIENTED_EDGE('',*,*,#8312,.F.);
#8334=ORIENTED_EDGE('',*,*,#6022,.F.);
#8336=ORIENTED_EDGE('',*,*,#8335,.T.);
#8338=ORIENTED_EDGE('',*,*,#8337,.F.);
#8339=EDGE_LOOP('',(#8333,#8334,#8336,#8338));
#8340=FACE_OUTER_BOUND('',#8339,.F.);
#8341=ADVANCED_FACE('',(#8340),#8332,.T.);
#8342=CARTESIAN_POINT('',(8.273552906872E0,1.197917757388E1,
-1.133462527011E-1));
#8343=DIRECTION('',(9.817743462060E-1,-1.896603839357E-1,-1.216847965305E-2));
#8344=DIRECTION('',(1.900503436767E-1,9.797599595560E-1,6.285927552210E-2));
#8345=AXIS2_PLACEMENT_3D('',#8342,#8343,#8344);
#8346=PLANE('',#8345);
#8347=ORIENTED_EDGE('',*,*,#8335,.F.);
#8348=ORIENTED_EDGE('',*,*,#6020,.F.);
#8350=ORIENTED_EDGE('',*,*,#8349,.T.);
#8352=ORIENTED_EDGE('',*,*,#8351,.F.);
#8353=EDGE_LOOP('',(#8347,#8348,#8350,#8352));
#8354=FACE_OUTER_BOUND('',#8353,.F.);
#8355=ADVANCED_FACE('',(#8354),#8346,.F.);
#8356=CARTESIAN_POINT('',(8.408585197630E0,1.249106603414E1,4.004822733520E-1));
#8357=CARTESIAN_POINT('',(8.393631534920E0,1.251591072146E1,4.020762600893E-1));
#8358=CARTESIAN_POINT('',(8.386724675101E0,1.258382815043E1,4.064337006619E-1));
#8359=CARTESIAN_POINT('',(8.435216987616E0,1.268159998858E1,4.127065217601E-1));
#8360=CARTESIAN_POINT('',(8.506389070089E0,1.271420118175E1,4.147981257988E-1));
#8361=CARTESIAN_POINT('',(8.554418674550E0,1.272004120632E1,4.151727962039E-1));
#8362=CARTESIAN_POINT('',(8.587946993290E0,1.271969171399E1,4.151503642823E-1));
#8363=CARTESIAN_POINT('',(8.646475579546E0,1.270724115443E1,4.143515465837E-1));
#8364=CARTESIAN_POINT('',(8.719850290885E0,1.265436585118E1,4.109591586971E-1));
#8365=CARTESIAN_POINT('',(8.751693615852E0,1.255051486686E1,4.042962903094E-1));
#8366=CARTESIAN_POINT('',(8.733057794331E0,1.248511697692E1,4.001005050682E-1));
#8367=CARTESIAN_POINT('',(8.714207162062E0,1.246085772148E1,3.985440877115E-1));
#8369=DIRECTION('',(-2.748032716574E-7,6.402624786890E-2,-9.979482148808E-1));
#8370=VECTOR('',#8369,1.E0);
#8371=SURFACE_OF_LINEAR_EXTRUSION('',#8368,#8370);
#8372=ORIENTED_EDGE('',*,*,#8349,.F.);
#8373=ORIENTED_EDGE('',*,*,#6018,.F.);
#8375=ORIENTED_EDGE('',*,*,#8374,.T.);
#8377=ORIENTED_EDGE('',*,*,#8376,.F.);
#8378=EDGE_LOOP('',(#8372,#8373,#8375,#8377));
#8379=FACE_OUTER_BOUND('',#8378,.F.);
#8380=ADVANCED_FACE('',(#8379),#8371,.T.);
#8381=CARTESIAN_POINT('',(8.743851394840E0,1.195513645940E1,
-1.148888092897E-1));
#8382=DIRECTION('',(-9.999946600861E-1,-3.261308574931E-3,-2.089632971760E-4));
#8383=DIRECTION('',(3.267996206388E-3,-9.979428858658E-1,-6.402590687087E-2));
#8384=AXIS2_PLACEMENT_3D('',#8381,#8382,#8383);
#8385=PLANE('',#8384);
#8386=ORIENTED_EDGE('',*,*,#8374,.F.);
#8387=ORIENTED_EDGE('',*,*,#6016,.T.);
#8389=ORIENTED_EDGE('',*,*,#8388,.T.);
#8391=ORIENTED_EDGE('',*,*,#8390,.T.);
#8392=EDGE_LOOP('',(#8386,#8387,#8389,#8391));
#8393=FACE_OUTER_BOUND('',#8392,.F.);
#8394=ADVANCED_FACE('',(#8393),#8385,.F.);
#8395=CARTESIAN_POINT('',(8.789312158312E0,1.139477794666E1,3.301466423028E-1));
#8396=CARTESIAN_POINT('',(8.757739915231E0,1.136467112400E1,3.282150608990E-1));
#8397=CARTESIAN_POINT('',(8.733403159722E0,1.129869892266E1,3.239824306234E-1));
#8398=CARTESIAN_POINT('',(8.773138074161E0,1.120244406553E1,3.178069115248E-1));
#8399=CARTESIAN_POINT('',(8.831139222275E0,1.114520468946E1,3.141345381852E-1));
#8400=CARTESIAN_POINT('',(8.884649235532E0,1.111799104623E1,3.123885536283E-1));
#8401=CARTESIAN_POINT('',(8.916127462691E0,1.110944503787E1,3.118402511293E-1));
#8402=CARTESIAN_POINT('',(8.964984944596E0,1.110468511337E1,3.115348509813E-1));
#8403=CARTESIAN_POINT('',(9.005833505917E0,1.112114640871E1,3.125909616449E-1));
#8404=CARTESIAN_POINT('',(9.030443931401E0,1.115670833323E1,3.148725327719E-1));
#8406=DIRECTION('',(-2.748032708093E-7,6.402624786891E-2,-9.979482148808E-1));
#8407=VECTOR('',#8406,1.E0);
#8408=SURFACE_OF_LINEAR_EXTRUSION('',#8405,#8407);
#8409=ORIENTED_EDGE('',*,*,#8388,.F.);
#8410=ORIENTED_EDGE('',*,*,#6014,.F.);
#8412=ORIENTED_EDGE('',*,*,#8411,.T.);
#8414=ORIENTED_EDGE('',*,*,#8413,.F.);
#8415=EDGE_LOOP('',(#8409,#8410,#8412,#8414));
#8416=FACE_OUTER_BOUND('',#8415,.F.);
#8417=ADVANCED_FACE('',(#8416),#8408,.T.);
#8418=CARTESIAN_POINT('',(9.331605000507E0,1.113988837334E1,
-1.671935649584E-1));
#8419=DIRECTION('',(3.266182590145E-3,-9.979428917790E-1,-6.402590724935E-2));
#8420=DIRECTION('',(9.999946660114E-1,3.259498679834E-3,2.088471782054E-4));
#8421=AXIS2_PLACEMENT_3D('',#8418,#8419,#8420);
#8422=PLANE('',#8421);
#8423=ORIENTED_EDGE('',*,*,#8411,.F.);
#8424=ORIENTED_EDGE('',*,*,#6012,.T.);
#8426=ORIENTED_EDGE('',*,*,#8425,.T.);
#8428=ORIENTED_EDGE('',*,*,#8427,.T.);
#8429=EDGE_LOOP('',(#8423,#8424,#8426,#8428));
#8430=FACE_OUTER_BOUND('',#8429,.F.);
#8431=ADVANCED_FACE('',(#8430),#8422,.F.);
#8432=CARTESIAN_POINT('',(9.633079645051E0,1.115777337164E1,3.149406974319E-1));
#8433=CARTESIAN_POINT('',(9.657844389312E0,1.112305221047E1,3.127130543135E-1));
#8434=CARTESIAN_POINT('',(9.698525308723E0,1.110710223217E1,3.116897262207E-1));
#8435=CARTESIAN_POINT('',(9.747083275689E0,1.111215508964E1,3.120138935033E-1));
#8436=CARTESIAN_POINT('',(9.778518084545E0,1.112091438626E1,3.125758628015E-1));
#8437=CARTESIAN_POINT('',(9.831852332068E0,1.114849253802E1,3.143452040331E-1));
#8438=CARTESIAN_POINT('',(9.889459816080E0,1.120611409371E1,3.180420653746E-1));
#8439=CARTESIAN_POINT('',(9.929271859579E0,1.130443100391E1,3.243498595350E-1));
#8440=CARTESIAN_POINT('',(9.902285619540E0,1.137224883715E1,3.287009157837E-1));
#8441=CARTESIAN_POINT('',(9.866129710755E0,1.140360509689E1,3.307126770796E-1));
#8443=DIRECTION('',(-2.748032674169E-7,6.402624786892E-2,-9.979482148808E-1));
#8444=VECTOR('',#8443,1.E0);
#8445=SURFACE_OF_LINEAR_EXTRUSION('',#8442,#8444);
#8446=ORIENTED_EDGE('',*,*,#8425,.F.);
#8447=ORIENTED_EDGE('',*,*,#6010,.F.);
#8449=ORIENTED_EDGE('',*,*,#8448,.T.);
#8451=ORIENTED_EDGE('',*,*,#8450,.F.);
#8452=EDGE_LOOP('',(#8446,#8447,#8449,#8451));
#8453=FACE_OUTER_BOUND('',#8452,.F.);
#8454=ADVANCED_FACE('',(#8453),#8445,.T.);
#8455=CARTESIAN_POINT('',(9.910225440043E0,1.311027968218E1,
-4.077758319680E-2));
#8456=DIRECTION('',(9.999946600178E-1,3.261329428040E-3,2.089646350674E-4));
#8457=DIRECTION('',(-3.268017102371E-3,9.979428857977E-1,6.402590686619E-2));
#8458=AXIS2_PLACEMENT_3D('',#8455,#8456,#8457);
#8459=PLANE('',#8458);
#8460=ORIENTED_EDGE('',*,*,#8448,.F.);
#8461=ORIENTED_EDGE('',*,*,#6008,.T.);
#8463=ORIENTED_EDGE('',*,*,#8462,.T.);
#8465=ORIENTED_EDGE('',*,*,#8464,.T.);
#8466=EDGE_LOOP('',(#8460,#8461,#8463,#8465));
#8467=FACE_OUTER_BOUND('',#8466,.F.);
#8468=ADVANCED_FACE('',(#8467),#8459,.F.);
#8469=CARTESIAN_POINT('',(9.861006312884E0,1.476050167397E1,5.460840666150E-1));
#8470=CARTESIAN_POINT('',(9.892569683141E0,1.479060954279E1,5.480157151405E-1));
#8471=CARTESIAN_POINT('',(9.916902440026E0,1.485658624648E1,5.522486342784E-1));
#8472=CARTESIAN_POINT('',(9.877169082314E0,1.495284695274E1,5.584245286447E-1));
#8473=CARTESIAN_POINT('',(9.819170478704E0,1.501009506145E1,5.620974622514E-1));
#8474=CARTESIAN_POINT('',(9.765662546869E0,1.503731042213E1,5.638435569954E-1));
#8475=CARTESIAN_POINT('',(9.734187432174E0,1.504585644480E1,5.643918604110E-1));
#8476=CARTESIAN_POINT('',(9.685331554133E0,1.505061672517E1,5.646972833901E-1));
#8477=CARTESIAN_POINT('',(9.644483784428E0,1.503415272517E1,5.636409992028E-1));
#8478=CARTESIAN_POINT('',(9.619876255850E0,1.499858287906E1,5.613589198416E-1));
#8480=DIRECTION('',(-2.748032695757E-7,6.402624786892E-2,-9.979482148808E-1));
#8481=VECTOR('',#8480,1.E0);
#8482=SURFACE_OF_LINEAR_EXTRUSION('',#8479,#8481);
#8483=ORIENTED_EDGE('',*,*,#8462,.F.);
#8484=ORIENTED_EDGE('',*,*,#6006,.F.);
#8486=ORIENTED_EDGE('',*,*,#8485,.T.);
#8488=ORIENTED_EDGE('',*,*,#8487,.F.);
#8489=EDGE_LOOP('',(#8483,#8484,#8486,#8488));
#8490=FACE_OUTER_BOUND('',#8489,.F.);
#8491=ADVANCED_FACE('',(#8490),#8482,.T.);
#8492=CARTESIAN_POINT('',(9.119557593490E0,1.507622949712E1,8.535381876435E-2));
#8493=DIRECTION('',(-3.265664482105E-3,9.979428934676E-1,6.402590735755E-2));
#8494=DIRECTION('',(-9.999946677035E-1,-3.258981634848E-3,-2.088140055643E-4));
#8495=AXIS2_PLACEMENT_3D('',#8492,#8493,#8494);
#8496=PLANE('',#8495);
#8497=ORIENTED_EDGE('',*,*,#8485,.F.);
#8498=ORIENTED_EDGE('',*,*,#6004,.T.);
#8500=ORIENTED_EDGE('',*,*,#8499,.F.);
#8502=ORIENTED_EDGE('',*,*,#8501,.T.);
#8503=EDGE_LOOP('',(#8497,#8498,#8500,#8502));
#8504=FACE_OUTER_BOUND('',#8503,.F.);
#8505=ADVANCED_FACE('',(#8504),#8496,.F.);
#8506=CARTESIAN_POINT('',(8.623846085461E0,1.501326421714E1,5.623011177312E-1));
#8507=CARTESIAN_POINT('',(8.594286778001E0,1.503498674230E1,5.636947971700E-1));
#8508=CARTESIAN_POINT('',(8.551899221219E0,1.504630764624E1,5.644211341076E-1));
#8509=CARTESIAN_POINT('',(8.500145318584E0,1.504186957789E1,5.641364112746E-1));
#8510=CARTESIAN_POINT('',(8.462093420312E0,1.503304687557E1,5.635703758227E-1));
#8511=CARTESIAN_POINT('',(8.396999361591E0,1.500497880096E1,5.617696054144E-1));
#8512=CARTESIAN_POINT('',(8.320256127227E0,1.494046528610E1,5.576305758115E-1));
#8513=CARTESIAN_POINT('',(8.266058444153E0,1.483855790286E1,5.510924284525E-1));
#8514=CARTESIAN_POINT('',(8.273093340387E0,1.476307770686E1,5.462497766997E-1));
#8515=CARTESIAN_POINT('',(8.289310215707E0,1.472712017886E1,5.439428132492E-1));
#8517=DIRECTION('',(-2.748032683423E-7,6.402624786897E-2,-9.979482148808E-1));
#8518=VECTOR('',#8517,1.E0);
#8519=SURFACE_OF_LINEAR_EXTRUSION('',#8516,#8518);
#8520=ORIENTED_EDGE('',*,*,#8499,.T.);
#8521=ORIENTED_EDGE('',*,*,#6002,.F.);
#8523=ORIENTED_EDGE('',*,*,#8522,.F.);
#8525=ORIENTED_EDGE('',*,*,#8524,.F.);
#8526=EDGE_LOOP('',(#8520,#8521,#8523,#8525));
#8527=FACE_OUTER_BOUND('',#8526,.F.);
#8528=ADVANCED_FACE('',(#8527),#8519,.T.);
#8529=CARTESIAN_POINT('',(8.275479711510E0,1.483057000101E1,5.505799389614E-1));
#8530=DIRECTION('',(9.817571861197E-1,-1.897488273400E-1,-1.217415399020E-2));
#8531=DIRECTION('',(1.239941592046E-2,-1.270015040748E-8,9.999231242875E-1));
#8532=AXIS2_PLACEMENT_3D('',#8529,#8530,#8531);
#8533=PLANE('',#8532);
#8534=ORIENTED_EDGE('',*,*,#8522,.T.);
#8535=ORIENTED_EDGE('',*,*,#6000,.T.);
#8536=ORIENTED_EDGE('',*,*,#8188,.F.);
#8538=ORIENTED_EDGE('',*,*,#8537,.T.);
#8539=EDGE_LOOP('',(#8534,#8535,#8536,#8538));
#8540=FACE_OUTER_BOUND('',#8539,.F.);
#8541=ADVANCED_FACE('',(#8540),#8533,.T.);
#8542=CARTESIAN_POINT('',(6.510431879359E0,1.504743675161E1,5.644941372760E-1));
#8543=DIRECTION('',(-2.748033001617E-7,6.402624786896E-2,-9.979482148808E-1));
#8544=DIRECTION('',(-1.043981189182E-6,-9.979482148803E-1,-6.402624786864E-2));
#8545=AXIS2_PLACEMENT_3D('',#8542,#8543,#8544);
#8546=PLANE('',#8545);
#8547=ORIENTED_EDGE('',*,*,#8501,.F.);
#8548=ORIENTED_EDGE('',*,*,#8524,.T.);
#8549=ORIENTED_EDGE('',*,*,#8537,.F.);
#8550=ORIENTED_EDGE('',*,*,#8186,.T.);
#8551=ORIENTED_EDGE('',*,*,#8203,.F.);
#8552=ORIENTED_EDGE('',*,*,#8226,.T.);
#8553=ORIENTED_EDGE('',*,*,#8240,.F.);
#8554=ORIENTED_EDGE('',*,*,#8263,.T.);
#8555=ORIENTED_EDGE('',*,*,#8277,.F.);
#8556=ORIENTED_EDGE('',*,*,#8300,.T.);
#8557=ORIENTED_EDGE('',*,*,#8314,.F.);
#8558=ORIENTED_EDGE('',*,*,#8337,.T.);
#8559=ORIENTED_EDGE('',*,*,#8351,.T.);
#8560=ORIENTED_EDGE('',*,*,#8376,.T.);
#8561=ORIENTED_EDGE('',*,*,#8390,.F.);
#8562=ORIENTED_EDGE('',*,*,#8413,.T.);
#8563=ORIENTED_EDGE('',*,*,#8427,.F.);
#8564=ORIENTED_EDGE('',*,*,#8450,.T.);
#8565=ORIENTED_EDGE('',*,*,#8464,.F.);
#8566=ORIENTED_EDGE('',*,*,#8487,.T.);
#8567=EDGE_LOOP('',(#8547,#8548,#8549,#8550,#8551,#8552,#8553,#8554,#8555,#8556,
#8557,#8558,#8559,#8560,#8561,#8562,#8563,#8564,#8565,#8566));
#8568=FACE_OUTER_BOUND('',#8567,.F.);
#8569=ADVANCED_FACE('',(#8568),#8546,.T.);
#8570=CARTESIAN_POINT('',(1.181452713171E1,1.183990938014E1,
-1.222823806790E-1));
#8571=DIRECTION('',(5.025804827902E-1,-8.627565869782E-1,-5.535277720375E-2));
#8572=DIRECTION('',(8.645304264850E-1,5.015493108455E-1,3.217810547684E-2));
#8573=AXIS2_PLACEMENT_3D('',#8570,#8571,#8572);
#8574=PLANE('',#8573);
#8576=ORIENTED_EDGE('',*,*,#8575,.F.);
#8578=ORIENTED_EDGE('',*,*,#8577,.F.);
#8580=ORIENTED_EDGE('',*,*,#8579,.F.);
#8581=ORIENTED_EDGE('',*,*,#6040,.F.);
#8582=EDGE_LOOP('',(#8576,#8578,#8580,#8581));
#8583=FACE_OUTER_BOUND('',#8582,.F.);
#8584=ADVANCED_FACE('',(#8583),#8574,.F.);
#8585=CARTESIAN_POINT('',(1.275409230339E1,1.235433377486E1,3.917086240268E-1));
#8586=CARTESIAN_POINT('',(1.275556660311E1,1.235513752506E1,3.917601905347E-1));
#8587=CARTESIAN_POINT('',(1.278110568173E1,1.236950872401E1,3.926822092462E-1));
#8588=CARTESIAN_POINT('',(1.282482485768E1,1.240936553135E1,3.952393257113E-1));
#8589=CARTESIAN_POINT('',(1.286649177755E1,1.248188420070E1,3.998919587639E-1));
#8590=CARTESIAN_POINT('',(1.287886280410E1,1.253965439535E1,4.035983689239E-1));
#8591=CARTESIAN_POINT('',(1.287838141832E1,1.256889510330E1,4.054743910656E-1));
#8592=CARTESIAN_POINT('',(1.287833125751E1,1.257057013405E1,4.055818575113E-1));
#8594=DIRECTION('',(-2.748033282325E-7,6.402624786890E-2,-9.979482148808E-1));
#8595=VECTOR('',#8594,1.E0);
#8596=SURFACE_OF_LINEAR_EXTRUSION('',#8593,#8595);
#8597=ORIENTED_EDGE('',*,*,#8575,.T.);
#8598=ORIENTED_EDGE('',*,*,#6066,.F.);
#8600=ORIENTED_EDGE('',*,*,#8599,.T.);
#8602=ORIENTED_EDGE('',*,*,#8601,.F.);
#8603=EDGE_LOOP('',(#8597,#8598,#8600,#8602));
#8604=FACE_OUTER_BOUND('',#8603,.F.);
#8605=ADVANCED_FACE('',(#8604),#8596,.T.);
#8606=CARTESIAN_POINT('',(1.287670738766E1,1.311768132848E1,
-4.030352609179E-2));
#8607=DIRECTION('',(9.999946632124E-1,3.260353761413E-3,2.089020383005E-4));
#8608=DIRECTION('',(-3.267039429767E-3,9.979428889857E-1,6.402590707113E-2));
#8609=AXIS2_PLACEMENT_3D('',#8606,#8607,#8608);
#8610=PLANE('',#8609);
#8611=ORIENTED_EDGE('',*,*,#8599,.F.);
#8612=ORIENTED_EDGE('',*,*,#6064,.T.);
#8614=ORIENTED_EDGE('',*,*,#8613,.T.);
#8616=ORIENTED_EDGE('',*,*,#8615,.T.);
#8617=EDGE_LOOP('',(#8611,#8612,#8614,#8616));
#8618=FACE_OUTER_BOUND('',#8617,.F.);
#8619=ADVANCED_FACE('',(#8618),#8610,.F.);
#8620=CARTESIAN_POINT('',(1.287495023353E1,1.360332705693E1,4.718413594323E-1));
#8621=CARTESIAN_POINT('',(1.287498943209E1,1.360500232418E1,4.719488410269E-1));
#8622=CARTESIAN_POINT('',(1.287527943245E1,1.363424564878E1,4.738250308346E-1));
#8623=CARTESIAN_POINT('',(1.286252842404E1,1.369193357481E1,4.775261697323E-1));
#8624=CARTESIAN_POINT('',(1.282038858526E1,1.376417978427E1,4.821613454107E-1));
#8625=CARTESIAN_POINT('',(1.277640802044E1,1.380374935158E1,4.847000573133E-1));
#8626=CARTESIAN_POINT('',(1.275077549704E1,1.381795380727E1,4.856113922213E-1));
#8627=CARTESIAN_POINT('',(1.274929592103E1,1.381874796315E1,4.856623439917E-1));
#8629=DIRECTION('',(-2.748033282325E-7,6.402624786890E-2,-9.979482148808E-1));
#8630=VECTOR('',#8629,1.E0);
#8631=SURFACE_OF_LINEAR_EXTRUSION('',#8628,#8630);
#8632=ORIENTED_EDGE('',*,*,#8613,.F.);
#8633=ORIENTED_EDGE('',*,*,#6062,.F.);
#8635=ORIENTED_EDGE('',*,*,#8634,.T.);
#8637=ORIENTED_EDGE('',*,*,#8636,.F.);
#8638=EDGE_LOOP('',(#8632,#8633,#8635,#8637));
#8639=FACE_OUTER_BOUND('',#8638,.F.);
#8640=ADVANCED_FACE('',(#8639),#8631,.T.);
#8641=CARTESIAN_POINT('',(1.180618068679E1,1.438850225258E1,4.122995275438E-2));
#8642=DIRECTION('',(4.969226335524E-1,8.660143270652E-1,5.556151168959E-2));
#8643=DIRECTION('',(-8.677948468753E-1,4.959030398190E-1,3.181632969125E-2));
#8644=AXIS2_PLACEMENT_3D('',#8641,#8642,#8643);
#8645=PLANE('',#8644);
#8646=ORIENTED_EDGE('',*,*,#8634,.F.);
#8647=ORIENTED_EDGE('',*,*,#6060,.F.);
#8649=ORIENTED_EDGE('',*,*,#8648,.F.);
#8651=ORIENTED_EDGE('',*,*,#8650,.F.);
#8652=EDGE_LOOP('',(#8646,#8647,#8649,#8651));
#8653=FACE_OUTER_BOUND('',#8652,.F.);
#8654=ADVANCED_FACE('',(#8653),#8645,.F.);
#8655=CARTESIAN_POINT('',(1.092346630880E1,1.482533777495E1,5.502435212255E-1));
#8656=CARTESIAN_POINT('',(1.091000987277E1,1.485871612227E1,5.523850091363E-1));
#8657=CARTESIAN_POINT('',(1.087109186862E1,1.489960511081E1,5.550083709216E-1));
#8658=CARTESIAN_POINT('',(1.079814826761E1,1.492380462694E1,5.565609808060E-1));
#8659=CARTESIAN_POINT('',(1.071202473694E1,1.492216178492E1,5.564556032508E-1));
#8660=CARTESIAN_POINT('',(1.061893499119E1,1.486636031647E1,5.528755246298E-1));
#8661=CARTESIAN_POINT('',(1.057544289097E1,1.475072665475E1,5.454567253126E-1));
#8662=CARTESIAN_POINT('',(1.059763266573E1,1.467799205599E1,5.407902211023E-1));
#8663=CARTESIAN_POINT('',(1.061949134840E1,1.465111782291E1,5.390660210996E-1));
#8665=DIRECTION('',(-2.748032914100E-7,6.402624786890E-2,-9.979482148808E-1));
#8666=VECTOR('',#8665,1.E0);
#8667=SURFACE_OF_LINEAR_EXTRUSION('',#8664,#8666);
#8669=ORIENTED_EDGE('',*,*,#8668,.T.);
#8671=ORIENTED_EDGE('',*,*,#8670,.F.);
#8672=ORIENTED_EDGE('',*,*,#8648,.T.);
#8673=ORIENTED_EDGE('',*,*,#6058,.F.);
#8674=EDGE_LOOP('',(#8669,#8671,#8672,#8673));
#8675=FACE_OUTER_BOUND('',#8674,.F.);
#8676=ADVANCED_FACE('',(#8675),#8667,.T.);
#8677=CARTESIAN_POINT('',(1.058944693337E1,1.426551857390E1,3.333991496046E-2));
#8678=DIRECTION('',(-9.999946600200E-1,-3.261328769332E-3,-2.089645927706E-4));
#8679=DIRECTION('',(3.268016442307E-3,-9.979428857999E-1,-6.402590686578E-2));
#8680=AXIS2_PLACEMENT_3D('',#8677,#8678,#8679);
#8681=PLANE('',#8680);
#8682=ORIENTED_EDGE('',*,*,#8668,.F.);
#8683=ORIENTED_EDGE('',*,*,#6056,.T.);
#8685=ORIENTED_EDGE('',*,*,#8684,.F.);
#8687=ORIENTED_EDGE('',*,*,#8686,.T.);
#8688=EDGE_LOOP('',(#8682,#8683,#8685,#8687));
#8689=FACE_OUTER_BOUND('',#8688,.F.);
#8690=ADVANCED_FACE('',(#8689),#8681,.F.);
#8691=CARTESIAN_POINT('',(1.059115893166E1,1.373252035474E1,4.801307571979E-1));
#8692=CARTESIAN_POINT('',(1.059111955132E1,1.373084212149E1,4.800230853109E-1));
#8693=CARTESIAN_POINT('',(1.059082809736E1,1.370154887387E1,4.781436925478E-1));
#8694=CARTESIAN_POINT('',(1.060363217039E1,1.364376065914E1,4.744361193258E-1));
#8695=CARTESIAN_POINT('',(1.064591071556E1,1.357143062696E1,4.697955657192E-1));
#8696=CARTESIAN_POINT('',(1.069002932799E1,1.353184371401E1,4.672557409205E-1));
#8697=CARTESIAN_POINT('',(1.071573682514E1,1.351766187739E1,4.663458571834E-1));
#8698=CARTESIAN_POINT('',(1.071722456149E1,1.351686713574E1,4.662948678294E-1));
#8700=DIRECTION('',(-2.748032931679E-7,6.402624786891E-2,-9.979482148808E-1));
#8701=VECTOR('',#8700,1.E0);
#8702=SURFACE_OF_LINEAR_EXTRUSION('',#8699,#8701);
#8703=ORIENTED_EDGE('',*,*,#8684,.T.);
#8704=ORIENTED_EDGE('',*,*,#6054,.F.);
#8706=ORIENTED_EDGE('',*,*,#8705,.T.);
#8708=ORIENTED_EDGE('',*,*,#8707,.F.);
#8709=EDGE_LOOP('',(#8703,#8704,#8706,#8708));
#8710=FACE_OUTER_BOUND('',#8709,.F.);
#8711=ADVANCED_FACE('',(#8710),#8702,.T.);
#8712=CARTESIAN_POINT('',(1.100554489118E1,1.338349010069E1,
-2.324928191057E-2));
#8713=DIRECTION('',(-4.952648869651E-1,-8.669595535633E-1,-5.562215588007E-2));
#8714=DIRECTION('',(8.687420167917E-1,-4.942486945549E-1,-3.171019065628E-2));
#8715=AXIS2_PLACEMENT_3D('',#8712,#8713,#8714);
#8716=PLANE('',#8715);
#8717=ORIENTED_EDGE('',*,*,#8705,.F.);
#8718=ORIENTED_EDGE('',*,*,#6052,.F.);
#8720=ORIENTED_EDGE('',*,*,#8719,.T.);
#8722=ORIENTED_EDGE('',*,*,#8721,.F.);
#8723=EDGE_LOOP('',(#8717,#8718,#8720,#8722));
#8724=FACE_OUTER_BOUND('',#8723,.F.);
#8725=ADVANCED_FACE('',(#8724),#8716,.F.);
#8726=CARTESIAN_POINT('',(1.129392895069E1,1.318845139378E1,4.452242492682E-1));
#8727=CARTESIAN_POINT('',(1.129542501722E1,1.318775991739E1,4.451798851927E-1));
#8728=CARTESIAN_POINT('',(1.131361233258E1,1.317838136210E1,4.445781719033E-1));
#8729=CARTESIAN_POINT('',(1.133838675959E1,1.314122726562E1,4.421944367918E-1));
#8730=CARTESIAN_POINT('',(1.134705684107E1,1.308219876981E1,4.384072908959E-1));
#8731=CARTESIAN_POINT('',(1.133891527496E1,1.302303961588E1,4.346117668806E-1));
#8732=CARTESIAN_POINT('',(1.131445039798E1,1.298549299438E1,4.322028617536E-1));
#8733=CARTESIAN_POINT('',(1.129623325050E1,1.297594638016E1,4.315903761825E-1));
#8734=CARTESIAN_POINT('',(1.129474100568E1,1.297524487849E1,4.315453697289E-1));
#8736=DIRECTION('',(-2.748032943706E-7,6.402624786890E-2,-9.979482148808E-1));
#8737=VECTOR('',#8736,1.E0);
#8738=SURFACE_OF_LINEAR_EXTRUSION('',#8735,#8737);
#8739=ORIENTED_EDGE('',*,*,#8719,.F.);
#8740=ORIENTED_EDGE('',*,*,#6050,.F.);
#8742=ORIENTED_EDGE('',*,*,#8741,.T.);
#8744=ORIENTED_EDGE('',*,*,#8743,.F.);
#8745=EDGE_LOOP('',(#8739,#8740,#8742,#8744));
#8746=FACE_OUTER_BOUND('',#8745,.F.);
#8747=ADVANCED_FACE('',(#8746),#8738,.T.);
#8748=CARTESIAN_POINT('',(1.100738277088E1,1.283973959334E1,
-5.813516551497E-2));
#8749=DIRECTION('',(-5.009813018866E-1,8.636823642286E-1,5.541217267473E-2));
#8750=DIRECTION('',(-8.654581071086E-1,-4.999534111338E-1,-3.207571566951E-2));
#8751=AXIS2_PLACEMENT_3D('',#8748,#8749,#8750);
#8752=PLANE('',#8751);
#8753=ORIENTED_EDGE('',*,*,#8741,.F.);
#8754=ORIENTED_EDGE('',*,*,#6048,.F.);
#8756=ORIENTED_EDGE('',*,*,#8755,.T.);
#8758=ORIENTED_EDGE('',*,*,#8757,.F.);
#8759=EDGE_LOOP('',(#8753,#8754,#8756,#8758));
#8760=FACE_OUTER_BOUND('',#8759,.F.);
#8761=ADVANCED_FACE('',(#8760),#8752,.F.);
#8762=CARTESIAN_POINT('',(1.072007378889E1,1.264295844362E1,4.102267327448E-1));
#8763=CARTESIAN_POINT('',(1.071859531189E1,1.264215608113E1,4.101752552704E-1));
#8764=CARTESIAN_POINT('',(1.069298552627E1,1.262780837868E1,4.092547440626E-1));
#8765=CARTESIAN_POINT('',(1.064913186454E1,1.258793641135E1,4.066966550020E-1));
#8766=CARTESIAN_POINT('',(1.060732687795E1,1.251533309712E1,4.020385913517E-1));
#8767=CARTESIAN_POINT('',(1.059490346767E1,1.245746237754E1,3.983257317401E-1));
#8768=CARTESIAN_POINT('',(1.059538662531E1,1.242817182051E1,3.964465113858E-1));
#8769=CARTESIAN_POINT('',(1.059543698595E1,1.242649384706E1,3.963388561426E-1));
#8771=DIRECTION('',(-2.748033186105E-7,6.402624786891E-2,-9.979482148808E-1));
#8772=VECTOR('',#8771,1.E0);
#8773=SURFACE_OF_LINEAR_EXTRUSION('',#8770,#8772);
#8774=ORIENTED_EDGE('',*,*,#8755,.F.);
#8775=ORIENTED_EDGE('',*,*,#6046,.F.);
#8777=ORIENTED_EDGE('',*,*,#8776,.T.);
#8779=ORIENTED_EDGE('',*,*,#8778,.F.);
#8780=EDGE_LOOP('',(#8774,#8775,#8777,#8779));
#8781=FACE_OUTER_BOUND('',#8780,.F.);
#8782=ADVANCED_FACE('',(#8781),#8773,.T.);
#8783=CARTESIAN_POINT('',(1.059701409139E1,1.195496038592E1,
-1.149006160937E-1));
#8784=DIRECTION('',(-9.999946633155E-1,-3.260322265095E-3,-2.089000175855E-4));
#8785=DIRECTION('',(3.267007868694E-3,-9.979428890886E-1,-6.402590707743E-2));
#8786=AXIS2_PLACEMENT_3D('',#8783,#8784,#8785);
#8787=PLANE('',#8786);
#8788=ORIENTED_EDGE('',*,*,#8776,.F.);
#8789=ORIENTED_EDGE('',*,*,#6044,.T.);
#8791=ORIENTED_EDGE('',*,*,#8790,.T.);
#8793=ORIENTED_EDGE('',*,*,#8792,.T.);
#8794=EDGE_LOOP('',(#8788,#8789,#8791,#8793));
#8795=FACE_OUTER_BOUND('',#8794,.F.);
#8796=ADVANCED_FACE('',(#8795),#8787,.F.);
#8797=CARTESIAN_POINT('',(1.063096929121E1,1.150911255228E1,3.374816017698E-1));
#8798=CARTESIAN_POINT('',(1.060844049174E1,1.148201925549E1,3.357433593251E-1));
#8799=CARTESIAN_POINT('',(1.058561372155E1,1.140703905461E1,3.309327944255E-1));
#8800=CARTESIAN_POINT('',(1.063284764394E1,1.128907240356E1,3.233642904606E-1));
#8801=CARTESIAN_POINT('',(1.072881861327E1,1.123663375999E1,3.199999115141E-1));
#8802=CARTESIAN_POINT('',(1.081294109197E1,1.123731107414E1,3.200433433935E-1));
#8803=CARTESIAN_POINT('',(1.088391969244E1,1.126205934471E1,3.216311205728E-1));
#8804=CARTESIAN_POINT('',(1.092206463639E1,1.130280334993E1,3.242451593123E-1));
#8805=CARTESIAN_POINT('',(1.093524716991E1,1.133660156243E1,3.264135775468E-1));
#8807=DIRECTION('',(-2.748033324883E-7,6.402624786890E-2,-9.979482148808E-1));
#8808=VECTOR('',#8807,1.E0);
#8809=SURFACE_OF_LINEAR_EXTRUSION('',#8806,#8808);
#8810=ORIENTED_EDGE('',*,*,#8790,.F.);
#8811=ORIENTED_EDGE('',*,*,#6042,.F.);
#8812=ORIENTED_EDGE('',*,*,#8579,.T.);
#8814=ORIENTED_EDGE('',*,*,#8813,.F.);
#8815=EDGE_LOOP('',(#8810,#8811,#8812,#8814));
#8816=FACE_OUTER_BOUND('',#8815,.F.);
#8817=ADVANCED_FACE('',(#8816),#8809,.T.);
#8818=CARTESIAN_POINT('',(1.069857773697E1,1.499071146265E1,5.608536093671E-1));
#8819=DIRECTION('',(-2.748032738348E-7,6.402624786896E-2,-9.979482148808E-1));
#8820=DIRECTION('',(-1.043981189182E-6,-9.979482148803E-1,-6.402624786864E-2));
#8821=AXIS2_PLACEMENT_3D('',#8818,#8819,#8820);
#8822=PLANE('',#8821);
#8823=ORIENTED_EDGE('',*,*,#8650,.T.);
#8824=ORIENTED_EDGE('',*,*,#8670,.T.);
#8825=ORIENTED_EDGE('',*,*,#8686,.F.);
#8826=ORIENTED_EDGE('',*,*,#8707,.T.);
#8827=ORIENTED_EDGE('',*,*,#8721,.T.);
#8828=ORIENTED_EDGE('',*,*,#8743,.T.);
#8829=ORIENTED_EDGE('',*,*,#8757,.T.);
#8830=ORIENTED_EDGE('',*,*,#8778,.T.);
#8831=ORIENTED_EDGE('',*,*,#8792,.F.);
#8832=ORIENTED_EDGE('',*,*,#8813,.T.);
#8833=ORIENTED_EDGE('',*,*,#8577,.T.);
#8834=ORIENTED_EDGE('',*,*,#8601,.T.);
#8835=ORIENTED_EDGE('',*,*,#8615,.F.);
#8836=ORIENTED_EDGE('',*,*,#8636,.T.);
#8837=EDGE_LOOP('',(#8823,#8824,#8825,#8826,#8827,#8828,#8829,#8830,#8831,#8832,
#8833,#8834,#8835,#8836));
#8838=FACE_OUTER_BOUND('',#8837,.F.);
#8839=ADVANCED_FACE('',(#8838),#8822,.T.);
#8840=CARTESIAN_POINT('',(2.886220821502E2,4.869052553604E0,1.159843934678E-2));
#8841=DIRECTION('',(-9.999999999994E-1,1.024244543512E-6,3.410816049758E-7));
#8842=DIRECTION('',(-2.748032437931E-7,6.402624786895E-2,-9.979482148808E-1));
#8843=AXIS2_PLACEMENT_3D('',#8840,#8841,#8842);
#8844=CYLINDRICAL_SURFACE('',#8843,5.E-1);
#8846=ORIENTED_EDGE('',*,*,#8845,.T.);
#8847=ORIENTED_EDGE('',*,*,#5768,.T.);
#8849=ORIENTED_EDGE('',*,*,#8848,.T.);
#8851=ORIENTED_EDGE('',*,*,#8850,.F.);
#8852=EDGE_LOOP('',(#8846,#8847,#8849,#8851));
#8853=FACE_OUTER_BOUND('',#8852,.F.);
#8854=ADVANCED_FACE('',(#8853),#8844,.T.);
#8855=CARTESIAN_POINT('',(8.004605070151E1,2.335244440826E1,6.965052636066E-1));
#8856=DIRECTION('',(9.999999999995E-1,-1.041839164556E-6,-6.684219841752E-8));
#8857=DIRECTION('',(-1.043981189626E-6,-9.979482148803E-1,-6.402624786892E-2));
#8858=AXIS2_PLACEMENT_3D('',#8855,#8856,#8857);
#8859=PLANE('',#8858);
#8860=ORIENTED_EDGE('',*,*,#8845,.F.);
#8862=ORIENTED_EDGE('',*,*,#8861,.F.);
#8864=ORIENTED_EDGE('',*,*,#8863,.F.);
#8865=ORIENTED_EDGE('',*,*,#5471,.F.);
#8867=ORIENTED_EDGE('',*,*,#8866,.T.);
#8869=ORIENTED_EDGE('',*,*,#8868,.F.);
#8871=ORIENTED_EDGE('',*,*,#8870,.T.);
#8873=ORIENTED_EDGE('',*,*,#8872,.F.);
#8875=ORIENTED_EDGE('',*,*,#8874,.T.);
#8877=ORIENTED_EDGE('',*,*,#8876,.F.);
#8879=ORIENTED_EDGE('',*,*,#8878,.T.);
#8881=ORIENTED_EDGE('',*,*,#8880,.T.);
#8883=ORIENTED_EDGE('',*,*,#8882,.T.);
#8885=ORIENTED_EDGE('',*,*,#8884,.F.);
#8887=ORIENTED_EDGE('',*,*,#8886,.T.);
#8889=ORIENTED_EDGE('',*,*,#8888,.T.);
#8891=ORIENTED_EDGE('',*,*,#8890,.T.);
#8893=ORIENTED_EDGE('',*,*,#8892,.F.);
#8895=ORIENTED_EDGE('',*,*,#8894,.T.);
#8896=ORIENTED_EDGE('',*,*,#5770,.F.);
#8897=EDGE_LOOP('',(#8860,#8862,#8864,#8865,#8867,#8869,#8871,#8873,#8875,#8877,
#8879,#8881,#8883,#8885,#8887,#8889,#8891,#8893,#8895,#8896));
#8898=FACE_OUTER_BOUND('',#8897,.F.);
#8899=ADVANCED_FACE('',(#8898),#8859,.T.);
#8900=CARTESIAN_POINT('',(1.534982465751E2,4.373621651111E0,
-6.813870456118E-2));
#8901=DIRECTION('',(-1.045977523130E-6,-9.974494020616E-1,-7.137709945045E-2));
#8902=DIRECTION('',(9.999999999994E-1,-1.024244543511E-6,-3.410816049758E-7));
#8903=AXIS2_PLACEMENT_3D('',#8900,#8901,#8902);
#8904=PLANE('',#8903);
#8905=ORIENTED_EDGE('',*,*,#8850,.T.);
#8907=ORIENTED_EDGE('',*,*,#8906,.F.);
#8909=ORIENTED_EDGE('',*,*,#8908,.T.);
#8910=ORIENTED_EDGE('',*,*,#8861,.T.);
#8911=EDGE_LOOP('',(#8905,#8907,#8909,#8910));
#8912=FACE_OUTER_BOUND('',#8911,.F.);
#8913=ADVANCED_FACE('',(#8912),#8904,.T.);
#8914=CARTESIAN_POINT('',(-7.995394929862E1,2.335240746820E1,
6.965028936105E-1));
#8915=DIRECTION('',(9.999999999995E-1,-1.041839162259E-6,-6.684219827013E-8));
#8916=DIRECTION('',(-1.043981187324E-6,-9.979482148803E-1,-6.402624786892E-2));
#8917=AXIS2_PLACEMENT_3D('',#8914,#8915,#8916);
#8918=PLANE('',#8917);
#8919=ORIENTED_EDGE('',*,*,#8848,.F.);
#8920=ORIENTED_EDGE('',*,*,#5774,.F.);
#8922=ORIENTED_EDGE('',*,*,#8921,.T.);
#8924=ORIENTED_EDGE('',*,*,#8923,.T.);
#8926=ORIENTED_EDGE('',*,*,#8925,.T.);
#8928=ORIENTED_EDGE('',*,*,#8927,.T.);
#8930=ORIENTED_EDGE('',*,*,#8929,.T.);
#8932=ORIENTED_EDGE('',*,*,#8931,.F.);
#8934=ORIENTED_EDGE('',*,*,#8933,.T.);
#8936=ORIENTED_EDGE('',*,*,#8935,.T.);
#8938=ORIENTED_EDGE('',*,*,#8937,.T.);
#8940=ORIENTED_EDGE('',*,*,#8939,.T.);
#8942=ORIENTED_EDGE('',*,*,#8941,.T.);
#8944=ORIENTED_EDGE('',*,*,#8943,.T.);
#8946=ORIENTED_EDGE('',*,*,#8945,.T.);
#8948=ORIENTED_EDGE('',*,*,#8947,.T.);
#8950=ORIENTED_EDGE('',*,*,#8949,.T.);
#8951=ORIENTED_EDGE('',*,*,#5467,.F.);
#8953=ORIENTED_EDGE('',*,*,#8952,.F.);
#8954=ORIENTED_EDGE('',*,*,#8906,.T.);
#8955=EDGE_LOOP('',(#8919,#8920,#8922,#8924,#8926,#8928,#8930,#8932,#8934,#8936,
#8938,#8940,#8942,#8944,#8946,#8948,#8950,#8951,#8953,#8954));
#8956=FACE_OUTER_BOUND('',#8955,.F.);
#8957=ADVANCED_FACE('',(#8956),#8918,.F.);
#8958=CARTESIAN_POINT('',(4.605083891144E-2,2.332040958619E1,1.195477966259E0));
#8959=DIRECTION('',(9.999999999994E-1,-1.024101757254E-6,-3.412072008813E-7));
#8960=DIRECTION('',(3.412072008810E-7,-4.661115796294E-13,9.999999999999E-1));
#8961=AXIS2_PLACEMENT_3D('',#8958,#8959,#8960);
#8962=CYLINDRICAL_SURFACE('',#8961,4.999999999999E-1);
#8963=ORIENTED_EDGE('',*,*,#8894,.F.);
#8965=ORIENTED_EDGE('',*,*,#8964,.T.);
#8966=ORIENTED_EDGE('',*,*,#8921,.F.);
#8967=ORIENTED_EDGE('',*,*,#5772,.T.);
#8968=EDGE_LOOP('',(#8963,#8965,#8966,#8967));
#8969=FACE_OUTER_BOUND('',#8968,.F.);
#8970=ADVANCED_FACE('',(#8969),#8962,.T.);
#8971=CARTESIAN_POINT('',(-1.534061592558E2,2.266470014770E1,1.922752424834E1));
#8972=DIRECTION('',(1.043981189213E-6,9.979482148803E-1,6.402624786863E-2));
#8973=DIRECTION('',(-9.999999999994E-1,1.024244543542E-6,3.410816049758E-7));
#8974=AXIS2_PLACEMENT_3D('',#8971,#8972,#8973);
#8975=PLANE('',#8974);
#8977=ORIENTED_EDGE('',*,*,#8976,.T.);
#8978=ORIENTED_EDGE('',*,*,#8923,.F.);
#8979=ORIENTED_EDGE('',*,*,#8964,.F.);
#8980=ORIENTED_EDGE('',*,*,#8892,.T.);
#8981=EDGE_LOOP('',(#8977,#8978,#8979,#8980));
#8982=FACE_OUTER_BOUND('',#8981,.F.);
#8983=ADVANCED_FACE('',(#8982),#8975,.T.);
#8984=CARTESIAN_POINT('',(-1.166800540812E2,2.323999563155E1,5.574476137727E0));
#8985=DIRECTION('',(9.999999999995E-1,-1.045880116355E-6,-3.857700952556E-9));
#8986=DIRECTION('',(3.840048114309E-7,3.637236528617E-1,9.315068997859E-1));
#8987=AXIS2_PLACEMENT_3D('',#8984,#8985,#8986);
#8988=CYLINDRICAL_SURFACE('',#8987,3.E-1);
#8989=ORIENTED_EDGE('',*,*,#8890,.F.);
#8991=ORIENTED_EDGE('',*,*,#8990,.F.);
#8992=ORIENTED_EDGE('',*,*,#8925,.F.);
#8993=ORIENTED_EDGE('',*,*,#8976,.F.);
#8994=EDGE_LOOP('',(#8989,#8991,#8992,#8993));
#8995=FACE_OUTER_BOUND('',#8994,.F.);
#8996=ADVANCED_FACE('',(#8995),#8988,.T.);
#8997=CARTESIAN_POINT('',(-7.995395057055E1,2.217623692594E1,4.973750008671E0));
#8998=DIRECTION('',(7.194062973992E-7,6.905156990276E-1,-7.233174057050E-1));
#8999=DIRECTION('',(7.535804000072E-7,7.233174057046E-1,6.905156990280E-1));
#9000=AXIS2_PLACEMENT_3D('',#8997,#8998,#8999);
#9001=PLANE('',#9000);
#9003=ORIENTED_EDGE('',*,*,#9002,.F.);
#9004=ORIENTED_EDGE('',*,*,#8927,.F.);
#9005=ORIENTED_EDGE('',*,*,#8990,.T.);
#9006=ORIENTED_EDGE('',*,*,#8888,.F.);
#9007=EDGE_LOOP('',(#9003,#9004,#9005,#9006));
#9008=FACE_OUTER_BOUND('',#9007,.F.);
#9009=ADVANCED_FACE('',(#9008),#9001,.F.);
#9010=CARTESIAN_POINT('',(-7.995395039122E1,2.234836562259E1,5.414576628869E0));
#9011=DIRECTION('',(9.999999999995E-1,-1.041839162255E-6,0.E0));
#9012=DIRECTION('',(-3.789415457898E-7,-3.637236528616E-1,-9.315068997860E-1));
#9013=AXIS2_PLACEMENT_3D('',#9010,#9011,#9012);
#9014=CYLINDRICAL_SURFACE('',#9013,2.E-1);
#9015=ORIENTED_EDGE('',*,*,#8929,.F.);
#9016=ORIENTED_EDGE('',*,*,#9002,.T.);
#9017=ORIENTED_EDGE('',*,*,#8886,.F.);
#9019=ORIENTED_EDGE('',*,*,#9018,.T.);
#9020=EDGE_LOOP('',(#9015,#9016,#9017,#9019));
#9021=FACE_OUTER_BOUND('',#9020,.F.);
#9022=ADVANCED_FACE('',(#9021),#9014,.F.);
#9023=CARTESIAN_POINT('',(-7.995395126092E1,2.151359862026E1,1.530199406910E1));
#9024=DIRECTION('',(-1.039701532165E-6,-9.979482148803E-1,-6.402624786902E-2));
#9025=DIRECTION('',(6.670505244246E-8,6.402624786898E-2,-9.979482148808E-1));
#9026=AXIS2_PLACEMENT_3D('',#9023,#9024,#9025);
#9027=PLANE('',#9026);
#9028=ORIENTED_EDGE('',*,*,#9018,.F.);
#9029=ORIENTED_EDGE('',*,*,#8884,.T.);
#9031=ORIENTED_EDGE('',*,*,#9030,.F.);
#9032=ORIENTED_EDGE('',*,*,#8931,.T.);
#9033=EDGE_LOOP('',(#9028,#9029,#9031,#9032));
#9034=FACE_OUTER_BOUND('',#9033,.F.);
#9035=ADVANCED_FACE('',(#9034),#9027,.F.);
#9036=CARTESIAN_POINT('',(-7.995395102437E1,2.174064920957E1,1.488677794805E1));
#9037=DIRECTION('',(9.999999999995E-1,-1.041839162255E-6,0.E0));
#9038=DIRECTION('',(-4.998521627158E-7,-4.797786268983E-1,8.773895766256E-1));
#9039=AXIS2_PLACEMENT_3D('',#9036,#9037,#9038);
#9040=CYLINDRICAL_SURFACE('',#9039,2.E-1);
#9041=ORIENTED_EDGE('',*,*,#8933,.F.);
#9042=ORIENTED_EDGE('',*,*,#9030,.T.);
#9043=ORIENTED_EDGE('',*,*,#8882,.F.);
#9045=ORIENTED_EDGE('',*,*,#9044,.T.);
#9046=EDGE_LOOP('',(#9041,#9042,#9043,#9045));
#9047=FACE_OUTER_BOUND('',#9046,.F.);
#9048=ADVANCED_FACE('',(#9047),#9040,.F.);
#9049=CARTESIAN_POINT('',(-7.995394972697E1,2.298594028246E1,1.421930164546E1));
#9050=DIRECTION('',(6.172082278966E-7,5.924217962400E-1,8.056279633549E-1));
#9051=DIRECTION('',(-8.393347624343E-7,-8.056279633545E-1,5.924217962403E-1));
#9052=AXIS2_PLACEMENT_3D('',#9049,#9050,#9051);
#9053=PLANE('',#9052);
#9054=ORIENTED_EDGE('',*,*,#9044,.F.);
#9055=ORIENTED_EDGE('',*,*,#8880,.F.);
#9057=ORIENTED_EDGE('',*,*,#9056,.T.);
#9058=ORIENTED_EDGE('',*,*,#8935,.F.);
#9059=EDGE_LOOP('',(#9054,#9055,#9057,#9058));
#9060=FACE_OUTER_BOUND('',#9059,.F.);
#9061=ADVANCED_FACE('',(#9060),#9053,.F.);
#9062=CARTESIAN_POINT('',(-1.166800546734E2,2.264540282649E1,1.484212570548E1));
#9063=DIRECTION('',(-9.999999999995E-1,1.046339960377E-6,-3.309680186688E-9));
#9064=DIRECTION('',(5.049154283563E-7,4.797786268981E-1,-8.773895766257E-1));
#9065=AXIS2_PLACEMENT_3D('',#9062,#9063,#9064);
#9066=CYLINDRICAL_SURFACE('',#9065,3.E-1);
#9067=ORIENTED_EDGE('',*,*,#8937,.F.);
#9068=ORIENTED_EDGE('',*,*,#9056,.F.);
#9069=ORIENTED_EDGE('',*,*,#8878,.F.);
#9071=ORIENTED_EDGE('',*,*,#9070,.F.);
#9072=EDGE_LOOP('',(#9067,#9068,#9069,#9071));
#9073=FACE_OUTER_BOUND('',#9072,.F.);
#9074=ADVANCED_FACE('',(#9073),#9066,.T.);
#9075=CARTESIAN_POINT('',(-1.534061592558E2,2.266470014770E1,1.922752424834E1));
#9076=DIRECTION('',(1.043981189213E-6,9.979482148803E-1,6.402624786863E-2));
#9077=DIRECTION('',(-9.999999999994E-1,1.024244543542E-6,3.410816049758E-7));
#9078=AXIS2_PLACEMENT_3D('',#9075,#9076,#9077);
#9079=PLANE('',#9078);
#9080=ORIENTED_EDGE('',*,*,#9070,.T.);
#9081=ORIENTED_EDGE('',*,*,#8876,.T.);
#9083=ORIENTED_EDGE('',*,*,#9082,.F.);
#9084=ORIENTED_EDGE('',*,*,#8939,.F.);
#9085=EDGE_LOOP('',(#9080,#9081,#9083,#9084));
#9086=FACE_OUTER_BOUND('',#9085,.F.);
#9087=ADVANCED_FACE('',(#9086),#9079,.T.);
#9088=CARTESIAN_POINT('',(4.605579546733E-2,2.216556886767E1,1.919545878468E1));
#9089=DIRECTION('',(-9.999999999994E-1,1.024244461406E-6,3.410815116130E-7));
#9090=DIRECTION('',(9.325212911504E-7,6.603825559728E-1,7.509293440570E-1));
#9091=AXIS2_PLACEMENT_3D('',#9088,#9089,#9090);
#9092=CYLINDRICAL_SURFACE('',#9091,4.999999999999E-1);
#9093=ORIENTED_EDGE('',*,*,#8874,.F.);
#9095=ORIENTED_EDGE('',*,*,#9094,.T.);
#9096=ORIENTED_EDGE('',*,*,#8941,.F.);
#9097=ORIENTED_EDGE('',*,*,#9082,.T.);
#9098=EDGE_LOOP('',(#9093,#9095,#9096,#9097));
#9099=FACE_OUTER_BOUND('',#9098,.F.);
#9100=ADVANCED_FACE('',(#9099),#9092,.T.);
#9101=CARTESIAN_POINT('',(1.534982694182E2,2.013750214138E1,1.956632805665E1));
#9102=DIRECTION('',(2.748032439040E-7,-6.402624786890E-2,9.979482148808E-1));
#9103=DIRECTION('',(1.043981189182E-6,9.979482148803E-1,6.402624786858E-2));
#9104=AXIS2_PLACEMENT_3D('',#9101,#9102,#9103);
#9105=PLANE('',#9104);
#9106=ORIENTED_EDGE('',*,*,#8872,.T.);
#9108=ORIENTED_EDGE('',*,*,#9107,.F.);
#9109=ORIENTED_EDGE('',*,*,#8943,.F.);
#9110=ORIENTED_EDGE('',*,*,#9094,.F.);
#9111=EDGE_LOOP('',(#9106,#9108,#9109,#9110));
#9112=FACE_OUTER_BOUND('',#9111,.F.);
#9113=ADVANCED_FACE('',(#9112),#9105,.T.);
#9114=CARTESIAN_POINT('',(4.605370750736E-2,2.016967243791E1,1.906740628894E1));
#9115=DIRECTION('',(-9.999999999994E-1,1.024249769941E-6,3.410769819835E-7));
#9116=DIRECTION('',(-3.410769819832E-7,4.659782036338E-13,-9.999999999999E-1));
#9117=AXIS2_PLACEMENT_3D('',#9114,#9115,#9116);
#9118=CYLINDRICAL_SURFACE('',#9117,4.999999999999E-1);
#9119=ORIENTED_EDGE('',*,*,#8870,.F.);
#9121=ORIENTED_EDGE('',*,*,#9120,.T.);
#9122=ORIENTED_EDGE('',*,*,#8945,.F.);
#9123=ORIENTED_EDGE('',*,*,#9107,.T.);
#9124=EDGE_LOOP('',(#9119,#9121,#9122,#9123));
#9125=FACE_OUTER_BOUND('',#9124,.F.);
#9126=ADVANCED_FACE('',(#9125),#9118,.T.);
#9127=CARTESIAN_POINT('',(1.534982651062E2,2.052154908373E1,5.771064552224E0));
#9128=DIRECTION('',(-1.043981189182E-6,-9.979482148803E-1,-6.402624786863E-2));
#9129=DIRECTION('',(9.999999999994E-1,-1.024244543511E-6,-3.410816049758E-7));
#9130=AXIS2_PLACEMENT_3D('',#9127,#9128,#9129);
#9131=PLANE('',#9130);
#9132=ORIENTED_EDGE('',*,*,#8868,.T.);
#9134=ORIENTED_EDGE('',*,*,#9133,.F.);
#9135=ORIENTED_EDGE('',*,*,#8947,.F.);
#9136=ORIENTED_EDGE('',*,*,#9120,.F.);
#9137=EDGE_LOOP('',(#9132,#9134,#9135,#9136));
#9138=FACE_OUTER_BOUND('',#9137,.F.);
#9139=ADVANCED_FACE('',(#9138),#9131,.T.);
#9140=CARTESIAN_POINT('',(4.604901500995E-2,2.002826902183E1,5.734369930866E0));
#9141=DIRECTION('',(-9.999999999994E-1,1.024265852092E-6,3.410633868672E-7));
#9142=DIRECTION('',(-3.410633868669E-7,4.659642789102E-13,-9.999999999999E-1));
#9143=AXIS2_PLACEMENT_3D('',#9140,#9141,#9142);
#9144=CYLINDRICAL_SURFACE('',#9143,4.948036413974E-1);
#9145=ORIENTED_EDGE('',*,*,#8866,.F.);
#9146=ORIENTED_EDGE('',*,*,#5469,.T.);
#9147=ORIENTED_EDGE('',*,*,#8949,.F.);
#9148=ORIENTED_EDGE('',*,*,#9133,.T.);
#9149=EDGE_LOOP('',(#9145,#9146,#9147,#9148));
#9150=FACE_OUTER_BOUND('',#9149,.F.);
#9151=ADVANCED_FACE('',(#9150),#9144,.F.);
#9152=CARTESIAN_POINT('',(-2.885299999813E2,4.633246195689E0,3.315299495085E0));
#9153=DIRECTION('',(9.999999999994E-1,-1.024244543512E-6,-3.410816049770E-7));
#9154=DIRECTION('',(2.455558371250E-7,-9.185673000587E-2,9.957722335718E-1));
#9155=AXIS2_PLACEMENT_3D('',#9152,#9153,#9154);
#9156=CYLINDRICAL_SURFACE('',#9155,5.E-1);
#9157=ORIENTED_EDGE('',*,*,#8952,.T.);
#9158=ORIENTED_EDGE('',*,*,#5465,.T.);
#9159=ORIENTED_EDGE('',*,*,#8863,.T.);
#9160=ORIENTED_EDGE('',*,*,#8908,.F.);
#9161=EDGE_LOOP('',(#9157,#9158,#9159,#9160));
#9162=FACE_OUTER_BOUND('',#9161,.F.);
#9163=ADVANCED_FACE('',(#9162),#9156,.T.);
#9167=DIMENSIONAL_EXPONENTS(0.E0,0.E0,0.E0,0.E0,0.E0,0.E0,0.E0);
#9169=PLANE_ANGLE_MEASURE_WITH_UNIT(PLANE_ANGLE_MEASURE(1.745329251994E-2),
#9168);
#9170=(CONVERSION_BASED_UNIT('DEGREE',#9169)NAMED_UNIT(*)PLANE_ANGLE_UNIT());
#9172=UNCERTAINTY_MEASURE_WITH_UNIT(LENGTH_MEASURE(1.618910651204E-2),#9166,
'closure',
'Maximum model space distance between geometric entities at asserted connectivities');
#9173=(GEOMETRIC_REPRESENTATION_CONTEXT(3)GLOBAL_UNCERTAINTY_ASSIGNED_CONTEXT((
#9172))GLOBAL_UNIT_ASSIGNED_CONTEXT((#9166,#9170,#9171))REPRESENTATION_CONTEXT(
'ID2','3'));
#9174=CARTESIAN_POINT('',(0.E0,0.E0,0.E0));
#9175=DIRECTION('',(0.E0,0.E0,1.E0));
#9176=DIRECTION('',(1.E0,0.E0,0.E0));
#9179=MECHANICAL_CONTEXT('',#1999,'mechanical');
#9180=PRODUCT('_X2_5B9E4F53_X0_6_1_1_1','_X2_5B9E4F53_X0_6_1_1_1',
'NOT SPECIFIED',(#9179));
#9181=PRODUCT_DEFINITION_FORMATION_WITH_SPECIFIED_SOURCE('1','LAST_VERSION',
#9180,.MADE.);
#9187=CARTESIAN_POINT('',(0.E0,-1.212042820161E0,0.E0));
#9188=DIRECTION('',(-1.696221242981E-4,7.137709945045E-2,9.974493876395E-1));
#9189=DIRECTION('',(9.999999855527E-1,1.045977523131E-6,1.699810186932E-4));
#9190=AXIS2_PLACEMENT_3D('',#9187,#9188,#9189);
#9191=ITEM_DEFINED_TRANSFORMATION('','',#9177,#9190);
#9192=CARTESIAN_POINT('',(0.E0,0.E0,0.E0));
#9193=DIRECTION('',(0.E0,0.E0,1.E0));
#9194=DIRECTION('',(1.E0,0.E0,0.E0));
#9196=(REPRESENTATION_RELATIONSHIP('','',#9178,#2010)REPRESENTATION_RELATIONSHIP_WITH_TRANSFORMATION(#9191)SHAPE_REPRESENTATION_RELATIONSHIP());
#9197=CONTEXT_DEPENDENT_SHAPE_REPRESENTATION(#9196,#9186);
#9199=DIMENSIONAL_EXPONENTS(0.E0,0.E0,0.E0,0.E0,0.E0,0.E0,0.E0);
#9201=PLANE_ANGLE_MEASURE_WITH_UNIT(PLANE_ANGLE_MEASURE(1.745329251994E-2),
#9200);
#9202=(CONVERSION_BASED_UNIT('DEGREE',#9201)NAMED_UNIT(*)PLANE_ANGLE_UNIT());
#9204=UNCERTAINTY_MEASURE_WITH_UNIT(LENGTH_MEASURE(8.659907627683E-2),#9198,
'closure',
'Maximum model space distance between geometric entities at asserted connectivities');
#9205=(GEOMETRIC_REPRESENTATION_CONTEXT(3)GLOBAL_UNCERTAINTY_ASSIGNED_CONTEXT((
#9204))GLOBAL_UNIT_ASSIGNED_CONTEXT((#9198,#9202,#9203))REPRESENTATION_CONTEXT(
'ID3','3'));
#9206=CARTESIAN_POINT('',(0.E0,0.E0,0.E0));
#9207=DIRECTION('',(0.E0,0.E0,1.E0));
#9208=DIRECTION('',(1.E0,0.E0,0.E0));
#9210=DESIGN_CONTEXT('',#1999,'design');
#9211=MECHANICAL_CONTEXT('',#1999,'mechanical');
#9212=PRODUCT('3D_X2_62535370_X0___X2_5FC360C5_ASM',
'3D_X2_62535370_X0___X2_5FC360C5_ASM','NOT SPECIFIED',(#9211));
#9213=PRODUCT_DEFINITION_FORMATION_WITH_SPECIFIED_SOURCE('1','LAST_VERSION',
#9212,.MADE.);
#9220=CARTESIAN_POINT('',(0.E0,0.E0,0.E0));
#9221=DIRECTION('',(0.E0,0.E0,1.E0));
#9222=DIRECTION('',(1.E0,0.E0,0.E0));
#9223=AXIS2_PLACEMENT_3D('',#9220,#9221,#9222);
#9224=ITEM_DEFINED_TRANSFORMATION('','',#2021,#9223);
#9225=CARTESIAN_POINT('',(0.E0,0.E0,0.E0));
#9226=DIRECTION('',(0.E0,0.E0,1.E0));
#9227=DIRECTION('',(1.E0,0.E0,0.E0));
#9229=(REPRESENTATION_RELATIONSHIP('','',#2010,#9217)REPRESENTATION_RELATIONSHIP_WITH_TRANSFORMATION(#9224)SHAPE_REPRESENTATION_RELATIONSHIP());
#9230=CONTEXT_DEPENDENT_SHAPE_REPRESENTATION(#9229,#9219);
#9232=DIMENSIONAL_EXPONENTS(0.E0,0.E0,0.E0,0.E0,0.E0,0.E0,0.E0);
#9234=PLANE_ANGLE_MEASURE_WITH_UNIT(PLANE_ANGLE_MEASURE(1.745329251994E-2),
#9233);
#9235=(CONVERSION_BASED_UNIT('DEGREE',#9234)NAMED_UNIT(*)PLANE_ANGLE_UNIT());
#9237=UNCERTAINTY_MEASURE_WITH_UNIT(LENGTH_MEASURE(8.659907627683E-2),#9231,
'closure',
'Maximum model space distance between geometric entities at asserted connectivities');
#9238=(GEOMETRIC_REPRESENTATION_CONTEXT(3)GLOBAL_UNCERTAINTY_ASSIGNED_CONTEXT((
#9237))GLOBAL_UNIT_ASSIGNED_CONTEXT((#9231,#9235,#9236))REPRESENTATION_CONTEXT(
'ID4','3'));
#9239=CARTESIAN_POINT('',(0.E0,0.E0,0.E0));
#9240=DIRECTION('',(0.E0,0.E0,1.E0));
#9241=DIRECTION('',(1.E0,0.E0,0.E0));
#9243=MECHANICAL_CONTEXT('',#1999,'mechanical');
#9244=PRODUCT('3D__V20001_ASM_1_ASM_1_ASM_1_ASM',
'3D__V20001_ASM_1_ASM_1_ASM_1_ASM','NOT SPECIFIED',(#9243));
#9245=PRODUCT_DEFINITION_FORMATION_WITH_SPECIFIED_SOURCE('1','LAST_VERSION',
#9244,.MADE.);
#9252=CARTESIAN_POINT('',(0.E0,0.E0,0.E0));
#9253=DIRECTION('',(0.E0,0.E0,1.E0));
#9254=DIRECTION('',(1.E0,0.E0,0.E0));
#9255=AXIS2_PLACEMENT_3D('',#9252,#9253,#9254);
#9256=ITEM_DEFINED_TRANSFORMATION('','',#9228,#9255);
#9257=CARTESIAN_POINT('',(0.E0,0.E0,0.E0));
#9258=DIRECTION('',(0.E0,0.E0,1.E0));
#9259=DIRECTION('',(1.E0,0.E0,0.E0));
#9261=(REPRESENTATION_RELATIONSHIP('','',#9217,#9249)REPRESENTATION_RELATIONSHIP_WITH_TRANSFORMATION(#9256)SHAPE_REPRESENTATION_RELATIONSHIP());
#9262=CONTEXT_DEPENDENT_SHAPE_REPRESENTATION(#9261,#9251);
#9264=DIMENSIONAL_EXPONENTS(0.E0,0.E0,0.E0,0.E0,0.E0,0.E0,0.E0);
#9266=PLANE_ANGLE_MEASURE_WITH_UNIT(PLANE_ANGLE_MEASURE(1.745329251994E-2),
#9265);
#9267=(CONVERSION_BASED_UNIT('DEGREE',#9266)NAMED_UNIT(*)PLANE_ANGLE_UNIT());
#9269=UNCERTAINTY_MEASURE_WITH_UNIT(LENGTH_MEASURE(8.659907627683E-2),#9263,
'closure',
'Maximum model space distance between geometric entities at asserted connectivities');
#9270=(GEOMETRIC_REPRESENTATION_CONTEXT(3)GLOBAL_UNCERTAINTY_ASSIGNED_CONTEXT((
#9269))GLOBAL_UNIT_ASSIGNED_CONTEXT((#9263,#9267,#9268))REPRESENTATION_CONTEXT(
'ID5','3'));
#9271=CARTESIAN_POINT('',(0.E0,0.E0,0.E0));
#9272=DIRECTION('',(0.E0,0.E0,1.E0));
#9273=DIRECTION('',(1.E0,0.E0,0.E0));
#9275=DESIGN_CONTEXT('',#1999,'design');
#9276=MECHANICAL_CONTEXT('',#1999,'mechanical');
#9277=PRODUCT('XINQINGJIAN_ASM_1_ASM_1_ASM','XINQINGJIAN_ASM_1_ASM_1_ASM',
'NOT SPECIFIED',(#9276));
#9278=PRODUCT_DEFINITION_FORMATION_WITH_SPECIFIED_SOURCE('1','LAST_VERSION',
#9277,.MADE.);
#9285=CARTESIAN_POINT('',(7.995396384447E1,-9.145720493206E0,
-2.044937041980E1));
#9286=DIRECTION('',(0.E0,0.E0,1.E0));
#9287=DIRECTION('',(1.E0,0.E0,0.E0));
#9288=AXIS2_PLACEMENT_3D('',#9285,#9286,#9287);
#9289=ITEM_DEFINED_TRANSFORMATION('','',#9260,#9288);
#9290=CARTESIAN_POINT('',(0.E0,0.E0,0.E0));
#9291=DIRECTION('',(0.E0,0.E0,1.E0));
#9292=DIRECTION('',(1.E0,0.E0,0.E0));
#9294=(REPRESENTATION_RELATIONSHIP('','',#9249,#9282)REPRESENTATION_RELATIONSHIP_WITH_TRANSFORMATION(#9289)SHAPE_REPRESENTATION_RELATIONSHIP());
#9295=CONTEXT_DEPENDENT_SHAPE_REPRESENTATION(#9294,#9284);
#9297=DIMENSIONAL_EXPONENTS(0.E0,0.E0,0.E0,0.E0,0.E0,0.E0,0.E0);
#9299=PLANE_ANGLE_MEASURE_WITH_UNIT(PLANE_ANGLE_MEASURE(1.745329251994E-2),
#9298);
#9300=(CONVERSION_BASED_UNIT('DEGREE',#9299)NAMED_UNIT(*)PLANE_ANGLE_UNIT());
#9302=UNCERTAINTY_MEASURE_WITH_UNIT(LENGTH_MEASURE(8.659907627683E-2),#9296,
'closure',
'Maximum model space distance between geometric entities at asserted connectivities');
#9303=(GEOMETRIC_REPRESENTATION_CONTEXT(3)GLOBAL_UNCERTAINTY_ASSIGNED_CONTEXT((
#9302))GLOBAL_UNIT_ASSIGNED_CONTEXT((#9296,#9300,#9301))REPRESENTATION_CONTEXT(
'ID6','3'));
#9304=CARTESIAN_POINT('',(0.E0,0.E0,0.E0));
#9305=DIRECTION('',(0.E0,0.E0,1.E0));
#9306=DIRECTION('',(1.E0,0.E0,0.E0));
#9308=MECHANICAL_CONTEXT('',#1999,'mechanical');
#9309=PRODUCT('ASM0015_ASM_1_ASM_1_ASM','ASM0015_ASM_1_ASM_1_ASM',
'NOT SPECIFIED',(#9308));
#9310=PRODUCT_DEFINITION_FORMATION_WITH_SPECIFIED_SOURCE('1','LAST_VERSION',
#9309,.MADE.);
#9317=CARTESIAN_POINT('',(0.E0,0.E0,0.E0));
#9318=DIRECTION('',(0.E0,0.E0,1.E0));
#9319=DIRECTION('',(1.E0,0.E0,0.E0));
#9320=AXIS2_PLACEMENT_3D('',#9317,#9318,#9319);
#9321=ITEM_DEFINED_TRANSFORMATION('','',#9293,#9320);
#9322=CARTESIAN_POINT('',(0.E0,0.E0,0.E0));
#9323=DIRECTION('',(0.E0,0.E0,1.E0));
#9324=DIRECTION('',(1.E0,0.E0,0.E0));
#9326=(REPRESENTATION_RELATIONSHIP('','',#9282,#9314)REPRESENTATION_RELATIONSHIP_WITH_TRANSFORMATION(#9321)SHAPE_REPRESENTATION_RELATIONSHIP());
#9327=CONTEXT_DEPENDENT_SHAPE_REPRESENTATION(#9326,#9316);
#9329=DIMENSIONAL_EXPONENTS(0.E0,0.E0,0.E0,0.E0,0.E0,0.E0,0.E0);
#9331=PLANE_ANGLE_MEASURE_WITH_UNIT(PLANE_ANGLE_MEASURE(1.745329251994E-2),
#9330);
#9332=(CONVERSION_BASED_UNIT('DEGREE',#9331)NAMED_UNIT(*)PLANE_ANGLE_UNIT());
#9334=UNCERTAINTY_MEASURE_WITH_UNIT(LENGTH_MEASURE(8.659907627683E-2),#9328,
'closure',
'Maximum model space distance between geometric entities at asserted connectivities');
#9335=(GEOMETRIC_REPRESENTATION_CONTEXT(3)GLOBAL_UNCERTAINTY_ASSIGNED_CONTEXT((
#9334))GLOBAL_UNIT_ASSIGNED_CONTEXT((#9328,#9332,#9333))REPRESENTATION_CONTEXT(
'ID7','3'));
#9336=CARTESIAN_POINT('',(0.E0,0.E0,0.E0));
#9337=DIRECTION('',(0.E0,0.E0,1.E0));
#9338=DIRECTION('',(1.E0,0.E0,0.E0));
#9340=DESIGN_CONTEXT('',#1999,'design');
#9341=MECHANICAL_CONTEXT('',#1999,'mechanical');
#9342=PRODUCT('NODE_--110325000_ASM_1_ASM','NODE_--110325000_ASM_1_ASM',
'NOT SPECIFIED',(#9341));
#9343=PRODUCT_DEFINITION_FORMATION_WITH_SPECIFIED_SOURCE('1','LAST_VERSION',
#9342,.MADE.);
#9350=CARTESIAN_POINT('',(0.E0,0.E0,0.E0));
#9351=DIRECTION('',(0.E0,0.E0,1.E0));
#9352=DIRECTION('',(1.E0,0.E0,0.E0));
#9353=AXIS2_PLACEMENT_3D('',#9350,#9351,#9352);
#9354=ITEM_DEFINED_TRANSFORMATION('','',#9325,#9353);
#9355=(REPRESENTATION_RELATIONSHIP('','',#9314,#9347)REPRESENTATION_RELATIONSHIP_WITH_TRANSFORMATION(#9354)SHAPE_REPRESENTATION_RELATIONSHIP());
#9356=CONTEXT_DEPENDENT_SHAPE_REPRESENTATION(#9355,#9349);
#9358=DIMENSIONAL_EXPONENTS(0.E0,0.E0,0.E0,0.E0,0.E0,0.E0,0.E0);
#9360=PLANE_ANGLE_MEASURE_WITH_UNIT(PLANE_ANGLE_MEASURE(1.745329251994E-2),
#9359);
#9361=(CONVERSION_BASED_UNIT('DEGREE',#9360)NAMED_UNIT(*)PLANE_ANGLE_UNIT());
#9363=UNCERTAINTY_MEASURE_WITH_UNIT(LENGTH_MEASURE(8.659907627683E-2),#9357,
'closure',
'Maximum model space distance between geometric entities at asserted connectivities');
#9364=(GEOMETRIC_REPRESENTATION_CONTEXT(3)GLOBAL_UNCERTAINTY_ASSIGNED_CONTEXT((
#9363))GLOBAL_UNIT_ASSIGNED_CONTEXT((#9357,#9361,#9362))REPRESENTATION_CONTEXT(
'ID8','3'));
#9365=CARTESIAN_POINT('',(0.E0,0.E0,0.E0));
#9366=DIRECTION('',(0.E0,0.E0,1.E0));
#9367=DIRECTION('',(1.E0,0.E0,0.E0));
#9369=MECHANICAL_CONTEXT('',#1999,'mechanical');
#9370=PRODUCT('NODE--111125000_ASM','NODE--111125000_ASM','NOT SPECIFIED',
(#9369));
#9371=PRODUCT_DEFINITION_FORMATION_WITH_SPECIFIED_SOURCE('1','LAST_VERSION',
#9370,.MADE.);
#9373=PRODUCT_CATEGORY('part','');
#9374=PRODUCT_RELATED_PRODUCT_CATEGORY('assembly','',(#9212,#9244,#9277,#9309,
#9342,#9370));
#9375=PRODUCT_CATEGORY_RELATIONSHIP('','',#9373,#9374);
#9376=PRODUCT_CATEGORY('part','');
#9377=PRODUCT_RELATED_PRODUCT_CATEGORY('detail','',(#2003,#9180));
#9378=PRODUCT_CATEGORY_RELATIONSHIP('','',#9376,#9377);
#9379=SECURITY_CLASSIFICATION_LEVEL('unclassified');
#9380=SECURITY_CLASSIFICATION('','',#9379);
#9381=CC_DESIGN_SECURITY_CLASSIFICATION(#9380,(#2004,#9181,#9213,#9245,#9278,
#9310,#9343,#9371,#2011,#9185,#9218,#9250,#9283,#9315,#9348));
#9382=APPROVAL_STATUS('approved');
#9383=APPROVAL(#9382,'');
#9384=CC_DESIGN_APPROVAL(#9383,(#9380,#2004,#9181,#9213,#9245,#9278,#9310,#9343,
#9371,#2005,#9182,#9214,#9246,#9279,#9311,#9344,#9372));
#9385=CALENDAR_DATE(125,11,11);
#9386=COORDINATED_UNIVERSAL_TIME_OFFSET(8,0,.AHEAD.);
#9387=LOCAL_TIME(15,57,4.E1,#9386);
#9388=DATE_AND_TIME(#9385,#9387);
#9389=APPROVAL_DATE_TIME(#9388,#9383);
#9390=DATE_TIME_ROLE('creation_date');
#9391=CC_DESIGN_DATE_AND_TIME_ASSIGNMENT(#9388,#9390,(#2005,#9182,#9214,#9246,
#9279,#9311,#9344,#9372));
#9392=DATE_TIME_ROLE('classification_date');
#9393=CC_DESIGN_DATE_AND_TIME_ASSIGNMENT(#9388,#9392,(#9380));
#9394=PERSON('UNSPECIFIED','UNSPECIFIED',$,$,$,$);
#9395=ORGANIZATION('UNSPECIFIED','UNSPECIFIED','UNSPECIFIED');
#9396=PERSON_AND_ORGANIZATION(#9394,#9395);
#9397=APPROVAL_ROLE('approver');
#9398=APPROVAL_PERSON_ORGANIZATION(#9396,#9383,#9397);
#9399=PERSON_AND_ORGANIZATION_ROLE('creator');
#9400=CC_DESIGN_PERSON_AND_ORGANIZATION_ASSIGNMENT(#9396,#9399,(#2004,#9181,
#9213,#9245,#9278,#9310,#9343,#9371,#2005,#9182,#9214,#9246,#9279,#9311,#9344,
#9372));
#9401=PERSON_AND_ORGANIZATION_ROLE('design_supplier');
#9402=CC_DESIGN_PERSON_AND_ORGANIZATION_ASSIGNMENT(#9396,#9401,(#2004,#9181,
#9213,#9245,#9278,#9310,#9343,#9371));
#9403=PERSON_AND_ORGANIZATION_ROLE('classification_officer');
#9404=CC_DESIGN_PERSON_AND_ORGANIZATION_ASSIGNMENT(#9396,#9403,(#9380));
#9405=PERSON_AND_ORGANIZATION_ROLE('design_owner');
#9406=CC_DESIGN_PERSON_AND_ORGANIZATION_ASSIGNMENT(#9396,#9405,(#9212,#9244,
#9277,#9309,#9342,#9370,#2003,#9180));
#146=B_SPLINE_CURVE_WITH_KNOTS('',3,(#141,#142,#143,#144,#145),.UNSPECIFIED.,
.F.,.F.,(4,1,4),(0.E0,5.E-1,1.E0),.UNSPECIFIED.);
#152=B_SPLINE_CURVE_WITH_KNOTS('',3,(#147,#148,#149,#150,#151),.UNSPECIFIED.,
.F.,.F.,(4,1,4),(0.E0,5.E-1,1.E0),.UNSPECIFIED.);
#158=B_SPLINE_CURVE_WITH_KNOTS('',3,(#153,#154,#155,#156,#157),.UNSPECIFIED.,
.F.,.F.,(4,1,4),(0.E0,5.E-1,1.E0),.UNSPECIFIED.);
#164=B_SPLINE_CURVE_WITH_KNOTS('',3,(#159,#160,#161,#162,#163),.UNSPECIFIED.,
.F.,.F.,(4,1,4),(0.E0,5.E-1,1.E0),.UNSPECIFIED.);
#537=CIRCLE('',#536,2.E-1);
#542=CIRCLE('',#541,2.E-1);
#547=CIRCLE('',#546,2.E-1);
#568=CIRCLE('',#567,2.E-1);
#573=CIRCLE('',#572,2.E-1);
#590=CIRCLE('',#589,2.E-1);
#595=CIRCLE('',#594,2.E-1);
#648=B_SPLINE_CURVE_WITH_KNOTS('',3,(#644,#645,#646,#647),.UNSPECIFIED.,.F.,.F.,
(4,4),(0.E0,1.E0),.UNSPECIFIED.);
#653=B_SPLINE_CURVE_WITH_KNOTS('',3,(#649,#650,#651,#652),.UNSPECIFIED.,.F.,.F.,
(4,4),(0.E0,1.E0),.UNSPECIFIED.);
#658=B_SPLINE_CURVE_WITH_KNOTS('',3,(#654,#655,#656,#657),.UNSPECIFIED.,.F.,.F.,
(4,4),(0.E0,1.E0),.UNSPECIFIED.);
#663=B_SPLINE_CURVE_WITH_KNOTS('',3,(#659,#660,#661,#662),.UNSPECIFIED.,.F.,.F.,
(4,4),(0.E0,1.E0),.UNSPECIFIED.);
#668=B_SPLINE_CURVE_WITH_KNOTS('',3,(#664,#665,#666,#667),.UNSPECIFIED.,.F.,.F.,
(4,4),(0.E0,1.E0),.UNSPECIFIED.);
#673=B_SPLINE_CURVE_WITH_KNOTS('',3,(#669,#670,#671,#672),.UNSPECIFIED.,.F.,.F.,
(4,4),(0.E0,1.E0),.UNSPECIFIED.);
#678=B_SPLINE_CURVE_WITH_KNOTS('',3,(#674,#675,#676,#677),.UNSPECIFIED.,.F.,.F.,
(4,4),(0.E0,1.E0),.UNSPECIFIED.);
#683=B_SPLINE_CURVE_WITH_KNOTS('',3,(#679,#680,#681,#682),.UNSPECIFIED.,.F.,.F.,
(4,4),(0.E0,1.E0),.UNSPECIFIED.);
#960=EDGE_CURVE('',#734,#735,#4,.T.);
#962=EDGE_CURVE('',#735,#737,#8,.T.);
#964=EDGE_CURVE('',#737,#739,#12,.T.);
#966=EDGE_CURVE('',#739,#734,#16,.T.);
#976=EDGE_CURVE('',#742,#743,#28,.T.);
#978=EDGE_CURVE('',#735,#742,#623,.T.);
#981=EDGE_CURVE('',#745,#734,#136,.T.);
#983=EDGE_CURVE('',#747,#745,#112,.T.);
#985=EDGE_CURVE('',#749,#747,#92,.T.);
#987=EDGE_CURVE('',#751,#749,#348,.T.);
#989=EDGE_CURVE('',#751,#753,#20,.T.);
#991=EDGE_CURVE('',#753,#755,#24,.T.);
#993=EDGE_CURVE('',#743,#755,#52,.T.);
#1004=EDGE_CURVE('',#757,#743,#48,.T.);
#1006=EDGE_CURVE('',#757,#759,#32,.T.);
#1008=EDGE_CURVE('',#759,#742,#36,.T.);
#1018=EDGE_CURVE('',#762,#763,#40,.T.);
#1020=EDGE_CURVE('',#763,#757,#44,.T.);
#1024=EDGE_CURVE('',#755,#765,#56,.T.);
#1026=EDGE_CURVE('',#765,#767,#60,.T.);
#1028=EDGE_CURVE('',#767,#769,#64,.T.);
#1030=EDGE_CURVE('',#769,#762,#68,.T.);
#1041=EDGE_CURVE('',#762,#737,#72,.T.);
#1044=EDGE_CURVE('',#771,#735,#619,.T.);
#1046=EDGE_CURVE('',#763,#771,#140,.T.);
#1056=EDGE_CURVE('',#739,#773,#88,.T.);
#1061=EDGE_CURVE('',#775,#769,#308,.T.);
#1063=EDGE_CURVE('',#775,#777,#76,.T.);
#1065=EDGE_CURVE('',#777,#779,#80,.T.);
#1067=EDGE_CURVE('',#773,#779,#104,.T.);
#1077=EDGE_CURVE('',#781,#773,#100,.T.);
#1079=EDGE_CURVE('',#781,#783,#84,.T.);
#1081=EDGE_CURVE('',#734,#783,#124,.T.);
#1094=EDGE_CURVE('',#785,#747,#120,.T.);
#1096=EDGE_CURVE('',#785,#781,#96,.T.);
#1100=EDGE_CURVE('',#779,#749,#108,.T.);
#1111=EDGE_CURVE('',#787,#745,#132,.T.);
#1113=EDGE_CURVE('',#787,#785,#116,.T.);
#1125=EDGE_CURVE('',#783,#787,#128,.T.);
#1137=EDGE_CURVE('',#790,#791,#172,.T.);
#1139=EDGE_CURVE('',#793,#790,#336,.T.);
#1141=EDGE_CURVE('',#795,#793,#320,.T.);
#1143=EDGE_CURVE('',#797,#795,#292,.T.);
#1145=EDGE_CURVE('',#799,#797,#276,.T.);
#1147=EDGE_CURVE('',#801,#799,#264,.T.);
#1149=EDGE_CURVE('',#803,#801,#248,.T.);
#1151=EDGE_CURVE('',#805,#803,#208,.T.);
#1153=EDGE_CURVE('',#807,#805,#200,.T.);
#1155=EDGE_CURVE('',#791,#807,#180,.T.);
#1166=EDGE_CURVE('',#759,#771,#627,.T.);
#1172=EDGE_CURVE('',#810,#811,#643,.T.);
#1174=EDGE_CURVE('',#810,#812,#146,.T.);
#1176=EDGE_CURVE('',#814,#812,#723,.T.);
#1178=EDGE_CURVE('',#814,#815,#152,.T.);
#1180=EDGE_CURVE('',#817,#815,#707,.T.);
#1182=EDGE_CURVE('',#817,#818,#158,.T.);
#1184=EDGE_CURVE('',#820,#818,#699,.T.);
#1186=EDGE_CURVE('',#820,#811,#164,.T.);
#1196=EDGE_CURVE('',#822,#791,#176,.T.);
#1198=EDGE_CURVE('',#822,#824,#168,.T.);
#1200=EDGE_CURVE('',#790,#824,#340,.T.);
#1213=EDGE_CURVE('',#826,#807,#196,.T.);
#1215=EDGE_CURVE('',#826,#822,#184,.T.);
#1225=EDGE_CURVE('',#805,#828,#188,.T.);
#1227=EDGE_CURVE('',#828,#826,#192,.T.);
#1239=EDGE_CURVE('',#831,#832,#220,.T.);
#1241=EDGE_CURVE('',#831,#828,#204,.T.);
#1245=EDGE_CURVE('',#834,#803,#244,.T.);
#1247=EDGE_CURVE('',#832,#834,#224,.T.);
#1257=EDGE_CURVE('',#832,#836,#212,.T.);
#1259=EDGE_CURVE('',#838,#836,#256,.T.);
#1261=EDGE_CURVE('',#838,#831,#216,.T.);
#1272=EDGE_CURVE('',#840,#832,#236,.T.);
#1274=EDGE_CURVE('',#842,#840,#520,.T.);
#1276=EDGE_CURVE('',#836,#842,#500,.T.);
#1288=EDGE_CURVE('',#834,#844,#228,.T.);
#1290=EDGE_CURVE('',#844,#840,#232,.T.);
#1302=EDGE_CURVE('',#834,#846,#240,.T.);
#1304=EDGE_CURVE('',#848,#846,#508,.T.);
#1306=EDGE_CURVE('',#844,#848,#603,.T.);
#1319=EDGE_CURVE('',#846,#801,#260,.T.);
#1329=EDGE_CURVE('',#850,#799,#272,.T.);
#1331=EDGE_CURVE('',#850,#838,#252,.T.);
#1334=EDGE_CURVE('',#846,#836,#496,.T.);
#1346=EDGE_CURVE('',#852,#797,#288,.T.);
#1348=EDGE_CURVE('',#852,#850,#268,.T.);
#1354=EDGE_CURVE('',#855,#856,#352,.T.);
#1356=EDGE_CURVE('',#858,#855,#484,.T.);
#1358=EDGE_CURVE('',#860,#858,#472,.T.);
#1360=EDGE_CURVE('',#862,#860,#460,.T.);
#1362=EDGE_CURVE('',#864,#862,#448,.T.);
#1364=EDGE_CURVE('',#866,#864,#436,.T.);
#1366=EDGE_CURVE('',#868,#866,#424,.T.);
#1368=EDGE_CURVE('',#870,#868,#412,.T.);
#1370=EDGE_CURVE('',#872,#870,#400,.T.);
#1372=EDGE_CURVE('',#874,#872,#388,.T.);
#1374=EDGE_CURVE('',#876,#874,#376,.T.);
#1376=EDGE_CURVE('',#856,#876,#364,.T.);
#1386=EDGE_CURVE('',#775,#878,#280,.T.);
#1388=EDGE_CURVE('',#878,#852,#284,.T.);
#1392=EDGE_CURVE('',#795,#880,#296,.T.);
#1394=EDGE_CURVE('',#880,#882,#300,.T.);
#1396=EDGE_CURVE('',#882,#753,#304,.T.);
#1399=EDGE_CURVE('',#777,#751,#344,.T.);
#1413=EDGE_CURVE('',#767,#878,#312,.T.);
#1425=EDGE_CURVE('',#882,#765,#316,.T.);
#1428=EDGE_CURVE('',#884,#880,#324,.T.);
#1430=EDGE_CURVE('',#824,#884,#328,.T.);
#1462=EDGE_CURVE('',#884,#793,#332,.T.);
#1491=EDGE_CURVE('',#887,#888,#356,.T.);
#1493=EDGE_CURVE('',#890,#887,#368,.T.);
#1495=EDGE_CURVE('',#892,#890,#380,.T.);
#1497=EDGE_CURVE('',#894,#892,#392,.T.);
#1499=EDGE_CURVE('',#896,#894,#404,.T.);
#1501=EDGE_CURVE('',#898,#896,#416,.T.);
#1503=EDGE_CURVE('',#900,#898,#428,.T.);
#1505=EDGE_CURVE('',#902,#900,#440,.T.);
#1507=EDGE_CURVE('',#904,#902,#452,.T.);
#1509=EDGE_CURVE('',#906,#904,#464,.T.);
#1511=EDGE_CURVE('',#908,#906,#476,.T.);
#1513=EDGE_CURVE('',#888,#908,#488,.T.);
#1524=EDGE_CURVE('',#887,#856,#372,.T.);
#1527=EDGE_CURVE('',#888,#855,#360,.T.);
#1538=EDGE_CURVE('',#890,#876,#384,.T.);
#1551=EDGE_CURVE('',#892,#874,#396,.T.);
#1564=EDGE_CURVE('',#894,#872,#408,.T.);
#1577=EDGE_CURVE('',#896,#870,#420,.T.);
#1590=EDGE_CURVE('',#898,#868,#432,.T.);
#1603=EDGE_CURVE('',#900,#866,#444,.T.);
#1616=EDGE_CURVE('',#902,#864,#456,.T.);
#1629=EDGE_CURVE('',#904,#862,#468,.T.);
#1642=EDGE_CURVE('',#906,#860,#480,.T.);
#1655=EDGE_CURVE('',#908,#858,#492,.T.);
#1681=EDGE_CURVE('',#842,#848,#504,.T.);
#1693=EDGE_CURVE('',#910,#842,#516,.T.);
#1695=EDGE_CURVE('',#910,#912,#512,.T.);
#1697=EDGE_CURVE('',#848,#912,#607,.T.);
#1707=EDGE_CURVE('',#915,#916,#528,.T.);
#1709=EDGE_CURVE('',#910,#915,#555,.T.);
#1713=EDGE_CURVE('',#840,#918,#524,.T.);
#1715=EDGE_CURVE('',#916,#918,#577,.T.);
#1725=EDGE_CURVE('',#921,#922,#542,.T.);
#1727=EDGE_CURVE('',#915,#921,#537,.T.);
#1730=EDGE_CURVE('',#924,#916,#573,.T.);
#1732=EDGE_CURVE('',#926,#924,#568,.T.);
#1734=EDGE_CURVE('',#926,#922,#532,.T.);
#1746=EDGE_CURVE('',#928,#922,#563,.T.);
#1748=EDGE_CURVE('',#928,#930,#547,.T.);
#1750=EDGE_CURVE('',#930,#912,#551,.T.);
#1763=EDGE_CURVE('',#926,#932,#559,.T.);
#1765=EDGE_CURVE('',#928,#932,#611,.T.);
#1779=EDGE_CURVE('',#918,#934,#581,.T.);
#1781=EDGE_CURVE('',#934,#936,#585,.T.);
#1783=EDGE_CURVE('',#936,#938,#590,.T.);
#1785=EDGE_CURVE('',#938,#932,#595,.T.);
#1797=EDGE_CURVE('',#934,#844,#599,.T.);
#1809=EDGE_CURVE('',#936,#930,#615,.T.);
#1849=EDGE_CURVE('',#811,#940,#631,.T.);
#1851=EDGE_CURVE('',#940,#942,#635,.T.);
#1853=EDGE_CURVE('',#942,#810,#639,.T.);
#1864=EDGE_CURVE('',#943,#944,#683,.T.);
#1866=EDGE_CURVE('',#940,#943,#678,.T.);
#1870=EDGE_CURVE('',#944,#820,#695,.T.);
#1880=EDGE_CURVE('',#945,#946,#648,.T.);
#1882=EDGE_CURVE('',#946,#947,#653,.T.);
#1884=EDGE_CURVE('',#949,#947,#715,.T.);
#1886=EDGE_CURVE('',#949,#950,#658,.T.);
#1888=EDGE_CURVE('',#950,#951,#663,.T.);
#1890=EDGE_CURVE('',#953,#951,#731,.T.);
#1892=EDGE_CURVE('',#953,#954,#668,.T.);
#1894=EDGE_CURVE('',#954,#942,#673,.T.);
#1899=EDGE_CURVE('',#945,#944,#691,.T.);
#1911=EDGE_CURVE('',#818,#945,#687,.T.);
#1914=EDGE_CURVE('',#947,#817,#703,.T.);
#1938=EDGE_CURVE('',#815,#949,#711,.T.);
#1953=EDGE_CURVE('',#951,#814,#719,.T.);
#1965=EDGE_CURVE('',#812,#953,#727,.T.);
#1984=CLOSED_SHELL('',(#970,#997,#1012,#1034,#1050,#1071,#1087,#1104,#1118,
#1131,#1190,#1205,#1219,#1233,#1251,#1266,#1281,#1295,#1310,#1323,#1340,#1380,
#1404,#1417,#1442,#1454,#1467,#1479,#1517,#1531,#1544,#1557,#1570,#1583,#1596,
#1609,#1622,#1635,#1648,#1661,#1673,#1686,#1701,#1719,#1738,#1756,#1770,#1790,
#1803,#1818,#1831,#1843,#1858,#1874,#1903,#1918,#1930,#1943,#1957,#1970,#1983));
#1985=MANIFOLD_SOLID_BREP('',#1984);
#1986=(LENGTH_UNIT()NAMED_UNIT(*)SI_UNIT(.MILLI.,.METRE.));
#1988=(NAMED_UNIT(*)PLANE_ANGLE_UNIT()SI_UNIT($,.RADIAN.));
#1991=(NAMED_UNIT(*)SI_UNIT($,.STERADIAN.)SOLID_ANGLE_UNIT());
#1997=AXIS2_PLACEMENT_3D('',#1994,#1995,#1996);
#1998=ADVANCED_BREP_SHAPE_REPRESENTATION('',(#1997,#1985),#1993);
#2005=PRODUCT_DEFINITION('design','',#2004,#2001);
#2006=PRODUCT_DEFINITION_SHAPE('','SHAPE FOR _X2_5B9E4F53_X0_4_1_1_1.',#2005);
#2007=SHAPE_DEFINITION_REPRESENTATION(#2006,#1998);
#2008=SHAPE_DEFINITION_REPRESENTATION(#2009,#2010);
#2009=PRODUCT_DEFINITION_SHAPE('',
'SHAPE FOR 3D_X2_62535370_X0___X2_5FC360C5_ASM.',#9214);
#2010=SHAPE_REPRESENTATION('',(#2021,#2016,#9195,#9190,#9209),#9205);
#2011=NEXT_ASSEMBLY_USAGE_OCCURRENCE('44','Next assembly relationship',
'_X2_5B9E4F53_X0_4',#9214,#2005,$);
#2012=PRODUCT_DEFINITION_SHAPE('Placement #44',
'Placement of _X2_5B9E4F53_X0_4_1_1_1 with respect to 3D_X2_62535370_X0___X2_5FC360C5_ASM',#2011);
#2021=AXIS2_PLACEMENT_3D('',#2018,#2019,#2020);
#2032=CIRCLE('',#2031,2.049963047677E0);
#2037=CIRCLE('',#2036,2.049963104226E0);
#2042=CIRCLE('',#2041,2.049963104242E0);
#2047=CIRCLE('',#2046,2.049963047687E0);
#2072=CIRCLE('',#2071,2.049963047677E0);
#2077=CIRCLE('',#2076,2.049963104226E0);
#2090=B_SPLINE_CURVE_WITH_KNOTS('',3,(#2078,#2079,#2080,#2081,#2082,#2083,#2084,
#2085,#2086,#2087,#2088,#2089),.UNSPECIFIED.,.F.,.F.,(4,1,1,1,1,1,1,1,1,4),
(0.E0,1.111111111111E-1,2.222222222222E-1,3.333333333333E-1,4.444444444444E-1,
5.555555555556E-1,6.666666666667E-1,7.777777777778E-1,8.888888888889E-1,1.E0),
.UNSPECIFIED.);
#2103=B_SPLINE_CURVE_WITH_KNOTS('',3,(#2091,#2092,#2093,#2094,#2095,#2096,#2097,
#2098,#2099,#2100,#2101,#2102),.UNSPECIFIED.,.F.,.F.,(4,1,1,1,1,1,1,1,1,4),
(0.E0,1.111111111111E-1,2.222222222222E-1,3.333333333333E-1,4.444444444444E-1,
5.555555555556E-1,6.666666666667E-1,7.777777777778E-1,8.888888888889E-1,1.E0),
.UNSPECIFIED.);
#2120=CIRCLE('',#2119,4.E-1);
#2129=CIRCLE('',#2128,4.E-1);
#2138=CIRCLE('',#2137,4.E-1);
#2147=CIRCLE('',#2146,4.E-1);
#2156=CIRCLE('',#2155,4.E-1);
#2165=CIRCLE('',#2164,1.15E0);
#2170=CIRCLE('',#2169,1.15E0);
#2175=CIRCLE('',#2174,4.E-1);
#2236=CIRCLE('',#2235,4.E-1);
#2245=CIRCLE('',#2244,4.E-1);
#2254=CIRCLE('',#2253,4.E-1);
#2259=CIRCLE('',#2258,4.E-1);
#2268=CIRCLE('',#2267,4.E-1);
#2277=CIRCLE('',#2276,4.E-1);
#2282=CIRCLE('',#2281,4.E-1);
#2291=CIRCLE('',#2290,4.E-1);
#2296=CIRCLE('',#2295,4.E-1);
#2305=CIRCLE('',#2304,4.E-1);
#2314=CIRCLE('',#2313,4.E-1);
#2319=CIRCLE('',#2318,4.E-1);
#2330=B_SPLINE_CURVE_WITH_KNOTS('',3,(#2324,#2325,#2326,#2327,#2328,#2329),
.UNSPECIFIED.,.F.,.F.,(4,1,1,4),(0.E0,3.275900445518E-1,6.692000706954E-1,1.E0),
.UNSPECIFIED.);
#2339=CIRCLE('',#2338,7.993790397254E-2);
#2349=B_SPLINE_CURVE_WITH_KNOTS('',3,(#2340,#2341,#2342,#2343,#2344,#2345,#2346,
#2347,#2348),.UNSPECIFIED.,.F.,.F.,(4,1,1,1,1,1,4),(0.E0,3.232186047991E-1,
4.975216838568E-1,6.718247629143E-1,8.354314357566E-1,9.176857071367E-1,1.E0),
.UNSPECIFIED.);
#2358=B_SPLINE_CURVE_WITH_KNOTS('',3,(#2350,#2351,#2352,#2353,#2354,#2355,#2356,
#2357),.UNSPECIFIED.,.F.,.F.,(4,1,1,1,1,4),(0.E0,8.227407818411E-2,
1.644855513478E-1,3.280080575296E-1,6.766169173029E-1,1.E0),.UNSPECIFIED.);
#2363=CIRCLE('',#2362,7.993836977847E-2);
#2374=B_SPLINE_CURVE_WITH_KNOTS('',3,(#2368,#2369,#2370,#2371,#2372,#2373),
.UNSPECIFIED.,.F.,.F.,(4,1,1,4),(0.E0,3.291377468306E-1,6.708975448590E-1,1.E0),
.UNSPECIFIED.);
#2384=B_SPLINE_CURVE_WITH_KNOTS('',3,(#2375,#2376,#2377,#2378,#2379,#2380,#2381,
#2382,#2383),.UNSPECIFIED.,.F.,.F.,(4,1,1,1,1,1,4),(0.E0,3.301852439294E-1,
6.739712947173E-1,8.365078111283E-1,9.182240824980E-1,9.591075523754E-1,1.E0),
.UNSPECIFIED.);
#2393=B_SPLINE_CURVE_WITH_KNOTS('',3,(#2385,#2386,#2387,#2388,#2389,#2390,#2391,
#2392),.UNSPECIFIED.,.F.,.F.,(4,1,1,1,1,4),(0.E0,8.226488356440E-2,
1.644698231353E-1,3.279792192550E-1,6.765887396096E-1,1.E0),.UNSPECIFIED.);
#2405=B_SPLINE_CURVE_WITH_KNOTS('',3,(#2394,#2395,#2396,#2397,#2398,#2399,#2400,
#2401,#2402,#2403,#2404),.UNSPECIFIED.,.F.,.F.,(4,1,1,1,1,1,1,1,4),(0.E0,
1.640546994974E-1,3.191922627751E-1,4.063460849852E-1,4.927352615931E-1,
5.817096636289E-1,6.714730302407E-1,8.327429207254E-1,1.E0),.UNSPECIFIED.);
#2414=B_SPLINE_CURVE_WITH_KNOTS('',3,(#2406,#2407,#2408,#2409,#2410,#2411,#2412,
#2413),.UNSPECIFIED.,.F.,.F.,(4,1,1,1,1,4),(0.E0,3.232303259651E-1,
6.718377093575E-1,8.354378905845E-1,9.176889274581E-1,1.E0),.UNSPECIFIED.);
#2423=B_SPLINE_CURVE_WITH_KNOTS('',3,(#2415,#2416,#2417,#2418,#2419,#2420,#2421,
#2422),.UNSPECIFIED.,.F.,.F.,(4,1,1,1,1,4),(0.E0,8.226485274368E-2,
1.644697615469E-1,3.279790968663E-1,6.765884862047E-1,1.E0),.UNSPECIFIED.);
#2432=B_SPLINE_CURVE_WITH_KNOTS('',3,(#2424,#2425,#2426,#2427,#2428,#2429,#2430,
#2431),.UNSPECIFIED.,.F.,.F.,(4,1,1,1,1,4),(0.E0,3.232032716958E-1,
6.718102617085E-1,8.354241897086E-1,9.176820802471E-1,1.E0),.UNSPECIFIED.);
#2441=B_SPLINE_CURVE_WITH_KNOTS('',3,(#2433,#2434,#2435,#2436,#2437,#2438,#2439,
#2440),.UNSPECIFIED.,.F.,.F.,(4,1,1,1,1,4),(0.E0,8.227498860516E-2,
1.644900423382E-1,3.280197282204E-1,6.766298207040E-1,1.E0),.UNSPECIFIED.);
#2450=B_SPLINE_CURVE_WITH_KNOTS('',3,(#2442,#2443,#2444,#2445,#2446,#2447,#2448,
#2449),.UNSPECIFIED.,.F.,.F.,(4,1,1,1,1,4),(0.E0,3.232031996761E-1,
6.718102265164E-1,8.354241718350E-1,9.176820710893E-1,1.E0),.UNSPECIFIED.);
#2459=B_SPLINE_CURVE_WITH_KNOTS('',3,(#2451,#2452,#2453,#2454,#2455,#2456,#2457,
#2458),.UNSPECIFIED.,.F.,.F.,(4,1,1,1,1,4),(0.E0,8.227165100937E-2,
1.644833640355E-1,3.280063472970E-1,6.766162239663E-1,1.E0),.UNSPECIFIED.);
#2471=B_SPLINE_CURVE_WITH_KNOTS('',3,(#2460,#2461,#2462,#2463,#2464,#2465,#2466,
#2467,#2468,#2469,#2470),.UNSPECIFIED.,.F.,.F.,(4,1,1,1,1,1,1,1,4),(0.E0,
1.640526895784E-1,3.191877110236E-1,4.063401039415E-1,4.927278811368E-1,
5.817040353584E-1,6.714691186307E-1,8.327438295478E-1,1.E0),.UNSPECIFIED.);
#2480=B_SPLINE_CURVE_WITH_KNOTS('',3,(#2472,#2473,#2474,#2475,#2476,#2477,#2478,
#2479),.UNSPECIFIED.,.F.,.F.,(4,1,1,1,1,4),(0.E0,3.232168904360E-1,
6.718239257341E-1,8.354310104316E-1,9.176854888651E-1,1.E0),.UNSPECIFIED.);
#2489=B_SPLINE_CURVE_WITH_KNOTS('',3,(#2481,#2482,#2483,#2484,#2485,#2486,#2487,
#2488),.UNSPECIFIED.,.F.,.F.,(4,1,1,1,1,4),(0.E0,8.227162861141E-2,
1.644833192728E-1,3.280062580449E-1,6.766160392232E-1,1.E0),.UNSPECIFIED.);
#2498=B_SPLINE_CURVE_WITH_KNOTS('',3,(#2490,#2491,#2492,#2493,#2494,#2495,#2496,
#2497),.UNSPECIFIED.,.F.,.F.,(4,1,1,1,1,4),(0.E0,3.232168183329E-1,
6.718238908754E-1,8.354309929285E-1,9.176854800924E-1,1.E0),.UNSPECIFIED.);
#2507=B_SPLINE_CURVE_WITH_KNOTS('',3,(#2499,#2500,#2501,#2502,#2503,#2504,#2505,
#2506),.UNSPECIFIED.,.F.,.F.,(4,1,1,1,1,4),(0.E0,8.227501116178E-2,
1.644900874174E-1,3.280198181141E-1,6.766300060147E-1,1.E0),.UNSPECIFIED.);
#2519=B_SPLINE_CURVE_WITH_KNOTS('',3,(#2508,#2509,#2510,#2511,#2512,#2513,#2514,
#2515,#2516,#2517,#2518),.UNSPECIFIED.,.F.,.F.,(4,1,1,1,1,1,1,1,4),(0.E0,
1.640548626172E-1,3.191931039952E-1,4.063469714625E-1,4.927363520872E-1,
5.817106668996E-1,6.714737639305E-1,8.327432501234E-1,1.E0),.UNSPECIFIED.);
#2528=B_SPLINE_CURVE_WITH_KNOTS('',3,(#2520,#2521,#2522,#2523,#2524,#2525,#2526,
#2527),.UNSPECIFIED.,.F.,.F.,(4,1,1,1,1,4),(0.E0,8.227406771252E-2,
1.644855302364E-1,3.280080155166E-1,6.766169505100E-1,1.E0),.UNSPECIFIED.);
#2533=CIRCLE('',#2532,7.997408342288E-2);
#2541=B_SPLINE_CURVE_WITH_KNOTS('',3,(#2534,#2535,#2536,#2537,#2538,#2539,
#2540),.UNSPECIFIED.,.F.,.F.,(4,1,1,1,4),(0.E0,1.663253816221E-1,
3.326377474751E-1,6.678357843554E-1,1.E0),.UNSPECIFIED.);
#2552=B_SPLINE_CURVE_WITH_KNOTS('',3,(#2546,#2547,#2548,#2549,#2550,#2551),
.UNSPECIFIED.,.F.,.F.,(4,1,1,4),(0.E0,3.291608736899E-1,6.709206884721E-1,1.E0),
.UNSPECIFIED.);
#2559=B_SPLINE_CURVE_WITH_KNOTS('',3,(#2553,#2554,#2555,#2556,#2557,#2558),
.UNSPECIFIED.,.F.,.F.,(4,1,1,4),(0.E0,3.292001083808E-1,6.709610198998E-1,1.E0),
.UNSPECIFIED.);
#2571=B_SPLINE_CURVE_WITH_KNOTS('',3,(#2564,#2565,#2566,#2567,#2568,#2569,
#2570),.UNSPECIFIED.,.F.,.F.,(4,1,1,1,4),(0.E0,3.324653816878E-1,
6.676625841630E-1,8.338248903354E-1,1.E0),.UNSPECIFIED.);
#2579=B_SPLINE_CURVE_WITH_KNOTS('',3,(#2572,#2573,#2574,#2575,#2576,#2577,
#2578),.UNSPECIFIED.,.F.,.F.,(4,1,1,1,4),(0.E0,1.663383463824E-1,
3.326641190520E-1,6.681358700825E-1,1.E0),.UNSPECIFIED.);
#2590=B_SPLINE_CURVE_WITH_KNOTS('',3,(#2584,#2585,#2586,#2587,#2588,#2589),
.UNSPECIFIED.,.F.,.F.,(4,1,1,4),(0.E0,3.279509312945E-1,6.702878186037E-1,1.E0),
.UNSPECIFIED.);
#2599=B_SPLINE_CURVE_WITH_KNOTS('',3,(#2591,#2592,#2593,#2594,#2595,#2596,#2597,
#2598),.UNSPECIFIED.,.F.,.F.,(4,1,1,1,1,4),(0.E0,3.232167702104E-1,
6.718239186231E-1,8.354310126175E-1,9.176854956244E-1,1.E0),.UNSPECIFIED.);
#2610=B_SPLINE_CURVE_WITH_KNOTS('',3,(#2604,#2605,#2606,#2607,#2608,#2609),
.UNSPECIFIED.,.F.,.F.,(4,1,1,4),(0.E0,3.291502226994E-1,6.709282628343E-1,1.E0),
.UNSPECIFIED.);
#2618=B_SPLINE_CURVE_WITH_KNOTS('',3,(#2611,#2612,#2613,#2614,#2615,#2616,
#2617),.UNSPECIFIED.,.F.,.F.,(4,1,1,1,4),(0.E0,3.270457578357E-1,
6.558341570057E-1,8.278993292952E-1,1.E0),.UNSPECIFIED.);
#2629=B_SPLINE_CURVE_WITH_KNOTS('',3,(#2623,#2624,#2625,#2626,#2627,#2628),
.UNSPECIFIED.,.F.,.F.,(4,1,1,4),(0.E0,3.291146356481E-1,6.708854892275E-1,1.E0),
.UNSPECIFIED.);
#2636=B_SPLINE_CURVE_WITH_KNOTS('',3,(#2630,#2631,#2632,#2633,#2634,#2635),
.UNSPECIFIED.,.F.,.F.,(4,1,1,4),(0.E0,3.291154064800E-1,6.708862546781E-1,1.E0),
.UNSPECIFIED.);
#2648=B_SPLINE_CURVE_WITH_KNOTS('',3,(#2641,#2642,#2643,#2644,#2645,#2646,
#2647),.UNSPECIFIED.,.F.,.F.,(4,1,1,1,4),(0.E0,1.650359976568E-1,
3.300173068690E-1,6.589729860426E-1,1.E0),.UNSPECIFIED.);
#2655=B_SPLINE_CURVE_WITH_KNOTS('',3,(#2649,#2650,#2651,#2652,#2653,#2654),
.UNSPECIFIED.,.F.,.F.,(4,1,1,4),(0.E0,3.290985041781E-1,6.709026122929E-1,1.E0),
.UNSPECIFIED.);
#2667=B_SPLINE_CURVE_WITH_KNOTS('',3,(#2660,#2661,#2662,#2663,#2664,#2665,
#2666),.UNSPECIFIED.,.F.,.F.,(4,1,1,1,4),(0.E0,2.311825307031E-1,
5.008168854279E-1,7.700358843790E-1,1.E0),.UNSPECIFIED.);
#2674=B_SPLINE_CURVE_WITH_KNOTS('',3,(#2668,#2669,#2670,#2671,#2672,#2673),
.UNSPECIFIED.,.F.,.F.,(4,1,1,4),(0.E0,3.281269762305E-1,6.698064273260E-1,1.E0),
.UNSPECIFIED.);
#2686=B_SPLINE_CURVE_WITH_KNOTS('',3,(#2679,#2680,#2681,#2682,#2683,#2684,
#2685),.UNSPECIFIED.,.F.,.F.,(4,1,1,1,4),(0.E0,3.331833068221E-1,
6.685089666035E-1,8.342412260687E-1,1.E0),.UNSPECIFIED.);
#2694=B_SPLINE_CURVE_WITH_KNOTS('',3,(#2687,#2688,#2689,#2690,#2691,#2692,
#2693),.UNSPECIFIED.,.F.,.F.,(4,1,1,1,4),(0.E0,1.663622630341E-1,
3.327123572084E-1,6.679113328258E-1,1.E0),.UNSPECIFIED.);
#2705=B_SPLINE_CURVE_WITH_KNOTS('',3,(#2699,#2700,#2701,#2702,#2703,#2704),
.UNSPECIFIED.,.F.,.F.,(4,1,1,4),(0.E0,3.283628152646E-1,6.704605581925E-1,1.E0),
.UNSPECIFIED.);
#2714=B_SPLINE_CURVE_WITH_KNOTS('',3,(#2706,#2707,#2708,#2709,#2710,#2711,#2712,
#2713),.UNSPECIFIED.,.F.,.F.,(4,1,1,1,1,4),(0.E0,3.232167816857E-1,
6.718239259612E-1,8.354310106652E-1,9.176854889971E-1,1.E0),.UNSPECIFIED.);
#2723=B_SPLINE_CURVE_WITH_KNOTS('',3,(#2715,#2716,#2717,#2718,#2719,#2720,#2721,
#2722),.UNSPECIFIED.,.F.,.F.,(4,1,1,1,1,4),(0.E0,8.227162953016E-2,
1.644833212436E-1,3.280062623999E-1,6.766161700433E-1,1.E0),.UNSPECIFIED.);
#2735=B_SPLINE_CURVE_WITH_KNOTS('',3,(#2724,#2725,#2726,#2727,#2728,#2729,#2730,
#2731,#2732,#2733,#2734),.UNSPECIFIED.,.F.,.F.,(4,1,1,1,1,1,1,1,4),(0.E0,
1.640523165031E-1,3.191879816057E-1,4.063404925349E-1,4.927284767176E-1,
5.817046276816E-1,6.714696056328E-1,8.327443072283E-1,1.E0),.UNSPECIFIED.);
#2744=B_SPLINE_CURVE_WITH_KNOTS('',3,(#2736,#2737,#2738,#2739,#2740,#2741,#2742,
#2743),.UNSPECIFIED.,.F.,.F.,(4,1,1,1,1,4),(0.E0,3.232167940042E-1,
6.718239321905E-1,8.354310140003E-1,9.176854908963E-1,1.E0),.UNSPECIFIED.);
#2753=B_SPLINE_CURVE_WITH_KNOTS('',3,(#2745,#2746,#2747,#2748,#2749,#2750,#2751,
#2752),.UNSPECIFIED.,.F.,.F.,(4,1,1,1,1,4),(0.E0,8.227160647774E-2,
1.644832750900E-1,3.280061702853E-1,6.766159787057E-1,1.E0),.UNSPECIFIED.);
#2763=B_SPLINE_CURVE_WITH_KNOTS('',3,(#2754,#2755,#2756,#2757,#2758,#2759,#2760,
#2761,#2762),.UNSPECIFIED.,.F.,.F.,(4,1,1,1,1,1,4),(0.E0,2.138226072789E-1,
4.113861113248E-1,5.081168500825E-1,6.047980823898E-1,7.978670078111E-1,1.E0),
.UNSPECIFIED.);
#2772=B_SPLINE_CURVE_WITH_KNOTS('',3,(#2764,#2765,#2766,#2767,#2768,#2769,#2770,
#2771),.UNSPECIFIED.,.F.,.F.,(4,1,1,1,1,4),(0.E0,3.279888474858E-1,
6.722494184600E-1,8.358010551948E-1,9.178674043616E-1,1.E0),.UNSPECIFIED.);
#2781=B_SPLINE_CURVE_WITH_KNOTS('',3,(#2773,#2774,#2775,#2776,#2777,#2778,#2779,
#2780),.UNSPECIFIED.,.F.,.F.,(4,1,1,1,1,4),(0.E0,8.226486324164E-2,
1.644697862927E-1,3.279791495483E-1,6.765885968573E-1,1.E0),.UNSPECIFIED.);
#2790=B_SPLINE_CURVE_WITH_KNOTS('',3,(#2782,#2783,#2784,#2785,#2786,#2787,#2788,
#2789),.UNSPECIFIED.,.F.,.F.,(4,1,1,1,1,4),(0.E0,3.232164371350E-1,
6.718234987431E-1,8.354307955571E-1,9.176853800486E-1,1.E0),.UNSPECIFIED.);
#2799=B_SPLINE_CURVE_WITH_KNOTS('',3,(#2791,#2792,#2793,#2794,#2795,#2796,#2797,
#2798),.UNSPECIFIED.,.F.,.F.,(4,1,1,1,1,4),(0.E0,8.227495981645E-2,
1.644899791730E-1,3.280195950402E-1,6.766296873577E-1,1.E0),.UNSPECIFIED.);
#2810=B_SPLINE_CURVE_WITH_KNOTS('',3,(#2800,#2801,#2802,#2803,#2804,#2805,#2806,
#2807,#2808,#2809),.UNSPECIFIED.,.F.,.F.,(4,1,1,1,1,1,1,4),(0.E0,
2.077370470751E-1,4.109296928350E-1,5.097542059058E-1,5.591257669555E-1,
6.084981178187E-1,7.956351895881E-1,1.E0),.UNSPECIFIED.);
#2823=B_SPLINE_CURVE_WITH_KNOTS('',3,(#2815,#2816,#2817,#2818,#2819,#2820,#2821,
#2822),.UNSPECIFIED.,.F.,.F.,(4,1,1,1,1,4),(0.E0,3.247789391742E-1,
6.718090358259E-1,8.355909699875E-1,9.177637510007E-1,1.E0),.UNSPECIFIED.);
#2832=B_SPLINE_CURVE_WITH_KNOTS('',3,(#2824,#2825,#2826,#2827,#2828,#2829,#2830,
#2831),.UNSPECIFIED.,.F.,.F.,(4,1,1,1,1,4),(0.E0,8.219435511361E-2,
1.643284129317E-1,3.276906514716E-1,6.768831784085E-1,1.E0),.UNSPECIFIED.);
#2841=B_SPLINE_CURVE_WITH_KNOTS('',3,(#2833,#2834,#2835,#2836,#2837,#2838,#2839,
#2840),.UNSPECIFIED.,.F.,.F.,(4,1,1,1,1,4),(0.E0,3.232438945986E-1,
6.718513433636E-1,8.354446963506E-1,9.176923274965E-1,1.E0),.UNSPECIFIED.);
#2850=B_SPLINE_CURVE_WITH_KNOTS('',3,(#2842,#2843,#2844,#2845,#2846,#2847,#2848,
#2849),.UNSPECIFIED.,.F.,.F.,(4,1,1,1,1,4),(0.E0,8.226823035537E-2,
1.644765143275E-1,3.279926203675E-1,6.766023738789E-1,1.E0),.UNSPECIFIED.);
#2862=B_SPLINE_CURVE_WITH_KNOTS('',3,(#2855,#2856,#2857,#2858,#2859,#2860,
#2861),.UNSPECIFIED.,.F.,.F.,(4,1,1,1,4),(0.E0,1.650365782494E-1,
3.300177733055E-1,6.589732240527E-1,1.E0),.UNSPECIFIED.);
#2869=B_SPLINE_CURVE_WITH_KNOTS('',3,(#2863,#2864,#2865,#2866,#2867,#2868),
.UNSPECIFIED.,.F.,.F.,(4,1,1,4),(0.E0,3.290985035434E-1,6.709026115354E-1,1.E0),
.UNSPECIFIED.);
#2881=B_SPLINE_CURVE_WITH_KNOTS('',3,(#2874,#2875,#2876,#2877,#2878,#2879,
#2880),.UNSPECIFIED.,.F.,.F.,(4,1,1,1,4),(0.E0,2.311826150210E-1,
5.008170697508E-1,7.700361704587E-1,1.E0),.UNSPECIFIED.);
#2892=B_SPLINE_CURVE_WITH_KNOTS('',3,(#2886,#2887,#2888,#2889,#2890,#2891),
.UNSPECIFIED.,.F.,.F.,(4,1,1,4),(0.E0,3.291302113282E-1,6.709184470664E-1,1.E0),
.UNSPECIFIED.);
#2900=B_SPLINE_CURVE_WITH_KNOTS('',3,(#2893,#2894,#2895,#2896,#2897,#2898,
#2899),.UNSPECIFIED.,.F.,.F.,(4,1,1,1,4),(0.E0,3.270457558105E-1,
6.558341554223E-1,8.278993289640E-1,1.E0),.UNSPECIFIED.);
#2911=B_SPLINE_CURVE_WITH_KNOTS('',3,(#2905,#2906,#2907,#2908,#2909,#2910),
.UNSPECIFIED.,.F.,.F.,(4,1,1,4),(0.E0,3.291146349472E-1,6.708854892886E-1,1.E0),
.UNSPECIFIED.);
#2918=B_SPLINE_CURVE_WITH_KNOTS('',3,(#2912,#2913,#2914,#2915,#2916,#2917),
.UNSPECIFIED.,.F.,.F.,(4,1,1,4),(0.E0,3.291154101896E-1,6.708862633441E-1,1.E0),
.UNSPECIFIED.);
#2991=CIRCLE('',#2990,4.E-1);
#3000=CIRCLE('',#2999,4.E-1);
#3009=CIRCLE('',#3008,4.E-1);
#3018=CIRCLE('',#3017,4.E-1);
#3027=CIRCLE('',#3026,4.E-1);
#3036=CIRCLE('',#3035,4.E-1);
#3045=CIRCLE('',#3044,1.15E0);
#3050=CIRCLE('',#3049,1.15E0);
#3063=CIRCLE('',#3062,2.049963104242E0);
#3068=CIRCLE('',#3067,2.049963047687E0);
#3081=B_SPLINE_CURVE_WITH_KNOTS('',3,(#3069,#3070,#3071,#3072,#3073,#3074,#3075,
#3076,#3077,#3078,#3079,#3080),.UNSPECIFIED.,.F.,.F.,(4,1,1,1,1,1,1,1,1,4),
(0.E0,1.111111111111E-1,2.222222222222E-1,3.333333333333E-1,4.444444444444E-1,
5.555555555556E-1,6.666666666667E-1,7.777777777778E-1,8.888888888889E-1,1.E0),
.UNSPECIFIED.);
#3094=B_SPLINE_CURVE_WITH_KNOTS('',3,(#3082,#3083,#3084,#3085,#3086,#3087,#3088,
#3089,#3090,#3091,#3092,#3093),.UNSPECIFIED.,.F.,.F.,(4,1,1,1,1,1,1,1,1,4),
(0.E0,1.111111111111E-1,2.222222222222E-1,3.333333333333E-1,4.444444444444E-1,
5.555555555556E-1,6.666666666667E-1,7.777777777778E-1,8.888888888889E-1,1.E0),
.UNSPECIFIED.);
#3268=B_SPLINE_CURVE_WITH_KNOTS('',3,(#3259,#3260,#3261,#3262,#3263,#3264,#3265,
#3266,#3267),.UNSPECIFIED.,.F.,.F.,(4,1,1,1,1,1,4),(0.E0,4.089255317917E-2,
8.177614048094E-2,1.634926465540E-1,3.260296297981E-1,6.698166679994E-1,1.E0),
.UNSPECIFIED.);
#3275=B_SPLINE_CURVE_WITH_KNOTS('',3,(#3269,#3270,#3271,#3272,#3273,#3274),
.UNSPECIFIED.,.F.,.F.,(4,1,1,4),(0.E0,3.291131250804E-1,6.708840104074E-1,1.E0),
.UNSPECIFIED.);
#3284=CIRCLE('',#3283,7.993836977847E-2);
#3293=B_SPLINE_CURVE_WITH_KNOTS('',3,(#3285,#3286,#3287,#3288,#3289,#3290,#3291,
#3292),.UNSPECIFIED.,.F.,.F.,(4,1,1,1,1,4),(0.E0,3.233839516390E-1,
6.719937493839E-1,8.355166955414E-1,9.177283899044E-1,1.E0),.UNSPECIFIED.);
#3303=B_SPLINE_CURVE_WITH_KNOTS('',3,(#3294,#3295,#3296,#3297,#3298,#3299,#3300,
#3301,#3302),.UNSPECIFIED.,.F.,.F.,(4,1,1,1,1,1,4),(0.E0,8.231451096752E-2,
1.645690032093E-1,3.281761153532E-1,5.024796624334E-1,6.767832095137E-1,1.E0),
.UNSPECIFIED.);
#3308=CIRCLE('',#3307,7.993790397254E-2);
#3319=B_SPLINE_CURVE_WITH_KNOTS('',3,(#3313,#3314,#3315,#3316,#3317,#3318),
.UNSPECIFIED.,.F.,.F.,(4,1,1,4),(0.E0,3.308002048207E-1,6.724105156761E-1,1.E0),
.UNSPECIFIED.);
#3328=B_SPLINE_CURVE_WITH_KNOTS('',3,(#3320,#3321,#3322,#3323,#3324,#3325,#3326,
#3327),.UNSPECIFIED.,.F.,.F.,(4,1,1,1,1,4),(0.E0,3.234113760158E-1,
6.720208580421E-1,8.355302368351E-1,9.177351674949E-1,1.E0),.UNSPECIFIED.);
#3337=B_SPLINE_CURVE_WITH_KNOTS('',3,(#3329,#3330,#3331,#3332,#3333,#3334,#3335,
#3336),.UNSPECIFIED.,.F.,.F.,(4,1,1,1,1,4),(0.E0,8.231106068184E-2,
1.645621117551E-1,3.281623212261E-1,6.767697648018E-1,1.E0),.UNSPECIFIED.);
#3349=B_SPLINE_CURVE_WITH_KNOTS('',3,(#3338,#3339,#3340,#3341,#3342,#3343,#3344,
#3345,#3346,#3347,#3348),.UNSPECIFIED.,.F.,.F.,(4,1,1,1,1,1,1,1,4),(0.E0,
1.672571434699E-1,3.285270667700E-1,4.182904516469E-1,5.072648717873E-1,
5.936540659739E-1,6.808079059181E-1,8.359455007634E-1,1.E0),.UNSPECIFIED.);
#3358=B_SPLINE_CURVE_WITH_KNOTS('',3,(#3350,#3351,#3352,#3353,#3354,#3355,#3356,
#3357),.UNSPECIFIED.,.F.,.F.,(4,1,1,1,1,4),(0.E0,3.234113954456E-1,
6.720208679187E-1,8.355302415803E-1,9.177351698604E-1,1.E0),.UNSPECIFIED.);
#3527=B_SPLINE_CURVE_WITH_KNOTS('',3,(#3519,#3520,#3521,#3522,#3523,#3524,#3525,
#3526),.UNSPECIFIED.,.F.,.F.,(4,1,1,1,1,4),(0.E0,8.231451458927E-2,
1.645690075367E-1,3.281761211029E-1,6.767832179131E-1,1.E0),.UNSPECIFIED.);
#3539=B_SPLINE_CURVE_WITH_KNOTS('',3,(#3528,#3529,#3530,#3531,#3532,#3533,#3534,
#3535,#3536,#3537,#3538),.UNSPECIFIED.,.F.,.F.,(4,1,1,1,1,1,1,1,4),(0.E0,
1.672562561806E-1,3.285310099367E-1,4.182961170530E-1,5.072722949092E-1,
5.936600950514E-1,6.808125111194E-1,8.359475737727E-1,1.E0),.UNSPECIFIED.);
#3548=B_SPLINE_CURVE_WITH_KNOTS('',3,(#3540,#3541,#3542,#3543,#3544,#3545,#3546,
#3547),.UNSPECIFIED.,.F.,.F.,(4,1,1,1,1,4),(0.E0,3.233839558294E-1,
6.719937624174E-1,8.355167128058E-1,9.177284093047E-1,1.E0),.UNSPECIFIED.);
#3557=B_SPLINE_CURVE_WITH_KNOTS('',3,(#3549,#3550,#3551,#3552,#3553,#3554,#3555,
#3556),.UNSPECIFIED.,.F.,.F.,(4,1,1,1,1,4),(0.E0,8.231790967061E-2,
1.645758168779E-1,3.281897780154E-1,6.767968385606E-1,1.E0),.UNSPECIFIED.);
#3566=B_SPLINE_CURVE_WITH_KNOTS('',3,(#3558,#3559,#3560,#3561,#3562,#3563,#3564,
#3565),.UNSPECIFIED.,.F.,.F.,(4,1,1,1,1,4),(0.E0,3.233701699859E-1,
6.719802898986E-1,8.355099886475E-1,9.177250488493E-1,1.E0),.UNSPECIFIED.);
#3575=B_SPLINE_CURVE_WITH_KNOTS('',3,(#3567,#3568,#3569,#3570,#3571,#3572,#3573,
#3574),.UNSPECIFIED.,.F.,.F.,(4,1,1,1,1,4),(0.E0,8.231792356446E-2,
1.645758285295E-1,3.281897852248E-1,6.767968363772E-1,1.E0),.UNSPECIFIED.);
#3587=B_SPLINE_CURVE_WITH_KNOTS('',3,(#3576,#3577,#3578,#3579,#3580,#3581,#3582,
#3583,#3584,#3585,#3586),.UNSPECIFIED.,.F.,.F.,(4,1,1,1,1,1,1,1,4),(0.E0,
1.672568367907E-1,3.285263655313E-1,4.182894862444E-1,5.072638245308E-1,
5.936532279476E-1,6.808071184087E-1,8.359454007168E-1,1.E0),.UNSPECIFIED.);
#3596=B_SPLINE_CURVE_WITH_KNOTS('',3,(#3588,#3589,#3590,#3591,#3592,#3593,#3594,
#3595),.UNSPECIFIED.,.F.,.F.,(4,1,1,1,1,4),(0.E0,3.233701663236E-1,
6.719802880586E-1,8.355099877176E-1,9.177250483690E-1,1.E0),.UNSPECIFIED.);
#3605=B_SPLINE_CURVE_WITH_KNOTS('',3,(#3597,#3598,#3599,#3600,#3601,#3602,#3603,
#3604),.UNSPECIFIED.,.F.,.F.,(4,1,1,1,1,4),(0.E0,8.231450060464E-2,
1.645689957442E-1,3.281761136611E-1,6.767832200054E-1,1.E0),.UNSPECIFIED.);
#3614=B_SPLINE_CURVE_WITH_KNOTS('',3,(#3606,#3607,#3608,#3609,#3610,#3611,#3612,
#3613),.UNSPECIFIED.,.F.,.F.,(4,1,1,1,1,4),(0.E0,3.233839513422E-1,
6.719937599424E-1,8.355167115773E-1,9.177284087055E-1,1.E0),.UNSPECIFIED.);
#3742=B_SPLINE_CURVE_WITH_KNOTS('',3,(#3735,#3736,#3737,#3738,#3739,#3740,
#3741),.UNSPECIFIED.,.F.,.F.,(4,1,1,1,4),(0.E0,1.661751863018E-1,
3.323375758074E-1,6.675349463896E-1,1.E0),.UNSPECIFIED.);
#3753=B_SPLINE_CURVE_WITH_KNOTS('',3,(#3747,#3748,#3749,#3750,#3751,#3752),
.UNSPECIFIED.,.F.,.F.,(4,1,1,4),(0.E0,3.290533391304E-1,6.708234850242E-1,1.E0),
.UNSPECIFIED.);
#3760=B_SPLINE_CURVE_WITH_KNOTS('',3,(#3754,#3755,#3756,#3757,#3758,#3759),
.UNSPECIFIED.,.F.,.F.,(4,1,1,4),(0.E0,3.290899875912E-1,6.708608953577E-1,1.E0),
.UNSPECIFIED.);
#3772=B_SPLINE_CURVE_WITH_KNOTS('',3,(#3765,#3766,#3767,#3768,#3769,#3770,
#3771),.UNSPECIFIED.,.F.,.F.,(4,1,1,1,4),(0.E0,3.321713816609E-1,
6.673660711923E-1,8.336767762195E-1,1.E0),.UNSPECIFIED.);
#3777=CIRCLE('',#3776,7.997408342288E-2);
#3786=B_SPLINE_CURVE_WITH_KNOTS('',3,(#3778,#3779,#3780,#3781,#3782,#3783,#3784,
#3785),.UNSPECIFIED.,.F.,.F.,(4,1,1,1,1,4),(0.E0,3.233919929605E-1,
6.719977058460E-1,8.355186797276E-1,9.177293823909E-1,1.E0),.UNSPECIFIED.);
#3795=B_SPLINE_CURVE_WITH_KNOTS('',3,(#3787,#3788,#3789,#3790,#3791,#3792,#3793,
#3794),.UNSPECIFIED.,.F.,.F.,(4,1,1,1,1,4),(0.E0,8.231449345563E-2,
1.645689845119E-1,3.281760945166E-1,6.767832770437E-1,1.E0),.UNSPECIFIED.);
#3802=B_SPLINE_CURVE_WITH_KNOTS('',3,(#3796,#3797,#3798,#3799,#3800,#3801),
.UNSPECIFIED.,.F.,.F.,(4,1,1,4),(0.E0,3.294747595888E-1,6.715651966396E-1,1.E0),
.UNSPECIFIED.);
#3814=B_SPLINE_CURVE_WITH_KNOTS('',3,(#3807,#3808,#3809,#3810,#3811,#3812,
#3813),.UNSPECIFIED.,.F.,.F.,(4,1,1,1,4),(0.E0,3.324094099657E-1,
6.676073898569E-1,8.337974277110E-1,1.E0),.UNSPECIFIED.);
#3825=B_SPLINE_CURVE_WITH_KNOTS('',3,(#3815,#3816,#3817,#3818,#3819,#3820,#3821,
#3822,#3823,#3824),.UNSPECIFIED.,.F.,.F.,(4,1,1,1,1,1,1,4),(0.E0,
1.428571428571E-1,2.857142857143E-1,4.285714285714E-1,5.714285714286E-1,
7.142857142857E-1,8.571428571429E-1,1.E0),.UNSPECIFIED.);
#3836=B_SPLINE_CURVE_WITH_KNOTS('',3,(#3826,#3827,#3828,#3829,#3830,#3831,#3832,
#3833,#3834,#3835),.UNSPECIFIED.,.F.,.F.,(4,1,1,1,1,1,1,4),(0.E0,
1.428571428571E-1,2.857142857143E-1,4.285714285714E-1,5.714285714286E-1,
7.142857142857E-1,8.571428571429E-1,1.E0),.UNSPECIFIED.);
#3849=CIRCLE('',#3848,3.775196172601E-1);
#3854=CIRCLE('',#3853,3.773076800864E-1);
#3945=B_SPLINE_CURVE_WITH_KNOTS('',3,(#3939,#3940,#3941,#3942,#3943,#3944),
.UNSPECIFIED.,.F.,.F.,(4,1,1,4),(0.E0,3.291142572056E-1,6.708856505990E-1,1.E0),
.UNSPECIFIED.);
#3952=B_SPLINE_CURVE_WITH_KNOTS('',3,(#3946,#3947,#3948,#3949,#3950,#3951),
.UNSPECIFIED.,.F.,.F.,(4,1,1,4),(0.E0,3.291142428001E-1,6.708856431399E-1,1.E0),
.UNSPECIFIED.);
#3964=B_SPLINE_CURVE_WITH_KNOTS('',3,(#3957,#3958,#3959,#3960,#3961,#3962,
#3963),.UNSPECIFIED.,.F.,.F.,(4,1,1,1,4),(0.E0,1.721004927525E-1,
3.441657146262E-1,6.729542085436E-1,1.E0),.UNSPECIFIED.);
#3971=B_SPLINE_CURVE_WITH_KNOTS('',3,(#3965,#3966,#3967,#3968,#3969,#3970),
.UNSPECIFIED.,.F.,.F.,(4,1,1,4),(0.E0,3.290975378E-1,6.709024292041E-1,1.E0),
.UNSPECIFIED.);
#3983=B_SPLINE_CURVE_WITH_KNOTS('',3,(#3976,#3977,#3978,#3979,#3980,#3981,
#3982),.UNSPECIFIED.,.F.,.F.,(4,1,1,1,4),(0.E0,2.299867977848E-1,
4.991977408644E-1,7.688240272890E-1,1.E0),.UNSPECIFIED.);
#3994=B_SPLINE_CURVE_WITH_KNOTS('',3,(#3988,#3989,#3990,#3991,#3992,#3993),
.UNSPECIFIED.,.F.,.F.,(4,1,1,4),(0.E0,3.290975181024E-1,6.709023955080E-1,1.E0),
.UNSPECIFIED.);
#4002=B_SPLINE_CURVE_WITH_KNOTS('',3,(#3995,#3996,#3997,#3998,#3999,#4000,
#4001),.UNSPECIFIED.,.F.,.F.,(4,1,1,1,4),(0.E0,3.410267184312E-1,
6.699825564169E-1,8.349639452781E-1,1.E0),.UNSPECIFIED.);
#4139=B_SPLINE_CURVE_WITH_KNOTS('',3,(#4131,#4132,#4133,#4134,#4135,#4136,#4137,
#4138),.UNSPECIFIED.,.F.,.F.,(4,1,1,1,1,4),(0.E0,8.231450696821E-2,
1.645689923204E-1,3.281760909499E-1,6.767832649749E-1,1.E0),.UNSPECIFIED.);
#4151=B_SPLINE_CURVE_WITH_KNOTS('',3,(#4140,#4141,#4142,#4143,#4144,#4145,#4146,
#4147,#4148,#4149,#4150),.UNSPECIFIED.,.F.,.F.,(4,1,1,1,1,1,1,1,4),(0.E0,
1.672557334974E-1,3.285304581142E-1,4.182954488791E-1,5.072716125441E-1,
5.936596090584E-1,6.808121324283E-1,8.359478196760E-1,1.E0),.UNSPECIFIED.);
#4160=B_SPLINE_CURVE_WITH_KNOTS('',3,(#4152,#4153,#4154,#4155,#4156,#4157,#4158,
#4159),.UNSPECIFIED.,.F.,.F.,(4,1,1,1,1,4),(0.E0,3.233839205410E-1,
6.719938049984E-1,8.355167352788E-1,9.177284215243E-1,1.E0),.UNSPECIFIED.);
#4169=B_SPLINE_CURVE_WITH_KNOTS('',3,(#4161,#4162,#4163,#4164,#4165,#4166,#4167,
#4168),.UNSPECIFIED.,.F.,.F.,(4,1,1,1,1,4),(0.E0,8.231449666577E-2,
1.645689834554E-1,3.281760849822E-1,6.767832651029E-1,1.E0),.UNSPECIFIED.);
#4176=B_SPLINE_CURVE_WITH_KNOTS('',3,(#4170,#4171,#4172,#4173,#4174,#4175),
.UNSPECIFIED.,.F.,.F.,(4,1,1,4),(0.E0,3.295393984703E-1,6.716371636E-1,1.E0),
.UNSPECIFIED.);
#4188=B_SPLINE_CURVE_WITH_KNOTS('',3,(#4181,#4182,#4183,#4184,#4185,#4186,
#4187),.UNSPECIFIED.,.F.,.F.,(4,1,1,1,4),(0.E0,3.320886714995E-1,
6.672876576053E-1,8.336377569847E-1,1.E0),.UNSPECIFIED.);
#4196=B_SPLINE_CURVE_WITH_KNOTS('',3,(#4189,#4190,#4191,#4192,#4193,#4194,
#4195),.UNSPECIFIED.,.F.,.F.,(4,1,1,1,4),(0.E0,1.657587650677E-1,
3.314910262256E-1,6.668166894318E-1,1.E0),.UNSPECIFIED.);
#4207=B_SPLINE_CURVE_WITH_KNOTS('',3,(#4201,#4202,#4203,#4204,#4205,#4206),
.UNSPECIFIED.,.F.,.F.,(4,1,1,4),(0.E0,3.301937768265E-1,6.718734379956E-1,1.E0),
.UNSPECIFIED.);
#4216=B_SPLINE_CURVE_WITH_KNOTS('',3,(#4208,#4209,#4210,#4211,#4212,#4213,#4214,
#4215),.UNSPECIFIED.,.F.,.F.,(4,1,1,1,1,4),(0.E0,3.233839196986E-1,
6.719937970737E-1,8.355167246137E-1,9.177284094873E-1,1.E0),.UNSPECIFIED.);
#4377=B_SPLINE_CURVE_WITH_KNOTS('',3,(#4369,#4370,#4371,#4372,#4373,#4374,#4375,
#4376),.UNSPECIFIED.,.F.,.F.,(4,1,1,1,1,4),(0.E0,8.213258522856E-2,
1.641989353297E-1,3.277505739268E-1,6.720111488207E-1,1.E0),.UNSPECIFIED.);
#4387=B_SPLINE_CURVE_WITH_KNOTS('',3,(#4378,#4379,#4380,#4381,#4382,#4383,#4384,
#4385,#4386),.UNSPECIFIED.,.F.,.F.,(4,1,1,1,1,1,4),(0.E0,2.021329824212E-1,
3.952018984824E-1,4.918831261026E-1,5.886138601707E-1,7.861773546387E-1,1.E0),
.UNSPECIFIED.);
#4396=B_SPLINE_CURVE_WITH_KNOTS('',3,(#4388,#4389,#4390,#4391,#4392,#4393,#4394,
#4395),.UNSPECIFIED.,.F.,.F.,(4,1,1,1,1,4),(0.E0,3.233976029899E-1,
6.720074032088E-1,8.355235311570E-1,9.177318261436E-1,1.E0),.UNSPECIFIED.);
#4405=B_SPLINE_CURVE_WITH_KNOTS('',3,(#4397,#4398,#4399,#4400,#4401,#4402,#4403,
#4404),.UNSPECIFIED.,.F.,.F.,(4,1,1,1,1,4),(0.E0,8.230765045839E-2,
1.645552933059E-1,3.281486695675E-1,6.767561679293E-1,1.E0),.UNSPECIFIED.);
#4414=B_SPLINE_CURVE_WITH_KNOTS('',3,(#4406,#4407,#4408,#4409,#4410,#4411,#4412,
#4413),.UNSPECIFIED.,.F.,.F.,(4,1,1,1,1,4),(0.E0,3.231168130013E-1,
6.723093784386E-1,8.356716349901E-1,9.178057018639E-1,1.E0),.UNSPECIFIED.);
#4423=B_SPLINE_CURVE_WITH_KNOTS('',3,(#4415,#4416,#4417,#4418,#4419,#4420,#4421,
#4422),.UNSPECIFIED.,.F.,.F.,(4,1,1,1,1,4),(0.E0,8.223631581031E-2,
1.644091966632E-1,3.281913298193E-1,6.752218481114E-1,1.E0),.UNSPECIFIED.);
#4438=B_SPLINE_CURVE_WITH_KNOTS('',3,(#4428,#4429,#4430,#4431,#4432,#4433,#4434,
#4435,#4436,#4437),.UNSPECIFIED.,.F.,.F.,(4,1,1,1,1,1,1,4),(0.E0,
2.043651085656E-1,3.915021059825E-1,4.408744372294E-1,4.902459786630E-1,
5.890704524693E-1,7.922630174974E-1,1.E0),.UNSPECIFIED.);
#4447=B_SPLINE_CURVE_WITH_KNOTS('',3,(#4439,#4440,#4441,#4442,#4443,#4444,#4445,
#4446),.UNSPECIFIED.,.F.,.F.,(4,1,1,1,1,4),(0.E0,3.233703053957E-1,
6.719804464312E-1,8.355100851514E-1,9.177251159975E-1,1.E0),.UNSPECIFIED.);
#4456=B_SPLINE_CURVE_WITH_KNOTS('',3,(#4448,#4449,#4450,#4451,#4452,#4453,#4454,
#4455),.UNSPECIFIED.,.F.,.F.,(4,1,1,1,1,4),(0.E0,8.231459621495E-2,
1.645691907063E-1,3.281765074105E-1,6.767836113996E-1,1.E0),.UNSPECIFIED.);
#4465=B_SPLINE_CURVE_WITH_KNOTS('',3,(#4457,#4458,#4459,#4460,#4461,#4462,#4463,
#4464),.UNSPECIFIED.,.F.,.F.,(4,1,1,1,1,4),(0.E0,3.234113921510E-1,
6.720208749587E-1,8.355302548644E-1,9.177351862864E-1,1.E0),.UNSPECIFIED.);
#4557=B_SPLINE_CURVE_WITH_KNOTS('',3,(#4550,#4551,#4552,#4553,#4554,#4555,
#4556),.UNSPECIFIED.,.F.,.F.,(4,1,1,1,4),(0.E0,1.721004986320E-1,
3.441657195027E-1,6.729542095525E-1,1.E0),.UNSPECIFIED.);
#4564=B_SPLINE_CURVE_WITH_KNOTS('',3,(#4558,#4559,#4560,#4561,#4562,#4563),
.UNSPECIFIED.,.F.,.F.,(4,1,1,4),(0.E0,3.290975431476E-1,6.709024402430E-1,1.E0),
.UNSPECIFIED.);
#4576=B_SPLINE_CURVE_WITH_KNOTS('',3,(#4569,#4570,#4571,#4572,#4573,#4574,
#4575),.UNSPECIFIED.,.F.,.F.,(4,1,1,1,4),(0.E0,2.299868038155E-1,
4.991977457445E-1,7.688240291079E-1,1.E0),.UNSPECIFIED.);
#4587=B_SPLINE_CURVE_WITH_KNOTS('',3,(#4581,#4582,#4583,#4584,#4585,#4586),
.UNSPECIFIED.,.F.,.F.,(4,1,1,4),(0.E0,3.290975167161E-1,6.709023906409E-1,1.E0),
.UNSPECIFIED.);
#4595=B_SPLINE_CURVE_WITH_KNOTS('',3,(#4588,#4589,#4590,#4591,#4592,#4593,
#4594),.UNSPECIFIED.,.F.,.F.,(4,1,1,1,4),(0.E0,3.410267131369E-1,
6.699825485812E-1,8.349639365746E-1,1.E0),.UNSPECIFIED.);
#4606=B_SPLINE_CURVE_WITH_KNOTS('',3,(#4600,#4601,#4602,#4603,#4604,#4605),
.UNSPECIFIED.,.F.,.F.,(4,1,1,4),(0.E0,3.291142467853E-1,6.708856502953E-1,1.E0),
.UNSPECIFIED.);
#4613=B_SPLINE_CURVE_WITH_KNOTS('',3,(#4607,#4608,#4609,#4610,#4611,#4612),
.UNSPECIFIED.,.F.,.F.,(4,1,1,4),(0.E0,3.291142405958E-1,6.708856438652E-1,1.E0),
.UNSPECIFIED.);
#4618=CIRCLE('',#4617,5.E-1);
#4623=CIRCLE('',#4622,5.E-1);
#4628=CIRCLE('',#4627,4.948036413974E-1);
#4633=CIRCLE('',#4632,4.999999999999E-1);
#4638=CIRCLE('',#4637,4.999999999999E-1);
#4643=CIRCLE('',#4642,3.E-1);
#4652=CIRCLE('',#4651,2.E-1);
#4657=CIRCLE('',#4656,2.E-1);
#4666=CIRCLE('',#4665,3.E-1);
#4671=CIRCLE('',#4670,4.999999999999E-1);
#4688=CIRCLE('',#4687,5.E-1);
#4693=CIRCLE('',#4692,4.999999999999E-1);
#4702=CIRCLE('',#4701,3.E-1);
#4711=CIRCLE('',#4710,2.E-1);
#4716=CIRCLE('',#4715,2.E-1);
#4725=CIRCLE('',#4724,3.E-1);
#4734=CIRCLE('',#4733,4.999999999999E-1);
#4743=CIRCLE('',#4742,4.999999999999E-1);
#4752=CIRCLE('',#4751,4.948036413974E-1);
#4757=CIRCLE('',#4756,5.E-1);
#5449=EDGE_CURVE('',#5199,#5200,#2047,.T.);
#5451=EDGE_CURVE('',#4933,#5199,#3098,.T.);
#5453=EDGE_CURVE('',#4932,#4933,#3068,.T.);
#5455=EDGE_CURVE('',#4932,#5200,#2027,.T.);
#5465=EDGE_CURVE('',#4925,#4927,#2051,.T.);
#5467=EDGE_CURVE('',#4925,#4853,#2055,.T.);
#5469=EDGE_CURVE('',#4852,#4853,#4845,.T.);
#5471=EDGE_CURVE('',#4852,#4927,#2059,.T.);
#5475=EDGE_CURVE('',#5200,#5199,#2042,.T.);
#5480=EDGE_CURVE('',#5203,#5204,#2032,.T.);
#5482=EDGE_CURVE('',#5204,#5203,#2037,.T.);
#5493=EDGE_CURVE('',#4969,#5203,#2067,.T.);
#5495=EDGE_CURVE('',#4968,#4969,#2072,.T.);
#5497=EDGE_CURVE('',#4968,#5204,#2063,.T.);
#5509=EDGE_CURVE('',#4969,#4968,#2077,.T.);
#5524=EDGE_CURVE('',#4963,#4965,#2103,.T.);
#5526=EDGE_CURVE('',#4963,#4965,#2090,.T.);
#5536=EDGE_CURVE('',#4963,#4961,#2107,.T.);
#5539=EDGE_CURVE('',#4960,#4965,#2111,.T.);
#5541=EDGE_CURVE('',#4961,#4960,#2170,.T.);
#5552=EDGE_CURVE('',#4960,#4961,#2165,.T.);
#5564=EDGE_CURVE('',#4936,#4957,#2175,.T.);
#5566=EDGE_CURVE('',#4936,#4937,#2115,.T.);
#5568=EDGE_CURVE('',#4937,#4940,#2120,.T.);
#5570=EDGE_CURVE('',#4940,#4941,#2124,.T.);
#5572=EDGE_CURVE('',#4941,#4944,#2129,.T.);
#5574=EDGE_CURVE('',#4944,#4945,#2133,.T.);
#5576=EDGE_CURVE('',#4945,#4948,#2138,.T.);
#5578=EDGE_CURVE('',#4948,#4949,#2142,.T.);
#5580=EDGE_CURVE('',#4949,#4952,#2147,.T.);
#5582=EDGE_CURVE('',#4952,#4953,#2151,.T.);
#5584=EDGE_CURVE('',#4953,#4956,#2156,.T.);
#5586=EDGE_CURVE('',#4956,#4957,#2160,.T.);
#5601=EDGE_CURVE('',#4957,#5207,#2179,.T.);
#5603=EDGE_CURVE('',#5228,#5207,#2236,.T.);
#5605=EDGE_CURVE('',#5228,#4936,#2183,.T.);
#5617=EDGE_CURVE('',#5208,#4956,#2191,.T.);
#5619=EDGE_CURVE('',#5207,#5208,#2240,.T.);
#5630=EDGE_CURVE('',#4953,#5211,#2187,.T.);
#5632=EDGE_CURVE('',#5208,#5211,#2245,.T.);
#5645=EDGE_CURVE('',#5212,#4952,#2199,.T.);
#5647=EDGE_CURVE('',#5211,#5212,#2249,.T.);
#5658=EDGE_CURVE('',#4949,#5214,#2195,.T.);
#5660=EDGE_CURVE('',#5212,#5214,#2254,.T.);
#5673=EDGE_CURVE('',#5216,#4948,#2211,.T.);
#5675=EDGE_CURVE('',#5216,#5214,#2203,.T.);
#5686=EDGE_CURVE('',#4945,#5218,#2207,.T.);
#5688=EDGE_CURVE('',#5216,#5218,#2259,.T.);
#5701=EDGE_CURVE('',#5220,#4944,#2219,.T.);
#5703=EDGE_CURVE('',#5218,#5220,#2263,.T.);
#5714=EDGE_CURVE('',#4941,#5223,#2215,.T.);
#5716=EDGE_CURVE('',#5220,#5223,#2268,.T.);
#5727=EDGE_CURVE('',#5224,#4940,#2227,.T.);
#5729=EDGE_CURVE('',#5223,#5224,#2272,.T.);
#5742=EDGE_CURVE('',#4937,#5226,#2223,.T.);
#5744=EDGE_CURVE('',#5224,#5226,#2277,.T.);
#5756=EDGE_CURVE('',#5228,#5226,#2231,.T.);
#5768=EDGE_CURVE('',#4917,#4919,#2922,.T.);
#5770=EDGE_CURVE('',#4917,#4859,#2926,.T.);
#5772=EDGE_CURVE('',#4912,#4859,#4769,.T.);
#5774=EDGE_CURVE('',#4912,#4919,#2930,.T.);
#5778=EDGE_CURVE('',#5252,#5231,#2282,.T.);
#5780=EDGE_CURVE('',#5231,#5232,#2286,.T.);
#5782=EDGE_CURVE('',#5232,#5234,#2291,.T.);
#5784=EDGE_CURVE('',#5236,#5234,#2978,.T.);
#5786=EDGE_CURVE('',#5236,#5238,#2296,.T.);
#5788=EDGE_CURVE('',#5238,#5240,#2300,.T.);
#5790=EDGE_CURVE('',#5240,#5243,#2305,.T.);
#5792=EDGE_CURVE('',#5243,#5244,#2309,.T.);
#5794=EDGE_CURVE('',#5244,#5246,#2314,.T.);
#5796=EDGE_CURVE('',#5248,#5246,#2950,.T.);
#5798=EDGE_CURVE('',#5248,#5250,#2319,.T.);
#5800=EDGE_CURVE('',#5250,#5252,#2323,.T.);
#5804=EDGE_CURVE('',#5253,#5254,#2330,.T.);
#5806=EDGE_CURVE('',#5254,#5256,#2334,.T.);
#5808=EDGE_CURVE('',#5256,#5258,#2339,.T.);
#5810=EDGE_CURVE('',#5260,#5258,#3250,.T.);
#5812=EDGE_CURVE('',#5260,#5261,#2349,.T.);
#5814=EDGE_CURVE('',#5263,#5261,#3234,.T.);
#5816=EDGE_CURVE('',#5263,#5264,#2358,.T.);
#5818=EDGE_CURVE('',#5266,#5264,#3214,.T.);
#5820=EDGE_CURVE('',#5266,#5268,#2363,.T.);
#5822=EDGE_CURVE('',#5268,#5270,#2367,.T.);
#5824=EDGE_CURVE('',#5270,#5271,#2374,.T.);
#5826=EDGE_CURVE('',#5273,#5271,#3194,.T.);
#5828=EDGE_CURVE('',#5273,#5274,#2384,.T.);
#5830=EDGE_CURVE('',#5276,#5274,#3174,.T.);
#5832=EDGE_CURVE('',#5276,#5277,#2393,.T.);
#5834=EDGE_CURVE('',#5279,#5277,#3158,.T.);
#5836=EDGE_CURVE('',#5279,#5280,#2405,.T.);
#5838=EDGE_CURVE('',#5282,#5280,#3142,.T.);
#5840=EDGE_CURVE('',#5282,#5283,#2414,.T.);
#5842=EDGE_CURVE('',#5285,#5283,#3126,.T.);
#5844=EDGE_CURVE('',#5285,#5286,#2423,.T.);
#5846=EDGE_CURVE('',#5253,#5286,#3110,.T.);
#5850=EDGE_CURVE('',#5287,#5288,#2432,.T.);
#5852=EDGE_CURVE('',#5290,#5288,#3514,.T.);
#5854=EDGE_CURVE('',#5290,#5291,#2441,.T.);
#5856=EDGE_CURVE('',#5293,#5291,#3498,.T.);
#5858=EDGE_CURVE('',#5293,#5294,#2450,.T.);
#5860=EDGE_CURVE('',#5296,#5294,#3482,.T.);
#5862=EDGE_CURVE('',#5296,#5297,#2459,.T.);
#5864=EDGE_CURVE('',#5299,#5297,#3466,.T.);
#5866=EDGE_CURVE('',#5299,#5300,#2471,.T.);
#5868=EDGE_CURVE('',#5302,#5300,#3450,.T.);
#5870=EDGE_CURVE('',#5302,#5303,#2480,.T.);
#5872=EDGE_CURVE('',#5305,#5303,#3434,.T.);
#5874=EDGE_CURVE('',#5305,#5306,#2489,.T.);
#5876=EDGE_CURVE('',#5308,#5306,#3418,.T.);
#5878=EDGE_CURVE('',#5308,#5309,#2498,.T.);
#5880=EDGE_CURVE('',#5311,#5309,#3402,.T.);
#5882=EDGE_CURVE('',#5311,#5312,#2507,.T.);
#5884=EDGE_CURVE('',#5314,#5312,#3386,.T.);
#5886=EDGE_CURVE('',#5314,#5315,#2519,.T.);
#5888=EDGE_CURVE('',#5287,#5315,#3370,.T.);
#5892=EDGE_CURVE('',#5318,#5319,#3622,.T.);
#5894=EDGE_CURVE('',#5318,#5320,#2528,.T.);
#5896=EDGE_CURVE('',#5322,#5320,#3722,.T.);
#5898=EDGE_CURVE('',#5322,#5324,#2533,.T.);
#5900=EDGE_CURVE('',#5326,#5324,#3706,.T.);
#5902=EDGE_CURVE('',#5326,#5327,#2541,.T.);
#5904=EDGE_CURVE('',#5327,#5329,#2545,.T.);
#5906=EDGE_CURVE('',#5329,#5330,#2552,.T.);
#5908=EDGE_CURVE('',#5332,#5330,#3686,.T.);
#5910=EDGE_CURVE('',#5332,#5333,#2559,.T.);
#5912=EDGE_CURVE('',#5333,#5335,#2563,.T.);
#5914=EDGE_CURVE('',#5335,#5336,#2571,.T.);
#5916=EDGE_CURVE('',#5338,#5336,#3658,.T.);
#5918=EDGE_CURVE('',#5338,#5339,#2579,.T.);
#5920=EDGE_CURVE('',#5339,#5341,#2583,.T.);
#5922=EDGE_CURVE('',#5341,#5342,#2590,.T.);
#5924=EDGE_CURVE('',#5344,#5342,#3634,.T.);
#5926=EDGE_CURVE('',#5344,#5319,#2599,.T.);
#5930=EDGE_CURVE('',#5347,#5348,#2603,.T.);
#5932=EDGE_CURVE('',#5348,#5349,#2610,.T.);
#5934=EDGE_CURVE('',#5351,#5349,#3922,.T.);
#5936=EDGE_CURVE('',#5351,#5352,#2618,.T.);
#5938=EDGE_CURVE('',#5352,#5354,#2622,.T.);
#5940=EDGE_CURVE('',#5354,#5355,#2629,.T.);
#5942=EDGE_CURVE('',#5357,#5355,#3898,.T.);
#5944=EDGE_CURVE('',#5357,#5358,#2636,.T.);
#5946=EDGE_CURVE('',#5358,#5360,#2640,.T.);
#5948=EDGE_CURVE('',#5360,#5361,#2648,.T.);
#5950=EDGE_CURVE('',#5363,#5361,#3874,.T.);
#5952=EDGE_CURVE('',#5363,#5364,#2655,.T.);
#5954=EDGE_CURVE('',#5364,#5366,#2659,.T.);
#5956=EDGE_CURVE('',#5366,#5347,#2667,.T.);
#5960=EDGE_CURVE('',#5367,#5368,#2674,.T.);
#5962=EDGE_CURVE('',#5368,#5370,#2678,.T.);
#5964=EDGE_CURVE('',#5370,#5371,#2686,.T.);
#5966=EDGE_CURVE('',#5373,#5371,#4118,.T.);
#5968=EDGE_CURVE('',#5373,#5374,#2694,.T.);
#5970=EDGE_CURVE('',#5374,#5376,#2698,.T.);
#5972=EDGE_CURVE('',#5376,#5377,#2705,.T.);
#5974=EDGE_CURVE('',#5379,#5377,#4094,.T.);
#5976=EDGE_CURVE('',#5379,#5380,#2714,.T.);
#5978=EDGE_CURVE('',#5382,#5380,#4078,.T.);
#5980=EDGE_CURVE('',#5382,#5383,#2723,.T.);
#5982=EDGE_CURVE('',#5385,#5383,#4062,.T.);
#5984=EDGE_CURVE('',#5385,#5386,#2735,.T.);
#5986=EDGE_CURVE('',#5388,#5386,#4046,.T.);
#5988=EDGE_CURVE('',#5388,#5389,#2744,.T.);
#5990=EDGE_CURVE('',#5391,#5389,#4030,.T.);
#5992=EDGE_CURVE('',#5391,#5392,#2753,.T.);
#5994=EDGE_CURVE('',#5367,#5392,#4014,.T.);
#5998=EDGE_CURVE('',#5393,#5394,#2763,.T.);
#6000=EDGE_CURVE('',#5396,#5394,#4364,.T.);
#6002=EDGE_CURVE('',#5396,#5397,#2772,.T.);
#6004=EDGE_CURVE('',#5399,#5397,#4348,.T.);
#6006=EDGE_CURVE('',#5399,#5400,#2781,.T.);
#6008=EDGE_CURVE('',#5402,#5400,#4332,.T.);
#6010=EDGE_CURVE('',#5402,#5403,#2790,.T.);
#6012=EDGE_CURVE('',#5405,#5403,#4316,.T.);
#6014=EDGE_CURVE('',#5405,#5406,#2799,.T.);
#6016=EDGE_CURVE('',#5408,#5406,#4300,.T.);
#6018=EDGE_CURVE('',#5408,#5409,#2810,.T.);
#6020=EDGE_CURVE('',#5409,#5411,#2814,.T.);
#6022=EDGE_CURVE('',#5411,#5412,#2823,.T.);
#6024=EDGE_CURVE('',#5414,#5412,#4276,.T.);
#6026=EDGE_CURVE('',#5414,#5415,#2832,.T.);
#6028=EDGE_CURVE('',#5417,#5415,#4260,.T.);
#6030=EDGE_CURVE('',#5417,#5418,#2841,.T.);
#6032=EDGE_CURVE('',#5420,#5418,#4244,.T.);
#6034=EDGE_CURVE('',#5420,#5421,#2850,.T.);
#6036=EDGE_CURVE('',#5393,#5421,#4228,.T.);
#6040=EDGE_CURVE('',#5424,#5425,#2854,.T.);
#6042=EDGE_CURVE('',#5425,#5426,#2862,.T.);
#6044=EDGE_CURVE('',#5428,#5426,#4533,.T.);
#6046=EDGE_CURVE('',#5428,#5429,#2869,.T.);
#6048=EDGE_CURVE('',#5429,#5431,#2873,.T.);
#6050=EDGE_CURVE('',#5431,#5432,#2881,.T.);
#6052=EDGE_CURVE('',#5432,#5434,#2885,.T.);
#6054=EDGE_CURVE('',#5434,#5435,#2892,.T.);
#6056=EDGE_CURVE('',#5437,#5435,#4501,.T.);
#6058=EDGE_CURVE('',#5437,#5438,#2900,.T.);
#6060=EDGE_CURVE('',#5438,#5440,#2904,.T.);
#6062=EDGE_CURVE('',#5440,#5441,#2911,.T.);
#6064=EDGE_CURVE('',#5443,#5441,#4477,.T.);
#6066=EDGE_CURVE('',#5443,#5424,#2918,.T.);
#6091=EDGE_CURVE('',#5252,#4994,#2934,.T.);
#6093=EDGE_CURVE('',#4991,#4994,#3027,.T.);
#6095=EDGE_CURVE('',#4991,#5231,#2938,.T.);
#6106=EDGE_CURVE('',#4995,#5250,#2946,.T.);
#6108=EDGE_CURVE('',#4994,#4995,#3031,.T.);
#6120=EDGE_CURVE('',#5248,#4998,#2942,.T.);
#6122=EDGE_CURVE('',#4995,#4998,#3036,.T.);
#6134=EDGE_CURVE('',#4999,#5246,#2958,.T.);
#6136=EDGE_CURVE('',#4998,#4999,#3040,.T.);
#6148=EDGE_CURVE('',#5244,#4978,#2954,.T.);
#6150=EDGE_CURVE('',#4999,#4978,#2991,.T.);
#6162=EDGE_CURVE('',#4979,#5243,#2966,.T.);
#6164=EDGE_CURVE('',#4978,#4979,#2995,.T.);
#6176=EDGE_CURVE('',#5240,#4982,#2962,.T.);
#6178=EDGE_CURVE('',#4979,#4982,#3000,.T.);
#6190=EDGE_CURVE('',#4983,#5238,#2974,.T.);
#6192=EDGE_CURVE('',#4982,#4983,#3004,.T.);
#6204=EDGE_CURVE('',#5236,#4986,#2970,.T.);
#6206=EDGE_CURVE('',#4983,#4986,#3009,.T.);
#6218=EDGE_CURVE('',#4987,#5234,#2986,.T.);
#6220=EDGE_CURVE('',#4986,#4987,#3013,.T.);
#6232=EDGE_CURVE('',#5232,#4990,#2982,.T.);
#6234=EDGE_CURVE('',#4987,#4990,#3018,.T.);
#6247=EDGE_CURVE('',#4990,#4991,#3022,.T.);
#6272=EDGE_CURVE('',#4973,#4975,#3045,.T.);
#6274=EDGE_CURVE('',#4975,#4973,#3050,.T.);
#6284=EDGE_CURVE('',#4975,#4971,#3058,.T.);
#6287=EDGE_CURVE('',#4973,#4970,#3054,.T.);
#6289=EDGE_CURVE('',#4971,#4970,#3094,.T.);
#6302=EDGE_CURVE('',#4970,#4971,#3081,.T.);
#6312=EDGE_CURVE('',#4933,#4932,#3063,.T.);
#6342=B_SPLINE_CURVE_WITH_KNOTS('',3,(#6334,#6335,#6336,#6337,#6338,#6339,#6340,
#6341),.UNSPECIFIED.,.F.,.F.,(4,1,1,1,1,4),(0.E0,1.923076940963E-2,
3.373076243313E-1,6.657788033156E-1,9.807684369969E-1,1.E0),.UNSPECIFIED.);
#6346=EDGE_CURVE('',#5253,#5001,#3102,.T.);
#6348=EDGE_CURVE('',#5000,#5001,#3319,.T.);
#6350=EDGE_CURVE('',#5000,#5254,#3106,.T.);
#6363=EDGE_CURVE('',#5286,#5003,#3114,.T.);
#6365=EDGE_CURVE('',#5003,#5001,#3118,.T.);
#6380=B_SPLINE_CURVE_WITH_KNOTS('',3,(#6370,#6371,#6372,#6373,#6374,#6375,#6376,
#6377,#6378,#6379),.UNSPECIFIED.,.F.,.F.,(4,1,1,1,1,1,1,4),(0.E0,
1.902288746001E-1,3.874598504095E-1,6.000577751292E-1,6.997732343920E-1,
7.499055416328E-1,8.000743852009E-1,1.E0),.UNSPECIFIED.);
#6386=EDGE_CURVE('',#5285,#5004,#3122,.T.);
#6388=EDGE_CURVE('',#5003,#5004,#3328,.T.);
#6400=EDGE_CURVE('',#5283,#5006,#3130,.T.);
#6402=EDGE_CURVE('',#5006,#5004,#3134,.T.);
#6417=B_SPLINE_CURVE_WITH_KNOTS('',3,(#6407,#6408,#6409,#6410,#6411,#6412,#6413,
#6414,#6415,#6416),.UNSPECIFIED.,.F.,.F.,(4,1,1,1,1,1,1,4),(0.E0,
1.963444387269E-1,2.460639127025E-1,2.957471341944E-1,3.945687946741E-1,
6.051428919882E-1,8.003880569431E-1,1.E0),.UNSPECIFIED.);
#6423=EDGE_CURVE('',#5282,#5007,#3138,.T.);
#6425=EDGE_CURVE('',#5006,#5007,#3337,.T.);
#6437=EDGE_CURVE('',#5280,#5009,#3146,.T.);
#6439=EDGE_CURVE('',#5009,#5007,#3150,.T.);
#6457=B_SPLINE_CURVE_WITH_KNOTS('',3,(#6444,#6445,#6446,#6447,#6448,#6449,#6450,
#6451,#6452,#6453,#6454,#6455,#6456),.UNSPECIFIED.,.F.,.F.,(4,1,1,1,1,1,1,1,1,1,
4),(0.E0,8.405244528481E-2,2.232869600832E-1,3.575373650263E-1,
4.322615945801E-1,5.063290442880E-1,5.782444024957E-1,6.507962960256E-1,
7.799417963377E-1,9.165102455572E-1,1.E0),.UNSPECIFIED.);
#6463=EDGE_CURVE('',#5279,#5010,#3154,.T.);
#6465=EDGE_CURVE('',#5009,#5010,#3349,.T.);
#6477=EDGE_CURVE('',#5277,#5012,#3162,.T.);
#6479=EDGE_CURVE('',#5012,#5010,#3166,.T.);
#6494=B_SPLINE_CURVE_WITH_KNOTS('',3,(#6484,#6485,#6486,#6487,#6488,#6489,#6490,
#6491,#6492,#6493),.UNSPECIFIED.,.F.,.F.,(4,1,1,1,1,1,1,4),(0.E0,
1.902287977635E-1,3.874598195553E-1,6.000577752342E-1,6.997732486210E-1,
7.499055630848E-1,8.000744138694E-1,1.E0),.UNSPECIFIED.);
#6500=EDGE_CURVE('',#5276,#5013,#3170,.T.);
#6502=EDGE_CURVE('',#5012,#5013,#3358,.T.);
#6514=EDGE_CURVE('',#5015,#5274,#3186,.T.);
#6516=EDGE_CURVE('',#5015,#5013,#3178,.T.);
#6532=B_SPLINE_CURVE_WITH_KNOTS('',3,(#6521,#6522,#6523,#6524,#6525,#6526,#6527,
#6528,#6529,#6530,#6531),.UNSPECIFIED.,.F.,.F.,(4,1,1,1,1,1,1,1,4),(0.E0,
1.938101692792E-1,2.183527712470E-1,2.428899921382E-1,2.919340240421E-1,
3.894843155910E-1,5.958159770867E-1,7.939830628684E-1,1.E0),.UNSPECIFIED.);
#6536=EDGE_CURVE('',#5273,#5016,#3182,.T.);
#6538=EDGE_CURVE('',#5015,#5016,#3268,.T.);
#6550=EDGE_CURVE('',#5018,#5271,#3198,.T.);
#6552=EDGE_CURVE('',#5018,#5016,#3190,.T.);
#6567=B_SPLINE_CURVE_WITH_KNOTS('',3,(#6559,#6560,#6561,#6562,#6563,#6564,#6565,
#6566),.UNSPECIFIED.,.F.,.F.,(4,1,1,1,1,4),(0.E0,2.086751124490E-1,
4.001083523316E-1,5.989041550201E-1,7.903390610861E-1,1.E0),.UNSPECIFIED.);
#6573=EDGE_CURVE('',#5270,#5019,#3202,.T.);
#6575=EDGE_CURVE('',#5018,#5019,#3275,.T.);
#6585=EDGE_CURVE('',#5021,#5268,#3206,.T.);
#6587=EDGE_CURVE('',#5019,#5021,#3279,.T.);
#6601=EDGE_CURVE('',#5266,#5023,#3210,.T.);
#6603=EDGE_CURVE('',#5021,#5023,#3284,.T.);
#6615=EDGE_CURVE('',#5025,#5264,#3222,.T.);
#6617=EDGE_CURVE('',#5025,#5023,#3218,.T.);
#6632=B_SPLINE_CURVE_WITH_KNOTS('',3,(#6622,#6623,#6624,#6625,#6626,#6627,#6628,
#6629,#6630,#6631),.UNSPECIFIED.,.F.,.F.,(4,1,1,1,1,1,1,4),(0.E0,
1.902333888241E-1,3.874434336052E-1,6.000370192669E-1,6.997586268823E-1,
7.498939902628E-1,8.000658922046E-1,1.E0),.UNSPECIFIED.);
#6638=EDGE_CURVE('',#5263,#5026,#3226,.T.);
#6640=EDGE_CURVE('',#5025,#5026,#3293,.T.);
#6650=EDGE_CURVE('',#5028,#5261,#3238,.T.);
#6652=EDGE_CURVE('',#5028,#5026,#3230,.T.);
#6670=B_SPLINE_CURVE_WITH_KNOTS('',3,(#6659,#6660,#6661,#6662,#6663,#6664,#6665,
#6666,#6667,#6668,#6669),.UNSPECIFIED.,.F.,.F.,(4,1,1,1,1,1,1,1,4),(0.E0,
1.964116792145E-1,2.461571007166E-1,2.958662508884E-1,3.947395195099E-1,
5.000770027421E-1,6.054144859744E-1,8.007452398148E-1,1.E0),.UNSPECIFIED.);
#6676=EDGE_CURVE('',#5260,#5029,#3242,.T.);
#6678=EDGE_CURVE('',#5028,#5029,#3303,.T.);
#6688=EDGE_CURVE('',#5031,#5258,#3254,.T.);
#6690=EDGE_CURVE('',#5031,#5029,#3246,.T.);
#6704=EDGE_CURVE('',#5256,#5033,#3258,.T.);
#6706=EDGE_CURVE('',#5031,#5033,#3308,.T.);
#6719=EDGE_CURVE('',#5033,#5000,#3312,.T.);
#6764=B_SPLINE_CURVE_WITH_KNOTS('',3,(#6754,#6755,#6756,#6757,#6758,#6759,#6760,
#6761,#6762,#6763),.UNSPECIFIED.,.F.,.F.,(4,1,1,1,1,1,1,4),(0.E0,
1.963516027823E-1,2.460740400060E-1,2.957602242343E-1,3.945878469185E-1,
6.051567177667E-1,8.003808992697E-1,1.E0),.UNSPECIFIED.);
#6768=EDGE_CURVE('',#5287,#5035,#3362,.T.);
#6770=EDGE_CURVE('',#5034,#5035,#3575,.T.);
#6772=EDGE_CURVE('',#5034,#5288,#3366,.T.);
#6785=EDGE_CURVE('',#5315,#5037,#3374,.T.);
#6787=EDGE_CURVE('',#5037,#5035,#3378,.T.);
#6805=B_SPLINE_CURVE_WITH_KNOTS('',3,(#6792,#6793,#6794,#6795,#6796,#6797,#6798,
#6799,#6800,#6801,#6802,#6803,#6804),.UNSPECIFIED.,.F.,.F.,(4,1,1,1,1,1,1,1,1,1,
4),(0.E0,8.405068154070E-2,2.232855024269E-1,3.575361206889E-1,
4.322604318900E-1,5.063281123606E-1,5.782439349624E-1,6.507961633326E-1,
7.799427571040E-1,9.165118409072E-1,1.E0),.UNSPECIFIED.);
#6811=EDGE_CURVE('',#5314,#5038,#3382,.T.);
#6813=EDGE_CURVE('',#5037,#5038,#3587,.T.);
#6825=EDGE_CURVE('',#5312,#5040,#3390,.T.);
#6827=EDGE_CURVE('',#5040,#5038,#3394,.T.);
#6842=B_SPLINE_CURVE_WITH_KNOTS('',3,(#6832,#6833,#6834,#6835,#6836,#6837,#6838,
#6839,#6840,#6841),.UNSPECIFIED.,.F.,.F.,(4,1,1,1,1,1,1,4),(0.E0,
1.902299770573E-1,3.874339106618E-1,6.000301639243E-1,6.997570487079E-1,
7.498950474821E-1,8.000695759772E-1,1.E0),.UNSPECIFIED.);
#6848=EDGE_CURVE('',#5311,#5041,#3398,.T.);
#6850=EDGE_CURVE('',#5040,#5041,#3596,.T.);
#6862=EDGE_CURVE('',#5309,#5043,#3406,.T.);
#6864=EDGE_CURVE('',#5043,#5041,#3410,.T.);
#6879=B_SPLINE_CURVE_WITH_KNOTS('',3,(#6869,#6870,#6871,#6872,#6873,#6874,#6875,
#6876,#6877,#6878),.UNSPECIFIED.,.F.,.F.,(4,1,1,1,1,1,1,4),(0.E0,
1.963543060787E-1,2.460741961668E-1,2.957578372098E-1,3.945803672716E-1,
6.051472220950E-1,8.003777310766E-1,1.E0),.UNSPECIFIED.);
#6885=EDGE_CURVE('',#5308,#5044,#3414,.T.);
#6887=EDGE_CURVE('',#5043,#5044,#3605,.T.);
#6899=EDGE_CURVE('',#5306,#5046,#3422,.T.);
#6901=EDGE_CURVE('',#5046,#5044,#3426,.T.);
#6916=B_SPLINE_CURVE_WITH_KNOTS('',3,(#6906,#6907,#6908,#6909,#6910,#6911,#6912,
#6913,#6914,#6915),.UNSPECIFIED.,.F.,.F.,(4,1,1,1,1,1,1,4),(0.E0,
1.902336138888E-1,3.874438650541E-1,6.000376768848E-1,6.997593908247E-1,
7.498948076672E-1,8.000667557999E-1,1.E0),.UNSPECIFIED.);
#6922=EDGE_CURVE('',#5305,#5047,#3430,.T.);
#6924=EDGE_CURVE('',#5046,#5047,#3614,.T.);
#6936=EDGE_CURVE('',#5049,#5303,#3446,.T.);
#6938=EDGE_CURVE('',#5049,#5047,#3438,.T.);
#6953=B_SPLINE_CURVE_WITH_KNOTS('',3,(#6943,#6944,#6945,#6946,#6947,#6948,#6949,
#6950,#6951,#6952),.UNSPECIFIED.,.F.,.F.,(4,1,1,1,1,1,1,4),(0.E0,
1.963542948591E-1,2.460741888155E-1,2.957578282910E-1,3.945803552410E-1,
6.051472032746E-1,8.003777096755E-1,1.E0),.UNSPECIFIED.);
#6957=EDGE_CURVE('',#5302,#5050,#3442,.T.);
#6959=EDGE_CURVE('',#5049,#5050,#3527,.T.);
#6973=EDGE_CURVE('',#5300,#5052,#3454,.T.);
#6975=EDGE_CURVE('',#5052,#5050,#3458,.T.);
#6993=B_SPLINE_CURVE_WITH_KNOTS('',3,(#6980,#6981,#6982,#6983,#6984,#6985,#6986,
#6987,#6988,#6989,#6990,#6991,#6992),.UNSPECIFIED.,.F.,.F.,(4,1,1,1,1,1,1,1,1,1,
4),(0.E0,8.405094791952E-2,2.232850246401E-1,3.575397404184E-1,
4.322655649013E-1,5.063346376539E-1,5.782489905496E-1,6.507998553073E-1,
7.799435263326E-1,9.165105447024E-1,1.E0),.UNSPECIFIED.);
#6999=EDGE_CURVE('',#5299,#5053,#3462,.T.);
#7001=EDGE_CURVE('',#5052,#5053,#3539,.T.);
#7013=EDGE_CURVE('',#5297,#5055,#3470,.T.);
#7015=EDGE_CURVE('',#5055,#5053,#3474,.T.);
#7030=B_SPLINE_CURVE_WITH_KNOTS('',3,(#7020,#7021,#7022,#7023,#7024,#7025,#7026,
#7027,#7028,#7029),.UNSPECIFIED.,.F.,.F.,(4,1,1,1,1,1,1,4),(0.E0,
1.902335933798E-1,3.874438537335E-1,6.000376697198E-1,6.997593854244E-1,
7.498948031526E-1,8.000667521884E-1,1.E0),.UNSPECIFIED.);
#7036=EDGE_CURVE('',#5296,#5056,#3478,.T.);
#7038=EDGE_CURVE('',#5055,#5056,#3548,.T.);
#7050=EDGE_CURVE('',#5294,#5058,#3486,.T.);
#7052=EDGE_CURVE('',#5058,#5056,#3490,.T.);
#7067=B_SPLINE_CURVE_WITH_KNOTS('',3,(#7057,#7058,#7059,#7060,#7061,#7062,#7063,
#7064,#7065,#7066),.UNSPECIFIED.,.F.,.F.,(4,1,1,1,1,1,1,4),(0.E0,
1.963516137190E-1,2.460740471864E-1,2.957602330687E-1,3.945878590322E-1,
6.051567368239E-1,8.003809210734E-1,1.E0),.UNSPECIFIED.);
#7073=EDGE_CURVE('',#5293,#5059,#3494,.T.);
#7075=EDGE_CURVE('',#5058,#5059,#3557,.T.);
#7087=EDGE_CURVE('',#5291,#5061,#3502,.T.);
#7089=EDGE_CURVE('',#5061,#5059,#3506,.T.);
#7104=B_SPLINE_CURVE_WITH_KNOTS('',3,(#7094,#7095,#7096,#7097,#7098,#7099,#7100,
#7101,#7102,#7103),.UNSPECIFIED.,.F.,.F.,(4,1,1,1,1,1,1,4),(0.E0,
1.902299949314E-1,3.874339256640E-1,6.000301738631E-1,6.997570562378E-1,
7.498950538058E-1,8.000695810772E-1,1.E0),.UNSPECIFIED.);
#7110=EDGE_CURVE('',#5290,#5062,#3510,.T.);
#7112=EDGE_CURVE('',#5061,#5062,#3566,.T.);
#7125=EDGE_CURVE('',#5034,#5062,#3518,.T.);
#7163=EDGE_CURVE('',#5065,#5319,#3626,.T.);
#7165=EDGE_CURVE('',#5065,#5066,#3618,.T.);
#7167=EDGE_CURVE('',#5318,#5066,#3734,.T.);
#7183=B_SPLINE_CURVE_WITH_KNOTS('',3,(#7173,#7174,#7175,#7176,#7177,#7178,#7179,
#7180,#7181,#7182),.UNSPECIFIED.,.F.,.F.,(4,1,1,1,1,1,1,4),(0.E0,
1.963510700664E-1,2.460715058236E-1,2.957556972946E-1,3.945793223042E-1,
6.051485663957E-1,8.003812137367E-1,1.E0),.UNSPECIFIED.);
#7189=EDGE_CURVE('',#5344,#5067,#3630,.T.);
#7191=EDGE_CURVE('',#5065,#5067,#3795,.T.);
#7203=EDGE_CURVE('',#5342,#5069,#3638,.T.);
#7205=EDGE_CURVE('',#5069,#5067,#3642,.T.);
#7218=B_SPLINE_CURVE_WITH_KNOTS('',3,(#7210,#7211,#7212,#7213,#7214,#7215,#7216,
#7217),.UNSPECIFIED.,.F.,.F.,(4,1,1,1,1,4),(0.E0,2.073189339608E-1,
4.000570403774E-1,6.001751386707E-1,7.923048896427E-1,1.E0),.UNSPECIFIED.);
#7224=EDGE_CURVE('',#5341,#5070,#3646,.T.);
#7226=EDGE_CURVE('',#5069,#5070,#3802,.T.);
#7238=EDGE_CURVE('',#5339,#5072,#3650,.T.);
#7240=EDGE_CURVE('',#5070,#5072,#3806,.T.);
#7254=B_SPLINE_CURVE_WITH_KNOTS('',3,(#7245,#7246,#7247,#7248,#7249,#7250,#7251,
#7252,#7253),.UNSPECIFIED.,.F.,.F.,(4,1,1,1,1,1,4),(0.E0,1.728825617879E-1,
3.329989535243E-1,4.944585538064E-1,5.745096838624E-1,6.545668551599E-1,1.E0),
.UNSPECIFIED.);
#7260=EDGE_CURVE('',#5338,#5073,#3654,.T.);
#7262=EDGE_CURVE('',#5072,#5073,#3814,.T.);
#7274=EDGE_CURVE('',#5075,#5336,#3670,.T.);
#7276=EDGE_CURVE('',#5075,#5073,#3662,.T.);
#7290=B_SPLINE_CURVE_WITH_KNOTS('',3,(#7281,#7282,#7283,#7284,#7285,#7286,#7287,
#7288,#7289),.UNSPECIFIED.,.F.,.F.,(4,1,1,1,1,1,4),(0.E0,3.455483911985E-1,
4.256178021470E-1,5.056810471048E-1,6.671916589222E-1,8.273857389089E-1,1.E0),
.UNSPECIFIED.);
#7294=EDGE_CURVE('',#5335,#5076,#3666,.T.);
#7296=EDGE_CURVE('',#5075,#5076,#3742,.T.);
#7310=EDGE_CURVE('',#5333,#5078,#3674,.T.);
#7312=EDGE_CURVE('',#5076,#5078,#3746,.T.);
#7325=B_SPLINE_CURVE_WITH_KNOTS('',3,(#7317,#7318,#7319,#7320,#7321,#7322,#7323,
#7324),.UNSPECIFIED.,.F.,.F.,(4,1,1,1,1,4),(0.E0,2.085405387952E-1,
3.999594586256E-1,5.987746084016E-1,7.902637683401E-1,1.E0),.UNSPECIFIED.);
#7331=EDGE_CURVE('',#5332,#5079,#3678,.T.);
#7333=EDGE_CURVE('',#5078,#5079,#3753,.T.);
#7343=EDGE_CURVE('',#5081,#5330,#3690,.T.);
#7345=EDGE_CURVE('',#5081,#5079,#3682,.T.);
#7360=B_SPLINE_CURVE_WITH_KNOTS('',3,(#7352,#7353,#7354,#7355,#7356,#7357,#7358,
#7359),.UNSPECIFIED.,.F.,.F.,(4,1,1,1,1,4),(0.E0,2.086891934136E-1,
4.000992961247E-1,5.988850599764E-1,7.903237308608E-1,1.E0),.UNSPECIFIED.);
#7366=EDGE_CURVE('',#5329,#5082,#3694,.T.);
#7368=EDGE_CURVE('',#5081,#5082,#3760,.T.);
#7378=EDGE_CURVE('',#5327,#5084,#3698,.T.);
#7380=EDGE_CURVE('',#5082,#5084,#3764,.T.);
#7396=B_SPLINE_CURVE_WITH_KNOTS('',3,(#7387,#7388,#7389,#7390,#7391,#7392,#7393,
#7394,#7395),.UNSPECIFIED.,.F.,.F.,(4,1,1,1,1,1,4),(0.E0,1.728872856488E-1,
3.328844220976E-1,4.943355302663E-1,5.744413567175E-1,6.545532153290E-1,1.E0),
.UNSPECIFIED.);
#7402=EDGE_CURVE('',#5326,#5085,#3702,.T.);
#7404=EDGE_CURVE('',#5084,#5085,#3772,.T.);
#7416=EDGE_CURVE('',#5324,#5087,#3710,.T.);
#7418=EDGE_CURVE('',#5087,#5085,#3714,.T.);
#7430=EDGE_CURVE('',#5322,#5089,#3718,.T.);
#7432=EDGE_CURVE('',#5087,#5089,#3777,.T.);
#7444=EDGE_CURVE('',#5320,#5091,#3726,.T.);
#7446=EDGE_CURVE('',#5091,#5089,#3730,.T.);
#7461=B_SPLINE_CURVE_WITH_KNOTS('',3,(#7451,#7452,#7453,#7454,#7455,#7456,#7457,
#7458,#7459,#7460),.UNSPECIFIED.,.F.,.F.,(4,1,1,1,1,1,1,4),(0.E0,
1.902237045107E-1,3.874453785210E-1,6.000402369E-1,6.997624072471E-1,
7.498980534626E-1,8.000702384112E-1,1.E0),.UNSPECIFIED.);
#7468=EDGE_CURVE('',#5091,#5066,#3786,.T.);
#7498=EDGE_CURVE('',#5092,#5093,#3825,.T.);
#7500=EDGE_CURVE('',#5093,#5092,#3836,.T.);
#7511=EDGE_CURVE('',#5092,#5095,#3840,.T.);
#7513=EDGE_CURVE('',#5097,#5095,#3854,.T.);
#7515=EDGE_CURVE('',#5097,#5093,#3844,.T.);
#7528=EDGE_CURVE('',#5097,#5095,#3849,.T.);
#7548=EDGE_CURVE('',#5101,#5347,#3858,.T.);
#7550=EDGE_CURVE('',#5100,#5101,#3975,.T.);
#7552=EDGE_CURVE('',#5348,#5100,#3934,.T.);
#7567=B_SPLINE_CURVE_WITH_KNOTS('',3,(#7558,#7559,#7560,#7561,#7562,#7563,#7564,
#7565,#7566),.UNSPECIFIED.,.F.,.F.,(4,1,1,1,1,1,4),(0.E0,1.923076923077E-2,
2.403719209469E-1,4.992285969850E-1,7.584846416240E-1,9.807692402667E-1,1.E0),
.UNSPECIFIED.);
#7573=EDGE_CURVE('',#5366,#5102,#3862,.T.);
#7575=EDGE_CURVE('',#5101,#5102,#3983,.T.);
#7587=EDGE_CURVE('',#5364,#5104,#3866,.T.);
#7589=EDGE_CURVE('',#5102,#5104,#3987,.T.);
#7602=B_SPLINE_CURVE_WITH_KNOTS('',3,(#7594,#7595,#7596,#7597,#7598,#7599,#7600,
#7601),.UNSPECIFIED.,.F.,.F.,(4,1,1,1,1,4),(0.E0,1.923135145601E-2,
3.356705651030E-1,6.643283613672E-1,9.807676626813E-1,1.E0),.UNSPECIFIED.);
#7608=EDGE_CURVE('',#5363,#5105,#3870,.T.);
#7610=EDGE_CURVE('',#5104,#5105,#3994,.T.);
#7622=EDGE_CURVE('',#5107,#5361,#3882,.T.);
#7624=EDGE_CURVE('',#5107,#5105,#3878,.T.);
#7638=B_SPLINE_CURVE_WITH_KNOTS('',3,(#7629,#7630,#7631,#7632,#7633,#7634,#7635,
#7636,#7637),.UNSPECIFIED.,.F.,.F.,(4,1,1,1,1,1,4),(0.E0,1.710371826533E-1,
3.954662575711E-1,6.119515062514E-1,7.205254632115E-1,8.291353984763E-1,1.E0),
.UNSPECIFIED.);
#7644=EDGE_CURVE('',#5360,#5108,#3886,.T.);
#7646=EDGE_CURVE('',#5107,#5108,#4002,.T.);
#7658=EDGE_CURVE('',#5110,#5358,#3894,.T.);
#7660=EDGE_CURVE('',#5108,#5110,#3938,.T.);
#7673=B_SPLINE_CURVE_WITH_KNOTS('',3,(#7665,#7666,#7667,#7668,#7669,#7670,#7671,
#7672),.UNSPECIFIED.,.F.,.F.,(4,1,1,1,1,4),(0.E0,1.923078181503E-2,
3.356862935788E-1,6.643121091538E-1,9.807677125739E-1,1.E0),.UNSPECIFIED.);
#7677=EDGE_CURVE('',#5357,#5111,#3890,.T.);
#7679=EDGE_CURVE('',#5110,#5111,#3945,.T.);
#7693=EDGE_CURVE('',#5113,#5355,#3906,.T.);
#7695=EDGE_CURVE('',#5113,#5111,#3902,.T.);
#7708=B_SPLINE_CURVE_WITH_KNOTS('',3,(#7700,#7701,#7702,#7703,#7704,#7705,#7706,
#7707),.UNSPECIFIED.,.F.,.F.,(4,1,1,1,1,4),(0.E0,1.923153014088E-2,
3.356870295889E-1,6.643128503383E-1,9.807684655649E-1,1.E0),.UNSPECIFIED.);
#7714=EDGE_CURVE('',#5354,#5114,#3910,.T.);
#7716=EDGE_CURVE('',#5113,#5114,#3952,.T.);
#7728=EDGE_CURVE('',#5352,#5116,#3914,.T.);
#7730=EDGE_CURVE('',#5114,#5116,#3956,.T.);
#7744=B_SPLINE_CURVE_WITH_KNOTS('',3,(#7735,#7736,#7737,#7738,#7739,#7740,#7741,
#7742,#7743),.UNSPECIFIED.,.F.,.F.,(4,1,1,1,1,1,4),(0.E0,1.699515921825E-1,
2.836929149857E-1,3.974109251468E-1,6.147074414619E-1,8.308522074515E-1,1.E0),
.UNSPECIFIED.);
#7750=EDGE_CURVE('',#5351,#5117,#3918,.T.);
#7752=EDGE_CURVE('',#5116,#5117,#3964,.T.);
#7764=EDGE_CURVE('',#5119,#5349,#3930,.T.);
#7766=EDGE_CURVE('',#5119,#5117,#3926,.T.);
#7779=B_SPLINE_CURVE_WITH_KNOTS('',3,(#7771,#7772,#7773,#7774,#7775,#7776,#7777,
#7778),.UNSPECIFIED.,.F.,.F.,(4,1,1,1,1,4),(0.E0,1.923081657058E-2,
3.356435091251E-1,6.642737556670E-1,9.806864769374E-1,1.E0),.UNSPECIFIED.);
#7786=EDGE_CURVE('',#5119,#5100,#3971,.T.);
#7821=B_SPLINE_CURVE_WITH_KNOTS('',3,(#7813,#7814,#7815,#7816,#7817,#7818,#7819,
#7820),.UNSPECIFIED.,.F.,.F.,(4,1,1,1,1,4),(0.E0,1.923076921327E-2,
3.367245898443E-1,6.652625232152E-1,9.807686421743E-1,1.E0),.UNSPECIFIED.);
#7825=EDGE_CURVE('',#5367,#5121,#4006,.T.);
#7827=EDGE_CURVE('',#5120,#5121,#4207,.T.);
#7829=EDGE_CURVE('',#5120,#5368,#4010,.T.);
#7842=EDGE_CURVE('',#5123,#5392,#4022,.T.);
#7844=EDGE_CURVE('',#5123,#5121,#4018,.T.);
#7859=B_SPLINE_CURVE_WITH_KNOTS('',3,(#7849,#7850,#7851,#7852,#7853,#7854,#7855,
#7856,#7857,#7858),.UNSPECIFIED.,.F.,.F.,(4,1,1,1,1,1,1,4),(0.E0,
1.902305839094E-1,3.874429095189E-1,6.000390220297E-1,6.997617807856E-1,
7.498977228269E-1,8.000702004309E-1,1.E0),.UNSPECIFIED.);
#7865=EDGE_CURVE('',#5391,#5124,#4026,.T.);
#7867=EDGE_CURVE('',#5123,#5124,#4216,.T.);
#7879=EDGE_CURVE('',#5126,#5389,#4042,.T.);
#7881=EDGE_CURVE('',#5126,#5124,#4034,.T.);
#7896=B_SPLINE_CURVE_WITH_KNOTS('',3,(#7886,#7887,#7888,#7889,#7890,#7891,#7892,
#7893,#7894,#7895),.UNSPECIFIED.,.F.,.F.,(4,1,1,1,1,1,1,4),(0.E0,
1.963510655418E-1,2.460715085883E-1,2.957556967674E-1,3.945793152113E-1,
6.051485548179E-1,8.003812087702E-1,1.E0),.UNSPECIFIED.);
#7900=EDGE_CURVE('',#5388,#5127,#4038,.T.);
#7902=EDGE_CURVE('',#5126,#5127,#4139,.T.);
#7916=EDGE_CURVE('',#5386,#5129,#4050,.T.);
#7918=EDGE_CURVE('',#5129,#5127,#4054,.T.);
#7936=B_SPLINE_CURVE_WITH_KNOTS('',3,(#7923,#7924,#7925,#7926,#7927,#7928,#7929,
#7930,#7931,#7932,#7933,#7934,#7935),.UNSPECIFIED.,.F.,.F.,(4,1,1,1,1,1,1,1,1,1,
4),(0.E0,8.405080954070E-2,2.232844972074E-1,3.575392329854E-1,
4.322649852437E-1,5.063340705996E-1,5.782486106737E-1,6.507995886724E-1,
7.799438222196E-1,9.165106824846E-1,1.E0),.UNSPECIFIED.);
#7942=EDGE_CURVE('',#5385,#5130,#4058,.T.);
#7944=EDGE_CURVE('',#5129,#5130,#4151,.T.);
#7956=EDGE_CURVE('',#5383,#5132,#4066,.T.);
#7958=EDGE_CURVE('',#5132,#5130,#4070,.T.);
#7973=B_SPLINE_CURVE_WITH_KNOTS('',3,(#7963,#7964,#7965,#7966,#7967,#7968,#7969,
#7970,#7971,#7972),.UNSPECIFIED.,.F.,.F.,(4,1,1,1,1,1,1,4),(0.E0,
1.902305004569E-1,3.874428454507E-1,6.000389806506E-1,6.997617496946E-1,
7.498976969046E-1,8.000701751239E-1,1.E0),.UNSPECIFIED.);
#7979=EDGE_CURVE('',#5382,#5133,#4074,.T.);
#7981=EDGE_CURVE('',#5132,#5133,#4160,.T.);
#7993=EDGE_CURVE('',#5380,#5135,#4082,.T.);
#7995=EDGE_CURVE('',#5135,#5133,#4086,.T.);
#8010=B_SPLINE_CURVE_WITH_KNOTS('',3,(#8000,#8001,#8002,#8003,#8004,#8005,#8006,
#8007,#8008,#8009),.UNSPECIFIED.,.F.,.F.,(4,1,1,1,1,1,1,4),(0.E0,
1.963510712937E-1,2.460715106198E-1,2.957556990151E-1,3.945793179121E-1,
6.051485584373E-1,8.003812113155E-1,1.E0),.UNSPECIFIED.);
#8016=EDGE_CURVE('',#5379,#5136,#4090,.T.);
#8018=EDGE_CURVE('',#5135,#5136,#4169,.T.);
#8030=EDGE_CURVE('',#5377,#5138,#4098,.T.);
#8032=EDGE_CURVE('',#5138,#5136,#4102,.T.);
#8045=B_SPLINE_CURVE_WITH_KNOTS('',3,(#8037,#8038,#8039,#8040,#8041,#8042,#8043,
#8044),.UNSPECIFIED.,.F.,.F.,(4,1,1,1,1,4),(0.E0,2.068357088357E-1,
3.997120691642E-1,5.999387217665E-1,7.921264478382E-1,1.E0),.UNSPECIFIED.);
#8051=EDGE_CURVE('',#5376,#5139,#4106,.T.);
#8053=EDGE_CURVE('',#5138,#5139,#4176,.T.);
#8063=EDGE_CURVE('',#5141,#5374,#4110,.T.);
#8065=EDGE_CURVE('',#5139,#5141,#4180,.T.);
#8081=B_SPLINE_CURVE_WITH_KNOTS('',3,(#8072,#8073,#8074,#8075,#8076,#8077,#8078,
#8079,#8080),.UNSPECIFIED.,.F.,.F.,(4,1,1,1,1,1,4),(0.E0,1.728841760142E-1,
3.328421151006E-1,4.942982067809E-1,5.744244542032E-1,6.545565528752E-1,1.E0),
.UNSPECIFIED.);
#8087=EDGE_CURVE('',#5373,#5142,#4114,.T.);
#8089=EDGE_CURVE('',#5141,#5142,#4188,.T.);
#8101=EDGE_CURVE('',#5144,#5371,#4126,.T.);
#8103=EDGE_CURVE('',#5144,#5142,#4122,.T.);
#8117=B_SPLINE_CURVE_WITH_KNOTS('',3,(#8108,#8109,#8110,#8111,#8112,#8113,#8114,
#8115,#8116),.UNSPECIFIED.,.F.,.F.,(4,1,1,1,1,1,4),(0.E0,2.074625958509E-1,
3.046182936124E-1,4.017584559122E-1,5.983018996541E-1,7.935896525856E-1,1.E0),
.UNSPECIFIED.);
#8123=EDGE_CURVE('',#5145,#5370,#4130,.T.);
#8125=EDGE_CURVE('',#5144,#5145,#4196,.T.);
#8138=EDGE_CURVE('',#5145,#5120,#4200,.T.);
#8180=B_SPLINE_CURVE_WITH_KNOTS('',3,(#8169,#8170,#8171,#8172,#8173,#8174,#8175,
#8176,#8177,#8178,#8179),.UNSPECIFIED.,.F.,.F.,(4,1,1,1,1,1,1,1,4),(0.E0,
1.458927509431E-1,2.910285907375E-1,4.296562354443E-1,4.990754415276E-1,
5.685301943080E-1,7.103850432234E-1,8.639143168992E-1,1.E0),.UNSPECIFIED.);
#8184=EDGE_CURVE('',#5393,#5147,#4220,.T.);
#8186=EDGE_CURVE('',#5146,#5147,#4387,.T.);
#8188=EDGE_CURVE('',#5146,#5394,#4224,.T.);
#8201=EDGE_CURVE('',#5421,#5149,#4232,.T.);
#8203=EDGE_CURVE('',#5149,#5147,#4236,.T.);
#8218=B_SPLINE_CURVE_WITH_KNOTS('',3,(#8208,#8209,#8210,#8211,#8212,#8213,#8214,
#8215,#8216,#8217),.UNSPECIFIED.,.F.,.F.,(4,1,1,1,1,1,1,4),(0.E0,
1.902252111876E-1,3.874498966814E-1,6.000502831423E-1,6.997709220129E-1,
7.499058157349E-1,8.000772375266E-1,1.E0),.UNSPECIFIED.);
#8224=EDGE_CURVE('',#5420,#5150,#4240,.T.);
#8226=EDGE_CURVE('',#5149,#5150,#4396,.T.);
#8238=EDGE_CURVE('',#5418,#5152,#4248,.T.);
#8240=EDGE_CURVE('',#5152,#5150,#4252,.T.);
#8255=B_SPLINE_CURVE_WITH_KNOTS('',3,(#8245,#8246,#8247,#8248,#8249,#8250,#8251,
#8252,#8253,#8254),.UNSPECIFIED.,.F.,.F.,(4,1,1,1,1,1,1,4),(0.E0,
1.963471248868E-1,2.460640570401E-1,2.957447369624E-1,3.945613094753E-1,
6.051333933067E-1,8.003848816540E-1,1.E0),.UNSPECIFIED.);
#8261=EDGE_CURVE('',#5417,#5153,#4256,.T.);
#8263=EDGE_CURVE('',#5152,#5153,#4405,.T.);
#8275=EDGE_CURVE('',#5415,#5155,#4264,.T.);
#8277=EDGE_CURVE('',#5155,#5153,#4268,.T.);
#8292=B_SPLINE_CURVE_WITH_KNOTS('',3,(#8282,#8283,#8284,#8285,#8286,#8287,#8288,
#8289,#8290,#8291),.UNSPECIFIED.,.F.,.F.,(4,1,1,1,1,1,1,4),(0.E0,
1.901690637764E-1,3.872208437429E-1,6.001748340957E-1,6.998007936637E-1,
7.498899966304E-1,8.000159422622E-1,1.E0),.UNSPECIFIED.);
#8298=EDGE_CURVE('',#5414,#5156,#4272,.T.);
#8300=EDGE_CURVE('',#5155,#5156,#4414,.T.);
#8312=EDGE_CURVE('',#5412,#5158,#4280,.T.);
#8314=EDGE_CURVE('',#5158,#5156,#4284,.T.);
#8329=B_SPLINE_CURVE_WITH_KNOTS('',3,(#8319,#8320,#8321,#8322,#8323,#8324,#8325,
#8326,#8327,#8328),.UNSPECIFIED.,.F.,.F.,(4,1,1,1,1,1,1,4),(0.E0,
1.771903826698E-1,2.301596460350E-1,2.830880454596E-1,3.885818053513E-1,
6.121077386526E-1,8.213007079483E-1,1.E0),.UNSPECIFIED.);
#8335=EDGE_CURVE('',#5411,#5159,#4288,.T.);
#8337=EDGE_CURVE('',#5158,#5159,#4423,.T.);
#8349=EDGE_CURVE('',#5409,#5161,#4292,.T.);
#8351=EDGE_CURVE('',#5159,#5161,#4427,.T.);
#8368=B_SPLINE_CURVE_WITH_KNOTS('',3,(#8356,#8357,#8358,#8359,#8360,#8361,#8362,
#8363,#8364,#8365,#8366,#8367),.UNSPECIFIED.,.F.,.F.,(4,1,1,1,1,1,1,1,1,4),
(0.E0,1.458403887847E-1,2.927638367929E-1,4.273015376879E-1,4.627966029368E-1,
4.982911003681E-1,5.693386093138E-1,7.154190793181E-1,8.647666617022E-1,1.E0),
.UNSPECIFIED.);
#8374=EDGE_CURVE('',#5408,#5162,#4296,.T.);
#8376=EDGE_CURVE('',#5161,#5162,#4438,.T.);
#8388=EDGE_CURVE('',#5406,#5164,#4304,.T.);
#8390=EDGE_CURVE('',#5164,#5162,#4308,.T.);
#8405=B_SPLINE_CURVE_WITH_KNOTS('',3,(#8395,#8396,#8397,#8398,#8399,#8400,#8401,
#8402,#8403,#8404),.UNSPECIFIED.,.F.,.F.,(4,1,1,1,1,1,1,4),(0.E0,
1.902299932894E-1,3.874340034006E-1,6.000302583796E-1,6.997571012842E-1,
7.498950795109E-1,8.000695746800E-1,1.E0),.UNSPECIFIED.);
#8411=EDGE_CURVE('',#5405,#5165,#4312,.T.);
#8413=EDGE_CURVE('',#5164,#5165,#4447,.T.);
#8425=EDGE_CURVE('',#5403,#5167,#4320,.T.);
#8427=EDGE_CURVE('',#5167,#5165,#4324,.T.);
#8442=B_SPLINE_CURVE_WITH_KNOTS('',3,(#8432,#8433,#8434,#8435,#8436,#8437,#8438,
#8439,#8440,#8441),.UNSPECIFIED.,.F.,.F.,(4,1,1,1,1,1,1,4),(0.E0,
1.963545212650E-1,2.460744338615E-1,2.957580987060E-1,3.945806768186E-1,
6.051473767593E-1,8.003775119105E-1,1.E0),.UNSPECIFIED.);
#8448=EDGE_CURVE('',#5402,#5168,#4328,.T.);
#8450=EDGE_CURVE('',#5167,#5168,#4456,.T.);
#8462=EDGE_CURVE('',#5400,#5170,#4336,.T.);
#8464=EDGE_CURVE('',#5170,#5168,#4340,.T.);
#8479=B_SPLINE_CURVE_WITH_KNOTS('',3,(#8469,#8470,#8471,#8472,#8473,#8474,#8475,
#8476,#8477,#8478),.UNSPECIFIED.,.F.,.F.,(4,1,1,1,1,1,1,4),(0.E0,
1.902288196914E-1,3.874598319837E-1,6.000577830239E-1,6.997732550869E-1,
7.499055688867E-1,8.000744123912E-1,1.E0),.UNSPECIFIED.);
#8485=EDGE_CURVE('',#5399,#5171,#4344,.T.);
#8487=EDGE_CURVE('',#5170,#5171,#4465,.T.);
#8499=EDGE_CURVE('',#5173,#5397,#4356,.T.);
#8501=EDGE_CURVE('',#5173,#5171,#4352,.T.);
#8516=B_SPLINE_CURVE_WITH_KNOTS('',3,(#8506,#8507,#8508,#8509,#8510,#8511,#8512,
#8513,#8514,#8515),.UNSPECIFIED.,.F.,.F.,(4,1,1,1,1,1,1,4),(0.E0,
1.748878305101E-1,2.277766980707E-1,2.806229138522E-1,3.859411737001E-1,
6.076260494559E-1,8.188328300912E-1,1.E0),.UNSPECIFIED.);
#8522=EDGE_CURVE('',#5174,#5396,#4360,.T.);
#8524=EDGE_CURVE('',#5173,#5174,#4377,.T.);
#8537=EDGE_CURVE('',#5146,#5174,#4368,.T.);
#8575=EDGE_CURVE('',#5178,#5424,#4469,.T.);
#8577=EDGE_CURVE('',#5177,#5178,#4599,.T.);
#8579=EDGE_CURVE('',#5425,#5177,#4545,.T.);
#8593=B_SPLINE_CURVE_WITH_KNOTS('',3,(#8585,#8586,#8587,#8588,#8589,#8590,#8591,
#8592),.UNSPECIFIED.,.F.,.F.,(4,1,1,1,1,4),(0.E0,1.923078663840E-2,
3.356862852461E-1,6.643121055869E-1,9.807677081555E-1,1.E0),.UNSPECIFIED.);
#8599=EDGE_CURVE('',#5443,#5179,#4473,.T.);
#8601=EDGE_CURVE('',#5178,#5179,#4606,.T.);
#8613=EDGE_CURVE('',#5441,#5181,#4481,.T.);
#8615=EDGE_CURVE('',#5181,#5179,#4485,.T.);
#8628=B_SPLINE_CURVE_WITH_KNOTS('',3,(#8620,#8621,#8622,#8623,#8624,#8625,#8626,
#8627),.UNSPECIFIED.,.F.,.F.,(4,1,1,1,1,4),(0.E0,1.923153219956E-2,
3.356870295302E-1,6.643128510123E-1,9.807684644485E-1,1.E0),.UNSPECIFIED.);
#8634=EDGE_CURVE('',#5440,#5182,#4489,.T.);
#8636=EDGE_CURVE('',#5181,#5182,#4613,.T.);
#8648=EDGE_CURVE('',#5184,#5438,#4497,.T.);
#8650=EDGE_CURVE('',#5182,#5184,#4549,.T.);
#8664=B_SPLINE_CURVE_WITH_KNOTS('',3,(#8655,#8656,#8657,#8658,#8659,#8660,#8661,
#8662,#8663),.UNSPECIFIED.,.F.,.F.,(4,1,1,1,1,1,4),(0.E0,1.699515890454E-1,
2.836929152638E-1,3.974109263861E-1,6.147074432485E-1,8.308522101259E-1,1.E0),
.UNSPECIFIED.);
#8668=EDGE_CURVE('',#5437,#5185,#4493,.T.);
#8670=EDGE_CURVE('',#5184,#5185,#4557,.T.);
#8684=EDGE_CURVE('',#5187,#5435,#4509,.T.);
#8686=EDGE_CURVE('',#5187,#5185,#4505,.T.);
#8699=B_SPLINE_CURVE_WITH_KNOTS('',3,(#8691,#8692,#8693,#8694,#8695,#8696,#8697,
#8698),.UNSPECIFIED.,.F.,.F.,(4,1,1,1,1,4),(0.E0,1.923081621002E-2,
3.356538556501E-1,6.642948490147E-1,9.807179099596E-1,1.E0),.UNSPECIFIED.);
#8705=EDGE_CURVE('',#5434,#5188,#4513,.T.);
#8707=EDGE_CURVE('',#5187,#5188,#4564,.T.);
#8719=EDGE_CURVE('',#5432,#5190,#4517,.T.);
#8721=EDGE_CURVE('',#5188,#5190,#4568,.T.);
#8735=B_SPLINE_CURVE_WITH_KNOTS('',3,(#8726,#8727,#8728,#8729,#8730,#8731,#8732,
#8733,#8734),.UNSPECIFIED.,.F.,.F.,(4,1,1,1,1,1,4),(0.E0,1.923076496135E-2,
2.403719267456E-1,4.992286016774E-1,7.584846433730E-1,9.807692393007E-1,1.E0),
.UNSPECIFIED.);
#8741=EDGE_CURVE('',#5431,#5191,#4521,.T.);
#8743=EDGE_CURVE('',#5190,#5191,#4576,.T.);
#8755=EDGE_CURVE('',#5429,#5193,#4525,.T.);
#8757=EDGE_CURVE('',#5191,#5193,#4580,.T.);
#8770=B_SPLINE_CURVE_WITH_KNOTS('',3,(#8762,#8763,#8764,#8765,#8766,#8767,#8768,
#8769),.UNSPECIFIED.,.F.,.F.,(4,1,1,1,1,4),(0.E0,1.923135083924E-2,
3.356705658314E-1,6.643283619775E-1,9.807676674184E-1,1.E0),.UNSPECIFIED.);
#8776=EDGE_CURVE('',#5428,#5194,#4529,.T.);
#8778=EDGE_CURVE('',#5193,#5194,#4587,.T.);
#8790=EDGE_CURVE('',#5426,#5196,#4537,.T.);
#8792=EDGE_CURVE('',#5196,#5194,#4541,.T.);
#8806=B_SPLINE_CURVE_WITH_KNOTS('',3,(#8797,#8798,#8799,#8800,#8801,#8802,#8803,
#8804,#8805),.UNSPECIFIED.,.F.,.F.,(4,1,1,1,1,1,4),(0.E0,1.710371174609E-1,
3.954661085592E-1,6.119512776083E-1,7.205251948988E-1,8.291350939835E-1,1.E0),
.UNSPECIFIED.);
#8813=EDGE_CURVE('',#5196,#5177,#4595,.T.);
#8845=EDGE_CURVE('',#4916,#4917,#4618,.T.);
#8848=EDGE_CURVE('',#4919,#4921,#4688,.T.);
#8850=EDGE_CURVE('',#4916,#4921,#4675,.T.);
#8861=EDGE_CURVE('',#4929,#4916,#4683,.T.);
#8863=EDGE_CURVE('',#4927,#4929,#4623,.T.);
#8866=EDGE_CURVE('',#4852,#4861,#4628,.T.);
#8868=EDGE_CURVE('',#4863,#4861,#4841,.T.);
#8870=EDGE_CURVE('',#4863,#4865,#4633,.T.);
#8872=EDGE_CURVE('',#4867,#4865,#4829,.T.);
#8874=EDGE_CURVE('',#4867,#4871,#4638,.T.);
#8876=EDGE_CURVE('',#4870,#4871,#4817,.T.);
#8878=EDGE_CURVE('',#4870,#4874,#4643,.T.);
#8880=EDGE_CURVE('',#4874,#4875,#4647,.T.);
#8882=EDGE_CURVE('',#4875,#4879,#4652,.T.);
#8884=EDGE_CURVE('',#4878,#4879,#4793,.T.);
#8886=EDGE_CURVE('',#4878,#4881,#4657,.T.);
#8888=EDGE_CURVE('',#4881,#4883,#4661,.T.);
#8890=EDGE_CURVE('',#4883,#4857,#4666,.T.);
#8892=EDGE_CURVE('',#4856,#4857,#4777,.T.);
#8894=EDGE_CURVE('',#4856,#4859,#4671,.T.);
#8906=EDGE_CURVE('',#4924,#4921,#4761,.T.);
#8908=EDGE_CURVE('',#4924,#4929,#4679,.T.);
#8921=EDGE_CURVE('',#4912,#4913,#4693,.T.);
#8923=EDGE_CURVE('',#4913,#4887,#4697,.T.);
#8925=EDGE_CURVE('',#4887,#4885,#4702,.T.);
#8927=EDGE_CURVE('',#4885,#4889,#4706,.T.);
#8929=EDGE_CURVE('',#4889,#4891,#4711,.T.);
#8931=EDGE_CURVE('',#4893,#4891,#4797,.T.);
#8933=EDGE_CURVE('',#4893,#4896,#4716,.T.);
#8935=EDGE_CURVE('',#4896,#4897,#4720,.T.);
#8937=EDGE_CURVE('',#4897,#4900,#4725,.T.);
#8939=EDGE_CURVE('',#4900,#4901,#4729,.T.);
#8941=EDGE_CURVE('',#4901,#4904,#4734,.T.);
#8943=EDGE_CURVE('',#4904,#4905,#4738,.T.);
#8945=EDGE_CURVE('',#4905,#4907,#4743,.T.);
#8947=EDGE_CURVE('',#4907,#4909,#4747,.T.);
#8949=EDGE_CURVE('',#4909,#4853,#4752,.T.);
#8952=EDGE_CURVE('',#4924,#4925,#4757,.T.);
#8964=EDGE_CURVE('',#4856,#4913,#4765,.T.);
#8976=EDGE_CURVE('',#4857,#4887,#4773,.T.);
#8990=EDGE_CURVE('',#4885,#4883,#4781,.T.);
#9002=EDGE_CURVE('',#4889,#4881,#4785,.T.);
#9018=EDGE_CURVE('',#4878,#4891,#4789,.T.);
#9030=EDGE_CURVE('',#4893,#4879,#4801,.T.);
#9044=EDGE_CURVE('',#4875,#4896,#4805,.T.);
#9056=EDGE_CURVE('',#4874,#4897,#4809,.T.);
#9070=EDGE_CURVE('',#4900,#4870,#4813,.T.);
#9082=EDGE_CURVE('',#4901,#4871,#4825,.T.);
#9094=EDGE_CURVE('',#4867,#4904,#4821,.T.);
#9107=EDGE_CURVE('',#4905,#4865,#4837,.T.);
#9120=EDGE_CURVE('',#4863,#4907,#4833,.T.);
#9133=EDGE_CURVE('',#4909,#4861,#4849,.T.);
#9164=CLOSED_SHELL('',(#5459,#5486,#5501,#5514,#5530,#5545,#5558,#5594,#5609,
#5623,#5637,#5651,#5665,#5679,#5693,#5707,#5721,#5735,#5749,#5762,#6084,#6099,
#6113,#6127,#6141,#6155,#6169,#6183,#6197,#6211,#6225,#6239,#6252,#6278,#6293,
#6306,#6321,#6333,#6355,#6369,#6392,#6406,#6429,#6443,#6469,#6483,#6506,#6520,
#6544,#6558,#6579,#6593,#6607,#6621,#6644,#6658,#6682,#6696,#6710,#6723,#6753,
#6777,#6791,#6817,#6831,#6854,#6868,#6891,#6905,#6928,#6942,#6965,#6979,#7005,
#7019,#7042,#7056,#7079,#7093,#7116,#7129,#7157,#7172,#7195,#7209,#7230,#7244,
#7266,#7280,#7302,#7316,#7337,#7351,#7372,#7386,#7408,#7422,#7436,#7450,#7472,
#7504,#7519,#7532,#7542,#7557,#7579,#7593,#7614,#7628,#7650,#7664,#7685,#7699,
#7720,#7734,#7756,#7770,#7790,#7812,#7834,#7848,#7871,#7885,#7908,#7922,#7948,
#7962,#7985,#7999,#8022,#8036,#8057,#8071,#8093,#8107,#8129,#8142,#8168,#8193,
#8207,#8230,#8244,#8267,#8281,#8304,#8318,#8341,#8355,#8380,#8394,#8417,#8431,
#8454,#8468,#8491,#8505,#8528,#8541,#8569,#8584,#8605,#8619,#8640,#8654,#8676,
#8690,#8711,#8725,#8747,#8761,#8782,#8796,#8817,#8839,#8854,#8899,#8913,#8957,
#8970,#8983,#8996,#9009,#9022,#9035,#9048,#9061,#9074,#9087,#9100,#9113,#9126,
#9139,#9151,#9163));
#9165=MANIFOLD_SOLID_BREP('',#9164);
#9166=(LENGTH_UNIT()NAMED_UNIT(*)SI_UNIT(.MILLI.,.METRE.));
#9168=(NAMED_UNIT(*)PLANE_ANGLE_UNIT()SI_UNIT($,.RADIAN.));
#9171=(NAMED_UNIT(*)SI_UNIT($,.STERADIAN.)SOLID_ANGLE_UNIT());
#9177=AXIS2_PLACEMENT_3D('',#9174,#9175,#9176);
#9178=ADVANCED_BREP_SHAPE_REPRESENTATION('',(#9177,#9165),#9173);
#9182=PRODUCT_DEFINITION('design','',#9181,#2001);
#9183=PRODUCT_DEFINITION_SHAPE('','SHAPE FOR _X2_5B9E4F53_X0_6_1_1_1.',#9182);
#9184=SHAPE_DEFINITION_REPRESENTATION(#9183,#9178);
#9185=NEXT_ASSEMBLY_USAGE_OCCURRENCE('45','Next assembly relationship',
'_X2_5B9E4F53_X0_6',#9214,#9182,$);
#9186=PRODUCT_DEFINITION_SHAPE('Placement #45',
'Placement of _X2_5B9E4F53_X0_6_1_1_1 with respect to 3D_X2_62535370_X0___X2_5FC360C5_ASM',#9185);
#9195=AXIS2_PLACEMENT_3D('',#9192,#9193,#9194);
#9198=(LENGTH_UNIT()NAMED_UNIT(*)SI_UNIT(.MILLI.,.METRE.));
#9200=(NAMED_UNIT(*)PLANE_ANGLE_UNIT()SI_UNIT($,.RADIAN.));
#9203=(NAMED_UNIT(*)SI_UNIT($,.STERADIAN.)SOLID_ANGLE_UNIT());
#9209=AXIS2_PLACEMENT_3D('',#9206,#9207,#9208);
#9214=PRODUCT_DEFINITION('design','',#9213,#9210);
#9215=SHAPE_DEFINITION_REPRESENTATION(#9216,#9217);
#9216=PRODUCT_DEFINITION_SHAPE('','SHAPE FOR 3D__V20001_ASM_1_ASM_1_ASM_1_ASM.',
#9246);
#9217=SHAPE_REPRESENTATION('',(#9228,#9223,#9242),#9238);
#9218=NEXT_ASSEMBLY_USAGE_OCCURRENCE('46','Next assembly relationship',
'3D_X2_62535370_X0___X2_5FC360C5',#9246,#9214,$);
#9219=PRODUCT_DEFINITION_SHAPE('Placement #46',
'Placement of 3D_X2_62535370_X0___X2_5FC360C5_ASM with respect to 3D__V20001_ASM_1_ASM_1_ASM_1_ASM',#9218);
#9228=AXIS2_PLACEMENT_3D('',#9225,#9226,#9227);
#9231=(LENGTH_UNIT()NAMED_UNIT(*)SI_UNIT(.MILLI.,.METRE.));
#9233=(NAMED_UNIT(*)PLANE_ANGLE_UNIT()SI_UNIT($,.RADIAN.));
#9236=(NAMED_UNIT(*)SI_UNIT($,.STERADIAN.)SOLID_ANGLE_UNIT());
#9242=AXIS2_PLACEMENT_3D('',#9239,#9240,#9241);
#9246=PRODUCT_DEFINITION('design','',#9245,#9210);
#9247=SHAPE_DEFINITION_REPRESENTATION(#9248,#9249);
#9248=PRODUCT_DEFINITION_SHAPE('','SHAPE FOR XINQINGJIAN_ASM_1_ASM_1_ASM.',
#9279);
#9249=SHAPE_REPRESENTATION('',(#9260,#9255,#9274),#9270);
#9250=NEXT_ASSEMBLY_USAGE_OCCURRENCE('47','Next assembly relationship',
'3D__V20001_ASM_1',#9279,#9246,$);
#9251=PRODUCT_DEFINITION_SHAPE('Placement #47',
'Placement of 3D__V20001_ASM_1_ASM_1_ASM_1_ASM with respect to XINQINGJIAN_ASM_1_ASM_1_ASM',#9250);
#9260=AXIS2_PLACEMENT_3D('',#9257,#9258,#9259);
#9263=(LENGTH_UNIT()NAMED_UNIT(*)SI_UNIT(.MILLI.,.METRE.));
#9265=(NAMED_UNIT(*)PLANE_ANGLE_UNIT()SI_UNIT($,.RADIAN.));
#9268=(NAMED_UNIT(*)SI_UNIT($,.STERADIAN.)SOLID_ANGLE_UNIT());
#9274=AXIS2_PLACEMENT_3D('',#9271,#9272,#9273);
#9279=PRODUCT_DEFINITION('design','',#9278,#9275);
#9280=SHAPE_DEFINITION_REPRESENTATION(#9281,#9282);
#9281=PRODUCT_DEFINITION_SHAPE('','SHAPE FOR ASM0015_ASM_1_ASM_1_ASM.',#9311);
#9282=SHAPE_REPRESENTATION('',(#9293,#9288,#9307),#9303);
#9283=NEXT_ASSEMBLY_USAGE_OCCURRENCE('48','Next assembly relationship',
'XINQINGJIAN',#9311,#9279,$);
#9284=PRODUCT_DEFINITION_SHAPE('Placement #48',
'Placement of XINQINGJIAN_ASM_1_ASM_1_ASM with respect to ASM0015_ASM_1_ASM_1_ASM',#9283);
#9293=AXIS2_PLACEMENT_3D('',#9290,#9291,#9292);
#9296=(LENGTH_UNIT()NAMED_UNIT(*)SI_UNIT(.MILLI.,.METRE.));
#9298=(NAMED_UNIT(*)PLANE_ANGLE_UNIT()SI_UNIT($,.RADIAN.));
#9301=(NAMED_UNIT(*)SI_UNIT($,.STERADIAN.)SOLID_ANGLE_UNIT());
#9307=AXIS2_PLACEMENT_3D('',#9304,#9305,#9306);
#9311=PRODUCT_DEFINITION('design','',#9310,#9275);
#9312=SHAPE_DEFINITION_REPRESENTATION(#9313,#9314);
#9313=PRODUCT_DEFINITION_SHAPE('','SHAPE FOR NODE_--110325000_ASM_1_ASM.',
#9344);
#9314=SHAPE_REPRESENTATION('',(#9325,#9320,#9339),#9335);
#9315=NEXT_ASSEMBLY_USAGE_OCCURRENCE('49','Next assembly relationship',
'ASM0015_ASM_1',#9344,#9311,$);
#9316=PRODUCT_DEFINITION_SHAPE('Placement #49',
'Placement of ASM0015_ASM_1_ASM_1_ASM with respect to NODE_--110325000_ASM_1_ASM',#9315);
#9325=AXIS2_PLACEMENT_3D('',#9322,#9323,#9324);
#9328=(LENGTH_UNIT()NAMED_UNIT(*)SI_UNIT(.MILLI.,.METRE.));
#9330=(NAMED_UNIT(*)PLANE_ANGLE_UNIT()SI_UNIT($,.RADIAN.));
#9333=(NAMED_UNIT(*)SI_UNIT($,.STERADIAN.)SOLID_ANGLE_UNIT());
#9339=AXIS2_PLACEMENT_3D('',#9336,#9337,#9338);
#9344=PRODUCT_DEFINITION('design','',#9343,#9340);
#9345=SHAPE_DEFINITION_REPRESENTATION(#9346,#9347);
#9346=PRODUCT_DEFINITION_SHAPE('','SHAPE FOR NODE--111125000_ASM.',#9372);
#9347=SHAPE_REPRESENTATION('',(#9353,#9368),#9364);
#9348=NEXT_ASSEMBLY_USAGE_OCCURRENCE('50','Next assembly relationship',
'NODE_--110325000_ASM_1',#9372,#9344,$);
#9349=PRODUCT_DEFINITION_SHAPE('Placement #50',
'Placement of NODE_--110325000_ASM_1_ASM with respect to NODE--111125000_ASM',
#9348);
#9357=(LENGTH_UNIT()NAMED_UNIT(*)SI_UNIT(.MILLI.,.METRE.));
#9359=(NAMED_UNIT(*)PLANE_ANGLE_UNIT()SI_UNIT($,.RADIAN.));
#9362=(NAMED_UNIT(*)SI_UNIT($,.STERADIAN.)SOLID_ANGLE_UNIT());
#9368=AXIS2_PLACEMENT_3D('',#9365,#9366,#9367);
#9372=PRODUCT_DEFINITION('design','',#9371,#9340);
ENDSEC;
END-ISO-10303-21;
