ISO-10303-21;
HEADER;
FILE_DESCRIPTION((''),'2;1');
FILE_NAME('NODE_--1103250003','2025-11-11T10:36:41',('Admin'),(''),
'CREO PARAMETRIC BY PTC INC, 2024063','CREO PARAMETRIC BY PTC INC, 2024063','');
FILE_SCHEMA(('CONFIG_CONTROL_DESIGN'));
ENDSEC;
DATA;
#1=DIRECTION('',(-2.408291925055E-14,-9.942056108456E-1,-1.074951318112E-1));
#2=VECTOR('',#1,1.003136404043E1);
#3=CARTESIAN_POINT('',(-8.4E1,1.547646099902E1,-1.602468899485E0));
#4=LINE('',#3,#2);
#5=DIRECTION('',(-1.145723834838E-12,9.942056108444E-1,1.074951318223E-1));
#6=VECTOR('',#5,1.323441262202E1);
#7=CARTESIAN_POINT('',(-8.4E1,5.718980308490E0,-6.043709902071E0));
#8=LINE('',#7,#6);
#9=CARTESIAN_POINT('',(-8.400000000003E1,1.882296002867E1,-4.123972167014E0));
#10=DIRECTION('',(1.E0,3.042607335798E-12,-2.560213114375E-12));
#11=DIRECTION('',(-2.870592652473E-12,1.074951267856E-1,-9.942056113890E-1));
#12=AXIS2_PLACEMENT_3D('',#9,#10,#11);
#14=CARTESIAN_POINT('',(-8.4E1,1.542271343296E1,-1.105366094105E0));
#15=DIRECTION('',(-1.E0,6.266351391510E-13,-5.272844386808E-13));
#16=DIRECTION('',(5.968558980385E-13,9.979482149460E-1,6.402624685281E-2));
#17=AXIS2_PLACEMENT_3D('',#14,#15,#16);
#19=CARTESIAN_POINT('',(-4.75E1,1.068052477428E1,-2.121013344418E0));
#20=DIRECTION('',(0.E0,-1.074951318136E-1,9.942056108454E-1));
#21=DIRECTION('',(1.E0,-2.203548996388E-12,-2.382917711391E-13));
#22=AXIS2_PLACEMENT_3D('',#19,#20,#21);
#24=CARTESIAN_POINT('',(-4.75E1,1.068052477428E1,-2.121013344418E0));
#25=DIRECTION('',(0.E0,-1.074951318136E-1,9.942056108454E-1));
#26=DIRECTION('',(-1.E0,-2.199216418731E-12,-2.378585133734E-13));
#27=AXIS2_PLACEMENT_3D('',#24,#25,#26);
#29=CARTESIAN_POINT('',(4.75E1,1.068052477428E1,-2.121013344418E0));
#30=DIRECTION('',(0.E0,-1.074951318136E-1,9.942056108454E-1));
#31=DIRECTION('',(1.E0,-2.200082934262E-12,-2.378585133734E-13));
#32=AXIS2_PLACEMENT_3D('',#29,#30,#31);
#34=CARTESIAN_POINT('',(4.75E1,1.068052477428E1,-2.121013344418E0));
#35=DIRECTION('',(0.E0,-1.074951318136E-1,9.942056108454E-1));
#36=DIRECTION('',(-1.E0,-2.201815965325E-12,-2.380751422562E-13));
#37=AXIS2_PLACEMENT_3D('',#34,#35,#36);
#39=DIRECTION('',(2.549956156038E-14,9.942056108451E-1,1.074951318160E-1));
#40=VECTOR('',#39,1.003136404004E1);
#41=CARTESIAN_POINT('',(8.4E1,5.503222585595E0,-2.680791699257E0));
#42=LINE('',#41,#40);
#43=CARTESIAN_POINT('',(8.4E1,1.542271343286E1,-1.105366094017E0));
#44=DIRECTION('',(1.E0,-6.266351391510E-13,5.272844386808E-13));
#45=DIRECTION('',(5.968558980385E-13,1.074951311247E-1,-9.942056109198E-1));
#46=AXIS2_PLACEMENT_3D('',#43,#44,#45);
#48=DIRECTION('',(-2.890444482302E-14,-6.402624786526E-2,9.979482148811E-1));
#49=VECTOR('',#48,1.229123652280E1);
#50=CARTESIAN_POINT('',(8.4E1,1.592168754031E1,-1.073352969865E0));
#51=LINE('',#50,#49);
#52=DIRECTION('',(4.440892098502E-13,9.979482148810E-1,6.402624786651E-2));
#53=VECTOR('',#52,3.199999999999E0);
#54=CARTESIAN_POINT('',(8.4E1,1.513472578413E1,1.119266457675E1));
#55=LINE('',#54,#53);
#56=DIRECTION('',(-9.732487557042E-13,6.402624787462E-2,-9.979482148805E-1));
#57=VECTOR('',#56,1.552135409752E1);
#58=CARTESIAN_POINT('',(8.4E1,1.832816007175E1,1.139754856992E1));
#59=LINE('',#58,#57);
#60=CARTESIAN_POINT('',(8.399999999997E1,1.882296002919E1,-4.123972167444E0));
#61=DIRECTION('',(-1.E0,-3.042607335798E-12,2.560213114375E-12));
#62=DIRECTION('',(-2.870592652473E-12,9.979482151130E-1,6.402624425009E-2));
#63=AXIS2_PLACEMENT_3D('',#60,#61,#62);
#65=DIRECTION('',(1.140354931919E-12,-9.942056108463E-1,-1.074951318049E-1));
#66=VECTOR('',#65,1.323441262463E1);
#67=CARTESIAN_POINT('',(8.399999999999E1,1.887670759615E1,-4.621074972626E0));
#68=LINE('',#67,#66);
#69=DIRECTION('',(-5.482204773233E-14,-6.402624786712E-2,9.979482148809E-1));
#70=VECTOR('',#69,3.369832374734E0);
#71=CARTESIAN_POINT('',(-8.4E1,5.718980308490E0,-6.043709902071E0));
#72=LINE('',#71,#70);
#73=DIRECTION('',(1.E0,0.E0,0.E0));
#74=VECTOR('',#73,1.68E2);
#75=CARTESIAN_POINT('',(-8.4E1,5.503222585595E0,-2.680791699257E0));
#76=LINE('',#75,#74);
#77=DIRECTION('',(3.879714147211E-13,6.402624786712E-2,-9.979482148809E-1));
#78=VECTOR('',#77,3.369832374734E0);
#79=CARTESIAN_POINT('',(8.4E1,5.503222585595E0,-2.680791699257E0));
#80=LINE('',#79,#78);
#81=DIRECTION('',(1.E0,0.E0,0.E0));
#82=VECTOR('',#81,1.68E2);
#83=CARTESIAN_POINT('',(-8.4E1,5.718980308490E0,-6.043709902071E0));
#84=LINE('',#83,#82);
#85=CARTESIAN_POINT('',(-1.045218665053E1,9.148073732664E0,-5.672950729510E0));
#86=CARTESIAN_POINT('',(-1.045208004703E1,9.115572507930E0,-5.676464814925E0));
#87=CARTESIAN_POINT('',(-1.047191354944E1,9.066822198691E0,-5.681735777853E0));
#88=CARTESIAN_POINT('',(-1.051294177985E1,9.015881183732E0,-5.687243603456E0));
#89=CARTESIAN_POINT('',(-1.055204378487E1,8.984345981068E0,-5.690653240990E0));
#90=CARTESIAN_POINT('',(-1.058970272461E1,8.964973738645E0,-5.692747799430E0));
#91=CARTESIAN_POINT('',(-1.062114241564E1,8.956235764216E0,-5.693692563473E0));
#92=CARTESIAN_POINT('',(-1.063746182463E1,8.954544283876E0,-5.693875449085E0));
#93=CARTESIAN_POINT('',(-1.064563634732E1,8.954517721734E0,-5.693878321027E0));
#95=CARTESIAN_POINT('',(-1.162343154739E1,8.951340498908E0,-5.694221847540E0));
#96=CARTESIAN_POINT('',(-1.163160176370E1,8.951314004380E0,-5.694224712172E0));
#97=CARTESIAN_POINT('',(-1.164792418838E1,8.952899012365E0,-5.694053338524E0));
#98=CARTESIAN_POINT('',(-1.167940027069E1,8.961416744646E0,-5.693132387421E0));
#99=CARTESIAN_POINT('',(-1.173290769133E1,8.988540849414E0,-5.690199684984E0));
#100=CARTESIAN_POINT('',(-1.179090596546E1,9.045593658073E0,-5.684031042280E0));
#101=CARTESIAN_POINT('',(-1.181804251259E1,9.111116731947E0,-5.676946580690E0));
#102=CARTESIAN_POINT('',(-1.181814938853E1,9.143635208385E0,-5.673430629993E0));
#104=CARTESIAN_POINT('',(-1.190008828494E1,9.738511095442E0,-5.609111679069E0));
#105=DIRECTION('',(-2.035408878476E-14,-1.074951318134E-1,9.942056108454E-1));
#106=DIRECTION('',(9.999945565908E-1,3.280394734778E-3,3.546816278157E-4));
#107=AXIS2_PLACEMENT_3D('',#104,#105,#106);
#109=DIRECTION('',(-8.676791713062E-1,4.942440543661E-1,5.343847308123E-2));
#110=VECTOR('',#109,9.848287447882E-1);
#111=CARTESIAN_POINT('',(-1.186032963330E1,9.807510571766E0,-5.601651343177E0));
#112=LINE('',#111,#110);
#113=CARTESIAN_POINT('',(-1.271484502246E1,1.029425632345E1,-5.549023598809E0));
#114=CARTESIAN_POINT('',(-1.274057075677E1,1.030891156595E1,-5.547439050092E0));
#115=CARTESIAN_POINT('',(-1.278638813049E1,1.035000023008E1,-5.542996476727E0));
#116=CARTESIAN_POINT('',(-1.283159662511E1,1.042725555739E1,-5.534643504764E0));
#117=CARTESIAN_POINT('',(-1.284488002114E1,1.048715686073E1,-5.528166878172E0));
#118=CARTESIAN_POINT('',(-1.284497689022E1,1.051663057893E1,-5.524980131699E0));
#120=CARTESIAN_POINT('',(-1.285208200285E1,1.267846226653E1,-5.291239364516E0));
#121=CARTESIAN_POINT('',(-1.285218861775E1,1.271096739351E1,-5.287724857183E0));
#122=CARTESIAN_POINT('',(-1.282683214373E1,1.277469248587E1,-5.280834796286E0));
#123=CARTESIAN_POINT('',(-1.276753567951E1,1.283442897786E1,-5.274375989365E0));
#124=CARTESIAN_POINT('',(-1.271456294476E1,1.286157128301E1,-5.271441319074E0));
#125=CARTESIAN_POINT('',(-1.268706179771E1,1.286922453467E1,-5.270613837025E0));
#126=CARTESIAN_POINT('',(-1.267087528109E1,1.287159164289E1,-5.270357901424E0));
#127=CARTESIAN_POINT('',(-1.266270979968E1,1.287202580290E1,-5.270310959335E0));
#128=CARTESIAN_POINT('',(-1.265862192506E1,1.287203908595E1,-5.270309523151E0));
#130=CARTESIAN_POINT('',(-1.168082671287E1,1.287521628258E1,-5.269965999469E0));
#131=CARTESIAN_POINT('',(-1.167265670839E1,1.287524282873E1,-5.269963129257E0));
#132=CARTESIAN_POINT('',(-1.165633471280E1,1.287365771424E1,-5.270134514419E0));
#133=CARTESIAN_POINT('',(-1.162485958721E1,1.286513969747E1,-5.271055496284E0));
#134=CARTESIAN_POINT('',(-1.157135162869E1,1.283801347481E1,-5.273988427710E0));
#135=CARTESIAN_POINT('',(-1.151335296403E1,1.278095281470E1,-5.280157919325E0));
#136=CARTESIAN_POINT('',(-1.148621570762E1,1.271542366231E1,-5.287243038133E0));
#137=CARTESIAN_POINT('',(-1.148610881672E1,1.268290082748E1,-5.290759460067E0));
#139=CARTESIAN_POINT('',(-1.148145467802E1,1.126701395259E1,-5.443847457750E0));
#140=CARTESIAN_POINT('',(-1.148128158375E1,1.121437060587E1,-5.449539342239E0));
#141=CARTESIAN_POINT('',(-1.144644118266E1,1.111169986942E1,-5.460640269681E0));
#142=CARTESIAN_POINT('',(-1.133637481275E1,1.102960051159E1,-5.469516986122E0));
#143=CARTESIAN_POINT('',(-1.123256599023E1,1.100936147157E1,-5.471705264130E0));
#144=CARTESIAN_POINT('',(-1.114776585102E1,1.100775705387E1,-5.471878736389E0));
#145=CARTESIAN_POINT('',(-1.106212509568E1,1.100826109645E1,-5.471824238483E0));
#146=CARTESIAN_POINT('',(-1.095463288326E1,1.102737863301E1,-5.469757219258E0));
#147=CARTESIAN_POINT('',(-1.083847192440E1,1.110868102181E1,-5.460966672408E0));
#148=CARTESIAN_POINT('',(-1.080253922075E1,1.121546326559E1,-5.449421202089E0));
#149=CARTESIAN_POINT('',(-1.080271589564E1,1.126921943641E1,-5.443608997244E0));
#151=CARTESIAN_POINT('',(-1.080736917040E1,1.268510631231E1,-5.290520999452E0));
#152=CARTESIAN_POINT('',(-1.080747598669E1,1.271761143248E1,-5.287006492856E0));
#153=CARTESIAN_POINT('',(-1.078078928721E1,1.278330175873E1,-5.279903947666E0));
#154=CARTESIAN_POINT('',(-1.072317851868E1,1.284074195115E1,-5.273693420399E0));
#155=CARTESIAN_POINT('',(-1.066984107179E1,1.286823246470E1,-5.270721101246E0));
#156=CARTESIAN_POINT('',(-1.063840506750E1,1.287696373143E1,-5.269777062451E0));
#157=CARTESIAN_POINT('',(-1.062208418760E1,1.287865655952E1,-5.269594031117E0));
#158=CARTESIAN_POINT('',(-1.061390933709E1,1.287868312298E1,-5.269591159033E0));
#160=CARTESIAN_POINT('',(-9.636134983708E0,1.288186025183E1,-5.269247642680E0));
#161=CARTESIAN_POINT('',(-9.627964980641E0,1.288188679818E1,-5.269244772447E0));
#162=CARTESIAN_POINT('',(-9.611642986862E0,1.288030168471E1,-5.269416157500E0));
#163=CARTESIAN_POINT('',(-9.580167870019E0,1.287178367267E1,-5.270337138851E0));
#164=CARTESIAN_POINT('',(-9.526659921947E0,1.284465746238E1,-5.273270068939E0));
#165=CARTESIAN_POINT('',(-9.468661288414E0,1.278759683362E1,-5.279439557164E0));
#166=CARTESIAN_POINT('',(-9.441523974945E0,1.272206772080E1,-5.286524671696E0));
#167=CARTESIAN_POINT('',(-9.441417084062E0,1.268954489435E1,-5.290041092723E0));
#169=CARTESIAN_POINT('',(-9.434313040802E0,1.052769232635E1,-5.523784117530E0));
#170=CARTESIAN_POINT('',(-9.434219097454E0,1.049909478821E1,-5.526876129986E0));
#171=CARTESIAN_POINT('',(-9.446376879631E0,1.044073992657E1,-5.533185552780E0));
#172=CARTESIAN_POINT('',(-9.489073508166E0,1.036462589188E1,-5.541415126324E0));
#173=CARTESIAN_POINT('',(-9.532549146987E0,1.032326769408E1,-5.545886842109E0));
#174=CARTESIAN_POINT('',(-9.557183546075E0,1.030797458025E1,-5.547540358514E0));
#176=DIRECTION('',(-8.643096103583E-1,-5.000457882911E-1,-5.406576601367E-2));
#177=VECTOR('',#176,9.917753727948E-1);
#178=CARTESIAN_POINT('',(-9.557183546075E0,1.030797458025E1,-5.547540358514E0));
#179=LINE('',#178,#177);
#180=CARTESIAN_POINT('',(-1.037415906004E1,9.743309811862E0,-5.608592834025E0));
#181=DIRECTION('',(-1.091719307547E-13,-1.074951318135E-1,9.942056108454E-1));
#182=DIRECTION('',(-5.029222811918E-1,8.593233633446E-1,9.291144327232E-2));
#183=AXIS2_PLACEMENT_3D('',#180,#181,#182);
#185=CARTESIAN_POINT('',(-8.552120687275E0,8.961320364816E0,-5.693142808165E0));
#186=CARTESIAN_POINT('',(-8.560291443363E0,8.961293816065E0,-5.693145678659E0));
#187=CARTESIAN_POINT('',(-8.576614946575E0,8.962878913289E0,-5.692974295362E0));
#188=CARTESIAN_POINT('',(-8.608093194165E0,8.971396928807E0,-5.692053313636E0));
#189=CARTESIAN_POINT('',(-8.661603233853E0,8.998521451301E0,-5.689120566033E0));
#190=CARTESIAN_POINT('',(-8.719604440358E0,9.055573397955E0,-5.682952016532E0));
#191=CARTESIAN_POINT('',(-8.746742091693E0,9.121096971168E0,-5.675867500952E0));
#192=CARTESIAN_POINT('',(-8.746848966897E0,9.153615011508E0,-5.672351597406E0));
#194=CARTESIAN_POINT('',(-8.758477434667E0,1.269180547324E1,-5.289796675249E0));
#195=CARTESIAN_POINT('',(-8.758584244873E0,1.272430627623E1,-5.286282635433E0));
#196=CARTESIAN_POINT('',(-8.731898190379E0,1.278999049344E1,-5.279180750762E0));
#197=CARTESIAN_POINT('',(-8.674287771842E0,1.284742280975E1,-5.272971075073E0));
#198=CARTESIAN_POINT('',(-8.620950886645E0,1.287491120122E1,-5.269998985364E0));
#199=CARTESIAN_POINT('',(-8.589513888088E0,1.288364217995E1,-5.269054977707E0));
#200=CARTESIAN_POINT('',(-8.573192568614E0,1.288533494386E1,-5.268871953312E0));
#201=CARTESIAN_POINT('',(-8.565017500242E0,1.288536150804E1,-5.268869081150E0));
#203=CARTESIAN_POINT('',(-7.587243184971E0,1.288853863655E1,-5.268525564835E0));
#204=CARTESIAN_POINT('',(-7.579072970988E0,1.288856518354E1,-5.268522694530E0));
#205=CARTESIAN_POINT('',(-7.562750552538E0,1.288698013702E1,-5.268694072346E0));
#206=CARTESIAN_POINT('',(-7.531274470392E0,1.287846242396E1,-5.269615021371E0));
#207=CARTESIAN_POINT('',(-7.477767051154E0,1.285133830697E1,-5.272547725129E0));
#208=CARTESIAN_POINT('',(-7.419768777444E0,1.279428550740E1,-5.278716366850E0));
#209=CARTESIAN_POINT('',(-7.392632230653E0,1.272876243077E1,-5.285800828737E0));
#210=CARTESIAN_POINT('',(-7.392525353589E0,1.269624395586E1,-5.289316779269E0));
#212=CARTESIAN_POINT('',(-7.389126001441E0,1.166213659847E1,-5.401126152984E0));
#213=CARTESIAN_POINT('',(-7.388952885045E0,1.160949353269E1,-5.406818007097E0));
#214=CARTESIAN_POINT('',(-7.354112948136E0,1.150682358190E1,-5.417918849592E0));
#215=CARTESIAN_POINT('',(-7.244048011108E0,1.142472412311E1,-5.426795576949E0));
#216=CARTESIAN_POINT('',(-7.140240182121E0,1.140448460034E1,-5.428983907155E0));
#217=CARTESIAN_POINT('',(-7.055439748038E0,1.140287968932E1,-5.429157432751E0));
#218=CARTESIAN_POINT('',(-6.969797728527E0,1.140338338896E1,-5.429102971924E0));
#219=CARTESIAN_POINT('',(-6.862301894985E0,1.142250065689E1,-5.427035981743E0));
#220=CARTESIAN_POINT('',(-6.746137332995E0,1.150380173254E1,-5.418245576872E0));
#221=CARTESIAN_POINT('',(-6.710200071238E0,1.161058550786E1,-5.406699940961E0));
#222=CARTESIAN_POINT('',(-6.710376747513E0,1.166434212057E1,-5.400887688339E0));
#224=CARTESIAN_POINT('',(-6.713775265238E0,1.269844947121E1,-5.289078315354E0));
#225=CARTESIAN_POINT('',(-6.713882064869E0,1.273095069416E1,-5.285564230131E0));
#226=CARTESIAN_POINT('',(-6.687197117201E0,1.279663442894E1,-5.278462397622E0));
#227=CARTESIAN_POINT('',(-6.629589622784E0,1.285406759087E1,-5.272252630503E0));
#228=CARTESIAN_POINT('',(-6.576255332251E0,1.288155555726E1,-5.269280586754E0));
#229=CARTESIAN_POINT('',(-6.544820511540E0,1.289028621049E1,-5.268336614290E0));
#230=CARTESIAN_POINT('',(-6.528500287687E0,1.289197891521E1,-5.268153596295E0));
#231=CARTESIAN_POINT('',(-6.520325764692E0,1.289200547730E1,-5.268150724359E0));
#233=CARTESIAN_POINT('',(-5.542530555517E0,1.289518267370E1,-5.267807200704E0));
#234=CARTESIAN_POINT('',(-5.534360341532E0,1.289520922069E1,-5.267804330400E0));
#235=CARTESIAN_POINT('',(-5.518037923073E0,1.289362417415E1,-5.267975708217E0));
#236=CARTESIAN_POINT('',(-5.486561840933E0,1.288510646106E1,-5.268896657246E0));
#237=CARTESIAN_POINT('',(-5.433054421762E0,1.285798234410E1,-5.271829361E0));
#238=CARTESIAN_POINT('',(-5.375056147729E0,1.280092954397E1,-5.277998002782E0));
#239=CARTESIAN_POINT('',(-5.347919600864E0,1.273540646796E1,-5.285082464603E0));
#240=CARTESIAN_POINT('',(-5.347812724230E0,1.270288799261E1,-5.288598415182E0));
#242=CARTESIAN_POINT('',(-5.336184257349E0,9.164697530891E0,-5.671153337338E0));
#243=CARTESIAN_POINT('',(-5.336077445790E0,9.132196309152E0,-5.674667422430E0));
#244=CARTESIAN_POINT('',(-5.362762393932E0,9.066512578169E0,-5.681769254529E0));
#245=CARTESIAN_POINT('',(-5.420369886921E0,9.009079416385E0,-5.687979021632E0));
#246=CARTESIAN_POINT('',(-5.473704178419E0,8.981591450266E0,-5.690951065352E0));
#247=CARTESIAN_POINT('',(-5.505138996011E0,8.972860797540E0,-5.691895037761E0));
#248=CARTESIAN_POINT('',(-5.521459221281E0,8.971168092734E0,-5.692078055764E0));
#249=CARTESIAN_POINT('',(-5.529633742648E0,8.971141530330E0,-5.692080927735E0));
#251=CARTESIAN_POINT('',(-6.507408057817E0,8.967964401974E0,-5.692424444033E0));
#252=CARTESIAN_POINT('',(-6.515578813910E0,8.967937853223E0,-5.692427314528E0));
#253=CARTESIAN_POINT('',(-6.531902317121E0,8.969522950453E0,-5.692255931230E0));
#254=CARTESIAN_POINT('',(-6.563380564734E0,8.978040965952E0,-5.691334949504E0));
#255=CARTESIAN_POINT('',(-6.616890604468E0,9.005165488396E0,-5.688402201908E0));
#256=CARTESIAN_POINT('',(-6.674891810905E0,9.062217435093E0,-5.682233652401E0));
#257=CARTESIAN_POINT('',(-6.702029462234E0,9.127741008323E0,-5.675149136820E0));
#258=CARTESIAN_POINT('',(-6.702136337439E0,9.160259048663E0,-5.671633233274E0));
#260=CARTESIAN_POINT('',(-6.705535688882E0,1.019436640635E1,-5.559823859528E0));
#261=CARTESIAN_POINT('',(-6.705708810476E0,1.024701108532E1,-5.554131830994E0));
#262=CARTESIAN_POINT('',(-6.740547453649E0,1.034968459805E1,-5.543030603377E0));
#263=CARTESIAN_POINT('',(-6.850612216120E0,1.043179200585E1,-5.534153016559E0));
#264=CARTESIAN_POINT('',(-6.954423156317E0,1.045203773008E1,-5.531964015842E0));
#265=CARTESIAN_POINT('',(-7.039225520549E0,1.045364484636E1,-5.531790251810E0));
#266=CARTESIAN_POINT('',(-7.124868438786E0,1.045313840318E1,-5.531845009273E0));
#267=CARTESIAN_POINT('',(-7.232362533453E0,1.043401402407E1,-5.533912768326E0));
#268=CARTESIAN_POINT('',(-7.348520697724E0,1.035270253922E1,-5.542704298657E0));
#269=CARTESIAN_POINT('',(-7.384451174665E0,1.024591827406E1,-5.554249987530E0));
#270=CARTESIAN_POINT('',(-7.384274495569E0,1.019216091660E1,-5.560062320675E0));
#272=CARTESIAN_POINT('',(-7.380875977011E0,9.158053566764E0,-5.671871693573E0));
#273=CARTESIAN_POINT('',(-7.380769178678E0,9.125552762560E0,-5.675385733520E0));
#274=CARTESIAN_POINT('',(-7.407455233131E0,9.059868541764E0,-5.682487618579E0));
#275=CARTESIAN_POINT('',(-7.465065652894E0,9.002436225405E0,-5.688697294274E0));
#276=CARTESIAN_POINT('',(-7.518402537180E0,8.974947833879E0,-5.691669383988E0));
#277=CARTESIAN_POINT('',(-7.549839538817E0,8.966216854764E0,-5.692613391687E0));
#278=CARTESIAN_POINT('',(-7.566160856854E0,8.964524090972E0,-5.692796416069E0));
#279=CARTESIAN_POINT('',(-7.574335926837E0,8.964497527118E0,-5.692799288196E0));
#281=CARTESIAN_POINT('',(-4.527602167831E0,1.032089643161E1,-5.546143226874E0));
#282=CARTESIAN_POINT('',(-4.553326500278E0,1.033555083283E1,-5.544558769118E0));
#283=CARTESIAN_POINT('',(-4.599140598175E0,1.037663446083E1,-5.540116740267E0));
#284=CARTESIAN_POINT('',(-4.644347332713E0,1.045387808949E1,-5.531765033183E0));
#285=CARTESIAN_POINT('',(-4.657630213210E0,1.051376999890E1,-5.525289422277E0));
#286=CARTESIAN_POINT('',(-4.657727063752E0,1.054323809468E1,-5.522103283709E0));
#288=CARTESIAN_POINT('',(-4.663054487318E0,1.216418257311E1,-5.346844123561E0));
#289=CARTESIAN_POINT('',(-4.663150116336E0,1.219366451839E1,-5.343656487564E0));
#290=CARTESIAN_POINT('',(-4.650263524414E0,1.225366257468E1,-5.337169399884E0));
#291=CARTESIAN_POINT('',(-4.605566319457E0,1.233122220638E1,-5.328783526035E0));
#292=CARTESIAN_POINT('',(-4.560019243197E0,1.237261226879E1,-5.324308364996E0));
#293=CARTESIAN_POINT('',(-4.534389664070E0,1.238743047613E1,-5.322706196255E0));
#295=DIRECTION('',(8.644427996026E-1,4.998181666969E-1,5.404115519538E-2));
#296=VECTOR('',#295,8.923710962046E-1);
#297=CARTESIAN_POINT('',(-4.534389664070E0,1.238743047613E1,-5.322706196255E0));
#298=LINE('',#297,#296);
#299=CARTESIAN_POINT('',(-3.762985895383E0,1.283345376145E1,-5.274481431353E0));
#300=CARTESIAN_POINT('',(-3.737030277993E0,1.284846121270E1,-5.272858801252E0));
#301=CARTESIAN_POINT('',(-3.682055377381E0,1.287382734643E1,-5.270116173511E0));
#302=CARTESIAN_POINT('',(-3.609222484595E0,1.289348754423E1,-5.267990480867E0));
#303=CARTESIAN_POINT('',(-3.549437624123E0,1.290172191188E1,-5.267100167608E0));
#304=CARTESIAN_POINT('',(-3.519432641742E0,1.290320357316E1,-5.266939967976E0));
#305=CARTESIAN_POINT('',(-3.504426961465E0,1.290325233224E1,-5.266934696064E0));
#307=CARTESIAN_POINT('',(-2.415834521259E0,1.290678957311E1,-5.266552243814E0));
#308=CARTESIAN_POINT('',(-2.400826130356E0,1.290683834063E1,-5.266546970990E0));
#309=CARTESIAN_POINT('',(-2.370806518819E0,1.290555298781E1,-5.266685945431E0));
#310=CARTESIAN_POINT('',(-2.310962220067E0,1.289771126460E1,-5.267533805332E0));
#311=CARTESIAN_POINT('',(-2.238002264133E0,1.287852709966E1,-5.269608028528E0));
#312=CARTESIAN_POINT('',(-2.182864147245E0,1.285352307495E1,-5.272311504452E0));
#313=CARTESIAN_POINT('',(-2.156815076683E0,1.283868546744E1,-5.273915770771E0));
#315=DIRECTION('',(8.679105237582E-1,-4.938423758034E-1,-5.339504293968E-2));
#316=VECTOR('',#315,8.891620483638E-1);
#317=CARTESIAN_POINT('',(-2.156815076683E0,1.283868546744E1,-5.273915770771E0));
#318=LINE('',#317,#316);
#319=CARTESIAN_POINT('',(-1.385101977581E0,1.239957956900E1,-5.321392616523E0));
#320=CARTESIAN_POINT('',(-1.359098582060E0,1.238481481421E1,-5.322989005886E0));
#321=CARTESIAN_POINT('',(-1.312283317868E0,1.234369927712E1,-5.327434484800E0));
#322=CARTESIAN_POINT('',(-1.266139432911E0,1.226577970405E1,-5.335859276098E0));
#323=CARTESIAN_POINT('',(-1.252487653371E0,1.220512314997E1,-5.342417561633E0));
#324=CARTESIAN_POINT('',(-1.252389520906E0,1.217526510189E1,-5.345645862478E0));
#326=CARTESIAN_POINT('',(-1.242538846582E0,9.177993677315E0,-5.669715736306E0));
#327=CARTESIAN_POINT('',(-1.242432033158E0,9.145491560409E0,-5.673229918184E0));
#328=CARTESIAN_POINT('',(-1.269117719396E0,9.079806007034E0,-5.680331947323E0));
#329=CARTESIAN_POINT('',(-1.326726813395E0,9.022371253446E0,-5.686541886535E0));
#330=CARTESIAN_POINT('',(-1.380062588719E0,8.994882524918E0,-5.689514012688E0));
#331=CARTESIAN_POINT('',(-1.411498277916E0,8.986151631517E0,-5.690458011119E0));
#332=CARTESIAN_POINT('',(-1.427818950602E0,8.984458880045E0,-5.690641034168E0));
#333=CARTESIAN_POINT('',(-1.435993697847E0,8.984432316851E0,-5.690643906224E0));
#335=CARTESIAN_POINT('',(-2.413768299112E0,8.981255160958E0,-5.690987425500E0));
#336=CARTESIAN_POINT('',(-2.421938740627E0,8.981228665703E0,-5.690990290210E0));
#337=CARTESIAN_POINT('',(-2.438261615247E0,8.982813718991E0,-5.690818911664E0));
#338=CARTESIAN_POINT('',(-2.469738565423E0,8.991331674294E0,-5.689897936447E0));
#339=CARTESIAN_POINT('',(-2.523247473218E0,9.018456647070E0,-5.686965140160E0));
#340=CARTESIAN_POINT('',(-2.581249990832E0,9.075512648543E0,-5.680796152245E0));
#341=CARTESIAN_POINT('',(-2.608387728454E0,9.141044931064E0,-5.673710695E0));
#342=CARTESIAN_POINT('',(-2.608491575207E0,9.173568358047E0,-5.670194209041E0));
#344=CARTESIAN_POINT('',(-2.690329658490E0,9.734858944321E0,-5.609506555603E0));
#345=DIRECTION('',(1.443289932013E-14,-1.074951318136E-1,9.942056108454E-1));
#346=DIRECTION('',(9.999943747472E-1,3.334737230192E-3,3.605572269996E-4));
#347=AXIS2_PLACEMENT_3D('',#344,#345,#346);
#349=CARTESIAN_POINT('',(-3.494259915358E0,9.811776497403E0,-5.601190104341E0));
#350=CARTESIAN_POINT('',(-3.509279489025E0,9.811727557983E0,-5.601195395751E0));
#351=CARTESIAN_POINT('',(-3.539322902288E0,9.813012670012E0,-5.601056447343E0));
#352=CARTESIAN_POINT('',(-3.599184218082E0,9.820851378083E0,-5.600208913444E0));
#353=CARTESIAN_POINT('',(-3.672133943735E0,9.840014906903E0,-5.598136921460E0));
#354=CARTESIAN_POINT('',(-3.727251488728E0,9.865004689035E0,-5.595434985467E0));
#355=CARTESIAN_POINT('',(-3.753280591335E0,9.879831670363E0,-5.593831868069E0));
#357=DIRECTION('',(-8.676798037917E-1,4.942429568234E-1,5.343835441330E-2));
#358=VECTOR('',#357,8.924047478249E-1);
#359=CARTESIAN_POINT('',(-3.753280591335E0,9.879831670363E0,-5.593831868069E0));
#360=LINE('',#359,#358);
#361=CARTESIAN_POINT('',(1.598549223570E0,1.051908874423E1,-5.524714350858E0));
#362=CARTESIAN_POINT('',(1.622594832983E0,1.050545018670E1,-5.526188973937E0));
#363=CARTESIAN_POINT('',(1.665432980693E0,1.046713811236E1,-5.530331337888E0));
#364=CARTESIAN_POINT('',(1.707711601406E0,1.039504488032E1,-5.538126175693E0));
#365=CARTESIAN_POINT('',(1.720145065076E0,1.033911328245E1,-5.544173591257E0));
#366=CARTESIAN_POINT('',(1.720235511305E0,1.031159380858E1,-5.547149041646E0));
#368=CARTESIAN_POINT('',(1.723559138154E0,9.300314537872E0,-5.656490205404E0));
#369=CARTESIAN_POINT('',(1.723693764617E0,9.259349995935E0,-5.660919358476E0));
#370=CARTESIAN_POINT('',(1.692410058804E0,9.176447130201E0,-5.669882951502E0));
#371=CARTESIAN_POINT('',(1.599320373247E0,9.120828221250E0,-5.675896558631E0));
#372=CARTESIAN_POINT('',(1.513196846950E0,9.119190666905E0,-5.676073613676E0));
#373=CARTESIAN_POINT('',(1.471447343082E0,9.132995952241E0,-5.674580963715E0));
#374=CARTESIAN_POINT('',(1.452684736456E0,9.143682745300E0,-5.673425490224E0));
#376=DIRECTION('',(-8.676927581559E-1,4.942204765991E-1,5.343592381419E-2));
#377=VECTOR('',#376,2.184001253904E0);
#378=CARTESIAN_POINT('',(1.452684736456E0,9.143682745300E0,-5.673425490224E0));
#379=LINE('',#378,#377);
#380=CARTESIAN_POINT('',(-4.423573353600E-1,1.022306088590E1,
-5.556721365610E0));
#381=CARTESIAN_POINT('',(-4.663372992004E-1,1.023671942793E1,
-5.555244581773E0));
#382=CARTESIAN_POINT('',(-5.090446866014E-1,1.027501765793E1,
-5.551103714697E0));
#383=CARTESIAN_POINT('',(-5.511846020074E-1,1.034702734130E1,
-5.543317910310E0));
#384=CARTESIAN_POINT('',(-5.635665332902E-1,1.040286185612E1,
-5.537280991521E0));
#385=CARTESIAN_POINT('',(-5.636568260598E-1,1.043033459654E1,
-5.534310594031E0));
#387=CARTESIAN_POINT('',(-5.670718347825E-1,1.146972917018E1,
-5.421929557874E0));
#388=CARTESIAN_POINT('',(-5.671620405529E-1,1.149720177145E1,
-5.418959175427E0));
#389=CARTESIAN_POINT('',(-5.551492212496E-1,1.155311587063E1,
-5.412913651850E0));
#390=CARTESIAN_POINT('',(-5.134823762077E-1,1.162539721020E1,
-5.405098475552E0));
#391=CARTESIAN_POINT('',(-4.710288400355E-1,1.166397358346E1,
-5.400927535171E0));
#392=CARTESIAN_POINT('',(-4.471390238935E-1,1.167778770562E1,
-5.399433929758E0));
#394=DIRECTION('',(8.644253467246E-1,4.998480017181E-1,5.404438100671E-2));
#395=VECTOR('',#394,2.184002649235E0);
#396=CARTESIAN_POINT('',(-4.471390238935E-1,1.167778770562E1,
-5.399433929758E0));
#397=LINE('',#396,#395);
#398=CARTESIAN_POINT('',(1.440768223419E0,1.276945706559E1,-5.281400858463E0));
#399=CARTESIAN_POINT('',(1.458674747701E0,1.277981138864E1,-5.280281332171E0));
#400=CARTESIAN_POINT('',(1.498400162378E0,1.279361724559E1,-5.278788620406E0));
#401=CARTESIAN_POINT('',(1.582522639816E0,1.279429242922E1,-5.278715618451E0));
#402=CARTESIAN_POINT('',(1.678493662822E0,1.274202553164E1,-5.284366800644E0));
#403=CARTESIAN_POINT('',(1.712526045913E0,1.265730817960E1,-5.293526578888E0));
#404=CARTESIAN_POINT('',(1.712666448329E0,1.261458896918E1,-5.298145449578E0));
#406=CARTESIAN_POINT('',(1.715989050715E0,1.160330948965E1,-5.407486635915E0));
#407=CARTESIAN_POINT('',(1.716079406909E0,1.157579019714E1,-5.410462066694E0));
#408=CARTESIAN_POINT('',(1.704015712761E0,1.151977876892E1,-5.416518113647E0));
#409=CARTESIAN_POINT('',(1.662210803568E0,1.144741306426E1,-5.424342411634E0));
#410=CARTESIAN_POINT('',(1.619626681976E0,1.140882202325E1,-5.428514937916E0));
#411=CARTESIAN_POINT('',(1.595670570646E0,1.139502841958E1,-5.430006324837E0));
#413=DIRECTION('',(-8.653535741345E-1,-4.982579151149E-1,-5.387245825058E-2));
#414=VECTOR('',#413,6.741997371631E-1);
#415=CARTESIAN_POINT('',(1.595670570646E0,1.139502841958E1,-5.430006324837E0));
#416=LINE('',#415,#414);
#417=CARTESIAN_POINT('',(1.012249418412E0,1.105910306417E1,-5.466327122030E0));
#418=CARTESIAN_POINT('',(9.959531781682E-1,1.104971996059E1,-5.467341638490E0));
#419=CARTESIAN_POINT('',(9.724278475657E-1,1.101373337294E1,-5.471232567027E0));
#420=CARTESIAN_POINT('',(9.642863426608E-1,1.095476785432E1,-5.477608015050E0));
#421=CARTESIAN_POINT('',(9.729564869217E-1,1.089593258522E1,-5.483969380283E0));
#422=CARTESIAN_POINT('',(9.967766162275E-1,1.086032665734E1,-5.487819151263E0));
#423=CARTESIAN_POINT('',(1.013048196659E0,1.085110233002E1,-5.488816500576E0));
#425=DIRECTION('',(8.686412675915E-1,-4.925707876896E-1,-5.325755675794E-2));
#426=VECTOR('',#425,6.740423794667E-1);
#427=CARTESIAN_POINT('',(1.013048196659E0,1.085110233002E1,-5.488816500576E0));
#428=LINE('',#427,#426);
#429=CARTESIAN_POINT('',(2.538768063588E0,9.506324300988E0,-5.634216093893E0));
#430=CARTESIAN_POINT('',(2.512444603130E0,9.520678334531E0,-5.632664112380E0));
#431=CARTESIAN_POINT('',(2.465374883980E0,9.561778502966E0,-5.628220295151E0));
#432=CARTESIAN_POINT('',(2.418983306960E0,9.639842278310E0,-5.619779912468E0));
#433=CARTESIAN_POINT('',(2.405241161396E0,9.700669871067E0,-5.613203133953E0));
#434=CARTESIAN_POINT('',(2.405142735946E0,9.730617057318E0,-5.609965195343E0));
#436=CARTESIAN_POINT('',(2.395296809321E0,1.272644401558E1,-5.286051499568E0));
#437=CARTESIAN_POINT('',(2.395189995989E0,1.275894613282E1,-5.282537317653E0));
#438=CARTESIAN_POINT('',(2.421875680638E0,1.282463168532E1,-5.275435288609E0));
#439=CARTESIAN_POINT('',(2.479484770796E0,1.288206644029E1,-5.269225349248E0));
#440=CARTESIAN_POINT('',(2.532820544826E0,1.290955516794E1,-5.266253223190E0));
#441=CARTESIAN_POINT('',(2.564256229897E0,1.291828606085E1,-5.265309224813E0));
#442=CARTESIAN_POINT('',(2.580576905694E0,1.291997881220E1,-5.265126201776E0));
#443=CARTESIAN_POINT('',(2.588751652511E0,1.292000537537E1,-5.265123329723E0));
#445=CARTESIAN_POINT('',(3.566542066758E0,1.292318255618E1,-5.264779807753E0));
#446=CARTESIAN_POINT('',(3.574712505743E0,1.292320910387E1,-5.264776937374E0));
#447=CARTESIAN_POINT('',(3.591035373515E0,1.292162401387E1,-5.264948319889E0));
#448=CARTESIAN_POINT('',(3.622512323544E0,1.291310606714E1,-5.265869294179E0));
#449=CARTESIAN_POINT('',(3.676021229583E0,1.288598119994E1,-5.268802079052E0));
#450=CARTESIAN_POINT('',(3.734021112654E0,1.282892681747E1,-5.274970891918E0));
#451=CARTESIAN_POINT('',(3.761158410377E0,1.276340192265E1,-5.282055550391E0));
#452=CARTESIAN_POINT('',(3.761265290039E0,1.273088254994E1,-5.285571597996E0));
#454=CARTESIAN_POINT('',(3.768660426097E0,1.048101593876E1,-5.528830844668E0));
#455=CARTESIAN_POINT('',(3.768833493336E0,1.042837290934E1,-5.534522694850E0));
#456=CARTESIAN_POINT('',(3.803672586844E0,1.032570281085E1,-5.545623553315E0));
#457=CARTESIAN_POINT('',(3.913735736901E0,1.024360094013E1,-5.554500541453E0));
#458=CARTESIAN_POINT('',(4.017543510631E0,1.022335847295E1,-5.556689190011E0));
#459=CARTESIAN_POINT('',(4.102344068862E0,1.022175226700E1,-5.556862855618E0));
#460=CARTESIAN_POINT('',(4.187986148841E0,1.022225717622E1,-5.556808264011E0));
#461=CARTESIAN_POINT('',(4.295481679306E0,1.024137752751E1,-5.554740940450E0));
#462=CARTESIAN_POINT('',(4.411643625702E0,1.032268156208E1,-5.545950215657E0));
#463=CARTESIAN_POINT('',(4.447579797310E0,1.042946496869E1,-5.534404619612E0));
#464=CARTESIAN_POINT('',(4.447403121612E0,1.048322143566E1,-5.528592382747E0));
#466=CARTESIAN_POINT('',(4.440008878631E0,1.273308804818E1,-5.285333135930E0));
#467=CARTESIAN_POINT('',(4.439902066990E0,1.276559016607E1,-5.281818953945E0));
#468=CARTESIAN_POINT('',(4.466587751548E0,1.283127572062E1,-5.274716924679E0));
#469=CARTESIAN_POINT('',(4.524196842892E0,1.288871047541E1,-5.268506985337E0));
#470=CARTESIAN_POINT('',(4.577532615868E0,1.291619920321E1,-5.265534859263E0));
#471=CARTESIAN_POINT('',(4.608968304280E0,1.292493009664E1,-5.264590860829E0));
#472=CARTESIAN_POINT('',(4.625288978509E0,1.292662284790E1,-5.264407837802E0));
#473=CARTESIAN_POINT('',(4.633463727088E0,1.292664941071E1,-5.264404965787E0));
#475=CARTESIAN_POINT('',(5.611238340306E0,1.292982654019E1,-5.264061449368E0));
#476=CARTESIAN_POINT('',(5.619408780143E0,1.292985308805E1,-5.264058578970E0));
#477=CARTESIAN_POINT('',(5.635731650410E0,1.292826799810E1,-5.264229961481E0));
#478=CARTESIAN_POINT('',(5.667208600518E0,1.291975005106E1,-5.265150935804E0));
#479=CARTESIAN_POINT('',(5.720717506971E0,1.289262518376E1,-5.268083720687E0));
#480=CARTESIAN_POINT('',(5.778717390046E0,1.283557080076E1,-5.274252533610E0));
#481=CARTESIAN_POINT('',(5.805854687463E0,1.277004590635E1,-5.281337192040E0));
#482=CARTESIAN_POINT('',(5.805961566790E0,1.273752653335E1,-5.284853239676E0));
#484=CARTESIAN_POINT('',(5.815806517477E0,9.741699533254E0,-5.608766939974E0));
#485=CARTESIAN_POINT('',(5.815901492293E0,9.712791589215E0,-5.611892514021E0));
#486=CARTESIAN_POINT('',(5.803484384320E0,9.653855699268E0,-5.618264758544E0));
#487=CARTESIAN_POINT('',(5.760072205479E0,9.577233020245E0,-5.626549327542E0));
#488=CARTESIAN_POINT('',(5.715865489098E0,9.535854825252E0,-5.631023205456E0));
#489=CARTESIAN_POINT('',(5.690876313838E0,9.520724257894E0,-5.632659147071E0));
#491=CARTESIAN_POINT('',(4.919228331386E0,9.074396587807E0,-5.680916822551E0));
#492=CARTESIAN_POINT('',(4.892425509456E0,9.059963474589E0,-5.682477354287E0));
#493=CARTESIAN_POINT('',(4.837461744072E0,9.032376892912E0,-5.685460060481E0));
#494=CARTESIAN_POINT('',(4.763247289589E0,9.012703253688E0,-5.687587206434E0));
#495=CARTESIAN_POINT('',(4.702727208579E0,9.004288444229E0,-5.688497029354E0));
#496=CARTESIAN_POINT('',(4.672377009785E0,9.002742012133E0,-5.688664232114E0));
#497=CARTESIAN_POINT('',(4.657195766703E0,9.002692682548E0,-5.688669565709E0));
#499=CARTESIAN_POINT('',(3.568603330276E0,8.999155442772E0,-5.689052017842E0));
#500=CARTESIAN_POINT('',(3.553581339363E0,8.999106630947E0,-5.689057295456E0));
#501=CARTESIAN_POINT('',(3.523534348631E0,9.000389822516E0,-5.688918554691E0));
#502=CARTESIAN_POINT('',(3.463663056958E0,9.008222272079E0,-5.688071697473E0));
#503=CARTESIAN_POINT('',(3.390715627298E0,9.027382345406E0,-5.686000079102E0));
#504=CARTESIAN_POINT('',(3.335601582146E0,9.052364748678E0,-5.683298940924E0));
#505=CARTESIAN_POINT('',(3.309579868014E0,9.067189433300E0,-5.681696071848E0));
#507=DIRECTION('',(-8.676459469053E-1,4.943017036150E-1,5.344470621170E-2));
#508=VECTOR('',#507,8.883944046246E-1);
#509=CARTESIAN_POINT('',(3.309579868014E0,9.067189433300E0,-5.681696071848E0));
#510=LINE('',#509,#508);
#511=CARTESIAN_POINT('',(9.688110629480E0,1.294310641645E1,-5.262625607493E0));
#512=CARTESIAN_POINT('',(9.696280633034E0,1.294313296251E1,-5.262622737289E0));
#513=CARTESIAN_POINT('',(9.712602625854E0,1.294154784789E1,-5.262794122467E0));
#514=CARTESIAN_POINT('',(9.744077751513E0,1.293302983146E1,-5.263715104293E0));
#515=CARTESIAN_POINT('',(9.797585709439E0,1.290590360896E1,-5.266648035702E0));
#516=CARTESIAN_POINT('',(9.855584373712E0,1.284884295123E1,-5.272817527059E0));
#517=CARTESIAN_POINT('',(9.882721629936E0,1.278331379881E1,-5.279902645872E0));
#518=CARTESIAN_POINT('',(9.882828521620E0,1.275079096552E1,-5.283419067640E0));
#520=CARTESIAN_POINT('',(9.894457125066E0,9.212558952054E0,-5.665978482439E0));
#521=CARTESIAN_POINT('',(9.894563934865E0,9.180057823492E0,-5.669492557456E0));
#522=CARTESIAN_POINT('',(9.867879025811E0,9.114374244645E0,-5.676594373105E0));
#523=CARTESIAN_POINT('',(9.810271604346E0,9.056941240292E0,-5.682804123188E0));
#524=CARTESIAN_POINT('',(9.756937383890E0,9.029453305718E0,-5.685776163495E0));
#525=CARTESIAN_POINT('',(9.725502588777E0,9.020722649197E0,-5.686720136315E0));
#526=CARTESIAN_POINT('',(9.709182372198E0,9.019029938180E0,-5.686903154990E0));
#527=CARTESIAN_POINT('',(9.701007856735E0,9.019003371217E0,-5.686906027454E0));
#529=CARTESIAN_POINT('',(8.919041021249E0,9.016462082510E0,-5.687180795732E0));
#530=CARTESIAN_POINT('',(8.910870269796E0,9.016435529993E0,-5.687183666634E0));
#531=CARTESIAN_POINT('',(8.894546776774E0,9.018020619571E0,-5.687012284164E0));
#532=CARTESIAN_POINT('',(8.863068537601E0,9.026538622039E0,-5.686091303848E0));
#533=CARTESIAN_POINT('',(8.809558498251E0,9.053663132710E0,-5.683158557524E0));
#534=CARTESIAN_POINT('',(8.751557289485E0,9.110715086379E0,-5.676990007264E0));
#535=CARTESIAN_POINT('',(8.724419625603E0,9.176238674196E0,-5.669905490105E0));
#536=CARTESIAN_POINT('',(8.724312749628E0,9.208756728076E0,-5.666389585095E0));
#538=CARTESIAN_POINT('',(8.720227223386E0,1.045186663476E1,-5.531982514948E0));
#539=CARTESIAN_POINT('',(8.720112162178E0,1.048687707587E1,-5.528197128967E0));
#540=CARTESIAN_POINT('',(8.698267984793E0,1.055788425755E1,-5.520519716697E0));
#541=CARTESIAN_POINT('',(8.624893220397E0,1.061058641229E1,-5.514821473790E0));
#542=CARTESIAN_POINT('',(8.566364621115E0,1.062299615731E1,-5.513479711923E0));
#543=CARTESIAN_POINT('',(8.532836302013E0,1.062334447148E1,-5.513442051628E0));
#544=CARTESIAN_POINT('',(8.484806703646E0,1.061752351388E1,-5.514071423055E0));
#545=CARTESIAN_POINT('',(8.413634655836E0,1.058502896256E1,-5.517584786929E0));
#546=CARTESIAN_POINT('',(8.381693105636E0,1.052083796572E1,-5.524525222179E0));
#547=CARTESIAN_POINT('',(8.375126693321E0,1.048709678827E1,-5.528173373304E0));
#549=DIRECTION('',(-1.899616484939E-1,-9.761026294380E-1,-1.055378079447E-1));
#550=VECTOR('',#549,1.296632483952E0);
#551=CARTESIAN_POINT('',(8.375126693321E0,1.048709678827E1,-5.528173373304E0));
#552=LINE('',#551,#550);
#553=CARTESIAN_POINT('',(8.128816249179E0,9.221450411273E0,-5.665017123370E0));
#554=CARTESIAN_POINT('',(8.121516245031E0,9.183940398955E0,-5.669072767066E0));
#555=CARTESIAN_POINT('',(8.081531913010E0,9.112346168446E0,-5.676813652011E0));
#556=CARTESIAN_POINT('',(8.006541605360E0,9.050743655163E0,-5.683474216198E0));
#557=CARTESIAN_POINT('',(7.941918109027E0,9.023255819299E0,-5.686446245833E0));
#558=CARTESIAN_POINT('',(7.904408807822E0,9.014723245761E0,-5.687368801598E0));
#559=CARTESIAN_POINT('',(7.885192734069E0,9.013102692717E0,-5.687544018435E0));
#560=CARTESIAN_POINT('',(7.875562568128E0,9.013071403582E0,-5.687547401467E0));
#562=CARTESIAN_POINT('',(6.695300322400E0,9.009236739261E0,-5.687962011627E0));
#563=CARTESIAN_POINT('',(6.687139269891E0,9.009210225372E0,-5.687964878351E0));
#564=CARTESIAN_POINT('',(6.670835388287E0,9.010797323627E0,-5.687793278700E0));
#565=CARTESIAN_POINT('',(6.639399711899E0,9.019320805819E0,-5.686871705907E0));
#566=CARTESIAN_POINT('',(6.585883522754E0,9.046484903016E0,-5.683934679425E0));
#567=CARTESIAN_POINT('',(6.527902896232E0,9.103513457856E0,-5.677768659083E0));
#568=CARTESIAN_POINT('',(6.500689288269E0,9.169040061819E0,-5.670683815814E0));
#569=CARTESIAN_POINT('',(6.500582500147E0,9.201531136577E0,-5.667170827830E0));
#571=CARTESIAN_POINT('',(6.488953899436E0,1.273976300951E1,-5.284611428227E0));
#572=CARTESIAN_POINT('',(6.488847075222E0,1.277226854961E1,-5.281096876227E0));
#573=CARTESIAN_POINT('',(6.515532672964E0,1.283795838676E1,-5.273994383919E0));
#574=CARTESIAN_POINT('',(6.573140524046E0,1.289539943347E1,-5.267783764286E0));
#575=CARTESIAN_POINT('',(6.626475391106E0,1.292288950978E1,-5.264811492408E0));
#576=CARTESIAN_POINT('',(6.657909219606E0,1.293162044451E1,-5.263867489510E0));
#577=CARTESIAN_POINT('',(6.674229007858E0,1.293331321214E1,-5.263684464712E0));
#578=CARTESIAN_POINT('',(6.682403311895E0,1.293333977391E1,-5.263681592810E0));
#580=CARTESIAN_POINT('',(7.464369940897E0,1.293588065010E1,-5.263406869133E0));
#581=CARTESIAN_POINT('',(7.472540484535E0,1.293590719724E1,-5.263403998813E0));
#582=CARTESIAN_POINT('',(7.488863556160E0,1.293432203208E1,-5.263575389455E0));
#583=CARTESIAN_POINT('',(7.520340847129E0,1.292580371354E1,-5.264496403946E0));
#584=CARTESIAN_POINT('',(7.573851424412E0,1.289867708502E1,-5.267429379255E0));
#585=CARTESIAN_POINT('',(7.631853022322E0,1.284161728057E1,-5.273598778354E0));
#586=CARTESIAN_POINT('',(7.658991382545E0,1.277608763035E1,-5.280683950989E0));
#587=CARTESIAN_POINT('',(7.659098272799E0,1.274356523210E1,-5.284200325720E0));
#589=CARTESIAN_POINT('',(7.663183357541E0,1.150058589927E1,-5.418593278010E0));
#590=CARTESIAN_POINT('',(7.663300642325E0,1.146489797932E1,-5.422451914108E0));
#591=CARTESIAN_POINT('',(7.685410420997E0,1.139441481050E1,-5.430072669252E0));
#592=CARTESIAN_POINT('',(7.757531758209E0,1.134252444068E1,-5.435683140650E0));
#593=CARTESIAN_POINT('',(7.821935372899E0,1.132804081287E1,-5.437249134105E0));
#594=CARTESIAN_POINT('',(7.887020200627E0,1.133025987408E1,-5.437009205588E0));
#595=CARTESIAN_POINT('',(7.966531944203E0,1.136433083268E1,-5.433325397989E0));
#596=CARTESIAN_POINT('',(8.000154047807E0,1.142759683223E1,-5.426484974954E0));
#597=CARTESIAN_POINT('',(8.007321574986E0,1.146057894960E1,-5.422918894643E0));
#599=CARTESIAN_POINT('',(8.253895131088E0,1.272696461020E1,-5.285995212028E0));
#600=CARTESIAN_POINT('',(8.260463889430E0,1.276489392413E1,-5.281894232758E0));
#601=CARTESIAN_POINT('',(8.298671431842E0,1.283650022196E1,-5.274152043075E0));
#602=CARTESIAN_POINT('',(8.375414598716E0,1.290080264376E1,-5.267199560377E0));
#603=CARTESIAN_POINT('',(8.440508628072E0,1.292877890989E1,-5.264174720863E0));
#604=CARTESIAN_POINT('',(8.478560517116E0,1.293757277181E1,-5.263223914174E0));
#605=CARTESIAN_POINT('',(8.498060716295E0,1.293923952484E1,-5.263043702118E0));
#606=CARTESIAN_POINT('',(8.507835227854E0,1.293927128589E1,-5.263040268061E0));
#608=CARTESIAN_POINT('',(1.084899223047E1,9.169630204031E0,-5.670620008675E0));
#609=CARTESIAN_POINT('',(1.083108568857E1,9.159275908491E0,-5.671739531993E0));
#610=CARTESIAN_POINT('',(1.079136027056E1,9.145470049575E0,-5.673232243971E0));
#611=CARTESIAN_POINT('',(1.070723779257E1,9.144794866638E0,-5.673305245851E0));
#612=CARTESIAN_POINT('',(1.061126676847E1,9.197061764961E0,-5.667654063576E0));
#613=CARTESIAN_POINT('',(1.057723438647E1,9.281779117356E0,-5.658494285295E0));
#614=CARTESIAN_POINT('',(1.057709398436E1,9.324498328089E0,-5.653875414572E0));
#616=CARTESIAN_POINT('',(1.057377138217E1,1.033577780539E1,-5.544534228476E0));
#617=CARTESIAN_POINT('',(1.057368102592E1,1.036329709804E1,-5.541558797681E0));
#618=CARTESIAN_POINT('',(1.058574471989E1,1.041930852669E1,-5.535502750682E0));
#619=CARTESIAN_POINT('',(1.062754962984E1,1.049167423212E1,-5.527678452611E0));
#620=CARTESIAN_POINT('',(1.067013375146E1,1.053026527275E1,-5.523505926371E0));
#621=CARTESIAN_POINT('',(1.069408986328E1,1.054405887653E1,-5.522014539437E0));
#623=DIRECTION('',(8.653535741243E-1,4.982579151323E-1,5.387245825325E-2));
#624=VECTOR('',#623,6.741997383954E-1);
#625=CARTESIAN_POINT('',(1.069408986328E1,1.054405887653E1,-5.522014539437E0));
#626=LINE('',#625,#624);
#627=CARTESIAN_POINT('',(1.127751101658E1,1.087998423257E1,-5.485693742176E0));
#628=CARTESIAN_POINT('',(1.129380725587E1,1.088936733607E1,-5.484679225726E0));
#629=CARTESIAN_POINT('',(1.131733258453E1,1.092535392235E1,-5.480788297336E0));
#630=CARTESIAN_POINT('',(1.132547408985E1,1.098431943971E1,-5.474412849449E0));
#631=CARTESIAN_POINT('',(1.131680394672E1,1.104315470878E1,-5.468051484220E0));
#632=CARTESIAN_POINT('',(1.129298381623E1,1.107876063867E1,-5.464201713020E0));
#633=CARTESIAN_POINT('',(1.127671223449E1,1.108798496575E1,-5.463204363735E0));
#635=DIRECTION('',(-8.686404984261E-1,4.925721284252E-1,5.325770172149E-2));
#636=VECTOR('',#635,6.740423838045E-1);
#637=CARTESIAN_POINT('',(1.127671223449E1,1.108798496575E1,-5.463204363735E0));
#638=LINE('',#637,#636);
#639=CARTESIAN_POINT('',(1.069121172227E1,1.141999945739E1,-5.427306415511E0));
#640=CARTESIAN_POINT('',(1.066716559627E1,1.143363711176E1,-5.425831890083E0));
#641=CARTESIAN_POINT('',(1.062432745291E1,1.147194918371E1,-5.421689526392E0));
#642=CARTESIAN_POINT('',(1.058204883153E1,1.154404241456E1,-5.413894688716E0));
#643=CARTESIAN_POINT('',(1.056961536790E1,1.159997401228E1,-5.407847273166E0));
#644=CARTESIAN_POINT('',(1.056952492158E1,1.162749348585E1,-5.404871822810E0));
#646=CARTESIAN_POINT('',(1.056620129464E1,1.263877275605E1,-5.295530659106E0));
#647=CARTESIAN_POINT('',(1.056606666788E1,1.267973729844E1,-5.291101505986E0));
#648=CARTESIAN_POINT('',(1.059735037378E1,1.276264016578E1,-5.282137912787E0));
#649=CARTESIAN_POINT('',(1.069044006070E1,1.281825907523E1,-5.276124305604E0));
#650=CARTESIAN_POINT('',(1.077656358966E1,1.281989662759E1,-5.275947250773E0));
#651=CARTESIAN_POINT('',(1.081831309327E1,1.280609134173E1,-5.277439900791E0));
#652=CARTESIAN_POINT('',(1.083707570073E1,1.279540454774E1,-5.278595374383E0));
#654=DIRECTION('',(8.676927581422E-1,-4.942204766230E-1,-5.343592381678E-2));
#655=VECTOR('',#654,2.184001253353E0);
#656=CARTESIAN_POINT('',(1.083707570073E1,1.279540454774E1,-5.278595374383E0));
#657=LINE('',#656,#655);
#658=CARTESIAN_POINT('',(1.273211777203E1,1.171602640737E1,-5.395299498973E0));
#659=CARTESIAN_POINT('',(1.275609773487E1,1.170236786553E1,-5.396776282788E0));
#660=CARTESIAN_POINT('',(1.279880511975E1,1.166406963669E1,-5.400917149739E0));
#661=CARTESIAN_POINT('',(1.284094503502E1,1.159205995360E1,-5.408702954097E0));
#662=CARTESIAN_POINT('',(1.285332696628E1,1.153622543920E1,-5.414739872836E0));
#663=CARTESIAN_POINT('',(1.285341725893E1,1.150875269864E1,-5.417710270344E0));
#665=CARTESIAN_POINT('',(1.285683226748E1,1.046935811955E1,-5.530091307090E0));
#666=CARTESIAN_POINT('',(1.285692247264E1,1.044188551981E1,-5.533061689372E0));
#667=CARTESIAN_POINT('',(1.284490965349E1,1.038597142495E1,-5.539107212483E0));
#668=CARTESIAN_POINT('',(1.280324281039E1,1.031369008733E1,-5.546922388569E0));
#669=CARTESIAN_POINT('',(1.276078927565E1,1.027511371457E1,-5.551093328895E0));
#670=CARTESIAN_POINT('',(1.273689946134E1,1.026129959272E1,-5.552586934275E0));
#672=DIRECTION('',(-8.644253390731E-1,-4.998480147977E-1,-5.404438242077E-2));
#673=VECTOR('',#672,2.184002649549E0);
#674=CARTESIAN_POINT('',(1.273689946134E1,1.026129959272E1,-5.552586934275E0));
#675=LINE('',#674,#673);
#676=DIRECTION('',(4.999999999993E-1,8.610073155775E-1,9.309351493368E-2));
#677=VECTOR('',#676,1.962990915159E0);
#678=CARTESIAN_POINT('',(-4.980940107673E1,1.124126170010E1,-5.446631833282E0));
#679=LINE('',#678,#677);
#680=CARTESIAN_POINT('',(-4.848149545762E1,1.273257011633E1,-5.285389135566E0));
#681=DIRECTION('',(0.E0,1.074951318136E-1,-9.942056108454E-1));
#682=DIRECTION('',(-8.660254038894E-1,4.971028052420E-1,5.374756588726E-2));
#683=AXIS2_PLACEMENT_3D('',#680,#681,#682);
#685=CARTESIAN_POINT('',(-4.848149545762E1,1.273257011633E1,-5.285389135566E0));
#686=DIRECTION('',(0.E0,1.074951318136E-1,-9.942056108454E-1));
#687=DIRECTION('',(-5.000000000005E-1,8.610073155768E-1,9.309351493370E-2));
#688=AXIS2_PLACEMENT_3D('',#685,#686,#687);
#690=DIRECTION('',(1.E0,0.E0,0.E0));
#691=VECTOR('',#690,1.962990915389E0);
#692=CARTESIAN_POINT('',(-4.848149545769E1,1.313025236066E1,-5.242391082841E0));
#693=LINE('',#692,#691);
#694=CARTESIAN_POINT('',(-4.651850454238E1,1.273257011633E1,-5.285389135566E0));
#695=DIRECTION('',(0.E0,1.074951318136E-1,-9.942056108454E-1));
#696=DIRECTION('',(4.654054919229E-10,9.942056108454E-1,1.074951318136E-1));
#697=AXIS2_PLACEMENT_3D('',#694,#695,#696);
#699=CARTESIAN_POINT('',(-4.651850454238E1,1.273257011633E1,-5.285389135566E0));
#700=DIRECTION('',(0.E0,1.074951318136E-1,-9.942056108454E-1));
#701=DIRECTION('',(5.000000000006E-1,8.610073155767E-1,9.309351493369E-2));
#702=AXIS2_PLACEMENT_3D('',#699,#700,#701);
#704=DIRECTION('',(4.999999999993E-1,-8.610073155775E-1,-9.309351493368E-2));
#705=VECTOR('',#704,1.962990915175E0);
#706=CARTESIAN_POINT('',(-4.617209438085E1,1.293141123848E1,-5.263890109205E0));
#707=LINE('',#706,#705);
#708=CARTESIAN_POINT('',(-4.553700908476E1,1.104242057789E1,-5.468130859649E0));
#709=DIRECTION('',(0.E0,1.074951318136E-1,-9.942056108454E-1));
#710=DIRECTION('',(8.660254036582E-1,4.971028056400E-1,5.374756593030E-2));
#711=AXIS2_PLACEMENT_3D('',#708,#709,#710);
#713=CARTESIAN_POINT('',(-4.553700908476E1,1.104242057789E1,-5.468130859649E0));
#714=DIRECTION('',(0.E0,1.074951318136E-1,-9.942056108454E-1));
#715=DIRECTION('',(1.E0,1.776356839400E-14,0.E0));
#716=AXIS2_PLACEMENT_3D('',#713,#714,#715);
#718=DIRECTION('',(-4.999999999995E-1,-8.610073155774E-1,-9.309351493371E-2));
#719=VECTOR('',#718,1.962990915137E0);
#720=CARTESIAN_POINT('',(-4.519059892327E1,1.084357945567E1,-5.489629886018E0));
#721=LINE('',#720,#719);
#722=CARTESIAN_POINT('',(-4.651850454238E1,9.352271039452E0,-5.650872583732E0));
#723=DIRECTION('',(0.E0,1.074951318136E-1,-9.942056108454E-1));
#724=DIRECTION('',(8.660254038938E-1,-4.971028052343E-1,-5.374756588644E-2));
#725=AXIS2_PLACEMENT_3D('',#722,#723,#724);
#727=CARTESIAN_POINT('',(-4.651850454238E1,9.352271039452E0,-5.650872583732E0));
#728=DIRECTION('',(0.E0,1.074951318136E-1,-9.942056108454E-1));
#729=DIRECTION('',(5.000000000001E-1,-8.610073155770E-1,-9.309351493372E-2));
#730=AXIS2_PLACEMENT_3D('',#727,#728,#729);
#732=DIRECTION('',(-1.E0,0.E0,0.E0));
#733=VECTOR('',#732,1.962990915241E0);
#734=CARTESIAN_POINT('',(-4.651850454238E1,8.954588795114E0,-5.693870636458E0));
#735=LINE('',#734,#733);
#736=CARTESIAN_POINT('',(-4.848149545762E1,9.352271039452E0,-5.650872583732E0));
#737=DIRECTION('',(0.E0,1.074951318136E-1,-9.942056108454E-1));
#738=DIRECTION('',(-4.654054919229E-12,-9.942056108454E-1,-1.074951318136E-1));
#739=AXIS2_PLACEMENT_3D('',#736,#737,#738);
#741=CARTESIAN_POINT('',(-4.848149545762E1,9.352271039452E0,-5.650872583732E0));
#742=DIRECTION('',(0.E0,1.074951318136E-1,-9.942056108454E-1));
#743=DIRECTION('',(-4.999999999998E-1,-8.610073155772E-1,-9.309351493374E-2));
#744=AXIS2_PLACEMENT_3D('',#741,#742,#743);
#746=DIRECTION('',(-4.999999999995E-1,8.610073155774E-1,9.309351493371E-2));
#747=VECTOR('',#746,1.962990915180E0);
#748=CARTESIAN_POINT('',(-4.882790561915E1,9.153429917302E0,-5.672371610093E0));
#749=LINE('',#748,#747);
#750=CARTESIAN_POINT('',(-4.946299091524E1,1.104242057789E1,-5.468130859649E0));
#751=DIRECTION('',(0.E0,1.074951318136E-1,-9.942056108454E-1));
#752=DIRECTION('',(-8.660254036827E-1,-4.971028055978E-1,-5.374756592573E-2));
#753=AXIS2_PLACEMENT_3D('',#750,#751,#752);
#755=CARTESIAN_POINT('',(-4.946299091524E1,1.104242057789E1,-5.468130859649E0));
#756=DIRECTION('',(0.E0,1.074951318136E-1,-9.942056108454E-1));
#757=DIRECTION('',(-1.E0,0.E0,0.E0));
#758=AXIS2_PLACEMENT_3D('',#755,#756,#757);
#760=DIRECTION('',(4.999999999993E-1,8.610073155775E-1,9.309351493368E-2));
#761=VECTOR('',#760,1.962990915159E0);
#762=CARTESIAN_POINT('',(4.519059892327E1,1.124126170010E1,-5.446631833282E0));
#763=LINE('',#762,#761);
#764=CARTESIAN_POINT('',(4.651850454238E1,1.273257011633E1,-5.285389135566E0));
#765=DIRECTION('',(0.E0,1.074951318136E-1,-9.942056108454E-1));
#766=DIRECTION('',(-8.660254038894E-1,4.971028052419E-1,5.374756588725E-2));
#767=AXIS2_PLACEMENT_3D('',#764,#765,#766);
#769=CARTESIAN_POINT('',(4.651850454238E1,1.273257011633E1,-5.285389135566E0));
#770=DIRECTION('',(0.E0,1.074951318136E-1,-9.942056108454E-1));
#771=DIRECTION('',(-5.000000000004E-1,8.610073155769E-1,9.309351493370E-2));
#772=AXIS2_PLACEMENT_3D('',#769,#770,#771);
#774=DIRECTION('',(1.E0,0.E0,0.E0));
#775=VECTOR('',#774,1.962990915389E0);
#776=CARTESIAN_POINT('',(4.651850454231E1,1.313025236066E1,-5.242391082841E0));
#777=LINE('',#776,#775);
#778=CARTESIAN_POINT('',(4.848149545762E1,1.273257011633E1,-5.285389135566E0));
#779=DIRECTION('',(0.E0,1.074951318136E-1,-9.942056108454E-1));
#780=DIRECTION('',(4.655476004700E-10,9.942056108454E-1,1.074951318136E-1));
#781=AXIS2_PLACEMENT_3D('',#778,#779,#780);
#783=CARTESIAN_POINT('',(4.848149545762E1,1.273257011633E1,-5.285389135566E0));
#784=DIRECTION('',(0.E0,1.074951318136E-1,-9.942056108454E-1));
#785=DIRECTION('',(5.000000000007E-1,8.610073155767E-1,9.309351493369E-2));
#786=AXIS2_PLACEMENT_3D('',#783,#784,#785);
#788=DIRECTION('',(4.999999999993E-1,-8.610073155775E-1,-9.309351493368E-2));
#789=VECTOR('',#788,1.962990915175E0);
#790=CARTESIAN_POINT('',(4.882790561915E1,1.293141123848E1,-5.263890109205E0));
#791=LINE('',#790,#789);
#792=CARTESIAN_POINT('',(4.946299091524E1,1.104242057789E1,-5.468130859649E0));
#793=DIRECTION('',(0.E0,1.074951318136E-1,-9.942056108454E-1));
#794=DIRECTION('',(8.660254036582E-1,4.971028056400E-1,5.374756593030E-2));
#795=AXIS2_PLACEMENT_3D('',#792,#793,#794);
#797=CARTESIAN_POINT('',(4.946299091524E1,1.104242057789E1,-5.468130859649E0));
#798=DIRECTION('',(0.E0,1.074951318136E-1,-9.942056108454E-1));
#799=DIRECTION('',(1.E0,0.E0,0.E0));
#800=AXIS2_PLACEMENT_3D('',#797,#798,#799);
#802=DIRECTION('',(-4.999999999995E-1,-8.610073155774E-1,-9.309351493394E-2));
#803=VECTOR('',#802,1.962990915137E0);
#804=CARTESIAN_POINT('',(4.980940107673E1,1.084357945567E1,-5.489629886018E0));
#805=LINE('',#804,#803);
#806=CARTESIAN_POINT('',(4.848149545762E1,9.352271039452E0,-5.650872583733E0));
#807=DIRECTION('',(0.E0,1.074951318136E-1,-9.942056108454E-1));
#808=DIRECTION('',(8.660254038922E-1,-4.971028052371E-1,-5.374756588673E-2));
#809=AXIS2_PLACEMENT_3D('',#806,#807,#808);
#811=CARTESIAN_POINT('',(4.848149545762E1,9.352271039452E0,-5.650872583733E0));
#812=DIRECTION('',(0.E0,1.074951318136E-1,-9.942056108454E-1));
#813=DIRECTION('',(5.E-1,-8.610073155771E-1,-9.309351493373E-2));
#814=AXIS2_PLACEMENT_3D('',#811,#812,#813);
#816=DIRECTION('',(-1.E0,-2.352801404520E-14,2.284932133236E-13));
#817=VECTOR('',#816,1.962990915241E0);
#818=CARTESIAN_POINT('',(4.848149545762E1,8.954588795114E0,-5.693870636458E0));
#819=LINE('',#818,#817);
#820=CARTESIAN_POINT('',(4.651850454238E1,9.352271039452E0,-5.650872583732E0));
#821=DIRECTION('',(0.E0,1.074951318136E-1,-9.942056108454E-1));
#822=DIRECTION('',(-4.547473508865E-12,-9.942056108454E-1,-1.074951318136E-1));
#823=AXIS2_PLACEMENT_3D('',#820,#821,#822);
#825=CARTESIAN_POINT('',(4.651850454238E1,9.352271039452E0,-5.650872583732E0));
#826=DIRECTION('',(0.E0,1.074951318136E-1,-9.942056108454E-1));
#827=DIRECTION('',(-4.999999999997E-1,-8.610073155773E-1,-9.309351493375E-2));
#828=AXIS2_PLACEMENT_3D('',#825,#826,#827);
#830=DIRECTION('',(-4.999999999995E-1,8.610073155774E-1,9.309351493371E-2));
#831=VECTOR('',#830,1.962990915180E0);
#832=CARTESIAN_POINT('',(4.617209438085E1,9.153429917302E0,-5.672371610093E0));
#833=LINE('',#832,#831);
#834=CARTESIAN_POINT('',(4.553700908476E1,1.104242057789E1,-5.468130859649E0));
#835=DIRECTION('',(0.E0,1.074951318136E-1,-9.942056108454E-1));
#836=DIRECTION('',(-8.660254036826E-1,-4.971028055981E-1,-5.374756592577E-2));
#837=AXIS2_PLACEMENT_3D('',#834,#835,#836);
#839=CARTESIAN_POINT('',(4.553700908476E1,1.104242057789E1,-5.468130859649E0));
#840=DIRECTION('',(0.E0,1.074951318136E-1,-9.942056108454E-1));
#841=DIRECTION('',(-1.E0,0.E0,0.E0));
#842=AXIS2_PLACEMENT_3D('',#839,#840,#841);
#844=DIRECTION('',(1.E0,1.559907758519E-11,2.962075029700E-13));
#845=VECTOR('',#844,1.68E2);
#846=CARTESIAN_POINT('',(-8.400000000002E1,1.887670759353E1,-4.621074972676E0));
#847=LINE('',#846,#845);
#848=DIRECTION('',(-1.E0,-2.242967716321E-12,1.356978550690E-11));
#849=VECTOR('',#848,1.68E2);
#850=CARTESIAN_POINT('',(8.399999999999E1,1.932193413655E1,-4.091959044231E0));
#851=LINE('',#850,#849);
#852=DIRECTION('',(-9.741643238219E-13,6.402624785968E-2,-9.979482148814E-1));
#853=VECTOR('',#852,1.552135409522E1);
#854=CARTESIAN_POINT('',(-8.4E1,1.832816007175E1,1.139754856992E1));
#855=LINE('',#854,#853);
#856=DIRECTION('',(-1.E0,1.349185313735E-14,0.E0));
#857=VECTOR('',#856,1.68E2);
#858=CARTESIAN_POINT('',(8.4E1,1.832816007175E1,1.139754856992E1));
#859=LINE('',#858,#857);
#860=CARTESIAN_POINT('',(-7.106815136382E-13,1.855293555063E1,
7.894074676558E0));
#861=DIRECTION('',(0.E0,9.979482148809E-1,6.402624786719E-2));
#862=DIRECTION('',(1.E0,0.E0,0.E0));
#863=AXIS2_PLACEMENT_3D('',#860,#861,#862);
#865=CARTESIAN_POINT('',(-7.106815136382E-13,1.855293555063E1,
7.894074676558E0));
#866=DIRECTION('',(0.E0,9.979482148809E-1,6.402624786719E-2));
#867=DIRECTION('',(-1.E0,-1.262522983762E-10,1.967846713467E-9));
#868=AXIS2_PLACEMENT_3D('',#865,#866,#867);
#870=CARTESIAN_POINT('',(2.4E1,1.906514553357E1,-8.951104248922E-2));
#871=DIRECTION('',(0.E0,9.979482148809E-1,6.402624786719E-2));
#872=DIRECTION('',(1.E0,0.E0,-5.010697739080E-14));
#873=AXIS2_PLACEMENT_3D('',#870,#871,#872);
#875=CARTESIAN_POINT('',(2.4E1,1.906514553357E1,-8.951104248922E-2));
#876=DIRECTION('',(0.E0,9.979482148809E-1,6.402624786719E-2));
#877=DIRECTION('',(-1.E0,-1.262509051551E-10,1.967818843603E-9));
#878=AXIS2_PLACEMENT_3D('',#875,#876,#877);
#880=CARTESIAN_POINT('',(-8.000000000001E0,1.906514553357E1,
-8.951104248922E-2));
#881=DIRECTION('',(0.E0,9.979482148809E-1,6.402624786719E-2));
#882=DIRECTION('',(1.E0,0.E0,-5.010697739080E-14));
#883=AXIS2_PLACEMENT_3D('',#880,#881,#882);
#885=CARTESIAN_POINT('',(-8.000000000001E0,1.906514553357E1,
-8.951104248922E-2));
#886=DIRECTION('',(0.E0,9.979482148809E-1,6.402624786719E-2));
#887=DIRECTION('',(-1.E0,-1.262509051551E-10,1.967818843603E-9));
#888=AXIS2_PLACEMENT_3D('',#885,#886,#887);
#890=CARTESIAN_POINT('',(-1.6E1,1.906514553357E1,-8.951104248922E-2));
#891=DIRECTION('',(0.E0,9.979482148809E-1,6.402624786719E-2));
#892=DIRECTION('',(1.E0,0.E0,-5.010697739080E-14));
#893=AXIS2_PLACEMENT_3D('',#890,#891,#892);
#895=CARTESIAN_POINT('',(-1.6E1,1.906514553357E1,-8.951104248922E-2));
#896=DIRECTION('',(0.E0,9.979482148809E-1,6.402624786719E-2));
#897=DIRECTION('',(-1.E0,-1.262509051551E-10,1.967818843603E-9));
#898=AXIS2_PLACEMENT_3D('',#895,#896,#897);
#900=CARTESIAN_POINT('',(-2.4E1,1.906514553357E1,-8.951104248922E-2));
#901=DIRECTION('',(0.E0,9.979482148809E-1,6.402624786719E-2));
#902=DIRECTION('',(1.E0,0.E0,-5.010697739080E-14));
#903=AXIS2_PLACEMENT_3D('',#900,#901,#902);
#905=CARTESIAN_POINT('',(-2.4E1,1.906514553357E1,-8.951104248922E-2));
#906=DIRECTION('',(0.E0,9.979482148809E-1,6.402624786719E-2));
#907=DIRECTION('',(-1.E0,-1.262509051551E-10,1.967818843603E-9));
#908=AXIS2_PLACEMENT_3D('',#905,#906,#907);
#910=CARTESIAN_POINT('',(-3.2E1,1.906514553357E1,-8.951104248922E-2));
#911=DIRECTION('',(0.E0,9.979482148809E-1,6.402624786719E-2));
#912=DIRECTION('',(1.E0,0.E0,-5.010697739080E-14));
#913=AXIS2_PLACEMENT_3D('',#910,#911,#912);
#915=CARTESIAN_POINT('',(-3.2E1,1.906514553357E1,-8.951104248922E-2));
#916=DIRECTION('',(0.E0,9.979482148809E-1,6.402624786719E-2));
#917=DIRECTION('',(-1.E0,-1.262509051551E-10,1.967818843603E-9));
#918=AXIS2_PLACEMENT_3D('',#915,#916,#917);
#920=CARTESIAN_POINT('',(-7.2E1,1.906514553357E1,-8.951104248922E-2));
#921=DIRECTION('',(0.E0,9.979482148809E-1,6.402624786719E-2));
#922=DIRECTION('',(1.E0,0.E0,-5.010697739080E-14));
#923=AXIS2_PLACEMENT_3D('',#920,#921,#922);
#925=CARTESIAN_POINT('',(-7.2E1,1.906514553357E1,-8.951104248922E-2));
#926=DIRECTION('',(0.E0,9.979482148809E-1,6.402624786719E-2));
#927=DIRECTION('',(-1.E0,-1.262509051551E-10,1.967818843603E-9));
#928=AXIS2_PLACEMENT_3D('',#925,#926,#927);
#930=CARTESIAN_POINT('',(-4.8E1,1.906514553357E1,-8.951104248922E-2));
#931=DIRECTION('',(0.E0,9.979482148809E-1,6.402624786719E-2));
#932=DIRECTION('',(1.E0,0.E0,-5.010697739080E-14));
#933=AXIS2_PLACEMENT_3D('',#930,#931,#932);
#935=CARTESIAN_POINT('',(-4.8E1,1.906514553357E1,-8.951104248922E-2));
#936=DIRECTION('',(0.E0,9.979482148809E-1,6.402624786719E-2));
#937=DIRECTION('',(-1.E0,-1.262509051551E-10,1.967818843603E-9));
#938=AXIS2_PLACEMENT_3D('',#935,#936,#937);
#940=CARTESIAN_POINT('',(-5.6E1,1.906514553357E1,-8.951104248922E-2));
#941=DIRECTION('',(0.E0,9.979482148809E-1,6.402624786719E-2));
#942=DIRECTION('',(1.E0,0.E0,-5.010697739080E-14));
#943=AXIS2_PLACEMENT_3D('',#940,#941,#942);
#945=CARTESIAN_POINT('',(-5.6E1,1.906514553357E1,-8.951104248922E-2));
#946=DIRECTION('',(0.E0,9.979482148809E-1,6.402624786719E-2));
#947=DIRECTION('',(-1.E0,-1.262509051551E-10,1.967818843603E-9));
#948=AXIS2_PLACEMENT_3D('',#945,#946,#947);
#950=CARTESIAN_POINT('',(-8.E1,1.906514553357E1,-8.951104248922E-2));
#951=DIRECTION('',(0.E0,9.979482148809E-1,6.402624786719E-2));
#952=DIRECTION('',(1.E0,0.E0,-5.010697739080E-14));
#953=AXIS2_PLACEMENT_3D('',#950,#951,#952);
#955=CARTESIAN_POINT('',(-8.E1,1.906514553357E1,-8.951104248922E-2));
#956=DIRECTION('',(0.E0,9.979482148809E-1,6.402624786719E-2));
#957=DIRECTION('',(-1.E0,-1.262509051551E-10,1.967818843603E-9));
#958=AXIS2_PLACEMENT_3D('',#955,#956,#957);
#960=CARTESIAN_POINT('',(-4.E1,1.906514553357E1,-8.951104248922E-2));
#961=DIRECTION('',(0.E0,9.979482148809E-1,6.402624786719E-2));
#962=DIRECTION('',(1.E0,0.E0,-5.010697739080E-14));
#963=AXIS2_PLACEMENT_3D('',#960,#961,#962);
#965=CARTESIAN_POINT('',(-4.E1,1.906514553357E1,-8.951104248922E-2));
#966=DIRECTION('',(0.E0,9.979482148809E-1,6.402624786719E-2));
#967=DIRECTION('',(-1.E0,-1.262509051551E-10,1.967818843603E-9));
#968=AXIS2_PLACEMENT_3D('',#965,#966,#967);
#970=CARTESIAN_POINT('',(-6.4E1,1.906514553357E1,-8.951104248922E-2));
#971=DIRECTION('',(0.E0,9.979482148809E-1,6.402624786719E-2));
#972=DIRECTION('',(1.E0,0.E0,-5.010697739080E-14));
#973=AXIS2_PLACEMENT_3D('',#970,#971,#972);
#975=CARTESIAN_POINT('',(-6.4E1,1.906514553357E1,-8.951104248922E-2));
#976=DIRECTION('',(0.E0,9.979482148809E-1,6.402624786719E-2));
#977=DIRECTION('',(-1.E0,-1.262509051551E-10,1.967818843603E-9));
#978=AXIS2_PLACEMENT_3D('',#975,#976,#977);
#980=CARTESIAN_POINT('',(6.4E1,1.855293555063E1,7.894074676558E0));
#981=DIRECTION('',(0.E0,9.979482148809E-1,6.402624786719E-2));
#982=DIRECTION('',(1.E0,0.E0,0.E0));
#983=AXIS2_PLACEMENT_3D('',#980,#981,#982);
#985=CARTESIAN_POINT('',(6.4E1,1.855293555063E1,7.894074676558E0));
#986=DIRECTION('',(0.E0,9.979482148809E-1,6.402624786719E-2));
#987=DIRECTION('',(-1.E0,-1.262522983762E-10,1.967846713467E-9));
#988=AXIS2_PLACEMENT_3D('',#985,#986,#987);
#990=CARTESIAN_POINT('',(5.6E1,1.855293555063E1,7.894074676558E0));
#991=DIRECTION('',(0.E0,9.979482148809E-1,6.402624786719E-2));
#992=DIRECTION('',(1.E0,0.E0,0.E0));
#993=AXIS2_PLACEMENT_3D('',#990,#991,#992);
#995=CARTESIAN_POINT('',(5.6E1,1.855293555063E1,7.894074676558E0));
#996=DIRECTION('',(0.E0,9.979482148809E-1,6.402624786719E-2));
#997=DIRECTION('',(-1.E0,-1.262522983762E-10,1.967848106688E-9));
#998=AXIS2_PLACEMENT_3D('',#995,#996,#997);
#1000=CARTESIAN_POINT('',(4.8E1,1.855293555063E1,7.894074676558E0));
#1001=DIRECTION('',(0.E0,9.979482148809E-1,6.402624786719E-2));
#1002=DIRECTION('',(1.E0,0.E0,0.E0));
#1003=AXIS2_PLACEMENT_3D('',#1000,#1001,#1002);
#1005=CARTESIAN_POINT('',(4.8E1,1.855293555063E1,7.894074676558E0));
#1006=DIRECTION('',(0.E0,9.979482148809E-1,6.402624786719E-2));
#1007=DIRECTION('',(-1.E0,-1.262522983762E-10,1.967848106688E-9));
#1008=AXIS2_PLACEMENT_3D('',#1005,#1006,#1007);
#1010=CARTESIAN_POINT('',(4.E1,1.855293555063E1,7.894074676558E0));
#1011=DIRECTION('',(0.E0,9.979482148809E-1,6.402624786719E-2));
#1012=DIRECTION('',(1.E0,0.E0,0.E0));
#1013=AXIS2_PLACEMENT_3D('',#1010,#1011,#1012);
#1015=CARTESIAN_POINT('',(4.E1,1.855293555063E1,7.894074676558E0));
#1016=DIRECTION('',(0.E0,9.979482148809E-1,6.402624786719E-2));
#1017=DIRECTION('',(-1.E0,-1.262522983762E-10,1.967846713467E-9));
#1018=AXIS2_PLACEMENT_3D('',#1015,#1016,#1017);
#1020=CARTESIAN_POINT('',(3.2E1,1.855293555063E1,7.894074676558E0));
#1021=DIRECTION('',(0.E0,9.979482148809E-1,6.402624786719E-2));
#1022=DIRECTION('',(1.E0,0.E0,0.E0));
#1023=AXIS2_PLACEMENT_3D('',#1020,#1021,#1022);
#1025=CARTESIAN_POINT('',(3.2E1,1.855293555063E1,7.894074676558E0));
#1026=DIRECTION('',(0.E0,9.979482148809E-1,6.402624786719E-2));
#1027=DIRECTION('',(-1.E0,-1.262522983762E-10,1.967848106688E-9));
#1028=AXIS2_PLACEMENT_3D('',#1025,#1026,#1027);
#1030=CARTESIAN_POINT('',(2.4E1,1.855293555063E1,7.894074676558E0));
#1031=DIRECTION('',(0.E0,9.979482148809E-1,6.402624786719E-2));
#1032=DIRECTION('',(1.E0,0.E0,0.E0));
#1033=AXIS2_PLACEMENT_3D('',#1030,#1031,#1032);
#1035=CARTESIAN_POINT('',(2.4E1,1.855293555063E1,7.894074676558E0));
#1036=DIRECTION('',(0.E0,9.979482148809E-1,6.402624786719E-2));
#1037=DIRECTION('',(-1.E0,-1.262522983762E-10,1.967848106688E-9));
#1038=AXIS2_PLACEMENT_3D('',#1035,#1036,#1037);
#1040=CARTESIAN_POINT('',(1.6E1,1.855293555063E1,7.894074676558E0));
#1041=DIRECTION('',(0.E0,9.979482148809E-1,6.402624786719E-2));
#1042=DIRECTION('',(1.E0,0.E0,0.E0));
#1043=AXIS2_PLACEMENT_3D('',#1040,#1041,#1042);
#1045=CARTESIAN_POINT('',(1.6E1,1.855293555063E1,7.894074676558E0));
#1046=DIRECTION('',(0.E0,9.979482148809E-1,6.402624786719E-2));
#1047=DIRECTION('',(-1.E0,-1.262522983762E-10,1.967846713467E-9));
#1048=AXIS2_PLACEMENT_3D('',#1045,#1046,#1047);
#1050=CARTESIAN_POINT('',(7.999999999999E0,1.855293555063E1,7.894074676558E0));
#1051=DIRECTION('',(0.E0,9.979482148809E-1,6.402624786719E-2));
#1052=DIRECTION('',(1.E0,0.E0,0.E0));
#1053=AXIS2_PLACEMENT_3D('',#1050,#1051,#1052);
#1055=CARTESIAN_POINT('',(7.999999999999E0,1.855293555063E1,7.894074676558E0));
#1056=DIRECTION('',(0.E0,9.979482148809E-1,6.402624786719E-2));
#1057=DIRECTION('',(-1.E0,-1.262522983762E-10,1.967848106688E-9));
#1058=AXIS2_PLACEMENT_3D('',#1055,#1056,#1057);
#1060=CARTESIAN_POINT('',(-8.000000000001E0,1.855293555063E1,7.894074676558E0));
#1061=DIRECTION('',(0.E0,9.979482148809E-1,6.402624786719E-2));
#1062=DIRECTION('',(1.E0,0.E0,0.E0));
#1063=AXIS2_PLACEMENT_3D('',#1060,#1061,#1062);
#1065=CARTESIAN_POINT('',(-8.000000000001E0,1.855293555063E1,7.894074676558E0));
#1066=DIRECTION('',(0.E0,9.979482148809E-1,6.402624786719E-2));
#1067=DIRECTION('',(-1.E0,-1.262522983762E-10,1.967848106688E-9));
#1068=AXIS2_PLACEMENT_3D('',#1065,#1066,#1067);
#1070=CARTESIAN_POINT('',(-1.6E1,1.855293555063E1,7.894074676558E0));
#1071=DIRECTION('',(0.E0,9.979482148809E-1,6.402624786719E-2));
#1072=DIRECTION('',(1.E0,0.E0,0.E0));
#1073=AXIS2_PLACEMENT_3D('',#1070,#1071,#1072);
#1075=CARTESIAN_POINT('',(-1.6E1,1.855293555063E1,7.894074676558E0));
#1076=DIRECTION('',(0.E0,9.979482148809E-1,6.402624786719E-2));
#1077=DIRECTION('',(-1.E0,-1.262522983762E-10,1.967848106688E-9));
#1078=AXIS2_PLACEMENT_3D('',#1075,#1076,#1077);
#1080=CARTESIAN_POINT('',(-2.4E1,1.855293555063E1,7.894074676558E0));
#1081=DIRECTION('',(0.E0,9.979482148809E-1,6.402624786719E-2));
#1082=DIRECTION('',(1.E0,0.E0,0.E0));
#1083=AXIS2_PLACEMENT_3D('',#1080,#1081,#1082);
#1085=CARTESIAN_POINT('',(-2.4E1,1.855293555063E1,7.894074676558E0));
#1086=DIRECTION('',(0.E0,9.979482148809E-1,6.402624786719E-2));
#1087=DIRECTION('',(-1.E0,-1.262522983762E-10,1.967846713467E-9));
#1088=AXIS2_PLACEMENT_3D('',#1085,#1086,#1087);
#1090=CARTESIAN_POINT('',(-3.2E1,1.855293555063E1,7.894074676558E0));
#1091=DIRECTION('',(0.E0,9.979482148809E-1,6.402624786719E-2));
#1092=DIRECTION('',(1.E0,0.E0,0.E0));
#1093=AXIS2_PLACEMENT_3D('',#1090,#1091,#1092);
#1095=CARTESIAN_POINT('',(-3.2E1,1.855293555063E1,7.894074676558E0));
#1096=DIRECTION('',(0.E0,9.979482148809E-1,6.402624786719E-2));
#1097=DIRECTION('',(-1.E0,-1.262522983762E-10,1.967846713467E-9));
#1098=AXIS2_PLACEMENT_3D('',#1095,#1096,#1097);
#1100=CARTESIAN_POINT('',(-4.E1,1.855293555063E1,7.894074676558E0));
#1101=DIRECTION('',(0.E0,9.979482148809E-1,6.402624786719E-2));
#1102=DIRECTION('',(1.E0,0.E0,0.E0));
#1103=AXIS2_PLACEMENT_3D('',#1100,#1101,#1102);
#1105=CARTESIAN_POINT('',(-4.E1,1.855293555063E1,7.894074676558E0));
#1106=DIRECTION('',(0.E0,9.979482148809E-1,6.402624786719E-2));
#1107=DIRECTION('',(-1.E0,-1.262522983762E-10,1.967848106688E-9));
#1108=AXIS2_PLACEMENT_3D('',#1105,#1106,#1107);
#1110=CARTESIAN_POINT('',(-4.8E1,1.855293555063E1,7.894074676558E0));
#1111=DIRECTION('',(0.E0,9.979482148809E-1,6.402624786719E-2));
#1112=DIRECTION('',(1.E0,0.E0,0.E0));
#1113=AXIS2_PLACEMENT_3D('',#1110,#1111,#1112);
#1115=CARTESIAN_POINT('',(-4.8E1,1.855293555063E1,7.894074676558E0));
#1116=DIRECTION('',(0.E0,9.979482148809E-1,6.402624786719E-2));
#1117=DIRECTION('',(-1.E0,-1.262522983762E-10,1.967848106688E-9));
#1118=AXIS2_PLACEMENT_3D('',#1115,#1116,#1117);
#1120=CARTESIAN_POINT('',(-5.6E1,1.855293555063E1,7.894074676558E0));
#1121=DIRECTION('',(0.E0,9.979482148809E-1,6.402624786719E-2));
#1122=DIRECTION('',(1.E0,0.E0,0.E0));
#1123=AXIS2_PLACEMENT_3D('',#1120,#1121,#1122);
#1125=CARTESIAN_POINT('',(-5.6E1,1.855293555063E1,7.894074676558E0));
#1126=DIRECTION('',(0.E0,9.979482148809E-1,6.402624786719E-2));
#1127=DIRECTION('',(-1.E0,-1.262522983762E-10,1.967846713467E-9));
#1128=AXIS2_PLACEMENT_3D('',#1125,#1126,#1127);
#1130=CARTESIAN_POINT('',(-6.4E1,1.855293555063E1,7.894074676558E0));
#1131=DIRECTION('',(0.E0,9.979482148809E-1,6.402624786719E-2));
#1132=DIRECTION('',(1.E0,0.E0,0.E0));
#1133=AXIS2_PLACEMENT_3D('',#1130,#1131,#1132);
#1135=CARTESIAN_POINT('',(-6.4E1,1.855293555063E1,7.894074676558E0));
#1136=DIRECTION('',(0.E0,9.979482148809E-1,6.402624786719E-2));
#1137=DIRECTION('',(-1.E0,-1.262522983762E-10,1.967846713467E-9));
#1138=AXIS2_PLACEMENT_3D('',#1135,#1136,#1137);
#1140=CARTESIAN_POINT('',(-7.2E1,1.855293555063E1,7.894074676558E0));
#1141=DIRECTION('',(0.E0,9.979482148809E-1,6.402624786719E-2));
#1142=DIRECTION('',(1.E0,0.E0,0.E0));
#1143=AXIS2_PLACEMENT_3D('',#1140,#1141,#1142);
#1145=CARTESIAN_POINT('',(-7.2E1,1.855293555063E1,7.894074676558E0));
#1146=DIRECTION('',(0.E0,9.979482148809E-1,6.402624786719E-2));
#1147=DIRECTION('',(-1.E0,-1.262522983762E-10,1.967848106688E-9));
#1148=AXIS2_PLACEMENT_3D('',#1145,#1146,#1147);
#1150=CARTESIAN_POINT('',(-8.E1,1.855293555063E1,7.894074676558E0));
#1151=DIRECTION('',(0.E0,9.979482148809E-1,6.402624786719E-2));
#1152=DIRECTION('',(1.E0,0.E0,0.E0));
#1153=AXIS2_PLACEMENT_3D('',#1150,#1151,#1152);
#1155=CARTESIAN_POINT('',(-8.E1,1.855293555063E1,7.894074676558E0));
#1156=DIRECTION('',(0.E0,9.979482148809E-1,6.402624786719E-2));
#1157=DIRECTION('',(-1.E0,-1.262522983762E-10,1.967848106688E-9));
#1158=AXIS2_PLACEMENT_3D('',#1155,#1156,#1157);
#1160=CARTESIAN_POINT('',(6.4E1,1.906514553357E1,-8.951104248922E-2));
#1161=DIRECTION('',(0.E0,9.979482148809E-1,6.402624786719E-2));
#1162=DIRECTION('',(1.E0,0.E0,-5.010697739080E-14));
#1163=AXIS2_PLACEMENT_3D('',#1160,#1161,#1162);
#1165=CARTESIAN_POINT('',(6.4E1,1.906514553357E1,-8.951104248922E-2));
#1166=DIRECTION('',(0.E0,9.979482148809E-1,6.402624786719E-2));
#1167=DIRECTION('',(-1.E0,-1.262509051551E-10,1.967818843603E-9));
#1168=AXIS2_PLACEMENT_3D('',#1165,#1166,#1167);
#1170=CARTESIAN_POINT('',(5.6E1,1.906514553357E1,-8.951104248922E-2));
#1171=DIRECTION('',(0.E0,9.979482148809E-1,6.402624786719E-2));
#1172=DIRECTION('',(1.E0,0.E0,-5.010697739080E-14));
#1173=AXIS2_PLACEMENT_3D('',#1170,#1171,#1172);
#1175=CARTESIAN_POINT('',(5.6E1,1.906514553357E1,-8.951104248922E-2));
#1176=DIRECTION('',(0.E0,9.979482148809E-1,6.402624786719E-2));
#1177=DIRECTION('',(-1.E0,-1.262509051551E-10,1.967818843603E-9));
#1178=AXIS2_PLACEMENT_3D('',#1175,#1176,#1177);
#1180=CARTESIAN_POINT('',(4.8E1,1.906514553357E1,-8.951104248922E-2));
#1181=DIRECTION('',(0.E0,9.979482148809E-1,6.402624786719E-2));
#1182=DIRECTION('',(1.E0,0.E0,-5.010697739080E-14));
#1183=AXIS2_PLACEMENT_3D('',#1180,#1181,#1182);
#1185=CARTESIAN_POINT('',(4.8E1,1.906514553357E1,-8.951104248922E-2));
#1186=DIRECTION('',(0.E0,9.979482148809E-1,6.402624786719E-2));
#1187=DIRECTION('',(-1.E0,-1.262509051551E-10,1.967818843603E-9));
#1188=AXIS2_PLACEMENT_3D('',#1185,#1186,#1187);
#1190=CARTESIAN_POINT('',(4.E1,1.906514553357E1,-8.951104248922E-2));
#1191=DIRECTION('',(0.E0,9.979482148809E-1,6.402624786719E-2));
#1192=DIRECTION('',(1.E0,0.E0,-5.010697739080E-14));
#1193=AXIS2_PLACEMENT_3D('',#1190,#1191,#1192);
#1195=CARTESIAN_POINT('',(4.E1,1.906514553357E1,-8.951104248922E-2));
#1196=DIRECTION('',(0.E0,9.979482148809E-1,6.402624786719E-2));
#1197=DIRECTION('',(-1.E0,-1.262509051551E-10,1.967818843603E-9));
#1198=AXIS2_PLACEMENT_3D('',#1195,#1196,#1197);
#1200=CARTESIAN_POINT('',(3.2E1,1.906514553357E1,-8.951104248922E-2));
#1201=DIRECTION('',(0.E0,9.979482148809E-1,6.402624786719E-2));
#1202=DIRECTION('',(1.E0,0.E0,-5.010697739080E-14));
#1203=AXIS2_PLACEMENT_3D('',#1200,#1201,#1202);
#1205=CARTESIAN_POINT('',(3.2E1,1.906514553357E1,-8.951104248922E-2));
#1206=DIRECTION('',(0.E0,9.979482148809E-1,6.402624786719E-2));
#1207=DIRECTION('',(-1.E0,-1.262509051551E-10,1.967818843603E-9));
#1208=AXIS2_PLACEMENT_3D('',#1205,#1206,#1207);
#1210=CARTESIAN_POINT('',(7.999999999999E0,1.906514553357E1,
-8.951104248922E-2));
#1211=DIRECTION('',(0.E0,9.979482148809E-1,6.402624786719E-2));
#1212=DIRECTION('',(1.E0,0.E0,-5.010697739080E-14));
#1213=AXIS2_PLACEMENT_3D('',#1210,#1211,#1212);
#1215=CARTESIAN_POINT('',(7.999999999999E0,1.906514553357E1,
-8.951104248922E-2));
#1216=DIRECTION('',(0.E0,9.979482148809E-1,6.402624786719E-2));
#1217=DIRECTION('',(-1.E0,-1.262509051551E-10,1.967818843603E-9));
#1218=AXIS2_PLACEMENT_3D('',#1215,#1216,#1217);
#1220=CARTESIAN_POINT('',(1.6E1,1.906514553357E1,-8.951104248922E-2));
#1221=DIRECTION('',(0.E0,9.979482148809E-1,6.402624786719E-2));
#1222=DIRECTION('',(1.E0,0.E0,-5.010697739080E-14));
#1223=AXIS2_PLACEMENT_3D('',#1220,#1221,#1222);
#1225=CARTESIAN_POINT('',(1.6E1,1.906514553357E1,-8.951104248922E-2));
#1226=DIRECTION('',(0.E0,9.979482148809E-1,6.402624786719E-2));
#1227=DIRECTION('',(-1.E0,-1.262509051551E-10,1.967818843603E-9));
#1228=AXIS2_PLACEMENT_3D('',#1225,#1226,#1227);
#1230=CARTESIAN_POINT('',(-8.747169655265E-13,1.906514553357E1,
-8.951104248922E-2));
#1231=DIRECTION('',(0.E0,9.979482148809E-1,6.402624786719E-2));
#1232=DIRECTION('',(1.E0,0.E0,-5.010697739080E-14));
#1233=AXIS2_PLACEMENT_3D('',#1230,#1231,#1232);
#1235=CARTESIAN_POINT('',(-8.747169655265E-13,1.906514553357E1,
-8.951104248922E-2));
#1236=DIRECTION('',(0.E0,9.979482148809E-1,6.402624786719E-2));
#1237=DIRECTION('',(-1.E0,-1.262509051551E-10,1.967818843603E-9));
#1238=AXIS2_PLACEMENT_3D('',#1235,#1236,#1237);
#1240=CARTESIAN_POINT('',(7.2E1,1.906514553357E1,-8.951104248922E-2));
#1241=DIRECTION('',(0.E0,9.979482148809E-1,6.402624786719E-2));
#1242=DIRECTION('',(1.E0,0.E0,-5.010697739080E-14));
#1243=AXIS2_PLACEMENT_3D('',#1240,#1241,#1242);
#1245=CARTESIAN_POINT('',(7.2E1,1.906514553357E1,-8.951104248922E-2));
#1246=DIRECTION('',(0.E0,9.979482148809E-1,6.402624786719E-2));
#1247=DIRECTION('',(-1.E0,-1.262509051551E-10,1.967818843603E-9));
#1248=AXIS2_PLACEMENT_3D('',#1245,#1246,#1247);
#1250=CARTESIAN_POINT('',(8.E1,1.906514553357E1,-8.951104248922E-2));
#1251=DIRECTION('',(0.E0,9.979482148809E-1,6.402624786719E-2));
#1252=DIRECTION('',(1.E0,0.E0,-5.010697739080E-14));
#1253=AXIS2_PLACEMENT_3D('',#1250,#1251,#1252);
#1255=CARTESIAN_POINT('',(8.E1,1.906514553357E1,-8.951104248922E-2));
#1256=DIRECTION('',(0.E0,9.979482148809E-1,6.402624786719E-2));
#1257=DIRECTION('',(-1.E0,-1.262509051551E-10,1.967818843603E-9));
#1258=AXIS2_PLACEMENT_3D('',#1255,#1256,#1257);
#1260=CARTESIAN_POINT('',(7.2E1,1.855293555063E1,7.894074676558E0));
#1261=DIRECTION('',(0.E0,9.979482148809E-1,6.402624786719E-2));
#1262=DIRECTION('',(1.E0,0.E0,0.E0));
#1263=AXIS2_PLACEMENT_3D('',#1260,#1261,#1262);
#1265=CARTESIAN_POINT('',(7.2E1,1.855293555063E1,7.894074676558E0));
#1266=DIRECTION('',(0.E0,9.979482148809E-1,6.402624786719E-2));
#1267=DIRECTION('',(-1.E0,-1.262522983762E-10,1.967848106688E-9));
#1268=AXIS2_PLACEMENT_3D('',#1265,#1266,#1267);
#1270=CARTESIAN_POINT('',(8.E1,1.855293555063E1,7.894074676558E0));
#1271=DIRECTION('',(0.E0,9.979482148809E-1,6.402624786719E-2));
#1272=DIRECTION('',(1.E0,0.E0,0.E0));
#1273=AXIS2_PLACEMENT_3D('',#1270,#1271,#1272);
#1275=CARTESIAN_POINT('',(8.E1,1.855293555063E1,7.894074676558E0));
#1276=DIRECTION('',(0.E0,9.979482148809E-1,6.402624786719E-2));
#1277=DIRECTION('',(-1.E0,-1.262522983762E-10,1.967846713467E-9));
#1278=AXIS2_PLACEMENT_3D('',#1275,#1276,#1277);
#1280=DIRECTION('',(4.352074256529E-13,9.979482148810E-1,6.402624786651E-2));
#1281=VECTOR('',#1280,3.200000000001E0);
#1282=CARTESIAN_POINT('',(-8.4E1,1.513472578413E1,1.119266457675E1));
#1283=LINE('',#1282,#1281);
#1284=DIRECTION('',(-1.E0,0.E0,0.E0));
#1285=VECTOR('',#1284,1.68E2);
#1286=CARTESIAN_POINT('',(8.4E1,1.513472578413E1,1.119266457675E1));
#1287=LINE('',#1286,#1285);
#1288=DIRECTION('',(-2.774826702890E-14,-6.402624786915E-2,9.979482148808E-1));
#1289=VECTOR('',#1288,1.229123652333E1);
#1290=CARTESIAN_POINT('',(-8.4E1,1.592168754039E1,-1.073352970390E0));
#1291=LINE('',#1290,#1289);
#1292=DIRECTION('',(1.E0,-4.862353905754E-13,3.127064744712E-12));
#1293=VECTOR('',#1292,1.68E2);
#1294=CARTESIAN_POINT('',(-8.4E1,1.592168754039E1,-1.073352970390E0));
#1295=LINE('',#1294,#1293);
#1296=DIRECTION('',(-1.E0,2.314074857660E-12,-3.581130101455E-14));
#1297=VECTOR('',#1296,1.68E2);
#1298=CARTESIAN_POINT('',(8.4E1,1.547646099863E1,-1.602468899479E0));
#1299=LINE('',#1298,#1297);
#1300=CARTESIAN_POINT('',(-7.106815136382E-13,1.985026822997E1,
7.977308798785E0));
#1301=DIRECTION('',(0.E0,-9.979482148809E-1,-6.402624786719E-2));
#1302=DIRECTION('',(-1.E0,-1.430629035716E-10,2.229848549815E-9));
#1303=AXIS2_PLACEMENT_3D('',#1300,#1301,#1302);
#1305=CARTESIAN_POINT('',(-7.106815136382E-13,1.985026822997E1,
7.977308798785E0));
#1306=DIRECTION('',(0.E0,-9.979482148809E-1,-6.402624786719E-2));
#1307=DIRECTION('',(9.951641129308E-1,6.289055669722E-3,-9.802467094283E-2));
#1308=AXIS2_PLACEMENT_3D('',#1305,#1306,#1307);
#1310=CARTESIAN_POINT('',(-2.050000000001E0,1.985026822923E1,7.977308810373E0));
#1311=DIRECTION('',(5.664196153776E-9,-6.402624786719E-2,9.979482148809E-1));
#1312=DIRECTION('',(5.924150059400E-13,9.979482148809E-1,6.402624786719E-2));
#1313=AXIS2_PLACEMENT_3D('',#1310,#1311,#1312);
#1315=CARTESIAN_POINT('',(-7.106815136382E-13,1.985026822997E1,
7.977308798785E0));
#1316=DIRECTION('',(0.E0,-9.979482148809E-1,-6.402624786719E-2));
#1317=DIRECTION('',(1.E0,0.E0,0.E0));
#1318=AXIS2_PLACEMENT_3D('',#1315,#1316,#1317);
#1320=CARTESIAN_POINT('',(-7.106815136382E-13,1.985026822997E1,
7.977308798785E0));
#1321=DIRECTION('',(0.E0,-9.979482148809E-1,-6.402624786719E-2));
#1322=DIRECTION('',(-9.951641131245E-1,-6.289055544076E-3,9.802466898445E-2));
#1323=AXIS2_PLACEMENT_3D('',#1320,#1321,#1322);
#1325=CARTESIAN_POINT('',(2.049999999999E0,1.985026823045E1,7.977308791231E0));
#1326=DIRECTION('',(-3.692299563318E-9,6.402624786719E-2,-9.979482148809E-1));
#1327=DIRECTION('',(5.959677196188E-13,9.979482148809E-1,6.402624786719E-2));
#1328=AXIS2_PLACEMENT_3D('',#1325,#1326,#1327);
#1330=DIRECTION('',(0.E0,-9.979482151128E-1,-6.402624425332E-2));
#1331=VECTOR('',#1330,1.299999999995E0);
#1332=CARTESIAN_POINT('',(2.549999999999E0,1.985026823027E1,7.977308794087E0));
#1333=LINE('',#1332,#1331);
#1334=DIRECTION('',(0.E0,9.979482146546E-1,6.402625139540E-2));
#1335=VECTOR('',#1334,1.299999999995E0);
#1336=CARTESIAN_POINT('',(-2.550000000001E0,1.855293555028E1,7.894074682021E0));
#1337=LINE('',#1336,#1335);
#1338=CARTESIAN_POINT('',(-7.106815136382E-13,2.034924233741E1,
8.009321922719E0));
#1339=DIRECTION('',(0.E0,-9.979482148809E-1,-6.402624786719E-2));
#1340=DIRECTION('',(-1.E0,-1.141946158230E-10,1.779906953533E-9));
#1341=AXIS2_PLACEMENT_3D('',#1338,#1339,#1340);
#1343=CARTESIAN_POINT('',(-7.106815136382E-13,2.034924233741E1,
8.009321922719E0));
#1344=DIRECTION('',(0.E0,-9.979482148809E-1,-6.402624786719E-2));
#1345=DIRECTION('',(9.951641129308E-1,6.289055669721E-3,-9.802467094283E-2));
#1346=AXIS2_PLACEMENT_3D('',#1343,#1344,#1345);
#1348=CARTESIAN_POINT('',(-7.106815136382E-13,2.034924233741E1,
8.009321922719E0));
#1349=DIRECTION('',(0.E0,-9.979482148809E-1,-6.402624786719E-2));
#1350=DIRECTION('',(1.E0,1.206189619729E-11,-1.879966101491E-10));
#1351=AXIS2_PLACEMENT_3D('',#1348,#1349,#1350);
#1353=CARTESIAN_POINT('',(-7.106815136382E-13,2.034924233741E1,
8.009321922719E0));
#1354=DIRECTION('',(0.E0,-9.979482148809E-1,-6.402624786719E-2));
#1355=DIRECTION('',(-9.951641131245E-1,-6.289055544077E-3,9.802466898445E-2));
#1356=AXIS2_PLACEMENT_3D('',#1353,#1354,#1355);
#1358=CARTESIAN_POINT('',(2.4E1,2.036247821291E1,-6.276920262233E-3));
#1359=DIRECTION('',(0.E0,-9.979482148809E-1,-6.402624786719E-2));
#1360=DIRECTION('',(-1.E0,-1.430670832348E-10,2.229927661029E-9));
#1361=AXIS2_PLACEMENT_3D('',#1358,#1359,#1360);
#1363=CARTESIAN_POINT('',(2.4E1,2.036247821291E1,-6.276920262233E-3));
#1364=DIRECTION('',(0.E0,-9.979482148809E-1,-6.402624786719E-2));
#1365=DIRECTION('',(9.951641129308E-1,6.289055669722E-3,-9.802467094283E-2));
#1366=AXIS2_PLACEMENT_3D('',#1363,#1364,#1365);
#1368=CARTESIAN_POINT('',(2.195E1,2.036247821217E1,-6.276908674681E-3));
#1369=DIRECTION('',(5.664086033530E-9,-6.402624786719E-2,9.979482148809E-1));
#1370=DIRECTION('',(3.552713678801E-14,9.979482148809E-1,6.402624786719E-2));
#1371=AXIS2_PLACEMENT_3D('',#1368,#1369,#1370);
#1373=CARTESIAN_POINT('',(2.4E1,2.036247821291E1,-6.276920262233E-3));
#1374=DIRECTION('',(0.E0,-9.979482148809E-1,-6.402624786719E-2));
#1375=DIRECTION('',(1.E0,0.E0,1.122842287558E-14));
#1376=AXIS2_PLACEMENT_3D('',#1373,#1374,#1375);
#1378=CARTESIAN_POINT('',(2.4E1,2.036247821291E1,-6.276920262233E-3));
#1379=DIRECTION('',(0.E0,-9.979482148809E-1,-6.402624786719E-2));
#1380=DIRECTION('',(-9.951641131245E-1,-6.289055544076E-3,9.802466898445E-2));
#1381=AXIS2_PLACEMENT_3D('',#1378,#1379,#1380);
#1383=CARTESIAN_POINT('',(2.605E1,2.036247821339E1,-6.276927815528E-3));
#1384=DIRECTION('',(-3.692109507014E-9,6.402624786719E-2,-9.979482148809E-1));
#1385=DIRECTION('',(3.552713678801E-14,9.979482148809E-1,6.402624786719E-2));
#1386=AXIS2_PLACEMENT_3D('',#1383,#1384,#1385);
#1388=DIRECTION('',(0.E0,-9.979482151128E-1,-6.402624425354E-2));
#1389=VECTOR('',#1388,1.299999999995E0);
#1390=CARTESIAN_POINT('',(2.655E1,2.036247821321E1,-6.27692496E-3));
#1391=LINE('',#1390,#1389);
#1392=DIRECTION('',(0.E0,9.979482146546E-1,6.402625139528E-2));
#1393=VECTOR('',#1392,1.299999999995E0);
#1394=CARTESIAN_POINT('',(2.145E1,1.906514553322E1,-8.951103702576E-2));
#1395=LINE('',#1394,#1393);
#1396=CARTESIAN_POINT('',(2.4E1,2.086145232035E1,2.573620367136E-2));
#1397=DIRECTION('',(0.E0,-9.979482148809E-1,-6.402624786719E-2));
#1398=DIRECTION('',(-1.E0,-1.141824846056E-10,1.779706800292E-9));
#1399=AXIS2_PLACEMENT_3D('',#1396,#1397,#1398);
#1401=CARTESIAN_POINT('',(2.4E1,2.086145232035E1,2.573620367136E-2));
#1402=DIRECTION('',(0.E0,-9.979482148809E-1,-6.402624786719E-2));
#1403=DIRECTION('',(9.951641129308E-1,6.289055669721E-3,-9.802467094283E-2));
#1404=AXIS2_PLACEMENT_3D('',#1401,#1402,#1403);
#1406=CARTESIAN_POINT('',(2.4E1,2.086145232035E1,2.573620367136E-2));
#1407=DIRECTION('',(0.E0,-9.979482148809E-1,-6.402624786719E-2));
#1408=DIRECTION('',(1.E0,1.207402741473E-11,-1.881929402287E-10));
#1409=AXIS2_PLACEMENT_3D('',#1406,#1407,#1408);
#1411=CARTESIAN_POINT('',(2.4E1,2.086145232035E1,2.573620367136E-2));
#1412=DIRECTION('',(0.E0,-9.979482148809E-1,-6.402624786719E-2));
#1413=DIRECTION('',(-9.951641131245E-1,-6.289055544075E-3,9.802466898444E-2));
#1414=AXIS2_PLACEMENT_3D('',#1411,#1412,#1413);
#1416=CARTESIAN_POINT('',(-8.000000000001E0,2.036247821291E1,
-6.276920262233E-3));
#1417=DIRECTION('',(0.E0,-9.979482148809E-1,-6.402624786719E-2));
#1418=DIRECTION('',(-1.E0,-1.430670832348E-10,2.229927661029E-9));
#1419=AXIS2_PLACEMENT_3D('',#1416,#1417,#1418);
#1421=CARTESIAN_POINT('',(-8.000000000001E0,2.036247821291E1,
-6.276920262233E-3));
#1422=DIRECTION('',(0.E0,-9.979482148809E-1,-6.402624786719E-2));
#1423=DIRECTION('',(9.951641129308E-1,6.289055669722E-3,-9.802467094283E-2));
#1424=AXIS2_PLACEMENT_3D('',#1421,#1422,#1423);
#1426=CARTESIAN_POINT('',(-1.005E1,2.036247821217E1,-6.276908674681E-3));
#1427=DIRECTION('',(5.664086033530E-9,-6.402624786719E-2,9.979482148809E-1));
#1428=DIRECTION('',(3.552713678801E-14,9.979482148809E-1,6.402624786719E-2));
#1429=AXIS2_PLACEMENT_3D('',#1426,#1427,#1428);
#1431=CARTESIAN_POINT('',(-8.000000000001E0,2.036247821291E1,
-6.276920262233E-3));
#1432=DIRECTION('',(0.E0,-9.979482148809E-1,-6.402624786719E-2));
#1433=DIRECTION('',(1.E0,0.E0,1.122842287558E-14));
#1434=AXIS2_PLACEMENT_3D('',#1431,#1432,#1433);
#1436=CARTESIAN_POINT('',(-8.000000000001E0,2.036247821291E1,
-6.276920262233E-3));
#1437=DIRECTION('',(0.E0,-9.979482148809E-1,-6.402624786719E-2));
#1438=DIRECTION('',(-9.951641131245E-1,-6.289055544076E-3,9.802466898445E-2));
#1439=AXIS2_PLACEMENT_3D('',#1436,#1437,#1438);
#1441=CARTESIAN_POINT('',(-5.950000000001E0,2.036247821339E1,
-6.276927815530E-3));
#1442=DIRECTION('',(-3.692110381315E-9,6.402624786719E-2,-9.979482148809E-1));
#1443=DIRECTION('',(3.730349362741E-14,9.979482148809E-1,6.402624786719E-2));
#1444=AXIS2_PLACEMENT_3D('',#1441,#1442,#1443);
#1446=DIRECTION('',(0.E0,-9.979482151128E-1,-6.402624425354E-2));
#1447=VECTOR('',#1446,1.299999999995E0);
#1448=CARTESIAN_POINT('',(-5.450000000001E0,2.036247821321E1,-6.27692496E-3));
#1449=LINE('',#1448,#1447);
#1450=DIRECTION('',(0.E0,9.979482146546E-1,6.402625139528E-2));
#1451=VECTOR('',#1450,1.299999999995E0);
#1452=CARTESIAN_POINT('',(-1.055E1,1.906514553322E1,-8.951103702576E-2));
#1453=LINE('',#1452,#1451);
#1454=CARTESIAN_POINT('',(-8.000000000001E0,2.086145232035E1,
2.573620367136E-2));
#1455=DIRECTION('',(0.E0,-9.979482148809E-1,-6.402624786719E-2));
#1456=DIRECTION('',(-1.E0,-1.141824846056E-10,1.779706152097E-9));
#1457=AXIS2_PLACEMENT_3D('',#1454,#1455,#1456);
#1459=CARTESIAN_POINT('',(-8.000000000001E0,2.086145232035E1,
2.573620367136E-2));
#1460=DIRECTION('',(0.E0,-9.979482148809E-1,-6.402624786719E-2));
#1461=DIRECTION('',(9.951641129308E-1,6.289055669721E-3,-9.802467094283E-2));
#1462=AXIS2_PLACEMENT_3D('',#1459,#1460,#1461);
#1464=CARTESIAN_POINT('',(-8.000000000001E0,2.086145232035E1,
2.573620367136E-2));
#1465=DIRECTION('',(0.E0,-9.979482148809E-1,-6.402624786719E-2));
#1466=DIRECTION('',(1.E0,1.207402741473E-11,-1.881954839257E-10));
#1467=AXIS2_PLACEMENT_3D('',#1464,#1465,#1466);
#1469=CARTESIAN_POINT('',(-8.000000000001E0,2.086145232035E1,
2.573620367136E-2));
#1470=DIRECTION('',(0.E0,-9.979482148809E-1,-6.402624786719E-2));
#1471=DIRECTION('',(-9.951641131245E-1,-6.289055544077E-3,9.802466898445E-2));
#1472=AXIS2_PLACEMENT_3D('',#1469,#1470,#1471);
#1474=CARTESIAN_POINT('',(-1.6E1,2.036247821291E1,-6.276920262233E-3));
#1475=DIRECTION('',(0.E0,-9.979482148809E-1,-6.402624786719E-2));
#1476=DIRECTION('',(-1.E0,-1.430670832348E-10,2.229927661029E-9));
#1477=AXIS2_PLACEMENT_3D('',#1474,#1475,#1476);
#1479=CARTESIAN_POINT('',(-1.6E1,2.036247821291E1,-6.276920262233E-3));
#1480=DIRECTION('',(0.E0,-9.979482148809E-1,-6.402624786719E-2));
#1481=DIRECTION('',(9.951641129308E-1,6.289055669722E-3,-9.802467094283E-2));
#1482=AXIS2_PLACEMENT_3D('',#1479,#1480,#1481);
#1484=CARTESIAN_POINT('',(-1.805E1,2.036247821217E1,-6.276908674681E-3));
#1485=DIRECTION('',(5.664086033530E-9,-6.402624786719E-2,9.979482148809E-1));
#1486=DIRECTION('',(3.552713678801E-14,9.979482148809E-1,6.402624786719E-2));
#1487=AXIS2_PLACEMENT_3D('',#1484,#1485,#1486);
#1489=CARTESIAN_POINT('',(-1.6E1,2.036247821291E1,-6.276920262233E-3));
#1490=DIRECTION('',(0.E0,-9.979482148809E-1,-6.402624786719E-2));
#1491=DIRECTION('',(1.E0,0.E0,1.122842287558E-14));
#1492=AXIS2_PLACEMENT_3D('',#1489,#1490,#1491);
#1494=CARTESIAN_POINT('',(-1.6E1,2.036247821291E1,-6.276920262233E-3));
#1495=DIRECTION('',(0.E0,-9.979482148809E-1,-6.402624786719E-2));
#1496=DIRECTION('',(-9.951641131245E-1,-6.289055544076E-3,9.802466898445E-2));
#1497=AXIS2_PLACEMENT_3D('',#1494,#1495,#1496);
#1499=CARTESIAN_POINT('',(-1.395E1,2.036247821339E1,-6.276927815530E-3));
#1500=DIRECTION('',(-3.692110381315E-9,6.402624786719E-2,-9.979482148809E-1));
#1501=DIRECTION('',(3.552713678801E-14,9.979482148809E-1,6.402624786719E-2));
#1502=AXIS2_PLACEMENT_3D('',#1499,#1500,#1501);
#1504=DIRECTION('',(0.E0,-9.979482151128E-1,-6.402624425354E-2));
#1505=VECTOR('',#1504,1.299999999995E0);
#1506=CARTESIAN_POINT('',(-1.345E1,2.036247821321E1,-6.276924960001E-3));
#1507=LINE('',#1506,#1505);
#1508=DIRECTION('',(0.E0,9.979482146546E-1,6.402625139528E-2));
#1509=VECTOR('',#1508,1.299999999995E0);
#1510=CARTESIAN_POINT('',(-1.855E1,1.906514553322E1,-8.951103702576E-2));
#1511=LINE('',#1510,#1509);
#1512=CARTESIAN_POINT('',(-1.6E1,2.086145232035E1,2.573620367136E-2));
#1513=DIRECTION('',(0.E0,-9.979482148809E-1,-6.402624786719E-2));
#1514=DIRECTION('',(-1.E0,-1.141824846056E-10,1.779705569907E-9));
#1515=AXIS2_PLACEMENT_3D('',#1512,#1513,#1514);
#1517=CARTESIAN_POINT('',(-1.6E1,2.086145232035E1,2.573620367136E-2));
#1518=DIRECTION('',(0.E0,-9.979482148809E-1,-6.402624786719E-2));
#1519=DIRECTION('',(9.951641129308E-1,6.289055669721E-3,-9.802467094283E-2));
#1520=AXIS2_PLACEMENT_3D('',#1517,#1518,#1519);
#1522=CARTESIAN_POINT('',(-1.6E1,2.086145232035E1,2.573620367136E-2));
#1523=DIRECTION('',(0.E0,-9.979482148809E-1,-6.402624786719E-2));
#1524=DIRECTION('',(1.E0,1.207402741473E-11,-1.881927946812E-10));
#1525=AXIS2_PLACEMENT_3D('',#1522,#1523,#1524);
#1527=CARTESIAN_POINT('',(-1.6E1,2.086145232035E1,2.573620367136E-2));
#1528=DIRECTION('',(0.E0,-9.979482148809E-1,-6.402624786719E-2));
#1529=DIRECTION('',(-9.951641131245E-1,-6.289055544075E-3,9.802466898444E-2));
#1530=AXIS2_PLACEMENT_3D('',#1527,#1528,#1529);
#1532=CARTESIAN_POINT('',(-2.4E1,2.036247821291E1,-6.276920262233E-3));
#1533=DIRECTION('',(0.E0,-9.979482148809E-1,-6.402624786719E-2));
#1534=DIRECTION('',(-1.E0,-1.430670832348E-10,2.229927661029E-9));
#1535=AXIS2_PLACEMENT_3D('',#1532,#1533,#1534);
#1537=CARTESIAN_POINT('',(-2.4E1,2.036247821291E1,-6.276920262233E-3));
#1538=DIRECTION('',(0.E0,-9.979482148809E-1,-6.402624786719E-2));
#1539=DIRECTION('',(9.951641129308E-1,6.289055669722E-3,-9.802467094283E-2));
#1540=AXIS2_PLACEMENT_3D('',#1537,#1538,#1539);
#1542=CARTESIAN_POINT('',(-2.605E1,2.036247821217E1,-6.276908674681E-3));
#1543=DIRECTION('',(5.664086033530E-9,-6.402624786719E-2,9.979482148809E-1));
#1544=DIRECTION('',(3.552713678801E-14,9.979482148809E-1,6.402624786719E-2));
#1545=AXIS2_PLACEMENT_3D('',#1542,#1543,#1544);
#1547=CARTESIAN_POINT('',(-2.4E1,2.036247821291E1,-6.276920262233E-3));
#1548=DIRECTION('',(0.E0,-9.979482148809E-1,-6.402624786719E-2));
#1549=DIRECTION('',(1.E0,0.E0,1.122842287558E-14));
#1550=AXIS2_PLACEMENT_3D('',#1547,#1548,#1549);
#1552=CARTESIAN_POINT('',(-2.4E1,2.036247821291E1,-6.276920262233E-3));
#1553=DIRECTION('',(0.E0,-9.979482148809E-1,-6.402624786719E-2));
#1554=DIRECTION('',(-9.951641131245E-1,-6.289055544076E-3,9.802466898445E-2));
#1555=AXIS2_PLACEMENT_3D('',#1552,#1553,#1554);
#1557=CARTESIAN_POINT('',(-2.195E1,2.036247821339E1,-6.276927815530E-3));
#1558=DIRECTION('',(-3.692110381315E-9,6.402624786719E-2,-9.979482148809E-1));
#1559=DIRECTION('',(3.552713678801E-14,9.979482148809E-1,6.402624786719E-2));
#1560=AXIS2_PLACEMENT_3D('',#1557,#1558,#1559);
#1562=DIRECTION('',(0.E0,-9.979482151128E-1,-6.402624425354E-2));
#1563=VECTOR('',#1562,1.299999999995E0);
#1564=CARTESIAN_POINT('',(-2.145E1,2.036247821321E1,-6.276924960001E-3));
#1565=LINE('',#1564,#1563);
#1566=DIRECTION('',(0.E0,9.979482146546E-1,6.402625139528E-2));
#1567=VECTOR('',#1566,1.299999999995E0);
#1568=CARTESIAN_POINT('',(-2.655E1,1.906514553322E1,-8.951103702576E-2));
#1569=LINE('',#1568,#1567);
#1570=CARTESIAN_POINT('',(-2.4E1,2.086145232035E1,2.573620367136E-2));
#1571=DIRECTION('',(0.E0,-9.979482148809E-1,-6.402624786719E-2));
#1572=DIRECTION('',(-1.E0,-1.141824846056E-10,1.779707196316E-9));
#1573=AXIS2_PLACEMENT_3D('',#1570,#1571,#1572);
#1575=CARTESIAN_POINT('',(-2.4E1,2.086145232035E1,2.573620367136E-2));
#1576=DIRECTION('',(0.E0,-9.979482148809E-1,-6.402624786719E-2));
#1577=DIRECTION('',(9.951641129308E-1,6.289055669721E-3,-9.802467094283E-2));
#1578=AXIS2_PLACEMENT_3D('',#1575,#1576,#1577);
#1580=CARTESIAN_POINT('',(-2.4E1,2.086145232035E1,2.573620367136E-2));
#1581=DIRECTION('',(0.E0,-9.979482148809E-1,-6.402624786719E-2));
#1582=DIRECTION('',(1.E0,1.207402741473E-11,-1.881929706922E-10));
#1583=AXIS2_PLACEMENT_3D('',#1580,#1581,#1582);
#1585=CARTESIAN_POINT('',(-2.4E1,2.086145232035E1,2.573620367136E-2));
#1586=DIRECTION('',(0.E0,-9.979482148809E-1,-6.402624786719E-2));
#1587=DIRECTION('',(-9.951641131245E-1,-6.289055544075E-3,9.802466898444E-2));
#1588=AXIS2_PLACEMENT_3D('',#1585,#1586,#1587);
#1590=CARTESIAN_POINT('',(-3.2E1,2.036247821291E1,-6.276920262233E-3));
#1591=DIRECTION('',(0.E0,-9.979482148809E-1,-6.402624786719E-2));
#1592=DIRECTION('',(-1.E0,-1.430670832348E-10,2.229927661029E-9));
#1593=AXIS2_PLACEMENT_3D('',#1590,#1591,#1592);
#1595=CARTESIAN_POINT('',(-3.2E1,2.036247821291E1,-6.276920262233E-3));
#1596=DIRECTION('',(0.E0,-9.979482148809E-1,-6.402624786719E-2));
#1597=DIRECTION('',(9.951641129308E-1,6.289055669722E-3,-9.802467094283E-2));
#1598=AXIS2_PLACEMENT_3D('',#1595,#1596,#1597);
#1600=CARTESIAN_POINT('',(-3.405E1,2.036247821217E1,-6.276908674681E-3));
#1601=DIRECTION('',(5.664086033530E-9,-6.402624786719E-2,9.979482148809E-1));
#1602=DIRECTION('',(2.842170943040E-14,9.979482148809E-1,6.402624786719E-2));
#1603=AXIS2_PLACEMENT_3D('',#1600,#1601,#1602);
#1605=CARTESIAN_POINT('',(-3.2E1,2.036247821291E1,-6.276920262233E-3));
#1606=DIRECTION('',(0.E0,-9.979482148809E-1,-6.402624786719E-2));
#1607=DIRECTION('',(1.E0,0.E0,1.122842287558E-14));
#1608=AXIS2_PLACEMENT_3D('',#1605,#1606,#1607);
#1610=CARTESIAN_POINT('',(-3.2E1,2.036247821291E1,-6.276920262233E-3));
#1611=DIRECTION('',(0.E0,-9.979482148809E-1,-6.402624786719E-2));
#1612=DIRECTION('',(-9.951641131245E-1,-6.289055544076E-3,9.802466898445E-2));
#1613=AXIS2_PLACEMENT_3D('',#1610,#1611,#1612);
#1615=CARTESIAN_POINT('',(-2.995E1,2.036247821339E1,-6.276927815530E-3));
#1616=DIRECTION('',(-3.692110381315E-9,6.402624786719E-2,-9.979482148809E-1));
#1617=DIRECTION('',(3.552713678801E-14,9.979482148809E-1,6.402624786719E-2));
#1618=AXIS2_PLACEMENT_3D('',#1615,#1616,#1617);
#1620=DIRECTION('',(0.E0,-9.979482151128E-1,-6.402624425354E-2));
#1621=VECTOR('',#1620,1.299999999995E0);
#1622=CARTESIAN_POINT('',(-2.945E1,2.036247821321E1,-6.276924960001E-3));
#1623=LINE('',#1622,#1621);
#1624=DIRECTION('',(0.E0,9.979482146546E-1,6.402625139528E-2));
#1625=VECTOR('',#1624,1.299999999995E0);
#1626=CARTESIAN_POINT('',(-3.455E1,1.906514553322E1,-8.951103702576E-2));
#1627=LINE('',#1626,#1625);
#1628=CARTESIAN_POINT('',(-3.2E1,2.086145232035E1,2.573620367136E-2));
#1629=DIRECTION('',(0.E0,-9.979482148809E-1,-6.402624786719E-2));
#1630=DIRECTION('',(-1.E0,-1.141824846056E-10,1.779702711421E-9));
#1631=AXIS2_PLACEMENT_3D('',#1628,#1629,#1630);
#1633=CARTESIAN_POINT('',(-3.2E1,2.086145232035E1,2.573620367136E-2));
#1634=DIRECTION('',(0.E0,-9.979482148809E-1,-6.402624786719E-2));
#1635=DIRECTION('',(9.951641129308E-1,6.289055669721E-3,-9.802467094283E-2));
#1636=AXIS2_PLACEMENT_3D('',#1633,#1634,#1635);
#1638=CARTESIAN_POINT('',(-3.2E1,2.086145232035E1,2.573620367136E-2));
#1639=DIRECTION('',(0.E0,-9.979482148809E-1,-6.402624786719E-2));
#1640=DIRECTION('',(1.E0,1.207402741473E-11,-1.881925289723E-10));
#1641=AXIS2_PLACEMENT_3D('',#1638,#1639,#1640);
#1643=CARTESIAN_POINT('',(-3.2E1,2.086145232035E1,2.573620367136E-2));
#1644=DIRECTION('',(0.E0,-9.979482148809E-1,-6.402624786719E-2));
#1645=DIRECTION('',(-9.951641131245E-1,-6.289055544077E-3,9.802466898445E-2));
#1646=AXIS2_PLACEMENT_3D('',#1643,#1644,#1645);
#1648=CARTESIAN_POINT('',(-7.2E1,2.036247821291E1,-6.276920262233E-3));
#1649=DIRECTION('',(0.E0,-9.979482148809E-1,-6.402624786719E-2));
#1650=DIRECTION('',(-1.E0,-1.430670832348E-10,2.229927661029E-9));
#1651=AXIS2_PLACEMENT_3D('',#1648,#1649,#1650);
#1653=CARTESIAN_POINT('',(-7.2E1,2.036247821291E1,-6.276920262233E-3));
#1654=DIRECTION('',(0.E0,-9.979482148809E-1,-6.402624786719E-2));
#1655=DIRECTION('',(9.951641129308E-1,6.289055669722E-3,-9.802467094283E-2));
#1656=AXIS2_PLACEMENT_3D('',#1653,#1654,#1655);
#1658=CARTESIAN_POINT('',(-7.405E1,2.036247821217E1,-6.276908674683E-3));
#1659=DIRECTION('',(5.664085145352E-9,-6.402624786719E-2,9.979482148809E-1));
#1660=DIRECTION('',(2.842170943040E-14,9.979482148809E-1,6.402624786719E-2));
#1661=AXIS2_PLACEMENT_3D('',#1658,#1659,#1660);
#1663=CARTESIAN_POINT('',(-7.2E1,2.036247821291E1,-6.276920262233E-3));
#1664=DIRECTION('',(0.E0,-9.979482148809E-1,-6.402624786719E-2));
#1665=DIRECTION('',(1.E0,0.E0,1.122842287558E-14));
#1666=AXIS2_PLACEMENT_3D('',#1663,#1664,#1665);
#1668=CARTESIAN_POINT('',(-7.2E1,2.036247821291E1,-6.276920262233E-3));
#1669=DIRECTION('',(0.E0,-9.979482148809E-1,-6.402624786719E-2));
#1670=DIRECTION('',(-9.951641131245E-1,-6.289055544076E-3,9.802466898445E-2));
#1671=AXIS2_PLACEMENT_3D('',#1668,#1669,#1670);
#1673=CARTESIAN_POINT('',(-6.995E1,2.036247821339E1,-6.276927815528E-3));
#1674=DIRECTION('',(-3.692109507014E-9,6.402624786719E-2,-9.979482148809E-1));
#1675=DIRECTION('',(5.684341886081E-14,9.979482148809E-1,6.402624786719E-2));
#1676=AXIS2_PLACEMENT_3D('',#1673,#1674,#1675);
#1678=DIRECTION('',(1.093142670404E-14,-9.979482151128E-1,-6.402624425354E-2));
#1679=VECTOR('',#1678,1.299999999995E0);
#1680=CARTESIAN_POINT('',(-6.945E1,2.036247821321E1,-6.27692496E-3));
#1681=LINE('',#1680,#1679);
#1682=DIRECTION('',(0.E0,9.979482146546E-1,6.402625139528E-2));
#1683=VECTOR('',#1682,1.299999999995E0);
#1684=CARTESIAN_POINT('',(-7.455E1,1.906514553322E1,-8.951103702576E-2));
#1685=LINE('',#1684,#1683);
#1686=CARTESIAN_POINT('',(-7.2E1,2.086145232035E1,2.573620367136E-2));
#1687=DIRECTION('',(0.E0,-9.979482148809E-1,-6.402624786719E-2));
#1688=DIRECTION('',(-1.E0,-1.141824846056E-10,1.779717345718E-9));
#1689=AXIS2_PLACEMENT_3D('',#1686,#1687,#1688);
#1691=CARTESIAN_POINT('',(-7.2E1,2.086145232035E1,2.573620367136E-2));
#1692=DIRECTION('',(0.E0,-9.979482148809E-1,-6.402624786719E-2));
#1693=DIRECTION('',(9.951641129308E-1,6.289055669721E-3,-9.802467094283E-2));
#1694=AXIS2_PLACEMENT_3D('',#1691,#1692,#1693);
#1696=CARTESIAN_POINT('',(-7.2E1,2.086145232035E1,2.573620367136E-2));
#1697=DIRECTION('',(0.E0,-9.979482148809E-1,-6.402624786719E-2));
#1698=DIRECTION('',(1.E0,1.207402741473E-11,-1.881940199883E-10));
#1699=AXIS2_PLACEMENT_3D('',#1696,#1697,#1698);
#1701=CARTESIAN_POINT('',(-7.2E1,2.086145232035E1,2.573620367136E-2));
#1702=DIRECTION('',(0.E0,-9.979482148809E-1,-6.402624786719E-2));
#1703=DIRECTION('',(-9.951641131245E-1,-6.289055544077E-3,9.802466898445E-2));
#1704=AXIS2_PLACEMENT_3D('',#1701,#1702,#1703);
#1706=CARTESIAN_POINT('',(-4.8E1,2.036247821291E1,-6.276920262233E-3));
#1707=DIRECTION('',(0.E0,-9.979482148809E-1,-6.402624786719E-2));
#1708=DIRECTION('',(-1.E0,-1.430670832348E-10,2.229927655586E-9));
#1709=AXIS2_PLACEMENT_3D('',#1706,#1707,#1708);
#1711=CARTESIAN_POINT('',(-4.8E1,2.036247821291E1,-6.276920262233E-3));
#1712=DIRECTION('',(0.E0,-9.979482148809E-1,-6.402624786719E-2));
#1713=DIRECTION('',(9.951641129308E-1,6.289055669722E-3,-9.802467094283E-2));
#1714=AXIS2_PLACEMENT_3D('',#1711,#1712,#1713);
#1716=CARTESIAN_POINT('',(-5.005E1,2.036247821217E1,-6.276908674681E-3));
#1717=DIRECTION('',(5.664086033530E-9,-6.402624786719E-2,9.979482148809E-1));
#1718=DIRECTION('',(2.842170943040E-14,9.979482148809E-1,6.402624786719E-2));
#1719=AXIS2_PLACEMENT_3D('',#1716,#1717,#1718);
#1721=CARTESIAN_POINT('',(-4.8E1,2.036247821291E1,-6.276920262233E-3));
#1722=DIRECTION('',(0.E0,-9.979482148809E-1,-6.402624786719E-2));
#1723=DIRECTION('',(1.E0,0.E0,1.122842287558E-14));
#1724=AXIS2_PLACEMENT_3D('',#1721,#1722,#1723);
#1726=CARTESIAN_POINT('',(-4.8E1,2.036247821291E1,-6.276920262233E-3));
#1727=DIRECTION('',(0.E0,-9.979482148809E-1,-6.402624786719E-2));
#1728=DIRECTION('',(-9.951641131245E-1,-6.289055544076E-3,9.802466898445E-2));
#1729=AXIS2_PLACEMENT_3D('',#1726,#1727,#1728);
#1731=CARTESIAN_POINT('',(-4.595E1,2.036247821339E1,-6.276927815530E-3));
#1732=DIRECTION('',(-3.692110381315E-9,6.402624786719E-2,-9.979482148809E-1));
#1733=DIRECTION('',(4.263256414561E-14,9.979482148809E-1,6.402624786719E-2));
#1734=AXIS2_PLACEMENT_3D('',#1731,#1732,#1733);
#1736=DIRECTION('',(0.E0,-9.979482151128E-1,-6.402624425354E-2));
#1737=VECTOR('',#1736,1.299999999995E0);
#1738=CARTESIAN_POINT('',(-4.545E1,2.036247821321E1,-6.27692496E-3));
#1739=LINE('',#1738,#1737);
#1740=DIRECTION('',(0.E0,9.979482146546E-1,6.402625139528E-2));
#1741=VECTOR('',#1740,1.299999999995E0);
#1742=CARTESIAN_POINT('',(-5.055E1,1.906514553322E1,-8.951103702576E-2));
#1743=LINE('',#1742,#1741);
#1744=CARTESIAN_POINT('',(-4.8E1,2.086145232035E1,2.573620367136E-2));
#1745=DIRECTION('',(0.E0,-9.979482148809E-1,-6.402624786719E-2));
#1746=DIRECTION('',(-1.E0,-1.141824846056E-10,1.779702916203E-9));
#1747=AXIS2_PLACEMENT_3D('',#1744,#1745,#1746);
#1749=CARTESIAN_POINT('',(-4.8E1,2.086145232035E1,2.573620367136E-2));
#1750=DIRECTION('',(0.E0,-9.979482148809E-1,-6.402624786719E-2));
#1751=DIRECTION('',(9.951641129308E-1,6.289055669721E-3,-9.802467094283E-2));
#1752=AXIS2_PLACEMENT_3D('',#1749,#1750,#1751);
#1754=CARTESIAN_POINT('',(-4.8E1,2.086145232035E1,2.573620367136E-2));
#1755=DIRECTION('',(0.E0,-9.979482148809E-1,-6.402624786719E-2));
#1756=DIRECTION('',(1.E0,1.207402741473E-11,-1.881925509737E-10));
#1757=AXIS2_PLACEMENT_3D('',#1754,#1755,#1756);
#1759=CARTESIAN_POINT('',(-4.8E1,2.086145232035E1,2.573620367136E-2));
#1760=DIRECTION('',(0.E0,-9.979482148809E-1,-6.402624786719E-2));
#1761=DIRECTION('',(-9.951641131245E-1,-6.289055544077E-3,9.802466898445E-2));
#1762=AXIS2_PLACEMENT_3D('',#1759,#1760,#1761);
#1764=CARTESIAN_POINT('',(-5.6E1,2.036247821291E1,-6.276920262233E-3));
#1765=DIRECTION('',(0.E0,-9.979482148809E-1,-6.402624786719E-2));
#1766=DIRECTION('',(-1.E0,-1.430670832348E-10,2.229927655586E-9));
#1767=AXIS2_PLACEMENT_3D('',#1764,#1765,#1766);
#1769=CARTESIAN_POINT('',(-5.6E1,2.036247821291E1,-6.276920262233E-3));
#1770=DIRECTION('',(0.E0,-9.979482148809E-1,-6.402624786719E-2));
#1771=DIRECTION('',(9.951641129308E-1,6.289055669722E-3,-9.802467094283E-2));
#1772=AXIS2_PLACEMENT_3D('',#1769,#1770,#1771);
#1774=CARTESIAN_POINT('',(-5.805E1,2.036247821217E1,-6.276908674681E-3));
#1775=DIRECTION('',(5.664086033530E-9,-6.402624786719E-2,9.979482148809E-1));
#1776=DIRECTION('',(2.842170943040E-14,9.979482148809E-1,6.402624786719E-2));
#1777=AXIS2_PLACEMENT_3D('',#1774,#1775,#1776);
#1779=CARTESIAN_POINT('',(-5.6E1,2.036247821291E1,-6.276920262233E-3));
#1780=DIRECTION('',(0.E0,-9.979482148809E-1,-6.402624786719E-2));
#1781=DIRECTION('',(1.E0,0.E0,1.122842287558E-14));
#1782=AXIS2_PLACEMENT_3D('',#1779,#1780,#1781);
#1784=CARTESIAN_POINT('',(-5.6E1,2.036247821291E1,-6.276920262233E-3));
#1785=DIRECTION('',(0.E0,-9.979482148809E-1,-6.402624786719E-2));
#1786=DIRECTION('',(-9.951641131245E-1,-6.289055544076E-3,9.802466898445E-2));
#1787=AXIS2_PLACEMENT_3D('',#1784,#1785,#1786);
#1789=CARTESIAN_POINT('',(-5.395E1,2.036247821339E1,-6.276927815528E-3));
#1790=DIRECTION('',(-3.692109507014E-9,6.402624786719E-2,-9.979482148809E-1));
#1791=DIRECTION('',(4.263256414561E-14,9.979482148809E-1,6.402624786719E-2));
#1792=AXIS2_PLACEMENT_3D('',#1789,#1790,#1791);
#1794=DIRECTION('',(0.E0,-9.979482151128E-1,-6.402624425354E-2));
#1795=VECTOR('',#1794,1.299999999995E0);
#1796=CARTESIAN_POINT('',(-5.345E1,2.036247821321E1,-6.27692496E-3));
#1797=LINE('',#1796,#1795);
#1798=DIRECTION('',(0.E0,9.979482146546E-1,6.402625139528E-2));
#1799=VECTOR('',#1798,1.299999999995E0);
#1800=CARTESIAN_POINT('',(-5.855E1,1.906514553322E1,-8.951103702576E-2));
#1801=LINE('',#1800,#1799);
#1802=CARTESIAN_POINT('',(-5.6E1,2.086145232035E1,2.573620367136E-2));
#1803=DIRECTION('',(0.E0,-9.979482148809E-1,-6.402624786719E-2));
#1804=DIRECTION('',(-1.E0,-1.141824846056E-10,1.779709333834E-9));
#1805=AXIS2_PLACEMENT_3D('',#1802,#1803,#1804);
#1807=CARTESIAN_POINT('',(-5.6E1,2.086145232035E1,2.573620367136E-2));
#1808=DIRECTION('',(0.E0,-9.979482148809E-1,-6.402624786719E-2));
#1809=DIRECTION('',(9.951641129308E-1,6.289055669721E-3,-9.802467094283E-2));
#1810=AXIS2_PLACEMENT_3D('',#1807,#1808,#1809);
#1812=CARTESIAN_POINT('',(-5.6E1,2.086145232035E1,2.573620367136E-2));
#1813=DIRECTION('',(0.E0,-9.979482148809E-1,-6.402624786719E-2));
#1814=DIRECTION('',(1.E0,1.207402741473E-11,-1.881932076300E-10));
#1815=AXIS2_PLACEMENT_3D('',#1812,#1813,#1814);
#1817=CARTESIAN_POINT('',(-5.6E1,2.086145232035E1,2.573620367136E-2));
#1818=DIRECTION('',(0.E0,-9.979482148809E-1,-6.402624786719E-2));
#1819=DIRECTION('',(-9.951641131245E-1,-6.289055544077E-3,9.802466898445E-2));
#1820=AXIS2_PLACEMENT_3D('',#1817,#1818,#1819);
#1822=CARTESIAN_POINT('',(-8.E1,2.036247821291E1,-6.276920262233E-3));
#1823=DIRECTION('',(0.E0,-9.979482148809E-1,-6.402624786719E-2));
#1824=DIRECTION('',(-1.E0,-1.430670832348E-10,2.229927661029E-9));
#1825=AXIS2_PLACEMENT_3D('',#1822,#1823,#1824);
#1827=CARTESIAN_POINT('',(-8.E1,2.036247821291E1,-6.276920262233E-3));
#1828=DIRECTION('',(0.E0,-9.979482148809E-1,-6.402624786719E-2));
#1829=DIRECTION('',(9.951641129308E-1,6.289055669722E-3,-9.802467094283E-2));
#1830=AXIS2_PLACEMENT_3D('',#1827,#1828,#1829);
#1832=CARTESIAN_POINT('',(-8.205E1,2.036247821217E1,-6.276908674681E-3));
#1833=DIRECTION('',(5.664086033530E-9,-6.402624786719E-2,9.979482148809E-1));
#1834=DIRECTION('',(2.842170943040E-14,9.979482148809E-1,6.402624786719E-2));
#1835=AXIS2_PLACEMENT_3D('',#1832,#1833,#1834);
#1837=CARTESIAN_POINT('',(-8.E1,2.036247821291E1,-6.276920262233E-3));
#1838=DIRECTION('',(0.E0,-9.979482148809E-1,-6.402624786719E-2));
#1839=DIRECTION('',(1.E0,0.E0,1.122842287558E-14));
#1840=AXIS2_PLACEMENT_3D('',#1837,#1838,#1839);
#1842=CARTESIAN_POINT('',(-8.E1,2.036247821291E1,-6.276920262233E-3));
#1843=DIRECTION('',(0.E0,-9.979482148809E-1,-6.402624786719E-2));
#1844=DIRECTION('',(-9.951641131245E-1,-6.289055544076E-3,9.802466898445E-2));
#1845=AXIS2_PLACEMENT_3D('',#1842,#1843,#1844);
#1847=CARTESIAN_POINT('',(-7.795E1,2.036247821339E1,-6.276927815528E-3));
#1848=DIRECTION('',(-3.692109507014E-9,6.402624786719E-2,-9.979482148809E-1));
#1849=DIRECTION('',(5.684341886081E-14,9.979482148809E-1,6.402624786719E-2));
#1850=AXIS2_PLACEMENT_3D('',#1847,#1848,#1849);
#1852=DIRECTION('',(1.093142670404E-14,-9.979482151128E-1,-6.402624425354E-2));
#1853=VECTOR('',#1852,1.299999999995E0);
#1854=CARTESIAN_POINT('',(-7.745E1,2.036247821321E1,-6.27692496E-3));
#1855=LINE('',#1854,#1853);
#1856=DIRECTION('',(0.E0,9.979482146546E-1,6.402625139528E-2));
#1857=VECTOR('',#1856,1.299999999995E0);
#1858=CARTESIAN_POINT('',(-8.255E1,1.906514553322E1,-8.951103702576E-2));
#1859=LINE('',#1858,#1857);
#1860=CARTESIAN_POINT('',(-8.E1,2.086145232035E1,2.573620367136E-2));
#1861=DIRECTION('',(0.E0,-9.979482148809E-1,-6.402624786719E-2));
#1862=DIRECTION('',(-1.E0,-1.141824846056E-10,1.779719148138E-9));
#1863=AXIS2_PLACEMENT_3D('',#1860,#1861,#1862);
#1865=CARTESIAN_POINT('',(-8.E1,2.086145232035E1,2.573620367136E-2));
#1866=DIRECTION('',(0.E0,-9.979482148809E-1,-6.402624786719E-2));
#1867=DIRECTION('',(9.951641129308E-1,6.289055669721E-3,-9.802467094283E-2));
#1868=AXIS2_PLACEMENT_3D('',#1865,#1866,#1867);
#1870=CARTESIAN_POINT('',(-8.E1,2.086145232035E1,2.573620367136E-2));
#1871=DIRECTION('',(0.E0,-9.979482148809E-1,-6.402624786719E-2));
#1872=DIRECTION('',(1.E0,1.207402741473E-11,-1.881942163082E-10));
#1873=AXIS2_PLACEMENT_3D('',#1870,#1871,#1872);
#1875=CARTESIAN_POINT('',(-8.E1,2.086145232035E1,2.573620367136E-2));
#1876=DIRECTION('',(0.E0,-9.979482148809E-1,-6.402624786719E-2));
#1877=DIRECTION('',(-9.951641131245E-1,-6.289055544077E-3,9.802466898445E-2));
#1878=AXIS2_PLACEMENT_3D('',#1875,#1876,#1877);
#1880=CARTESIAN_POINT('',(-4.E1,2.036247821291E1,-6.276920262233E-3));
#1881=DIRECTION('',(0.E0,-9.979482148809E-1,-6.402624786719E-2));
#1882=DIRECTION('',(-1.E0,-1.430670832348E-10,2.229927655586E-9));
#1883=AXIS2_PLACEMENT_3D('',#1880,#1881,#1882);
#1885=CARTESIAN_POINT('',(-4.E1,2.036247821291E1,-6.276920262233E-3));
#1886=DIRECTION('',(0.E0,-9.979482148809E-1,-6.402624786719E-2));
#1887=DIRECTION('',(9.951641129308E-1,6.289055669722E-3,-9.802467094283E-2));
#1888=AXIS2_PLACEMENT_3D('',#1885,#1886,#1887);
#1890=CARTESIAN_POINT('',(-4.205E1,2.036247821217E1,-6.276908674681E-3));
#1891=DIRECTION('',(5.664086033530E-9,-6.402624786719E-2,9.979482148809E-1));
#1892=DIRECTION('',(2.842170943040E-14,9.979482148809E-1,6.402624786719E-2));
#1893=AXIS2_PLACEMENT_3D('',#1890,#1891,#1892);
#1895=CARTESIAN_POINT('',(-4.E1,2.036247821291E1,-6.276920262233E-3));
#1896=DIRECTION('',(0.E0,-9.979482148809E-1,-6.402624786719E-2));
#1897=DIRECTION('',(1.E0,0.E0,1.122842287558E-14));
#1898=AXIS2_PLACEMENT_3D('',#1895,#1896,#1897);
#1900=CARTESIAN_POINT('',(-4.E1,2.036247821291E1,-6.276920262233E-3));
#1901=DIRECTION('',(0.E0,-9.979482148809E-1,-6.402624786719E-2));
#1902=DIRECTION('',(-9.951641131245E-1,-6.289055544076E-3,9.802466898445E-2));
#1903=AXIS2_PLACEMENT_3D('',#1900,#1901,#1902);
#1905=CARTESIAN_POINT('',(-3.795E1,2.036247821339E1,-6.276927815528E-3));
#1906=DIRECTION('',(-3.692109507014E-9,6.402624786719E-2,-9.979482148809E-1));
#1907=DIRECTION('',(4.263256414561E-14,9.979482148809E-1,6.402624786719E-2));
#1908=AXIS2_PLACEMENT_3D('',#1905,#1906,#1907);
#1910=DIRECTION('',(0.E0,-9.979482151128E-1,-6.402624425354E-2));
#1911=VECTOR('',#1910,1.299999999995E0);
#1912=CARTESIAN_POINT('',(-3.745E1,2.036247821321E1,-6.27692496E-3));
#1913=LINE('',#1912,#1911);
#1914=DIRECTION('',(0.E0,9.979482146546E-1,6.402625139528E-2));
#1915=VECTOR('',#1914,1.299999999995E0);
#1916=CARTESIAN_POINT('',(-4.255E1,1.906514553322E1,-8.951103702576E-2));
#1917=LINE('',#1916,#1915);
#1918=CARTESIAN_POINT('',(-4.E1,2.086145232035E1,2.573620367136E-2));
#1919=DIRECTION('',(0.E0,-9.979482148809E-1,-6.402624786719E-2));
#1920=DIRECTION('',(-1.E0,-1.141824846056E-10,1.779709751860E-9));
#1921=AXIS2_PLACEMENT_3D('',#1918,#1919,#1920);
#1923=CARTESIAN_POINT('',(-4.E1,2.086145232035E1,2.573620367136E-2));
#1924=DIRECTION('',(0.E0,-9.979482148809E-1,-6.402624786719E-2));
#1925=DIRECTION('',(9.951641129308E-1,6.289055669721E-3,-9.802467094283E-2));
#1926=AXIS2_PLACEMENT_3D('',#1923,#1924,#1925);
#1928=CARTESIAN_POINT('',(-4.E1,2.086145232035E1,2.573620367136E-2));
#1929=DIRECTION('',(0.E0,-9.979482148809E-1,-6.402624786719E-2));
#1930=DIRECTION('',(1.E0,1.207402741473E-11,-1.881932516327E-10));
#1931=AXIS2_PLACEMENT_3D('',#1928,#1929,#1930);
#1933=CARTESIAN_POINT('',(-4.E1,2.086145232035E1,2.573620367136E-2));
#1934=DIRECTION('',(0.E0,-9.979482148809E-1,-6.402624786719E-2));
#1935=DIRECTION('',(-9.951641131245E-1,-6.289055544077E-3,9.802466898445E-2));
#1936=AXIS2_PLACEMENT_3D('',#1933,#1934,#1935);
#1938=CARTESIAN_POINT('',(-6.4E1,2.036247821291E1,-6.276920262233E-3));
#1939=DIRECTION('',(0.E0,-9.979482148809E-1,-6.402624786719E-2));
#1940=DIRECTION('',(-1.E0,-1.430670832348E-10,2.229927655586E-9));
#1941=AXIS2_PLACEMENT_3D('',#1938,#1939,#1940);
#1943=CARTESIAN_POINT('',(-6.4E1,2.036247821291E1,-6.276920262233E-3));
#1944=DIRECTION('',(0.E0,-9.979482148809E-1,-6.402624786719E-2));
#1945=DIRECTION('',(9.951641129308E-1,6.289055669722E-3,-9.802467094283E-2));
#1946=AXIS2_PLACEMENT_3D('',#1943,#1944,#1945);
#1948=CARTESIAN_POINT('',(-6.605E1,2.036247821217E1,-6.276908674679E-3));
#1949=DIRECTION('',(5.664086907831E-9,-6.402624786719E-2,9.979482148809E-1));
#1950=DIRECTION('',(2.842170943040E-14,9.979482148809E-1,6.402624786719E-2));
#1951=AXIS2_PLACEMENT_3D('',#1948,#1949,#1950);
#1953=CARTESIAN_POINT('',(-6.4E1,2.036247821291E1,-6.276920262233E-3));
#1954=DIRECTION('',(0.E0,-9.979482148809E-1,-6.402624786719E-2));
#1955=DIRECTION('',(1.E0,0.E0,1.122842287558E-14));
#1956=AXIS2_PLACEMENT_3D('',#1953,#1954,#1955);
#1958=CARTESIAN_POINT('',(-6.4E1,2.036247821291E1,-6.276920262233E-3));
#1959=DIRECTION('',(0.E0,-9.979482148809E-1,-6.402624786719E-2));
#1960=DIRECTION('',(-9.951641131245E-1,-6.289055544076E-3,9.802466898445E-2));
#1961=AXIS2_PLACEMENT_3D('',#1958,#1959,#1960);
#1963=CARTESIAN_POINT('',(-6.195E1,2.036247821339E1,-6.276927815530E-3));
#1964=DIRECTION('',(-3.692110381315E-9,6.402624786719E-2,-9.979482148809E-1));
#1965=DIRECTION('',(4.263256414561E-14,9.979482148809E-1,6.402624786719E-2));
#1966=AXIS2_PLACEMENT_3D('',#1963,#1964,#1965);
#1968=DIRECTION('',(0.E0,-9.979482151128E-1,-6.402624425354E-2));
#1969=VECTOR('',#1968,1.299999999995E0);
#1970=CARTESIAN_POINT('',(-6.145E1,2.036247821321E1,-6.276924960001E-3));
#1971=LINE('',#1970,#1969);
#1972=DIRECTION('',(0.E0,9.979482146546E-1,6.402625139528E-2));
#1973=VECTOR('',#1972,1.299999999995E0);
#1974=CARTESIAN_POINT('',(-6.655E1,1.906514553322E1,-8.951103702576E-2));
#1975=LINE('',#1974,#1973);
#1976=CARTESIAN_POINT('',(-6.4E1,2.086145232035E1,2.573620367136E-2));
#1977=DIRECTION('',(0.E0,-9.979482148809E-1,-6.402624786719E-2));
#1978=DIRECTION('',(-1.E0,-1.141824846056E-10,1.779719886030E-9));
#1979=AXIS2_PLACEMENT_3D('',#1976,#1977,#1978);
#1981=CARTESIAN_POINT('',(-6.4E1,2.086145232035E1,2.573620367136E-2));
#1982=DIRECTION('',(0.E0,-9.979482148809E-1,-6.402624786719E-2));
#1983=DIRECTION('',(9.951641129308E-1,6.289055669721E-3,-9.802467094283E-2));
#1984=AXIS2_PLACEMENT_3D('',#1981,#1982,#1983);
#1986=CARTESIAN_POINT('',(-6.4E1,2.086145232035E1,2.573620367136E-2));
#1987=DIRECTION('',(0.E0,-9.979482148809E-1,-6.402624786719E-2));
#1988=DIRECTION('',(1.E0,1.207402741473E-11,-1.881943093910E-10));
#1989=AXIS2_PLACEMENT_3D('',#1986,#1987,#1988);
#1991=CARTESIAN_POINT('',(-6.4E1,2.086145232035E1,2.573620367136E-2));
#1992=DIRECTION('',(0.E0,-9.979482148809E-1,-6.402624786719E-2));
#1993=DIRECTION('',(-9.951641131245E-1,-6.289055544077E-3,9.802466898445E-2));
#1994=AXIS2_PLACEMENT_3D('',#1991,#1992,#1993);
#1996=CARTESIAN_POINT('',(6.4E1,1.985026822997E1,7.977308798785E0));
#1997=DIRECTION('',(0.E0,-9.979482148809E-1,-6.402624786719E-2));
#1998=DIRECTION('',(-1.E0,-1.430629035716E-10,2.229848549815E-9));
#1999=AXIS2_PLACEMENT_3D('',#1996,#1997,#1998);
#2001=CARTESIAN_POINT('',(6.4E1,1.985026822997E1,7.977308798785E0));
#2002=DIRECTION('',(0.E0,-9.979482148809E-1,-6.402624786719E-2));
#2003=DIRECTION('',(9.951641129308E-1,6.289055669722E-3,-9.802467094283E-2));
#2004=AXIS2_PLACEMENT_3D('',#2001,#2002,#2003);
#2006=CARTESIAN_POINT('',(6.195E1,1.985026822923E1,7.977308810373E0));
#2007=DIRECTION('',(5.664196153776E-9,-6.402624786719E-2,9.979482148809E-1));
#2008=DIRECTION('',(5.968558980385E-13,9.979482148809E-1,6.402624786719E-2));
#2009=AXIS2_PLACEMENT_3D('',#2006,#2007,#2008);
#2011=CARTESIAN_POINT('',(6.4E1,1.985026822997E1,7.977308798785E0));
#2012=DIRECTION('',(0.E0,-9.979482148809E-1,-6.402624786719E-2));
#2013=DIRECTION('',(1.E0,0.E0,0.E0));
#2014=AXIS2_PLACEMENT_3D('',#2011,#2012,#2013);
#2016=CARTESIAN_POINT('',(6.4E1,1.985026822997E1,7.977308798785E0));
#2017=DIRECTION('',(0.E0,-9.979482148809E-1,-6.402624786719E-2));
#2018=DIRECTION('',(-9.951641131245E-1,-6.289055544076E-3,9.802466898445E-2));
#2019=AXIS2_PLACEMENT_3D('',#2016,#2017,#2018);
#2021=CARTESIAN_POINT('',(6.605E1,1.985026823045E1,7.977308791231E0));
#2022=DIRECTION('',(-3.692299563318E-9,6.402624786719E-2,-9.979482148809E-1));
#2023=DIRECTION('',(5.968558980385E-13,9.979482148809E-1,6.402624786719E-2));
#2024=AXIS2_PLACEMENT_3D('',#2021,#2022,#2023);
#2026=DIRECTION('',(0.E0,-9.979482151128E-1,-6.402624425332E-2));
#2027=VECTOR('',#2026,1.299999999995E0);
#2028=CARTESIAN_POINT('',(6.655E1,1.985026823027E1,7.977308794087E0));
#2029=LINE('',#2028,#2027);
#2030=DIRECTION('',(0.E0,9.979482146546E-1,6.402625139540E-2));
#2031=VECTOR('',#2030,1.299999999995E0);
#2032=CARTESIAN_POINT('',(6.145E1,1.855293555028E1,7.894074682021E0));
#2033=LINE('',#2032,#2031);
#2034=CARTESIAN_POINT('',(6.4E1,2.034924233741E1,8.009321922719E0));
#2035=DIRECTION('',(0.E0,-9.979482148809E-1,-6.402624786719E-2));
#2036=DIRECTION('',(-1.E0,-1.141946158230E-10,1.779909553079E-9));
#2037=AXIS2_PLACEMENT_3D('',#2034,#2035,#2036);
#2039=CARTESIAN_POINT('',(6.4E1,2.034924233741E1,8.009321922719E0));
#2040=DIRECTION('',(0.E0,-9.979482148809E-1,-6.402624786719E-2));
#2041=DIRECTION('',(9.951641129308E-1,6.289055669721E-3,-9.802467094283E-2));
#2042=AXIS2_PLACEMENT_3D('',#2039,#2040,#2041);
#2044=CARTESIAN_POINT('',(6.4E1,2.034924233741E1,8.009321922719E0));
#2045=DIRECTION('',(0.E0,-9.979482148809E-1,-6.402624786719E-2));
#2046=DIRECTION('',(1.E0,1.206189619729E-11,-1.879957436336E-10));
#2047=AXIS2_PLACEMENT_3D('',#2044,#2045,#2046);
#2049=CARTESIAN_POINT('',(6.4E1,2.034924233741E1,8.009321922719E0));
#2050=DIRECTION('',(0.E0,-9.979482148809E-1,-6.402624786719E-2));
#2051=DIRECTION('',(-9.951641131245E-1,-6.289055544077E-3,9.802466898445E-2));
#2052=AXIS2_PLACEMENT_3D('',#2049,#2050,#2051);
#2054=CARTESIAN_POINT('',(5.6E1,1.985026822997E1,7.977308798785E0));
#2055=DIRECTION('',(0.E0,-9.979482148809E-1,-6.402624786719E-2));
#2056=DIRECTION('',(-1.E0,-1.430629035716E-10,2.229848549815E-9));
#2057=AXIS2_PLACEMENT_3D('',#2054,#2055,#2056);
#2059=CARTESIAN_POINT('',(5.6E1,1.985026822997E1,7.977308798785E0));
#2060=DIRECTION('',(0.E0,-9.979482148809E-1,-6.402624786719E-2));
#2061=DIRECTION('',(9.951641129308E-1,6.289055669722E-3,-9.802467094283E-2));
#2062=AXIS2_PLACEMENT_3D('',#2059,#2060,#2061);
#2064=CARTESIAN_POINT('',(5.395E1,1.985026822923E1,7.977308810373E0));
#2065=DIRECTION('',(5.664196278676E-9,-6.402624786719E-2,9.979482148809E-1));
#2066=DIRECTION('',(5.826450433233E-13,9.979482148809E-1,6.402624786719E-2));
#2067=AXIS2_PLACEMENT_3D('',#2064,#2065,#2066);
#2069=CARTESIAN_POINT('',(5.6E1,1.985026822997E1,7.977308798785E0));
#2070=DIRECTION('',(0.E0,-9.979482148809E-1,-6.402624786719E-2));
#2071=DIRECTION('',(1.E0,0.E0,0.E0));
#2072=AXIS2_PLACEMENT_3D('',#2069,#2070,#2071);
#2074=CARTESIAN_POINT('',(5.6E1,1.985026822997E1,7.977308798785E0));
#2075=DIRECTION('',(0.E0,-9.979482148809E-1,-6.402624786719E-2));
#2076=DIRECTION('',(-9.951641131245E-1,-6.289055544076E-3,9.802466898445E-2));
#2077=AXIS2_PLACEMENT_3D('',#2074,#2075,#2076);
#2079=CARTESIAN_POINT('',(5.805E1,1.985026823045E1,7.977308791231E0));
#2080=DIRECTION('',(-3.692299563318E-9,6.402624786719E-2,-9.979482148809E-1));
#2081=DIRECTION('',(5.968558980385E-13,9.979482148809E-1,6.402624786719E-2));
#2082=AXIS2_PLACEMENT_3D('',#2079,#2080,#2081);
#2084=DIRECTION('',(0.E0,-9.979482151128E-1,-6.402624425332E-2));
#2085=VECTOR('',#2084,1.299999999995E0);
#2086=CARTESIAN_POINT('',(5.855E1,1.985026823027E1,7.977308794087E0));
#2087=LINE('',#2086,#2085);
#2088=DIRECTION('',(0.E0,9.979482146546E-1,6.402625139540E-2));
#2089=VECTOR('',#2088,1.299999999995E0);
#2090=CARTESIAN_POINT('',(5.345E1,1.855293555028E1,7.894074682021E0));
#2091=LINE('',#2090,#2089);
#2092=CARTESIAN_POINT('',(5.6E1,2.034924233741E1,8.009321922719E0));
#2093=DIRECTION('',(0.E0,-9.979482148809E-1,-6.402624786719E-2));
#2094=DIRECTION('',(-1.E0,-1.141946158230E-10,1.779907820048E-9));
#2095=AXIS2_PLACEMENT_3D('',#2092,#2093,#2094);
#2097=CARTESIAN_POINT('',(5.6E1,2.034924233741E1,8.009321922719E0));
#2098=DIRECTION('',(0.E0,-9.979482148809E-1,-6.402624786719E-2));
#2099=DIRECTION('',(9.951641129308E-1,6.289055669721E-3,-9.802467094283E-2));
#2100=AXIS2_PLACEMENT_3D('',#2097,#2098,#2099);
#2102=CARTESIAN_POINT('',(5.6E1,2.034924233741E1,8.009321922719E0));
#2103=DIRECTION('',(0.E0,-9.979482148809E-1,-6.402624786719E-2));
#2104=DIRECTION('',(1.E0,1.206189619729E-11,-1.879957436336E-10));
#2105=AXIS2_PLACEMENT_3D('',#2102,#2103,#2104);
#2107=CARTESIAN_POINT('',(5.6E1,2.034924233741E1,8.009321922719E0));
#2108=DIRECTION('',(0.E0,-9.979482148809E-1,-6.402624786719E-2));
#2109=DIRECTION('',(-9.951641131245E-1,-6.289055544077E-3,9.802466898445E-2));
#2110=AXIS2_PLACEMENT_3D('',#2107,#2108,#2109);
#2112=CARTESIAN_POINT('',(4.8E1,1.985026822997E1,7.977308798785E0));
#2113=DIRECTION('',(0.E0,-9.979482148809E-1,-6.402624786719E-2));
#2114=DIRECTION('',(-1.E0,-1.430629035716E-10,2.229848549815E-9));
#2115=AXIS2_PLACEMENT_3D('',#2112,#2113,#2114);
#2117=CARTESIAN_POINT('',(4.8E1,1.985026822997E1,7.977308798785E0));
#2118=DIRECTION('',(0.E0,-9.979482148809E-1,-6.402624786719E-2));
#2119=DIRECTION('',(9.951641129308E-1,6.289055669722E-3,-9.802467094283E-2));
#2120=AXIS2_PLACEMENT_3D('',#2117,#2118,#2119);
#2122=CARTESIAN_POINT('',(4.595E1,1.985026822923E1,7.977308810373E0));
#2123=DIRECTION('',(5.664196278676E-9,-6.402624786719E-2,9.979482148809E-1));
#2124=DIRECTION('',(5.826450433233E-13,9.979482148809E-1,6.402624786719E-2));
#2125=AXIS2_PLACEMENT_3D('',#2122,#2123,#2124);
#2127=CARTESIAN_POINT('',(4.8E1,1.985026822997E1,7.977308798785E0));
#2128=DIRECTION('',(0.E0,-9.979482148809E-1,-6.402624786719E-2));
#2129=DIRECTION('',(1.E0,0.E0,0.E0));
#2130=AXIS2_PLACEMENT_3D('',#2127,#2128,#2129);
#2132=CARTESIAN_POINT('',(4.8E1,1.985026822997E1,7.977308798785E0));
#2133=DIRECTION('',(0.E0,-9.979482148809E-1,-6.402624786719E-2));
#2134=DIRECTION('',(-9.951641131245E-1,-6.289055544076E-3,9.802466898445E-2));
#2135=AXIS2_PLACEMENT_3D('',#2132,#2133,#2134);
#2137=CARTESIAN_POINT('',(5.005E1,1.985026823045E1,7.977308791231E0));
#2138=DIRECTION('',(-3.692299563318E-9,6.402624786719E-2,-9.979482148809E-1));
#2139=DIRECTION('',(5.968558980385E-13,9.979482148809E-1,6.402624786719E-2));
#2140=AXIS2_PLACEMENT_3D('',#2137,#2138,#2139);
#2142=DIRECTION('',(0.E0,-9.979482151128E-1,-6.402624425332E-2));
#2143=VECTOR('',#2142,1.299999999995E0);
#2144=CARTESIAN_POINT('',(5.055E1,1.985026823027E1,7.977308794087E0));
#2145=LINE('',#2144,#2143);
#2146=DIRECTION('',(0.E0,9.979482146546E-1,6.402625139540E-2));
#2147=VECTOR('',#2146,1.299999999995E0);
#2148=CARTESIAN_POINT('',(4.545E1,1.855293555028E1,7.894074682021E0));
#2149=LINE('',#2148,#2147);
#2150=CARTESIAN_POINT('',(4.8E1,2.034924233741E1,8.009321922719E0));
#2151=DIRECTION('',(0.E0,-9.979482148809E-1,-6.402624786719E-2));
#2152=DIRECTION('',(-1.E0,-1.141946158230E-10,1.779909553079E-9));
#2153=AXIS2_PLACEMENT_3D('',#2150,#2151,#2152);
#2155=CARTESIAN_POINT('',(4.8E1,2.034924233741E1,8.009321922719E0));
#2156=DIRECTION('',(0.E0,-9.979482148809E-1,-6.402624786719E-2));
#2157=DIRECTION('',(9.951641129308E-1,6.289055669721E-3,-9.802467094283E-2));
#2158=AXIS2_PLACEMENT_3D('',#2155,#2156,#2157);
#2160=CARTESIAN_POINT('',(4.8E1,2.034924233741E1,8.009321922719E0));
#2161=DIRECTION('',(0.E0,-9.979482148809E-1,-6.402624786719E-2));
#2162=DIRECTION('',(1.E0,1.206189619729E-11,-1.879957436336E-10));
#2163=AXIS2_PLACEMENT_3D('',#2160,#2161,#2162);
#2165=CARTESIAN_POINT('',(4.8E1,2.034924233741E1,8.009321922719E0));
#2166=DIRECTION('',(0.E0,-9.979482148809E-1,-6.402624786719E-2));
#2167=DIRECTION('',(-9.951641131245E-1,-6.289055544077E-3,9.802466898445E-2));
#2168=AXIS2_PLACEMENT_3D('',#2165,#2166,#2167);
#2170=CARTESIAN_POINT('',(4.E1,1.985026822997E1,7.977308798785E0));
#2171=DIRECTION('',(0.E0,-9.979482148809E-1,-6.402624786719E-2));
#2172=DIRECTION('',(-1.E0,-1.430629035716E-10,2.229848549815E-9));
#2173=AXIS2_PLACEMENT_3D('',#2170,#2171,#2172);
#2175=CARTESIAN_POINT('',(4.E1,1.985026822997E1,7.977308798785E0));
#2176=DIRECTION('',(0.E0,-9.979482148809E-1,-6.402624786719E-2));
#2177=DIRECTION('',(9.951641129308E-1,6.289055669722E-3,-9.802467094283E-2));
#2178=AXIS2_PLACEMENT_3D('',#2175,#2176,#2177);
#2180=CARTESIAN_POINT('',(3.795E1,1.985026822923E1,7.977308810373E0));
#2181=DIRECTION('',(5.664195279476E-9,-6.402624786719E-2,9.979482148809E-1));
#2182=DIRECTION('',(5.826450433233E-13,9.979482148809E-1,6.402624786719E-2));
#2183=AXIS2_PLACEMENT_3D('',#2180,#2181,#2182);
#2185=CARTESIAN_POINT('',(4.E1,1.985026822997E1,7.977308798785E0));
#2186=DIRECTION('',(0.E0,-9.979482148809E-1,-6.402624786719E-2));
#2187=DIRECTION('',(1.E0,0.E0,0.E0));
#2188=AXIS2_PLACEMENT_3D('',#2185,#2186,#2187);
#2190=CARTESIAN_POINT('',(4.E1,1.985026822997E1,7.977308798785E0));
#2191=DIRECTION('',(0.E0,-9.979482148809E-1,-6.402624786719E-2));
#2192=DIRECTION('',(-9.951641131245E-1,-6.289055544076E-3,9.802466898445E-2));
#2193=AXIS2_PLACEMENT_3D('',#2190,#2191,#2192);
#2195=CARTESIAN_POINT('',(4.205E1,1.985026823045E1,7.977308791231E0));
#2196=DIRECTION('',(-3.692299563318E-9,6.402624786719E-2,-9.979482148809E-1));
#2197=DIRECTION('',(5.968558980385E-13,9.979482148809E-1,6.402624786719E-2));
#2198=AXIS2_PLACEMENT_3D('',#2195,#2196,#2197);
#2200=DIRECTION('',(0.E0,-9.979482151128E-1,-6.402624425332E-2));
#2201=VECTOR('',#2200,1.299999999995E0);
#2202=CARTESIAN_POINT('',(4.255E1,1.985026823027E1,7.977308794087E0));
#2203=LINE('',#2202,#2201);
#2204=DIRECTION('',(0.E0,9.979482146546E-1,6.402625139540E-2));
#2205=VECTOR('',#2204,1.299999999995E0);
#2206=CARTESIAN_POINT('',(3.745E1,1.855293555028E1,7.894074682021E0));
#2207=LINE('',#2206,#2205);
#2208=CARTESIAN_POINT('',(4.E1,2.034924233741E1,8.009321922719E0));
#2209=DIRECTION('',(0.E0,-9.979482148809E-1,-6.402624786719E-2));
#2210=DIRECTION('',(-1.E0,-1.141946158230E-10,1.779904353986E-9));
#2211=AXIS2_PLACEMENT_3D('',#2208,#2209,#2210);
#2213=CARTESIAN_POINT('',(4.E1,2.034924233741E1,8.009321922719E0));
#2214=DIRECTION('',(0.E0,-9.979482148809E-1,-6.402624786719E-2));
#2215=DIRECTION('',(9.951641129308E-1,6.289055669721E-3,-9.802467094283E-2));
#2216=AXIS2_PLACEMENT_3D('',#2213,#2214,#2215);
#2218=CARTESIAN_POINT('',(4.E1,2.034924233741E1,8.009321922719E0));
#2219=DIRECTION('',(0.E0,-9.979482148809E-1,-6.402624786719E-2));
#2220=DIRECTION('',(1.E0,1.206189619729E-11,-1.879957436336E-10));
#2221=AXIS2_PLACEMENT_3D('',#2218,#2219,#2220);
#2223=CARTESIAN_POINT('',(4.E1,2.034924233741E1,8.009321922719E0));
#2224=DIRECTION('',(0.E0,-9.979482148809E-1,-6.402624786719E-2));
#2225=DIRECTION('',(-9.951641131245E-1,-6.289055544077E-3,9.802466898445E-2));
#2226=AXIS2_PLACEMENT_3D('',#2223,#2224,#2225);
#2228=CARTESIAN_POINT('',(3.2E1,1.985026822997E1,7.977308798785E0));
#2229=DIRECTION('',(0.E0,-9.979482148809E-1,-6.402624786719E-2));
#2230=DIRECTION('',(-1.E0,-1.430629035716E-10,2.229848549815E-9));
#2231=AXIS2_PLACEMENT_3D('',#2228,#2229,#2230);
#2233=CARTESIAN_POINT('',(3.2E1,1.985026822997E1,7.977308798785E0));
#2234=DIRECTION('',(0.E0,-9.979482148809E-1,-6.402624786719E-2));
#2235=DIRECTION('',(9.951641129308E-1,6.289055669722E-3,-9.802467094283E-2));
#2236=AXIS2_PLACEMENT_3D('',#2233,#2234,#2235);
#2238=CARTESIAN_POINT('',(2.995E1,1.985026822923E1,7.977308810373E0));
#2239=DIRECTION('',(5.664196278676E-9,-6.402624786719E-2,9.979482148809E-1));
#2240=DIRECTION('',(5.897504706809E-13,9.979482148809E-1,6.402624786719E-2));
#2241=AXIS2_PLACEMENT_3D('',#2238,#2239,#2240);
#2243=CARTESIAN_POINT('',(3.2E1,1.985026822997E1,7.977308798785E0));
#2244=DIRECTION('',(0.E0,-9.979482148809E-1,-6.402624786719E-2));
#2245=DIRECTION('',(1.E0,0.E0,0.E0));
#2246=AXIS2_PLACEMENT_3D('',#2243,#2244,#2245);
#2248=CARTESIAN_POINT('',(3.2E1,1.985026822997E1,7.977308798785E0));
#2249=DIRECTION('',(0.E0,-9.979482148809E-1,-6.402624786719E-2));
#2250=DIRECTION('',(-9.951641131245E-1,-6.289055544076E-3,9.802466898445E-2));
#2251=AXIS2_PLACEMENT_3D('',#2248,#2249,#2250);
#2253=CARTESIAN_POINT('',(3.405E1,1.985026823045E1,7.977308791231E0));
#2254=DIRECTION('',(-3.692298675140E-9,6.402624786719E-2,-9.979482148809E-1));
#2255=DIRECTION('',(5.968558980385E-13,9.979482148809E-1,6.402624786719E-2));
#2256=AXIS2_PLACEMENT_3D('',#2253,#2254,#2255);
#2258=DIRECTION('',(0.E0,-9.979482151128E-1,-6.402624425332E-2));
#2259=VECTOR('',#2258,1.299999999995E0);
#2260=CARTESIAN_POINT('',(3.455E1,1.985026823027E1,7.977308794087E0));
#2261=LINE('',#2260,#2259);
#2262=DIRECTION('',(0.E0,9.979482146546E-1,6.402625139540E-2));
#2263=VECTOR('',#2262,1.299999999995E0);
#2264=CARTESIAN_POINT('',(2.945E1,1.855293555028E1,7.894074682021E0));
#2265=LINE('',#2264,#2263);
#2266=CARTESIAN_POINT('',(3.2E1,2.034924233741E1,8.009321922719E0));
#2267=DIRECTION('',(0.E0,-9.979482148809E-1,-6.402624786719E-2));
#2268=DIRECTION('',(-1.E0,-1.141946158230E-10,1.779910419595E-9));
#2269=AXIS2_PLACEMENT_3D('',#2266,#2267,#2268);
#2271=CARTESIAN_POINT('',(3.2E1,2.034924233741E1,8.009321922719E0));
#2272=DIRECTION('',(0.E0,-9.979482148809E-1,-6.402624786719E-2));
#2273=DIRECTION('',(9.951641129308E-1,6.289055669721E-3,-9.802467094283E-2));
#2274=AXIS2_PLACEMENT_3D('',#2271,#2272,#2273);
#2276=CARTESIAN_POINT('',(3.2E1,2.034924233741E1,8.009321922719E0));
#2277=DIRECTION('',(0.E0,-9.979482148809E-1,-6.402624786719E-2));
#2278=DIRECTION('',(1.E0,1.206189619729E-11,-1.879957436336E-10));
#2279=AXIS2_PLACEMENT_3D('',#2276,#2277,#2278);
#2281=CARTESIAN_POINT('',(3.2E1,2.034924233741E1,8.009321922719E0));
#2282=DIRECTION('',(0.E0,-9.979482148809E-1,-6.402624786719E-2));
#2283=DIRECTION('',(-9.951641131245E-1,-6.289055544077E-3,9.802466898445E-2));
#2284=AXIS2_PLACEMENT_3D('',#2281,#2282,#2283);
#2286=CARTESIAN_POINT('',(2.4E1,1.985026822997E1,7.977308798785E0));
#2287=DIRECTION('',(0.E0,-9.979482148809E-1,-6.402624786719E-2));
#2288=DIRECTION('',(-1.E0,-1.430629035716E-10,2.229848549815E-9));
#2289=AXIS2_PLACEMENT_3D('',#2286,#2287,#2288);
#2291=CARTESIAN_POINT('',(2.4E1,1.985026822997E1,7.977308798785E0));
#2292=DIRECTION('',(0.E0,-9.979482148809E-1,-6.402624786719E-2));
#2293=DIRECTION('',(9.951641129308E-1,6.289055669722E-3,-9.802467094283E-2));
#2294=AXIS2_PLACEMENT_3D('',#2291,#2292,#2293);
#2296=CARTESIAN_POINT('',(2.195E1,1.985026822923E1,7.977308810373E0));
#2297=DIRECTION('',(5.664196278676E-9,-6.402624786719E-2,9.979482148809E-1));
#2298=DIRECTION('',(5.897504706809E-13,9.979482148809E-1,6.402624786719E-2));
#2299=AXIS2_PLACEMENT_3D('',#2296,#2297,#2298);
#2301=CARTESIAN_POINT('',(2.4E1,1.985026822997E1,7.977308798785E0));
#2302=DIRECTION('',(0.E0,-9.979482148809E-1,-6.402624786719E-2));
#2303=DIRECTION('',(1.E0,0.E0,0.E0));
#2304=AXIS2_PLACEMENT_3D('',#2301,#2302,#2303);
#2306=CARTESIAN_POINT('',(2.4E1,1.985026822997E1,7.977308798785E0));
#2307=DIRECTION('',(0.E0,-9.979482148809E-1,-6.402624786719E-2));
#2308=DIRECTION('',(-9.951641131245E-1,-6.289055544076E-3,9.802466898445E-2));
#2309=AXIS2_PLACEMENT_3D('',#2306,#2307,#2308);
#2311=CARTESIAN_POINT('',(2.605E1,1.985026823045E1,7.977308791231E0));
#2312=DIRECTION('',(-3.692299563318E-9,6.402624786719E-2,-9.979482148809E-1));
#2313=DIRECTION('',(5.897504706809E-13,9.979482148809E-1,6.402624786719E-2));
#2314=AXIS2_PLACEMENT_3D('',#2311,#2312,#2313);
#2316=DIRECTION('',(0.E0,-9.979482151128E-1,-6.402624425332E-2));
#2317=VECTOR('',#2316,1.299999999995E0);
#2318=CARTESIAN_POINT('',(2.655E1,1.985026823027E1,7.977308794087E0));
#2319=LINE('',#2318,#2317);
#2320=DIRECTION('',(0.E0,9.979482146546E-1,6.402625139540E-2));
#2321=VECTOR('',#2320,1.299999999995E0);
#2322=CARTESIAN_POINT('',(2.145E1,1.855293555028E1,7.894074682021E0));
#2323=LINE('',#2322,#2321);
#2324=CARTESIAN_POINT('',(2.4E1,2.034924233741E1,8.009321922719E0));
#2325=DIRECTION('',(0.E0,-9.979482148809E-1,-6.402624786719E-2));
#2326=DIRECTION('',(-1.E0,-1.141946158230E-10,1.779910419595E-9));
#2327=AXIS2_PLACEMENT_3D('',#2324,#2325,#2326);
#2329=CARTESIAN_POINT('',(2.4E1,2.034924233741E1,8.009321922719E0));
#2330=DIRECTION('',(0.E0,-9.979482148809E-1,-6.402624786719E-2));
#2331=DIRECTION('',(9.951641129308E-1,6.289055669721E-3,-9.802467094283E-2));
#2332=AXIS2_PLACEMENT_3D('',#2329,#2330,#2331);
#2334=CARTESIAN_POINT('',(2.4E1,2.034924233741E1,8.009321922719E0));
#2335=DIRECTION('',(0.E0,-9.979482148809E-1,-6.402624786719E-2));
#2336=DIRECTION('',(1.E0,1.206189619729E-11,-1.879957436336E-10));
#2337=AXIS2_PLACEMENT_3D('',#2334,#2335,#2336);
#2339=CARTESIAN_POINT('',(2.4E1,2.034924233741E1,8.009321922719E0));
#2340=DIRECTION('',(0.E0,-9.979482148809E-1,-6.402624786719E-2));
#2341=DIRECTION('',(-9.951641131245E-1,-6.289055544077E-3,9.802466898445E-2));
#2342=AXIS2_PLACEMENT_3D('',#2339,#2340,#2341);
#2344=CARTESIAN_POINT('',(1.6E1,1.985026822997E1,7.977308798785E0));
#2345=DIRECTION('',(0.E0,-9.979482148809E-1,-6.402624786719E-2));
#2346=DIRECTION('',(-1.E0,-1.430629035716E-10,2.229848549815E-9));
#2347=AXIS2_PLACEMENT_3D('',#2344,#2345,#2346);
#2349=CARTESIAN_POINT('',(1.6E1,1.985026822997E1,7.977308798785E0));
#2350=DIRECTION('',(0.E0,-9.979482148809E-1,-6.402624786719E-2));
#2351=DIRECTION('',(9.951641129308E-1,6.289055669722E-3,-9.802467094283E-2));
#2352=AXIS2_PLACEMENT_3D('',#2349,#2350,#2351);
#2354=CARTESIAN_POINT('',(1.395E1,1.985026822923E1,7.977308810373E0));
#2355=DIRECTION('',(5.664196153776E-9,-6.402624786719E-2,9.979482148809E-1));
#2356=DIRECTION('',(5.933031843597E-13,9.979482148809E-1,6.402624786719E-2));
#2357=AXIS2_PLACEMENT_3D('',#2354,#2355,#2356);
#2359=CARTESIAN_POINT('',(1.6E1,1.985026822997E1,7.977308798785E0));
#2360=DIRECTION('',(0.E0,-9.979482148809E-1,-6.402624786719E-2));
#2361=DIRECTION('',(1.E0,0.E0,0.E0));
#2362=AXIS2_PLACEMENT_3D('',#2359,#2360,#2361);
#2364=CARTESIAN_POINT('',(1.6E1,1.985026822997E1,7.977308798785E0));
#2365=DIRECTION('',(0.E0,-9.979482148809E-1,-6.402624786719E-2));
#2366=DIRECTION('',(-9.951641131245E-1,-6.289055544076E-3,9.802466898445E-2));
#2367=AXIS2_PLACEMENT_3D('',#2364,#2365,#2366);
#2369=CARTESIAN_POINT('',(1.805E1,1.985026823045E1,7.977308791231E0));
#2370=DIRECTION('',(-3.692299563318E-9,6.402624786719E-2,-9.979482148809E-1));
#2371=DIRECTION('',(5.968558980385E-13,9.979482148809E-1,6.402624786719E-2));
#2372=AXIS2_PLACEMENT_3D('',#2369,#2370,#2371);
#2374=DIRECTION('',(0.E0,-9.979482151128E-1,-6.402624425332E-2));
#2375=VECTOR('',#2374,1.299999999995E0);
#2376=CARTESIAN_POINT('',(1.855E1,1.985026823027E1,7.977308794087E0));
#2377=LINE('',#2376,#2375);
#2378=DIRECTION('',(0.E0,9.979482146546E-1,6.402625139540E-2));
#2379=VECTOR('',#2378,1.299999999995E0);
#2380=CARTESIAN_POINT('',(1.345E1,1.855293555028E1,7.894074682021E0));
#2381=LINE('',#2380,#2379);
#2382=CARTESIAN_POINT('',(1.6E1,2.034924233741E1,8.009321922719E0));
#2383=DIRECTION('',(0.E0,-9.979482148809E-1,-6.402624786719E-2));
#2384=DIRECTION('',(-1.E0,-1.141946158230E-10,1.779906953533E-9));
#2385=AXIS2_PLACEMENT_3D('',#2382,#2383,#2384);
#2387=CARTESIAN_POINT('',(1.6E1,2.034924233741E1,8.009321922719E0));
#2388=DIRECTION('',(0.E0,-9.979482148809E-1,-6.402624786719E-2));
#2389=DIRECTION('',(9.951641129308E-1,6.289055669721E-3,-9.802467094283E-2));
#2390=AXIS2_PLACEMENT_3D('',#2387,#2388,#2389);
#2392=CARTESIAN_POINT('',(1.6E1,2.034924233741E1,8.009321922719E0));
#2393=DIRECTION('',(0.E0,-9.979482148809E-1,-6.402624786719E-2));
#2394=DIRECTION('',(1.E0,1.206189619729E-11,-1.879957436336E-10));
#2395=AXIS2_PLACEMENT_3D('',#2392,#2393,#2394);
#2397=CARTESIAN_POINT('',(1.6E1,2.034924233741E1,8.009321922719E0));
#2398=DIRECTION('',(0.E0,-9.979482148809E-1,-6.402624786719E-2));
#2399=DIRECTION('',(-9.951641131245E-1,-6.289055544077E-3,9.802466898445E-2));
#2400=AXIS2_PLACEMENT_3D('',#2397,#2398,#2399);
#2402=CARTESIAN_POINT('',(7.999999999999E0,1.985026822997E1,7.977308798785E0));
#2403=DIRECTION('',(0.E0,-9.979482148809E-1,-6.402624786719E-2));
#2404=DIRECTION('',(-1.E0,-1.430629035716E-10,2.229848549815E-9));
#2405=AXIS2_PLACEMENT_3D('',#2402,#2403,#2404);
#2407=CARTESIAN_POINT('',(7.999999999999E0,1.985026822997E1,7.977308798785E0));
#2408=DIRECTION('',(0.E0,-9.979482148809E-1,-6.402624786719E-2));
#2409=DIRECTION('',(9.951641129308E-1,6.289055669722E-3,-9.802467094283E-2));
#2410=AXIS2_PLACEMENT_3D('',#2407,#2408,#2409);
#2412=CARTESIAN_POINT('',(5.949999999999E0,1.985026822923E1,7.977308810373E0));
#2413=DIRECTION('',(5.664196278676E-9,-6.402624786719E-2,9.979482148809E-1));
#2414=DIRECTION('',(5.915268275203E-13,9.979482148809E-1,6.402624786719E-2));
#2415=AXIS2_PLACEMENT_3D('',#2412,#2413,#2414);
#2417=CARTESIAN_POINT('',(7.999999999999E0,1.985026822997E1,7.977308798785E0));
#2418=DIRECTION('',(0.E0,-9.979482148809E-1,-6.402624786719E-2));
#2419=DIRECTION('',(1.E0,0.E0,0.E0));
#2420=AXIS2_PLACEMENT_3D('',#2417,#2418,#2419);
#2422=CARTESIAN_POINT('',(7.999999999999E0,1.985026822997E1,7.977308798785E0));
#2423=DIRECTION('',(0.E0,-9.979482148809E-1,-6.402624786719E-2));
#2424=DIRECTION('',(-9.951641131245E-1,-6.289055544076E-3,9.802466898445E-2));
#2425=AXIS2_PLACEMENT_3D('',#2422,#2423,#2424);
#2427=CARTESIAN_POINT('',(1.005E1,1.985026823045E1,7.977308791231E0));
#2428=DIRECTION('',(-3.692299563318E-9,6.402624786719E-2,-9.979482148809E-1));
#2429=DIRECTION('',(5.968558980385E-13,9.979482148809E-1,6.402624786719E-2));
#2430=AXIS2_PLACEMENT_3D('',#2427,#2428,#2429);
#2432=DIRECTION('',(0.E0,-9.979482151128E-1,-6.402624425332E-2));
#2433=VECTOR('',#2432,1.299999999995E0);
#2434=CARTESIAN_POINT('',(1.055E1,1.985026823027E1,7.977308794087E0));
#2435=LINE('',#2434,#2433);
#2436=DIRECTION('',(0.E0,9.979482146546E-1,6.402625139540E-2));
#2437=VECTOR('',#2436,1.299999999995E0);
#2438=CARTESIAN_POINT('',(5.449999999999E0,1.855293555028E1,7.894074682021E0));
#2439=LINE('',#2438,#2437);
#2440=CARTESIAN_POINT('',(7.999999999999E0,2.034924233741E1,8.009321922719E0));
#2441=DIRECTION('',(0.E0,-9.979482148809E-1,-6.402624786719E-2));
#2442=DIRECTION('',(-1.E0,-1.141946158230E-10,1.779910419595E-9));
#2443=AXIS2_PLACEMENT_3D('',#2440,#2441,#2442);
#2445=CARTESIAN_POINT('',(7.999999999999E0,2.034924233741E1,8.009321922719E0));
#2446=DIRECTION('',(0.E0,-9.979482148809E-1,-6.402624786719E-2));
#2447=DIRECTION('',(9.951641129308E-1,6.289055669721E-3,-9.802467094283E-2));
#2448=AXIS2_PLACEMENT_3D('',#2445,#2446,#2447);
#2450=CARTESIAN_POINT('',(7.999999999999E0,2.034924233741E1,8.009321922719E0));
#2451=DIRECTION('',(0.E0,-9.979482148809E-1,-6.402624786719E-2));
#2452=DIRECTION('',(1.E0,1.206189619729E-11,-1.879957436336E-10));
#2453=AXIS2_PLACEMENT_3D('',#2450,#2451,#2452);
#2455=CARTESIAN_POINT('',(7.999999999999E0,2.034924233741E1,8.009321922719E0));
#2456=DIRECTION('',(0.E0,-9.979482148809E-1,-6.402624786719E-2));
#2457=DIRECTION('',(-9.951641131245E-1,-6.289055544077E-3,9.802466898445E-2));
#2458=AXIS2_PLACEMENT_3D('',#2455,#2456,#2457);
#2460=CARTESIAN_POINT('',(-8.000000000001E0,1.985026822997E1,7.977308798785E0));
#2461=DIRECTION('',(0.E0,-9.979482148809E-1,-6.402624786719E-2));
#2462=DIRECTION('',(-1.E0,-1.430629035716E-10,2.229848549815E-9));
#2463=AXIS2_PLACEMENT_3D('',#2460,#2461,#2462);
#2465=CARTESIAN_POINT('',(-8.000000000001E0,1.985026822997E1,7.977308798785E0));
#2466=DIRECTION('',(0.E0,-9.979482148809E-1,-6.402624786719E-2));
#2467=DIRECTION('',(9.951641129308E-1,6.289055669722E-3,-9.802467094283E-2));
#2468=AXIS2_PLACEMENT_3D('',#2465,#2466,#2467);
#2470=CARTESIAN_POINT('',(-1.005E1,1.985026822923E1,7.977308810373E0));
#2471=DIRECTION('',(5.664196278676E-9,-6.402624786719E-2,9.979482148809E-1));
#2472=DIRECTION('',(5.897504706809E-13,9.979482148809E-1,6.402624786719E-2));
#2473=AXIS2_PLACEMENT_3D('',#2470,#2471,#2472);
#2475=CARTESIAN_POINT('',(-8.000000000001E0,1.985026822997E1,7.977308798785E0));
#2476=DIRECTION('',(0.E0,-9.979482148809E-1,-6.402624786719E-2));
#2477=DIRECTION('',(1.E0,0.E0,0.E0));
#2478=AXIS2_PLACEMENT_3D('',#2475,#2476,#2477);
#2480=CARTESIAN_POINT('',(-8.000000000001E0,1.985026822997E1,7.977308798785E0));
#2481=DIRECTION('',(0.E0,-9.979482148809E-1,-6.402624786719E-2));
#2482=DIRECTION('',(-9.951641131245E-1,-6.289055544076E-3,9.802466898445E-2));
#2483=AXIS2_PLACEMENT_3D('',#2480,#2481,#2482);
#2485=CARTESIAN_POINT('',(-5.950000000001E0,1.985026823045E1,7.977308791231E0));
#2486=DIRECTION('',(-3.692299563318E-9,6.402624786719E-2,-9.979482148809E-1));
#2487=DIRECTION('',(5.968558980385E-13,9.979482148809E-1,6.402624786719E-2));
#2488=AXIS2_PLACEMENT_3D('',#2485,#2486,#2487);
#2490=DIRECTION('',(0.E0,-9.979482151128E-1,-6.402624425332E-2));
#2491=VECTOR('',#2490,1.299999999995E0);
#2492=CARTESIAN_POINT('',(-5.450000000001E0,1.985026823027E1,7.977308794087E0));
#2493=LINE('',#2492,#2491);
#2494=DIRECTION('',(0.E0,9.979482146546E-1,6.402625139540E-2));
#2495=VECTOR('',#2494,1.299999999995E0);
#2496=CARTESIAN_POINT('',(-1.055E1,1.855293555028E1,7.894074682021E0));
#2497=LINE('',#2496,#2495);
#2498=CARTESIAN_POINT('',(-8.000000000001E0,2.034924233741E1,8.009321922719E0));
#2499=DIRECTION('',(0.E0,-9.979482148809E-1,-6.402624786719E-2));
#2500=DIRECTION('',(-1.E0,-1.141946158230E-10,1.779910419595E-9));
#2501=AXIS2_PLACEMENT_3D('',#2498,#2499,#2500);
#2503=CARTESIAN_POINT('',(-8.000000000001E0,2.034924233741E1,8.009321922719E0));
#2504=DIRECTION('',(0.E0,-9.979482148809E-1,-6.402624786719E-2));
#2505=DIRECTION('',(9.951641129308E-1,6.289055669721E-3,-9.802467094283E-2));
#2506=AXIS2_PLACEMENT_3D('',#2503,#2504,#2505);
#2508=CARTESIAN_POINT('',(-8.000000000001E0,2.034924233741E1,8.009321922719E0));
#2509=DIRECTION('',(0.E0,-9.979482148809E-1,-6.402624786719E-2));
#2510=DIRECTION('',(1.E0,1.206189619729E-11,-1.879957436336E-10));
#2511=AXIS2_PLACEMENT_3D('',#2508,#2509,#2510);
#2513=CARTESIAN_POINT('',(-8.000000000001E0,2.034924233741E1,8.009321922719E0));
#2514=DIRECTION('',(0.E0,-9.979482148809E-1,-6.402624786719E-2));
#2515=DIRECTION('',(-9.951641131245E-1,-6.289055544077E-3,9.802466898445E-2));
#2516=AXIS2_PLACEMENT_3D('',#2513,#2514,#2515);
#2518=CARTESIAN_POINT('',(-1.6E1,1.985026822997E1,7.977308798785E0));
#2519=DIRECTION('',(0.E0,-9.979482148809E-1,-6.402624786719E-2));
#2520=DIRECTION('',(-1.E0,-1.430629035716E-10,2.229848549815E-9));
#2521=AXIS2_PLACEMENT_3D('',#2518,#2519,#2520);
#2523=CARTESIAN_POINT('',(-1.6E1,1.985026822997E1,7.977308798785E0));
#2524=DIRECTION('',(0.E0,-9.979482148809E-1,-6.402624786719E-2));
#2525=DIRECTION('',(9.951641129308E-1,6.289055669722E-3,-9.802467094283E-2));
#2526=AXIS2_PLACEMENT_3D('',#2523,#2524,#2525);
#2528=CARTESIAN_POINT('',(-1.805E1,1.985026822923E1,7.977308810373E0));
#2529=DIRECTION('',(5.664196278676E-9,-6.402624786719E-2,9.979482148809E-1));
#2530=DIRECTION('',(5.897504706809E-13,9.979482148809E-1,6.402624786719E-2));
#2531=AXIS2_PLACEMENT_3D('',#2528,#2529,#2530);
#2533=CARTESIAN_POINT('',(-1.6E1,1.985026822997E1,7.977308798785E0));
#2534=DIRECTION('',(0.E0,-9.979482148809E-1,-6.402624786719E-2));
#2535=DIRECTION('',(1.E0,0.E0,0.E0));
#2536=AXIS2_PLACEMENT_3D('',#2533,#2534,#2535);
#2538=CARTESIAN_POINT('',(-1.6E1,1.985026822997E1,7.977308798785E0));
#2539=DIRECTION('',(0.E0,-9.979482148809E-1,-6.402624786719E-2));
#2540=DIRECTION('',(-9.951641131245E-1,-6.289055544076E-3,9.802466898445E-2));
#2541=AXIS2_PLACEMENT_3D('',#2538,#2539,#2540);
#2543=CARTESIAN_POINT('',(-1.395E1,1.985026823045E1,7.977308791231E0));
#2544=DIRECTION('',(-3.692299563318E-9,6.402624786719E-2,-9.979482148809E-1));
#2545=DIRECTION('',(5.968558980385E-13,9.979482148809E-1,6.402624786719E-2));
#2546=AXIS2_PLACEMENT_3D('',#2543,#2544,#2545);
#2548=DIRECTION('',(0.E0,-9.979482151128E-1,-6.402624425332E-2));
#2549=VECTOR('',#2548,1.299999999995E0);
#2550=CARTESIAN_POINT('',(-1.345E1,1.985026823027E1,7.977308794087E0));
#2551=LINE('',#2550,#2549);
#2552=DIRECTION('',(0.E0,9.979482146546E-1,6.402625139540E-2));
#2553=VECTOR('',#2552,1.299999999995E0);
#2554=CARTESIAN_POINT('',(-1.855E1,1.855293555028E1,7.894074682021E0));
#2555=LINE('',#2554,#2553);
#2556=CARTESIAN_POINT('',(-1.6E1,2.034924233741E1,8.009321922719E0));
#2557=DIRECTION('',(0.E0,-9.979482148809E-1,-6.402624786719E-2));
#2558=DIRECTION('',(-1.E0,-1.141946158230E-10,1.779910419595E-9));
#2559=AXIS2_PLACEMENT_3D('',#2556,#2557,#2558);
#2561=CARTESIAN_POINT('',(-1.6E1,2.034924233741E1,8.009321922719E0));
#2562=DIRECTION('',(0.E0,-9.979482148809E-1,-6.402624786719E-2));
#2563=DIRECTION('',(9.951641129308E-1,6.289055669721E-3,-9.802467094282E-2));
#2564=AXIS2_PLACEMENT_3D('',#2561,#2562,#2563);
#2566=CARTESIAN_POINT('',(-1.6E1,2.034924233741E1,8.009321922719E0));
#2567=DIRECTION('',(0.E0,-9.979482148809E-1,-6.402624786719E-2));
#2568=DIRECTION('',(1.E0,1.206189619729E-11,-1.879957436336E-10));
#2569=AXIS2_PLACEMENT_3D('',#2566,#2567,#2568);
#2571=CARTESIAN_POINT('',(-1.6E1,2.034924233741E1,8.009321922719E0));
#2572=DIRECTION('',(0.E0,-9.979482148809E-1,-6.402624786719E-2));
#2573=DIRECTION('',(-9.951641131245E-1,-6.289055544077E-3,9.802466898445E-2));
#2574=AXIS2_PLACEMENT_3D('',#2571,#2572,#2573);
#2576=CARTESIAN_POINT('',(-2.4E1,1.985026822997E1,7.977308798785E0));
#2577=DIRECTION('',(0.E0,-9.979482148809E-1,-6.402624786719E-2));
#2578=DIRECTION('',(-1.E0,-1.430629035716E-10,2.229848549815E-9));
#2579=AXIS2_PLACEMENT_3D('',#2576,#2577,#2578);
#2581=CARTESIAN_POINT('',(-2.4E1,1.985026822997E1,7.977308798785E0));
#2582=DIRECTION('',(0.E0,-9.979482148809E-1,-6.402624786719E-2));
#2583=DIRECTION('',(9.951641129308E-1,6.289055669722E-3,-9.802467094283E-2));
#2584=AXIS2_PLACEMENT_3D('',#2581,#2582,#2583);
#2586=CARTESIAN_POINT('',(-2.605E1,1.985026822923E1,7.977308810373E0));
#2587=DIRECTION('',(5.664196153776E-9,-6.402624786719E-2,9.979482148809E-1));
#2588=DIRECTION('',(5.968558980385E-13,9.979482148809E-1,6.402624786719E-2));
#2589=AXIS2_PLACEMENT_3D('',#2586,#2587,#2588);
#2591=CARTESIAN_POINT('',(-2.4E1,1.985026822997E1,7.977308798785E0));
#2592=DIRECTION('',(0.E0,-9.979482148809E-1,-6.402624786719E-2));
#2593=DIRECTION('',(1.E0,0.E0,0.E0));
#2594=AXIS2_PLACEMENT_3D('',#2591,#2592,#2593);
#2596=CARTESIAN_POINT('',(-2.4E1,1.985026822997E1,7.977308798785E0));
#2597=DIRECTION('',(0.E0,-9.979482148809E-1,-6.402624786719E-2));
#2598=DIRECTION('',(-9.951641131245E-1,-6.289055544076E-3,9.802466898445E-2));
#2599=AXIS2_PLACEMENT_3D('',#2596,#2597,#2598);
#2601=CARTESIAN_POINT('',(-2.195E1,1.985026823045E1,7.977308791231E0));
#2602=DIRECTION('',(-3.692299563318E-9,6.402624786719E-2,-9.979482148809E-1));
#2603=DIRECTION('',(5.897504706809E-13,9.979482148809E-1,6.402624786719E-2));
#2604=AXIS2_PLACEMENT_3D('',#2601,#2602,#2603);
#2606=DIRECTION('',(0.E0,-9.979482151128E-1,-6.402624425332E-2));
#2607=VECTOR('',#2606,1.299999999995E0);
#2608=CARTESIAN_POINT('',(-2.145E1,1.985026823027E1,7.977308794087E0));
#2609=LINE('',#2608,#2607);
#2610=DIRECTION('',(0.E0,9.979482146546E-1,6.402625139540E-2));
#2611=VECTOR('',#2610,1.299999999995E0);
#2612=CARTESIAN_POINT('',(-2.655E1,1.855293555028E1,7.894074682021E0));
#2613=LINE('',#2612,#2611);
#2614=CARTESIAN_POINT('',(-2.4E1,2.034924233741E1,8.009321922719E0));
#2615=DIRECTION('',(0.E0,-9.979482148809E-1,-6.402624786719E-2));
#2616=DIRECTION('',(-1.E0,-1.141946158230E-10,1.779905220502E-9));
#2617=AXIS2_PLACEMENT_3D('',#2614,#2615,#2616);
#2619=CARTESIAN_POINT('',(-2.4E1,2.034924233741E1,8.009321922719E0));
#2620=DIRECTION('',(0.E0,-9.979482148809E-1,-6.402624786719E-2));
#2621=DIRECTION('',(9.951641129308E-1,6.289055669721E-3,-9.802467094283E-2));
#2622=AXIS2_PLACEMENT_3D('',#2619,#2620,#2621);
#2624=CARTESIAN_POINT('',(-2.4E1,2.034924233741E1,8.009321922719E0));
#2625=DIRECTION('',(0.E0,-9.979482148809E-1,-6.402624786719E-2));
#2626=DIRECTION('',(1.E0,1.206189619729E-11,-1.879957436336E-10));
#2627=AXIS2_PLACEMENT_3D('',#2624,#2625,#2626);
#2629=CARTESIAN_POINT('',(-2.4E1,2.034924233741E1,8.009321922719E0));
#2630=DIRECTION('',(0.E0,-9.979482148809E-1,-6.402624786719E-2));
#2631=DIRECTION('',(-9.951641131245E-1,-6.289055544077E-3,9.802466898445E-2));
#2632=AXIS2_PLACEMENT_3D('',#2629,#2630,#2631);
#2634=CARTESIAN_POINT('',(-3.2E1,1.985026822997E1,7.977308798785E0));
#2635=DIRECTION('',(0.E0,-9.979482148809E-1,-6.402624786719E-2));
#2636=DIRECTION('',(-1.E0,-1.430629035716E-10,2.229848549815E-9));
#2637=AXIS2_PLACEMENT_3D('',#2634,#2635,#2636);
#2639=CARTESIAN_POINT('',(-3.2E1,1.985026822997E1,7.977308798785E0));
#2640=DIRECTION('',(0.E0,-9.979482148809E-1,-6.402624786719E-2));
#2641=DIRECTION('',(9.951641129308E-1,6.289055669722E-3,-9.802467094283E-2));
#2642=AXIS2_PLACEMENT_3D('',#2639,#2640,#2641);
#2644=CARTESIAN_POINT('',(-3.405E1,1.985026822923E1,7.977308810373E0));
#2645=DIRECTION('',(5.664196153776E-9,-6.402624786719E-2,9.979482148809E-1));
#2646=DIRECTION('',(5.826450433233E-13,9.979482148809E-1,6.402624786719E-2));
#2647=AXIS2_PLACEMENT_3D('',#2644,#2645,#2646);
#2649=CARTESIAN_POINT('',(-3.2E1,1.985026822997E1,7.977308798785E0));
#2650=DIRECTION('',(0.E0,-9.979482148809E-1,-6.402624786719E-2));
#2651=DIRECTION('',(1.E0,0.E0,0.E0));
#2652=AXIS2_PLACEMENT_3D('',#2649,#2650,#2651);
#2654=CARTESIAN_POINT('',(-3.2E1,1.985026822997E1,7.977308798785E0));
#2655=DIRECTION('',(0.E0,-9.979482148809E-1,-6.402624786719E-2));
#2656=DIRECTION('',(-9.951641131245E-1,-6.289055544076E-3,9.802466898445E-2));
#2657=AXIS2_PLACEMENT_3D('',#2654,#2655,#2656);
#2659=CARTESIAN_POINT('',(-2.995E1,1.985026823045E1,7.977308791231E0));
#2660=DIRECTION('',(-3.692299563318E-9,6.402624786719E-2,-9.979482148809E-1));
#2661=DIRECTION('',(5.897504706809E-13,9.979482148809E-1,6.402624786719E-2));
#2662=AXIS2_PLACEMENT_3D('',#2659,#2660,#2661);
#2664=DIRECTION('',(0.E0,-9.979482151128E-1,-6.402624425332E-2));
#2665=VECTOR('',#2664,1.299999999995E0);
#2666=CARTESIAN_POINT('',(-2.945E1,1.985026823027E1,7.977308794087E0));
#2667=LINE('',#2666,#2665);
#2668=DIRECTION('',(0.E0,9.979482146546E-1,6.402625139540E-2));
#2669=VECTOR('',#2668,1.299999999995E0);
#2670=CARTESIAN_POINT('',(-3.455E1,1.855293555028E1,7.894074682021E0));
#2671=LINE('',#2670,#2669);
#2672=CARTESIAN_POINT('',(-3.2E1,2.034924233741E1,8.009321922719E0));
#2673=DIRECTION('',(0.E0,-9.979482148809E-1,-6.402624786719E-2));
#2674=DIRECTION('',(-1.E0,-1.141946158230E-10,1.779906953533E-9));
#2675=AXIS2_PLACEMENT_3D('',#2672,#2673,#2674);
#2677=CARTESIAN_POINT('',(-3.2E1,2.034924233741E1,8.009321922719E0));
#2678=DIRECTION('',(0.E0,-9.979482148809E-1,-6.402624786719E-2));
#2679=DIRECTION('',(9.951641129308E-1,6.289055669721E-3,-9.802467094283E-2));
#2680=AXIS2_PLACEMENT_3D('',#2677,#2678,#2679);
#2682=CARTESIAN_POINT('',(-3.2E1,2.034924233741E1,8.009321922719E0));
#2683=DIRECTION('',(0.E0,-9.979482148809E-1,-6.402624786719E-2));
#2684=DIRECTION('',(1.E0,1.206189619729E-11,-1.879957436336E-10));
#2685=AXIS2_PLACEMENT_3D('',#2682,#2683,#2684);
#2687=CARTESIAN_POINT('',(-3.2E1,2.034924233741E1,8.009321922719E0));
#2688=DIRECTION('',(0.E0,-9.979482148809E-1,-6.402624786719E-2));
#2689=DIRECTION('',(-9.951641131245E-1,-6.289055544076E-3,9.802466898445E-2));
#2690=AXIS2_PLACEMENT_3D('',#2687,#2688,#2689);
#2692=CARTESIAN_POINT('',(-4.E1,1.985026822997E1,7.977308798785E0));
#2693=DIRECTION('',(0.E0,-9.979482148809E-1,-6.402624786719E-2));
#2694=DIRECTION('',(-1.E0,-1.430629035716E-10,2.229848549815E-9));
#2695=AXIS2_PLACEMENT_3D('',#2692,#2693,#2694);
#2697=CARTESIAN_POINT('',(-4.E1,1.985026822997E1,7.977308798785E0));
#2698=DIRECTION('',(0.E0,-9.979482148809E-1,-6.402624786719E-2));
#2699=DIRECTION('',(9.951641129308E-1,6.289055669722E-3,-9.802467094283E-2));
#2700=AXIS2_PLACEMENT_3D('',#2697,#2698,#2699);
#2702=CARTESIAN_POINT('',(-4.205E1,1.985026822923E1,7.977308810373E0));
#2703=DIRECTION('',(5.664196278676E-9,-6.402624786719E-2,9.979482148809E-1));
#2704=DIRECTION('',(5.826450433233E-13,9.979482148809E-1,6.402624786719E-2));
#2705=AXIS2_PLACEMENT_3D('',#2702,#2703,#2704);
#2707=CARTESIAN_POINT('',(-4.E1,1.985026822997E1,7.977308798785E0));
#2708=DIRECTION('',(0.E0,-9.979482148809E-1,-6.402624786719E-2));
#2709=DIRECTION('',(1.E0,0.E0,0.E0));
#2710=AXIS2_PLACEMENT_3D('',#2707,#2708,#2709);
#2712=CARTESIAN_POINT('',(-4.E1,1.985026822997E1,7.977308798785E0));
#2713=DIRECTION('',(0.E0,-9.979482148809E-1,-6.402624786719E-2));
#2714=DIRECTION('',(-9.951641131245E-1,-6.289055544076E-3,9.802466898445E-2));
#2715=AXIS2_PLACEMENT_3D('',#2712,#2713,#2714);
#2717=CARTESIAN_POINT('',(-3.795E1,1.985026823045E1,7.977308791231E0));
#2718=DIRECTION('',(-3.692299563318E-9,6.402624786719E-2,-9.979482148809E-1));
#2719=DIRECTION('',(5.968558980385E-13,9.979482148809E-1,6.402624786719E-2));
#2720=AXIS2_PLACEMENT_3D('',#2717,#2718,#2719);
#2722=DIRECTION('',(0.E0,-9.979482151128E-1,-6.402624425332E-2));
#2723=VECTOR('',#2722,1.299999999995E0);
#2724=CARTESIAN_POINT('',(-3.745E1,1.985026823027E1,7.977308794087E0));
#2725=LINE('',#2724,#2723);
#2726=DIRECTION('',(0.E0,9.979482146546E-1,6.402625139540E-2));
#2727=VECTOR('',#2726,1.299999999995E0);
#2728=CARTESIAN_POINT('',(-4.255E1,1.855293555028E1,7.894074682021E0));
#2729=LINE('',#2728,#2727);
#2730=CARTESIAN_POINT('',(-4.E1,2.034924233741E1,8.009321922719E0));
#2731=DIRECTION('',(0.E0,-9.979482148809E-1,-6.402624786719E-2));
#2732=DIRECTION('',(-1.E0,-1.141946158230E-10,1.779911286110E-9));
#2733=AXIS2_PLACEMENT_3D('',#2730,#2731,#2732);
#2735=CARTESIAN_POINT('',(-4.E1,2.034924233741E1,8.009321922719E0));
#2736=DIRECTION('',(0.E0,-9.979482148809E-1,-6.402624786719E-2));
#2737=DIRECTION('',(9.951641129308E-1,6.289055669721E-3,-9.802467094283E-2));
#2738=AXIS2_PLACEMENT_3D('',#2735,#2736,#2737);
#2740=CARTESIAN_POINT('',(-4.E1,2.034924233741E1,8.009321922719E0));
#2741=DIRECTION('',(0.E0,-9.979482148809E-1,-6.402624786719E-2));
#2742=DIRECTION('',(1.E0,1.206189619729E-11,-1.879957436336E-10));
#2743=AXIS2_PLACEMENT_3D('',#2740,#2741,#2742);
#2745=CARTESIAN_POINT('',(-4.E1,2.034924233741E1,8.009321922719E0));
#2746=DIRECTION('',(0.E0,-9.979482148809E-1,-6.402624786719E-2));
#2747=DIRECTION('',(-9.951641131245E-1,-6.289055544076E-3,9.802466898445E-2));
#2748=AXIS2_PLACEMENT_3D('',#2745,#2746,#2747);
#2750=CARTESIAN_POINT('',(-4.8E1,1.985026822997E1,7.977308798785E0));
#2751=DIRECTION('',(0.E0,-9.979482148809E-1,-6.402624786719E-2));
#2752=DIRECTION('',(-1.E0,-1.430629035716E-10,2.229848549815E-9));
#2753=AXIS2_PLACEMENT_3D('',#2750,#2751,#2752);
#2755=CARTESIAN_POINT('',(-4.8E1,1.985026822997E1,7.977308798785E0));
#2756=DIRECTION('',(0.E0,-9.979482148809E-1,-6.402624786719E-2));
#2757=DIRECTION('',(9.951641129308E-1,6.289055669722E-3,-9.802467094283E-2));
#2758=AXIS2_PLACEMENT_3D('',#2755,#2756,#2757);
#2760=CARTESIAN_POINT('',(-5.005E1,1.985026822923E1,7.977308810373E0));
#2761=DIRECTION('',(5.664195404376E-9,-6.402624786719E-2,9.979482148809E-1));
#2762=DIRECTION('',(5.826450433233E-13,9.979482148809E-1,6.402624786719E-2));
#2763=AXIS2_PLACEMENT_3D('',#2760,#2761,#2762);
#2765=CARTESIAN_POINT('',(-4.8E1,1.985026822997E1,7.977308798785E0));
#2766=DIRECTION('',(0.E0,-9.979482148809E-1,-6.402624786719E-2));
#2767=DIRECTION('',(1.E0,0.E0,0.E0));
#2768=AXIS2_PLACEMENT_3D('',#2765,#2766,#2767);
#2770=CARTESIAN_POINT('',(-4.8E1,1.985026822997E1,7.977308798785E0));
#2771=DIRECTION('',(0.E0,-9.979482148809E-1,-6.402624786719E-2));
#2772=DIRECTION('',(-9.951641131245E-1,-6.289055544076E-3,9.802466898445E-2));
#2773=AXIS2_PLACEMENT_3D('',#2770,#2771,#2772);
#2775=CARTESIAN_POINT('',(-4.595E1,1.985026823045E1,7.977308791231E0));
#2776=DIRECTION('',(-3.692299563318E-9,6.402624786719E-2,-9.979482148809E-1));
#2777=DIRECTION('',(5.968558980385E-13,9.979482148809E-1,6.402624786719E-2));
#2778=AXIS2_PLACEMENT_3D('',#2775,#2776,#2777);
#2780=DIRECTION('',(0.E0,-9.979482151128E-1,-6.402624425332E-2));
#2781=VECTOR('',#2780,1.299999999995E0);
#2782=CARTESIAN_POINT('',(-4.545E1,1.985026823027E1,7.977308794087E0));
#2783=LINE('',#2782,#2781);
#2784=DIRECTION('',(0.E0,9.979482146546E-1,6.402625139540E-2));
#2785=VECTOR('',#2784,1.299999999995E0);
#2786=CARTESIAN_POINT('',(-5.055E1,1.855293555028E1,7.894074682021E0));
#2787=LINE('',#2786,#2785);
#2788=CARTESIAN_POINT('',(-4.8E1,2.034924233741E1,8.009321922719E0));
#2789=DIRECTION('',(0.E0,-9.979482148809E-1,-6.402624786719E-2));
#2790=DIRECTION('',(-1.E0,-1.141946158230E-10,1.779911286110E-9));
#2791=AXIS2_PLACEMENT_3D('',#2788,#2789,#2790);
#2793=CARTESIAN_POINT('',(-4.8E1,2.034924233741E1,8.009321922719E0));
#2794=DIRECTION('',(0.E0,-9.979482148809E-1,-6.402624786719E-2));
#2795=DIRECTION('',(9.951641129308E-1,6.289055669721E-3,-9.802467094283E-2));
#2796=AXIS2_PLACEMENT_3D('',#2793,#2794,#2795);
#2798=CARTESIAN_POINT('',(-4.8E1,2.034924233741E1,8.009321922719E0));
#2799=DIRECTION('',(0.E0,-9.979482148809E-1,-6.402624786719E-2));
#2800=DIRECTION('',(1.E0,1.206189619729E-11,-1.879957436336E-10));
#2801=AXIS2_PLACEMENT_3D('',#2798,#2799,#2800);
#2803=CARTESIAN_POINT('',(-4.8E1,2.034924233741E1,8.009321922719E0));
#2804=DIRECTION('',(0.E0,-9.979482148809E-1,-6.402624786719E-2));
#2805=DIRECTION('',(-9.951641131245E-1,-6.289055544077E-3,9.802466898445E-2));
#2806=AXIS2_PLACEMENT_3D('',#2803,#2804,#2805);
#2808=CARTESIAN_POINT('',(-5.6E1,1.985026822997E1,7.977308798785E0));
#2809=DIRECTION('',(0.E0,-9.979482148809E-1,-6.402624786719E-2));
#2810=DIRECTION('',(-1.E0,-1.430629035716E-10,2.229848549815E-9));
#2811=AXIS2_PLACEMENT_3D('',#2808,#2809,#2810);
#2813=CARTESIAN_POINT('',(-5.6E1,1.985026822997E1,7.977308798785E0));
#2814=DIRECTION('',(0.E0,-9.979482148809E-1,-6.402624786719E-2));
#2815=DIRECTION('',(9.951641129308E-1,6.289055669722E-3,-9.802467094283E-2));
#2816=AXIS2_PLACEMENT_3D('',#2813,#2814,#2815);
#2818=CARTESIAN_POINT('',(-5.805E1,1.985026822923E1,7.977308810373E0));
#2819=DIRECTION('',(5.664195279476E-9,-6.402624786719E-2,9.979482148809E-1));
#2820=DIRECTION('',(5.826450433233E-13,9.979482148809E-1,6.402624786719E-2));
#2821=AXIS2_PLACEMENT_3D('',#2818,#2819,#2820);
#2823=CARTESIAN_POINT('',(-5.6E1,1.985026822997E1,7.977308798785E0));
#2824=DIRECTION('',(0.E0,-9.979482148809E-1,-6.402624786719E-2));
#2825=DIRECTION('',(1.E0,0.E0,0.E0));
#2826=AXIS2_PLACEMENT_3D('',#2823,#2824,#2825);
#2828=CARTESIAN_POINT('',(-5.6E1,1.985026822997E1,7.977308798785E0));
#2829=DIRECTION('',(0.E0,-9.979482148809E-1,-6.402624786719E-2));
#2830=DIRECTION('',(-9.951641131245E-1,-6.289055544076E-3,9.802466898445E-2));
#2831=AXIS2_PLACEMENT_3D('',#2828,#2829,#2830);
#2833=CARTESIAN_POINT('',(-5.395E1,1.985026823045E1,7.977308791231E0));
#2834=DIRECTION('',(-3.692298675140E-9,6.402624786719E-2,-9.979482148809E-1));
#2835=DIRECTION('',(5.968558980385E-13,9.979482148809E-1,6.402624786719E-2));
#2836=AXIS2_PLACEMENT_3D('',#2833,#2834,#2835);
#2838=DIRECTION('',(0.E0,-9.979482151128E-1,-6.402624425332E-2));
#2839=VECTOR('',#2838,1.299999999995E0);
#2840=CARTESIAN_POINT('',(-5.345E1,1.985026823027E1,7.977308794087E0));
#2841=LINE('',#2840,#2839);
#2842=DIRECTION('',(0.E0,9.979482146546E-1,6.402625139540E-2));
#2843=VECTOR('',#2842,1.299999999995E0);
#2844=CARTESIAN_POINT('',(-5.855E1,1.855293555028E1,7.894074682021E0));
#2845=LINE('',#2844,#2843);
#2846=CARTESIAN_POINT('',(-5.6E1,2.034924233741E1,8.009321922719E0));
#2847=DIRECTION('',(0.E0,-9.979482148809E-1,-6.402624786719E-2));
#2848=DIRECTION('',(-1.E0,-1.141946158230E-10,1.779909553079E-9));
#2849=AXIS2_PLACEMENT_3D('',#2846,#2847,#2848);
#2851=CARTESIAN_POINT('',(-5.6E1,2.034924233741E1,8.009321922719E0));
#2852=DIRECTION('',(0.E0,-9.979482148809E-1,-6.402624786719E-2));
#2853=DIRECTION('',(9.951641129308E-1,6.289055669721E-3,-9.802467094283E-2));
#2854=AXIS2_PLACEMENT_3D('',#2851,#2852,#2853);
#2856=CARTESIAN_POINT('',(-5.6E1,2.034924233741E1,8.009321922719E0));
#2857=DIRECTION('',(0.E0,-9.979482148809E-1,-6.402624786719E-2));
#2858=DIRECTION('',(1.E0,1.206189619729E-11,-1.879957436336E-10));
#2859=AXIS2_PLACEMENT_3D('',#2856,#2857,#2858);
#2861=CARTESIAN_POINT('',(-5.6E1,2.034924233741E1,8.009321922719E0));
#2862=DIRECTION('',(0.E0,-9.979482148809E-1,-6.402624786719E-2));
#2863=DIRECTION('',(-9.951641131245E-1,-6.289055544076E-3,9.802466898445E-2));
#2864=AXIS2_PLACEMENT_3D('',#2861,#2862,#2863);
#2866=CARTESIAN_POINT('',(-6.4E1,1.985026822997E1,7.977308798785E0));
#2867=DIRECTION('',(0.E0,-9.979482148809E-1,-6.402624786719E-2));
#2868=DIRECTION('',(-1.E0,-1.430629035716E-10,2.229848549815E-9));
#2869=AXIS2_PLACEMENT_3D('',#2866,#2867,#2868);
#2871=CARTESIAN_POINT('',(-6.4E1,1.985026822997E1,7.977308798785E0));
#2872=DIRECTION('',(0.E0,-9.979482148809E-1,-6.402624786719E-2));
#2873=DIRECTION('',(9.951641129308E-1,6.289055669722E-3,-9.802467094283E-2));
#2874=AXIS2_PLACEMENT_3D('',#2871,#2872,#2873);
#2876=CARTESIAN_POINT('',(-6.605E1,1.985026822923E1,7.977308810373E0));
#2877=DIRECTION('',(5.664195279476E-9,-6.402624786719E-2,9.979482148809E-1));
#2878=DIRECTION('',(5.968558980385E-13,9.979482148809E-1,6.402624786719E-2));
#2879=AXIS2_PLACEMENT_3D('',#2876,#2877,#2878);
#2881=CARTESIAN_POINT('',(-6.4E1,1.985026822997E1,7.977308798785E0));
#2882=DIRECTION('',(0.E0,-9.979482148809E-1,-6.402624786719E-2));
#2883=DIRECTION('',(1.E0,0.E0,0.E0));
#2884=AXIS2_PLACEMENT_3D('',#2881,#2882,#2883);
#2886=CARTESIAN_POINT('',(-6.4E1,1.985026822997E1,7.977308798785E0));
#2887=DIRECTION('',(0.E0,-9.979482148809E-1,-6.402624786719E-2));
#2888=DIRECTION('',(-9.951641131245E-1,-6.289055544076E-3,9.802466898445E-2));
#2889=AXIS2_PLACEMENT_3D('',#2886,#2887,#2888);
#2891=CARTESIAN_POINT('',(-6.195E1,1.985026823045E1,7.977308791231E0));
#2892=DIRECTION('',(-3.692298675140E-9,6.402624786719E-2,-9.979482148809E-1));
#2893=DIRECTION('',(5.968558980385E-13,9.979482148809E-1,6.402624786719E-2));
#2894=AXIS2_PLACEMENT_3D('',#2891,#2892,#2893);
#2896=DIRECTION('',(0.E0,-9.979482151128E-1,-6.402624425332E-2));
#2897=VECTOR('',#2896,1.299999999995E0);
#2898=CARTESIAN_POINT('',(-6.145E1,1.985026823027E1,7.977308794087E0));
#2899=LINE('',#2898,#2897);
#2900=DIRECTION('',(0.E0,9.979482146546E-1,6.402625139540E-2));
#2901=VECTOR('',#2900,1.299999999995E0);
#2902=CARTESIAN_POINT('',(-6.655E1,1.855293555028E1,7.894074682021E0));
#2903=LINE('',#2902,#2901);
#2904=CARTESIAN_POINT('',(-6.4E1,2.034924233741E1,8.009321922719E0));
#2905=DIRECTION('',(0.E0,-9.979482148809E-1,-6.402624786719E-2));
#2906=DIRECTION('',(-1.E0,-1.141963488541E-10,1.779913885657E-9));
#2907=AXIS2_PLACEMENT_3D('',#2904,#2905,#2906);
#2909=CARTESIAN_POINT('',(-6.4E1,2.034924233741E1,8.009321922719E0));
#2910=DIRECTION('',(0.E0,-9.979482148809E-1,-6.402624786719E-2));
#2911=DIRECTION('',(9.951641129308E-1,6.289055669721E-3,-9.802467094283E-2));
#2912=AXIS2_PLACEMENT_3D('',#2909,#2910,#2911);
#2914=CARTESIAN_POINT('',(-6.4E1,2.034924233741E1,8.009321922719E0));
#2915=DIRECTION('',(0.E0,-9.979482148809E-1,-6.402624786719E-2));
#2916=DIRECTION('',(1.E0,1.206189619729E-11,-1.879966101491E-10));
#2917=AXIS2_PLACEMENT_3D('',#2914,#2915,#2916);
#2919=CARTESIAN_POINT('',(-6.4E1,2.034924233741E1,8.009321922719E0));
#2920=DIRECTION('',(0.E0,-9.979482148809E-1,-6.402624786719E-2));
#2921=DIRECTION('',(-9.951641131245E-1,-6.289055544077E-3,9.802466898445E-2));
#2922=AXIS2_PLACEMENT_3D('',#2919,#2920,#2921);
#2924=CARTESIAN_POINT('',(-7.2E1,1.985026822997E1,7.977308798785E0));
#2925=DIRECTION('',(0.E0,-9.979482148809E-1,-6.402624786719E-2));
#2926=DIRECTION('',(-1.E0,-1.430629035716E-10,2.229848549815E-9));
#2927=AXIS2_PLACEMENT_3D('',#2924,#2925,#2926);
#2929=CARTESIAN_POINT('',(-7.2E1,1.985026822997E1,7.977308798785E0));
#2930=DIRECTION('',(0.E0,-9.979482148809E-1,-6.402624786719E-2));
#2931=DIRECTION('',(9.951641129308E-1,6.289055669722E-3,-9.802467094283E-2));
#2932=AXIS2_PLACEMENT_3D('',#2929,#2930,#2931);
#2934=CARTESIAN_POINT('',(-7.405E1,1.985026822923E1,7.977308810373E0));
#2935=DIRECTION('',(5.664195404376E-9,-6.402624786719E-2,9.979482148809E-1));
#2936=DIRECTION('',(5.968558980385E-13,9.979482148809E-1,6.402624786719E-2));
#2937=AXIS2_PLACEMENT_3D('',#2934,#2935,#2936);
#2939=CARTESIAN_POINT('',(-7.2E1,1.985026822997E1,7.977308798785E0));
#2940=DIRECTION('',(0.E0,-9.979482148809E-1,-6.402624786719E-2));
#2941=DIRECTION('',(1.E0,0.E0,0.E0));
#2942=AXIS2_PLACEMENT_3D('',#2939,#2940,#2941);
#2944=CARTESIAN_POINT('',(-7.2E1,1.985026822997E1,7.977308798785E0));
#2945=DIRECTION('',(0.E0,-9.979482148809E-1,-6.402624786719E-2));
#2946=DIRECTION('',(-9.951641131245E-1,-6.289055544076E-3,9.802466898445E-2));
#2947=AXIS2_PLACEMENT_3D('',#2944,#2945,#2946);
#2949=CARTESIAN_POINT('',(-6.995E1,1.985026823045E1,7.977308791231E0));
#2950=DIRECTION('',(-3.692298675140E-9,6.402624786719E-2,-9.979482148809E-1));
#2951=DIRECTION('',(5.968558980385E-13,9.979482148809E-1,6.402624786719E-2));
#2952=AXIS2_PLACEMENT_3D('',#2949,#2950,#2951);
#2954=DIRECTION('',(1.093142670405E-14,-9.979482151128E-1,-6.402624425332E-2));
#2955=VECTOR('',#2954,1.299999999995E0);
#2956=CARTESIAN_POINT('',(-6.945E1,1.985026823027E1,7.977308794087E0));
#2957=LINE('',#2956,#2955);
#2958=DIRECTION('',(0.E0,9.979482146546E-1,6.402625139540E-2));
#2959=VECTOR('',#2958,1.299999999995E0);
#2960=CARTESIAN_POINT('',(-7.455E1,1.855293555028E1,7.894074682021E0));
#2961=LINE('',#2960,#2959);
#2962=CARTESIAN_POINT('',(-7.2E1,2.034924233741E1,8.009321922719E0));
#2963=DIRECTION('',(0.E0,-9.979482148809E-1,-6.402624786719E-2));
#2964=DIRECTION('',(-1.E0,-1.141946158230E-10,1.779907820048E-9));
#2965=AXIS2_PLACEMENT_3D('',#2962,#2963,#2964);
#2967=CARTESIAN_POINT('',(-7.2E1,2.034924233741E1,8.009321922719E0));
#2968=DIRECTION('',(0.E0,-9.979482148809E-1,-6.402624786719E-2));
#2969=DIRECTION('',(9.951641129308E-1,6.289055669721E-3,-9.802467094283E-2));
#2970=AXIS2_PLACEMENT_3D('',#2967,#2968,#2969);
#2972=CARTESIAN_POINT('',(-7.2E1,2.034924233741E1,8.009321922719E0));
#2973=DIRECTION('',(0.E0,-9.979482148809E-1,-6.402624786719E-2));
#2974=DIRECTION('',(1.E0,1.206189619729E-11,-1.879957436336E-10));
#2975=AXIS2_PLACEMENT_3D('',#2972,#2973,#2974);
#2977=CARTESIAN_POINT('',(-7.2E1,2.034924233741E1,8.009321922719E0));
#2978=DIRECTION('',(0.E0,-9.979482148809E-1,-6.402624786719E-2));
#2979=DIRECTION('',(-9.951641131245E-1,-6.289055544077E-3,9.802466898445E-2));
#2980=AXIS2_PLACEMENT_3D('',#2977,#2978,#2979);
#2982=CARTESIAN_POINT('',(-8.E1,1.985026822997E1,7.977308798785E0));
#2983=DIRECTION('',(0.E0,-9.979482148809E-1,-6.402624786719E-2));
#2984=DIRECTION('',(-1.E0,-1.430629035716E-10,2.229848549815E-9));
#2985=AXIS2_PLACEMENT_3D('',#2982,#2983,#2984);
#2987=CARTESIAN_POINT('',(-8.E1,1.985026822997E1,7.977308798785E0));
#2988=DIRECTION('',(0.E0,-9.979482148809E-1,-6.402624786719E-2));
#2989=DIRECTION('',(9.951641129308E-1,6.289055669722E-3,-9.802467094283E-2));
#2990=AXIS2_PLACEMENT_3D('',#2987,#2988,#2989);
#2992=CARTESIAN_POINT('',(-8.205E1,1.985026822923E1,7.977308810373E0));
#2993=DIRECTION('',(5.664195404376E-9,-6.402624786719E-2,9.979482148809E-1));
#2994=DIRECTION('',(5.968558980385E-13,9.979482148809E-1,6.402624786719E-2));
#2995=AXIS2_PLACEMENT_3D('',#2992,#2993,#2994);
#2997=CARTESIAN_POINT('',(-8.E1,1.985026822997E1,7.977308798785E0));
#2998=DIRECTION('',(0.E0,-9.979482148809E-1,-6.402624786719E-2));
#2999=DIRECTION('',(1.E0,0.E0,0.E0));
#3000=AXIS2_PLACEMENT_3D('',#2997,#2998,#2999);
#3002=CARTESIAN_POINT('',(-8.E1,1.985026822997E1,7.977308798785E0));
#3003=DIRECTION('',(0.E0,-9.979482148809E-1,-6.402624786719E-2));
#3004=DIRECTION('',(-9.951641131245E-1,-6.289055544076E-3,9.802466898445E-2));
#3005=AXIS2_PLACEMENT_3D('',#3002,#3003,#3004);
#3007=CARTESIAN_POINT('',(-7.795E1,1.985026823045E1,7.977308791231E0));
#3008=DIRECTION('',(-3.692298675140E-9,6.402624786719E-2,-9.979482148809E-1));
#3009=DIRECTION('',(5.968558980385E-13,9.979482148809E-1,6.402624786719E-2));
#3010=AXIS2_PLACEMENT_3D('',#3007,#3008,#3009);
#3012=DIRECTION('',(1.093142670405E-14,-9.979482151128E-1,-6.402624425332E-2));
#3013=VECTOR('',#3012,1.299999999995E0);
#3014=CARTESIAN_POINT('',(-7.745E1,1.985026823027E1,7.977308794087E0));
#3015=LINE('',#3014,#3013);
#3016=DIRECTION('',(0.E0,9.979482146546E-1,6.402625139540E-2));
#3017=VECTOR('',#3016,1.299999999995E0);
#3018=CARTESIAN_POINT('',(-8.255E1,1.855293555028E1,7.894074682021E0));
#3019=LINE('',#3018,#3017);
#3020=CARTESIAN_POINT('',(-8.E1,2.034924233741E1,8.009321922719E0));
#3021=DIRECTION('',(0.E0,-9.979482148809E-1,-6.402624786719E-2));
#3022=DIRECTION('',(-1.E0,-1.141946158230E-10,1.779907820048E-9));
#3023=AXIS2_PLACEMENT_3D('',#3020,#3021,#3022);
#3025=CARTESIAN_POINT('',(-8.E1,2.034924233741E1,8.009321922719E0));
#3026=DIRECTION('',(0.E0,-9.979482148809E-1,-6.402624786719E-2));
#3027=DIRECTION('',(9.951641129308E-1,6.289055669721E-3,-9.802467094283E-2));
#3028=AXIS2_PLACEMENT_3D('',#3025,#3026,#3027);
#3030=CARTESIAN_POINT('',(-8.E1,2.034924233741E1,8.009321922719E0));
#3031=DIRECTION('',(0.E0,-9.979482148809E-1,-6.402624786719E-2));
#3032=DIRECTION('',(1.E0,1.206189619729E-11,-1.879957436336E-10));
#3033=AXIS2_PLACEMENT_3D('',#3030,#3031,#3032);
#3035=CARTESIAN_POINT('',(-8.E1,2.034924233741E1,8.009321922719E0));
#3036=DIRECTION('',(0.E0,-9.979482148809E-1,-6.402624786719E-2));
#3037=DIRECTION('',(-9.951641131245E-1,-6.289055544077E-3,9.802466898445E-2));
#3038=AXIS2_PLACEMENT_3D('',#3035,#3036,#3037);
#3040=CARTESIAN_POINT('',(6.4E1,2.036247821291E1,-6.276920262233E-3));
#3041=DIRECTION('',(0.E0,-9.979482148809E-1,-6.402624786719E-2));
#3042=DIRECTION('',(-1.E0,-1.430670832348E-10,2.229927661029E-9));
#3043=AXIS2_PLACEMENT_3D('',#3040,#3041,#3042);
#3045=CARTESIAN_POINT('',(6.4E1,2.036247821291E1,-6.276920262233E-3));
#3046=DIRECTION('',(0.E0,-9.979482148809E-1,-6.402624786719E-2));
#3047=DIRECTION('',(9.951641129308E-1,6.289055669722E-3,-9.802467094283E-2));
#3048=AXIS2_PLACEMENT_3D('',#3045,#3046,#3047);
#3050=CARTESIAN_POINT('',(6.195E1,2.036247821217E1,-6.276908674681E-3));
#3051=DIRECTION('',(5.664086033530E-9,-6.402624786719E-2,9.979482148809E-1));
#3052=DIRECTION('',(2.842170943040E-14,9.979482148809E-1,6.402624786719E-2));
#3053=AXIS2_PLACEMENT_3D('',#3050,#3051,#3052);
#3055=CARTESIAN_POINT('',(6.4E1,2.036247821291E1,-6.276920262233E-3));
#3056=DIRECTION('',(0.E0,-9.979482148809E-1,-6.402624786719E-2));
#3057=DIRECTION('',(1.E0,0.E0,1.122842287558E-14));
#3058=AXIS2_PLACEMENT_3D('',#3055,#3056,#3057);
#3060=CARTESIAN_POINT('',(6.4E1,2.036247821291E1,-6.276920262233E-3));
#3061=DIRECTION('',(0.E0,-9.979482148809E-1,-6.402624786719E-2));
#3062=DIRECTION('',(-9.951641131245E-1,-6.289055544076E-3,9.802466898445E-2));
#3063=AXIS2_PLACEMENT_3D('',#3060,#3061,#3062);
#3065=CARTESIAN_POINT('',(6.605E1,2.036247821339E1,-6.276927815530E-3));
#3066=DIRECTION('',(-3.692110381315E-9,6.402624786719E-2,-9.979482148809E-1));
#3067=DIRECTION('',(5.684341886081E-14,9.979482148809E-1,6.402624786719E-2));
#3068=AXIS2_PLACEMENT_3D('',#3065,#3066,#3067);
#3070=DIRECTION('',(0.E0,-9.979482151128E-1,-6.402624425354E-2));
#3071=VECTOR('',#3070,1.299999999995E0);
#3072=CARTESIAN_POINT('',(6.655E1,2.036247821321E1,-6.27692496E-3));
#3073=LINE('',#3072,#3071);
#3074=DIRECTION('',(0.E0,9.979482146546E-1,6.402625139528E-2));
#3075=VECTOR('',#3074,1.299999999995E0);
#3076=CARTESIAN_POINT('',(6.145E1,1.906514553322E1,-8.951103702576E-2));
#3077=LINE('',#3076,#3075);
#3078=CARTESIAN_POINT('',(6.4E1,2.086145232035E1,2.573620367136E-2));
#3079=DIRECTION('',(0.E0,-9.979482148809E-1,-6.402624786719E-2));
#3080=DIRECTION('',(-1.E0,-1.141824846056E-10,1.779709352451E-9));
#3081=AXIS2_PLACEMENT_3D('',#3078,#3079,#3080);
#3083=CARTESIAN_POINT('',(6.4E1,2.086145232035E1,2.573620367136E-2));
#3084=DIRECTION('',(0.E0,-9.979482148809E-1,-6.402624786719E-2));
#3085=DIRECTION('',(9.951641129308E-1,6.289055669721E-3,-9.802467094283E-2));
#3086=AXIS2_PLACEMENT_3D('',#3083,#3084,#3085);
#3088=CARTESIAN_POINT('',(6.4E1,2.086145232035E1,2.573620367136E-2));
#3089=DIRECTION('',(0.E0,-9.979482148809E-1,-6.402624786719E-2));
#3090=DIRECTION('',(1.E0,1.207402741473E-11,-1.881931754741E-10));
#3091=AXIS2_PLACEMENT_3D('',#3088,#3089,#3090);
#3093=CARTESIAN_POINT('',(6.4E1,2.086145232035E1,2.573620367136E-2));
#3094=DIRECTION('',(0.E0,-9.979482148809E-1,-6.402624786719E-2));
#3095=DIRECTION('',(-9.951641131245E-1,-6.289055544077E-3,9.802466898445E-2));
#3096=AXIS2_PLACEMENT_3D('',#3093,#3094,#3095);
#3098=CARTESIAN_POINT('',(5.6E1,2.036247821291E1,-6.276920262233E-3));
#3099=DIRECTION('',(0.E0,-9.979482148809E-1,-6.402624786719E-2));
#3100=DIRECTION('',(-1.E0,-1.430670832348E-10,2.229927655586E-9));
#3101=AXIS2_PLACEMENT_3D('',#3098,#3099,#3100);
#3103=CARTESIAN_POINT('',(5.6E1,2.036247821291E1,-6.276920262233E-3));
#3104=DIRECTION('',(0.E0,-9.979482148809E-1,-6.402624786719E-2));
#3105=DIRECTION('',(9.951641129308E-1,6.289055669722E-3,-9.802467094283E-2));
#3106=AXIS2_PLACEMENT_3D('',#3103,#3104,#3105);
#3108=CARTESIAN_POINT('',(5.395E1,2.036247821217E1,-6.276908674681E-3));
#3109=DIRECTION('',(5.664086033530E-9,-6.402624786719E-2,9.979482148809E-1));
#3110=DIRECTION('',(2.842170943040E-14,9.979482148809E-1,6.402624786719E-2));
#3111=AXIS2_PLACEMENT_3D('',#3108,#3109,#3110);
#3113=CARTESIAN_POINT('',(5.6E1,2.036247821291E1,-6.276920262233E-3));
#3114=DIRECTION('',(0.E0,-9.979482148809E-1,-6.402624786719E-2));
#3115=DIRECTION('',(1.E0,0.E0,1.122842287558E-14));
#3116=AXIS2_PLACEMENT_3D('',#3113,#3114,#3115);
#3118=CARTESIAN_POINT('',(5.6E1,2.036247821291E1,-6.276920262233E-3));
#3119=DIRECTION('',(0.E0,-9.979482148809E-1,-6.402624786719E-2));
#3120=DIRECTION('',(-9.951641131245E-1,-6.289055544076E-3,9.802466898445E-2));
#3121=AXIS2_PLACEMENT_3D('',#3118,#3119,#3120);
#3123=CARTESIAN_POINT('',(5.805E1,2.036247821339E1,-6.276927815530E-3));
#3124=DIRECTION('',(-3.692110381315E-9,6.402624786719E-2,-9.979482148809E-1));
#3125=DIRECTION('',(4.263256414561E-14,9.979482148809E-1,6.402624786719E-2));
#3126=AXIS2_PLACEMENT_3D('',#3123,#3124,#3125);
#3128=DIRECTION('',(0.E0,-9.979482151128E-1,-6.402624425354E-2));
#3129=VECTOR('',#3128,1.299999999995E0);
#3130=CARTESIAN_POINT('',(5.855E1,2.036247821321E1,-6.276924960001E-3));
#3131=LINE('',#3130,#3129);
#3132=DIRECTION('',(0.E0,9.979482146546E-1,6.402625139528E-2));
#3133=VECTOR('',#3132,1.299999999995E0);
#3134=CARTESIAN_POINT('',(5.345E1,1.906514553322E1,-8.951103702576E-2));
#3135=LINE('',#3134,#3133);
#3136=CARTESIAN_POINT('',(5.6E1,2.086145232035E1,2.573620367136E-2));
#3137=DIRECTION('',(0.E0,-9.979482148809E-1,-6.402624786719E-2));
#3138=DIRECTION('',(-1.E0,-1.141824846056E-10,1.779709362605E-9));
#3139=AXIS2_PLACEMENT_3D('',#3136,#3137,#3138);
#3141=CARTESIAN_POINT('',(5.6E1,2.086145232035E1,2.573620367136E-2));
#3142=DIRECTION('',(0.E0,-9.979482148809E-1,-6.402624786719E-2));
#3143=DIRECTION('',(9.951641129308E-1,6.289055669721E-3,-9.802467094283E-2));
#3144=AXIS2_PLACEMENT_3D('',#3141,#3142,#3143);
#3146=CARTESIAN_POINT('',(5.6E1,2.086145232035E1,2.573620367136E-2));
#3147=DIRECTION('',(0.E0,-9.979482148809E-1,-6.402624786719E-2));
#3148=DIRECTION('',(1.E0,1.207402741473E-11,-1.881932093224E-10));
#3149=AXIS2_PLACEMENT_3D('',#3146,#3147,#3148);
#3151=CARTESIAN_POINT('',(5.6E1,2.086145232035E1,2.573620367136E-2));
#3152=DIRECTION('',(0.E0,-9.979482148809E-1,-6.402624786719E-2));
#3153=DIRECTION('',(-9.951641131245E-1,-6.289055544077E-3,9.802466898445E-2));
#3154=AXIS2_PLACEMENT_3D('',#3151,#3152,#3153);
#3156=CARTESIAN_POINT('',(4.8E1,2.036247821291E1,-6.276920262233E-3));
#3157=DIRECTION('',(0.E0,-9.979482148809E-1,-6.402624786719E-2));
#3158=DIRECTION('',(-1.E0,-1.430670832348E-10,2.229927655586E-9));
#3159=AXIS2_PLACEMENT_3D('',#3156,#3157,#3158);
#3161=CARTESIAN_POINT('',(4.8E1,2.036247821291E1,-6.276920262233E-3));
#3162=DIRECTION('',(0.E0,-9.979482148809E-1,-6.402624786719E-2));
#3163=DIRECTION('',(9.951641129308E-1,6.289055669722E-3,-9.802467094283E-2));
#3164=AXIS2_PLACEMENT_3D('',#3161,#3162,#3163);
#3166=CARTESIAN_POINT('',(4.595E1,2.036247821217E1,-6.276908674681E-3));
#3167=DIRECTION('',(5.664086033530E-9,-6.402624786719E-2,9.979482148809E-1));
#3168=DIRECTION('',(2.842170943040E-14,9.979482148809E-1,6.402624786719E-2));
#3169=AXIS2_PLACEMENT_3D('',#3166,#3167,#3168);
#3171=CARTESIAN_POINT('',(4.8E1,2.036247821291E1,-6.276920262233E-3));
#3172=DIRECTION('',(0.E0,-9.979482148809E-1,-6.402624786719E-2));
#3173=DIRECTION('',(1.E0,0.E0,1.122842287558E-14));
#3174=AXIS2_PLACEMENT_3D('',#3171,#3172,#3173);
#3176=CARTESIAN_POINT('',(4.8E1,2.036247821291E1,-6.276920262233E-3));
#3177=DIRECTION('',(0.E0,-9.979482148809E-1,-6.402624786719E-2));
#3178=DIRECTION('',(-9.951641131245E-1,-6.289055544076E-3,9.802466898445E-2));
#3179=AXIS2_PLACEMENT_3D('',#3176,#3177,#3178);
#3181=CARTESIAN_POINT('',(5.005E1,2.036247821339E1,-6.276927815530E-3));
#3182=DIRECTION('',(-3.692110381315E-9,6.402624786719E-2,-9.979482148809E-1));
#3183=DIRECTION('',(4.263256414561E-14,9.979482148809E-1,6.402624786719E-2));
#3184=AXIS2_PLACEMENT_3D('',#3181,#3182,#3183);
#3186=DIRECTION('',(0.E0,-9.979482151128E-1,-6.402624425354E-2));
#3187=VECTOR('',#3186,1.299999999995E0);
#3188=CARTESIAN_POINT('',(5.055E1,2.036247821321E1,-6.276924960001E-3));
#3189=LINE('',#3188,#3187);
#3190=DIRECTION('',(0.E0,9.979482146546E-1,6.402625139528E-2));
#3191=VECTOR('',#3190,1.299999999995E0);
#3192=CARTESIAN_POINT('',(4.545E1,1.906514553322E1,-8.951103702576E-2));
#3193=LINE('',#3192,#3191);
#3194=CARTESIAN_POINT('',(4.8E1,2.086145232035E1,2.573620367136E-2));
#3195=DIRECTION('',(0.E0,-9.979482148809E-1,-6.402624786719E-2));
#3196=DIRECTION('',(-1.E0,-1.141824846056E-10,1.779706180868E-9));
#3197=AXIS2_PLACEMENT_3D('',#3194,#3195,#3196);
#3199=CARTESIAN_POINT('',(4.8E1,2.086145232035E1,2.573620367136E-2));
#3200=DIRECTION('',(0.E0,-9.979482148809E-1,-6.402624786719E-2));
#3201=DIRECTION('',(9.951641129308E-1,6.289055669721E-3,-9.802467094283E-2));
#3202=AXIS2_PLACEMENT_3D('',#3199,#3200,#3201);
#3204=CARTESIAN_POINT('',(4.8E1,2.086145232035E1,2.573620367136E-2));
#3205=DIRECTION('',(0.E0,-9.979482148809E-1,-6.402624786719E-2));
#3206=DIRECTION('',(1.E0,1.207402741473E-11,-1.881928911487E-10));
#3207=AXIS2_PLACEMENT_3D('',#3204,#3205,#3206);
#3209=CARTESIAN_POINT('',(4.8E1,2.086145232035E1,2.573620367136E-2));
#3210=DIRECTION('',(0.E0,-9.979482148809E-1,-6.402624786719E-2));
#3211=DIRECTION('',(-9.951641131245E-1,-6.289055544077E-3,9.802466898445E-2));
#3212=AXIS2_PLACEMENT_3D('',#3209,#3210,#3211);
#3214=CARTESIAN_POINT('',(4.E1,2.036247821291E1,-6.276920262233E-3));
#3215=DIRECTION('',(0.E0,-9.979482148809E-1,-6.402624786719E-2));
#3216=DIRECTION('',(-1.E0,-1.430670832348E-10,2.229927655586E-9));
#3217=AXIS2_PLACEMENT_3D('',#3214,#3215,#3216);
#3219=CARTESIAN_POINT('',(4.E1,2.036247821291E1,-6.276920262233E-3));
#3220=DIRECTION('',(0.E0,-9.979482148809E-1,-6.402624786719E-2));
#3221=DIRECTION('',(9.951641129308E-1,6.289055669722E-3,-9.802467094283E-2));
#3222=AXIS2_PLACEMENT_3D('',#3219,#3220,#3221);
#3224=CARTESIAN_POINT('',(3.795E1,2.036247821217E1,-6.276908674681E-3));
#3225=DIRECTION('',(5.664086033530E-9,-6.402624786719E-2,9.979482148809E-1));
#3226=DIRECTION('',(2.842170943040E-14,9.979482148809E-1,6.402624786719E-2));
#3227=AXIS2_PLACEMENT_3D('',#3224,#3225,#3226);
#3229=CARTESIAN_POINT('',(4.E1,2.036247821291E1,-6.276920262233E-3));
#3230=DIRECTION('',(0.E0,-9.979482148809E-1,-6.402624786719E-2));
#3231=DIRECTION('',(1.E0,0.E0,1.122842287558E-14));
#3232=AXIS2_PLACEMENT_3D('',#3229,#3230,#3231);
#3234=CARTESIAN_POINT('',(4.E1,2.036247821291E1,-6.276920262233E-3));
#3235=DIRECTION('',(0.E0,-9.979482148809E-1,-6.402624786719E-2));
#3236=DIRECTION('',(-9.951641131245E-1,-6.289055544076E-3,9.802466898445E-2));
#3237=AXIS2_PLACEMENT_3D('',#3234,#3235,#3236);
#3239=CARTESIAN_POINT('',(4.205E1,2.036247821339E1,-6.276927815530E-3));
#3240=DIRECTION('',(-3.692110381315E-9,6.402624786719E-2,-9.979482148809E-1));
#3241=DIRECTION('',(4.263256414561E-14,9.979482148809E-1,6.402624786719E-2));
#3242=AXIS2_PLACEMENT_3D('',#3239,#3240,#3241);
#3244=DIRECTION('',(0.E0,-9.979482151128E-1,-6.402624425354E-2));
#3245=VECTOR('',#3244,1.299999999995E0);
#3246=CARTESIAN_POINT('',(4.255E1,2.036247821321E1,-6.276924960001E-3));
#3247=LINE('',#3246,#3245);
#3248=DIRECTION('',(0.E0,9.979482146546E-1,6.402625139528E-2));
#3249=VECTOR('',#3248,1.299999999995E0);
#3250=CARTESIAN_POINT('',(3.745E1,1.906514553322E1,-8.951103702576E-2));
#3251=LINE('',#3250,#3249);
#3252=CARTESIAN_POINT('',(4.E1,2.086145232035E1,2.573620367136E-2));
#3253=DIRECTION('',(0.E0,-9.979482148809E-1,-6.402624786719E-2));
#3254=DIRECTION('',(-1.E0,-1.141824846056E-10,1.779704134741E-9));
#3255=AXIS2_PLACEMENT_3D('',#3252,#3253,#3254);
#3257=CARTESIAN_POINT('',(4.E1,2.086145232035E1,2.573620367136E-2));
#3258=DIRECTION('',(0.E0,-9.979482148809E-1,-6.402624786719E-2));
#3259=DIRECTION('',(9.951641129308E-1,6.289055669721E-3,-9.802467094283E-2));
#3260=AXIS2_PLACEMENT_3D('',#3257,#3258,#3259);
#3262=CARTESIAN_POINT('',(4.E1,2.086145232035E1,2.573620367136E-2));
#3263=DIRECTION('',(0.E0,-9.979482148809E-1,-6.402624786719E-2));
#3264=DIRECTION('',(1.E0,1.207402741473E-11,-1.881926897516E-10));
#3265=AXIS2_PLACEMENT_3D('',#3262,#3263,#3264);
#3267=CARTESIAN_POINT('',(4.E1,2.086145232035E1,2.573620367136E-2));
#3268=DIRECTION('',(0.E0,-9.979482148809E-1,-6.402624786719E-2));
#3269=DIRECTION('',(-9.951641131245E-1,-6.289055544077E-3,9.802466898445E-2));
#3270=AXIS2_PLACEMENT_3D('',#3267,#3268,#3269);
#3272=CARTESIAN_POINT('',(3.2E1,2.036247821291E1,-6.276920262233E-3));
#3273=DIRECTION('',(0.E0,-9.979482148809E-1,-6.402624786719E-2));
#3274=DIRECTION('',(-1.E0,-1.430670832348E-10,2.229927655586E-9));
#3275=AXIS2_PLACEMENT_3D('',#3272,#3273,#3274);
#3277=CARTESIAN_POINT('',(3.2E1,2.036247821291E1,-6.276920262233E-3));
#3278=DIRECTION('',(0.E0,-9.979482148809E-1,-6.402624786719E-2));
#3279=DIRECTION('',(9.951641129308E-1,6.289055669722E-3,-9.802467094283E-2));
#3280=AXIS2_PLACEMENT_3D('',#3277,#3278,#3279);
#3282=CARTESIAN_POINT('',(2.995E1,2.036247821217E1,-6.276908674681E-3));
#3283=DIRECTION('',(5.664086033530E-9,-6.402624786719E-2,9.979482148809E-1));
#3284=DIRECTION('',(3.552713678801E-14,9.979482148809E-1,6.402624786719E-2));
#3285=AXIS2_PLACEMENT_3D('',#3282,#3283,#3284);
#3287=CARTESIAN_POINT('',(3.2E1,2.036247821291E1,-6.276920262233E-3));
#3288=DIRECTION('',(0.E0,-9.979482148809E-1,-6.402624786719E-2));
#3289=DIRECTION('',(1.E0,0.E0,1.122842287558E-14));
#3290=AXIS2_PLACEMENT_3D('',#3287,#3288,#3289);
#3292=CARTESIAN_POINT('',(3.2E1,2.036247821291E1,-6.276920262233E-3));
#3293=DIRECTION('',(0.E0,-9.979482148809E-1,-6.402624786719E-2));
#3294=DIRECTION('',(-9.951641131245E-1,-6.289055544076E-3,9.802466898445E-2));
#3295=AXIS2_PLACEMENT_3D('',#3292,#3293,#3294);
#3297=CARTESIAN_POINT('',(3.405E1,2.036247821339E1,-6.276927815530E-3));
#3298=DIRECTION('',(-3.692110381315E-9,6.402624786719E-2,-9.979482148809E-1));
#3299=DIRECTION('',(4.263256414561E-14,9.979482148809E-1,6.402624786719E-2));
#3300=AXIS2_PLACEMENT_3D('',#3297,#3298,#3299);
#3302=DIRECTION('',(0.E0,-9.979482151128E-1,-6.402624425354E-2));
#3303=VECTOR('',#3302,1.299999999995E0);
#3304=CARTESIAN_POINT('',(3.455E1,2.036247821321E1,-6.276924960001E-3));
#3305=LINE('',#3304,#3303);
#3306=DIRECTION('',(0.E0,9.979482146546E-1,6.402625139528E-2));
#3307=VECTOR('',#3306,1.299999999995E0);
#3308=CARTESIAN_POINT('',(2.945E1,1.906514553322E1,-8.951103702576E-2));
#3309=LINE('',#3308,#3307);
#3310=CARTESIAN_POINT('',(3.2E1,2.086145232035E1,2.573620367136E-2));
#3311=DIRECTION('',(0.E0,-9.979482148809E-1,-6.402624786719E-2));
#3312=DIRECTION('',(-1.E0,-1.141824846056E-10,1.779703134525E-9));
#3313=AXIS2_PLACEMENT_3D('',#3310,#3311,#3312);
#3315=CARTESIAN_POINT('',(3.2E1,2.086145232035E1,2.573620367136E-2));
#3316=DIRECTION('',(0.E0,-9.979482148809E-1,-6.402624786719E-2));
#3317=DIRECTION('',(9.951641129308E-1,6.289055669721E-3,-9.802467094283E-2));
#3318=AXIS2_PLACEMENT_3D('',#3315,#3316,#3317);
#3320=CARTESIAN_POINT('',(3.2E1,2.086145232035E1,2.573620367136E-2));
#3321=DIRECTION('',(0.E0,-9.979482148809E-1,-6.402624786719E-2));
#3322=DIRECTION('',(1.E0,1.207402741473E-11,-1.881925729751E-10));
#3323=AXIS2_PLACEMENT_3D('',#3320,#3321,#3322);
#3325=CARTESIAN_POINT('',(3.2E1,2.086145232035E1,2.573620367136E-2));
#3326=DIRECTION('',(0.E0,-9.979482148809E-1,-6.402624786719E-2));
#3327=DIRECTION('',(-9.951641131245E-1,-6.289055544075E-3,9.802466898444E-2));
#3328=AXIS2_PLACEMENT_3D('',#3325,#3326,#3327);
#3330=CARTESIAN_POINT('',(7.999999999999E0,2.036247821291E1,
-6.276920262233E-3));
#3331=DIRECTION('',(0.E0,-9.979482148809E-1,-6.402624786719E-2));
#3332=DIRECTION('',(-1.E0,-1.430670832348E-10,2.229927661029E-9));
#3333=AXIS2_PLACEMENT_3D('',#3330,#3331,#3332);
#3335=CARTESIAN_POINT('',(7.999999999999E0,2.036247821291E1,
-6.276920262233E-3));
#3336=DIRECTION('',(0.E0,-9.979482148809E-1,-6.402624786719E-2));
#3337=DIRECTION('',(9.951641129308E-1,6.289055669722E-3,-9.802467094283E-2));
#3338=AXIS2_PLACEMENT_3D('',#3335,#3336,#3337);
#3340=CARTESIAN_POINT('',(5.949999999999E0,2.036247821217E1,
-6.276908674679E-3));
#3341=DIRECTION('',(5.664086907831E-9,-6.402624786719E-2,9.979482148809E-1));
#3342=DIRECTION('',(3.552713678801E-14,9.979482148809E-1,6.402624786719E-2));
#3343=AXIS2_PLACEMENT_3D('',#3340,#3341,#3342);
#3345=CARTESIAN_POINT('',(7.999999999999E0,2.036247821291E1,
-6.276920262233E-3));
#3346=DIRECTION('',(0.E0,-9.979482148809E-1,-6.402624786719E-2));
#3347=DIRECTION('',(1.E0,0.E0,1.122842287558E-14));
#3348=AXIS2_PLACEMENT_3D('',#3345,#3346,#3347);
#3350=CARTESIAN_POINT('',(7.999999999999E0,2.036247821291E1,
-6.276920262233E-3));
#3351=DIRECTION('',(0.E0,-9.979482148809E-1,-6.402624786719E-2));
#3352=DIRECTION('',(-9.951641131245E-1,-6.289055544076E-3,9.802466898445E-2));
#3353=AXIS2_PLACEMENT_3D('',#3350,#3351,#3352);
#3355=CARTESIAN_POINT('',(1.005E1,2.036247821339E1,-6.276927815530E-3));
#3356=DIRECTION('',(-3.692110381315E-9,6.402624786719E-2,-9.979482148809E-1));
#3357=DIRECTION('',(3.907985046681E-14,9.979482148809E-1,6.402624786719E-2));
#3358=AXIS2_PLACEMENT_3D('',#3355,#3356,#3357);
#3360=DIRECTION('',(0.E0,-9.979482151128E-1,-6.402624425354E-2));
#3361=VECTOR('',#3360,1.299999999995E0);
#3362=CARTESIAN_POINT('',(1.055E1,2.036247821321E1,-6.27692496E-3));
#3363=LINE('',#3362,#3361);
#3364=DIRECTION('',(0.E0,9.979482146546E-1,6.402625139528E-2));
#3365=VECTOR('',#3364,1.299999999995E0);
#3366=CARTESIAN_POINT('',(5.449999999999E0,1.906514553322E1,
-8.951103702576E-2));
#3367=LINE('',#3366,#3365);
#3368=CARTESIAN_POINT('',(7.999999999999E0,2.086145232035E1,2.573620367136E-2));
#3369=DIRECTION('',(0.E0,-9.979482148809E-1,-6.402624786719E-2));
#3370=DIRECTION('',(-1.E0,-1.141824846056E-10,1.779703671020E-9));
#3371=AXIS2_PLACEMENT_3D('',#3368,#3369,#3370);
#3373=CARTESIAN_POINT('',(7.999999999999E0,2.086145232035E1,2.573620367136E-2));
#3374=DIRECTION('',(0.E0,-9.979482148809E-1,-6.402624786719E-2));
#3375=DIRECTION('',(9.951641129308E-1,6.289055669721E-3,-9.802467094283E-2));
#3376=AXIS2_PLACEMENT_3D('',#3373,#3374,#3375);
#3378=CARTESIAN_POINT('',(7.999999999999E0,2.086145232035E1,2.573620367136E-2));
#3379=DIRECTION('',(0.E0,-9.979482148809E-1,-6.402624786719E-2));
#3380=DIRECTION('',(1.E0,1.207402741473E-11,-1.881980005440E-10));
#3381=AXIS2_PLACEMENT_3D('',#3378,#3379,#3380);
#3383=CARTESIAN_POINT('',(7.999999999999E0,2.086145232035E1,2.573620367136E-2));
#3384=DIRECTION('',(0.E0,-9.979482148809E-1,-6.402624786719E-2));
#3385=DIRECTION('',(-9.951641131245E-1,-6.289055544077E-3,9.802466898445E-2));
#3386=AXIS2_PLACEMENT_3D('',#3383,#3384,#3385);
#3388=CARTESIAN_POINT('',(1.6E1,2.036247821291E1,-6.276920262233E-3));
#3389=DIRECTION('',(0.E0,-9.979482148809E-1,-6.402624786719E-2));
#3390=DIRECTION('',(-1.E0,-1.430670832348E-10,2.229927661029E-9));
#3391=AXIS2_PLACEMENT_3D('',#3388,#3389,#3390);
#3393=CARTESIAN_POINT('',(1.6E1,2.036247821291E1,-6.276920262233E-3));
#3394=DIRECTION('',(0.E0,-9.979482148809E-1,-6.402624786719E-2));
#3395=DIRECTION('',(9.951641129308E-1,6.289055669722E-3,-9.802467094283E-2));
#3396=AXIS2_PLACEMENT_3D('',#3393,#3394,#3395);
#3398=CARTESIAN_POINT('',(1.395E1,2.036247821217E1,-6.276908674681E-3));
#3399=DIRECTION('',(5.664086033530E-9,-6.402624786719E-2,9.979482148809E-1));
#3400=DIRECTION('',(3.552713678801E-14,9.979482148809E-1,6.402624786719E-2));
#3401=AXIS2_PLACEMENT_3D('',#3398,#3399,#3400);
#3403=CARTESIAN_POINT('',(1.6E1,2.036247821291E1,-6.276920262233E-3));
#3404=DIRECTION('',(0.E0,-9.979482148809E-1,-6.402624786719E-2));
#3405=DIRECTION('',(1.E0,0.E0,1.122842287558E-14));
#3406=AXIS2_PLACEMENT_3D('',#3403,#3404,#3405);
#3408=CARTESIAN_POINT('',(1.6E1,2.036247821291E1,-6.276920262233E-3));
#3409=DIRECTION('',(0.E0,-9.979482148809E-1,-6.402624786719E-2));
#3410=DIRECTION('',(-9.951641131245E-1,-6.289055544076E-3,9.802466898445E-2));
#3411=AXIS2_PLACEMENT_3D('',#3408,#3409,#3410);
#3413=CARTESIAN_POINT('',(1.805E1,2.036247821339E1,-6.276927815530E-3));
#3414=DIRECTION('',(-3.692110381315E-9,6.402624786719E-2,-9.979482148809E-1));
#3415=DIRECTION('',(3.552713678801E-14,9.979482148809E-1,6.402624786719E-2));
#3416=AXIS2_PLACEMENT_3D('',#3413,#3414,#3415);
#3418=DIRECTION('',(0.E0,-9.979482151128E-1,-6.402624425354E-2));
#3419=VECTOR('',#3418,1.299999999995E0);
#3420=CARTESIAN_POINT('',(1.855E1,2.036247821321E1,-6.27692496E-3));
#3421=LINE('',#3420,#3419);
#3422=DIRECTION('',(0.E0,9.979482146546E-1,6.402625139528E-2));
#3423=VECTOR('',#3422,1.299999999995E0);
#3424=CARTESIAN_POINT('',(1.345E1,1.906514553322E1,-8.951103702576E-2));
#3425=LINE('',#3424,#3423);
#3426=CARTESIAN_POINT('',(1.6E1,2.086145232035E1,2.573620367136E-2));
#3427=DIRECTION('',(0.E0,-9.979482148809E-1,-6.402624786719E-2));
#3428=DIRECTION('',(-1.E0,-1.141824846056E-10,1.779700509592E-9));
#3429=AXIS2_PLACEMENT_3D('',#3426,#3427,#3428);
#3431=CARTESIAN_POINT('',(1.6E1,2.086145232035E1,2.573620367136E-2));
#3432=DIRECTION('',(0.E0,-9.979482148809E-1,-6.402624786719E-2));
#3433=DIRECTION('',(9.951641129308E-1,6.289055669723E-3,-9.802467094284E-2));
#3434=AXIS2_PLACEMENT_3D('',#3431,#3432,#3433);
#3436=CARTESIAN_POINT('',(1.6E1,2.086145232035E1,2.573620367136E-2));
#3437=DIRECTION('',(0.E0,-9.979482148809E-1,-6.402624786719E-2));
#3438=DIRECTION('',(1.E0,1.207402741473E-11,-1.881927828343E-10));
#3439=AXIS2_PLACEMENT_3D('',#3436,#3437,#3438);
#3441=CARTESIAN_POINT('',(1.6E1,2.086145232035E1,2.573620367136E-2));
#3442=DIRECTION('',(0.E0,-9.979482148809E-1,-6.402624786719E-2));
#3443=DIRECTION('',(-9.951641131245E-1,-6.289055544077E-3,9.802466898445E-2));
#3444=AXIS2_PLACEMENT_3D('',#3441,#3442,#3443);
#3446=CARTESIAN_POINT('',(-8.747169655265E-13,2.036247821291E1,
-6.276920262233E-3));
#3447=DIRECTION('',(0.E0,-9.979482148809E-1,-6.402624786719E-2));
#3448=DIRECTION('',(-1.E0,-1.430670832348E-10,2.229927661029E-9));
#3449=AXIS2_PLACEMENT_3D('',#3446,#3447,#3448);
#3451=CARTESIAN_POINT('',(-8.747169655265E-13,2.036247821291E1,
-6.276920262233E-3));
#3452=DIRECTION('',(0.E0,-9.979482148809E-1,-6.402624786719E-2));
#3453=DIRECTION('',(9.951641129308E-1,6.289055669722E-3,-9.802467094283E-2));
#3454=AXIS2_PLACEMENT_3D('',#3451,#3452,#3453);
#3456=CARTESIAN_POINT('',(-2.050000000001E0,2.036247821217E1,
-6.276908674681E-3));
#3457=DIRECTION('',(5.664086033530E-9,-6.402624786719E-2,9.979482148809E-1));
#3458=DIRECTION('',(3.641531520771E-14,9.979482148809E-1,6.402624786719E-2));
#3459=AXIS2_PLACEMENT_3D('',#3456,#3457,#3458);
#3461=CARTESIAN_POINT('',(-8.747169655265E-13,2.036247821291E1,
-6.276920262233E-3));
#3462=DIRECTION('',(0.E0,-9.979482148809E-1,-6.402624786719E-2));
#3463=DIRECTION('',(1.E0,0.E0,1.122842287558E-14));
#3464=AXIS2_PLACEMENT_3D('',#3461,#3462,#3463);
#3466=CARTESIAN_POINT('',(-8.747169655265E-13,2.036247821291E1,
-6.276920262233E-3));
#3467=DIRECTION('',(0.E0,-9.979482148809E-1,-6.402624786719E-2));
#3468=DIRECTION('',(-9.951641131245E-1,-6.289055544076E-3,9.802466898445E-2));
#3469=AXIS2_PLACEMENT_3D('',#3466,#3467,#3468);
#3471=CARTESIAN_POINT('',(2.049999999999E0,2.036247821339E1,
-6.276927815530E-3));
#3472=DIRECTION('',(-3.692110381315E-9,6.402624786719E-2,-9.979482148809E-1));
#3473=DIRECTION('',(3.641531520771E-14,9.979482148809E-1,6.402624786719E-2));
#3474=AXIS2_PLACEMENT_3D('',#3471,#3472,#3473);
#3476=DIRECTION('',(0.E0,-9.979482151128E-1,-6.402624425354E-2));
#3477=VECTOR('',#3476,1.299999999995E0);
#3478=CARTESIAN_POINT('',(2.549999999999E0,2.036247821321E1,
-6.276924960001E-3));
#3479=LINE('',#3478,#3477);
#3480=DIRECTION('',(0.E0,9.979482146546E-1,6.402625139528E-2));
#3481=VECTOR('',#3480,1.299999999995E0);
#3482=CARTESIAN_POINT('',(-2.550000000001E0,1.906514553322E1,
-8.951103702576E-2));
#3483=LINE('',#3482,#3481);
#3484=CARTESIAN_POINT('',(-8.747169655265E-13,2.086145232035E1,
2.573620367136E-2));
#3485=DIRECTION('',(0.E0,-9.979482148809E-1,-6.402624786719E-2));
#3486=DIRECTION('',(-1.E0,-1.141824846056E-10,1.779704701699E-9));
#3487=AXIS2_PLACEMENT_3D('',#3484,#3485,#3486);
#3489=CARTESIAN_POINT('',(-8.747169655265E-13,2.086145232035E1,
2.573620367136E-2));
#3490=DIRECTION('',(0.E0,-9.979482148809E-1,-6.402624786719E-2));
#3491=DIRECTION('',(9.951641129308E-1,6.289055669721E-3,-9.802467094283E-2));
#3492=AXIS2_PLACEMENT_3D('',#3489,#3490,#3491);
#3494=CARTESIAN_POINT('',(-8.747169655265E-13,2.086145232035E1,
2.573620367136E-2));
#3495=DIRECTION('',(0.E0,-9.979482148809E-1,-6.402624786719E-2));
#3496=DIRECTION('',(1.E0,1.207402741473E-11,-1.881941164559E-10));
#3497=AXIS2_PLACEMENT_3D('',#3494,#3495,#3496);
#3499=CARTESIAN_POINT('',(-8.747169655265E-13,2.086145232035E1,
2.573620367136E-2));
#3500=DIRECTION('',(0.E0,-9.979482148809E-1,-6.402624786719E-2));
#3501=DIRECTION('',(-9.951641131245E-1,-6.289055544077E-3,9.802466898445E-2));
#3502=AXIS2_PLACEMENT_3D('',#3499,#3500,#3501);
#3504=CARTESIAN_POINT('',(7.2E1,2.036247821291E1,-6.276920262233E-3));
#3505=DIRECTION('',(0.E0,-9.979482148809E-1,-6.402624786719E-2));
#3506=DIRECTION('',(-1.E0,-1.430670832348E-10,2.229928544377E-9));
#3507=AXIS2_PLACEMENT_3D('',#3504,#3505,#3506);
#3509=CARTESIAN_POINT('',(7.2E1,2.036247821291E1,-6.276920262233E-3));
#3510=DIRECTION('',(0.E0,-9.979482148809E-1,-6.402624786719E-2));
#3511=DIRECTION('',(9.951641129308E-1,6.289055669722E-3,-9.802467094283E-2));
#3512=AXIS2_PLACEMENT_3D('',#3509,#3510,#3511);
#3514=CARTESIAN_POINT('',(6.995E1,2.036247821217E1,-6.276908674679E-3));
#3515=DIRECTION('',(5.664086907831E-9,-6.402624786719E-2,9.979482148809E-1));
#3516=DIRECTION('',(2.842170943040E-14,9.979482148809E-1,6.402624786719E-2));
#3517=AXIS2_PLACEMENT_3D('',#3514,#3515,#3516);
#3519=CARTESIAN_POINT('',(7.2E1,2.036247821291E1,-6.276920262233E-3));
#3520=DIRECTION('',(0.E0,-9.979482148809E-1,-6.402624786719E-2));
#3521=DIRECTION('',(1.E0,0.E0,1.122842287558E-14));
#3522=AXIS2_PLACEMENT_3D('',#3519,#3520,#3521);
#3524=CARTESIAN_POINT('',(7.2E1,2.036247821291E1,-6.276920262233E-3));
#3525=DIRECTION('',(0.E0,-9.979482148809E-1,-6.402624786719E-2));
#3526=DIRECTION('',(-9.951641131245E-1,-6.289055544076E-3,9.802466898445E-2));
#3527=AXIS2_PLACEMENT_3D('',#3524,#3525,#3526);
#3529=CARTESIAN_POINT('',(7.405E1,2.036247821339E1,-6.276927815528E-3));
#3530=DIRECTION('',(-3.692109507014E-9,6.402624786719E-2,-9.979482148809E-1));
#3531=DIRECTION('',(5.684341886081E-14,9.979482148809E-1,6.402624786719E-2));
#3532=AXIS2_PLACEMENT_3D('',#3529,#3530,#3531);
#3534=DIRECTION('',(0.E0,-9.979482151128E-1,-6.402624425354E-2));
#3535=VECTOR('',#3534,1.299999999995E0);
#3536=CARTESIAN_POINT('',(7.455E1,2.036247821321E1,-6.276924959999E-3));
#3537=LINE('',#3536,#3535);
#3538=DIRECTION('',(1.093142670404E-14,9.979482146546E-1,6.402625139528E-2));
#3539=VECTOR('',#3538,1.299999999995E0);
#3540=CARTESIAN_POINT('',(6.945E1,1.906514553322E1,-8.951103702576E-2));
#3541=LINE('',#3540,#3539);
#3542=CARTESIAN_POINT('',(7.2E1,2.086145232035E1,2.573620367136E-2));
#3543=DIRECTION('',(0.E0,-9.979482148809E-1,-6.402624786719E-2));
#3544=DIRECTION('',(-1.E0,-1.141824846056E-10,1.779717298330E-9));
#3545=AXIS2_PLACEMENT_3D('',#3542,#3543,#3544);
#3547=CARTESIAN_POINT('',(7.2E1,2.086145232035E1,2.573620367136E-2));
#3548=DIRECTION('',(0.E0,-9.979482148809E-1,-6.402624786719E-2));
#3549=DIRECTION('',(9.951641129308E-1,6.289055669721E-3,-9.802467094283E-2));
#3550=AXIS2_PLACEMENT_3D('',#3547,#3548,#3549);
#3552=CARTESIAN_POINT('',(7.2E1,2.086145232035E1,2.573620367136E-2));
#3553=DIRECTION('',(0.E0,-9.979482148809E-1,-6.402624786719E-2));
#3554=DIRECTION('',(1.E0,1.207402741473E-11,-1.881940166035E-10));
#3555=AXIS2_PLACEMENT_3D('',#3552,#3553,#3554);
#3557=CARTESIAN_POINT('',(7.2E1,2.086145232035E1,2.573620367136E-2));
#3558=DIRECTION('',(0.E0,-9.979482148809E-1,-6.402624786719E-2));
#3559=DIRECTION('',(-9.951641131245E-1,-6.289055544077E-3,9.802466898445E-2));
#3560=AXIS2_PLACEMENT_3D('',#3557,#3558,#3559);
#3562=CARTESIAN_POINT('',(8.E1,2.036247821291E1,-6.276920262233E-3));
#3563=DIRECTION('',(0.E0,-9.979482148809E-1,-6.402624786719E-2));
#3564=DIRECTION('',(-1.E0,-1.430670832348E-10,2.229927661029E-9));
#3565=AXIS2_PLACEMENT_3D('',#3562,#3563,#3564);
#3567=CARTESIAN_POINT('',(8.E1,2.036247821291E1,-6.276920262233E-3));
#3568=DIRECTION('',(0.E0,-9.979482148809E-1,-6.402624786719E-2));
#3569=DIRECTION('',(9.951641129308E-1,6.289055669722E-3,-9.802467094283E-2));
#3570=AXIS2_PLACEMENT_3D('',#3567,#3568,#3569);
#3572=CARTESIAN_POINT('',(7.795E1,2.036247821217E1,-6.276908674679E-3));
#3573=DIRECTION('',(5.664086907831E-9,-6.402624786719E-2,9.979482148809E-1));
#3574=DIRECTION('',(2.842170943040E-14,9.979482148809E-1,6.402624786719E-2));
#3575=AXIS2_PLACEMENT_3D('',#3572,#3573,#3574);
#3577=CARTESIAN_POINT('',(8.E1,2.036247821291E1,-6.276920262233E-3));
#3578=DIRECTION('',(0.E0,-9.979482148809E-1,-6.402624786719E-2));
#3579=DIRECTION('',(1.E0,0.E0,1.122842287558E-14));
#3580=AXIS2_PLACEMENT_3D('',#3577,#3578,#3579);
#3582=CARTESIAN_POINT('',(8.E1,2.036247821291E1,-6.276920262233E-3));
#3583=DIRECTION('',(0.E0,-9.979482148809E-1,-6.402624786719E-2));
#3584=DIRECTION('',(-9.951641131245E-1,-6.289055544076E-3,9.802466898445E-2));
#3585=AXIS2_PLACEMENT_3D('',#3582,#3583,#3584);
#3587=CARTESIAN_POINT('',(8.205E1,2.036247821339E1,-6.276927815531E-3));
#3588=DIRECTION('',(-3.692111269493E-9,6.402624786719E-2,-9.979482148809E-1));
#3589=DIRECTION('',(5.684341886081E-14,9.979482148809E-1,6.402624786719E-2));
#3590=AXIS2_PLACEMENT_3D('',#3587,#3588,#3589);
#3592=DIRECTION('',(0.E0,-9.979482151128E-1,-6.402624425354E-2));
#3593=VECTOR('',#3592,1.299999999995E0);
#3594=CARTESIAN_POINT('',(8.255E1,2.036247821321E1,-6.276924960001E-3));
#3595=LINE('',#3594,#3593);
#3596=DIRECTION('',(1.093142670404E-14,9.979482146546E-1,6.402625139528E-2));
#3597=VECTOR('',#3596,1.299999999995E0);
#3598=CARTESIAN_POINT('',(7.745E1,1.906514553322E1,-8.951103702576E-2));
#3599=LINE('',#3598,#3597);
#3600=CARTESIAN_POINT('',(8.E1,2.086145232035E1,2.573620367136E-2));
#3601=DIRECTION('',(0.E0,-9.979482148809E-1,-6.402624786719E-2));
#3602=DIRECTION('',(-1.E0,-1.141824846056E-10,1.779716497819E-9));
#3603=AXIS2_PLACEMENT_3D('',#3600,#3601,#3602);
#3605=CARTESIAN_POINT('',(8.E1,2.086145232035E1,2.573620367136E-2));
#3606=DIRECTION('',(0.E0,-9.979482148809E-1,-6.402624786719E-2));
#3607=DIRECTION('',(9.951641129308E-1,6.289055669721E-3,-9.802467094283E-2));
#3608=AXIS2_PLACEMENT_3D('',#3605,#3606,#3607);
#3610=CARTESIAN_POINT('',(8.E1,2.086145232035E1,2.573620367136E-2));
#3611=DIRECTION('',(0.E0,-9.979482148809E-1,-6.402624786719E-2));
#3612=DIRECTION('',(1.E0,1.207402741473E-11,-1.881939252132E-10));
#3613=AXIS2_PLACEMENT_3D('',#3610,#3611,#3612);
#3615=CARTESIAN_POINT('',(8.E1,2.086145232035E1,2.573620367136E-2));
#3616=DIRECTION('',(0.E0,-9.979482148809E-1,-6.402624786719E-2));
#3617=DIRECTION('',(-9.951641131245E-1,-6.289055544077E-3,9.802466898445E-2));
#3618=AXIS2_PLACEMENT_3D('',#3615,#3616,#3617);
#3620=CARTESIAN_POINT('',(7.2E1,1.985026822997E1,7.977308798785E0));
#3621=DIRECTION('',(0.E0,-9.979482148809E-1,-6.402624786719E-2));
#3622=DIRECTION('',(-1.E0,-1.430629035716E-10,2.229848549815E-9));
#3623=AXIS2_PLACEMENT_3D('',#3620,#3621,#3622);
#3625=CARTESIAN_POINT('',(7.2E1,1.985026822997E1,7.977308798785E0));
#3626=DIRECTION('',(0.E0,-9.979482148809E-1,-6.402624786719E-2));
#3627=DIRECTION('',(9.951641129308E-1,6.289055669722E-3,-9.802467094283E-2));
#3628=AXIS2_PLACEMENT_3D('',#3625,#3626,#3627);
#3630=CARTESIAN_POINT('',(6.995E1,1.985026822923E1,7.977308810373E0));
#3631=DIRECTION('',(5.664195404376E-9,-6.402624786719E-2,9.979482148809E-1));
#3632=DIRECTION('',(5.968558980385E-13,9.979482148809E-1,6.402624786719E-2));
#3633=AXIS2_PLACEMENT_3D('',#3630,#3631,#3632);
#3635=CARTESIAN_POINT('',(7.2E1,1.985026822997E1,7.977308798785E0));
#3636=DIRECTION('',(0.E0,-9.979482148809E-1,-6.402624786719E-2));
#3637=DIRECTION('',(1.E0,0.E0,0.E0));
#3638=AXIS2_PLACEMENT_3D('',#3635,#3636,#3637);
#3640=CARTESIAN_POINT('',(7.2E1,1.985026822997E1,7.977308798785E0));
#3641=DIRECTION('',(0.E0,-9.979482148809E-1,-6.402624786719E-2));
#3642=DIRECTION('',(-9.951641131245E-1,-6.289055544076E-3,9.802466898445E-2));
#3643=AXIS2_PLACEMENT_3D('',#3640,#3641,#3642);
#3645=CARTESIAN_POINT('',(7.405E1,1.985026823045E1,7.977308791231E0));
#3646=DIRECTION('',(-3.692300465374E-9,6.402624786719E-2,-9.979482148809E-1));
#3647=DIRECTION('',(5.968558980385E-13,9.979482148809E-1,6.402624786719E-2));
#3648=AXIS2_PLACEMENT_3D('',#3645,#3646,#3647);
#3650=DIRECTION('',(0.E0,-9.979482151128E-1,-6.402624425332E-2));
#3651=VECTOR('',#3650,1.299999999995E0);
#3652=CARTESIAN_POINT('',(7.455E1,1.985026823027E1,7.977308794087E0));
#3653=LINE('',#3652,#3651);
#3654=DIRECTION('',(1.093142670405E-14,9.979482146546E-1,6.402625139540E-2));
#3655=VECTOR('',#3654,1.299999999995E0);
#3656=CARTESIAN_POINT('',(6.945E1,1.855293555028E1,7.894074682021E0));
#3657=LINE('',#3656,#3655);
#3658=CARTESIAN_POINT('',(7.2E1,2.034924233741E1,8.009321922719E0));
#3659=DIRECTION('',(0.E0,-9.979482148809E-1,-6.402624786719E-2));
#3660=DIRECTION('',(-1.E0,-1.141946158230E-10,1.779911286110E-9));
#3661=AXIS2_PLACEMENT_3D('',#3658,#3659,#3660);
#3663=CARTESIAN_POINT('',(7.2E1,2.034924233741E1,8.009321922719E0));
#3664=DIRECTION('',(0.E0,-9.979482148809E-1,-6.402624786719E-2));
#3665=DIRECTION('',(9.951641129308E-1,6.289055669721E-3,-9.802467094283E-2));
#3666=AXIS2_PLACEMENT_3D('',#3663,#3664,#3665);
#3668=CARTESIAN_POINT('',(7.2E1,2.034924233741E1,8.009321922719E0));
#3669=DIRECTION('',(0.E0,-9.979482148809E-1,-6.402624786719E-2));
#3670=DIRECTION('',(1.E0,1.206189619729E-11,-1.879957436336E-10));
#3671=AXIS2_PLACEMENT_3D('',#3668,#3669,#3670);
#3673=CARTESIAN_POINT('',(7.2E1,2.034924233741E1,8.009321922719E0));
#3674=DIRECTION('',(0.E0,-9.979482148809E-1,-6.402624786719E-2));
#3675=DIRECTION('',(-9.951641131245E-1,-6.289055544077E-3,9.802466898445E-2));
#3676=AXIS2_PLACEMENT_3D('',#3673,#3674,#3675);
#3678=CARTESIAN_POINT('',(8.E1,1.985026822997E1,7.977308798785E0));
#3679=DIRECTION('',(0.E0,-9.979482148809E-1,-6.402624786719E-2));
#3680=DIRECTION('',(-1.E0,-2.421320660313E-10,3.774006989274E-9));
#3681=AXIS2_PLACEMENT_3D('',#3678,#3679,#3680);
#3683=CARTESIAN_POINT('',(8.E1,1.985026822997E1,7.977308798785E0));
#3684=DIRECTION('',(0.E0,-9.979482148809E-1,-6.402624786719E-2));
#3685=DIRECTION('',(-9.947697185797E-1,6.539837595415E-3,-1.019334955797E-1));
#3686=AXIS2_PLACEMENT_3D('',#3683,#3684,#3685);
#3688=CARTESIAN_POINT('',(8.205E1,1.985026822946E1,7.977308806808E0));
#3689=DIRECTION('',(-3.921862931633E-9,-6.402624786719E-2,9.979482148809E-1));
#3690=DIRECTION('',(1.E0,-2.510986973903E-10,3.913816826184E-9));
#3691=AXIS2_PLACEMENT_3D('',#3688,#3689,#3690);
#3693=CARTESIAN_POINT('',(8.E1,2.034924233741E1,8.009321922719E0));
#3694=DIRECTION('',(0.E0,-9.979482148809E-1,-6.402624786719E-2));
#3695=DIRECTION('',(-1.E0,-1.137457607778E-10,1.772892510306E-9));
#3696=AXIS2_PLACEMENT_3D('',#3693,#3694,#3695);
#3698=CARTESIAN_POINT('',(8.E1,2.034924233741E1,8.009321922719E0));
#3699=DIRECTION('',(0.E0,-9.979482148809E-1,-6.402624786719E-2));
#3700=DIRECTION('',(-9.947697185797E-1,6.539837595414E-3,-1.019334955797E-1));
#3701=AXIS2_PLACEMENT_3D('',#3698,#3699,#3700);
#3703=CARTESIAN_POINT('',(8.E1,2.034924233741E1,8.009321922719E0));
#3704=DIRECTION('',(0.E0,-9.979482148809E-1,-6.402624786719E-2));
#3705=DIRECTION('',(1.E0,1.251248427363E-11,-1.950179855002E-10));
#3706=AXIS2_PLACEMENT_3D('',#3703,#3704,#3705);
#3708=CARTESIAN_POINT('',(8.E1,2.034924233741E1,8.009321922719E0));
#3709=DIRECTION('',(0.E0,-9.979482148809E-1,-6.402624786719E-2));
#3710=DIRECTION('',(9.947697187811E-1,-6.539837469820E-3,1.019334936221E-1));
#3711=AXIS2_PLACEMENT_3D('',#3708,#3709,#3710);
#3713=CARTESIAN_POINT('',(8.E1,1.985026822997E1,7.977308798785E0));
#3714=DIRECTION('',(0.E0,-9.979482148809E-1,-6.402624786719E-2));
#3715=DIRECTION('',(1.E0,0.E0,0.E0));
#3716=AXIS2_PLACEMENT_3D('',#3713,#3714,#3715);
#3718=CARTESIAN_POINT('',(8.E1,1.985026822997E1,7.977308798785E0));
#3719=DIRECTION('',(0.E0,-9.979482148809E-1,-6.402624786719E-2));
#3720=DIRECTION('',(9.947697187811E-1,-6.539837469820E-3,1.019334936221E-1));
#3721=AXIS2_PLACEMENT_3D('',#3718,#3719,#3720);
#3723=CARTESIAN_POINT('',(7.795E1,1.985026823023E1,7.977308794796E0));
#3724=DIRECTION('',(1.949966188519E-9,6.402624786719E-2,-9.979482148809E-1));
#3725=DIRECTION('',(-1.E0,1.248494641004E-10,-1.945965166783E-9));
#3726=AXIS2_PLACEMENT_3D('',#3723,#3724,#3725);
#3728=DIRECTION('',(0.E0,-9.979482146347E-1,-6.402625170574E-2));
#3729=VECTOR('',#3728,1.299999999995E0);
#3730=CARTESIAN_POINT('',(8.255E1,1.985026822965E1,7.977308803775E0));
#3731=LINE('',#3730,#3729);
#3732=DIRECTION('',(1.093142670405E-14,9.979482151651E-1,6.402624343817E-2));
#3733=VECTOR('',#3732,1.299999999995E0);
#3734=CARTESIAN_POINT('',(7.745E1,1.855293555011E1,7.894074684646E0));
#3735=LINE('',#3734,#3733);
#3736=DIRECTION('',(2.495781359355E-12,1.074951318132E-1,-9.942056108454E-1));
#3737=VECTOR('',#3736,4.000000000004E-1);
#3738=CARTESIAN_POINT('',(-1.064563634732E1,8.911519669009E0,
-5.296196076689E0));
#3739=LINE('',#3738,#3737);
#3740=DIRECTION('',(-3.863576125689E-12,-1.074951318280E-1,9.942056108438E-1));
#3741=VECTOR('',#3740,4.000000000006E-1);
#3742=CARTESIAN_POINT('',(-1.045218665053E1,9.148073732664E0,
-5.672950729510E0));
#3743=LINE('',#3742,#3741);
#3744=DIRECTION('',(9.999946591098E-1,3.249357182850E-3,3.513257970756E-4));
#3745=VECTOR('',#3744,9.778004223961E-1);
#3746=CARTESIAN_POINT('',(-1.162343154739E1,8.951340498908E0,
-5.694221847540E0));
#3747=LINE('',#3746,#3745);
#3748=CARTESIAN_POINT('',(-1.064563634732E1,8.911519669009E0,
-5.296196076689E0));
#3749=CARTESIAN_POINT('',(-1.063746182463E1,8.911546231151E0,
-5.296193204747E0));
#3750=CARTESIAN_POINT('',(-1.062114241564E1,8.913237711490E0,
-5.296010319134E0));
#3751=CARTESIAN_POINT('',(-1.058970272461E1,8.921975685919E0,
-5.295065555091E0));
#3752=CARTESIAN_POINT('',(-1.055204378487E1,8.941347928343E0,
-5.292970996651E0));
#3753=CARTESIAN_POINT('',(-1.051294177985E1,8.972883131007E0,
-5.289561359117E0));
#3754=CARTESIAN_POINT('',(-1.047191354944E1,9.023824145967E0,
-5.284053533514E0));
#3755=CARTESIAN_POINT('',(-1.045208004703E1,9.072574455199E0,
-5.278782570587E0));
#3756=CARTESIAN_POINT('',(-1.045218665053E1,9.105075679933E0,
-5.275268485172E0));
#3758=DIRECTION('',(-3.267555547235E-3,9.942003033047E-1,1.074945579535E-1));
#3759=VECTOR('',#3758,5.984496290389E-1);
#3760=CARTESIAN_POINT('',(-1.045218665053E1,9.105075679933E0,
-5.275268485172E0));
#3761=LINE('',#3760,#3759);
#3762=CARTESIAN_POINT('',(-1.037415906004E1,9.700311759136E0,
-5.210910589686E0));
#3763=DIRECTION('',(1.091719307547E-13,1.074951318135E-1,-9.942056108454E-1));
#3764=DIRECTION('',(-9.999947662037E-1,-3.216614743691E-3,-3.477856312634E-4));
#3765=AXIS2_PLACEMENT_3D('',#3762,#3763,#3764);
#3767=DIRECTION('',(8.643096103583E-1,5.000457882912E-1,5.406576601305E-2));
#3768=VECTOR('',#3767,9.917753716246E-1);
#3769=CARTESIAN_POINT('',(-1.041438453109E1,9.769043430009E0,
-5.203479209356E0));
#3770=LINE('',#3769,#3768);
#3771=CARTESIAN_POINT('',(-9.557183546073E0,1.026497652752E1,
-5.149858114176E0));
#3772=CARTESIAN_POINT('',(-9.532549146985E0,1.028026964135E1,
-5.148204597771E0));
#3773=CARTESIAN_POINT('',(-9.489073508169E0,1.032162783971E1,
-5.143732881927E0));
#3774=CARTESIAN_POINT('',(-9.446376879624E0,1.039774187187E1,
-5.135503308656E0));
#3775=CARTESIAN_POINT('',(-9.434219097467E0,1.045609673953E1,
-5.129193885210E0));
#3776=CARTESIAN_POINT('',(-9.434313040816E0,1.048469427767E1,
-5.126101872754E0));
#3778=DIRECTION('',(-3.267032210963E-3,9.942003050047E-1,1.074945581374E-1));
#3779=VECTOR('',#3778,2.174463793440E0);
#3780=CARTESIAN_POINT('',(-9.434313040816E0,1.048469427767E1,
-5.126101872754E0));
#3781=LINE('',#3780,#3779);
#3782=CARTESIAN_POINT('',(-9.441417084071E0,1.264654684433E1,
-4.892358848092E0));
#3783=CARTESIAN_POINT('',(-9.441523974954E0,1.267906967077E1,
-4.888842427065E0));
#3784=CARTESIAN_POINT('',(-9.468661288769E0,1.274459877950E1,
-4.881757312977E0));
#3785=CARTESIAN_POINT('',(-9.526659920898E0,1.280165940983E1,
-4.875587824582E0));
#3786=CARTESIAN_POINT('',(-9.580167871379E0,1.282878561992E1,
-4.872654894515E0));
#3787=CARTESIAN_POINT('',(-9.611642984460E0,1.283730363199E1,
-4.871733913161E0));
#3788=CARTESIAN_POINT('',(-9.627964985965E0,1.283888874543E1,
-4.871562528110E0));
#3789=CARTESIAN_POINT('',(-9.636134989033E0,1.283886219909E1,
-4.871565398343E0));
#3791=DIRECTION('',(-9.999946591980E-1,-3.249330358036E-3,-3.513228966735E-4));
#3792=VECTOR('',#3791,9.777795741757E-1);
#3793=CARTESIAN_POINT('',(-9.636134989033E0,1.283886219909E1,
-4.871565398343E0));
#3794=LINE('',#3793,#3792);
#3795=CARTESIAN_POINT('',(-1.061390934108E1,1.283568507024E1,
-4.871908914696E0));
#3796=CARTESIAN_POINT('',(-1.062208419160E1,1.283565850678E1,
-4.871911786779E0));
#3797=CARTESIAN_POINT('',(-1.063840506569E1,1.283396567871E1,
-4.872094818112E0));
#3798=CARTESIAN_POINT('',(-1.066984107281E1,1.282523441200E1,
-4.873038856905E0));
#3799=CARTESIAN_POINT('',(-1.072317851790E1,1.279774389808E1,
-4.876011176097E0));
#3800=CARTESIAN_POINT('',(-1.078078928749E1,1.274030370879E1,
-4.882221703025E0));
#3801=CARTESIAN_POINT('',(-1.080747598667E1,1.267461337435E1,
-4.889324249101E0));
#3802=CARTESIAN_POINT('',(-1.080736917039E1,1.264210825418E1,
-4.892838755698E0));
#3804=DIRECTION('',(3.267412997537E-3,-9.942003037678E-1,-1.074945580037E-1));
#3805=VECTOR('',#3804,1.424146491586E0);
#3806=CARTESIAN_POINT('',(-1.080736917039E1,1.264210825418E1,
-4.892838755698E0));
#3807=LINE('',#3806,#3805);
#3808=CARTESIAN_POINT('',(-1.080271589563E1,1.122622137963E1,
-5.045926753343E0));
#3809=CARTESIAN_POINT('',(-1.080253922073E1,1.117246520882E1,
-5.051738958188E0));
#3810=CARTESIAN_POINT('',(-1.083847192440E1,1.106568297094E1,
-5.063284427869E0));
#3811=CARTESIAN_POINT('',(-1.095463288326E1,1.098438058003E1,
-5.072074974947E0));
#3812=CARTESIAN_POINT('',(-1.106212509568E1,1.096526304377E1,
-5.074141994140E0));
#3813=CARTESIAN_POINT('',(-1.114776585102E1,1.096475900116E1,
-5.074196492049E0));
#3814=CARTESIAN_POINT('',(-1.123256599023E1,1.096636341875E1,
-5.074023019802E0));
#3815=CARTESIAN_POINT('',(-1.133637481275E1,1.098660245936E1,
-5.071834741730E0));
#3816=CARTESIAN_POINT('',(-1.144644118265E1,1.106870181308E1,
-5.062958025734E0));
#3817=CARTESIAN_POINT('',(-1.148128158378E1,1.117137256123E1,
-5.051857097027E0));
#3818=CARTESIAN_POINT('',(-1.148145467805E1,1.122401590795E1,
-5.046165212538E0));
#3820=DIRECTION('',(-3.268019626718E-3,9.942003017969E-1,1.074945577907E-1));
#3821=VECTOR('',#3820,1.424146489343E0);
#3822=CARTESIAN_POINT('',(-1.148145467805E1,1.122401590795E1,
-5.046165212538E0));
#3823=LINE('',#3822,#3821);
#3824=CARTESIAN_POINT('',(-1.148610881673E1,1.263990277745E1,
-4.893077215437E0));
#3825=CARTESIAN_POINT('',(-1.148621570763E1,1.267242561228E1,
-4.889560793503E0));
#3826=CARTESIAN_POINT('',(-1.151335296456E1,1.273795476058E1,
-4.882475675136E0));
#3827=CARTESIAN_POINT('',(-1.157135162711E1,1.279501542226E1,
-4.876306183352E0));
#3828=CARTESIAN_POINT('',(-1.162485958925E1,1.282214164472E1,
-4.873373251947E0));
#3829=CARTESIAN_POINT('',(-1.165633470919E1,1.283065966153E1,
-4.872452270078E0));
#3830=CARTESIAN_POINT('',(-1.167265671637E1,1.283224477598E1,
-4.872280884921E0));
#3831=CARTESIAN_POINT('',(-1.168082672085E1,1.283221822983E1,
-4.872283755133E0));
#3833=DIRECTION('',(-9.999946591980E-1,-3.249330357145E-3,-3.513228972073E-4));
#3834=VECTOR('',#3833,9.778004264452E-1);
#3835=CARTESIAN_POINT('',(-1.168082672085E1,1.283221822983E1,
-4.872283755133E0));
#3836=LINE('',#3835,#3834);
#3837=CARTESIAN_POINT('',(-1.265862192506E1,1.282904103322E1,
-4.872627278812E0));
#3838=CARTESIAN_POINT('',(-1.266270979969E1,1.282902775018E1,
-4.872628714996E0));
#3839=CARTESIAN_POINT('',(-1.267087528109E1,1.282859359017E1,
-4.872675657085E0));
#3840=CARTESIAN_POINT('',(-1.268706179771E1,1.282622648194E1,
-4.872931592687E0));
#3841=CARTESIAN_POINT('',(-1.271456294476E1,1.281857323028E1,
-4.873759074736E0));
#3842=CARTESIAN_POINT('',(-1.276753567951E1,1.279143092513E1,
-4.876693745027E0));
#3843=CARTESIAN_POINT('',(-1.282683214373E1,1.273169443315E1,
-4.883152551947E0));
#3844=CARTESIAN_POINT('',(-1.285218861775E1,1.266796934078E1,
-4.890042612846E0));
#3845=CARTESIAN_POINT('',(-1.285208200285E1,1.263546421379E1,
-4.893557120179E0));
#3847=DIRECTION('',(3.267555547523E-3,-9.942003033047E-1,-1.074945579534E-1));
#3848=VECTOR('',#3847,2.174442795934E0);
#3849=CARTESIAN_POINT('',(-1.285208200285E1,1.263546421379E1,
-4.893557120179E0));
#3850=LINE('',#3849,#3848);
#3851=CARTESIAN_POINT('',(-1.284497689023E1,1.047363252655E1,
-5.127297887323E0));
#3852=CARTESIAN_POINT('',(-1.284488002115E1,1.044415880835E1,
-5.130484633796E0));
#3853=CARTESIAN_POINT('',(-1.283159662511E1,1.038425750449E1,
-5.136961260444E0));
#3854=CARTESIAN_POINT('',(-1.278638813049E1,1.030700217740E1,
-5.145314232383E0));
#3855=CARTESIAN_POINT('',(-1.274057075676E1,1.026591351322E1,
-5.149756805754E0));
#3856=CARTESIAN_POINT('',(-1.271484502245E1,1.025125827072E1,
-5.151341354471E0));
#3858=DIRECTION('',(8.676791713061E-1,-4.942440543660E-1,-5.343847308153E-2));
#3859=VECTOR('',#3858,9.848287427618E-1);
#3860=CARTESIAN_POINT('',(-1.271484502245E1,1.025125827072E1,
-5.151341354471E0));
#3861=LINE('',#3860,#3859);
#3862=CARTESIAN_POINT('',(-1.190008828494E1,9.695513042716E0,
-5.211429434731E0));
#3863=DIRECTION('',(2.035408878476E-14,1.074951318134E-1,-9.942056108454E-1));
#3864=DIRECTION('',(4.970866458779E-1,8.626731116965E-1,9.327362352627E-2));
#3865=AXIS2_PLACEMENT_3D('',#3862,#3863,#3864);
#3867=DIRECTION('',(3.267555553905E-3,-9.942003033046E-1,-1.074945579536E-1));
#3868=VECTOR('',#3867,5.986100191842E-1);
#3869=CARTESIAN_POINT('',(-1.182010538002E1,9.695775417707E0,
-5.211401066319E0));
#3870=LINE('',#3869,#3868);
#3871=CARTESIAN_POINT('',(-1.181814938853E1,9.100637155073E0,
-5.275748385717E0));
#3872=CARTESIAN_POINT('',(-1.181804251259E1,9.068118678634E0,
-5.279264336415E0));
#3873=CARTESIAN_POINT('',(-1.179090596546E1,9.002595605651E0,
-5.286348797910E0));
#3874=CARTESIAN_POINT('',(-1.173290769133E1,8.945542796651E0,
-5.292517440650E0));
#3875=CARTESIAN_POINT('',(-1.167940027069E1,8.918418691924E0,
-5.295450143083E0));
#3876=CARTESIAN_POINT('',(-1.164792418838E1,8.909900959639E0,
-5.296371094186E0));
#3877=CARTESIAN_POINT('',(-1.163160176370E1,8.908315951655E0,
-5.296542467833E0));
#3878=CARTESIAN_POINT('',(-1.162343154739E1,8.908342446183E0,
-5.296539603202E0));
#3880=DIRECTION('',(9.999946591098E-1,3.249357182793E-3,3.513257974047E-4));
#3881=VECTOR('',#3880,9.778004223951E-1);
#3882=CARTESIAN_POINT('',(-1.162343154739E1,8.908342446183E0,
-5.296539603202E0));
#3883=LINE('',#3882,#3881);
#3884=DIRECTION('',(-3.267555547200E-3,9.942003033047E-1,1.074945579534E-1));
#3885=VECTOR('',#3884,5.984496307585E-1);
#3886=CARTESIAN_POINT('',(-1.045218665053E1,9.148073732664E0,
-5.672950729510E0));
#3887=LINE('',#3886,#3885);
#3888=DIRECTION('',(-1.013411576876E-11,1.074951361019E-1,-9.942056103817E-1));
#3889=VECTOR('',#3888,4.000000000007E-1);
#3890=CARTESIAN_POINT('',(-1.045414211794E1,9.700054482636E0,
-5.210938406841E0));
#3891=LINE('',#3890,#3889);
#3892=DIRECTION('',(2.532360987568E-9,-1.074951303528E-1,9.942056110033E-1));
#3893=VECTOR('',#3892,4.000000000007E-1);
#3894=CARTESIAN_POINT('',(-1.041438453210E1,9.812041482151E0,
-5.601161453758E0));
#3895=LINE('',#3894,#3893);
#3896=DIRECTION('',(-3.881339694089E-12,1.074951318158E-1,-9.942056108451E-1));
#3897=VECTOR('',#3896,4.000000000001E-1);
#3898=CARTESIAN_POINT('',(-9.557183546073E0,1.026497652752E1,
-5.149858114176E0));
#3899=LINE('',#3898,#3897);
#3900=DIRECTION('',(3.383515689846E-11,1.074951217022E-1,-9.942056119386E-1));
#3901=VECTOR('',#3900,4.000000000002E-1);
#3902=CARTESIAN_POINT('',(-9.434313040816E0,1.048469427767E1,
-5.126101872754E0));
#3903=LINE('',#3902,#3901);
#3904=DIRECTION('',(-3.267032210964E-3,9.942003050047E-1,1.074945581374E-1));
#3905=VECTOR('',#3904,2.174463794791E0);
#3906=CARTESIAN_POINT('',(-9.434313040802E0,1.052769232635E1,
-5.523784117530E0));
#3907=LINE('',#3906,#3905);
#3908=DIRECTION('',(2.279954003368E-11,1.074951250597E-1,-9.942056115756E-1));
#3909=VECTOR('',#3908,4.000000000004E-1);
#3910=CARTESIAN_POINT('',(-9.441417084071E0,1.264654684433E1,
-4.892358848092E0));
#3911=LINE('',#3910,#3909);
#3912=DIRECTION('',(1.331047272399E-8,1.074951318610E-1,-9.942056108402E-1));
#3913=VECTOR('',#3912,4.000000000007E-1);
#3914=CARTESIAN_POINT('',(-9.636134989033E0,1.283886219909E1,
-4.871565398343E0));
#3915=LINE('',#3914,#3913);
#3916=DIRECTION('',(-9.999946591980E-1,-3.249330358014E-3,-3.513228968510E-4));
#3917=VECTOR('',#3916,9.777795755069E-1);
#3918=CARTESIAN_POINT('',(-9.636134983708E0,1.288186025183E1,
-5.269247642680E0));
#3919=LINE('',#3918,#3917);
#3920=DIRECTION('',(9.982334958613E-9,1.074951318502E-1,-9.942056108414E-1));
#3921=VECTOR('',#3920,4.000000000009E-1);
#3922=CARTESIAN_POINT('',(-1.061390934108E1,1.283568507024E1,
-4.871908914696E0));
#3923=LINE('',#3922,#3921);
#3924=DIRECTION('',(-4.438227563235E-11,1.074951453226E-1,-9.942056093847E-1));
#3925=VECTOR('',#3924,4.000000000006E-1);
#3926=CARTESIAN_POINT('',(-1.080736917039E1,1.264210825418E1,
-4.892838755698E0));
#3927=LINE('',#3926,#3925);
#3928=DIRECTION('',(3.267412997542E-3,-9.942003037678E-1,-1.074945580036E-1));
#3929=VECTOR('',#3928,1.424146492949E0);
#3930=CARTESIAN_POINT('',(-1.080736917040E1,1.268510631231E1,
-5.290520999452E0));
#3931=LINE('',#3930,#3929);
#3932=DIRECTION('',(-3.324895914143E-11,1.074951419349E-1,-9.942056097510E-1));
#3933=VECTOR('',#3932,4.000000000005E-1);
#3934=CARTESIAN_POINT('',(-1.080271589563E1,1.122622137963E1,
-5.045926753343E0));
#3935=LINE('',#3934,#3933);
#3936=DIRECTION('',(6.369127447667E-11,1.074951116136E-1,-9.942056130294E-1));
#3937=VECTOR('',#3936,4.000000000001E-1);
#3938=CARTESIAN_POINT('',(-1.148145467805E1,1.122401590795E1,
-5.046165212538E0));
#3939=LINE('',#3938,#3937);
#3940=DIRECTION('',(-3.268019626717E-3,9.942003017969E-1,1.074945577905E-1));
#3941=VECTOR('',#3940,1.424146494758E0);
#3942=CARTESIAN_POINT('',(-1.148145467802E1,1.126701395259E1,
-5.443847457750E0));
#3943=LINE('',#3942,#3941);
#3944=DIRECTION('',(1.945110739141E-11,1.074951250734E-1,-9.942056115741E-1));
#3945=VECTOR('',#3944,4.000000000004E-1);
#3946=CARTESIAN_POINT('',(-1.148610881673E1,1.263990277745E1,
-4.893077215437E0));
#3947=LINE('',#3946,#3945);
#3948=DIRECTION('',(1.996450560421E-8,1.074951318821E-1,-9.942056108379E-1));
#3949=VECTOR('',#3948,4.000000000011E-1);
#3950=CARTESIAN_POINT('',(-1.168082672085E1,1.283221822983E1,
-4.872283755133E0));
#3951=LINE('',#3950,#3949);
#3952=DIRECTION('',(-9.999946591980E-1,-3.249330357174E-3,-3.513228968901E-4));
#3953=VECTOR('',#3952,9.778004344269E-1);
#3954=CARTESIAN_POINT('',(-1.168082671287E1,1.287521628258E1,
-5.269965999469E0));
#3955=LINE('',#3954,#3953);
#3956=DIRECTION('',(-6.843414723785E-12,-1.074951318457E-1,9.942056108419E-1));
#3957=VECTOR('',#3956,4.000000000002E-1);
#3958=CARTESIAN_POINT('',(-1.285208200285E1,1.267846226653E1,
-5.291239364516E0));
#3959=LINE('',#3958,#3957);
#3960=DIRECTION('',(1.031175145270E-11,1.074951318173E-1,-9.942056108450E-1));
#3961=VECTOR('',#3960,4.000000000007E-1);
#3962=CARTESIAN_POINT('',(-1.265862192506E1,1.282904103322E1,
-4.872627278812E0));
#3963=LINE('',#3962,#3961);
#3964=DIRECTION('',(3.267555547523E-3,-9.942003033047E-1,-1.074945579535E-1));
#3965=VECTOR('',#3964,2.174442796299E0);
#3966=CARTESIAN_POINT('',(-1.285208200285E1,1.267846226653E1,
-5.291239364516E0));
#3967=LINE('',#3966,#3965);
#3968=DIRECTION('',(9.823253321874E-12,1.074951309385E-1,-9.942056109400E-1));
#3969=VECTOR('',#3968,4.000000000004E-1);
#3970=CARTESIAN_POINT('',(-1.284497689023E1,1.047363252655E1,
-5.127297887323E0));
#3971=LINE('',#3970,#3969);
#3972=DIRECTION('',(8.260059303205E-12,-1.074951318176E-1,9.942056108449E-1));
#3973=VECTOR('',#3972,4.000000000003E-1);
#3974=CARTESIAN_POINT('',(-1.271484502246E1,1.029425632345E1,
-5.549023598809E0));
#3975=LINE('',#3974,#3973);
#3976=DIRECTION('',(4.387388230498E-9,1.074951293138E-1,-9.942056111156E-1));
#3977=VECTOR('',#3976,4.E-1);
#3978=CARTESIAN_POINT('',(-1.186032963505E1,9.764512520041E0,
-5.203969098731E0));
#3979=LINE('',#3978,#3977);
#3980=DIRECTION('',(8.908429549581E-12,-1.074951352708E-1,9.942056104716E-1));
#3981=VECTOR('',#3980,4.000000000005E-1);
#3982=CARTESIAN_POINT('',(-1.182010538003E1,9.738773471815E0,
-5.609083310508E0));
#3983=LINE('',#3982,#3981);
#3984=DIRECTION('',(3.267555553909E-3,-9.942003033046E-1,-1.074945579537E-1));
#3985=VECTOR('',#3984,5.986100199847E-1);
#3986=CARTESIAN_POINT('',(-1.182010538003E1,9.738773471815E0,
-5.609083310508E0));
#3987=LINE('',#3986,#3985);
#3988=DIRECTION('',(-2.362554596399E-12,1.074951332811E-1,-9.942056106867E-1));
#3989=VECTOR('',#3988,4.000000000006E-1);
#3990=CARTESIAN_POINT('',(-1.181814938853E1,9.100637155073E0,
-5.275748385717E0));
#3991=LINE('',#3990,#3989);
#3992=DIRECTION('',(-1.021405182655E-13,-1.074951318131E-1,9.942056108454E-1));
#3993=VECTOR('',#3992,4.000000000001E-1);
#3994=CARTESIAN_POINT('',(-1.162343154739E1,8.951340498908E0,
-5.694221847540E0));
#3995=LINE('',#3994,#3993);
#3996=DIRECTION('',(-1.426162743455E-8,1.074951317668E-1,-9.942056108504E-1));
#3997=VECTOR('',#3996,4.000000000005E-1);
#3998=CARTESIAN_POINT('',(-8.552120681570E0,8.918322312109E0,
-5.295460563824E0));
#3999=LINE('',#3998,#3997);
#4000=DIRECTION('',(9.999946591992E-1,3.249329977469E-3,3.513228553526E-4));
#4001=VECTOR('',#4000,9.777899826194E-1);
#4002=CARTESIAN_POINT('',(-8.552120687275E0,8.961320364816E0,
-5.693142808165E0));
#4003=LINE('',#4002,#4001);
#4004=DIRECTION('',(-2.432276602346E-11,1.074951390356E-1,-9.942056100645E-1));
#4005=VECTOR('',#4004,4.000000000005E-1);
#4006=CARTESIAN_POINT('',(-8.746848966888E0,9.110616955894E0,
-5.274669353379E0));
#4007=LINE('',#4006,#4005);
#4008=DIRECTION('',(-4.804157072156E-11,1.074951462532E-1,-9.942056092841E-1));
#4009=VECTOR('',#4008,4.000000000001E-1);
#4010=CARTESIAN_POINT('',(-8.758477434648E0,1.264880741473E1,
-4.892114431535E0));
#4011=LINE('',#4010,#4009);
#4012=DIRECTION('',(3.267496849388E-3,-9.942003034954E-1,-1.074945579743E-1));
#4013=VECTOR('',#4012,3.558830599114E0);
#4014=CARTESIAN_POINT('',(-8.758477434667E0,1.269180547324E1,
-5.289796675249E0));
#4015=LINE('',#4014,#4013);
#4016=DIRECTION('',(1.069540012111E-8,1.074951318431E-1,-9.942056108422E-1));
#4017=VECTOR('',#4016,3.999999999999E-1);
#4018=CARTESIAN_POINT('',(-8.565017504520E0,1.284236345530E1,
-4.871186836813E0));
#4019=LINE('',#4018,#4017);
#4020=DIRECTION('',(1.426925910763E-8,1.074951318547E-1,-9.942056108409E-1));
#4021=VECTOR('',#4020,4.000000000002E-1);
#4022=CARTESIAN_POINT('',(-7.587243190679E0,1.284554058381E1,
-4.870843320498E0));
#4023=LINE('',#4022,#4021);
#4024=DIRECTION('',(-9.999946591987E-1,-3.249330129355E-3,-3.513228716682E-4));
#4025=VECTOR('',#4024,9.777795373966E-1);
#4026=CARTESIAN_POINT('',(-7.587243184971E0,1.288853863655E1,
-5.268525564835E0));
#4027=LINE('',#4026,#4025);
#4028=DIRECTION('',(3.534728065800E-11,1.074951209783E-1,-9.942056120169E-1));
#4029=VECTOR('',#4028,4.000000000002E-1);
#4030=CARTESIAN_POINT('',(-7.392525353603E0,1.265324590747E1,
-4.891634534463E0));
#4031=LINE('',#4030,#4029);
#4032=DIRECTION('',(4.720446256100E-11,1.074951173744E-1,-9.942056124065E-1));
#4033=VECTOR('',#4032,4.000000000001E-1);
#4034=CARTESIAN_POINT('',(-7.389126001460E0,1.161913855153E1,
-5.003443908021E0));
#4035=LINE('',#4034,#4033);
#4036=DIRECTION('',(-3.268168344499E-3,9.942003013137E-1,1.074945577385E-1));
#4037=VECTOR('',#4036,1.040139855139E0);
#4038=CARTESIAN_POINT('',(-7.389126001441E0,1.166213659847E1,
-5.401126152984E0));
#4039=LINE('',#4038,#4037);
#4040=DIRECTION('',(-3.527622638441E-11,1.074951426587E-1,-9.942056096728E-1));
#4041=VECTOR('',#4040,4.000000000003E-1);
#4042=CARTESIAN_POINT('',(-6.710376747498E0,1.162134406350E1,
-5.003205444470E0));
#4043=LINE('',#4042,#4041);
#4044=DIRECTION('',(-2.342126492748E-11,1.074951390519E-1,-9.942056100627E-1));
#4045=VECTOR('',#4044,4.000000000002E-1);
#4046=CARTESIAN_POINT('',(-6.713775265228E0,1.265545141559E1,
-4.891396071329E0));
#4047=LINE('',#4046,#4045);
#4048=DIRECTION('',(3.267366152278E-3,-9.942003039199E-1,-1.074945580206E-1));
#4049=VECTOR('',#4048,1.040139845627E0);
#4050=CARTESIAN_POINT('',(-6.713775265238E0,1.269844947121E1,
-5.289078315354E0));
#4051=LINE('',#4050,#4049);
#4052=DIRECTION('',(-2.202682480855E-12,1.074951318173E-1,-9.942056108450E-1));
#4053=VECTOR('',#4052,4.000000000003E-1);
#4054=CARTESIAN_POINT('',(-6.520325764691E0,1.284900742457E1,
-4.870468480021E0));
#4055=LINE('',#4054,#4053);
#4056=DIRECTION('',(9.999946591992E-1,3.249329977493E-3,3.513228553351E-4));
#4057=VECTOR('',#4056,9.777899769141E-1);
#4058=CARTESIAN_POINT('',(-8.552120681570E0,8.918322312109E0,
-5.295460563824E0));
#4059=LINE('',#4058,#4057);
#4060=CARTESIAN_POINT('',(-7.574335926838E0,8.921499474393E0,
-5.295117043857E0));
#4061=CARTESIAN_POINT('',(-7.566160856855E0,8.921526038247E0,
-5.295114171730E0));
#4062=CARTESIAN_POINT('',(-7.549839538817E0,8.923218802042E0,
-5.294931147349E0));
#4063=CARTESIAN_POINT('',(-7.518402537180E0,8.931949781138E0,
-5.293987139652E0));
#4064=CARTESIAN_POINT('',(-7.465065652894E0,8.959438172865E0,
-5.291015049916E0));
#4065=CARTESIAN_POINT('',(-7.407455233126E0,9.016870487546E0,
-5.284805374402E0));
#4066=CARTESIAN_POINT('',(-7.380769178687E0,9.082554712726E0,
-5.277703488869E0));
#4067=CARTESIAN_POINT('',(-7.380875977021E0,9.115055516930E0,
-5.274189448922E0));
#4069=DIRECTION('',(-3.267366955011E-3,9.942003039173E-1,1.074945580199E-1));
#4070=VECTOR('',#4069,1.040139844821E0);
#4071=CARTESIAN_POINT('',(-7.380875977021E0,9.115055516930E0,
-5.274189448922E0));
#4072=LINE('',#4071,#4070);
#4073=CARTESIAN_POINT('',(-7.384274495578E0,1.014916286677E1,
-5.162380076024E0));
#4074=CARTESIAN_POINT('',(-7.384451174675E0,1.020292022422E1,
-5.156567742879E0));
#4075=CARTESIAN_POINT('',(-7.348520697720E0,1.030970448518E1,
-5.145022054461E0));
#4076=CARTESIAN_POINT('',(-7.232362533453E0,1.039101597152E1,
-5.136230523969E0));
#4077=CARTESIAN_POINT('',(-7.124868438786E0,1.041014035042E1,
-5.134162764938E0));
#4078=CARTESIAN_POINT('',(-7.039225520549E0,1.041064679362E1,
-5.134108007473E0));
#4079=CARTESIAN_POINT('',(-6.954423156317E0,1.040903967742E1,
-5.134281771497E0));
#4080=CARTESIAN_POINT('',(-6.850612216118E0,1.038879395277E1,
-5.136470772259E0));
#4081=CARTESIAN_POINT('',(-6.740547453658E0,1.030668654791E1,
-5.145348358759E0));
#4082=CARTESIAN_POINT('',(-6.705708810457E0,1.020401302682E1,
-5.156449587280E0));
#4083=CARTESIAN_POINT('',(-6.705535688864E0,1.015136834784E1,
-5.162141615814E0));
#4085=DIRECTION('',(3.268167665934E-3,-9.942003013159E-1,-1.074945577390E-1));
#4086=VECTOR('',#4085,1.040139852528E0);
#4087=CARTESIAN_POINT('',(-6.705535688864E0,1.015136834784E1,
-5.162141615814E0));
#4088=LINE('',#4087,#4086);
#4089=CARTESIAN_POINT('',(-6.702136337429E0,9.117260993050E0,
-5.273950989248E0));
#4090=CARTESIAN_POINT('',(-6.702029462224E0,9.084742952710E0,
-5.277466892794E0));
#4091=CARTESIAN_POINT('',(-6.674891810525E0,9.019219383859E0,
-5.284551407903E0));
#4092=CARTESIAN_POINT('',(-6.616890605592E0,8.962167435483E0,
-5.290719957591E0));
#4093=CARTESIAN_POINT('',(-6.563380563278E0,8.935042913247E0,
-5.293652705164E0));
#4094=CARTESIAN_POINT('',(-6.531902319695E0,8.926524897716E0,
-5.294573686894E0));
#4095=CARTESIAN_POINT('',(-6.515578808206E0,8.924939800516E0,
-5.294745070188E0));
#4096=CARTESIAN_POINT('',(-6.507408052113E0,8.924966349267E0,
-5.294742199693E0));
#4098=DIRECTION('',(9.999946591992E-1,3.249329971828E-3,3.513228551539E-4));
#4099=VECTOR('',#4098,9.777795358678E-1);
#4100=CARTESIAN_POINT('',(-6.507408052113E0,8.924966349267E0,
-5.294742199693E0));
#4101=LINE('',#4100,#4099);
#4102=CARTESIAN_POINT('',(-5.529633738370E0,8.928143477619E0,
-5.294398683395E0));
#4103=CARTESIAN_POINT('',(-5.521459217003E0,8.928170040022E0,
-5.294395811425E0));
#4104=CARTESIAN_POINT('',(-5.505138997941E0,8.929862744815E0,
-5.294212793422E0));
#4105=CARTESIAN_POINT('',(-5.473704177327E0,8.938593397513E0,
-5.293268821016E0));
#4106=CARTESIAN_POINT('',(-5.420369887765E0,8.966081364026E0,
-5.290296777254E0));
#4107=CARTESIAN_POINT('',(-5.362762393634E0,9.023514522463E0,
-5.284087010513E0));
#4108=CARTESIAN_POINT('',(-5.336077445809E0,9.089198262203E0,
-5.276985177467E0));
#4109=CARTESIAN_POINT('',(-5.336184257368E0,9.121699483942E0,
-5.273471092376E0));
#4111=DIRECTION('',(-3.267496599546E-3,9.942003034962E-1,1.074945579744E-1));
#4112=VECTOR('',#4111,3.558830596200E0);
#4113=CARTESIAN_POINT('',(-5.336184257368E0,9.121699483942E0,
-5.273471092376E0));
#4114=LINE('',#4113,#4112);
#4115=CARTESIAN_POINT('',(-5.347812724240E0,1.265988994278E1,
-4.890916170531E0));
#4116=CARTESIAN_POINT('',(-5.347919600874E0,1.269240841812E1,
-4.887400219952E0));
#4117=CARTESIAN_POINT('',(-5.375056148108E0,1.275793148975E1,
-4.880315758604E0));
#4118=CARTESIAN_POINT('',(-5.433054420639E0,1.281498429156E1,
-4.874147116640E0));
#4119=CARTESIAN_POINT('',(-5.486561842388E0,1.284210840831E1,
-4.871214412910E0));
#4120=CARTESIAN_POINT('',(-5.518037920503E0,1.285062612144E1,
-4.870293463876E0));
#4121=CARTESIAN_POINT('',(-5.534360347229E0,1.285221116795E1,
-4.870122086063E0));
#4122=CARTESIAN_POINT('',(-5.542530561214E0,1.285218462095E1,
-4.870124956367E0));
#4124=DIRECTION('',(-9.999946591987E-1,-3.249330127557E-3,-3.513228719787E-4));
#4125=VECTOR('',#4124,9.778004257154E-1);
#4126=CARTESIAN_POINT('',(-5.542530561214E0,1.285218462095E1,
-4.870124956367E0));
#4127=LINE('',#4126,#4125);
#4128=CARTESIAN_POINT('',(-6.520325764691E0,1.284900742457E1,
-4.870468480021E0));
#4129=CARTESIAN_POINT('',(-6.528500287686E0,1.284898086248E1,
-4.870471351957E0));
#4130=CARTESIAN_POINT('',(-6.544820511541E0,1.284728815776E1,
-4.870654369952E0));
#4131=CARTESIAN_POINT('',(-6.576255332251E0,1.283855750455E1,
-4.871598342414E0));
#4132=CARTESIAN_POINT('',(-6.629589622784E0,1.281106953796E1,
-4.874570386185E0));
#4133=CARTESIAN_POINT('',(-6.687197117206E0,1.275363637771E1,
-4.880780153122E0));
#4134=CARTESIAN_POINT('',(-6.713882064860E0,1.268795263854E1,
-4.887881986106E0));
#4135=CARTESIAN_POINT('',(-6.713775265228E0,1.265545141559E1,
-4.891396071329E0));
#4137=DIRECTION('',(3.267366152279E-3,-9.942003039199E-1,-1.074945580205E-1));
#4138=VECTOR('',#4137,1.040139847078E0);
#4139=CARTESIAN_POINT('',(-6.713775265228E0,1.265545141559E1,
-4.891396071329E0));
#4140=LINE('',#4139,#4138);
#4141=CARTESIAN_POINT('',(-6.710376747498E0,1.162134406350E1,
-5.003205444470E0));
#4142=CARTESIAN_POINT('',(-6.710200071224E0,1.156758745080E1,
-5.009017697092E0));
#4143=CARTESIAN_POINT('',(-6.746137333002E0,1.146080368180E1,
-5.020563332320E0));
#4144=CARTESIAN_POINT('',(-6.862301894985E0,1.137950260390E1,
-5.029353737433E0));
#4145=CARTESIAN_POINT('',(-6.969797728527E0,1.136038533628E1,
-5.031420727580E0));
#4146=CARTESIAN_POINT('',(-7.055439748038E0,1.135988163660E1,
-5.031475188412E0));
#4147=CARTESIAN_POINT('',(-7.140240182121E0,1.136148654755E1,
-5.031301662823E0));
#4148=CARTESIAN_POINT('',(-7.244048011110E0,1.138172607074E1,
-5.029113332573E0));
#4149=CARTESIAN_POINT('',(-7.354112948128E0,1.146382552659E1,
-5.020236605532E0));
#4150=CARTESIAN_POINT('',(-7.388952885064E0,1.156649548574E1,
-5.009135762134E0));
#4151=CARTESIAN_POINT('',(-7.389126001460E0,1.161913855153E1,
-5.003443908021E0));
#4153=DIRECTION('',(-3.268168344497E-3,9.942003013137E-1,1.074945577386E-1));
#4154=VECTOR('',#4153,1.040139853690E0);
#4155=CARTESIAN_POINT('',(-7.389126001460E0,1.161913855153E1,
-5.003443908021E0));
#4156=LINE('',#4155,#4154);
#4157=CARTESIAN_POINT('',(-7.392525353603E0,1.265324590747E1,
-4.891634534463E0));
#4158=CARTESIAN_POINT('',(-7.392632230667E0,1.268576438238E1,
-4.888118583930E0));
#4159=CARTESIAN_POINT('',(-7.419768777822E0,1.275128745243E1,
-4.881034122753E0));
#4160=CARTESIAN_POINT('',(-7.477767050029E0,1.280834025452E1,
-4.874865480760E0));
#4161=CARTESIAN_POINT('',(-7.531274471849E0,1.283546437121E1,
-4.871932777035E0));
#4162=CARTESIAN_POINT('',(-7.562750549963E0,1.284398208431E1,
-4.871011828006E0));
#4163=CARTESIAN_POINT('',(-7.579072976696E0,1.284556713080E1,
-4.870840450194E0));
#4164=CARTESIAN_POINT('',(-7.587243190679E0,1.284554058381E1,
-4.870843320498E0));
#4166=DIRECTION('',(-9.999946591987E-1,-3.249330129330E-3,-3.513228719556E-4));
#4167=VECTOR('',#4166,9.777795359671E-1);
#4168=CARTESIAN_POINT('',(-7.587243190679E0,1.284554058381E1,
-4.870843320498E0));
#4169=LINE('',#4168,#4167);
#4170=CARTESIAN_POINT('',(-8.565017504520E0,1.284236345530E1,
-4.871186836813E0));
#4171=CARTESIAN_POINT('',(-8.573192572892E0,1.284233689112E1,
-4.871189708975E0));
#4172=CARTESIAN_POINT('',(-8.589513886158E0,1.284064412722E1,
-4.871372733369E0));
#4173=CARTESIAN_POINT('',(-8.620950887737E0,1.283191314852E1,
-4.872316741023E0));
#4174=CARTESIAN_POINT('',(-8.674287770998E0,1.280442475666E1,
-4.875288830774E0));
#4175=CARTESIAN_POINT('',(-8.731898190678E0,1.274699244369E1,
-4.881498506102E0));
#4176=CARTESIAN_POINT('',(-8.758584244854E0,1.268130821773E1,
-4.888600391719E0));
#4177=CARTESIAN_POINT('',(-8.758477434648E0,1.264880741473E1,
-4.892114431535E0));
#4179=DIRECTION('',(3.267496849388E-3,-9.942003034954E-1,-1.074945579742E-1));
#4180=VECTOR('',#4179,3.558830596210E0);
#4181=CARTESIAN_POINT('',(-8.758477434648E0,1.264880741473E1,
-4.892114431535E0));
#4182=LINE('',#4181,#4180);
#4183=CARTESIAN_POINT('',(-8.746848966888E0,9.110616955894E0,
-5.274669353379E0));
#4184=CARTESIAN_POINT('',(-8.746742091683E0,9.078098915554E0,
-5.278185256925E0));
#4185=CARTESIAN_POINT('',(-8.719604439978E0,9.012575346721E0,
-5.285269772032E0));
#4186=CARTESIAN_POINT('',(-8.661603234977E0,8.955523398388E0,
-5.291438321715E0));
#4187=CARTESIAN_POINT('',(-8.608093192709E0,8.928398876102E0,
-5.294371069295E0));
#4188=CARTESIAN_POINT('',(-8.576614949149E0,8.919880860552E0,
-5.295292051025E0));
#4189=CARTESIAN_POINT('',(-8.560291437659E0,8.918295763358E0,
-5.295463434318E0));
#4190=CARTESIAN_POINT('',(-8.552120681570E0,8.918322312109E0,
-5.295460563824E0));
#4192=DIRECTION('',(1.487698852996E-12,1.074951318131E-1,-9.942056108454E-1));
#4193=VECTOR('',#4192,4.000000000005E-1);
#4194=CARTESIAN_POINT('',(-7.574335926838E0,8.921499474393E0,
-5.295117043857E0));
#4195=LINE('',#4194,#4193);
#4196=DIRECTION('',(2.443378832593E-11,1.074951245836E-1,-9.942056116271E-1));
#4197=VECTOR('',#4196,4.000000000003E-1);
#4198=CARTESIAN_POINT('',(-7.380875977021E0,9.115055516930E0,
-5.274189448922E0));
#4199=LINE('',#4198,#4197);
#4200=DIRECTION('',(-3.267366955013E-3,9.942003039173E-1,1.074945580199E-1));
#4201=VECTOR('',#4200,1.040139844822E0);
#4202=CARTESIAN_POINT('',(-7.380875977011E0,9.158053566764E0,
-5.671871693573E0));
#4203=LINE('',#4202,#4201);
#4204=DIRECTION('',(2.442046564964E-11,1.074951245867E-1,-9.942056116267E-1));
#4205=VECTOR('',#4204,4.000000000003E-1);
#4206=CARTESIAN_POINT('',(-7.384274495578E0,1.014916286677E1,
-5.162380076024E0));
#4207=LINE('',#4206,#4205);
#4208=DIRECTION('',(-4.723998969776E-11,1.074951462552E-1,-9.942056092839E-1));
#4209=VECTOR('',#4208,4.000000000003E-1);
#4210=CARTESIAN_POINT('',(-6.705535688864E0,1.015136834784E1,
-5.162141615814E0));
#4211=LINE('',#4210,#4209);
#4212=DIRECTION('',(3.268167665935E-3,-9.942003013159E-1,-1.074945577388E-1));
#4213=VECTOR('',#4212,1.040139855434E0);
#4214=CARTESIAN_POINT('',(-6.705535688882E0,1.019436640635E1,
-5.559823859528E0));
#4215=LINE('',#4214,#4213);
#4216=DIRECTION('',(-2.349676009316E-11,1.074951390331E-1,-9.942056100648E-1));
#4217=VECTOR('',#4216,4.000000000001E-1);
#4218=CARTESIAN_POINT('',(-6.702136337429E0,9.117260993050E0,
-5.273950989248E0));
#4219=LINE('',#4218,#4217);
#4220=DIRECTION('',(-1.426190276988E-8,1.074951317675E-1,-9.942056108503E-1));
#4221=VECTOR('',#4220,3.999999999999E-1);
#4222=CARTESIAN_POINT('',(-6.507408052113E0,8.924966349267E0,
-5.294742199693E0));
#4223=LINE('',#4222,#4221);
#4224=DIRECTION('',(9.999946591992E-1,3.249329971852E-3,3.513228549801E-4));
#4225=VECTOR('',#4224,9.777795372946E-1);
#4226=CARTESIAN_POINT('',(-6.507408057817E0,8.967964401974E0,
-5.692424444033E0));
#4227=LINE('',#4226,#4225);
#4228=DIRECTION('',(-1.069497823636E-8,1.074951317791E-1,-9.942056108491E-1));
#4229=VECTOR('',#4228,4.000000000001E-1);
#4230=CARTESIAN_POINT('',(-5.529633738370E0,8.928143477619E0,
-5.294398683395E0));
#4231=LINE('',#4230,#4229);
#4232=DIRECTION('',(4.730438263320E-11,1.074951173732E-1,-9.942056124067E-1));
#4233=VECTOR('',#4232,4.000000000003E-1);
#4234=CARTESIAN_POINT('',(-5.336184257368E0,9.121699483942E0,
-5.273471092376E0));
#4235=LINE('',#4234,#4233);
#4236=DIRECTION('',(-3.267496599547E-3,9.942003034962E-1,1.074945579743E-1));
#4237=VECTOR('',#4236,3.558830599104E0);
#4238=CARTESIAN_POINT('',(-5.336184257349E0,9.164697530891E0,
-5.671153337338E0));
#4239=LINE('',#4238,#4237);
#4240=DIRECTION('',(2.356559392066E-11,1.074951245915E-1,-9.942056116262E-1));
#4241=VECTOR('',#4240,4.000000000005E-1);
#4242=CARTESIAN_POINT('',(-5.347812724240E0,1.265988994278E1,
-4.890916170531E0));
#4243=LINE('',#4242,#4241);
#4244=DIRECTION('',(1.424168338813E-8,1.074951318635E-1,-9.942056108400E-1));
#4245=VECTOR('',#4244,4.000000000007E-1);
#4246=CARTESIAN_POINT('',(-5.542530561214E0,1.285218462095E1,
-4.870124956367E0));
#4247=LINE('',#4246,#4245);
#4248=DIRECTION('',(-9.999946591987E-1,-3.249330127579E-3,-3.513228715884E-4));
#4249=VECTOR('',#4248,9.778004314130E-1);
#4250=CARTESIAN_POINT('',(-5.542530555517E0,1.289518267370E1,
-5.267807200704E0));
#4251=LINE('',#4250,#4249);
#4252=DIRECTION('',(2.857714065383E-12,1.074951311112E-1,-9.942056109213E-1));
#4253=VECTOR('',#4252,4.000000000003E-1);
#4254=CARTESIAN_POINT('',(-4.657727063753E0,1.050024004224E1,
-5.124421039340E0));
#4255=LINE('',#4254,#4253);
#4256=DIRECTION('',(9.481304630284E-12,-1.074951318219E-1,9.942056108445E-1));
#4257=VECTOR('',#4256,4.000000000006E-1);
#4258=CARTESIAN_POINT('',(-4.527602167831E0,1.032089643161E1,
-5.546143226874E0));
#4259=LINE('',#4258,#4257);
#4260=DIRECTION('',(3.267555549230E-3,-9.942003033047E-1,-1.074945579537E-1));
#4261=VECTOR('',#4260,1.630400305690E0);
#4262=CARTESIAN_POINT('',(-4.663054487318E0,1.216418257311E1,
-5.346844123561E0));
#4263=LINE('',#4262,#4261);
#4264=CARTESIAN_POINT('',(-4.657727063753E0,1.050024004224E1,
-5.124421039340E0));
#4265=CARTESIAN_POINT('',(-4.657630213211E0,1.047077194646E1,
-5.127607177908E0));
#4266=CARTESIAN_POINT('',(-4.644347332712E0,1.041088003663E1,
-5.134082788859E0));
#4267=CARTESIAN_POINT('',(-4.599140598177E0,1.033363640815E1,
-5.142434495924E0));
#4268=CARTESIAN_POINT('',(-4.553326500274E0,1.029255278011E1,
-5.146876524780E0));
#4269=CARTESIAN_POINT('',(-4.527602167827E0,1.027789837888E1,
-5.148460982536E0));
#4271=DIRECTION('',(8.676798037918E-1,-4.942429568233E-1,-5.343835441369E-2));
#4272=VECTOR('',#4271,8.924047478148E-1);
#4273=CARTESIAN_POINT('',(-4.527602167827E0,1.027789837888E1,
-5.148460982536E0));
#4274=LINE('',#4273,#4272);
#4275=CARTESIAN_POINT('',(-3.753280591340E0,9.836833617639E0,
-5.196149623730E0));
#4276=CARTESIAN_POINT('',(-3.727251488733E0,9.822006636311E0,
-5.197752741128E0));
#4277=CARTESIAN_POINT('',(-3.672133559422E0,9.797016855427E0,
-5.200454676986E0));
#4278=CARTESIAN_POINT('',(-3.599185282718E0,9.777853321897E0,
-5.202526669480E0));
#4279=CARTESIAN_POINT('',(-3.539321079018E0,9.770014623214E0,
-5.203374202363E0));
#4280=CARTESIAN_POINT('',(-3.509283521159E0,9.768729492148E0,
-5.203513152830E0));
#4281=CARTESIAN_POINT('',(-3.494263947492E0,9.768778431569E0,
-5.203507861420E0));
#4283=DIRECTION('',(9.999946591098E-1,3.249357172569E-3,3.513257956055E-4));
#4284=VECTOR('',#4283,8.036707448837E-1);
#4285=CARTESIAN_POINT('',(-3.494263947492E0,9.768778431569E0,
-5.203507861420E0));
#4286=LINE('',#4285,#4284);
#4287=CARTESIAN_POINT('',(-2.690329658490E0,9.691860891596E0,
-5.211824311265E0));
#4288=DIRECTION('',(-1.443289932013E-14,1.074951318136E-1,-9.942056108454E-1));
#4289=DIRECTION('',(-3.342033199464E-3,9.942000585962E-1,1.074945314954E-1));
#4290=AXIS2_PLACEMENT_3D('',#4287,#4288,#4289);
#4292=DIRECTION('',(3.267555968589E-3,-9.942003033033E-1,-1.074945579531E-1));
#4293=VECTOR('',#4292,5.648366703115E-1);
#4294=CARTESIAN_POINT('',(-2.610337199477E0,9.692127697630E0,
-5.211795463762E0));
#4295=LINE('',#4294,#4293);
#4296=CARTESIAN_POINT('',(-2.608491564044E0,9.130566908689E0,
-5.272512331952E0));
#4297=CARTESIAN_POINT('',(-2.608387717291E0,9.098043481706E0,
-5.276028817911E0));
#4298=CARTESIAN_POINT('',(-2.581249996591E0,9.032516348215E0,
-5.283113718434E0));
#4299=CARTESIAN_POINT('',(-2.523247472506E0,8.975458377495E0,
-5.289282919267E0));
#4300=CARTESIAN_POINT('',(-2.469738565482E0,8.948333639638E0,
-5.292215690155E0));
#4301=CARTESIAN_POINT('',(-2.438261615235E0,8.939815662636E0,
-5.293136667717E0));
#4302=CARTESIAN_POINT('',(-2.421938740627E0,8.938230612978E0,
-5.293308045871E0));
#4303=CARTESIAN_POINT('',(-2.413768299112E0,8.938257108233E0,
-5.293305181161E0));
#4305=DIRECTION('',(9.999946591098E-1,3.249357183031E-3,3.513257971134E-4));
#4306=VECTOR('',#4305,9.777798224633E-1);
#4307=CARTESIAN_POINT('',(-2.413768299112E0,8.938257108233E0,
-5.293305181161E0));
#4308=LINE('',#4307,#4306);
#4309=CARTESIAN_POINT('',(-1.435993698864E0,8.941434264123E0,
-5.292961661886E0));
#4310=CARTESIAN_POINT('',(-1.427818951619E0,8.941460827316E0,
-5.292958789830E0));
#4311=CARTESIAN_POINT('',(-1.411498277458E0,8.943153578799E0,
-5.292775766779E0));
#4312=CARTESIAN_POINT('',(-1.380062588979E0,8.951884472160E0,
-5.291831768352E0));
#4313=CARTESIAN_POINT('',(-1.326726813195E0,8.979373201105E0,
-5.288859642154E0));
#4314=CARTESIAN_POINT('',(-1.269117719454E0,9.036807951206E0,
-5.282649703319E0));
#4315=CARTESIAN_POINT('',(-1.242432033178E0,9.102493513693E0,
-5.275547673196E0));
#4316=CARTESIAN_POINT('',(-1.242538846602E0,9.134995630598E0,
-5.272033491318E0));
#4318=DIRECTION('',(-3.267486328631E-3,9.942003035295E-1,1.074945579778E-1));
#4319=VECTOR('',#4318,3.014756091837E0);
#4320=CARTESIAN_POINT('',(-1.242538846602E0,9.134995630598E0,
-5.272033491318E0));
#4321=LINE('',#4320,#4319);
#4322=CARTESIAN_POINT('',(-1.252389520916E0,1.213226705217E1,
-4.947963617815E0));
#4323=CARTESIAN_POINT('',(-1.252487653381E0,1.216212510025E1,
-4.944735316969E0));
#4324=CARTESIAN_POINT('',(-1.266139433622E0,1.222278165027E1,
-4.938177031873E0));
#4325=CARTESIAN_POINT('',(-1.312283315307E0,1.230070122334E1,
-4.929752240575E0));
#4326=CARTESIAN_POINT('',(-1.359098587317E0,1.234181676448E1,
-4.925306761224E0));
#4327=CARTESIAN_POINT('',(-1.385101982838E0,1.235658151926E1,
-4.923710371861E0));
#4329=DIRECTION('',(-8.679105237579E-1,4.938423758041E-1,5.339504293954E-2));
#4330=VECTOR('',#4329,8.891620453338E-1);
#4331=CARTESIAN_POINT('',(-1.385101982838E0,1.235658151926E1,
-4.923710371861E0));
#4332=LINE('',#4331,#4330);
#4333=CARTESIAN_POINT('',(-2.156815079309E0,1.279568741621E1,
-4.876233526270E0));
#4334=CARTESIAN_POINT('',(-2.182864149871E0,1.281052502372E1,
-4.874629259952E0));
#4335=CARTESIAN_POINT('',(-2.238002262298E0,1.283552904622E1,
-4.871925784267E0));
#4336=CARTESIAN_POINT('',(-2.310962221812E0,1.285471321196E1,
-4.869851560985E0));
#4337=CARTESIAN_POINT('',(-2.370806516071E0,1.286255493508E1,
-4.869003701094E0));
#4338=CARTESIAN_POINT('',(-2.400826136365E0,1.286384028788E1,
-4.868864726653E0));
#4339=CARTESIAN_POINT('',(-2.415834527268E0,1.286379152036E1,
-4.868869999477E0));
#4341=DIRECTION('',(-9.999946591209E-1,-3.249353793115E-3,-3.513254305470E-4));
#4342=VECTOR('',#4341,1.088598248258E0);
#4343=CARTESIAN_POINT('',(-2.415834527268E0,1.286379152036E1,
-4.868869999477E0));
#4344=LINE('',#4343,#4342);
#4345=CARTESIAN_POINT('',(-3.504426961455E0,1.286025427951E1,
-4.869252451726E0));
#4346=CARTESIAN_POINT('',(-3.519432641731E0,1.286020552043E1,
-4.869257723637E0));
#4347=CARTESIAN_POINT('',(-3.549437624463E0,1.285872385896E1,
-4.869417923290E0));
#4348=CARTESIAN_POINT('',(-3.609222482904E0,1.285048949248E1,
-4.870308236422E0));
#4349=CARTESIAN_POINT('',(-3.682055390969E0,1.283082928585E1,
-4.872433930021E0));
#4350=CARTESIAN_POINT('',(-3.737030249707E0,1.280546317633E1,
-4.875176555145E0));
#4351=CARTESIAN_POINT('',(-3.762985867097E0,1.279045572508E1,
-4.876799185246E0));
#4353=DIRECTION('',(-8.644427996026E-1,-4.998181666969E-1,-5.404115519540E-2));
#4354=VECTOR('',#4353,8.923724429131E-1);
#4355=CARTESIAN_POINT('',(-3.762985867097E0,1.279045572508E1,
-4.876799185246E0));
#4356=LINE('',#4355,#4354);
#4357=CARTESIAN_POINT('',(-4.534390799937E0,1.234443176665E1,
-4.925024022925E0));
#4358=CARTESIAN_POINT('',(-4.560020379064E0,1.232961355931E1,
-4.926626191667E0));
#4359=CARTESIAN_POINT('',(-4.605565767356E0,1.228822447288E1,
-4.931101247181E0));
#4360=CARTESIAN_POINT('',(-4.650263678400E0,1.221066443292E1,
-4.939487165171E0));
#4361=CARTESIAN_POINT('',(-4.663150116336E0,1.215066646566E1,
-4.945974243226E0));
#4362=CARTESIAN_POINT('',(-4.663054487318E0,1.212118452038E1,
-4.949161879223E0));
#4364=DIRECTION('',(3.267555549230E-3,-9.942003033047E-1,-1.074945579537E-1));
#4365=VECTOR('',#4364,1.630400305405E0);
#4366=CARTESIAN_POINT('',(-4.663054487318E0,1.212118452038E1,
-4.949161879223E0));
#4367=LINE('',#4366,#4365);
#4368=CARTESIAN_POINT('',(-2.577513937445E0,1.131759131807E1,
-5.036047686610E0));
#4369=CARTESIAN_POINT('',(-2.577145195306E0,1.125258149236E1,
-5.043076654972E0));
#4370=CARTESIAN_POINT('',(-2.613715428513E0,1.112178923748E1,
-5.057218126842E0));
#4371=CARTESIAN_POINT('',(-2.730600841840E0,1.100049283387E1,
-5.070332891788E0));
#4372=CARTESIAN_POINT('',(-2.839065219224E0,1.095594065995E1,
-5.075149945481E0));
#4373=CARTESIAN_POINT('',(-2.903057688649E0,1.094315700724E1,
-5.076532134856E0));
#4374=CARTESIAN_POINT('',(-2.951871008436E0,1.093964352677E1,
-5.076912018094E0));
#4375=CARTESIAN_POINT('',(-3.000698660583E0,1.094233899406E1,
-5.076620579775E0));
#4376=CARTESIAN_POINT('',(-3.064748880314E0,1.095400931936E1,
-5.075358765174E0));
#4377=CARTESIAN_POINT('',(-3.173965853929E0,1.099667672968E1,
-5.070745495196E0));
#4378=CARTESIAN_POINT('',(-3.293965346857E0,1.111682590996E1,
-5.057754769907E0));
#4379=CARTESIAN_POINT('',(-3.332312564216E0,1.124865486638E1,
-5.043501208175E0));
#4380=CARTESIAN_POINT('',(-3.332550352003E0,1.131483941798E1,
-5.036345226535E0));
#4382=CARTESIAN_POINT('',(-2.955034827190E0,1.131662828612E1,
-5.036151811194E0));
#4383=DIRECTION('',(6.666439675847E-14,1.074951318138E-1,-9.942056108453E-1));
#4384=DIRECTION('',(-9.999886421216E-1,-4.738474871652E-3,-5.123316298299E-4));
#4385=AXIS2_PLACEMENT_3D('',#4382,#4383,#4384);
#4387=CARTESIAN_POINT('',(-2.955034827190E0,1.131662828612E1,
-5.036151811195E0));
#4388=DIRECTION('',(6.666439675847E-14,1.074951318138E-1,-9.942056108453E-1));
#4389=DIRECTION('',(-3.457552673050E-3,9.941996681273E-1,1.074944892774E-1));
#4390=AXIS2_PLACEMENT_3D('',#4387,#4388,#4389);
#4392=DIRECTION('',(1.244004899092E-11,1.074951318093E-1,-9.942056108458E-1));
#4393=VECTOR('',#4392,4.000000000003E-1);
#4394=CARTESIAN_POINT('',(-3.753280591340E0,9.836833617639E0,
-5.196149623730E0));
#4395=LINE('',#4394,#4393);
#4396=DIRECTION('',(1.008033538367E-5,1.074951645803E-1,-9.942056072515E-1));
#4397=VECTOR('',#4396,4.000000000206E-1);
#4398=CARTESIAN_POINT('',(-3.494263947492E0,9.768778431569E0,
-5.203507861420E0));
#4399=LINE('',#4398,#4397);
#4400=DIRECTION('',(9.999946591099E-1,3.249357160787E-3,3.513257946479E-4));
#4401=VECTOR('',#4400,8.036678316107E-1);
#4402=CARTESIAN_POINT('',(-3.494259915358E0,9.811776497403E0,
-5.601190104341E0));
#4403=LINE('',#4402,#4401);
#4404=DIRECTION('',(2.797191813719E-6,1.074951408961E-1,-9.942056098594E-1));
#4405=VECTOR('',#4404,4.000000000016E-1);
#4406=CARTESIAN_POINT('',(-2.690597494926E0,9.771389844868E0,
-5.203225511156E0));
#4407=LINE('',#4406,#4405);
#4408=DIRECTION('',(2.977540436433E-10,1.074950412515E-1,-9.942056206371E-1));
#4409=VECTOR('',#4408,3.999999999999E-1);
#4410=CARTESIAN_POINT('',(-2.610337199477E0,9.692127697630E0,
-5.211795463762E0));
#4411=LINE('',#4410,#4409);
#4412=DIRECTION('',(3.267555968045E-3,-9.942003033033E-1,-1.074945579537E-1));
#4413=VECTOR('',#4412,5.648332174288E-1);
#4414=CARTESIAN_POINT('',(-2.610337199358E0,9.735125714131E0,
-5.609477712016E0));
#4415=LINE('',#4414,#4413);
#4416=DIRECTION('',(-2.790923381187E-8,1.075036233903E-1,-9.942046926855E-1));
#4417=VECTOR('',#4416,4.000000000149E-1);
#4418=CARTESIAN_POINT('',(-2.608491564044E0,9.130566908689E0,
-5.272512331952E0));
#4419=LINE('',#4418,#4417);
#4420=DIRECTION('',(2.065014825801E-13,-1.074951318132E-1,9.942056108454E-1));
#4421=VECTOR('',#4420,4.000000000004E-1);
#4422=CARTESIAN_POINT('',(-2.413768299112E0,8.981255160958E0,
-5.690987425500E0));
#4423=LINE('',#4422,#4421);
#4424=DIRECTION('',(9.999946591098E-1,3.249357183029E-3,3.513257969597E-4));
#4425=VECTOR('',#4424,9.777798234800E-1);
#4426=CARTESIAN_POINT('',(-2.413768299112E0,8.981255160958E0,
-5.690987425500E0));
#4427=LINE('',#4426,#4425);
#4428=DIRECTION('',(2.541529209306E-9,1.074951318214E-1,-9.942056108445E-1));
#4429=VECTOR('',#4428,4.000000000006E-1);
#4430=CARTESIAN_POINT('',(-1.435993698864E0,8.941434264123E0,
-5.292961661886E0));
#4431=LINE('',#4430,#4429);
#4432=DIRECTION('',(4.959144206387E-11,1.074951167911E-1,-9.942056124696E-1));
#4433=VECTOR('',#4432,4.000000000007E-1);
#4434=CARTESIAN_POINT('',(-1.242538846602E0,9.134995630598E0,
-5.272033491318E0));
#4435=LINE('',#4434,#4433);
#4436=DIRECTION('',(-3.267486328632E-3,9.942003035295E-1,1.074945579779E-1));
#4437=VECTOR('',#4436,3.014756094859E0);
#4438=CARTESIAN_POINT('',(-1.242538846582E0,9.177993677315E0,
-5.669715736306E0));
#4439=LINE('',#4438,#4437);
#4440=DIRECTION('',(2.489841666172E-11,1.074951243023E-1,-9.942056116575E-1));
#4441=VECTOR('',#4440,4.000000000006E-1);
#4442=CARTESIAN_POINT('',(-1.252389520916E0,1.213226705217E1,
-4.947963617815E0));
#4443=LINE('',#4442,#4441);
#4444=DIRECTION('',(1.314110098513E-8,1.074951243442E-1,-9.942056116530E-1));
#4445=VECTOR('',#4444,4.000000000010E-1);
#4446=CARTESIAN_POINT('',(-1.385101982838E0,1.235658151926E1,
-4.923710371861E0));
#4447=LINE('',#4446,#4445);
#4448=DIRECTION('',(6.565981092153E-9,1.074951280835E-1,-9.942056112487E-1));
#4449=VECTOR('',#4448,4.000000000008E-1);
#4450=CARTESIAN_POINT('',(-2.156815079309E0,1.279568741621E1,
-4.876233526270E0));
#4451=LINE('',#4450,#4449);
#4452=DIRECTION('',(1.502321711476E-8,1.074951318662E-1,-9.942056108397E-1));
#4453=VECTOR('',#4452,4.000000000003E-1);
#4454=CARTESIAN_POINT('',(-2.415834527268E0,1.286379152036E1,
-4.868869999477E0));
#4455=LINE('',#4454,#4453);
#4456=DIRECTION('',(-9.999946591209E-1,-3.249353793086E-3,-3.513254306732E-4));
#4457=VECTOR('',#4456,1.088598254278E0);
#4458=CARTESIAN_POINT('',(-2.415834521259E0,1.290678957311E1,
-5.266552243814E0));
#4459=LINE('',#4458,#4457);
#4460=DIRECTION('',(-2.666644682844E-11,1.074951318173E-1,-9.942056108450E-1));
#4461=VECTOR('',#4460,4.000000000005E-1);
#4462=CARTESIAN_POINT('',(-3.504426961455E0,1.286025427951E1,
-4.869252451726E0));
#4463=LINE('',#4462,#4461);
#4464=DIRECTION('',(-7.071353724786E-8,1.074950909229E-1,-9.942056152665E-1));
#4465=VECTOR('',#4464,4.000000000006E-1);
#4466=CARTESIAN_POINT('',(-3.762985867097E0,1.279045572508E1,
-4.876799185246E0));
#4467=LINE('',#4466,#4465);
#4468=DIRECTION('',(2.839667514445E-6,1.074967736957E-1,-9.942054333170E-1));
#4469=VECTOR('',#4468,4.000000000028E-1);
#4470=CARTESIAN_POINT('',(-4.534390799937E0,1.234443176665E1,
-4.925024022925E0));
#4471=LINE('',#4470,#4469);
#4472=DIRECTION('',(-5.218048215735E-13,-1.074951318210E-1,9.942056108446E-1));
#4473=VECTOR('',#4472,4.000000000002E-1);
#4474=CARTESIAN_POINT('',(-4.663054487318E0,1.216418257311E1,
-5.346844123561E0));
#4475=LINE('',#4474,#4473);
#4476=DIRECTION('',(2.664535259094E-13,-1.074951318105E-1,9.942056108457E-1));
#4477=VECTOR('',#4476,4.000000000009E-1);
#4478=CARTESIAN_POINT('',(-3.332550352003E0,1.135783747070E1,
-5.434027470874E0));
#4479=LINE('',#4478,#4477);
#4480=DIRECTION('',(4.872115904492E-6,-1.071040239937E-1,9.942478202242E-1));
#4481=VECTOR('',#4480,4.000000309547E-1);
#4482=CARTESIAN_POINT('',(-2.577515886291E0,1.136043293098E1,
-5.433746845476E0));
#4483=LINE('',#4482,#4481);
#4484=CARTESIAN_POINT('',(-2.955034827190E0,1.135962633885E1,
-5.433834055533E0));
#4485=DIRECTION('',(-6.666439675847E-14,-1.074951318138E-1,9.942056108453E-1));
#4486=DIRECTION('',(-3.457552671799E-3,9.941996681273E-1,1.074944892774E-1));
#4487=AXIS2_PLACEMENT_3D('',#4484,#4485,#4486);
#4489=CARTESIAN_POINT('',(-3.332550352003E0,1.135783747070E1,
-5.434027470874E0));
#4490=CARTESIAN_POINT('',(-3.332312564215E0,1.129165291911E1,
-5.441183452514E0));
#4491=CARTESIAN_POINT('',(-3.293965346826E0,1.115982396255E1,
-5.455437014261E0));
#4492=CARTESIAN_POINT('',(-3.173965854011E0,1.103967478276E1,
-5.468427739497E0));
#4493=CARTESIAN_POINT('',(-3.064748880205E0,1.099700737162E1,
-5.473041009564E0));
#4494=CARTESIAN_POINT('',(-3.000698660774E0,1.098533704761E1,
-5.474302824025E0));
#4495=CARTESIAN_POINT('',(-2.951871007703E0,1.098264157635E1,
-5.474594262773E0));
#4496=CARTESIAN_POINT('',(-2.903057691396E0,1.098615507176E1,
-5.474214377920E0));
#4497=CARTESIAN_POINT('',(-2.839065204637E0,1.099893865007E1,
-5.472832196589E0));
#4498=CARTESIAN_POINT('',(-2.730601015316E0,1.104349163117E1,
-5.468015055623E0));
#4499=CARTESIAN_POINT('',(-2.613754389668E0,1.116473947407E1,
-5.454905541140E0));
#4500=CARTESIAN_POINT('',(-2.577179491208E0,1.129547944021E1,
-5.440769722814E0));
#4501=CARTESIAN_POINT('',(-2.577515886291E0,1.136043293098E1,
-5.433746845476E0));
#4503=CARTESIAN_POINT('',(-2.955034827190E0,1.135962633885E1,
-5.433834055533E0));
#4504=DIRECTION('',(-6.666439675847E-14,-1.074951318138E-1,9.942056108453E-1));
#4505=DIRECTION('',(9.999976908798E-1,2.136555756643E-3,2.310078923811E-4));
#4506=AXIS2_PLACEMENT_3D('',#4503,#4504,#4505);
#4508=DIRECTION('',(1.323663401109E-11,1.074951278479E-1,-9.942056112741E-1));
#4509=VECTOR('',#4508,4.000000000002E-1);
#4510=CARTESIAN_POINT('',(1.720235511300E0,1.026859575744E1,-5.149466797136E0));
#4511=LINE('',#4510,#4509);
#4512=DIRECTION('',(-9.037215420458E-12,-1.074951318072E-1,9.942056108460E-1));
#4513=VECTOR('',#4512,3.999999999996E-1);
#4514=CARTESIAN_POINT('',(1.598549223570E0,1.051908874423E1,-5.524714350858E0));
#4515=LINE('',#4514,#4513);
#4516=DIRECTION('',(2.630562434543E-11,1.074951238738E-1,-9.942056117038E-1));
#4517=VECTOR('',#4516,4.000000000006E-1);
#4518=CARTESIAN_POINT('',(1.723559138144E0,9.257316488322E0,-5.258807960722E0));
#4519=LINE('',#4518,#4517);
#4520=DIRECTION('',(-3.267495851546E-3,9.942003034986E-1,1.074945579749E-1));
#4521=VECTOR('',#4520,1.017178597861E0);
#4522=CARTESIAN_POINT('',(1.723559138154E0,9.300314537872E0,-5.656490205404E0));
#4523=LINE('',#4522,#4521);
#4524=DIRECTION('',(-5.195553987034E-9,1.074951347689E-1,-9.942056105258E-1));
#4525=VECTOR('',#4524,4.000000000002E-1);
#4526=CARTESIAN_POINT('',(1.452684738534E0,9.100684691393E0,-5.275743246013E0));
#4527=LINE('',#4526,#4525);
#4528=DIRECTION('',(-6.905303551182E-9,1.074951357427E-1,-9.942056104205E-1));
#4529=VECTOR('',#4528,4.000000000002E-1);
#4530=CARTESIAN_POINT('',(-4.423573325978E-1,1.018006283160E1,
-5.159039121441E0));
#4531=LINE('',#4530,#4529);
#4532=DIRECTION('',(-1.945915650833E-11,1.074951377529E-1,-9.942056102032E-1));
#4533=VECTOR('',#4532,4.000000000006E-1);
#4534=CARTESIAN_POINT('',(-5.636568260520E-1,1.038733654143E1,
-5.136628349950E0));
#4535=LINE('',#4534,#4533);
#4536=DIRECTION('',(-1.295047402648E-11,1.074951357720E-1,-9.942056104174E-1));
#4537=VECTOR('',#4536,4.000000000005E-1);
#4538=CARTESIAN_POINT('',(-5.670718347773E-1,1.142673111588E1,
-5.024247313706E0));
#4539=LINE('',#4538,#4537);
#4540=DIRECTION('',(3.266519573471E-3,-9.942003066696E-1,-1.074945583176E-1));
#4541=VECTOR('',#4540,1.045457908909E0);
#4542=CARTESIAN_POINT('',(-5.670718347825E-1,1.146972917018E1,
-5.421929557874E0));
#4543=LINE('',#4542,#4541);
#4544=DIRECTION('',(2.934597009840E-12,1.074951318140E-1,-9.942056108453E-1));
#4545=VECTOR('',#4544,4.000000000001E-1);
#4546=CARTESIAN_POINT('',(-4.471390238947E-1,1.163478965290E1,
-5.001751685420E0));
#4547=LINE('',#4546,#4545);
#4548=CARTESIAN_POINT('',(1.720235511300E0,1.026859575744E1,-5.149466797136E0));
#4549=CARTESIAN_POINT('',(1.720145065071E0,1.029611523131E1,-5.146491346747E0));
#4550=CARTESIAN_POINT('',(1.707711601408E0,1.035204682682E1,-5.140443931439E0));
#4551=CARTESIAN_POINT('',(1.665432980694E0,1.042414005985E1,-5.132649093527E0));
#4552=CARTESIAN_POINT('',(1.622594832979E0,1.046245213398E1,-5.128506729599E0));
#4553=CARTESIAN_POINT('',(1.598549223566E0,1.047609069151E1,-5.127032106520E0));
#4555=DIRECTION('',(-8.686412675916E-1,4.925707876894E-1,5.325755675876E-2));
#4556=VECTOR('',#4555,6.740423786579E-1);
#4557=CARTESIAN_POINT('',(1.598549223566E0,1.047609069151E1,-5.127032106520E0));
#4558=LINE('',#4557,#4556);
#4559=CARTESIAN_POINT('',(1.013048197358E0,1.080810427690E1,-5.091134256281E0));
#4560=CARTESIAN_POINT('',(9.967766169264E-1,1.081732860422E1,
-5.090136906968E0));
#4561=CARTESIAN_POINT('',(9.729564864339E-1,1.085293453265E1,
-5.086287135927E0));
#4562=CARTESIAN_POINT('',(9.642863432080E-1,1.091176980178E1,
-5.079925770691E0));
#4563=CARTESIAN_POINT('',(9.724278460200E-1,1.097073531935E1,
-5.073550322781E0));
#4564=CARTESIAN_POINT('',(9.959531809544E-1,1.100672190947E1,
-5.069659393978E0));
#4565=CARTESIAN_POINT('',(1.012249421198E0,1.101610501305E1,-5.068644877518E0));
#4567=DIRECTION('',(8.653535741345E-1,4.982579151150E-1,5.387245825014E-2));
#4568=VECTOR('',#4567,6.741997363669E-1);
#4569=CARTESIAN_POINT('',(1.012249421198E0,1.101610501305E1,-5.068644877518E0));
#4570=LINE('',#4569,#4568);
#4571=CARTESIAN_POINT('',(1.595670572744E0,1.135203036806E1,-5.032324080369E0));
#4572=CARTESIAN_POINT('',(1.619626684073E0,1.136582397174E1,-5.030832693447E0));
#4573=CARTESIAN_POINT('',(1.662210802548E0,1.140441501138E1,-5.026660167313E0));
#4574=CARTESIAN_POINT('',(1.704015713051E0,1.147678071481E1,-5.018835869459E0));
#4575=CARTESIAN_POINT('',(1.716079406898E0,1.153279214761E1,-5.012779822009E0));
#4576=CARTESIAN_POINT('',(1.715989050704E0,1.156031144013E1,-5.009804391230E0));
#4578=DIRECTION('',(-3.266488026345E-3,9.942003067721E-1,1.074945583288E-1));
#4579=VECTOR('',#4578,1.017178803746E0);
#4580=CARTESIAN_POINT('',(1.715989050704E0,1.156031144013E1,-5.009804391230E0));
#4581=LINE('',#4580,#4579);
#4582=CARTESIAN_POINT('',(1.712666448321E0,1.257159091885E1,-4.900463204980E0));
#4583=CARTESIAN_POINT('',(1.712526045905E0,1.261431012928E1,-4.895844334290E0));
#4584=CARTESIAN_POINT('',(1.678493663099E0,1.269902747797E1,-4.886684556407E0));
#4585=CARTESIAN_POINT('',(1.582522639093E0,1.275129437621E1,-4.881033374143E0));
#4586=CARTESIAN_POINT('',(1.498400163632E0,1.275061919356E1,-4.881106375992E0));
#4587=CARTESIAN_POINT('',(1.458674744928E0,1.273681333431E1,-4.882599088006E0));
#4588=CARTESIAN_POINT('',(1.440768220645E0,1.272645901126E1,-4.883718614298E0));
#4590=DIRECTION('',(-8.644253467246E-1,-4.998480017181E-1,-5.404438100667E-2));
#4591=VECTOR('',#4590,2.184002646027E0);
#4592=CARTESIAN_POINT('',(1.440768220645E0,1.272645901126E1,-4.883718614298E0));
#4593=LINE('',#4592,#4591);
#4594=CARTESIAN_POINT('',(-4.471390238947E-1,1.163478965290E1,
-5.001751685420E0));
#4595=CARTESIAN_POINT('',(-4.710288400367E-1,1.162097553074E1,
-5.003245290833E0));
#4596=CARTESIAN_POINT('',(-5.134823762065E-1,1.158239915726E1,
-5.007416231237E0));
#4597=CARTESIAN_POINT('',(-5.551492212522E-1,1.151011781868E1,
-5.015231407428E0));
#4598=CARTESIAN_POINT('',(-5.671620405477E-1,1.145420371714E1,
-5.021276931260E0));
#4599=CARTESIAN_POINT('',(-5.670718347773E-1,1.142673111588E1,
-5.024247313706E0));
#4601=DIRECTION('',(3.266519573472E-3,-9.942003066696E-1,-1.074945583175E-1));
#4602=VECTOR('',#4601,1.045457909706E0);
#4603=CARTESIAN_POINT('',(-5.670718347773E-1,1.142673111588E1,
-5.024247313706E0));
#4604=LINE('',#4603,#4602);
#4605=CARTESIAN_POINT('',(-5.636568260520E-1,1.038733654143E1,
-5.136628349950E0));
#4606=CARTESIAN_POINT('',(-5.635665332825E-1,1.035986380102E1,
-5.139598747439E0));
#4607=CARTESIAN_POINT('',(-5.511846016369E-1,1.030402928951E1,
-5.145635665870E0));
#4608=CARTESIAN_POINT('',(-5.090446879427E-1,1.023201960565E1,
-5.153421470310E0));
#4609=CARTESIAN_POINT('',(-4.663372964383E-1,1.019372137363E1,
-5.157562337604E0));
#4610=CARTESIAN_POINT('',(-4.423573325978E-1,1.018006283160E1,
-5.159039121441E0));
#4612=DIRECTION('',(8.676927581559E-1,-4.942204765991E-1,-5.343592381420E-2));
#4613=VECTOR('',#4612,2.184001253116E0);
#4614=CARTESIAN_POINT('',(-4.423573325978E-1,1.018006283160E1,
-5.159039121441E0));
#4615=LINE('',#4614,#4613);
#4616=CARTESIAN_POINT('',(1.452684738534E0,9.100684691393E0,-5.275743246013E0));
#4617=CARTESIAN_POINT('',(1.471447345160E0,9.089997898333E0,-5.276898719505E0));
#4618=CARTESIAN_POINT('',(1.513196846009E0,9.076192614674E0,-5.278391369284E0));
#4619=CARTESIAN_POINT('',(1.599320373764E0,9.077830168429E0,-5.278214314303E0));
#4620=CARTESIAN_POINT('',(1.692410058624E0,9.133449076063E0,-5.272200707317E0));
#4621=CARTESIAN_POINT('',(1.723693764607E0,9.216351946386E0,-5.263237113794E0));
#4622=CARTESIAN_POINT('',(1.723559138144E0,9.257316488322E0,-5.258807960722E0));
#4624=DIRECTION('',(-3.267495851543E-3,9.942003034986E-1,1.074945579745E-1));
#4625=VECTOR('',#4624,1.017178596262E0);
#4626=CARTESIAN_POINT('',(1.723559138144E0,9.257316488322E0,-5.258807960722E0));
#4627=LINE('',#4626,#4625);
#4628=DIRECTION('',(-1.747288425057E-9,1.074951328034E-1,-9.942056107383E-1));
#4629=VECTOR('',#4628,4.000000000002E-1);
#4630=CARTESIAN_POINT('',(1.013048197358E0,1.080810427690E1,-5.091134256281E0));
#4631=LINE('',#4630,#4629);
#4632=DIRECTION('',(-6.965505394691E-9,1.074951278034E-1,-9.942056112789E-1));
#4633=VECTOR('',#4632,4.000000000003E-1);
#4634=CARTESIAN_POINT('',(1.012249421198E0,1.101610501305E1,-5.068644877518E0));
#4635=LINE('',#4634,#4633);
#4636=DIRECTION('',(-5.242982714649E-9,1.074951287952E-1,-9.942056111717E-1));
#4637=VECTOR('',#4636,4.E-1);
#4638=CARTESIAN_POINT('',(1.595670572744E0,1.135203036806E1,-5.032324080369E0));
#4639=LINE('',#4638,#4637);
#4640=DIRECTION('',(2.649269692511E-11,1.074951238071E-1,-9.942056117110E-1));
#4641=VECTOR('',#4640,4.000000000001E-1);
#4642=CARTESIAN_POINT('',(1.715989050704E0,1.156031144013E1,-5.009804391230E0));
#4643=LINE('',#4642,#4641);
#4644=DIRECTION('',(-3.266488026337E-3,9.942003067721E-1,1.074945583288E-1));
#4645=VECTOR('',#4644,1.017178804555E0);
#4646=CARTESIAN_POINT('',(1.715989050715E0,1.160330948965E1,-5.407486635915E0));
#4647=LINE('',#4646,#4645);
#4648=DIRECTION('',(1.990907438908E-11,1.074951258173E-1,-9.942056114937E-1));
#4649=VECTOR('',#4648,4.000000000001E-1);
#4650=CARTESIAN_POINT('',(1.712666448321E0,1.257159091885E1,-4.900463204980E0));
#4651=LINE('',#4650,#4649);
#4652=DIRECTION('',(6.933944529664E-9,1.074951358220E-1,-9.942056104120E-1));
#4653=VECTOR('',#4652,4.E-1);
#4654=CARTESIAN_POINT('',(1.440768220645E0,1.272645901126E1,-4.883718614298E0));
#4655=LINE('',#4654,#4653);
#4656=DIRECTION('',(-2.538191878893E-11,1.074951396784E-1,-9.942056099950E-1));
#4657=VECTOR('',#4656,4.000000000007E-1);
#4658=CARTESIAN_POINT('',(2.405142735957E0,9.687619001447E0,-5.212282951344E0));
#4659=LINE('',#4658,#4657);
#4660=DIRECTION('',(4.274358644805E-13,-1.074951318137E-1,9.942056108453E-1));
#4661=VECTOR('',#4660,4.000000000002E-1);
#4662=CARTESIAN_POINT('',(2.538768063588E0,9.506324300988E0,-5.634216093893E0));
#4663=LINE('',#4662,#4661);
#4664=DIRECTION('',(-5.122013924098E-11,1.074951475403E-1,-9.942056091450E-1));
#4665=VECTOR('',#4664,4.000000000008E-1);
#4666=CARTESIAN_POINT('',(2.395296809342E0,1.268344595656E1,-4.888369255910E0));
#4667=LINE('',#4666,#4665);
#4668=DIRECTION('',(3.267486198598E-3,-9.942003035300E-1,-1.074945579780E-1));
#4669=VECTOR('',#4668,3.013303202204E0);
#4670=CARTESIAN_POINT('',(2.395296809321E0,1.272644401558E1,-5.286051499568E0));
#4671=LINE('',#4670,#4669);
#4672=DIRECTION('',(1.164663143704E-8,1.074951318446E-1,-9.942056108420E-1));
#4673=VECTOR('',#4672,4.000000000003E-1);
#4674=CARTESIAN_POINT('',(2.588751647853E0,1.287700732263E1,-4.867441085386E0));
#4675=LINE('',#4674,#4673);
#4676=DIRECTION('',(1.553745021530E-8,1.074951318573E-1,-9.942056108406E-1));
#4677=VECTOR('',#4676,4.000000000005E-1);
#4678=CARTESIAN_POINT('',(3.566542060543E0,1.288018450344E1,-4.867097563416E0));
#4679=LINE('',#4678,#4677);
#4680=DIRECTION('',(-9.999946591987E-1,-3.249330123808E-3,-3.513228715914E-4));
#4681=VECTOR('',#4680,9.777956364584E-1);
#4682=CARTESIAN_POINT('',(3.566542066758E0,1.292318255618E1,-5.264779807753E0));
#4683=LINE('',#4682,#4681);
#4684=DIRECTION('',(2.631450612960E-11,1.074951239501E-1,-9.942056116956E-1));
#4685=VECTOR('',#4684,4.000000000010E-1);
#4686=CARTESIAN_POINT('',(3.761265290029E0,1.268788450036E1,-4.887889353317E0));
#4687=LINE('',#4686,#4685);
#4688=DIRECTION('',(5.218048215727E-11,1.074951160851E-1,-9.942056125459E-1));
#4689=VECTOR('',#4688,4.000000000009E-1);
#4690=CARTESIAN_POINT('',(3.768660426076E0,1.043801789233E1,-5.131148599649E0));
#4691=LINE('',#4690,#4689);
#4692=DIRECTION('',(-3.267858844536E-3,9.942003023193E-1,1.074945578470E-1));
#4693=VECTOR('',#4692,2.262991276432E0);
#4694=CARTESIAN_POINT('',(3.768660426097E0,1.048101593876E1,-5.528830844668E0));
#4695=LINE('',#4694,#4693);
#4696=DIRECTION('',(-3.937516979124E-11,1.074951436330E-1,-9.942056095674E-1));
#4697=VECTOR('',#4696,4.000000000012E-1);
#4698=CARTESIAN_POINT('',(4.447403121628E0,1.044022337821E1,-5.130910138919E0));
#4699=LINE('',#4698,#4697);
#4700=DIRECTION('',(-3.935074488470E-11,1.074951436305E-1,-9.942056095677E-1));
#4701=VECTOR('',#4700,4.000000000012E-1);
#4702=CARTESIAN_POINT('',(4.440008878646E0,1.269008999073E1,-4.887650892102E0));
#4703=LINE('',#4702,#4701);
#4704=DIRECTION('',(3.267464202608E-3,-9.942003036014E-1,-1.074945579857E-1));
#4705=VECTOR('',#4704,2.262991274866E0);
#4706=CARTESIAN_POINT('',(4.440008878631E0,1.273308804818E1,-5.285333135930E0));
#4707=LINE('',#4706,#4705);
#4708=DIRECTION('',(1.498801083243E-12,1.074951318091E-1,-9.942056108458E-1));
#4709=VECTOR('',#4708,4.000000000003E-1);
#4710=CARTESIAN_POINT('',(4.633463727087E0,1.288365135799E1,-4.866722721449E0));
#4711=LINE('',#4710,#4709);
#4712=CARTESIAN_POINT('',(2.405142735957E0,9.687619001447E0,-5.212282951344E0));
#4713=CARTESIAN_POINT('',(2.405241161406E0,9.657671815196E0,-5.215520889954E0));
#4714=CARTESIAN_POINT('',(2.418983306955E0,9.596844227113E0,-5.222097667964E0));
#4715=CARTESIAN_POINT('',(2.465374883982E0,9.518780449815E0,-5.230538050858E0));
#4716=CARTESIAN_POINT('',(2.512444603130E0,9.477680281806E0,-5.234981868042E0));
#4717=CARTESIAN_POINT('',(2.538768063588E0,9.463326248262E0,-5.236533849555E0));
#4719=DIRECTION('',(8.676459469053E-1,-4.943017036150E-1,-5.344470621145E-2));
#4720=VECTOR('',#4719,8.883944046257E-1);
#4721=CARTESIAN_POINT('',(2.538768063588E0,9.463326248262E0,-5.236533849555E0));
#4722=LINE('',#4721,#4720);
#4723=CARTESIAN_POINT('',(3.309579868015E0,9.024191380574E0,-5.284013827510E0));
#4724=CARTESIAN_POINT('',(3.335601582147E0,9.009366695951E0,-5.285616696585E0));
#4725=CARTESIAN_POINT('',(3.390715627155E0,8.984384292680E0,-5.288317834763E0));
#4726=CARTESIAN_POINT('',(3.463663057353E0,8.965224219355E0,-5.290389453134E0));
#4727=CARTESIAN_POINT('',(3.523534347955E0,8.957391769789E0,-5.291236310352E0));
#4728=CARTESIAN_POINT('',(3.553581340859E0,8.956108578227E0,-5.291375051117E0));
#4729=CARTESIAN_POINT('',(3.568603331772E0,8.956157390052E0,-5.291369773502E0));
#4731=DIRECTION('',(9.999946591242E-1,3.249352802266E-3,3.513253234556E-4));
#4732=VECTOR('',#4731,1.088598250121E0);
#4733=CARTESIAN_POINT('',(3.568603331772E0,8.956157390052E0,-5.291369773502E0));
#4734=LINE('',#4733,#4732);
#4735=CARTESIAN_POINT('',(4.657195767825E0,8.959694629826E0,-5.290987321370E0));
#4736=CARTESIAN_POINT('',(4.672377010907E0,8.959743959412E0,-5.290981987775E0));
#4737=CARTESIAN_POINT('',(4.702727208072E0,8.961290391502E0,-5.290814785015E0));
#4738=CARTESIAN_POINT('',(4.763247289887E0,8.969705200963E0,-5.289904962095E0));
#4739=CARTESIAN_POINT('',(4.837461743964E0,8.989378840186E0,-5.287777816142E0));
#4740=CARTESIAN_POINT('',(4.892425509456E0,9.016965421864E0,-5.284795109948E0));
#4741=CARTESIAN_POINT('',(4.919228331386E0,9.031398535082E0,-5.283234578212E0));
#4743=DIRECTION('',(8.643628894394E-1,4.999547505162E-1,5.405592286033E-2));
#4744=VECTOR('',#4743,8.927361318723E-1);
#4745=CARTESIAN_POINT('',(4.919228331386E0,9.031398535082E0,-5.283234578212E0));
#4746=LINE('',#4745,#4744);
#4747=CARTESIAN_POINT('',(5.690876313838E0,9.477726205169E0,-5.234976902733E0));
#4748=CARTESIAN_POINT('',(5.715865489098E0,9.492856772527E0,-5.233340961117E0));
#4749=CARTESIAN_POINT('',(5.760072205479E0,9.534234967703E0,-5.228867083183E0));
#4750=CARTESIAN_POINT('',(5.803484384322E0,9.610857645886E0,-5.220582514276E0));
#4751=CARTESIAN_POINT('',(5.815901492289E0,9.669793537839E0,-5.214210269536E0));
#4752=CARTESIAN_POINT('',(5.815806517472E0,9.698701481877E0,-5.211084695489E0));
#4754=DIRECTION('',(-3.267162279951E-3,9.942003045822E-1,1.074945580919E-1));
#4755=VECTOR('',#4754,3.013303241771E0);
#4756=CARTESIAN_POINT('',(5.815806517472E0,9.698701481877E0,-5.211084695489E0));
#4757=LINE('',#4756,#4755);
#4758=CARTESIAN_POINT('',(5.805961566783E0,1.269452848264E1,-4.887170995118E0));
#4759=CARTESIAN_POINT('',(5.805854687456E0,1.272704785565E1,-4.883654947482E0));
#4760=CARTESIAN_POINT('',(5.778717389779E0,1.279257274699E1,-4.876570289384E0));
#4761=CARTESIAN_POINT('',(5.720717507760E0,1.284962713117E1,-4.870401476333E0));
#4762=CARTESIAN_POINT('',(5.667208599495E0,1.287675199832E1,-4.867468691466E0));
#4763=CARTESIAN_POINT('',(5.635731652217E0,1.288526994538E1,-4.866547717141E0));
#4764=CARTESIAN_POINT('',(5.619408776137E0,1.288685503531E1,-4.866376334633E0));
#4765=CARTESIAN_POINT('',(5.611238336301E0,1.288682848746E1,-4.866379205031E0));
#4767=DIRECTION('',(-9.999946591987E-1,-3.249330129894E-3,-3.513228716490E-4));
#4768=VECTOR('',#4767,9.777798313412E-1);
#4769=CARTESIAN_POINT('',(5.611238336301E0,1.288682848746E1,-4.866379205031E0));
#4770=LINE('',#4769,#4768);
#4771=CARTESIAN_POINT('',(4.633463727087E0,1.288365135799E1,-4.866722721449E0));
#4772=CARTESIAN_POINT('',(4.625288978508E0,1.288362479518E1,-4.866725593463E0));
#4773=CARTESIAN_POINT('',(4.608968304280E0,1.288193204391E1,-4.866908616490E0));
#4774=CARTESIAN_POINT('',(4.577532615868E0,1.287320115051E1,-4.867852614921E0));
#4775=CARTESIAN_POINT('',(4.524196842894E0,1.284571242238E1,-4.870824741030E0));
#4776=CARTESIAN_POINT('',(4.466587751540E0,1.278827767033E1,-4.877034680076E0));
#4777=CARTESIAN_POINT('',(4.439902067006E0,1.272259210862E1,-4.884136710117E0));
#4778=CARTESIAN_POINT('',(4.440008878646E0,1.269008999073E1,-4.887650892102E0));
#4780=DIRECTION('',(3.267464202611E-3,-9.942003036014E-1,-1.074945579856E-1));
#4781=VECTOR('',#4780,2.262991274867E0);
#4782=CARTESIAN_POINT('',(4.440008878646E0,1.269008999073E1,-4.887650892102E0));
#4783=LINE('',#4782,#4781);
#4784=CARTESIAN_POINT('',(4.447403121628E0,1.044022337821E1,-5.130910138919E0));
#4785=CARTESIAN_POINT('',(4.447579797326E0,1.038646691123E1,-5.136722375784E0));
#4786=CARTESIAN_POINT('',(4.411643625695E0,1.027968351152E1,-5.148267971084E0));
#4787=CARTESIAN_POINT('',(4.295481679306E0,1.019837947449E1,-5.157058696143E0));
#4788=CARTESIAN_POINT('',(4.187986148841E0,1.017925912355E1,-5.159126019666E0));
#4789=CARTESIAN_POINT('',(4.102344068862E0,1.017875421428E1,-5.159180611278E0));
#4790=CARTESIAN_POINT('',(4.017543510631E0,1.018036042015E1,-5.159006945680E0));
#4791=CARTESIAN_POINT('',(3.913735736899E0,1.020060288779E1,-5.156818297072E0));
#4792=CARTESIAN_POINT('',(3.803672586853E0,1.028270475531E1,-5.147941309280E0));
#4793=CARTESIAN_POINT('',(3.768833493315E0,1.038537486290E1,-5.136840449831E0));
#4794=CARTESIAN_POINT('',(3.768660426076E0,1.043801789233E1,-5.131148599649E0));
#4796=DIRECTION('',(-3.267858844533E-3,9.942003023193E-1,1.074945578471E-1));
#4797=VECTOR('',#4796,2.262991273267E0);
#4798=CARTESIAN_POINT('',(3.768660426076E0,1.043801789233E1,-5.131148599649E0));
#4799=LINE('',#4798,#4797);
#4800=CARTESIAN_POINT('',(3.761265290029E0,1.268788450036E1,-4.887889353317E0));
#4801=CARTESIAN_POINT('',(3.761158410366E0,1.272040387307E1,-4.884373305712E0));
#4802=CARTESIAN_POINT('',(3.734021112240E0,1.278592876312E1,-4.877288647754E0));
#4803=CARTESIAN_POINT('',(3.676021230808E0,1.284298314742E1,-4.871119834690E0));
#4804=CARTESIAN_POINT('',(3.622512321957E0,1.287010801439E1,-4.868187049842E0));
#4805=CARTESIAN_POINT('',(3.591035376319E0,1.287862596116E1,-4.867266075548E0));
#4806=CARTESIAN_POINT('',(3.574712499528E0,1.288021105113E1,-4.867094693037E0));
#4807=CARTESIAN_POINT('',(3.566542060543E0,1.288018450344E1,-4.867097563416E0));
#4809=DIRECTION('',(-9.999946591987E-1,-3.249330123782E-3,-3.513228718127E-4));
#4810=VECTOR('',#4809,9.777956349021E-1);
#4811=CARTESIAN_POINT('',(3.566542060543E0,1.288018450344E1,-4.867097563416E0));
#4812=LINE('',#4811,#4810);
#4813=CARTESIAN_POINT('',(2.588751647853E0,1.287700732263E1,-4.867441085386E0));
#4814=CARTESIAN_POINT('',(2.580576901035E0,1.287698075947E1,-4.867443957439E0));
#4815=CARTESIAN_POINT('',(2.564256231999E0,1.287528800812E1,-4.867626980474E0));
#4816=CARTESIAN_POINT('',(2.532820543636E0,1.286655711525E1,-4.868570978848E0));
#4817=CARTESIAN_POINT('',(2.479484771716E0,1.283906838716E1,-4.871543104952E0));
#4818=CARTESIAN_POINT('',(2.421875680313E0,1.278163363585E1,-4.877753043919E0));
#4819=CARTESIAN_POINT('',(2.395189996009E0,1.271594807381E1,-4.884855073995E0));
#4820=CARTESIAN_POINT('',(2.395296809342E0,1.268344595656E1,-4.888369255910E0));
#4822=DIRECTION('',(3.267486198598E-3,-9.942003035300E-1,-1.074945579780E-1));
#4823=VECTOR('',#4822,3.013303199041E0);
#4824=CARTESIAN_POINT('',(2.395296809342E0,1.268344595656E1,-4.888369255910E0));
#4825=LINE('',#4824,#4823);
#4826=DIRECTION('',(-2.793321129954E-12,1.074951318150E-1,-9.942056108452E-1));
#4827=VECTOR('',#4826,4.000000000004E-1);
#4828=CARTESIAN_POINT('',(3.309579868015E0,9.024191380574E0,-5.284013827510E0));
#4829=LINE('',#4828,#4827);
#4830=DIRECTION('',(-3.739172305112E-9,1.074951318014E-1,-9.942056108467E-1));
#4831=VECTOR('',#4830,4.000000000005E-1);
#4832=CARTESIAN_POINT('',(3.568603331772E0,8.956157390052E0,-5.291369773502E0));
#4833=LINE('',#4832,#4831);
#4834=DIRECTION('',(9.999946591242E-1,3.249352802268E-3,3.513253234410E-4));
#4835=VECTOR('',#4834,1.088598250495E0);
#4836=CARTESIAN_POINT('',(3.568603330276E0,8.999155442772E0,-5.689052017842E0));
#4837=LINE('',#4836,#4835);
#4838=DIRECTION('',(-2.803861587349E-9,1.074951318044E-1,-9.942056108463E-1));
#4839=VECTOR('',#4838,4.000000000006E-1);
#4840=CARTESIAN_POINT('',(4.657195767825E0,8.959694629826E0,-5.290987321370E0));
#4841=LINE('',#4840,#4839);
#4842=DIRECTION('',(6.217248937893E-13,-1.074951318128E-1,9.942056108454E-1));
#4843=VECTOR('',#4842,4.000000000005E-1);
#4844=CARTESIAN_POINT('',(4.919228331386E0,9.074396587807E0,-5.680916822551E0));
#4845=LINE('',#4844,#4843);
#4846=DIRECTION('',(8.643628894394E-1,4.999547505162E-1,5.405592286051E-2));
#4847=VECTOR('',#4846,8.927361318725E-1);
#4848=CARTESIAN_POINT('',(4.919228331386E0,9.074396587807E0,-5.680916822551E0));
#4849=LINE('',#4848,#4847);
#4850=DIRECTION('',(1.243449787579E-13,-1.074951318131E-1,9.942056108454E-1));
#4851=VECTOR('',#4850,4.000000000003E-1);
#4852=CARTESIAN_POINT('',(5.690876313838E0,9.520724257894E0,-5.632659147071E0));
#4853=LINE('',#4852,#4851);
#4854=DIRECTION('',(1.116440273561E-11,1.074951284413E-1,-9.942056112100E-1));
#4855=VECTOR('',#4854,4.000000000006E-1);
#4856=CARTESIAN_POINT('',(5.815806517472E0,9.698701481877E0,-5.211084695489E0));
#4857=LINE('',#4856,#4855);
#4858=DIRECTION('',(-3.267162279952E-3,9.942003045822E-1,1.074945580918E-1));
#4859=VECTOR('',#4858,3.013303241092E0);
#4860=CARTESIAN_POINT('',(5.815806517477E0,9.741699533254E0,-5.608766939974E0));
#4861=LINE('',#4860,#4859);
#4862=DIRECTION('',(1.669331339824E-11,1.074951267543E-1,-9.942056113924E-1));
#4863=VECTOR('',#4862,4.000000000007E-1);
#4864=CARTESIAN_POINT('',(5.805961566783E0,1.269452848264E1,-4.887170995118E0));
#4865=LINE('',#4864,#4863);
#4866=DIRECTION('',(1.001455585125E-8,1.074951318416E-1,-9.942056108423E-1));
#4867=VECTOR('',#4866,4.000000000002E-1);
#4868=CARTESIAN_POINT('',(5.611238336301E0,1.288682848746E1,-4.866379205031E0));
#4869=LINE('',#4868,#4867);
#4870=DIRECTION('',(-9.999946591987E-1,-3.249330129891E-3,-3.513228716896E-4));
#4871=VECTOR('',#4870,9.777798353465E-1);
#4872=CARTESIAN_POINT('',(5.611238340306E0,1.292982654019E1,-5.264061449368E0));
#4873=LINE('',#4872,#4871);
#4874=DIRECTION('',(2.627867701224E-8,1.074951318944E-1,-9.942056108366E-1));
#4875=VECTOR('',#4874,3.999999999996E-1);
#4876=CARTESIAN_POINT('',(9.688110618969E0,1.290010836369E1,-4.864943363158E0));
#4877=LINE('',#4876,#4875);
#4878=DIRECTION('',(-9.999946591830E-1,-3.249334913539E-3,-3.513233889672E-4));
#4879=VECTOR('',#4878,1.180281705294E0);
#4880=CARTESIAN_POINT('',(9.688110629480E0,1.294310641645E1,-5.262625607493E0));
#4881=LINE('',#4880,#4879);
#4882=DIRECTION('',(4.438671652455E-11,1.074951185224E-1,-9.942056122824E-1));
#4883=VECTOR('',#4882,3.999999999997E-1);
#4884=CARTESIAN_POINT('',(9.882828521603E0,1.270779291811E1,-4.885736822728E0));
#4885=LINE('',#4884,#4883);
#4886=DIRECTION('',(8.806733120544E-11,1.074951052280E-1,-9.942056137198E-1));
#4887=VECTOR('',#4886,3.999999999997E-1);
#4888=CARTESIAN_POINT('',(9.894457125030E0,9.169560909963E0,-5.268296236951E0));
#4889=LINE('',#4888,#4887);
#4890=DIRECTION('',(-3.267496600151E-3,9.942003034962E-1,1.074945579743E-1));
#4891=VECTOR('',#4890,3.558872393242E0);
#4892=CARTESIAN_POINT('',(9.894457125066E0,9.212558952054E0,-5.665978482439E0));
#4893=LINE('',#4892,#4891);
#4894=DIRECTION('',(-1.969265639448E-8,1.074951317496E-1,-9.942056108523E-1));
#4895=VECTOR('',#4894,3.999999999994E-1);
#4896=CARTESIAN_POINT('',(9.701007864612E0,8.976005318517E0,-5.289223783113E0));
#4897=LINE('',#4896,#4895);
#4898=DIRECTION('',(-2.625537565142E-8,1.074951317282E-1,-9.942056108546E-1));
#4899=VECTOR('',#4898,3.999999999994E-1);
#4900=CARTESIAN_POINT('',(8.919041031752E0,8.973464029819E0,-5.289498551391E0));
#4901=LINE('',#4900,#4899);
#4902=DIRECTION('',(9.999946574887E-1,3.249850267804E-3,3.513791102361E-4));
#4903=VECTOR('',#4902,7.819710131748E-1);
#4904=CARTESIAN_POINT('',(8.919041021249E0,9.016462082510E0,-5.687180795732E0));
#4905=LINE('',#4904,#4903);
#4906=DIRECTION('',(-4.347189275224E-11,1.074951451078E-1,-9.942056094080E-1));
#4907=VECTOR('',#4906,3.999999999998E-1);
#4908=CARTESIAN_POINT('',(8.724312749645E0,9.165758670032E0,-5.268707341332E0));
#4909=LINE('',#4908,#4907);
#4910=DIRECTION('',(-1.308508856823E-10,1.074951717008E-1,-9.942056065327E-1));
#4911=VECTOR('',#4910,4.000000000001E-1);
#4912=CARTESIAN_POINT('',(8.720227223438E0,1.040886856608E1,-5.134300272335E0));
#4913=LINE('',#4912,#4911);
#4914=DIRECTION('',(3.267475714131E-3,-9.942003035640E-1,-1.074945579816E-1));
#4915=VECTOR('',#4914,1.250361624544E0);
#4916=CARTESIAN_POINT('',(8.720227223386E0,1.045186663476E1,-5.531982514948E0));
#4917=LINE('',#4916,#4915);
#4918=DIRECTION('',(-2.536020282659E-9,1.074951187843E-1,-9.942056122541E-1));
#4919=VECTOR('',#4918,4.000000000004E-1);
#4920=CARTESIAN_POINT('',(8.375126694336E0,1.044409874076E1,-5.130491128402E0));
#4921=LINE('',#4920,#4919);
#4922=DIRECTION('',(-7.603229157375E-9,1.074950927468E-1,-9.942056150693E-1));
#4923=VECTOR('',#4922,4.000000000004E-1);
#4924=CARTESIAN_POINT('',(8.128816252221E0,9.178452374174E0,-5.267334877342E0));
#4925=LINE('',#4924,#4923);
#4926=DIRECTION('',(-1.980642538869E-8,1.074951317493E-1,-9.942056108523E-1));
#4927=VECTOR('',#4926,3.999999999998E-1);
#4928=CARTESIAN_POINT('',(7.875562576050E0,8.970073350883E0,-5.289865157127E0));
#4929=LINE('',#4928,#4927);
#4930=DIRECTION('',(-2.640961671576E-8,1.074951317278E-1,-9.942056108546E-1));
#4931=VECTOR('',#4930,3.999999999997E-1);
#4932=CARTESIAN_POINT('',(6.695300332964E0,8.966238686570E0,-5.290279767285E0));
#4933=LINE('',#4932,#4931);
#4934=DIRECTION('',(9.999946603624E-1,3.248976114564E-3,3.512845952493E-4));
#4935=VECTOR('',#4934,1.180268547934E0);
#4936=CARTESIAN_POINT('',(6.695300322400E0,9.009236739261E0,-5.687962011627E0));
#4937=LINE('',#4936,#4935);
#4938=DIRECTION('',(-6.625144877151E-11,1.074951518729E-1,-9.942056086765E-1));
#4939=VECTOR('',#4938,3.999999999998E-1);
#4940=CARTESIAN_POINT('',(6.500582500173E0,9.158533075828E0,-5.269488584360E0));
#4941=LINE('',#4940,#4939);
#4942=DIRECTION('',(-8.824274644326E-11,1.074951585655E-1,-9.942056079529E-1));
#4943=VECTOR('',#4942,4.E-1);
#4944=CARTESIAN_POINT('',(6.488953899472E0,1.269676494608E1,-4.886929185046E0));
#4945=LINE('',#4944,#4943);
#4946=DIRECTION('',(3.267495961467E-3,-9.942003034982E-1,-1.074945579745E-1));
#4947=VECTOR('',#4946,3.558872251878E0);
#4948=CARTESIAN_POINT('',(6.488953899436E0,1.273976300951E1,-5.284611428227E0));
#4949=LINE('',#4948,#4947);
#4950=DIRECTION('',(1.322820297744E-8,1.074951318637E-1,-9.942056108399E-1));
#4951=VECTOR('',#4950,4.E-1);
#4952=CARTESIAN_POINT('',(6.682403306604E0,1.289034172117E1,-4.865999348474E0));
#4953=LINE('',#4952,#4951);
#4954=DIRECTION('',(3.961764472035E-8,1.074951319494E-1,-9.942056108307E-1));
#4955=VECTOR('',#4954,4.000000000003E-1);
#4956=CARTESIAN_POINT('',(7.464369925050E0,1.289288259732E1,-4.865724624801E0));
#4957=LINE('',#4956,#4955);
#4958=DIRECTION('',(-9.999946592202E-1,-3.249323590988E-3,-3.513221652832E-4));
#4959=VECTOR('',#4958,7.819708053357E-1);
#4960=CARTESIAN_POINT('',(7.464369940897E0,1.293588065010E1,-5.263406869133E0));
#4961=LINE('',#4960,#4959);
#4962=DIRECTION('',(4.452882507166E-11,1.074951184465E-1,-9.942056122906E-1));
#4963=VECTOR('',#4962,4.000000000001E-1);
#4964=CARTESIAN_POINT('',(7.659098272781E0,1.270056718472E1,-4.886518080804E0));
#4965=LINE('',#4964,#4963);
#4966=DIRECTION('',(6.653788631185E-11,1.074951117531E-1,-9.942056130143E-1));
#4967=VECTOR('',#4966,3.999999999999E-1);
#4968=CARTESIAN_POINT('',(7.663183357515E0,1.145758785456E1,-5.020911032804E0));
#4969=LINE('',#4968,#4967);
#4970=DIRECTION('',(-3.267465824518E-3,9.942003035962E-1,1.074945579849E-1));
#4971=VECTOR('',#4970,1.250230288942E0);
#4972=CARTESIAN_POINT('',(7.663183357541E0,1.150058589927E1,-5.418593278010E0));
#4973=LINE('',#4972,#4971);
#4974=DIRECTION('',(-9.999946591830E-1,-3.249334913578E-3,-3.513233887843E-4));
#4975=VECTOR('',#4974,1.180281694777E0);
#4976=CARTESIAN_POINT('',(9.688110618969E0,1.290010836369E1,-4.864943363158E0));
#4977=LINE('',#4976,#4975);
#4978=CARTESIAN_POINT('',(8.507835227860E0,1.289627323317E1,-4.865358023723E0));
#4979=CARTESIAN_POINT('',(8.498060716300E0,1.289624147212E1,-4.865361457780E0));
#4980=CARTESIAN_POINT('',(8.478560517114E0,1.289457471908E1,-4.865541669835E0));
#4981=CARTESIAN_POINT('',(8.440508628074E0,1.288578085717E1,-4.866492476525E0));
#4982=CARTESIAN_POINT('',(8.375414598715E0,1.285780459103E1,-4.869517316038E0));
#4983=CARTESIAN_POINT('',(8.298671431842E0,1.279350216923E1,-4.876469798736E0));
#4984=CARTESIAN_POINT('',(8.260463889430E0,1.272189587141E1,-4.884211988420E0));
#4985=CARTESIAN_POINT('',(8.253895131089E0,1.268396655748E1,-4.888312967690E0));
#4987=DIRECTION('',(-1.900502359371E-1,-9.760855843173E-1,-1.055359649989E-1));
#4988=VECTOR('',#4987,1.297412522995E0);
#4989=CARTESIAN_POINT('',(8.253895131089E0,1.268396655748E1,-4.888312967690E0));
#4990=LINE('',#4989,#4988);
#4991=CARTESIAN_POINT('',(8.007321574986E0,1.141758089687E1,-5.025236650306E0));
#4992=CARTESIAN_POINT('',(8.000154047806E0,1.138459877951E1,-5.028802730617E0));
#4993=CARTESIAN_POINT('',(7.966531944203E0,1.132133277994E1,-5.035643153653E0));
#4994=CARTESIAN_POINT('',(7.887020200627E0,1.128726182140E1,-5.039326961246E0));
#4995=CARTESIAN_POINT('',(7.821935372899E0,1.128504276007E1,-5.039566889775E0));
#4996=CARTESIAN_POINT('',(7.757531758207E0,1.129952638837E1,-5.038000896268E0));
#4997=CARTESIAN_POINT('',(7.685410421009E0,1.135141675425E1,-5.032390425294E0));
#4998=CARTESIAN_POINT('',(7.663300642299E0,1.142189993462E1,-5.024769668902E0));
#4999=CARTESIAN_POINT('',(7.663183357515E0,1.145758785456E1,-5.020911032804E0));
#5001=DIRECTION('',(-3.267465824514E-3,9.942003035962E-1,1.074945579851E-1));
#5002=VECTOR('',#5001,1.250230286249E0);
#5003=CARTESIAN_POINT('',(7.663183357515E0,1.145758785456E1,-5.020911032804E0));
#5004=LINE('',#5003,#5002);
#5005=CARTESIAN_POINT('',(7.659098272781E0,1.270056718472E1,-4.886518080804E0));
#5006=CARTESIAN_POINT('',(7.658991382527E0,1.273308958297E1,-4.883001706073E0));
#5007=CARTESIAN_POINT('',(7.631853021262E0,1.279861922508E1,-4.875916534314E0));
#5008=CARTESIAN_POINT('',(7.573851427537E0,1.285567903265E1,-4.869747134878E0));
#5009=CARTESIAN_POINT('',(7.520340843084E0,1.288280566077E1,-4.866814159612E0));
#5010=CARTESIAN_POINT('',(7.488863563310E0,1.289132397938E1,-4.865893145113E0));
#5011=CARTESIAN_POINT('',(7.472540468688E0,1.289290914446E1,-4.865721754481E0));
#5012=CARTESIAN_POINT('',(7.464369925050E0,1.289288259732E1,-4.865724624801E0));
#5014=DIRECTION('',(-9.999946592202E-1,-3.249323590954E-3,-3.513221656233E-4));
#5015=VECTOR('',#5014,7.819707947799E-1);
#5016=CARTESIAN_POINT('',(7.464369925050E0,1.289288259732E1,-4.865724624801E0));
#5017=LINE('',#5016,#5015);
#5018=CARTESIAN_POINT('',(6.682403306604E0,1.289034172117E1,-4.865999348474E0));
#5019=CARTESIAN_POINT('',(6.674229002566E0,1.289031515939E1,-4.866002220376E0));
#5020=CARTESIAN_POINT('',(6.657909221993E0,1.288862239178E1,-4.866185245172E0));
#5021=CARTESIAN_POINT('',(6.626475389754E0,1.287989145711E1,-4.867129248064E0));
#5022=CARTESIAN_POINT('',(6.573140525092E0,1.285240138006E1,-4.870101520021E0));
#5023=CARTESIAN_POINT('',(6.515532672589E0,1.279496033956E1,-4.876312138984E0));
#5024=CARTESIAN_POINT('',(6.488847075258E0,1.272927048618E1,-4.883414633046E0));
#5025=CARTESIAN_POINT('',(6.488953899472E0,1.269676494608E1,-4.886929185046E0));
#5027=DIRECTION('',(3.267495961467E-3,-9.942003034982E-1,-1.074945579746E-1));
#5028=VECTOR('',#5027,3.558872249185E0);
#5029=CARTESIAN_POINT('',(6.488953899472E0,1.269676494608E1,-4.886929185046E0));
#5030=LINE('',#5029,#5028);
#5031=CARTESIAN_POINT('',(6.500582500173E0,9.158533075828E0,-5.269488584360E0));
#5032=CARTESIAN_POINT('',(6.500689288296E0,9.126042001070E0,-5.273001572343E0));
#5033=CARTESIAN_POINT('',(6.527902896932E0,9.060515409284E0,-5.280086414296E0));
#5034=CARTESIAN_POINT('',(6.585883520666E0,9.003486849771E0,-5.286252435143E0));
#5035=CARTESIAN_POINT('',(6.639399714595E0,8.976322753145E0,-5.289189461564E0));
#5036=CARTESIAN_POINT('',(6.670835383521E0,8.967799270878E0,-5.290111034365E0));
#5037=CARTESIAN_POINT('',(6.687139280455E0,8.966212172681E0,-5.290282634010E0));
#5038=CARTESIAN_POINT('',(6.695300332964E0,8.966238686570E0,-5.290279767285E0));
#5040=DIRECTION('',(9.999946603624E-1,3.248976114550E-3,3.512845954026E-4));
#5041=VECTOR('',#5040,1.180268545293E0);
#5042=CARTESIAN_POINT('',(6.695300332964E0,8.966238686570E0,-5.290279767285E0));
#5043=LINE('',#5042,#5041);
#5044=CARTESIAN_POINT('',(7.875562576050E0,8.970073350883E0,-5.289865157127E0));
#5045=CARTESIAN_POINT('',(7.885192741991E0,8.970104640017E0,-5.289861774094E0));
#5046=CARTESIAN_POINT('',(7.904408804251E0,8.971725193040E0,-5.289686557258E0));
#5047=CARTESIAN_POINT('',(7.941918111039E0,8.980257766498E0,-5.288764001503E0));
#5048=CARTESIAN_POINT('',(8.006541603996E0,9.007745603424E0,-5.285791971753E0));
#5049=CARTESIAN_POINT('',(8.081531911991E0,9.069348107734E0,-5.279131408536E0));
#5050=CARTESIAN_POINT('',(8.121516248072E0,9.140942361857E0,-5.271390521038E0));
#5051=CARTESIAN_POINT('',(8.128816252221E0,9.178452374174E0,-5.267334877342E0));
#5053=DIRECTION('',(1.899616484939E-1,9.761026294380E-1,1.055378079447E-1));
#5054=VECTOR('',#5053,1.296632473282E0);
#5055=CARTESIAN_POINT('',(8.128816252221E0,9.178452374174E0,-5.267334877342E0));
#5056=LINE('',#5055,#5054);
#5057=CARTESIAN_POINT('',(8.375126694336E0,1.044409874076E1,-5.130491128402E0));
#5058=CARTESIAN_POINT('',(8.381693106651E0,1.047783991820E1,-5.126842977277E0));
#5059=CARTESIAN_POINT('',(8.413634655387E0,1.054203090751E1,-5.119902542841E0));
#5060=CARTESIAN_POINT('',(8.484806703672E0,1.057452546131E1,-5.116389178700E0));
#5061=CARTESIAN_POINT('',(8.532836302009E0,1.058034641872E1,-5.115759807292E0));
#5062=CARTESIAN_POINT('',(8.566364621117E0,1.057999810467E1,-5.115797467575E0));
#5063=CARTESIAN_POINT('',(8.624893220399E0,1.056758835864E1,-5.117139229552E0));
#5064=CARTESIAN_POINT('',(8.698267984769E0,1.051488621227E1,-5.122837471553E0));
#5065=CARTESIAN_POINT('',(8.720112162231E0,1.044387900719E1,-5.130514886354E0));
#5066=CARTESIAN_POINT('',(8.720227223438E0,1.040886856608E1,-5.134300272335E0));
#5068=DIRECTION('',(3.267475714137E-3,-9.942003035640E-1,-1.074945579818E-1));
#5069=VECTOR('',#5068,1.250361613844E0);
#5070=CARTESIAN_POINT('',(8.720227223438E0,1.040886856608E1,-5.134300272335E0));
#5071=LINE('',#5070,#5069);
#5072=CARTESIAN_POINT('',(8.724312749645E0,9.165758670032E0,-5.268707341332E0));
#5073=CARTESIAN_POINT('',(8.724419625621E0,9.133240616153E0,-5.272223246342E0));
#5074=CARTESIAN_POINT('',(8.751557290184E0,9.067717036400E0,-5.279307762629E0));
#5075=CARTESIAN_POINT('',(8.809558496181E0,9.010665079638E0,-5.285476313224E0));
#5076=CARTESIAN_POINT('',(8.863068540283E0,8.983540569350E0,-5.288409059506E0));
#5077=CARTESIAN_POINT('',(8.894546772036E0,8.975022566825E0,-5.289330039829E0));
#5078=CARTESIAN_POINT('',(8.910870280298E0,8.973437477302E0,-5.289501422293E0));
#5079=CARTESIAN_POINT('',(8.919041031752E0,8.973464029819E0,-5.289498551391E0));
#5081=DIRECTION('',(9.999946574887E-1,3.249850267801E-3,3.513791102742E-4));
#5082=VECTOR('',#5081,7.819710105497E-1);
#5083=CARTESIAN_POINT('',(8.919041031752E0,8.973464029819E0,-5.289498551391E0));
#5084=LINE('',#5083,#5082);
#5085=CARTESIAN_POINT('',(9.701007864612E0,8.976005318517E0,-5.289223783113E0));
#5086=CARTESIAN_POINT('',(9.709182380076E0,8.976031885480E0,-5.289220910650E0));
#5087=CARTESIAN_POINT('',(9.725502585223E0,8.977724596471E0,-5.289037891976E0));
#5088=CARTESIAN_POINT('',(9.756937385902E0,8.986455252943E0,-5.288093919163E0));
#5089=CARTESIAN_POINT('',(9.810271602792E0,9.013943188242E0,-5.285121878776E0));
#5090=CARTESIAN_POINT('',(9.867879026360E0,9.071376186431E0,-5.278912129360E0));
#5091=CARTESIAN_POINT('',(9.894563934830E0,9.137059781401E0,-5.271810311968E0));
#5092=CARTESIAN_POINT('',(9.894457125030E0,9.169560909963E0,-5.268296236951E0));
#5094=DIRECTION('',(-3.267496600152E-3,9.942003034962E-1,1.074945579743E-1));
#5095=VECTOR('',#5094,3.558872387893E0);
#5096=CARTESIAN_POINT('',(9.894457125030E0,9.169560909963E0,-5.268296236951E0));
#5097=LINE('',#5096,#5095);
#5098=CARTESIAN_POINT('',(9.882828521603E0,1.270779291811E1,-4.885736822728E0));
#5099=CARTESIAN_POINT('',(9.882721629918E0,1.274031575140E1,-4.882220400960E0));
#5100=CARTESIAN_POINT('',(9.855584373013E0,1.280584489576E1,-4.875135283018E0));
#5101=CARTESIAN_POINT('',(9.797585711511E0,1.286290555658E1,-4.868965791326E0));
#5102=CARTESIAN_POINT('',(9.744077748829E0,1.289003177870E1,-4.866032859959E0));
#5103=CARTESIAN_POINT('',(9.712602630596E0,1.289854979519E1,-4.865111878126E0));
#5104=CARTESIAN_POINT('',(9.696280622523E0,1.290013490975E1,-4.864940492955E0));
#5105=CARTESIAN_POINT('',(9.688110618969E0,1.290010836369E1,-4.864943363158E0));
#5107=DIRECTION('',(-1.317168596416E-11,1.074951318090E-1,-9.942056108458E-1));
#5108=VECTOR('',#5107,3.999999999998E-1);
#5109=CARTESIAN_POINT('',(8.507835227860E0,1.289627323317E1,-4.865358023723E0));
#5110=LINE('',#5109,#5108);
#5111=DIRECTION('',(-1.900502359371E-1,-9.760855843173E-1,-1.055359649988E-1));
#5112=VECTOR('',#5111,1.297412522989E0);
#5113=CARTESIAN_POINT('',(8.253895131088E0,1.272696461020E1,-5.285995212028E0));
#5114=LINE('',#5113,#5112);
#5115=DIRECTION('',(-1.421085471522E-12,-1.074951318202E-1,9.942056108446E-1));
#5116=VECTOR('',#5115,3.999999999996E-1);
#5117=CARTESIAN_POINT('',(8.007321574986E0,1.146057894960E1,-5.422918894643E0));
#5118=LINE('',#5117,#5116);
#5119=DIRECTION('',(-1.540989558180E-12,1.074951318049E-1,-9.942056108463E-1));
#5120=VECTOR('',#5119,3.999999999998E-1);
#5121=CARTESIAN_POINT('',(8.253895131089E0,1.268396655748E1,-4.888312967690E0));
#5122=LINE('',#5121,#5120);
#5123=DIRECTION('',(-1.420197293099E-11,1.074951354082E-1,-9.942056104567E-1));
#5124=VECTOR('',#5123,4.000000000005E-1);
#5125=CARTESIAN_POINT('',(1.057709398437E1,9.281500273926E0,-5.256193170388E0));
#5126=LINE('',#5125,#5124);
#5127=DIRECTION('',(-1.133759752747E-11,-1.074951318168E-1,9.942056108450E-1));
#5128=VECTOR('',#5127,4.000000000002E-1);
#5129=CARTESIAN_POINT('',(1.084899223047E1,9.169630204031E0,-5.670620008675E0));
#5130=LINE('',#5129,#5128);
#5131=DIRECTION('',(-2.589928271840E-11,1.074951389760E-1,-9.942056100709E-1));
#5132=VECTOR('',#5131,4.000000000008E-1);
#5133=CARTESIAN_POINT('',(1.057377138218E1,1.029277974980E1,-5.146851984447E0));
#5134=LINE('',#5133,#5132);
#5135=DIRECTION('',(3.266487847587E-3,-9.942003067727E-1,-1.074945583285E-1));
#5136=VECTOR('',#5135,1.017178802309E0);
#5137=CARTESIAN_POINT('',(1.057377138217E1,1.033577780539E1,-5.544534228476E0));
#5138=LINE('',#5137,#5136);
#5139=DIRECTION('',(3.139515314383E-9,1.074951336170E-1,-9.942056106504E-1));
#5140=VECTOR('',#5139,4.000000000006E-1);
#5141=CARTESIAN_POINT('',(1.069408986203E1,1.050106082309E1,-5.124332295177E0));
#5142=LINE('',#5141,#5140);
#5143=DIRECTION('',(9.393303912467E-9,1.074951372178E-1,-9.942056102610E-1));
#5144=VECTOR('',#5143,4.000000000003E-1);
#5145=CARTESIAN_POINT('',(1.127751101282E1,1.083698617768E1,-5.088011498071E0));
#5146=LINE('',#5145,#5144);
#5147=DIRECTION('',(-3.139737358990E-9,1.074951335964E-1,-9.942056106526E-1));
#5148=VECTOR('',#5147,4.000000000004E-1);
#5149=CARTESIAN_POINT('',(1.127671223575E1,1.104498691232E1,-5.065522119473E0));
#5150=LINE('',#5149,#5148);
#5151=DIRECTION('',(-9.430936032100E-9,1.074951371641E-1,-9.942056102668E-1));
#5152=VECTOR('',#5151,4.000000000008E-1);
#5153=CARTESIAN_POINT('',(1.069121172604E1,1.137700140253E1,-5.029624171403E0));
#5154=LINE('',#5153,#5152);
#5155=DIRECTION('',(-1.714184350018E-11,1.074951372058E-1,-9.942056102623E-1));
#5156=VECTOR('',#5155,4.000000000006E-1);
#5157=CARTESIAN_POINT('',(1.056952492159E1,1.158449543097E1,-5.007189578705E0));
#5158=LINE('',#5157,#5156);
#5159=DIRECTION('',(-1.713740260809E-11,1.074951372058E-1,-9.942056102623E-1));
#5160=VECTOR('',#5159,4.000000000006E-1);
#5161=CARTESIAN_POINT('',(1.056620129465E1,1.259577470117E1,-4.897848415001E0));
#5162=LINE('',#5161,#5160);
#5163=DIRECTION('',(3.267495940864E-3,-9.942003034983E-1,-1.074945579747E-1));
#5164=VECTOR('',#5163,1.017178597355E0);
#5165=CARTESIAN_POINT('',(1.056620129464E1,1.263877275605E1,-5.295530659106E0));
#5166=LINE('',#5165,#5164);
#5167=DIRECTION('',(1.202593580272E-11,1.074951318072E-1,-9.942056108460E-1));
#5168=VECTOR('',#5167,4.000000000007E-1);
#5169=CARTESIAN_POINT('',(1.083707570072E1,1.275240649502E1,-4.880913130044E0));
#5170=LINE('',#5169,#5168);
#5171=CARTESIAN_POINT('',(1.057709398437E1,9.281500273926E0,-5.256193170388E0));
#5172=CARTESIAN_POINT('',(1.057723438647E1,9.238781063192E0,-5.260812041112E0));
#5173=CARTESIAN_POINT('',(1.061126676846E1,9.154063712895E0,-5.269971819167E0));
#5174=CARTESIAN_POINT('',(1.070723779257E1,9.101796813831E0,-5.275623001522E0));
#5175=CARTESIAN_POINT('',(1.079136027056E1,9.102471996866E0,-5.275549999631E0));
#5176=CARTESIAN_POINT('',(1.083108568856E1,9.116277855764E0,-5.274057287655E0));
#5177=CARTESIAN_POINT('',(1.084899223046E1,9.126632151305E0,-5.272937764337E0));
#5179=DIRECTION('',(8.644253390731E-1,4.998480147976E-1,5.404438242093E-2));
#5180=VECTOR('',#5179,2.184002650443E0);
#5181=CARTESIAN_POINT('',(1.084899223046E1,9.126632151305E0,-5.272937764337E0));
#5182=LINE('',#5181,#5180);
#5183=CARTESIAN_POINT('',(1.273689946211E1,1.021830154044E1,-5.154904689888E0));
#5184=CARTESIAN_POINT('',(1.276078927642E1,1.023211566229E1,-5.153411084508E0));
#5185=CARTESIAN_POINT('',(1.280324281001E1,1.027069203510E1,-5.149240144177E0));
#5186=CARTESIAN_POINT('',(1.284490965360E1,1.034297336974E1,-5.141424968412E0));
#5187=CARTESIAN_POINT('',(1.285692247263E1,1.039888747232E1,-5.135379444467E0));
#5188=CARTESIAN_POINT('',(1.285683226747E1,1.042636007206E1,-5.132409062185E0));
#5190=DIRECTION('',(-3.266519397868E-3,9.942003066703E-1,1.074945583170E-1));
#5191=VECTOR('',#5190,1.045457910866E0);
#5192=CARTESIAN_POINT('',(1.285683226747E1,1.042636007206E1,-5.132409062185E0));
#5193=LINE('',#5192,#5191);
#5194=CARTESIAN_POINT('',(1.285341725892E1,1.146575464766E1,-5.020028025818E0));
#5195=CARTESIAN_POINT('',(1.285332696627E1,1.149322738821E1,-5.017057628310E0));
#5196=CARTESIAN_POINT('',(1.284094503440E1,1.154906190038E1,-5.011020709811E0));
#5197=CARTESIAN_POINT('',(1.279880512197E1,1.162107158294E1,-5.003234905511E0));
#5198=CARTESIAN_POINT('',(1.275609773031E1,1.165936981541E1,-4.999094038168E0));
#5199=CARTESIAN_POINT('',(1.273211776747E1,1.167302835724E1,-4.997617254353E0));
#5201=DIRECTION('',(-8.676927581422E-1,4.942204766230E-1,5.343592381673E-2));
#5202=VECTOR('',#5201,2.184001248100E0);
#5203=CARTESIAN_POINT('',(1.273211776747E1,1.167302835724E1,-4.997617254353E0));
#5204=LINE('',#5203,#5202);
#5205=CARTESIAN_POINT('',(1.083707570072E1,1.275240649502E1,-4.880913130044E0));
#5206=CARTESIAN_POINT('',(1.081831309327E1,1.276309328900E1,-4.879757656452E0));
#5207=CARTESIAN_POINT('',(1.077656358966E1,1.277689857489E1,-4.878265006431E0));
#5208=CARTESIAN_POINT('',(1.069044006070E1,1.277526102237E1,-4.878442061279E0));
#5209=CARTESIAN_POINT('',(1.059735037377E1,1.271964211409E1,-4.884455668337E0));
#5210=CARTESIAN_POINT('',(1.056606666788E1,1.263673924356E1,-4.893419261881E0));
#5211=CARTESIAN_POINT('',(1.056620129465E1,1.259577470117E1,-4.897848415001E0));
#5213=DIRECTION('',(3.267495940870E-3,-9.942003034983E-1,-1.074945579746E-1));
#5214=VECTOR('',#5213,1.017178597355E0);
#5215=CARTESIAN_POINT('',(1.056620129465E1,1.259577470117E1,-4.897848415001E0));
#5216=LINE('',#5215,#5214);
#5217=CARTESIAN_POINT('',(1.056952492159E1,1.158449543097E1,-5.007189578705E0));
#5218=CARTESIAN_POINT('',(1.056961536791E1,1.155697595740E1,-5.010165029060E0));
#5219=CARTESIAN_POINT('',(1.058204883203E1,1.150104436259E1,-5.016212444294E0));
#5220=CARTESIAN_POINT('',(1.062432745108E1,1.142895113173E1,-5.024007281971E0));
#5221=CARTESIAN_POINT('',(1.066716560004E1,1.139063905689E1,-5.028149645976E0));
#5222=CARTESIAN_POINT('',(1.069121172604E1,1.137700140253E1,-5.029624171403E0));
#5224=DIRECTION('',(8.686404984262E-1,-4.925721284251E-1,-5.325770172202E-2));
#5225=VECTOR('',#5224,6.740423809074E-1);
#5226=CARTESIAN_POINT('',(1.069121172604E1,1.137700140253E1,-5.029624171403E0));
#5227=LINE('',#5226,#5225);
#5228=CARTESIAN_POINT('',(1.127671223575E1,1.104498691232E1,-5.065522119473E0));
#5229=CARTESIAN_POINT('',(1.129298381749E1,1.103576258523E1,-5.066519468759E0));
#5230=CARTESIAN_POINT('',(1.131680394617E1,1.100015665653E1,-5.070369239830E0));
#5231=CARTESIAN_POINT('',(1.132547408946E1,1.094132138653E1,-5.076730605160E0));
#5232=CARTESIAN_POINT('',(1.131733258653E1,1.088235587083E1,-5.083106052867E0));
#5233=CARTESIAN_POINT('',(1.129380725211E1,1.084636928118E1,-5.086996981621E0));
#5234=CARTESIAN_POINT('',(1.127751101282E1,1.083698617768E1,-5.088011498071E0));
#5236=DIRECTION('',(-8.653535741243E-1,-4.982579151324E-1,-5.387245825285E-2));
#5237=VECTOR('',#5236,6.741997355047E-1);
#5238=CARTESIAN_POINT('',(1.127751101282E1,1.083698617768E1,-5.088011498071E0));
#5239=LINE('',#5238,#5237);
#5240=CARTESIAN_POINT('',(1.069408986203E1,1.050106082309E1,-5.124332295177E0));
#5241=CARTESIAN_POINT('',(1.067013375021E1,1.048726721930E1,-5.125823682110E0));
#5242=CARTESIAN_POINT('',(1.062754963045E1,1.044867617935E1,-5.129996208276E0));
#5243=CARTESIAN_POINT('',(1.058574471971E1,1.037631047526E1,-5.137820506203E0));
#5244=CARTESIAN_POINT('',(1.057368102593E1,1.032029904245E1,-5.143876553652E0));
#5245=CARTESIAN_POINT('',(1.057377138218E1,1.029277974980E1,-5.146851984447E0));
#5247=DIRECTION('',(3.266487847598E-3,-9.942003067727E-1,-1.074945583288E-1));
#5248=VECTOR('',#5247,1.017178800873E0);
#5249=CARTESIAN_POINT('',(1.057377138218E1,1.029277974980E1,-5.146851984447E0));
#5250=LINE('',#5249,#5248);
#5251=DIRECTION('',(-1.921014458614E-9,1.074951306995E-1,-9.942056109658E-1));
#5252=VECTOR('',#5251,4.000000000006E-1);
#5253=CARTESIAN_POINT('',(1.273689946211E1,1.021830154044E1,-5.154904689888E0));
#5254=LINE('',#5253,#5252);
#5255=DIRECTION('',(4.423128530102E-11,1.074951187278E-1,-9.942056122602E-1));
#5256=VECTOR('',#5255,4.000000000004E-1);
#5257=CARTESIAN_POINT('',(1.285683226747E1,1.042636007206E1,-5.132409062185E0));
#5258=LINE('',#5257,#5256);
#5259=DIRECTION('',(-3.266519397861E-3,9.942003066703E-1,1.074945583170E-1));
#5260=VECTOR('',#5259,1.045457914384E0);
#5261=CARTESIAN_POINT('',(1.285683226748E1,1.046935811955E1,-5.530091307090E0));
#5262=LINE('',#5261,#5260);
#5263=DIRECTION('',(1.552535877634E-11,1.074951274708E-1,-9.942056113149E-1));
#5264=VECTOR('',#5263,4.000000000005E-1);
#5265=CARTESIAN_POINT('',(1.285341725892E1,1.146575464766E1,-5.020028025818E0));
#5266=LINE('',#5265,#5264);
#5267=DIRECTION('',(1.140756822335E-8,1.074951253165E-1,-9.942056115478E-1));
#5268=VECTOR('',#5267,4.000000000008E-1);
#5269=CARTESIAN_POINT('',(1.273211776747E1,1.167302835724E1,-4.997617254353E0));
#5270=LINE('',#5269,#5268);
#5271=DIRECTION('',(-4.999999999993E-1,-8.610073155775E-1,-9.309351493390E-2));
#5272=VECTOR('',#5271,1.962990915182E0);
#5273=CARTESIAN_POINT('',(-4.882790561914E1,1.262326300078E1,
-2.413875399396E0));
#5274=LINE('',#5273,#5272);
#5275=CARTESIAN_POINT('',(-4.946299091524E1,1.073427234018E1,
-2.618116149841E0));
#5276=DIRECTION('',(0.E0,-1.074951318136E-1,9.942056108454E-1));
#5277=DIRECTION('',(-8.660254036623E-1,4.971028056330E-1,5.374756592954E-2));
#5278=AXIS2_PLACEMENT_3D('',#5275,#5276,#5277);
#5280=CARTESIAN_POINT('',(-4.946299091524E1,1.073427234018E1,
-2.618116149841E0));
#5281=DIRECTION('',(0.E0,-1.074951318136E-1,9.942056108454E-1));
#5282=DIRECTION('',(-1.E0,-4.707345624411E-12,-5.084821452783E-13));
#5283=AXIS2_PLACEMENT_3D('',#5280,#5281,#5282);
#5285=DIRECTION('',(4.999999999995E-1,-8.610073155774E-1,-9.309351493376E-2));
#5286=VECTOR('',#5285,1.962990915111E0);
#5287=CARTESIAN_POINT('',(-4.980940107672E1,1.053543121795E1,
-2.639615176210E0));
#5288=LINE('',#5287,#5286);
#5289=CARTESIAN_POINT('',(-4.848149545762E1,9.044122801744E0,
-2.800857873924E0));
#5290=DIRECTION('',(0.E0,-1.074951318136E-1,9.942056108454E-1));
#5291=DIRECTION('',(-8.660254039595E-1,-4.971028051212E-1,-5.374756587420E-2));
#5292=AXIS2_PLACEMENT_3D('',#5289,#5290,#5291);
#5294=CARTESIAN_POINT('',(-4.848149545762E1,9.044122801744E0,
-2.800857873924E0));
#5295=DIRECTION('',(0.E0,-1.074951318136E-1,9.942056108454E-1));
#5296=DIRECTION('',(-5.E-1,-8.610073155771E-1,-9.309351493373E-2));
#5297=AXIS2_PLACEMENT_3D('',#5294,#5295,#5296);
#5299=CARTESIAN_POINT('',(-4.651850454238E1,9.044122801744E0,
-2.800857873924E0));
#5300=DIRECTION('',(0.E0,-1.074951318136E-1,9.942056108454E-1));
#5301=DIRECTION('',(1.065814103640E-11,-9.942056108454E-1,-1.074951318136E-1));
#5302=AXIS2_PLACEMENT_3D('',#5299,#5300,#5301);
#5304=CARTESIAN_POINT('',(-4.651850454238E1,9.044122801744E0,
-2.800857873924E0));
#5305=DIRECTION('',(0.E0,-1.074951318136E-1,9.942056108454E-1));
#5306=DIRECTION('',(5.E-1,-8.610073155771E-1,-9.309351493373E-2));
#5307=AXIS2_PLACEMENT_3D('',#5304,#5305,#5306);
#5309=DIRECTION('',(4.999999999995E-1,8.610073155774E-1,9.309351493376E-2));
#5310=VECTOR('',#5309,1.962990915124E0);
#5311=CARTESIAN_POINT('',(-4.617209438084E1,8.845281679621E0,
-2.822356900282E0));
#5312=LINE('',#5311,#5310);
#5313=CARTESIAN_POINT('',(-4.553700908476E1,1.073427234018E1,
-2.618116149841E0));
#5314=DIRECTION('',(0.E0,-1.074951318136E-1,9.942056108454E-1));
#5315=DIRECTION('',(8.660254035989E-1,-4.971028057421E-1,-5.374756594133E-2));
#5316=AXIS2_PLACEMENT_3D('',#5313,#5314,#5315);
#5318=CARTESIAN_POINT('',(-4.553700908476E1,1.073427234018E1,
-2.618116149841E0));
#5319=DIRECTION('',(0.E0,-1.074951318136E-1,9.942056108454E-1));
#5320=DIRECTION('',(1.E0,-4.694022948115E-12,-5.073719222537E-13));
#5321=AXIS2_PLACEMENT_3D('',#5318,#5319,#5320);
#5323=DIRECTION('',(-4.999999999993E-1,8.610073155775E-1,9.309351493390E-2));
#5324=VECTOR('',#5323,1.962990915133E0);
#5325=CARTESIAN_POINT('',(-4.519059892328E1,1.093311346241E1,
-2.596617123472E0));
#5326=LINE('',#5325,#5324);
#5327=CARTESIAN_POINT('',(-4.651850454238E1,1.242442187862E1,
-2.435374425757E0));
#5328=DIRECTION('',(0.E0,-1.074951318136E-1,9.942056108454E-1));
#5329=DIRECTION('',(8.660254038920E-1,4.971028052374E-1,5.374756588676E-2));
#5330=AXIS2_PLACEMENT_3D('',#5327,#5328,#5329);
#5332=CARTESIAN_POINT('',(-4.651850454238E1,1.242442187862E1,
-2.435374425757E0));
#5333=DIRECTION('',(0.E0,-1.074951318136E-1,9.942056108454E-1));
#5334=DIRECTION('',(5.000000000023E-1,8.610073155758E-1,9.309351493359E-2));
#5335=AXIS2_PLACEMENT_3D('',#5332,#5333,#5334);
#5337=CARTESIAN_POINT('',(-4.848149545762E1,1.242442187862E1,
-2.435374425757E0));
#5338=DIRECTION('',(0.E0,-1.074951318136E-1,9.942056108454E-1));
#5339=DIRECTION('',(1.029576424116E-10,9.942056108454E-1,1.074951318136E-1));
#5340=AXIS2_PLACEMENT_3D('',#5337,#5338,#5339);
#5342=CARTESIAN_POINT('',(-4.848149545762E1,1.242442187862E1,
-2.435374425757E0));
#5343=DIRECTION('',(0.E0,-1.074951318136E-1,9.942056108454E-1));
#5344=DIRECTION('',(-5.000000000024E-1,8.610073155757E-1,9.309351493358E-2));
#5345=AXIS2_PLACEMENT_3D('',#5342,#5343,#5344);
#5347=CARTESIAN_POINT('',(-4.75E1,1.073427234018E1,-2.618116149841E0));
#5348=DIRECTION('',(0.E0,1.074951318136E-1,-9.942056108454E-1));
#5349=DIRECTION('',(-1.E0,-2.454461754615E-12,-2.652950323191E-13));
#5350=AXIS2_PLACEMENT_3D('',#5347,#5348,#5349);
#5352=CARTESIAN_POINT('',(-4.75E1,1.073427234018E1,-2.618116149841E0));
#5353=DIRECTION('',(0.E0,1.074951318136E-1,-9.942056108454E-1));
#5354=DIRECTION('',(1.E0,-2.457551070857E-12,-2.656811968494E-13));
#5355=AXIS2_PLACEMENT_3D('',#5352,#5353,#5354);
#5357=DIRECTION('',(-5.998389709151E-13,1.074951318129E-1,-9.942056108454E-1));
#5358=VECTOR('',#5357,2.866625050914E0);
#5359=CARTESIAN_POINT('',(-4.980940107673E1,1.093311346239E1,
-2.596617123474E0));
#5360=LINE('',#5359,#5358);
#5361=DIRECTION('',(4.664863401910E-12,-1.074951318232E-1,9.942056108443E-1));
#5362=VECTOR('',#5361,2.866625050914E0);
#5363=CARTESIAN_POINT('',(-4.980940107674E1,1.084357945568E1,
-5.489629886016E0));
#5364=LINE('',#5363,#5362);
#5365=DIRECTION('',(7.279863874288E-12,1.074951318026E-1,-9.942056108465E-1));
#5366=VECTOR('',#5365,2.866625050914E0);
#5367=CARTESIAN_POINT('',(-4.882790561917E1,8.845281679626E0,
-2.822356900281E0));
#5368=LINE('',#5367,#5366);
#5369=DIRECTION('',(-7.683887643953E-14,-1.074951318136E-1,9.942056108454E-1));
#5370=VECTOR('',#5369,2.866625050914E0);
#5371=CARTESIAN_POINT('',(-4.848149545762E1,8.954588795114E0,
-5.693870636458E0));
#5372=LINE('',#5371,#5370);
#5373=DIRECTION('',(-1.E0,0.E0,0.E0));
#5374=VECTOR('',#5373,1.962990915242E0);
#5375=CARTESIAN_POINT('',(-4.651850454238E1,8.646440557406E0,
-2.843855926649E0));
#5376=LINE('',#5375,#5374);
#5377=DIRECTION('',(-4.535972383366E-13,1.074951318136E-1,-9.942056108454E-1));
#5378=VECTOR('',#5377,2.866625050914E0);
#5379=CARTESIAN_POINT('',(-4.651850454238E1,8.646440557406E0,
-2.843855926649E0));
#5380=LINE('',#5379,#5378);
#5381=DIRECTION('',(2.265507518250E-12,-1.074951318107E-1,9.942056108457E-1));
#5382=VECTOR('',#5381,2.866625050914E0);
#5383=CARTESIAN_POINT('',(-4.617209438084E1,9.153429917321E0,
-5.672371610091E0));
#5384=LINE('',#5383,#5382);
#5385=DIRECTION('',(-4.461612180360E-14,1.074951318145E-1,-9.942056108453E-1));
#5386=VECTOR('',#5385,2.866625050914E0);
#5387=CARTESIAN_POINT('',(-4.519059892327E1,1.053543121795E1,
-2.639615176210E0));
#5388=LINE('',#5387,#5386);
#5389=DIRECTION('',(-3.445356072611E-12,-1.074951318078E-1,9.942056108460E-1));
#5390=VECTOR('',#5389,2.866625050914E0);
#5391=CARTESIAN_POINT('',(-4.519059892327E1,1.124126170010E1,
-5.446631833282E0));
#5392=LINE('',#5391,#5390);
#5393=DIRECTION('',(-3.802285047040E-12,1.074951318202E-1,-9.942056108446E-1));
#5394=VECTOR('',#5393,2.866625050914E0);
#5395=CARTESIAN_POINT('',(-4.617209438084E1,1.262326300075E1,
-2.413875399398E0));
#5396=LINE('',#5395,#5394);
#5397=DIRECTION('',(-3.077520935075E-11,-1.074951318127E-1,9.942056108455E-1));
#5398=VECTOR('',#5397,2.866625050914E0);
#5399=CARTESIAN_POINT('',(-4.651850454230E1,1.313025236066E1,
-5.242391082841E0));
#5400=LINE('',#5399,#5398);
#5401=DIRECTION('',(1.E0,0.E0,0.E0));
#5402=VECTOR('',#5401,1.962990915213E0);
#5403=CARTESIAN_POINT('',(-4.848149545761E1,1.282210412296E1,
-2.392376373032E0));
#5404=LINE('',#5403,#5402);
#5405=DIRECTION('',(-3.048272588559E-11,1.074951318127E-1,-9.942056108455E-1));
#5406=VECTOR('',#5405,2.866625050914E0);
#5407=CARTESIAN_POINT('',(-4.848149545761E1,1.282210412296E1,
-2.392376373032E0));
#5408=LINE('',#5407,#5406);
#5409=DIRECTION('',(4.555801770834E-12,-1.074951318061E-1,9.942056108462E-1));
#5410=VECTOR('',#5409,2.866625050914E0);
#5411=CARTESIAN_POINT('',(-4.882790561916E1,1.293141123846E1,
-5.263890109207E0));
#5412=LINE('',#5411,#5410);
#5413=DIRECTION('',(-3.343730521224E-14,-1.074951318136E-1,9.942056108454E-1));
#5414=VECTOR('',#5413,1.7E0);
#5415=CARTESIAN_POINT('',(-4.865E1,1.073427234018E1,-2.618116149841E0));
#5416=LINE('',#5415,#5414);
#5417=DIRECTION('',(3.343730521224E-14,1.074951318145E-1,-9.942056108453E-1));
#5418=VECTOR('',#5417,1.7E0);
#5419=CARTESIAN_POINT('',(-4.635E1,1.055153061610E1,-9.279666114042E-1));
#5420=LINE('',#5419,#5418);
#5421=CARTESIAN_POINT('',(-4.75E1,1.055153061610E1,-9.279666114039E-1));
#5422=DIRECTION('',(0.E0,1.074951318136E-1,-9.942056108454E-1));
#5423=DIRECTION('',(1.E0,-2.201137822735E-12,-2.379738918001E-13));
#5424=AXIS2_PLACEMENT_3D('',#5421,#5422,#5423);
#5426=CARTESIAN_POINT('',(-4.75E1,1.055153061610E1,-9.279666114039E-1));
#5427=DIRECTION('',(0.E0,1.074951318136E-1,-9.942056108454E-1));
#5428=DIRECTION('',(-1.E0,-2.199593164614E-12,-2.377808095349E-13));
#5429=AXIS2_PLACEMENT_3D('',#5426,#5427,#5428);
#5431=CARTESIAN_POINT('',(4.75E1,1.055153061610E1,-9.279666114039E-1));
#5432=DIRECTION('',(0.E0,1.074951318136E-1,-9.942056108454E-1));
#5433=DIRECTION('',(1.E0,-2.198048506493E-12,-2.376842684024E-13));
#5434=AXIS2_PLACEMENT_3D('',#5431,#5432,#5433);
#5436=CARTESIAN_POINT('',(4.75E1,1.055153061610E1,-9.279666114039E-1));
#5437=DIRECTION('',(0.E0,1.074951318136E-1,-9.942056108454E-1));
#5438=DIRECTION('',(-1.E0,-2.202682480856E-12,-2.381669740652E-13));
#5439=AXIS2_PLACEMENT_3D('',#5436,#5437,#5438);
#5441=CARTESIAN_POINT('',(-4.75E1,1.055153061610E1,-9.279666114039E-1));
#5442=DIRECTION('',(0.E0,-1.074951318136E-1,9.942056108454E-1));
#5443=DIRECTION('',(1.E0,-2.202682480856E-12,-2.381292994769E-13));
#5444=AXIS2_PLACEMENT_3D('',#5441,#5442,#5443);
#5446=CARTESIAN_POINT('',(-4.75E1,1.055153061610E1,-9.279666114039E-1));
#5447=DIRECTION('',(0.E0,-1.074951318136E-1,9.942056108454E-1));
#5448=DIRECTION('',(-1.E0,-2.199216418731E-12,-2.378043561526E-13));
#5449=AXIS2_PLACEMENT_3D('',#5446,#5447,#5448);
#5451=CARTESIAN_POINT('',(4.75E1,1.055153061610E1,-9.279666114039E-1));
#5452=DIRECTION('',(0.E0,-1.074951318136E-1,9.942056108454E-1));
#5453=DIRECTION('',(1.E0,-2.198349903199E-12,-2.376960417112E-13));
#5454=AXIS2_PLACEMENT_3D('',#5451,#5452,#5453);
#5456=CARTESIAN_POINT('',(4.75E1,1.055153061610E1,-9.279666114039E-1));
#5457=DIRECTION('',(0.E0,-1.074951318136E-1,9.942056108454E-1));
#5458=DIRECTION('',(-1.E0,-2.201815965325E-12,-2.380751422562E-13));
#5459=AXIS2_PLACEMENT_3D('',#5456,#5457,#5458);
#5461=DIRECTION('',(-3.343730521224E-14,-1.074951318145E-1,9.942056108453E-1));
#5462=VECTOR('',#5461,1.7E0);
#5463=CARTESIAN_POINT('',(4.635E1,1.073427234018E1,-2.618116149841E0));
#5464=LINE('',#5463,#5462);
#5465=DIRECTION('',(3.343730521224E-14,1.074951318128E-1,-9.942056108454E-1));
#5466=VECTOR('',#5465,1.7E0);
#5467=CARTESIAN_POINT('',(4.865E1,1.055153061610E1,-9.279666114042E-1));
#5468=LINE('',#5467,#5466);
#5469=DIRECTION('',(4.999999999995E-1,8.610073155774E-1,9.309351493376E-2));
#5470=VECTOR('',#5469,1.962990915133E0);
#5471=CARTESIAN_POINT('',(4.882790561916E1,8.845281679613E0,-2.822356900283E0));
#5472=LINE('',#5471,#5470);
#5473=CARTESIAN_POINT('',(4.946299091524E1,1.073427234018E1,-2.618116149841E0));
#5474=DIRECTION('',(0.E0,-1.074951318136E-1,9.942056108454E-1));
#5475=DIRECTION('',(8.660254035989E-1,-4.971028057421E-1,-5.374756594133E-2));
#5476=AXIS2_PLACEMENT_3D('',#5473,#5474,#5475);
#5478=CARTESIAN_POINT('',(4.946299091524E1,1.073427234018E1,-2.618116149841E0));
#5479=DIRECTION('',(0.E0,-1.074951318136E-1,9.942056108454E-1));
#5480=DIRECTION('',(1.E0,-4.707345624411E-12,-5.084821452783E-13));
#5481=AXIS2_PLACEMENT_3D('',#5478,#5479,#5480);
#5483=DIRECTION('',(-4.999999999993E-1,8.610073155775E-1,9.309351493390E-2));
#5484=VECTOR('',#5483,1.962990915133E0);
#5485=CARTESIAN_POINT('',(4.980940107672E1,1.093311346241E1,-2.596617123472E0));
#5486=LINE('',#5485,#5484);
#5487=CARTESIAN_POINT('',(4.848149545762E1,1.242442187862E1,-2.435374425757E0));
#5488=DIRECTION('',(0.E0,-1.074951318136E-1,9.942056108454E-1));
#5489=DIRECTION('',(8.660254038920E-1,4.971028052374E-1,5.374756588676E-2));
#5490=AXIS2_PLACEMENT_3D('',#5487,#5488,#5489);
#5492=CARTESIAN_POINT('',(4.848149545762E1,1.242442187862E1,-2.435374425757E0));
#5493=DIRECTION('',(0.E0,-1.074951318136E-1,9.942056108454E-1));
#5494=DIRECTION('',(5.000000000023E-1,8.610073155758E-1,9.309351493359E-2));
#5495=AXIS2_PLACEMENT_3D('',#5492,#5493,#5494);
#5497=CARTESIAN_POINT('',(4.651850454238E1,1.242442187862E1,-2.435374425757E0));
#5498=DIRECTION('',(0.E0,-1.074951318136E-1,9.942056108454E-1));
#5499=DIRECTION('',(1.029576424116E-10,9.942056108454E-1,1.074951318136E-1));
#5500=AXIS2_PLACEMENT_3D('',#5497,#5498,#5499);
#5502=CARTESIAN_POINT('',(4.651850454238E1,1.242442187862E1,-2.435374425757E0));
#5503=DIRECTION('',(0.E0,-1.074951318136E-1,9.942056108454E-1));
#5504=DIRECTION('',(-5.000000000024E-1,8.610073155757E-1,9.309351493358E-2));
#5505=AXIS2_PLACEMENT_3D('',#5502,#5503,#5504);
#5507=DIRECTION('',(-4.999999999993E-1,-8.610073155775E-1,-9.309351493390E-2));
#5508=VECTOR('',#5507,1.962990915182E0);
#5509=CARTESIAN_POINT('',(4.617209438086E1,1.262326300078E1,-2.413875399396E0));
#5510=LINE('',#5509,#5508);
#5511=CARTESIAN_POINT('',(4.553700908476E1,1.073427234018E1,-2.618116149841E0));
#5512=DIRECTION('',(0.E0,-1.074951318136E-1,9.942056108454E-1));
#5513=DIRECTION('',(-8.660254036623E-1,4.971028056330E-1,5.374756592954E-2));
#5514=AXIS2_PLACEMENT_3D('',#5511,#5512,#5513);
#5516=CARTESIAN_POINT('',(4.553700908476E1,1.073427234018E1,-2.618116149841E0));
#5517=DIRECTION('',(0.E0,-1.074951318136E-1,9.942056108454E-1));
#5518=DIRECTION('',(-1.E0,-4.707345624411E-12,-5.084821452783E-13));
#5519=AXIS2_PLACEMENT_3D('',#5516,#5517,#5518);
#5521=DIRECTION('',(4.999999999995E-1,-8.610073155774E-1,-9.309351493376E-2));
#5522=VECTOR('',#5521,1.962990915111E0);
#5523=CARTESIAN_POINT('',(4.519059892328E1,1.053543121795E1,-2.639615176211E0));
#5524=LINE('',#5523,#5522);
#5525=CARTESIAN_POINT('',(4.651850454238E1,9.044122801744E0,-2.800857873924E0));
#5526=DIRECTION('',(0.E0,-1.074951318136E-1,9.942056108454E-1));
#5527=DIRECTION('',(-8.660254039595E-1,-4.971028051212E-1,-5.374756587420E-2));
#5528=AXIS2_PLACEMENT_3D('',#5525,#5526,#5527);
#5530=CARTESIAN_POINT('',(4.651850454238E1,9.044122801744E0,-2.800857873924E0));
#5531=DIRECTION('',(0.E0,-1.074951318136E-1,9.942056108454E-1));
#5532=DIRECTION('',(-5.E-1,-8.610073155771E-1,-9.309351493373E-2));
#5533=AXIS2_PLACEMENT_3D('',#5530,#5531,#5532);
#5535=CARTESIAN_POINT('',(4.848149545762E1,9.044122801744E0,-2.800857873924E0));
#5536=DIRECTION('',(0.E0,-1.074951318136E-1,9.942056108454E-1));
#5537=DIRECTION('',(1.065814103640E-11,-9.942056108454E-1,-1.074951318136E-1));
#5538=AXIS2_PLACEMENT_3D('',#5535,#5536,#5537);
#5540=CARTESIAN_POINT('',(4.848149545762E1,9.044122801744E0,-2.800857873924E0));
#5541=DIRECTION('',(0.E0,-1.074951318136E-1,9.942056108454E-1));
#5542=DIRECTION('',(5.E-1,-8.610073155771E-1,-9.309351493373E-2));
#5543=AXIS2_PLACEMENT_3D('',#5540,#5541,#5542);
#5545=CARTESIAN_POINT('',(4.75E1,1.073427234018E1,-2.618116149841E0));
#5546=DIRECTION('',(0.E0,1.074951318136E-1,-9.942056108454E-1));
#5547=DIRECTION('',(-1.E0,-2.457551070857E-12,-2.656811968494E-13));
#5548=AXIS2_PLACEMENT_3D('',#5545,#5546,#5547);
#5550=CARTESIAN_POINT('',(4.75E1,1.073427234018E1,-2.618116149841E0));
#5551=DIRECTION('',(0.E0,1.074951318136E-1,-9.942056108454E-1));
#5552=DIRECTION('',(1.E0,-2.452917096494E-12,-2.652950323191E-13));
#5553=AXIS2_PLACEMENT_3D('',#5550,#5551,#5552);
#5555=DIRECTION('',(-3.965877493653E-14,1.074951318145E-1,-9.942056108453E-1));
#5556=VECTOR('',#5555,2.866625050914E0);
#5557=CARTESIAN_POINT('',(4.980940107673E1,1.053543121795E1,-2.639615176210E0));
#5558=LINE('',#5557,#5556);
#5559=DIRECTION('',(-3.450313419478E-12,-1.074951318078E-1,9.942056108460E-1));
#5560=VECTOR('',#5559,2.866625050914E0);
#5561=CARTESIAN_POINT('',(4.980940107673E1,1.124126170010E1,-5.446631833282E0));
#5562=LINE('',#5561,#5560);
#5563=DIRECTION('',(-3.794849026739E-12,1.074951318202E-1,-9.942056108446E-1));
#5564=VECTOR('',#5563,2.866625050914E0);
#5565=CARTESIAN_POINT('',(4.882790561916E1,1.262326300075E1,-2.413875399398E0));
#5566=LINE('',#5565,#5564);
#5567=DIRECTION('',(-3.078512404448E-11,-1.074951318127E-1,9.942056108455E-1));
#5568=VECTOR('',#5567,2.866625050914E0);
#5569=CARTESIAN_POINT('',(4.848149545770E1,1.313025236066E1,-5.242391082841E0));
#5570=LINE('',#5569,#5568);
#5571=DIRECTION('',(1.E0,0.E0,0.E0));
#5572=VECTOR('',#5571,1.962990915213E0);
#5573=CARTESIAN_POINT('',(4.651850454239E1,1.282210412296E1,-2.392376373032E0));
#5574=LINE('',#5573,#5572);
#5575=DIRECTION('',(-3.048768323246E-11,1.074951318127E-1,-9.942056108455E-1));
#5576=VECTOR('',#5575,2.866625050914E0);
#5577=CARTESIAN_POINT('',(4.651850454239E1,1.282210412296E1,-2.392376373032E0));
#5578=LINE('',#5577,#5576);
#5579=DIRECTION('',(4.555801770834E-12,-1.074951318060E-1,9.942056108462E-1));
#5580=VECTOR('',#5579,2.866625050914E0);
#5581=CARTESIAN_POINT('',(4.617209438084E1,1.293141123846E1,-5.263890109207E0));
#5582=LINE('',#5581,#5580);
#5583=DIRECTION('',(-5.874456037474E-13,1.074951318129E-1,-9.942056108454E-1));
#5584=VECTOR('',#5583,2.866625050914E0);
#5585=CARTESIAN_POINT('',(4.519059892327E1,1.093311346239E1,-2.596617123474E0));
#5586=LINE('',#5585,#5584);
#5587=DIRECTION('',(4.652470034742E-12,-1.074951318232E-1,9.942056108443E-1));
#5588=VECTOR('',#5587,2.866625050914E0);
#5589=CARTESIAN_POINT('',(4.519059892326E1,1.084357945568E1,-5.489629886016E0));
#5590=LINE('',#5589,#5588);
#5591=DIRECTION('',(7.284821221155E-12,1.074951318026E-1,-9.942056108465E-1));
#5592=VECTOR('',#5591,2.866625050914E0);
#5593=CARTESIAN_POINT('',(4.617209438083E1,8.845281679625E0,-2.822356900281E0));
#5594=LINE('',#5593,#5592);
#5595=DIRECTION('',(-8.427489674013E-14,-1.074951318136E-1,9.942056108454E-1));
#5596=VECTOR('',#5595,2.866625050914E0);
#5597=CARTESIAN_POINT('',(4.651850454238E1,8.954588795114E0,-5.693870636458E0));
#5598=LINE('',#5597,#5596);
#5599=DIRECTION('',(-1.E0,0.E0,0.E0));
#5600=VECTOR('',#5599,1.962990915242E0);
#5601=CARTESIAN_POINT('',(4.848149545762E1,8.646440557406E0,-2.843855926649E0));
#5602=LINE('',#5601,#5600);
#5603=DIRECTION('',(-2.528246902203E-13,1.074951318136E-1,-9.942056108454E-1));
#5604=VECTOR('',#5603,2.866625050914E0);
#5605=CARTESIAN_POINT('',(4.848149545762E1,8.646440557406E0,-2.843855926649E0));
#5606=LINE('',#5605,#5604);
#5607=DIRECTION('',(6.741991739210E-13,-1.074951318134E-1,9.942056108454E-1));
#5608=VECTOR('',#5607,2.866625050914E0);
#5609=CARTESIAN_POINT('',(4.882790561916E1,9.153429917320E0,-5.672371610091E0));
#5610=LINE('',#5609,#5608);
#5611=DIRECTION('',(0.E0,-1.074951318136E-1,9.942056108454E-1));
#5612=VECTOR('',#5611,1.2E0);
#5613=CARTESIAN_POINT('',(-4.545E1,1.068052477427E1,-2.121013344419E0));
#5614=LINE('',#5613,#5612);
#5615=DIRECTION('',(0.E0,-1.074951318136E-1,9.942056108454E-1));
#5616=VECTOR('',#5615,1.2E0);
#5617=CARTESIAN_POINT('',(-4.955E1,1.068052477427E1,-2.121013344419E0));
#5618=LINE('',#5617,#5616);
#5619=DIRECTION('',(-1.776356839400E-14,-1.074951318136E-1,9.942056108454E-1));
#5620=VECTOR('',#5619,1.2E0);
#5621=CARTESIAN_POINT('',(4.955E1,1.068052477427E1,-2.121013344419E0));
#5622=LINE('',#5621,#5620);
#5623=DIRECTION('',(-1.776356839400E-14,-1.074951318136E-1,9.942056108454E-1));
#5624=VECTOR('',#5623,1.2E0);
#5625=CARTESIAN_POINT('',(4.545E1,1.068052477427E1,-2.121013344419E0));
#5626=LINE('',#5625,#5624);
#5627=CARTESIAN_POINT('',(-8.4E1,1.547646099902E1,-1.602468899485E0));
#5628=CARTESIAN_POINT('',(-8.4E1,5.503222585595E0,-2.680791699257E0));
#5629=VERTEX_POINT('',#5627);
#5630=VERTEX_POINT('',#5628);
#5631=CARTESIAN_POINT('',(-8.4E1,5.718980308490E0,-6.043709902071E0));
#5632=VERTEX_POINT('',#5631);
#5633=CARTESIAN_POINT('',(-8.400000000002E1,1.887670759353E1,
-4.621074972676E0));
#5634=VERTEX_POINT('',#5633);
#5635=CARTESIAN_POINT('',(-8.400000000003E1,1.932193413595E1,
-4.091959040529E0));
#5636=VERTEX_POINT('',#5635);
#5637=CARTESIAN_POINT('',(-8.4E1,1.832816007175E1,1.139754856992E1));
#5638=VERTEX_POINT('',#5637);
#5639=CARTESIAN_POINT('',(-8.4E1,1.513472578413E1,1.119266457675E1));
#5640=VERTEX_POINT('',#5639);
#5641=CARTESIAN_POINT('',(-8.4E1,1.592168754039E1,-1.073352970390E0));
#5642=VERTEX_POINT('',#5641);
#5643=CARTESIAN_POINT('',(8.4E1,5.503222585595E0,-2.680791699257E0));
#5644=CARTESIAN_POINT('',(8.4E1,1.547646099863E1,-1.602468899479E0));
#5645=VERTEX_POINT('',#5643);
#5646=VERTEX_POINT('',#5644);
#5647=CARTESIAN_POINT('',(8.4E1,5.718980308490E0,-6.043709902071E0));
#5648=VERTEX_POINT('',#5647);
#5649=CARTESIAN_POINT('',(8.4E1,1.592168754027E1,-1.073352969578E0));
#5650=VERTEX_POINT('',#5649);
#5651=CARTESIAN_POINT('',(8.4E1,1.513472578413E1,1.119266457675E1));
#5652=VERTEX_POINT('',#5651);
#5653=CARTESIAN_POINT('',(8.4E1,1.832816007175E1,1.139754856992E1));
#5654=VERTEX_POINT('',#5653);
#5655=CARTESIAN_POINT('',(8.399999999999E1,1.932193413655E1,-4.091959044231E0));
#5656=VERTEX_POINT('',#5655);
#5657=CARTESIAN_POINT('',(8.399999999997E1,1.887670759760E1,-4.621074972595E0));
#5658=VERTEX_POINT('',#5657);
#5659=VERTEX_POINT('',#85);
#5660=VERTEX_POINT('',#93);
#5661=CARTESIAN_POINT('',(-1.162343154739E1,8.951340498908E0,
-5.694221847540E0));
#5662=VERTEX_POINT('',#5661);
#5663=VERTEX_POINT('',#102);
#5664=CARTESIAN_POINT('',(-1.182010538003E1,9.738773471815E0,
-5.609083310508E0));
#5665=VERTEX_POINT('',#5664);
#5666=CARTESIAN_POINT('',(-1.186032963077E1,9.807510570325E0,
-5.601651343333E0));
#5667=VERTEX_POINT('',#5666);
#5668=CARTESIAN_POINT('',(-1.271484502246E1,1.029425632345E1,
-5.549023598809E0));
#5669=VERTEX_POINT('',#5668);
#5670=VERTEX_POINT('',#118);
#5671=CARTESIAN_POINT('',(-1.285208200285E1,1.267846226653E1,
-5.291239364516E0));
#5672=VERTEX_POINT('',#5671);
#5673=VERTEX_POINT('',#128);
#5674=CARTESIAN_POINT('',(-1.168082671287E1,1.287521628258E1,
-5.269965999469E0));
#5675=VERTEX_POINT('',#5674);
#5676=VERTEX_POINT('',#137);
#5677=CARTESIAN_POINT('',(-1.148145467802E1,1.126701395259E1,
-5.443847457750E0));
#5678=VERTEX_POINT('',#5677);
#5679=VERTEX_POINT('',#149);
#5680=CARTESIAN_POINT('',(-1.080736917040E1,1.268510631231E1,
-5.290520999452E0));
#5681=VERTEX_POINT('',#5680);
#5682=VERTEX_POINT('',#158);
#5683=CARTESIAN_POINT('',(-9.636134983708E0,1.288186025183E1,
-5.269247642680E0));
#5684=VERTEX_POINT('',#5683);
#5685=VERTEX_POINT('',#167);
#5686=CARTESIAN_POINT('',(-9.434313040802E0,1.052769232635E1,
-5.523784117530E0));
#5687=VERTEX_POINT('',#5686);
#5688=VERTEX_POINT('',#174);
#5689=CARTESIAN_POINT('',(-1.041438453210E1,9.812041482151E0,
-5.601161453758E0));
#5690=VERTEX_POINT('',#5689);
#5691=CARTESIAN_POINT('',(-1.045414211795E1,9.743052539565E0,
-5.608620650725E0));
#5692=VERTEX_POINT('',#5691);
#5693=CARTESIAN_POINT('',(-8.552120687275E0,8.961320364816E0,
-5.693142808165E0));
#5694=CARTESIAN_POINT('',(-7.574335926837E0,8.964497527118E0,
-5.692799288196E0));
#5695=VERTEX_POINT('',#5693);
#5696=VERTEX_POINT('',#5694);
#5697=VERTEX_POINT('',#192);
#5698=CARTESIAN_POINT('',(-8.758477434667E0,1.269180547324E1,
-5.289796675249E0));
#5699=VERTEX_POINT('',#5698);
#5700=VERTEX_POINT('',#201);
#5701=CARTESIAN_POINT('',(-7.587243184971E0,1.288853863655E1,
-5.268525564835E0));
#5702=VERTEX_POINT('',#5701);
#5703=VERTEX_POINT('',#210);
#5704=CARTESIAN_POINT('',(-7.389126001441E0,1.166213659847E1,
-5.401126152984E0));
#5705=VERTEX_POINT('',#5704);
#5706=VERTEX_POINT('',#222);
#5707=CARTESIAN_POINT('',(-6.713775265238E0,1.269844947121E1,
-5.289078315354E0));
#5708=VERTEX_POINT('',#5707);
#5709=VERTEX_POINT('',#231);
#5710=CARTESIAN_POINT('',(-5.542530555517E0,1.289518267370E1,
-5.267807200704E0));
#5711=VERTEX_POINT('',#5710);
#5712=VERTEX_POINT('',#240);
#5713=CARTESIAN_POINT('',(-5.336184257349E0,9.164697530891E0,
-5.671153337338E0));
#5714=VERTEX_POINT('',#5713);
#5715=VERTEX_POINT('',#249);
#5716=CARTESIAN_POINT('',(-6.507408057817E0,8.967964401974E0,
-5.692424444033E0));
#5717=VERTEX_POINT('',#5716);
#5718=VERTEX_POINT('',#258);
#5719=CARTESIAN_POINT('',(-6.705535688882E0,1.019436640635E1,
-5.559823859528E0));
#5720=VERTEX_POINT('',#5719);
#5721=VERTEX_POINT('',#270);
#5722=CARTESIAN_POINT('',(-7.380875977011E0,9.158053566764E0,
-5.671871693573E0));
#5723=VERTEX_POINT('',#5722);
#5724=VERTEX_POINT('',#281);
#5725=VERTEX_POINT('',#286);
#5726=CARTESIAN_POINT('',(-4.663054487318E0,1.216418257311E1,
-5.346844123561E0));
#5727=VERTEX_POINT('',#5726);
#5728=VERTEX_POINT('',#293);
#5729=CARTESIAN_POINT('',(-3.762985895383E0,1.283345376145E1,
-5.274481431353E0));
#5730=VERTEX_POINT('',#5729);
#5731=VERTEX_POINT('',#305);
#5732=CARTESIAN_POINT('',(-2.415834521259E0,1.290678957311E1,
-5.266552243814E0));
#5733=VERTEX_POINT('',#5732);
#5734=VERTEX_POINT('',#313);
#5735=CARTESIAN_POINT('',(-1.385101977581E0,1.239957956900E1,
-5.321392616523E0));
#5736=VERTEX_POINT('',#5735);
#5737=VERTEX_POINT('',#324);
#5738=CARTESIAN_POINT('',(-1.242538846582E0,9.177993677315E0,
-5.669715736306E0));
#5739=VERTEX_POINT('',#5738);
#5740=VERTEX_POINT('',#333);
#5741=CARTESIAN_POINT('',(-2.413768299112E0,8.981255160958E0,
-5.690987425500E0));
#5742=VERTEX_POINT('',#5741);
#5743=VERTEX_POINT('',#342);
#5744=CARTESIAN_POINT('',(-2.610337199358E0,9.735125714131E0,
-5.609477712016E0));
#5745=VERTEX_POINT('',#5744);
#5746=CARTESIAN_POINT('',(-2.690594759488E0,9.814387906705E0,
-5.600907754509E0));
#5747=VERTEX_POINT('',#5746);
#5748=CARTESIAN_POINT('',(-3.494259915358E0,9.811776497403E0,
-5.601190104341E0));
#5749=VERTEX_POINT('',#5748);
#5750=VERTEX_POINT('',#355);
#5751=VERTEX_POINT('',#361);
#5752=VERTEX_POINT('',#366);
#5753=CARTESIAN_POINT('',(1.723559138154E0,9.300314537872E0,-5.656490205404E0));
#5754=VERTEX_POINT('',#5753);
#5755=VERTEX_POINT('',#374);
#5756=CARTESIAN_POINT('',(-4.423573353600E-1,1.022306088590E1,
-5.556721365610E0));
#5757=VERTEX_POINT('',#5756);
#5758=VERTEX_POINT('',#385);
#5759=CARTESIAN_POINT('',(-5.670718347825E-1,1.146972917018E1,
-5.421929557874E0));
#5760=VERTEX_POINT('',#5759);
#5761=VERTEX_POINT('',#392);
#5762=CARTESIAN_POINT('',(1.440768223419E0,1.276945706559E1,-5.281400858463E0));
#5763=VERTEX_POINT('',#5762);
#5764=VERTEX_POINT('',#404);
#5765=CARTESIAN_POINT('',(1.715989050715E0,1.160330948965E1,-5.407486635915E0));
#5766=VERTEX_POINT('',#5765);
#5767=VERTEX_POINT('',#411);
#5768=CARTESIAN_POINT('',(1.012249418412E0,1.105910306417E1,-5.466327122030E0));
#5769=VERTEX_POINT('',#5768);
#5770=VERTEX_POINT('',#423);
#5771=VERTEX_POINT('',#429);
#5772=VERTEX_POINT('',#434);
#5773=CARTESIAN_POINT('',(2.395296809321E0,1.272644401558E1,-5.286051499568E0));
#5774=VERTEX_POINT('',#5773);
#5775=VERTEX_POINT('',#443);
#5776=CARTESIAN_POINT('',(3.566542066758E0,1.292318255618E1,-5.264779807753E0));
#5777=VERTEX_POINT('',#5776);
#5778=VERTEX_POINT('',#452);
#5779=CARTESIAN_POINT('',(3.768660426097E0,1.048101593876E1,-5.528830844668E0));
#5780=VERTEX_POINT('',#5779);
#5781=VERTEX_POINT('',#464);
#5782=CARTESIAN_POINT('',(4.440008878631E0,1.273308804818E1,-5.285333135930E0));
#5783=VERTEX_POINT('',#5782);
#5784=VERTEX_POINT('',#473);
#5785=CARTESIAN_POINT('',(5.611238340306E0,1.292982654019E1,-5.264061449368E0));
#5786=VERTEX_POINT('',#5785);
#5787=VERTEX_POINT('',#482);
#5788=CARTESIAN_POINT('',(5.815806517477E0,9.741699533254E0,-5.608766939974E0));
#5789=VERTEX_POINT('',#5788);
#5790=VERTEX_POINT('',#489);
#5791=CARTESIAN_POINT('',(4.919228331386E0,9.074396587807E0,-5.680916822551E0));
#5792=VERTEX_POINT('',#5791);
#5793=VERTEX_POINT('',#497);
#5794=CARTESIAN_POINT('',(3.568603330276E0,8.999155442772E0,-5.689052017842E0));
#5795=VERTEX_POINT('',#5794);
#5796=VERTEX_POINT('',#505);
#5797=CARTESIAN_POINT('',(9.688110629480E0,1.294310641645E1,-5.262625607493E0));
#5798=CARTESIAN_POINT('',(8.507835227854E0,1.293927128589E1,-5.263040268061E0));
#5799=VERTEX_POINT('',#5797);
#5800=VERTEX_POINT('',#5798);
#5801=VERTEX_POINT('',#518);
#5802=CARTESIAN_POINT('',(9.894457125066E0,9.212558952054E0,-5.665978482439E0));
#5803=VERTEX_POINT('',#5802);
#5804=VERTEX_POINT('',#527);
#5805=CARTESIAN_POINT('',(8.919041021249E0,9.016462082510E0,-5.687180795732E0));
#5806=VERTEX_POINT('',#5805);
#5807=VERTEX_POINT('',#536);
#5808=CARTESIAN_POINT('',(8.720227223386E0,1.045186663476E1,-5.531982514948E0));
#5809=VERTEX_POINT('',#5808);
#5810=VERTEX_POINT('',#547);
#5811=CARTESIAN_POINT('',(8.128816249179E0,9.221450411273E0,-5.665017123370E0));
#5812=VERTEX_POINT('',#5811);
#5813=VERTEX_POINT('',#560);
#5814=CARTESIAN_POINT('',(6.695300322400E0,9.009236739261E0,-5.687962011627E0));
#5815=VERTEX_POINT('',#5814);
#5816=VERTEX_POINT('',#569);
#5817=CARTESIAN_POINT('',(6.488953899436E0,1.273976300951E1,-5.284611428227E0));
#5818=VERTEX_POINT('',#5817);
#5819=VERTEX_POINT('',#578);
#5820=CARTESIAN_POINT('',(7.464369940897E0,1.293588065010E1,-5.263406869133E0));
#5821=VERTEX_POINT('',#5820);
#5822=VERTEX_POINT('',#587);
#5823=CARTESIAN_POINT('',(7.663183357541E0,1.150058589927E1,-5.418593278010E0));
#5824=VERTEX_POINT('',#5823);
#5825=VERTEX_POINT('',#597);
#5826=CARTESIAN_POINT('',(8.253895131088E0,1.272696461020E1,-5.285995212028E0));
#5827=VERTEX_POINT('',#5826);
#5828=VERTEX_POINT('',#608);
#5829=VERTEX_POINT('',#614);
#5830=CARTESIAN_POINT('',(1.057377138217E1,1.033577780539E1,-5.544534228476E0));
#5831=VERTEX_POINT('',#5830);
#5832=VERTEX_POINT('',#621);
#5833=CARTESIAN_POINT('',(1.127751101658E1,1.087998423257E1,-5.485693742176E0));
#5834=VERTEX_POINT('',#5833);
#5835=VERTEX_POINT('',#633);
#5836=CARTESIAN_POINT('',(1.069121172227E1,1.141999945739E1,-5.427306415511E0));
#5837=VERTEX_POINT('',#5836);
#5838=VERTEX_POINT('',#644);
#5839=CARTESIAN_POINT('',(1.056620129464E1,1.263877275605E1,-5.295530659106E0));
#5840=VERTEX_POINT('',#5839);
#5841=VERTEX_POINT('',#652);
#5842=CARTESIAN_POINT('',(1.273211777203E1,1.171602640737E1,-5.395299498973E0));
#5843=VERTEX_POINT('',#5842);
#5844=VERTEX_POINT('',#663);
#5845=CARTESIAN_POINT('',(1.285683226748E1,1.046935811955E1,-5.530091307090E0));
#5846=VERTEX_POINT('',#5845);
#5847=VERTEX_POINT('',#670);
#5848=CARTESIAN_POINT('',(-4.980940107673E1,1.124126170010E1,
-5.446631833282E0));
#5849=CARTESIAN_POINT('',(-4.882790561916E1,1.293141123846E1,
-5.263890109207E0));
#5850=VERTEX_POINT('',#5848);
#5851=VERTEX_POINT('',#5849);
#5852=CARTESIAN_POINT('',(-4.868149545762E1,1.307697304256E1,
-5.248151729593E0));
#5853=VERTEX_POINT('',#5852);
#5854=CARTESIAN_POINT('',(-4.848149545780E1,1.313025236067E1,
-5.242391082841E0));
#5855=VERTEX_POINT('',#5854);
#5856=CARTESIAN_POINT('',(-4.651850454230E1,1.313025236066E1,
-5.242391082841E0));
#5857=VERTEX_POINT('',#5856);
#5858=CARTESIAN_POINT('',(-4.631850454238E1,1.307697304256E1,
-5.248151729593E0));
#5859=VERTEX_POINT('',#5858);
#5860=CARTESIAN_POINT('',(-4.617209438085E1,1.293141123847E1,
-5.263890109206E0));
#5861=VERTEX_POINT('',#5860);
#5862=CARTESIAN_POINT('',(-4.519059892327E1,1.124126170010E1,
-5.446631833282E0));
#5863=VERTEX_POINT('',#5862);
#5864=CARTESIAN_POINT('',(-4.513700908476E1,1.104242057789E1,
-5.468130859649E0));
#5865=VERTEX_POINT('',#5864);
#5866=CARTESIAN_POINT('',(-4.519059892331E1,1.084357945561E1,
-5.489629886024E0));
#5867=VERTEX_POINT('',#5866);
#5868=CARTESIAN_POINT('',(-4.617209438084E1,9.153429917321E0,
-5.672371610091E0));
#5869=VERTEX_POINT('',#5868);
#5870=CARTESIAN_POINT('',(-4.631850454238E1,9.007868113221E0,
-5.688109989705E0));
#5871=VERTEX_POINT('',#5870);
#5872=CARTESIAN_POINT('',(-4.651850454238E1,8.954588795114E0,
-5.693870636457E0));
#5873=VERTEX_POINT('',#5872);
#5874=CARTESIAN_POINT('',(-4.848149545762E1,8.954588795114E0,
-5.693870636458E0));
#5875=VERTEX_POINT('',#5874);
#5876=CARTESIAN_POINT('',(-4.868149545762E1,9.007868113221E0,
-5.688109989705E0));
#5877=VERTEX_POINT('',#5876);
#5878=CARTESIAN_POINT('',(-4.882790561915E1,9.153429917313E0,
-5.672371610091E0));
#5879=VERTEX_POINT('',#5878);
#5880=CARTESIAN_POINT('',(-4.980940107674E1,1.084357945568E1,
-5.489629886016E0));
#5881=VERTEX_POINT('',#5880);
#5882=CARTESIAN_POINT('',(-4.986299091524E1,1.104242057789E1,
-5.468130859649E0));
#5883=VERTEX_POINT('',#5882);
#5884=CARTESIAN_POINT('',(4.519059892327E1,1.124126170010E1,-5.446631833282E0));
#5885=CARTESIAN_POINT('',(4.617209438084E1,1.293141123846E1,-5.263890109207E0));
#5886=VERTEX_POINT('',#5884);
#5887=VERTEX_POINT('',#5885);
#5888=CARTESIAN_POINT('',(4.631850454238E1,1.307697304256E1,-5.248151729593E0));
#5889=VERTEX_POINT('',#5888);
#5890=CARTESIAN_POINT('',(4.651850454220E1,1.313025236067E1,-5.242391082841E0));
#5891=VERTEX_POINT('',#5890);
#5892=CARTESIAN_POINT('',(4.848149545770E1,1.313025236066E1,-5.242391082841E0));
#5893=VERTEX_POINT('',#5892);
#5894=CARTESIAN_POINT('',(4.868149545762E1,1.307697304256E1,-5.248151729593E0));
#5895=VERTEX_POINT('',#5894);
#5896=CARTESIAN_POINT('',(4.882790561915E1,1.293141123847E1,-5.263890109206E0));
#5897=VERTEX_POINT('',#5896);
#5898=CARTESIAN_POINT('',(4.980940107673E1,1.124126170010E1,-5.446631833282E0));
#5899=VERTEX_POINT('',#5898);
#5900=CARTESIAN_POINT('',(4.986299091524E1,1.104242057789E1,-5.468130859649E0));
#5901=VERTEX_POINT('',#5900);
#5902=CARTESIAN_POINT('',(4.980940107669E1,1.084357945561E1,-5.489629886024E0));
#5903=VERTEX_POINT('',#5902);
#5904=CARTESIAN_POINT('',(4.882790561916E1,9.153429917320E0,-5.672371610091E0));
#5905=VERTEX_POINT('',#5904);
#5906=CARTESIAN_POINT('',(4.868149545762E1,9.007868113221E0,-5.688109989706E0));
#5907=VERTEX_POINT('',#5906);
#5908=CARTESIAN_POINT('',(4.848149545762E1,8.954588795114E0,-5.693870636458E0));
#5909=VERTEX_POINT('',#5908);
#5910=CARTESIAN_POINT('',(4.651850454238E1,8.954588795114E0,-5.693870636458E0));
#5911=VERTEX_POINT('',#5910);
#5912=CARTESIAN_POINT('',(4.631850454238E1,9.007868113221E0,-5.688109989705E0));
#5913=VERTEX_POINT('',#5912);
#5914=CARTESIAN_POINT('',(4.617209438085E1,9.153429917313E0,-5.672371610091E0));
#5915=VERTEX_POINT('',#5914);
#5916=CARTESIAN_POINT('',(4.519059892326E1,1.084357945568E1,-5.489629886016E0));
#5917=VERTEX_POINT('',#5916);
#5918=CARTESIAN_POINT('',(4.513700908476E1,1.104242057789E1,-5.468130859649E0));
#5919=VERTEX_POINT('',#5918);
#5920=CARTESIAN_POINT('',(2.549999999999E0,1.855293555063E1,7.894074676558E0));
#5921=CARTESIAN_POINT('',(-2.550000000001E0,1.855293555031E1,7.894074681576E0));
#5922=VERTEX_POINT('',#5920);
#5923=VERTEX_POINT('',#5921);
#5924=CARTESIAN_POINT('',(2.655E1,1.906514553357E1,-8.951104248935E-2));
#5925=CARTESIAN_POINT('',(2.145E1,1.906514553325E1,-8.951103747128E-2));
#5926=VERTEX_POINT('',#5924);
#5927=VERTEX_POINT('',#5925);
#5928=CARTESIAN_POINT('',(-5.450000000001E0,1.906514553357E1,
-8.951104248935E-2));
#5929=CARTESIAN_POINT('',(-1.055E1,1.906514553325E1,-8.951103747128E-2));
#5930=VERTEX_POINT('',#5928);
#5931=VERTEX_POINT('',#5929);
#5932=CARTESIAN_POINT('',(-1.345E1,1.906514553357E1,-8.951104248935E-2));
#5933=CARTESIAN_POINT('',(-1.855E1,1.906514553325E1,-8.951103747128E-2));
#5934=VERTEX_POINT('',#5932);
#5935=VERTEX_POINT('',#5933);
#5936=CARTESIAN_POINT('',(-2.145E1,1.906514553357E1,-8.951104248935E-2));
#5937=CARTESIAN_POINT('',(-2.655E1,1.906514553325E1,-8.951103747128E-2));
#5938=VERTEX_POINT('',#5936);
#5939=VERTEX_POINT('',#5937);
#5940=CARTESIAN_POINT('',(-2.945E1,1.906514553357E1,-8.951104248935E-2));
#5941=CARTESIAN_POINT('',(-3.455E1,1.906514553325E1,-8.951103747128E-2));
#5942=VERTEX_POINT('',#5940);
#5943=VERTEX_POINT('',#5941);
#5944=CARTESIAN_POINT('',(-6.945E1,1.906514553357E1,-8.951104248935E-2));
#5945=CARTESIAN_POINT('',(-7.455E1,1.906514553325E1,-8.951103747128E-2));
#5946=VERTEX_POINT('',#5944);
#5947=VERTEX_POINT('',#5945);
#5948=CARTESIAN_POINT('',(-4.545E1,1.906514553357E1,-8.951104248935E-2));
#5949=CARTESIAN_POINT('',(-5.055E1,1.906514553325E1,-8.951103747128E-2));
#5950=VERTEX_POINT('',#5948);
#5951=VERTEX_POINT('',#5949);
#5952=CARTESIAN_POINT('',(-5.345E1,1.906514553357E1,-8.951104248935E-2));
#5953=CARTESIAN_POINT('',(-5.855E1,1.906514553325E1,-8.951103747128E-2));
#5954=VERTEX_POINT('',#5952);
#5955=VERTEX_POINT('',#5953);
#5956=CARTESIAN_POINT('',(-7.745E1,1.906514553357E1,-8.951104248935E-2));
#5957=CARTESIAN_POINT('',(-8.255E1,1.906514553325E1,-8.951103747128E-2));
#5958=VERTEX_POINT('',#5956);
#5959=VERTEX_POINT('',#5957);
#5960=CARTESIAN_POINT('',(-3.745E1,1.906514553357E1,-8.951104248935E-2));
#5961=CARTESIAN_POINT('',(-4.255E1,1.906514553325E1,-8.951103747128E-2));
#5962=VERTEX_POINT('',#5960);
#5963=VERTEX_POINT('',#5961);
#5964=CARTESIAN_POINT('',(-6.145E1,1.906514553357E1,-8.951104248935E-2));
#5965=CARTESIAN_POINT('',(-6.655E1,1.906514553325E1,-8.951103747128E-2));
#5966=VERTEX_POINT('',#5964);
#5967=VERTEX_POINT('',#5965);
#5968=CARTESIAN_POINT('',(6.655E1,1.855293555063E1,7.894074676558E0));
#5969=CARTESIAN_POINT('',(6.145E1,1.855293555031E1,7.894074681576E0));
#5970=VERTEX_POINT('',#5968);
#5971=VERTEX_POINT('',#5969);
#5972=CARTESIAN_POINT('',(5.855E1,1.855293555063E1,7.894074676558E0));
#5973=CARTESIAN_POINT('',(5.345E1,1.855293555031E1,7.894074681576E0));
#5974=VERTEX_POINT('',#5972);
#5975=VERTEX_POINT('',#5973);
#5976=CARTESIAN_POINT('',(5.055E1,1.855293555063E1,7.894074676558E0));
#5977=CARTESIAN_POINT('',(4.545E1,1.855293555031E1,7.894074681576E0));
#5978=VERTEX_POINT('',#5976);
#5979=VERTEX_POINT('',#5977);
#5980=CARTESIAN_POINT('',(4.255E1,1.855293555063E1,7.894074676558E0));
#5981=CARTESIAN_POINT('',(3.745E1,1.855293555031E1,7.894074681576E0));
#5982=VERTEX_POINT('',#5980);
#5983=VERTEX_POINT('',#5981);
#5984=CARTESIAN_POINT('',(3.455E1,1.855293555063E1,7.894074676558E0));
#5985=CARTESIAN_POINT('',(2.945E1,1.855293555031E1,7.894074681576E0));
#5986=VERTEX_POINT('',#5984);
#5987=VERTEX_POINT('',#5985);
#5988=CARTESIAN_POINT('',(2.655E1,1.855293555063E1,7.894074676558E0));
#5989=CARTESIAN_POINT('',(2.145E1,1.855293555031E1,7.894074681576E0));
#5990=VERTEX_POINT('',#5988);
#5991=VERTEX_POINT('',#5989);
#5992=CARTESIAN_POINT('',(1.855E1,1.855293555063E1,7.894074676558E0));
#5993=CARTESIAN_POINT('',(1.345E1,1.855293555031E1,7.894074681576E0));
#5994=VERTEX_POINT('',#5992);
#5995=VERTEX_POINT('',#5993);
#5996=CARTESIAN_POINT('',(1.055E1,1.855293555063E1,7.894074676558E0));
#5997=CARTESIAN_POINT('',(5.449999999999E0,1.855293555031E1,7.894074681576E0));
#5998=VERTEX_POINT('',#5996);
#5999=VERTEX_POINT('',#5997);
#6000=CARTESIAN_POINT('',(-5.450000000001E0,1.855293555063E1,7.894074676558E0));
#6001=CARTESIAN_POINT('',(-1.055E1,1.855293555031E1,7.894074681576E0));
#6002=VERTEX_POINT('',#6000);
#6003=VERTEX_POINT('',#6001);
#6004=CARTESIAN_POINT('',(-1.345E1,1.855293555063E1,7.894074676558E0));
#6005=CARTESIAN_POINT('',(-1.855E1,1.855293555031E1,7.894074681576E0));
#6006=VERTEX_POINT('',#6004);
#6007=VERTEX_POINT('',#6005);
#6008=CARTESIAN_POINT('',(-2.145E1,1.855293555063E1,7.894074676558E0));
#6009=CARTESIAN_POINT('',(-2.655E1,1.855293555031E1,7.894074681576E0));
#6010=VERTEX_POINT('',#6008);
#6011=VERTEX_POINT('',#6009);
#6012=CARTESIAN_POINT('',(-2.945E1,1.855293555063E1,7.894074676558E0));
#6013=CARTESIAN_POINT('',(-3.455E1,1.855293555031E1,7.894074681576E0));
#6014=VERTEX_POINT('',#6012);
#6015=VERTEX_POINT('',#6013);
#6016=CARTESIAN_POINT('',(-3.745E1,1.855293555063E1,7.894074676558E0));
#6017=CARTESIAN_POINT('',(-4.255E1,1.855293555031E1,7.894074681576E0));
#6018=VERTEX_POINT('',#6016);
#6019=VERTEX_POINT('',#6017);
#6020=CARTESIAN_POINT('',(-4.545E1,1.855293555063E1,7.894074676558E0));
#6021=CARTESIAN_POINT('',(-5.055E1,1.855293555031E1,7.894074681576E0));
#6022=VERTEX_POINT('',#6020);
#6023=VERTEX_POINT('',#6021);
#6024=CARTESIAN_POINT('',(-5.345E1,1.855293555063E1,7.894074676558E0));
#6025=CARTESIAN_POINT('',(-5.855E1,1.855293555031E1,7.894074681576E0));
#6026=VERTEX_POINT('',#6024);
#6027=VERTEX_POINT('',#6025);
#6028=CARTESIAN_POINT('',(-6.145E1,1.855293555063E1,7.894074676558E0));
#6029=CARTESIAN_POINT('',(-6.655E1,1.855293555031E1,7.894074681576E0));
#6030=VERTEX_POINT('',#6028);
#6031=VERTEX_POINT('',#6029);
#6032=CARTESIAN_POINT('',(-6.945E1,1.855293555063E1,7.894074676558E0));
#6033=CARTESIAN_POINT('',(-7.455E1,1.855293555031E1,7.894074681576E0));
#6034=VERTEX_POINT('',#6032);
#6035=VERTEX_POINT('',#6033);
#6036=CARTESIAN_POINT('',(-7.745E1,1.855293555063E1,7.894074676558E0));
#6037=CARTESIAN_POINT('',(-8.255E1,1.855293555031E1,7.894074681576E0));
#6038=VERTEX_POINT('',#6036);
#6039=VERTEX_POINT('',#6037);
#6040=CARTESIAN_POINT('',(6.655E1,1.906514553357E1,-8.951104248935E-2));
#6041=CARTESIAN_POINT('',(6.145E1,1.906514553325E1,-8.951103747128E-2));
#6042=VERTEX_POINT('',#6040);
#6043=VERTEX_POINT('',#6041);
#6044=CARTESIAN_POINT('',(5.855E1,1.906514553357E1,-8.951104248935E-2));
#6045=CARTESIAN_POINT('',(5.345E1,1.906514553325E1,-8.951103747128E-2));
#6046=VERTEX_POINT('',#6044);
#6047=VERTEX_POINT('',#6045);
#6048=CARTESIAN_POINT('',(5.055E1,1.906514553357E1,-8.951104248935E-2));
#6049=CARTESIAN_POINT('',(4.545E1,1.906514553325E1,-8.951103747128E-2));
#6050=VERTEX_POINT('',#6048);
#6051=VERTEX_POINT('',#6049);
#6052=CARTESIAN_POINT('',(4.255E1,1.906514553357E1,-8.951104248935E-2));
#6053=CARTESIAN_POINT('',(3.745E1,1.906514553325E1,-8.951103747128E-2));
#6054=VERTEX_POINT('',#6052);
#6055=VERTEX_POINT('',#6053);
#6056=CARTESIAN_POINT('',(3.455E1,1.906514553357E1,-8.951104248935E-2));
#6057=CARTESIAN_POINT('',(2.945E1,1.906514553325E1,-8.951103747128E-2));
#6058=VERTEX_POINT('',#6056);
#6059=VERTEX_POINT('',#6057);
#6060=CARTESIAN_POINT('',(1.055E1,1.906514553357E1,-8.951104248935E-2));
#6061=CARTESIAN_POINT('',(5.449999999999E0,1.906514553325E1,
-8.951103747128E-2));
#6062=VERTEX_POINT('',#6060);
#6063=VERTEX_POINT('',#6061);
#6064=CARTESIAN_POINT('',(1.855E1,1.906514553357E1,-8.951104248935E-2));
#6065=CARTESIAN_POINT('',(1.345E1,1.906514553325E1,-8.951103747128E-2));
#6066=VERTEX_POINT('',#6064);
#6067=VERTEX_POINT('',#6065);
#6068=CARTESIAN_POINT('',(2.549999999999E0,1.906514553357E1,
-8.951104248935E-2));
#6069=CARTESIAN_POINT('',(-2.550000000001E0,1.906514553325E1,
-8.951103747128E-2));
#6070=VERTEX_POINT('',#6068);
#6071=VERTEX_POINT('',#6069);
#6072=CARTESIAN_POINT('',(7.455E1,1.906514553357E1,-8.951104248935E-2));
#6073=CARTESIAN_POINT('',(6.945E1,1.906514553325E1,-8.951103747128E-2));
#6074=VERTEX_POINT('',#6072);
#6075=VERTEX_POINT('',#6073);
#6076=CARTESIAN_POINT('',(8.255E1,1.906514553357E1,-8.951104248935E-2));
#6077=CARTESIAN_POINT('',(7.745E1,1.906514553325E1,-8.951103747128E-2));
#6078=VERTEX_POINT('',#6076);
#6079=VERTEX_POINT('',#6077);
#6080=CARTESIAN_POINT('',(7.455E1,1.855293555063E1,7.894074676558E0));
#6081=CARTESIAN_POINT('',(6.945E1,1.855293555031E1,7.894074681576E0));
#6082=VERTEX_POINT('',#6080);
#6083=VERTEX_POINT('',#6081);
#6084=CARTESIAN_POINT('',(8.255E1,1.855293555063E1,7.894074676558E0));
#6085=CARTESIAN_POINT('',(7.745E1,1.855293555031E1,7.894074681576E0));
#6086=VERTEX_POINT('',#6084);
#6087=VERTEX_POINT('',#6085);
#6088=CARTESIAN_POINT('',(-2.550000000001E0,1.985026822961E1,7.977308804471E0));
#6089=CARTESIAN_POINT('',(2.537668487973E0,1.986630532193E1,7.727345887881E0));
#6090=VERTEX_POINT('',#6088);
#6091=VERTEX_POINT('',#6089);
#6092=CARTESIAN_POINT('',(2.549999999999E0,1.985026822997E1,7.977308798785E0));
#6093=VERTEX_POINT('',#6092);
#6094=CARTESIAN_POINT('',(2.05E0,2.034924233790E1,8.009321915165E0));
#6095=VERTEX_POINT('',#6094);
#6096=CARTESIAN_POINT('',(-2.05E0,2.034924233718E1,8.009321926367E0));
#6097=CARTESIAN_POINT('',(2.040086431507E0,2.036213490153E1,7.808371347286E0));
#6098=VERTEX_POINT('',#6096);
#6099=VERTEX_POINT('',#6097);
#6100=CARTESIAN_POINT('',(-2.537668488468E0,1.983423113833E1,8.227271704695E0));
#6101=VERTEX_POINT('',#6100);
#6102=CARTESIAN_POINT('',(-2.040086431906E0,2.033634977355E1,8.210272494137E0));
#6103=VERTEX_POINT('',#6102);
#6104=CARTESIAN_POINT('',(2.145E1,2.036247821255E1,-6.276914575917E-3));
#6105=CARTESIAN_POINT('',(2.653766848797E1,2.037851530487E1,
-2.562398311664E-1));
#6106=VERTEX_POINT('',#6104);
#6107=VERTEX_POINT('',#6105);
#6108=CARTESIAN_POINT('',(2.655E1,2.036247821291E1,-6.276920262205E-3));
#6109=VERTEX_POINT('',#6108);
#6110=CARTESIAN_POINT('',(2.605E1,2.086145232084E1,2.573619611807E-2));
#6111=VERTEX_POINT('',#6110);
#6112=CARTESIAN_POINT('',(2.195E1,2.086145232012E1,2.573620731976E-2));
#6113=CARTESIAN_POINT('',(2.604008643151E1,2.087434488447E1,
-1.752143717614E-1));
#6114=VERTEX_POINT('',#6112);
#6115=VERTEX_POINT('',#6113);
#6116=CARTESIAN_POINT('',(2.146233151153E1,2.034644112127E1,2.436859856481E-1));
#6117=VERTEX_POINT('',#6116);
#6118=CARTESIAN_POINT('',(2.195991356809E1,2.084855975649E1,2.266867750895E-1));
#6119=VERTEX_POINT('',#6118);
#6120=CARTESIAN_POINT('',(-1.055E1,2.036247821255E1,-6.276914575917E-3));
#6121=CARTESIAN_POINT('',(-5.462331512027E0,2.037851530487E1,
-2.562398311664E-1));
#6122=VERTEX_POINT('',#6120);
#6123=VERTEX_POINT('',#6121);
#6124=CARTESIAN_POINT('',(-5.450000000001E0,2.036247821291E1,
-6.276920262205E-3));
#6125=VERTEX_POINT('',#6124);
#6126=CARTESIAN_POINT('',(-5.950000000001E0,2.086145232084E1,
2.573619611807E-2));
#6127=VERTEX_POINT('',#6126);
#6128=CARTESIAN_POINT('',(-1.005E1,2.086145232012E1,2.573620731976E-2));
#6129=CARTESIAN_POINT('',(-5.959913568493E0,2.087434488447E1,
-1.752143717614E-1));
#6130=VERTEX_POINT('',#6128);
#6131=VERTEX_POINT('',#6129);
#6132=CARTESIAN_POINT('',(-1.053766848847E1,2.034644112127E1,
2.436859856481E-1));
#6133=VERTEX_POINT('',#6132);
#6134=CARTESIAN_POINT('',(-1.004008643191E1,2.084855975649E1,
2.266867750895E-1));
#6135=VERTEX_POINT('',#6134);
#6136=CARTESIAN_POINT('',(-1.855E1,2.036247821255E1,-6.276914575917E-3));
#6137=CARTESIAN_POINT('',(-1.346233151203E1,2.037851530487E1,
-2.562398311664E-1));
#6138=VERTEX_POINT('',#6136);
#6139=VERTEX_POINT('',#6137);
#6140=CARTESIAN_POINT('',(-1.345E1,2.036247821291E1,-6.276920262205E-3));
#6141=VERTEX_POINT('',#6140);
#6142=CARTESIAN_POINT('',(-1.395E1,2.086145232084E1,2.573619611807E-2));
#6143=VERTEX_POINT('',#6142);
#6144=CARTESIAN_POINT('',(-1.805E1,2.086145232012E1,2.573620731976E-2));
#6145=CARTESIAN_POINT('',(-1.395991356849E1,2.087434488447E1,
-1.752143717614E-1));
#6146=VERTEX_POINT('',#6144);
#6147=VERTEX_POINT('',#6145);
#6148=CARTESIAN_POINT('',(-1.853766848847E1,2.034644112127E1,
2.436859856481E-1));
#6149=VERTEX_POINT('',#6148);
#6150=CARTESIAN_POINT('',(-1.804008643191E1,2.084855975649E1,
2.266867750895E-1));
#6151=VERTEX_POINT('',#6150);
#6152=CARTESIAN_POINT('',(-2.655E1,2.036247821255E1,-6.276914575917E-3));
#6153=CARTESIAN_POINT('',(-2.146233151203E1,2.037851530487E1,
-2.562398311664E-1));
#6154=VERTEX_POINT('',#6152);
#6155=VERTEX_POINT('',#6153);
#6156=CARTESIAN_POINT('',(-2.145E1,2.036247821291E1,-6.276920262205E-3));
#6157=VERTEX_POINT('',#6156);
#6158=CARTESIAN_POINT('',(-2.195E1,2.086145232084E1,2.573619611807E-2));
#6159=VERTEX_POINT('',#6158);
#6160=CARTESIAN_POINT('',(-2.605E1,2.086145232012E1,2.573620731976E-2));
#6161=CARTESIAN_POINT('',(-2.195991356849E1,2.087434488447E1,
-1.752143717614E-1));
#6162=VERTEX_POINT('',#6160);
#6163=VERTEX_POINT('',#6161);
#6164=CARTESIAN_POINT('',(-2.653766848847E1,2.034644112127E1,
2.436859856481E-1));
#6165=VERTEX_POINT('',#6164);
#6166=CARTESIAN_POINT('',(-2.604008643191E1,2.084855975649E1,
2.266867750895E-1));
#6167=VERTEX_POINT('',#6166);
#6168=CARTESIAN_POINT('',(-3.455E1,2.036247821255E1,-6.276914575917E-3));
#6169=CARTESIAN_POINT('',(-2.946233151203E1,2.037851530487E1,
-2.562398311664E-1));
#6170=VERTEX_POINT('',#6168);
#6171=VERTEX_POINT('',#6169);
#6172=CARTESIAN_POINT('',(-2.945E1,2.036247821291E1,-6.276920262205E-3));
#6173=VERTEX_POINT('',#6172);
#6174=CARTESIAN_POINT('',(-2.995E1,2.086145232084E1,2.573619611807E-2));
#6175=VERTEX_POINT('',#6174);
#6176=CARTESIAN_POINT('',(-3.405E1,2.086145232012E1,2.573620731975E-2));
#6177=CARTESIAN_POINT('',(-2.995991356849E1,2.087434488447E1,
-1.752143717614E-1));
#6178=VERTEX_POINT('',#6176);
#6179=VERTEX_POINT('',#6177);
#6180=CARTESIAN_POINT('',(-3.453766848847E1,2.034644112127E1,
2.436859856481E-1));
#6181=VERTEX_POINT('',#6180);
#6182=CARTESIAN_POINT('',(-3.404008643191E1,2.084855975649E1,
2.266867750895E-1));
#6183=VERTEX_POINT('',#6182);
#6184=CARTESIAN_POINT('',(-7.455E1,2.036247821255E1,-6.276914575917E-3));
#6185=CARTESIAN_POINT('',(-6.946233151203E1,2.037851530487E1,
-2.562398311664E-1));
#6186=VERTEX_POINT('',#6184);
#6187=VERTEX_POINT('',#6185);
#6188=CARTESIAN_POINT('',(-6.945E1,2.036247821291E1,-6.276920262205E-3));
#6189=VERTEX_POINT('',#6188);
#6190=CARTESIAN_POINT('',(-6.995E1,2.086145232084E1,2.573619611807E-2));
#6191=VERTEX_POINT('',#6190);
#6192=CARTESIAN_POINT('',(-7.405E1,2.086145232012E1,2.573620731978E-2));
#6193=CARTESIAN_POINT('',(-6.995991356849E1,2.087434488447E1,
-1.752143717614E-1));
#6194=VERTEX_POINT('',#6192);
#6195=VERTEX_POINT('',#6193);
#6196=CARTESIAN_POINT('',(-7.453766848847E1,2.034644112127E1,
2.436859856481E-1));
#6197=VERTEX_POINT('',#6196);
#6198=CARTESIAN_POINT('',(-7.404008643191E1,2.084855975649E1,
2.266867750895E-1));
#6199=VERTEX_POINT('',#6198);
#6200=CARTESIAN_POINT('',(-5.055E1,2.036247821255E1,-6.276914575917E-3));
#6201=CARTESIAN_POINT('',(-4.546233151203E1,2.037851530487E1,
-2.562398311664E-1));
#6202=VERTEX_POINT('',#6200);
#6203=VERTEX_POINT('',#6201);
#6204=CARTESIAN_POINT('',(-4.545E1,2.036247821291E1,-6.276920262205E-3));
#6205=VERTEX_POINT('',#6204);
#6206=CARTESIAN_POINT('',(-4.595E1,2.086145232084E1,2.573619611807E-2));
#6207=VERTEX_POINT('',#6206);
#6208=CARTESIAN_POINT('',(-5.005E1,2.086145232012E1,2.573620731975E-2));
#6209=CARTESIAN_POINT('',(-4.595991356849E1,2.087434488447E1,
-1.752143717614E-1));
#6210=VERTEX_POINT('',#6208);
#6211=VERTEX_POINT('',#6209);
#6212=CARTESIAN_POINT('',(-5.053766848847E1,2.034644112127E1,
2.436859856481E-1));
#6213=VERTEX_POINT('',#6212);
#6214=CARTESIAN_POINT('',(-5.004008643191E1,2.084855975649E1,
2.266867750895E-1));
#6215=VERTEX_POINT('',#6214);
#6216=CARTESIAN_POINT('',(-5.855E1,2.036247821255E1,-6.276914575917E-3));
#6217=CARTESIAN_POINT('',(-5.346233151203E1,2.037851530487E1,
-2.562398311664E-1));
#6218=VERTEX_POINT('',#6216);
#6219=VERTEX_POINT('',#6217);
#6220=CARTESIAN_POINT('',(-5.345E1,2.036247821291E1,-6.276920262205E-3));
#6221=VERTEX_POINT('',#6220);
#6222=CARTESIAN_POINT('',(-5.395E1,2.086145232084E1,2.573619611807E-2));
#6223=VERTEX_POINT('',#6222);
#6224=CARTESIAN_POINT('',(-5.805E1,2.086145232012E1,2.573620731977E-2));
#6225=CARTESIAN_POINT('',(-5.395991356849E1,2.087434488447E1,
-1.752143717614E-1));
#6226=VERTEX_POINT('',#6224);
#6227=VERTEX_POINT('',#6225);
#6228=CARTESIAN_POINT('',(-5.853766848847E1,2.034644112127E1,
2.436859856481E-1));
#6229=VERTEX_POINT('',#6228);
#6230=CARTESIAN_POINT('',(-5.804008643191E1,2.084855975649E1,
2.266867750895E-1));
#6231=VERTEX_POINT('',#6230);
#6232=CARTESIAN_POINT('',(-8.255E1,2.036247821255E1,-6.276914575917E-3));
#6233=CARTESIAN_POINT('',(-7.746233151203E1,2.037851530487E1,
-2.562398311664E-1));
#6234=VERTEX_POINT('',#6232);
#6235=VERTEX_POINT('',#6233);
#6236=CARTESIAN_POINT('',(-7.745E1,2.036247821291E1,-6.276920262205E-3));
#6237=VERTEX_POINT('',#6236);
#6238=CARTESIAN_POINT('',(-7.795E1,2.086145232084E1,2.573619611807E-2));
#6239=VERTEX_POINT('',#6238);
#6240=CARTESIAN_POINT('',(-8.205E1,2.086145232012E1,2.573620731979E-2));
#6241=CARTESIAN_POINT('',(-7.795991356849E1,2.087434488447E1,
-1.752143717614E-1));
#6242=VERTEX_POINT('',#6240);
#6243=VERTEX_POINT('',#6241);
#6244=CARTESIAN_POINT('',(-8.253766848847E1,2.034644112127E1,
2.436859856481E-1));
#6245=VERTEX_POINT('',#6244);
#6246=CARTESIAN_POINT('',(-8.204008643191E1,2.084855975649E1,
2.266867750895E-1));
#6247=VERTEX_POINT('',#6246);
#6248=CARTESIAN_POINT('',(-4.255E1,2.036247821255E1,-6.276914575917E-3));
#6249=CARTESIAN_POINT('',(-3.746233151203E1,2.037851530487E1,
-2.562398311664E-1));
#6250=VERTEX_POINT('',#6248);
#6251=VERTEX_POINT('',#6249);
#6252=CARTESIAN_POINT('',(-3.745E1,2.036247821291E1,-6.276920262205E-3));
#6253=VERTEX_POINT('',#6252);
#6254=CARTESIAN_POINT('',(-3.795E1,2.086145232084E1,2.573619611807E-2));
#6255=VERTEX_POINT('',#6254);
#6256=CARTESIAN_POINT('',(-4.205E1,2.086145232012E1,2.573620731977E-2));
#6257=CARTESIAN_POINT('',(-3.795991356849E1,2.087434488447E1,
-1.752143717614E-1));
#6258=VERTEX_POINT('',#6256);
#6259=VERTEX_POINT('',#6257);
#6260=CARTESIAN_POINT('',(-4.253766848847E1,2.034644112127E1,
2.436859856481E-1));
#6261=VERTEX_POINT('',#6260);
#6262=CARTESIAN_POINT('',(-4.204008643191E1,2.084855975649E1,
2.266867750895E-1));
#6263=VERTEX_POINT('',#6262);
#6264=CARTESIAN_POINT('',(-6.655E1,2.036247821255E1,-6.276914575917E-3));
#6265=CARTESIAN_POINT('',(-6.146233151203E1,2.037851530487E1,
-2.562398311664E-1));
#6266=VERTEX_POINT('',#6264);
#6267=VERTEX_POINT('',#6265);
#6268=CARTESIAN_POINT('',(-6.145E1,2.036247821291E1,-6.276920262205E-3));
#6269=VERTEX_POINT('',#6268);
#6270=CARTESIAN_POINT('',(-6.195E1,2.086145232084E1,2.573619611807E-2));
#6271=VERTEX_POINT('',#6270);
#6272=CARTESIAN_POINT('',(-6.605E1,2.086145232012E1,2.573620731979E-2));
#6273=CARTESIAN_POINT('',(-6.195991356849E1,2.087434488447E1,
-1.752143717614E-1));
#6274=VERTEX_POINT('',#6272);
#6275=VERTEX_POINT('',#6273);
#6276=CARTESIAN_POINT('',(-6.653766848847E1,2.034644112127E1,
2.436859856481E-1));
#6277=VERTEX_POINT('',#6276);
#6278=CARTESIAN_POINT('',(-6.604008643191E1,2.084855975649E1,
2.266867750895E-1));
#6279=VERTEX_POINT('',#6278);
#6280=CARTESIAN_POINT('',(6.145E1,1.985026822961E1,7.977308804471E0));
#6281=CARTESIAN_POINT('',(6.653766848797E1,1.986630532193E1,7.727345887881E0));
#6282=VERTEX_POINT('',#6280);
#6283=VERTEX_POINT('',#6281);
#6284=CARTESIAN_POINT('',(6.655E1,1.985026822997E1,7.977308798785E0));
#6285=VERTEX_POINT('',#6284);
#6286=CARTESIAN_POINT('',(6.605E1,2.034924233790E1,8.009321915165E0));
#6287=VERTEX_POINT('',#6286);
#6288=CARTESIAN_POINT('',(6.195E1,2.034924233718E1,8.009321926367E0));
#6289=CARTESIAN_POINT('',(6.604008643151E1,2.036213490153E1,7.808371347286E0));
#6290=VERTEX_POINT('',#6288);
#6291=VERTEX_POINT('',#6289);
#6292=CARTESIAN_POINT('',(6.146233151153E1,1.983423113833E1,8.227271704695E0));
#6293=VERTEX_POINT('',#6292);
#6294=CARTESIAN_POINT('',(6.195991356809E1,2.033634977355E1,8.210272494137E0));
#6295=VERTEX_POINT('',#6294);
#6296=CARTESIAN_POINT('',(5.345E1,1.985026822961E1,7.977308804471E0));
#6297=CARTESIAN_POINT('',(5.853766848797E1,1.986630532193E1,7.727345887881E0));
#6298=VERTEX_POINT('',#6296);
#6299=VERTEX_POINT('',#6297);
#6300=CARTESIAN_POINT('',(5.855E1,1.985026822997E1,7.977308798785E0));
#6301=VERTEX_POINT('',#6300);
#6302=CARTESIAN_POINT('',(5.805E1,2.034924233790E1,8.009321915165E0));
#6303=VERTEX_POINT('',#6302);
#6304=CARTESIAN_POINT('',(5.395E1,2.034924233718E1,8.009321926367E0));
#6305=CARTESIAN_POINT('',(5.804008643151E1,2.036213490153E1,7.808371347286E0));
#6306=VERTEX_POINT('',#6304);
#6307=VERTEX_POINT('',#6305);
#6308=CARTESIAN_POINT('',(5.346233151153E1,1.983423113833E1,8.227271704695E0));
#6309=VERTEX_POINT('',#6308);
#6310=CARTESIAN_POINT('',(5.395991356809E1,2.033634977355E1,8.210272494137E0));
#6311=VERTEX_POINT('',#6310);
#6312=CARTESIAN_POINT('',(4.545E1,1.985026822961E1,7.977308804471E0));
#6313=CARTESIAN_POINT('',(5.053766848797E1,1.986630532193E1,7.727345887881E0));
#6314=VERTEX_POINT('',#6312);
#6315=VERTEX_POINT('',#6313);
#6316=CARTESIAN_POINT('',(5.055E1,1.985026822997E1,7.977308798785E0));
#6317=VERTEX_POINT('',#6316);
#6318=CARTESIAN_POINT('',(5.005E1,2.034924233790E1,8.009321915165E0));
#6319=VERTEX_POINT('',#6318);
#6320=CARTESIAN_POINT('',(4.595E1,2.034924233718E1,8.009321926367E0));
#6321=CARTESIAN_POINT('',(5.004008643151E1,2.036213490153E1,7.808371347286E0));
#6322=VERTEX_POINT('',#6320);
#6323=VERTEX_POINT('',#6321);
#6324=CARTESIAN_POINT('',(4.546233151153E1,1.983423113833E1,8.227271704695E0));
#6325=VERTEX_POINT('',#6324);
#6326=CARTESIAN_POINT('',(4.595991356809E1,2.033634977355E1,8.210272494137E0));
#6327=VERTEX_POINT('',#6326);
#6328=CARTESIAN_POINT('',(3.745E1,1.985026822961E1,7.977308804471E0));
#6329=CARTESIAN_POINT('',(4.253766848797E1,1.986630532193E1,7.727345887881E0));
#6330=VERTEX_POINT('',#6328);
#6331=VERTEX_POINT('',#6329);
#6332=CARTESIAN_POINT('',(4.255E1,1.985026822997E1,7.977308798785E0));
#6333=VERTEX_POINT('',#6332);
#6334=CARTESIAN_POINT('',(4.205E1,2.034924233790E1,8.009321915165E0));
#6335=VERTEX_POINT('',#6334);
#6336=CARTESIAN_POINT('',(3.795E1,2.034924233718E1,8.009321926367E0));
#6337=CARTESIAN_POINT('',(4.204008643151E1,2.036213490153E1,7.808371347286E0));
#6338=VERTEX_POINT('',#6336);
#6339=VERTEX_POINT('',#6337);
#6340=CARTESIAN_POINT('',(3.746233151153E1,1.983423113833E1,8.227271704695E0));
#6341=VERTEX_POINT('',#6340);
#6342=CARTESIAN_POINT('',(3.795991356809E1,2.033634977355E1,8.210272494137E0));
#6343=VERTEX_POINT('',#6342);
#6344=CARTESIAN_POINT('',(2.945E1,1.985026822961E1,7.977308804471E0));
#6345=CARTESIAN_POINT('',(3.453766848797E1,1.986630532193E1,7.727345887881E0));
#6346=VERTEX_POINT('',#6344);
#6347=VERTEX_POINT('',#6345);
#6348=CARTESIAN_POINT('',(3.455E1,1.985026822997E1,7.977308798785E0));
#6349=VERTEX_POINT('',#6348);
#6350=CARTESIAN_POINT('',(3.405E1,2.034924233790E1,8.009321915165E0));
#6351=VERTEX_POINT('',#6350);
#6352=CARTESIAN_POINT('',(2.995E1,2.034924233718E1,8.009321926367E0));
#6353=CARTESIAN_POINT('',(3.404008643151E1,2.036213490153E1,7.808371347286E0));
#6354=VERTEX_POINT('',#6352);
#6355=VERTEX_POINT('',#6353);
#6356=CARTESIAN_POINT('',(2.946233151153E1,1.983423113833E1,8.227271704695E0));
#6357=VERTEX_POINT('',#6356);
#6358=CARTESIAN_POINT('',(2.995991356809E1,2.033634977355E1,8.210272494137E0));
#6359=VERTEX_POINT('',#6358);
#6360=CARTESIAN_POINT('',(2.145E1,1.985026822961E1,7.977308804471E0));
#6361=CARTESIAN_POINT('',(2.653766848797E1,1.986630532193E1,7.727345887881E0));
#6362=VERTEX_POINT('',#6360);
#6363=VERTEX_POINT('',#6361);
#6364=CARTESIAN_POINT('',(2.655E1,1.985026822997E1,7.977308798785E0));
#6365=VERTEX_POINT('',#6364);
#6366=CARTESIAN_POINT('',(2.605E1,2.034924233790E1,8.009321915165E0));
#6367=VERTEX_POINT('',#6366);
#6368=CARTESIAN_POINT('',(2.195E1,2.034924233718E1,8.009321926367E0));
#6369=CARTESIAN_POINT('',(2.604008643151E1,2.036213490153E1,7.808371347286E0));
#6370=VERTEX_POINT('',#6368);
#6371=VERTEX_POINT('',#6369);
#6372=CARTESIAN_POINT('',(2.146233151153E1,1.983423113833E1,8.227271704695E0));
#6373=VERTEX_POINT('',#6372);
#6374=CARTESIAN_POINT('',(2.195991356809E1,2.033634977355E1,8.210272494137E0));
#6375=VERTEX_POINT('',#6374);
#6376=CARTESIAN_POINT('',(1.345E1,1.985026822961E1,7.977308804471E0));
#6377=CARTESIAN_POINT('',(1.853766848797E1,1.986630532193E1,7.727345887881E0));
#6378=VERTEX_POINT('',#6376);
#6379=VERTEX_POINT('',#6377);
#6380=CARTESIAN_POINT('',(1.855E1,1.985026822997E1,7.977308798785E0));
#6381=VERTEX_POINT('',#6380);
#6382=CARTESIAN_POINT('',(1.805E1,2.034924233790E1,8.009321915165E0));
#6383=VERTEX_POINT('',#6382);
#6384=CARTESIAN_POINT('',(1.395E1,2.034924233718E1,8.009321926367E0));
#6385=CARTESIAN_POINT('',(1.804008643151E1,2.036213490153E1,7.808371347286E0));
#6386=VERTEX_POINT('',#6384);
#6387=VERTEX_POINT('',#6385);
#6388=CARTESIAN_POINT('',(1.346233151153E1,1.983423113833E1,8.227271704695E0));
#6389=VERTEX_POINT('',#6388);
#6390=CARTESIAN_POINT('',(1.395991356809E1,2.033634977355E1,8.210272494137E0));
#6391=VERTEX_POINT('',#6390);
#6392=CARTESIAN_POINT('',(5.449999999999E0,1.985026822961E1,7.977308804471E0));
#6393=CARTESIAN_POINT('',(1.053766848797E1,1.986630532193E1,7.727345887881E0));
#6394=VERTEX_POINT('',#6392);
#6395=VERTEX_POINT('',#6393);
#6396=CARTESIAN_POINT('',(1.055E1,1.985026822997E1,7.977308798785E0));
#6397=VERTEX_POINT('',#6396);
#6398=CARTESIAN_POINT('',(1.005E1,2.034924233790E1,8.009321915165E0));
#6399=VERTEX_POINT('',#6398);
#6400=CARTESIAN_POINT('',(5.949999999999E0,2.034924233718E1,8.009321926367E0));
#6401=CARTESIAN_POINT('',(1.004008643151E1,2.036213490153E1,7.808371347286E0));
#6402=VERTEX_POINT('',#6400);
#6403=VERTEX_POINT('',#6401);
#6404=CARTESIAN_POINT('',(5.462331511532E0,1.983423113833E1,8.227271704695E0));
#6405=VERTEX_POINT('',#6404);
#6406=CARTESIAN_POINT('',(5.959913568093E0,2.033634977355E1,8.210272494137E0));
#6407=VERTEX_POINT('',#6406);
#6408=CARTESIAN_POINT('',(-1.055E1,1.985026822961E1,7.977308804471E0));
#6409=CARTESIAN_POINT('',(-5.462331512027E0,1.986630532193E1,7.727345887881E0));
#6410=VERTEX_POINT('',#6408);
#6411=VERTEX_POINT('',#6409);
#6412=CARTESIAN_POINT('',(-5.450000000001E0,1.985026822997E1,7.977308798785E0));
#6413=VERTEX_POINT('',#6412);
#6414=CARTESIAN_POINT('',(-5.950000000001E0,2.034924233790E1,8.009321915165E0));
#6415=VERTEX_POINT('',#6414);
#6416=CARTESIAN_POINT('',(-1.005E1,2.034924233718E1,8.009321926367E0));
#6417=CARTESIAN_POINT('',(-5.959913568493E0,2.036213490153E1,7.808371347286E0));
#6418=VERTEX_POINT('',#6416);
#6419=VERTEX_POINT('',#6417);
#6420=CARTESIAN_POINT('',(-1.053766848847E1,1.983423113833E1,8.227271704695E0));
#6421=VERTEX_POINT('',#6420);
#6422=CARTESIAN_POINT('',(-1.004008643191E1,2.033634977355E1,8.210272494137E0));
#6423=VERTEX_POINT('',#6422);
#6424=CARTESIAN_POINT('',(-1.855E1,1.985026822961E1,7.977308804471E0));
#6425=CARTESIAN_POINT('',(-1.346233151203E1,1.986630532193E1,7.727345887881E0));
#6426=VERTEX_POINT('',#6424);
#6427=VERTEX_POINT('',#6425);
#6428=CARTESIAN_POINT('',(-1.345E1,1.985026822997E1,7.977308798785E0));
#6429=VERTEX_POINT('',#6428);
#6430=CARTESIAN_POINT('',(-1.395E1,2.034924233790E1,8.009321915165E0));
#6431=VERTEX_POINT('',#6430);
#6432=CARTESIAN_POINT('',(-1.805E1,2.034924233718E1,8.009321926367E0));
#6433=CARTESIAN_POINT('',(-1.395991356849E1,2.036213490153E1,7.808371347286E0));
#6434=VERTEX_POINT('',#6432);
#6435=VERTEX_POINT('',#6433);
#6436=CARTESIAN_POINT('',(-1.853766848847E1,1.983423113833E1,8.227271704695E0));
#6437=VERTEX_POINT('',#6436);
#6438=CARTESIAN_POINT('',(-1.804008643191E1,2.033634977355E1,8.210272494137E0));
#6439=VERTEX_POINT('',#6438);
#6440=CARTESIAN_POINT('',(-2.655E1,1.985026822961E1,7.977308804471E0));
#6441=CARTESIAN_POINT('',(-2.146233151203E1,1.986630532193E1,7.727345887881E0));
#6442=VERTEX_POINT('',#6440);
#6443=VERTEX_POINT('',#6441);
#6444=CARTESIAN_POINT('',(-2.145E1,1.985026822997E1,7.977308798785E0));
#6445=VERTEX_POINT('',#6444);
#6446=CARTESIAN_POINT('',(-2.195E1,2.034924233790E1,8.009321915165E0));
#6447=VERTEX_POINT('',#6446);
#6448=CARTESIAN_POINT('',(-2.605E1,2.034924233718E1,8.009321926367E0));
#6449=CARTESIAN_POINT('',(-2.195991356849E1,2.036213490153E1,7.808371347286E0));
#6450=VERTEX_POINT('',#6448);
#6451=VERTEX_POINT('',#6449);
#6452=CARTESIAN_POINT('',(-2.653766848847E1,1.983423113833E1,8.227271704695E0));
#6453=VERTEX_POINT('',#6452);
#6454=CARTESIAN_POINT('',(-2.604008643191E1,2.033634977355E1,8.210272494137E0));
#6455=VERTEX_POINT('',#6454);
#6456=CARTESIAN_POINT('',(-3.455E1,1.985026822961E1,7.977308804471E0));
#6457=CARTESIAN_POINT('',(-2.946233151203E1,1.986630532193E1,7.727345887881E0));
#6458=VERTEX_POINT('',#6456);
#6459=VERTEX_POINT('',#6457);
#6460=CARTESIAN_POINT('',(-2.945E1,1.985026822997E1,7.977308798785E0));
#6461=VERTEX_POINT('',#6460);
#6462=CARTESIAN_POINT('',(-2.995E1,2.034924233790E1,8.009321915165E0));
#6463=VERTEX_POINT('',#6462);
#6464=CARTESIAN_POINT('',(-3.405E1,2.034924233718E1,8.009321926367E0));
#6465=CARTESIAN_POINT('',(-2.995991356849E1,2.036213490153E1,7.808371347286E0));
#6466=VERTEX_POINT('',#6464);
#6467=VERTEX_POINT('',#6465);
#6468=CARTESIAN_POINT('',(-3.453766848847E1,1.983423113833E1,8.227271704695E0));
#6469=VERTEX_POINT('',#6468);
#6470=CARTESIAN_POINT('',(-3.404008643191E1,2.033634977355E1,8.210272494137E0));
#6471=VERTEX_POINT('',#6470);
#6472=CARTESIAN_POINT('',(-4.255E1,1.985026822961E1,7.977308804471E0));
#6473=CARTESIAN_POINT('',(-3.746233151203E1,1.986630532193E1,7.727345887881E0));
#6474=VERTEX_POINT('',#6472);
#6475=VERTEX_POINT('',#6473);
#6476=CARTESIAN_POINT('',(-3.745E1,1.985026822997E1,7.977308798785E0));
#6477=VERTEX_POINT('',#6476);
#6478=CARTESIAN_POINT('',(-3.795E1,2.034924233790E1,8.009321915165E0));
#6479=VERTEX_POINT('',#6478);
#6480=CARTESIAN_POINT('',(-4.205E1,2.034924233718E1,8.009321926367E0));
#6481=CARTESIAN_POINT('',(-3.795991356849E1,2.036213490153E1,7.808371347286E0));
#6482=VERTEX_POINT('',#6480);
#6483=VERTEX_POINT('',#6481);
#6484=CARTESIAN_POINT('',(-4.253766848847E1,1.983423113833E1,8.227271704695E0));
#6485=VERTEX_POINT('',#6484);
#6486=CARTESIAN_POINT('',(-4.204008643191E1,2.033634977355E1,8.210272494137E0));
#6487=VERTEX_POINT('',#6486);
#6488=CARTESIAN_POINT('',(-5.055E1,1.985026822961E1,7.977308804471E0));
#6489=CARTESIAN_POINT('',(-4.546233151203E1,1.986630532193E1,7.727345887881E0));
#6490=VERTEX_POINT('',#6488);
#6491=VERTEX_POINT('',#6489);
#6492=CARTESIAN_POINT('',(-4.545E1,1.985026822997E1,7.977308798785E0));
#6493=VERTEX_POINT('',#6492);
#6494=CARTESIAN_POINT('',(-4.595E1,2.034924233790E1,8.009321915165E0));
#6495=VERTEX_POINT('',#6494);
#6496=CARTESIAN_POINT('',(-5.005E1,2.034924233718E1,8.009321926367E0));
#6497=CARTESIAN_POINT('',(-4.595991356849E1,2.036213490153E1,7.808371347286E0));
#6498=VERTEX_POINT('',#6496);
#6499=VERTEX_POINT('',#6497);
#6500=CARTESIAN_POINT('',(-5.053766848847E1,1.983423113833E1,8.227271704695E0));
#6501=VERTEX_POINT('',#6500);
#6502=CARTESIAN_POINT('',(-5.004008643191E1,2.033634977355E1,8.210272494137E0));
#6503=VERTEX_POINT('',#6502);
#6504=CARTESIAN_POINT('',(-5.855E1,1.985026822961E1,7.977308804471E0));
#6505=CARTESIAN_POINT('',(-5.346233151203E1,1.986630532193E1,7.727345887881E0));
#6506=VERTEX_POINT('',#6504);
#6507=VERTEX_POINT('',#6505);
#6508=CARTESIAN_POINT('',(-5.345E1,1.985026822997E1,7.977308798785E0));
#6509=VERTEX_POINT('',#6508);
#6510=CARTESIAN_POINT('',(-5.395E1,2.034924233790E1,8.009321915165E0));
#6511=VERTEX_POINT('',#6510);
#6512=CARTESIAN_POINT('',(-5.805E1,2.034924233718E1,8.009321926367E0));
#6513=CARTESIAN_POINT('',(-5.395991356849E1,2.036213490153E1,7.808371347286E0));
#6514=VERTEX_POINT('',#6512);
#6515=VERTEX_POINT('',#6513);
#6516=CARTESIAN_POINT('',(-5.853766848847E1,1.983423113833E1,8.227271704695E0));
#6517=VERTEX_POINT('',#6516);
#6518=CARTESIAN_POINT('',(-5.804008643191E1,2.033634977355E1,8.210272494137E0));
#6519=VERTEX_POINT('',#6518);
#6520=CARTESIAN_POINT('',(-6.655E1,1.985026822961E1,7.977308804471E0));
#6521=CARTESIAN_POINT('',(-6.146233151203E1,1.986630532193E1,7.727345887881E0));
#6522=VERTEX_POINT('',#6520);
#6523=VERTEX_POINT('',#6521);
#6524=CARTESIAN_POINT('',(-6.145E1,1.985026822997E1,7.977308798785E0));
#6525=VERTEX_POINT('',#6524);
#6526=CARTESIAN_POINT('',(-6.195E1,2.034924233790E1,8.009321915165E0));
#6527=VERTEX_POINT('',#6526);
#6528=CARTESIAN_POINT('',(-6.605E1,2.034924233718E1,8.009321926367E0));
#6529=CARTESIAN_POINT('',(-6.195991356849E1,2.036213490153E1,7.808371347286E0));
#6530=VERTEX_POINT('',#6528);
#6531=VERTEX_POINT('',#6529);
#6532=CARTESIAN_POINT('',(-6.653766848847E1,1.983423113833E1,8.227271704695E0));
#6533=VERTEX_POINT('',#6532);
#6534=CARTESIAN_POINT('',(-6.604008643191E1,2.033634977355E1,8.210272494137E0));
#6535=VERTEX_POINT('',#6534);
#6536=CARTESIAN_POINT('',(-7.455E1,1.985026822961E1,7.977308804471E0));
#6537=CARTESIAN_POINT('',(-6.946233151203E1,1.986630532193E1,7.727345887881E0));
#6538=VERTEX_POINT('',#6536);
#6539=VERTEX_POINT('',#6537);
#6540=CARTESIAN_POINT('',(-6.945E1,1.985026822997E1,7.977308798785E0));
#6541=VERTEX_POINT('',#6540);
#6542=CARTESIAN_POINT('',(-6.995E1,2.034924233790E1,8.009321915165E0));
#6543=VERTEX_POINT('',#6542);
#6544=CARTESIAN_POINT('',(-7.405E1,2.034924233718E1,8.009321926367E0));
#6545=CARTESIAN_POINT('',(-6.995991356849E1,2.036213490153E1,7.808371347286E0));
#6546=VERTEX_POINT('',#6544);
#6547=VERTEX_POINT('',#6545);
#6548=CARTESIAN_POINT('',(-7.453766848847E1,1.983423113833E1,8.227271704695E0));
#6549=VERTEX_POINT('',#6548);
#6550=CARTESIAN_POINT('',(-7.404008643191E1,2.033634977355E1,8.210272494137E0));
#6551=VERTEX_POINT('',#6550);
#6552=CARTESIAN_POINT('',(-8.255E1,1.985026822961E1,7.977308804471E0));
#6553=CARTESIAN_POINT('',(-7.746233151203E1,1.986630532193E1,7.727345887881E0));
#6554=VERTEX_POINT('',#6552);
#6555=VERTEX_POINT('',#6553);
#6556=CARTESIAN_POINT('',(-7.745E1,1.985026822997E1,7.977308798785E0));
#6557=VERTEX_POINT('',#6556);
#6558=CARTESIAN_POINT('',(-7.795E1,2.034924233790E1,8.009321915165E0));
#6559=VERTEX_POINT('',#6558);
#6560=CARTESIAN_POINT('',(-8.205E1,2.034924233718E1,8.009321926367E0));
#6561=CARTESIAN_POINT('',(-7.795991356849E1,2.036213490153E1,7.808371347286E0));
#6562=VERTEX_POINT('',#6560);
#6563=VERTEX_POINT('',#6561);
#6564=CARTESIAN_POINT('',(-8.253766848847E1,1.983423113833E1,8.227271704695E0));
#6565=VERTEX_POINT('',#6564);
#6566=CARTESIAN_POINT('',(-8.204008643191E1,2.033634977355E1,8.210272494137E0));
#6567=VERTEX_POINT('',#6566);
#6568=CARTESIAN_POINT('',(6.145E1,2.036247821255E1,-6.276914575917E-3));
#6569=CARTESIAN_POINT('',(6.653766848797E1,2.037851530487E1,
-2.562398311664E-1));
#6570=VERTEX_POINT('',#6568);
#6571=VERTEX_POINT('',#6569);
#6572=CARTESIAN_POINT('',(6.655E1,2.036247821291E1,-6.276920262205E-3));
#6573=VERTEX_POINT('',#6572);
#6574=CARTESIAN_POINT('',(6.605E1,2.086145232084E1,2.573619611807E-2));
#6575=VERTEX_POINT('',#6574);
#6576=CARTESIAN_POINT('',(6.195E1,2.086145232012E1,2.573620731977E-2));
#6577=CARTESIAN_POINT('',(6.604008643151E1,2.087434488447E1,
-1.752143717614E-1));
#6578=VERTEX_POINT('',#6576);
#6579=VERTEX_POINT('',#6577);
#6580=CARTESIAN_POINT('',(6.146233151153E1,2.034644112127E1,2.436859856481E-1));
#6581=VERTEX_POINT('',#6580);
#6582=CARTESIAN_POINT('',(6.195991356809E1,2.084855975649E1,2.266867750895E-1));
#6583=VERTEX_POINT('',#6582);
#6584=CARTESIAN_POINT('',(5.345E1,2.036247821255E1,-6.276914575917E-3));
#6585=CARTESIAN_POINT('',(5.853766848797E1,2.037851530487E1,
-2.562398311664E-1));
#6586=VERTEX_POINT('',#6584);
#6587=VERTEX_POINT('',#6585);
#6588=CARTESIAN_POINT('',(5.855E1,2.036247821291E1,-6.276920262205E-3));
#6589=VERTEX_POINT('',#6588);
#6590=CARTESIAN_POINT('',(5.805E1,2.086145232084E1,2.573619611807E-2));
#6591=VERTEX_POINT('',#6590);
#6592=CARTESIAN_POINT('',(5.395E1,2.086145232012E1,2.573620731977E-2));
#6593=CARTESIAN_POINT('',(5.804008643151E1,2.087434488447E1,
-1.752143717614E-1));
#6594=VERTEX_POINT('',#6592);
#6595=VERTEX_POINT('',#6593);
#6596=CARTESIAN_POINT('',(5.346233151153E1,2.034644112127E1,2.436859856481E-1));
#6597=VERTEX_POINT('',#6596);
#6598=CARTESIAN_POINT('',(5.395991356809E1,2.084855975649E1,2.266867750895E-1));
#6599=VERTEX_POINT('',#6598);
#6600=CARTESIAN_POINT('',(4.545E1,2.036247821255E1,-6.276914575917E-3));
#6601=CARTESIAN_POINT('',(5.053766848797E1,2.037851530487E1,
-2.562398311664E-1));
#6602=VERTEX_POINT('',#6600);
#6603=VERTEX_POINT('',#6601);
#6604=CARTESIAN_POINT('',(5.055E1,2.036247821291E1,-6.276920262205E-3));
#6605=VERTEX_POINT('',#6604);
#6606=CARTESIAN_POINT('',(5.005E1,2.086145232084E1,2.573619611807E-2));
#6607=VERTEX_POINT('',#6606);
#6608=CARTESIAN_POINT('',(4.595E1,2.086145232012E1,2.573620731976E-2));
#6609=CARTESIAN_POINT('',(5.004008643151E1,2.087434488447E1,
-1.752143717614E-1));
#6610=VERTEX_POINT('',#6608);
#6611=VERTEX_POINT('',#6609);
#6612=CARTESIAN_POINT('',(4.546233151153E1,2.034644112127E1,2.436859856481E-1));
#6613=VERTEX_POINT('',#6612);
#6614=CARTESIAN_POINT('',(4.595991356809E1,2.084855975649E1,2.266867750895E-1));
#6615=VERTEX_POINT('',#6614);
#6616=CARTESIAN_POINT('',(3.745E1,2.036247821255E1,-6.276914575917E-3));
#6617=CARTESIAN_POINT('',(4.253766848797E1,2.037851530487E1,
-2.562398311664E-1));
#6618=VERTEX_POINT('',#6616);
#6619=VERTEX_POINT('',#6617);
#6620=CARTESIAN_POINT('',(4.255E1,2.036247821291E1,-6.276920262205E-3));
#6621=VERTEX_POINT('',#6620);
#6622=CARTESIAN_POINT('',(4.205E1,2.086145232084E1,2.573619611807E-2));
#6623=VERTEX_POINT('',#6622);
#6624=CARTESIAN_POINT('',(3.795E1,2.086145232012E1,2.573620731976E-2));
#6625=CARTESIAN_POINT('',(4.204008643151E1,2.087434488447E1,
-1.752143717614E-1));
#6626=VERTEX_POINT('',#6624);
#6627=VERTEX_POINT('',#6625);
#6628=CARTESIAN_POINT('',(3.746233151153E1,2.034644112127E1,2.436859856481E-1));
#6629=VERTEX_POINT('',#6628);
#6630=CARTESIAN_POINT('',(3.795991356809E1,2.084855975649E1,2.266867750895E-1));
#6631=VERTEX_POINT('',#6630);
#6632=CARTESIAN_POINT('',(2.945E1,2.036247821255E1,-6.276914575917E-3));
#6633=CARTESIAN_POINT('',(3.453766848797E1,2.037851530487E1,
-2.562398311664E-1));
#6634=VERTEX_POINT('',#6632);
#6635=VERTEX_POINT('',#6633);
#6636=CARTESIAN_POINT('',(3.455E1,2.036247821291E1,-6.276920262205E-3));
#6637=VERTEX_POINT('',#6636);
#6638=CARTESIAN_POINT('',(3.405E1,2.086145232084E1,2.573619611807E-2));
#6639=VERTEX_POINT('',#6638);
#6640=CARTESIAN_POINT('',(2.995E1,2.086145232012E1,2.573620731975E-2));
#6641=CARTESIAN_POINT('',(3.404008643151E1,2.087434488447E1,
-1.752143717614E-1));
#6642=VERTEX_POINT('',#6640);
#6643=VERTEX_POINT('',#6641);
#6644=CARTESIAN_POINT('',(2.946233151153E1,2.034644112127E1,2.436859856481E-1));
#6645=VERTEX_POINT('',#6644);
#6646=CARTESIAN_POINT('',(2.995991356809E1,2.084855975649E1,2.266867750895E-1));
#6647=VERTEX_POINT('',#6646);
#6648=CARTESIAN_POINT('',(5.449999999999E0,2.036247821255E1,
-6.276914575917E-3));
#6649=CARTESIAN_POINT('',(1.053766848797E1,2.037851530487E1,
-2.562398311664E-1));
#6650=VERTEX_POINT('',#6648);
#6651=VERTEX_POINT('',#6649);
#6652=CARTESIAN_POINT('',(1.055E1,2.036247821291E1,-6.276920262205E-3));
#6653=VERTEX_POINT('',#6652);
#6654=CARTESIAN_POINT('',(1.005E1,2.086145232084E1,2.573619611807E-2));
#6655=VERTEX_POINT('',#6654);
#6656=CARTESIAN_POINT('',(5.949999999999E0,2.086145232012E1,2.573620731976E-2));
#6657=CARTESIAN_POINT('',(1.004008643151E1,2.087434488447E1,
-1.752143717614E-1));
#6658=VERTEX_POINT('',#6656);
#6659=VERTEX_POINT('',#6657);
#6660=CARTESIAN_POINT('',(5.462331511532E0,2.034644112127E1,2.436859856481E-1));
#6661=VERTEX_POINT('',#6660);
#6662=CARTESIAN_POINT('',(5.959913568094E0,2.084855975649E1,2.266867750895E-1));
#6663=VERTEX_POINT('',#6662);
#6664=CARTESIAN_POINT('',(1.345E1,2.036247821255E1,-6.276914575917E-3));
#6665=CARTESIAN_POINT('',(1.853766848797E1,2.037851530487E1,
-2.562398311664E-1));
#6666=VERTEX_POINT('',#6664);
#6667=VERTEX_POINT('',#6665);
#6668=CARTESIAN_POINT('',(1.855E1,2.036247821291E1,-6.276920262205E-3));
#6669=VERTEX_POINT('',#6668);
#6670=CARTESIAN_POINT('',(1.805E1,2.086145232084E1,2.573619611807E-2));
#6671=VERTEX_POINT('',#6670);
#6672=CARTESIAN_POINT('',(1.395E1,2.086145232012E1,2.573620731975E-2));
#6673=CARTESIAN_POINT('',(1.804008643151E1,2.087434488447E1,
-1.752143717615E-1));
#6674=VERTEX_POINT('',#6672);
#6675=VERTEX_POINT('',#6673);
#6676=CARTESIAN_POINT('',(1.346233151153E1,2.034644112127E1,2.436859856481E-1));
#6677=VERTEX_POINT('',#6676);
#6678=CARTESIAN_POINT('',(1.395991356809E1,2.084855975649E1,2.266867750895E-1));
#6679=VERTEX_POINT('',#6678);
#6680=CARTESIAN_POINT('',(-2.550000000001E0,2.036247821255E1,
-6.276914575917E-3));
#6681=CARTESIAN_POINT('',(2.537668487973E0,2.037851530487E1,
-2.562398311664E-1));
#6682=VERTEX_POINT('',#6680);
#6683=VERTEX_POINT('',#6681);
#6684=CARTESIAN_POINT('',(2.549999999999E0,2.036247821291E1,
-6.276920262205E-3));
#6685=VERTEX_POINT('',#6684);
#6686=CARTESIAN_POINT('',(2.049999999999E0,2.086145232084E1,2.573619611807E-2));
#6687=VERTEX_POINT('',#6686);
#6688=CARTESIAN_POINT('',(-2.050000000001E0,2.086145232012E1,
2.573620731976E-2));
#6689=CARTESIAN_POINT('',(2.040086431507E0,2.087434488447E1,
-1.752143717614E-1));
#6690=VERTEX_POINT('',#6688);
#6691=VERTEX_POINT('',#6689);
#6692=CARTESIAN_POINT('',(-2.537668488468E0,2.034644112127E1,
2.436859856481E-1));
#6693=VERTEX_POINT('',#6692);
#6694=CARTESIAN_POINT('',(-2.040086431906E0,2.084855975649E1,
2.266867750895E-1));
#6695=VERTEX_POINT('',#6694);
#6696=CARTESIAN_POINT('',(6.945E1,2.036247821255E1,-6.276914575915E-3));
#6697=CARTESIAN_POINT('',(7.453766848797E1,2.037851530487E1,
-2.562398311664E-1));
#6698=VERTEX_POINT('',#6696);
#6699=VERTEX_POINT('',#6697);
#6700=CARTESIAN_POINT('',(7.455E1,2.036247821291E1,-6.276920262205E-3));
#6701=VERTEX_POINT('',#6700);
#6702=CARTESIAN_POINT('',(7.405E1,2.086145232084E1,2.573619611807E-2));
#6703=VERTEX_POINT('',#6702);
#6704=CARTESIAN_POINT('',(6.995E1,2.086145232012E1,2.573620731978E-2));
#6705=CARTESIAN_POINT('',(7.404008643151E1,2.087434488447E1,
-1.752143717614E-1));
#6706=VERTEX_POINT('',#6704);
#6707=VERTEX_POINT('',#6705);
#6708=CARTESIAN_POINT('',(6.946233151153E1,2.034644112127E1,2.436859856481E-1));
#6709=VERTEX_POINT('',#6708);
#6710=CARTESIAN_POINT('',(6.995991356809E1,2.084855975649E1,2.266867750895E-1));
#6711=VERTEX_POINT('',#6710);
#6712=CARTESIAN_POINT('',(7.745E1,2.036247821255E1,-6.276914575917E-3));
#6713=CARTESIAN_POINT('',(8.253766848797E1,2.037851530487E1,
-2.562398311664E-1));
#6714=VERTEX_POINT('',#6712);
#6715=VERTEX_POINT('',#6713);
#6716=CARTESIAN_POINT('',(8.255E1,2.036247821291E1,-6.276920262205E-3));
#6717=VERTEX_POINT('',#6716);
#6718=CARTESIAN_POINT('',(8.205E1,2.086145232084E1,2.573619611806E-2));
#6719=VERTEX_POINT('',#6718);
#6720=CARTESIAN_POINT('',(7.795E1,2.086145232012E1,2.573620731978E-2));
#6721=CARTESIAN_POINT('',(8.204008643151E1,2.087434488447E1,
-1.752143717614E-1));
#6722=VERTEX_POINT('',#6720);
#6723=VERTEX_POINT('',#6721);
#6724=CARTESIAN_POINT('',(7.746233151153E1,2.034644112127E1,2.436859856481E-1));
#6725=VERTEX_POINT('',#6724);
#6726=CARTESIAN_POINT('',(7.795991356809E1,2.084855975649E1,2.266867750895E-1));
#6727=VERTEX_POINT('',#6726);
#6728=CARTESIAN_POINT('',(6.945E1,1.985026822961E1,7.977308804471E0));
#6729=CARTESIAN_POINT('',(7.453766848797E1,1.986630532193E1,7.727345887881E0));
#6730=VERTEX_POINT('',#6728);
#6731=VERTEX_POINT('',#6729);
#6732=CARTESIAN_POINT('',(7.455E1,1.985026822997E1,7.977308798785E0));
#6733=VERTEX_POINT('',#6732);
#6734=CARTESIAN_POINT('',(7.405E1,2.034924233790E1,8.009321915165E0));
#6735=VERTEX_POINT('',#6734);
#6736=CARTESIAN_POINT('',(6.995E1,2.034924233718E1,8.009321926367E0));
#6737=CARTESIAN_POINT('',(7.404008643151E1,2.036213490153E1,7.808371347286E0));
#6738=VERTEX_POINT('',#6736);
#6739=VERTEX_POINT('',#6737);
#6740=CARTESIAN_POINT('',(6.946233151153E1,1.983423113833E1,8.227271704695E0));
#6741=VERTEX_POINT('',#6740);
#6742=CARTESIAN_POINT('',(6.995991356809E1,2.033634977355E1,8.210272494137E0));
#6743=VERTEX_POINT('',#6742);
#6744=CARTESIAN_POINT('',(7.746333721762E1,1.986694481584E1,7.717378385057E0));
#6745=CARTESIAN_POINT('',(8.255E1,1.985026822997E1,7.977308798785E0));
#6746=VERTEX_POINT('',#6744);
#6747=VERTEX_POINT('',#6745);
#6748=CARTESIAN_POINT('',(7.745E1,1.985026822935E1,7.977308808409E0));
#6749=VERTEX_POINT('',#6748);
#6750=CARTESIAN_POINT('',(7.796072207691E1,2.036264900448E1,7.800358256780E0));
#6751=CARTESIAN_POINT('',(8.205E1,2.034924233744E1,8.009321922319E0));
#6752=VERTEX_POINT('',#6750);
#6753=VERTEX_POINT('',#6751);
#6754=CARTESIAN_POINT('',(7.795E1,2.034924233718E1,8.009321926353E0));
#6755=VERTEX_POINT('',#6754);
#6756=CARTESIAN_POINT('',(8.203927792350E1,2.033583567060E1,8.218285584644E0));
#6757=VERTEX_POINT('',#6756);
#6758=CARTESIAN_POINT('',(8.253666278289E1,1.983359164442E1,8.237239207521E0));
#6759=VERTEX_POINT('',#6758);
#6760=CARTESIAN_POINT('',(-1.064563634732E1,8.911519669009E0,
-5.296196076689E0));
#6761=VERTEX_POINT('',#6760);
#6762=CARTESIAN_POINT('',(-1.045218665053E1,9.105075679933E0,
-5.275268485172E0));
#6763=VERTEX_POINT('',#6762);
#6764=CARTESIAN_POINT('',(-1.162343154739E1,8.908342446183E0,
-5.296539603202E0));
#6765=VERTEX_POINT('',#6764);
#6766=CARTESIAN_POINT('',(-1.045414211794E1,9.700054482636E0,
-5.210938406841E0));
#6767=VERTEX_POINT('',#6766);
#6768=CARTESIAN_POINT('',(-1.041438453070E1,9.769043430237E0,
-5.203479209332E0));
#6769=VERTEX_POINT('',#6768);
#6770=CARTESIAN_POINT('',(-9.557183546073E0,1.026497652752E1,
-5.149858114176E0));
#6771=VERTEX_POINT('',#6770);
#6772=VERTEX_POINT('',#3776);
#6773=CARTESIAN_POINT('',(-9.441417084071E0,1.264654684433E1,
-4.892358848092E0));
#6774=VERTEX_POINT('',#6773);
#6775=VERTEX_POINT('',#3789);
#6776=CARTESIAN_POINT('',(-1.061390934108E1,1.283568507024E1,
-4.871908914696E0));
#6777=VERTEX_POINT('',#6776);
#6778=VERTEX_POINT('',#3802);
#6779=CARTESIAN_POINT('',(-1.080271589563E1,1.122622137963E1,
-5.045926753343E0));
#6780=VERTEX_POINT('',#6779);
#6781=VERTEX_POINT('',#3818);
#6782=CARTESIAN_POINT('',(-1.148610881673E1,1.263990277745E1,
-4.893077215437E0));
#6783=VERTEX_POINT('',#6782);
#6784=VERTEX_POINT('',#3831);
#6785=CARTESIAN_POINT('',(-1.265862192506E1,1.282904103322E1,
-4.872627278812E0));
#6786=VERTEX_POINT('',#6785);
#6787=VERTEX_POINT('',#3845);
#6788=CARTESIAN_POINT('',(-1.284497689023E1,1.047363252655E1,
-5.127297887323E0));
#6789=VERTEX_POINT('',#6788);
#6790=VERTEX_POINT('',#3856);
#6791=CARTESIAN_POINT('',(-1.186032963505E1,9.764512520041E0,
-5.203969098731E0));
#6792=VERTEX_POINT('',#6791);
#6793=CARTESIAN_POINT('',(-1.182010538002E1,9.695775417160E0,
-5.211401066378E0));
#6794=VERTEX_POINT('',#6793);
#6795=CARTESIAN_POINT('',(-1.181814938853E1,9.100637155073E0,
-5.275748385717E0));
#6796=VERTEX_POINT('',#6795);
#6797=CARTESIAN_POINT('',(-8.552120681570E0,8.918322312109E0,
-5.295460563824E0));
#6798=VERTEX_POINT('',#6797);
#6799=CARTESIAN_POINT('',(-7.574335926838E0,8.921499474393E0,
-5.295117043857E0));
#6800=VERTEX_POINT('',#6799);
#6801=CARTESIAN_POINT('',(-8.746848966888E0,9.110616955894E0,
-5.274669353379E0));
#6802=VERTEX_POINT('',#6801);
#6803=CARTESIAN_POINT('',(-8.758477434648E0,1.264880741473E1,
-4.892114431535E0));
#6804=VERTEX_POINT('',#6803);
#6805=CARTESIAN_POINT('',(-8.565017504520E0,1.284236345530E1,
-4.871186836813E0));
#6806=VERTEX_POINT('',#6805);
#6807=CARTESIAN_POINT('',(-7.587243190679E0,1.284554058381E1,
-4.870843320498E0));
#6808=VERTEX_POINT('',#6807);
#6809=CARTESIAN_POINT('',(-7.392525353603E0,1.265324590747E1,
-4.891634534463E0));
#6810=VERTEX_POINT('',#6809);
#6811=CARTESIAN_POINT('',(-7.389126001460E0,1.161913855153E1,
-5.003443908021E0));
#6812=VERTEX_POINT('',#6811);
#6813=CARTESIAN_POINT('',(-6.710376747498E0,1.162134406350E1,
-5.003205444470E0));
#6814=VERTEX_POINT('',#6813);
#6815=CARTESIAN_POINT('',(-6.713775265228E0,1.265545141559E1,
-4.891396071329E0));
#6816=VERTEX_POINT('',#6815);
#6817=VERTEX_POINT('',#4128);
#6818=VERTEX_POINT('',#4067);
#6819=CARTESIAN_POINT('',(-7.384274495578E0,1.014916286677E1,
-5.162380076024E0));
#6820=VERTEX_POINT('',#6819);
#6821=VERTEX_POINT('',#4083);
#6822=CARTESIAN_POINT('',(-6.702136337429E0,9.117260993050E0,
-5.273950989248E0));
#6823=VERTEX_POINT('',#6822);
#6824=VERTEX_POINT('',#4096);
#6825=CARTESIAN_POINT('',(-5.529633738370E0,8.928143477619E0,
-5.294398683395E0));
#6826=VERTEX_POINT('',#6825);
#6827=VERTEX_POINT('',#4109);
#6828=CARTESIAN_POINT('',(-5.347812724240E0,1.265988994278E1,
-4.890916170531E0));
#6829=VERTEX_POINT('',#6828);
#6830=VERTEX_POINT('',#4122);
#6831=CARTESIAN_POINT('',(-4.657727063753E0,1.050024004224E1,
-5.124421039340E0));
#6832=VERTEX_POINT('',#6831);
#6833=CARTESIAN_POINT('',(-4.527602167827E0,1.027789837888E1,
-5.148460982536E0));
#6834=VERTEX_POINT('',#6833);
#6835=CARTESIAN_POINT('',(-4.663054487318E0,1.212118452038E1,
-4.949161879223E0));
#6836=VERTEX_POINT('',#6835);
#6837=CARTESIAN_POINT('',(-3.753280591340E0,9.836833617639E0,
-5.196149623730E0));
#6838=VERTEX_POINT('',#6837);
#6839=VERTEX_POINT('',#4281);
#6840=CARTESIAN_POINT('',(-2.690597494926E0,9.771389844868E0,
-5.203225511156E0));
#6841=VERTEX_POINT('',#6840);
#6842=CARTESIAN_POINT('',(-2.610337199526E0,9.692127712122E0,
-5.211795462195E0));
#6843=VERTEX_POINT('',#6842);
#6844=CARTESIAN_POINT('',(-2.608491564044E0,9.130566908689E0,
-5.272512331952E0));
#6845=VERTEX_POINT('',#6844);
#6846=VERTEX_POINT('',#4303);
#6847=CARTESIAN_POINT('',(-1.435993698864E0,8.941434264123E0,
-5.292961661886E0));
#6848=VERTEX_POINT('',#6847);
#6849=VERTEX_POINT('',#4316);
#6850=CARTESIAN_POINT('',(-1.252389520916E0,1.213226705217E1,
-4.947963617815E0));
#6851=VERTEX_POINT('',#6850);
#6852=VERTEX_POINT('',#4327);
#6853=CARTESIAN_POINT('',(-2.156815079309E0,1.279568741621E1,
-4.876233526270E0));
#6854=VERTEX_POINT('',#6853);
#6855=VERTEX_POINT('',#4339);
#6856=CARTESIAN_POINT('',(-3.504426961455E0,1.286025427951E1,
-4.869252451726E0));
#6857=VERTEX_POINT('',#6856);
#6858=VERTEX_POINT('',#4351);
#6859=CARTESIAN_POINT('',(-4.534390799937E0,1.234443176665E1,
-4.925024022925E0));
#6860=VERTEX_POINT('',#6859);
#6861=VERTEX_POINT('',#4368);
#6862=VERTEX_POINT('',#4380);
#6863=CARTESIAN_POINT('',(-2.956340121827E0,1.169195835856E1,
-4.995570511742E0));
#6864=VERTEX_POINT('',#6863);
#6865=CARTESIAN_POINT('',(-2.577515886291E0,1.136043293098E1,
-5.433746845476E0));
#6866=VERTEX_POINT('',#6865);
#6867=VERTEX_POINT('',#4489);
#6868=CARTESIAN_POINT('',(-2.956340121827E0,1.173495641129E1,
-5.393252756081E0));
#6869=VERTEX_POINT('',#6868);
#6870=CARTESIAN_POINT('',(1.720235511300E0,1.026859575744E1,-5.149466797136E0));
#6871=VERTEX_POINT('',#6870);
#6872=CARTESIAN_POINT('',(1.598549223566E0,1.047609069151E1,-5.127032106520E0));
#6873=VERTEX_POINT('',#6872);
#6874=CARTESIAN_POINT('',(1.723559138144E0,9.257316488322E0,-5.258807960722E0));
#6875=VERTEX_POINT('',#6874);
#6876=CARTESIAN_POINT('',(1.452684738534E0,9.100684691393E0,-5.275743246013E0));
#6877=VERTEX_POINT('',#6876);
#6878=CARTESIAN_POINT('',(-4.423573325978E-1,1.018006283160E1,
-5.159039121441E0));
#6879=VERTEX_POINT('',#6878);
#6880=CARTESIAN_POINT('',(-5.636568260520E-1,1.038733654143E1,
-5.136628349950E0));
#6881=VERTEX_POINT('',#6880);
#6882=CARTESIAN_POINT('',(-5.670718347773E-1,1.142673111588E1,
-5.024247313706E0));
#6883=VERTEX_POINT('',#6882);
#6884=VERTEX_POINT('',#4594);
#6885=CARTESIAN_POINT('',(1.013048197358E0,1.080810427690E1,-5.091134256281E0));
#6886=VERTEX_POINT('',#6885);
#6887=VERTEX_POINT('',#4565);
#6888=CARTESIAN_POINT('',(1.595670572744E0,1.135203036806E1,-5.032324080369E0));
#6889=VERTEX_POINT('',#6888);
#6890=VERTEX_POINT('',#4576);
#6891=CARTESIAN_POINT('',(1.712666448321E0,1.257159091885E1,-4.900463204980E0));
#6892=VERTEX_POINT('',#6891);
#6893=VERTEX_POINT('',#4588);
#6894=CARTESIAN_POINT('',(2.405142735957E0,9.687619001447E0,-5.212282951344E0));
#6895=VERTEX_POINT('',#6894);
#6896=CARTESIAN_POINT('',(2.538768063588E0,9.463326248262E0,-5.236533849555E0));
#6897=VERTEX_POINT('',#6896);
#6898=CARTESIAN_POINT('',(2.395296809342E0,1.268344595656E1,-4.888369255910E0));
#6899=VERTEX_POINT('',#6898);
#6900=CARTESIAN_POINT('',(2.588751647853E0,1.287700732263E1,-4.867441085386E0));
#6901=VERTEX_POINT('',#6900);
#6902=CARTESIAN_POINT('',(3.566542060543E0,1.288018450344E1,-4.867097563416E0));
#6903=VERTEX_POINT('',#6902);
#6904=CARTESIAN_POINT('',(3.761265290029E0,1.268788450036E1,-4.887889353317E0));
#6905=VERTEX_POINT('',#6904);
#6906=CARTESIAN_POINT('',(3.768660426076E0,1.043801789233E1,-5.131148599649E0));
#6907=VERTEX_POINT('',#6906);
#6908=CARTESIAN_POINT('',(4.447403121628E0,1.044022337821E1,-5.130910138919E0));
#6909=VERTEX_POINT('',#6908);
#6910=CARTESIAN_POINT('',(4.440008878646E0,1.269008999073E1,-4.887650892102E0));
#6911=VERTEX_POINT('',#6910);
#6912=VERTEX_POINT('',#4771);
#6913=CARTESIAN_POINT('',(3.309579868015E0,9.024191380574E0,-5.284013827510E0));
#6914=VERTEX_POINT('',#6913);
#6915=VERTEX_POINT('',#4729);
#6916=CARTESIAN_POINT('',(4.657195767825E0,8.959694629826E0,-5.290987321370E0));
#6917=VERTEX_POINT('',#6916);
#6918=VERTEX_POINT('',#4741);
#6919=CARTESIAN_POINT('',(5.690876313838E0,9.477726205169E0,-5.234976902733E0));
#6920=VERTEX_POINT('',#6919);
#6921=VERTEX_POINT('',#4752);
#6922=CARTESIAN_POINT('',(5.805961566783E0,1.269452848264E1,-4.887170995118E0));
#6923=VERTEX_POINT('',#6922);
#6924=VERTEX_POINT('',#4765);
#6925=CARTESIAN_POINT('',(9.688110618969E0,1.290010836369E1,-4.864943363158E0));
#6926=VERTEX_POINT('',#6925);
#6927=CARTESIAN_POINT('',(8.507835227860E0,1.289627323317E1,-4.865358023723E0));
#6928=VERTEX_POINT('',#6927);
#6929=CARTESIAN_POINT('',(9.882828521603E0,1.270779291811E1,-4.885736822728E0));
#6930=VERTEX_POINT('',#6929);
#6931=CARTESIAN_POINT('',(9.894457125030E0,9.169560909963E0,-5.268296236951E0));
#6932=VERTEX_POINT('',#6931);
#6933=CARTESIAN_POINT('',(9.701007864612E0,8.976005318517E0,-5.289223783113E0));
#6934=VERTEX_POINT('',#6933);
#6935=CARTESIAN_POINT('',(8.919041031752E0,8.973464029819E0,-5.289498551391E0));
#6936=VERTEX_POINT('',#6935);
#6937=CARTESIAN_POINT('',(8.724312749645E0,9.165758670032E0,-5.268707341332E0));
#6938=VERTEX_POINT('',#6937);
#6939=CARTESIAN_POINT('',(8.720227223438E0,1.040886856608E1,-5.134300272335E0));
#6940=VERTEX_POINT('',#6939);
#6941=CARTESIAN_POINT('',(8.375126694336E0,1.044409874076E1,-5.130491128402E0));
#6942=VERTEX_POINT('',#6941);
#6943=CARTESIAN_POINT('',(8.128816252221E0,9.178452374174E0,-5.267334877342E0));
#6944=VERTEX_POINT('',#6943);
#6945=CARTESIAN_POINT('',(7.875562576050E0,8.970073350883E0,-5.289865157127E0));
#6946=VERTEX_POINT('',#6945);
#6947=CARTESIAN_POINT('',(6.695300332964E0,8.966238686570E0,-5.290279767285E0));
#6948=VERTEX_POINT('',#6947);
#6949=CARTESIAN_POINT('',(6.500582500173E0,9.158533075828E0,-5.269488584360E0));
#6950=VERTEX_POINT('',#6949);
#6951=CARTESIAN_POINT('',(6.488953899472E0,1.269676494608E1,-4.886929185046E0));
#6952=VERTEX_POINT('',#6951);
#6953=CARTESIAN_POINT('',(6.682403306604E0,1.289034172117E1,-4.865999348474E0));
#6954=VERTEX_POINT('',#6953);
#6955=CARTESIAN_POINT('',(7.464369925050E0,1.289288259732E1,-4.865724624801E0));
#6956=VERTEX_POINT('',#6955);
#6957=CARTESIAN_POINT('',(7.659098272781E0,1.270056718472E1,-4.886518080804E0));
#6958=VERTEX_POINT('',#6957);
#6959=CARTESIAN_POINT('',(7.663183357515E0,1.145758785456E1,-5.020911032804E0));
#6960=VERTEX_POINT('',#6959);
#6961=VERTEX_POINT('',#4991);
#6962=VERTEX_POINT('',#4985);
#6963=CARTESIAN_POINT('',(1.057709398437E1,9.281500273926E0,-5.256193170388E0));
#6964=VERTEX_POINT('',#6963);
#6965=CARTESIAN_POINT('',(1.084899223046E1,9.126632151305E0,-5.272937764337E0));
#6966=VERTEX_POINT('',#6965);
#6967=CARTESIAN_POINT('',(1.057377138218E1,1.029277974980E1,-5.146851984447E0));
#6968=VERTEX_POINT('',#6967);
#6969=CARTESIAN_POINT('',(1.069408986203E1,1.050106082309E1,-5.124332295177E0));
#6970=VERTEX_POINT('',#6969);
#6971=CARTESIAN_POINT('',(1.127751101282E1,1.083698617768E1,-5.088011498071E0));
#6972=VERTEX_POINT('',#6971);
#6973=CARTESIAN_POINT('',(1.127671223575E1,1.104498691232E1,-5.065522119473E0));
#6974=VERTEX_POINT('',#6973);
#6975=CARTESIAN_POINT('',(1.069121172604E1,1.137700140253E1,-5.029624171403E0));
#6976=VERTEX_POINT('',#6975);
#6977=CARTESIAN_POINT('',(1.056952492159E1,1.158449543097E1,-5.007189578705E0));
#6978=VERTEX_POINT('',#6977);
#6979=CARTESIAN_POINT('',(1.056620129465E1,1.259577470117E1,-4.897848415001E0));
#6980=VERTEX_POINT('',#6979);
#6981=VERTEX_POINT('',#5205);
#6982=CARTESIAN_POINT('',(1.273689946211E1,1.021830154044E1,-5.154904689888E0));
#6983=VERTEX_POINT('',#6982);
#6984=VERTEX_POINT('',#5188);
#6985=CARTESIAN_POINT('',(1.285341725892E1,1.146575464766E1,-5.020028025818E0));
#6986=VERTEX_POINT('',#6985);
#6987=VERTEX_POINT('',#5199);
#6988=CARTESIAN_POINT('',(-4.882790561914E1,1.262326300078E1,
-2.413875399396E0));
#6989=CARTESIAN_POINT('',(-4.980940107673E1,1.093311346239E1,
-2.596617123474E0));
#6990=VERTEX_POINT('',#6988);
#6991=VERTEX_POINT('',#6989);
#6992=CARTESIAN_POINT('',(-4.986299091524E1,1.073427234018E1,
-2.618116149841E0));
#6993=VERTEX_POINT('',#6992);
#6994=CARTESIAN_POINT('',(-4.980940107667E1,1.053543121787E1,
-2.639615176219E0));
#6995=VERTEX_POINT('',#6994);
#6996=CARTESIAN_POINT('',(-4.882790561917E1,8.845281679626E0,
-2.822356900281E0));
#6997=VERTEX_POINT('',#6996);
#6998=CARTESIAN_POINT('',(-4.868149545762E1,8.699719875513E0,
-2.838095279898E0));
#6999=VERTEX_POINT('',#6998);
#7000=CARTESIAN_POINT('',(-4.848149545762E1,8.646440557406E0,
-2.843855926649E0));
#7001=VERTEX_POINT('',#7000);
#7002=CARTESIAN_POINT('',(-4.651850454238E1,8.646440557406E0,
-2.843855926649E0));
#7003=VERTEX_POINT('',#7002);
#7004=CARTESIAN_POINT('',(-4.631850454238E1,8.699719875513E0,
-2.838095279898E0));
#7005=VERTEX_POINT('',#7004);
#7006=CARTESIAN_POINT('',(-4.617209438080E1,8.845281679681E0,
-2.822356900275E0));
#7007=VERTEX_POINT('',#7006);
#7008=CARTESIAN_POINT('',(-4.519059892327E1,1.053543121795E1,
-2.639615176210E0));
#7009=VERTEX_POINT('',#7008);
#7010=CARTESIAN_POINT('',(-4.513700908476E1,1.073427234018E1,
-2.618116149841E0));
#7011=VERTEX_POINT('',#7010);
#7012=CARTESIAN_POINT('',(-4.519059892332E1,1.093311346248E1,
-2.596617123464E0));
#7013=VERTEX_POINT('',#7012);
#7014=CARTESIAN_POINT('',(-4.617209438084E1,1.262326300075E1,
-2.413875399398E0));
#7015=VERTEX_POINT('',#7014);
#7016=CARTESIAN_POINT('',(-4.631850454238E1,1.276882480485E1,
-2.398137019783E0));
#7017=VERTEX_POINT('',#7016);
#7018=CARTESIAN_POINT('',(-4.651850454242E1,1.282210412296E1,
-2.392376373031E0));
#7019=VERTEX_POINT('',#7018);
#7020=CARTESIAN_POINT('',(-4.848149545761E1,1.282210412296E1,
-2.392376373032E0));
#7021=VERTEX_POINT('',#7020);
#7022=CARTESIAN_POINT('',(-4.868149545762E1,1.276882480485E1,
-2.398137019783E0));
#7023=VERTEX_POINT('',#7022);
#7024=CARTESIAN_POINT('',(-4.865E1,1.073427234018E1,-2.618116149841E0));
#7025=CARTESIAN_POINT('',(-4.635E1,1.073427234018E1,-2.618116149841E0));
#7026=VERTEX_POINT('',#7024);
#7027=VERTEX_POINT('',#7025);
#7028=CARTESIAN_POINT('',(4.519059892327E1,1.093311346239E1,-2.596617123474E0));
#7029=VERTEX_POINT('',#7028);
#7030=CARTESIAN_POINT('',(4.617209438086E1,1.262326300078E1,-2.413875399396E0));
#7031=VERTEX_POINT('',#7030);
#7032=CARTESIAN_POINT('',(4.513700908476E1,1.073427234018E1,-2.618116149841E0));
#7033=CARTESIAN_POINT('',(4.519059892333E1,1.053543121787E1,-2.639615176219E0));
#7034=VERTEX_POINT('',#7032);
#7035=VERTEX_POINT('',#7033);
#7036=CARTESIAN_POINT('',(4.882790561916E1,8.845281679613E0,-2.822356900283E0));
#7037=CARTESIAN_POINT('',(4.980940107673E1,1.053543121795E1,-2.639615176210E0));
#7038=VERTEX_POINT('',#7036);
#7039=VERTEX_POINT('',#7037);
#7040=CARTESIAN_POINT('',(4.986299091524E1,1.073427234018E1,-2.618116149841E0));
#7041=VERTEX_POINT('',#7040);
#7042=CARTESIAN_POINT('',(4.980940107668E1,1.093311346248E1,-2.596617123464E0));
#7043=VERTEX_POINT('',#7042);
#7044=CARTESIAN_POINT('',(4.882790561916E1,1.262326300075E1,-2.413875399398E0));
#7045=VERTEX_POINT('',#7044);
#7046=CARTESIAN_POINT('',(4.868149545762E1,1.276882480485E1,-2.398137019783E0));
#7047=VERTEX_POINT('',#7046);
#7048=CARTESIAN_POINT('',(4.848149545758E1,1.282210412296E1,-2.392376373031E0));
#7049=VERTEX_POINT('',#7048);
#7050=CARTESIAN_POINT('',(4.651850454239E1,1.282210412296E1,-2.392376373032E0));
#7051=VERTEX_POINT('',#7050);
#7052=CARTESIAN_POINT('',(4.631850454238E1,1.276882480485E1,-2.398137019783E0));
#7053=VERTEX_POINT('',#7052);
#7054=CARTESIAN_POINT('',(4.617209438083E1,8.845281679625E0,-2.822356900281E0));
#7055=VERTEX_POINT('',#7054);
#7056=CARTESIAN_POINT('',(4.631850454238E1,8.699719875513E0,-2.838095279898E0));
#7057=VERTEX_POINT('',#7056);
#7058=CARTESIAN_POINT('',(4.651850454238E1,8.646440557406E0,-2.843855926649E0));
#7059=VERTEX_POINT('',#7058);
#7060=CARTESIAN_POINT('',(4.848149545762E1,8.646440557406E0,-2.843855926649E0));
#7061=VERTEX_POINT('',#7060);
#7062=CARTESIAN_POINT('',(4.868149545762E1,8.699719875513E0,-2.838095279898E0));
#7063=VERTEX_POINT('',#7062);
#7064=CARTESIAN_POINT('',(4.635E1,1.073427234018E1,-2.618116149841E0));
#7065=CARTESIAN_POINT('',(4.865E1,1.073427234018E1,-2.618116149841E0));
#7066=VERTEX_POINT('',#7064);
#7067=VERTEX_POINT('',#7065);
#7068=CARTESIAN_POINT('',(-4.635E1,1.055153061610E1,-9.279666114042E-1));
#7069=CARTESIAN_POINT('',(-4.865E1,1.055153061610E1,-9.279666114042E-1));
#7070=VERTEX_POINT('',#7068);
#7071=VERTEX_POINT('',#7069);
#7072=CARTESIAN_POINT('',(4.865E1,1.055153061610E1,-9.279666114042E-1));
#7073=CARTESIAN_POINT('',(4.635E1,1.055153061610E1,-9.279666114042E-1));
#7074=VERTEX_POINT('',#7072);
#7075=VERTEX_POINT('',#7073);
#7076=CARTESIAN_POINT('',(-4.545E1,1.055153061609E1,-9.279666114044E-1));
#7077=CARTESIAN_POINT('',(-4.955E1,1.055153061609E1,-9.279666114044E-1));
#7078=VERTEX_POINT('',#7076);
#7079=VERTEX_POINT('',#7077);
#7080=CARTESIAN_POINT('',(4.955E1,1.055153061609E1,-9.279666114044E-1));
#7081=CARTESIAN_POINT('',(4.545E1,1.055153061609E1,-9.279666114044E-1));
#7082=VERTEX_POINT('',#7080);
#7083=VERTEX_POINT('',#7081);
#7084=CARTESIAN_POINT('',(-4.545E1,1.068052477427E1,-2.121013344419E0));
#7085=CARTESIAN_POINT('',(-4.955E1,1.068052477427E1,-2.121013344419E0));
#7086=VERTEX_POINT('',#7084);
#7087=VERTEX_POINT('',#7085);
#7088=CARTESIAN_POINT('',(4.955E1,1.068052477427E1,-2.121013344419E0));
#7089=CARTESIAN_POINT('',(4.545E1,1.068052477427E1,-2.121013344419E0));
#7090=VERTEX_POINT('',#7088);
#7091=VERTEX_POINT('',#7089);
#7092=CARTESIAN_POINT('',(-8.4E1,1.855293555063E1,7.894074676558E0));
#7093=DIRECTION('',(1.E0,0.E0,0.E0));
#7094=DIRECTION('',(0.E0,6.402624786721E-2,-9.979482148809E-1));
#7095=AXIS2_PLACEMENT_3D('',#7092,#7093,#7094);
#7096=PLANE('',#7095);
#7098=ORIENTED_EDGE('',*,*,#7097,.T.);
#7100=ORIENTED_EDGE('',*,*,#7099,.F.);
#7102=ORIENTED_EDGE('',*,*,#7101,.T.);
#7104=ORIENTED_EDGE('',*,*,#7103,.T.);
#7106=ORIENTED_EDGE('',*,*,#7105,.F.);
#7108=ORIENTED_EDGE('',*,*,#7107,.F.);
#7110=ORIENTED_EDGE('',*,*,#7109,.F.);
#7112=ORIENTED_EDGE('',*,*,#7111,.T.);
#7113=EDGE_LOOP('',(#7098,#7100,#7102,#7104,#7106,#7108,#7110,#7112));
#7114=FACE_OUTER_BOUND('',#7113,.F.);
#7115=ADVANCED_FACE('',(#7114),#7096,.F.);
#7116=CARTESIAN_POINT('',(-1.249999969698E2,1.595233344161E1,
-1.551016795003E0));
#7117=DIRECTION('',(0.E0,-1.074951318136E-1,9.942056108454E-1));
#7118=DIRECTION('',(0.E0,9.942056108454E-1,1.074951318136E-1));
#7119=AXIS2_PLACEMENT_3D('',#7116,#7117,#7118);
#7120=PLANE('',#7119);
#7122=ORIENTED_EDGE('',*,*,#7121,.F.);
#7124=ORIENTED_EDGE('',*,*,#7123,.F.);
#7125=ORIENTED_EDGE('',*,*,#7097,.F.);
#7127=ORIENTED_EDGE('',*,*,#7126,.F.);
#7128=EDGE_LOOP('',(#7122,#7124,#7125,#7127));
#7129=FACE_OUTER_BOUND('',#7128,.F.);
#7131=ORIENTED_EDGE('',*,*,#7130,.T.);
#7133=ORIENTED_EDGE('',*,*,#7132,.T.);
#7134=EDGE_LOOP('',(#7131,#7133));
#7135=FACE_BOUND('',#7134,.F.);
#7137=ORIENTED_EDGE('',*,*,#7136,.T.);
#7139=ORIENTED_EDGE('',*,*,#7138,.T.);
#7140=EDGE_LOOP('',(#7137,#7139));
#7141=FACE_BOUND('',#7140,.F.);
#7142=ADVANCED_FACE('',(#7129,#7135,#7141),#7120,.T.);
#7143=CARTESIAN_POINT('',(8.4E1,1.855293555063E1,7.894074676558E0));
#7144=DIRECTION('',(1.E0,0.E0,0.E0));
#7145=DIRECTION('',(0.E0,6.402624786721E-2,-9.979482148809E-1));
#7146=AXIS2_PLACEMENT_3D('',#7143,#7144,#7145);
#7147=PLANE('',#7146);
#7149=ORIENTED_EDGE('',*,*,#7148,.F.);
#7150=ORIENTED_EDGE('',*,*,#7121,.T.);
#7152=ORIENTED_EDGE('',*,*,#7151,.T.);
#7154=ORIENTED_EDGE('',*,*,#7153,.T.);
#7156=ORIENTED_EDGE('',*,*,#7155,.T.);
#7158=ORIENTED_EDGE('',*,*,#7157,.T.);
#7160=ORIENTED_EDGE('',*,*,#7159,.T.);
#7162=ORIENTED_EDGE('',*,*,#7161,.T.);
#7163=EDGE_LOOP('',(#7149,#7150,#7152,#7154,#7156,#7158,#7160,#7162));
#7164=FACE_OUTER_BOUND('',#7163,.F.);
#7165=ADVANCED_FACE('',(#7164),#7147,.T.);
#7166=CARTESIAN_POINT('',(-1.249999969698E2,5.503222585595E0,
-2.680791699257E0));
#7167=DIRECTION('',(0.E0,-9.979482148809E-1,-6.402624786721E-2));
#7168=DIRECTION('',(1.E0,0.E0,0.E0));
#7169=AXIS2_PLACEMENT_3D('',#7166,#7167,#7168);
#7170=PLANE('',#7169);
#7171=ORIENTED_EDGE('',*,*,#7099,.T.);
#7172=ORIENTED_EDGE('',*,*,#7123,.T.);
#7173=ORIENTED_EDGE('',*,*,#7148,.T.);
#7175=ORIENTED_EDGE('',*,*,#7174,.F.);
#7176=EDGE_LOOP('',(#7171,#7172,#7173,#7175));
#7177=FACE_OUTER_BOUND('',#7176,.F.);
#7178=ADVANCED_FACE('',(#7177),#7170,.T.);
#7179=CARTESIAN_POINT('',(-1.249999969698E2,5.718980308490E0,
-6.043709902071E0));
#7180=DIRECTION('',(0.E0,1.074951318136E-1,-9.942056108454E-1));
#7181=DIRECTION('',(0.E0,-9.942056108454E-1,-1.074951318136E-1));
#7182=AXIS2_PLACEMENT_3D('',#7179,#7180,#7181);
#7183=PLANE('',#7182);
#7184=ORIENTED_EDGE('',*,*,#7101,.F.);
#7185=ORIENTED_EDGE('',*,*,#7174,.T.);
#7186=ORIENTED_EDGE('',*,*,#7161,.F.);
#7188=ORIENTED_EDGE('',*,*,#7187,.F.);
#7189=EDGE_LOOP('',(#7184,#7185,#7186,#7188));
#7190=FACE_OUTER_BOUND('',#7189,.F.);
#7192=ORIENTED_EDGE('',*,*,#7191,.T.);
#7194=ORIENTED_EDGE('',*,*,#7193,.F.);
#7196=ORIENTED_EDGE('',*,*,#7195,.T.);
#7198=ORIENTED_EDGE('',*,*,#7197,.F.);
#7200=ORIENTED_EDGE('',*,*,#7199,.T.);
#7202=ORIENTED_EDGE('',*,*,#7201,.T.);
#7204=ORIENTED_EDGE('',*,*,#7203,.T.);
#7206=ORIENTED_EDGE('',*,*,#7205,.F.);
#7208=ORIENTED_EDGE('',*,*,#7207,.T.);
#7210=ORIENTED_EDGE('',*,*,#7209,.F.);
#7212=ORIENTED_EDGE('',*,*,#7211,.T.);
#7214=ORIENTED_EDGE('',*,*,#7213,.F.);
#7216=ORIENTED_EDGE('',*,*,#7215,.T.);
#7218=ORIENTED_EDGE('',*,*,#7217,.F.);
#7220=ORIENTED_EDGE('',*,*,#7219,.T.);
#7222=ORIENTED_EDGE('',*,*,#7221,.F.);
#7224=ORIENTED_EDGE('',*,*,#7223,.T.);
#7226=ORIENTED_EDGE('',*,*,#7225,.F.);
#7228=ORIENTED_EDGE('',*,*,#7227,.T.);
#7230=ORIENTED_EDGE('',*,*,#7229,.T.);
#7232=ORIENTED_EDGE('',*,*,#7231,.T.);
#7234=ORIENTED_EDGE('',*,*,#7233,.F.);
#7235=EDGE_LOOP('',(#7192,#7194,#7196,#7198,#7200,#7202,#7204,#7206,#7208,#7210,
#7212,#7214,#7216,#7218,#7220,#7222,#7224,#7226,#7228,#7230,#7232,#7234));
#7236=FACE_BOUND('',#7235,.F.);
#7238=ORIENTED_EDGE('',*,*,#7237,.F.);
#7240=ORIENTED_EDGE('',*,*,#7239,.T.);
#7242=ORIENTED_EDGE('',*,*,#7241,.F.);
#7244=ORIENTED_EDGE('',*,*,#7243,.T.);
#7246=ORIENTED_EDGE('',*,*,#7245,.F.);
#7248=ORIENTED_EDGE('',*,*,#7247,.T.);
#7250=ORIENTED_EDGE('',*,*,#7249,.F.);
#7252=ORIENTED_EDGE('',*,*,#7251,.T.);
#7254=ORIENTED_EDGE('',*,*,#7253,.F.);
#7256=ORIENTED_EDGE('',*,*,#7255,.T.);
#7258=ORIENTED_EDGE('',*,*,#7257,.F.);
#7260=ORIENTED_EDGE('',*,*,#7259,.T.);
#7262=ORIENTED_EDGE('',*,*,#7261,.F.);
#7264=ORIENTED_EDGE('',*,*,#7263,.T.);
#7266=ORIENTED_EDGE('',*,*,#7265,.F.);
#7268=ORIENTED_EDGE('',*,*,#7267,.T.);
#7270=ORIENTED_EDGE('',*,*,#7269,.F.);
#7272=ORIENTED_EDGE('',*,*,#7271,.T.);
#7274=ORIENTED_EDGE('',*,*,#7273,.F.);
#7276=ORIENTED_EDGE('',*,*,#7275,.T.);
#7277=EDGE_LOOP('',(#7238,#7240,#7242,#7244,#7246,#7248,#7250,#7252,#7254,#7256,
#7258,#7260,#7262,#7264,#7266,#7268,#7270,#7272,#7274,#7276));
#7278=FACE_BOUND('',#7277,.F.);
#7280=ORIENTED_EDGE('',*,*,#7279,.T.);
#7282=ORIENTED_EDGE('',*,*,#7281,.F.);
#7284=ORIENTED_EDGE('',*,*,#7283,.T.);
#7286=ORIENTED_EDGE('',*,*,#7285,.T.);
#7288=ORIENTED_EDGE('',*,*,#7287,.T.);
#7290=ORIENTED_EDGE('',*,*,#7289,.F.);
#7292=ORIENTED_EDGE('',*,*,#7291,.T.);
#7294=ORIENTED_EDGE('',*,*,#7293,.T.);
#7296=ORIENTED_EDGE('',*,*,#7295,.T.);
#7298=ORIENTED_EDGE('',*,*,#7297,.F.);
#7300=ORIENTED_EDGE('',*,*,#7299,.T.);
#7302=ORIENTED_EDGE('',*,*,#7301,.F.);
#7304=ORIENTED_EDGE('',*,*,#7303,.T.);
#7306=ORIENTED_EDGE('',*,*,#7305,.F.);
#7308=ORIENTED_EDGE('',*,*,#7307,.T.);
#7310=ORIENTED_EDGE('',*,*,#7309,.F.);
#7312=ORIENTED_EDGE('',*,*,#7311,.T.);
#7314=ORIENTED_EDGE('',*,*,#7313,.T.);
#7315=EDGE_LOOP('',(#7280,#7282,#7284,#7286,#7288,#7290,#7292,#7294,#7296,#7298,
#7300,#7302,#7304,#7306,#7308,#7310,#7312,#7314));
#7316=FACE_BOUND('',#7315,.F.);
#7318=ORIENTED_EDGE('',*,*,#7317,.T.);
#7320=ORIENTED_EDGE('',*,*,#7319,.F.);
#7322=ORIENTED_EDGE('',*,*,#7321,.T.);
#7324=ORIENTED_EDGE('',*,*,#7323,.T.);
#7326=ORIENTED_EDGE('',*,*,#7325,.T.);
#7328=ORIENTED_EDGE('',*,*,#7327,.F.);
#7330=ORIENTED_EDGE('',*,*,#7329,.T.);
#7332=ORIENTED_EDGE('',*,*,#7331,.T.);
#7334=ORIENTED_EDGE('',*,*,#7333,.T.);
#7336=ORIENTED_EDGE('',*,*,#7335,.F.);
#7338=ORIENTED_EDGE('',*,*,#7337,.T.);
#7340=ORIENTED_EDGE('',*,*,#7339,.T.);
#7342=ORIENTED_EDGE('',*,*,#7341,.T.);
#7344=ORIENTED_EDGE('',*,*,#7343,.T.);
#7345=EDGE_LOOP('',(#7318,#7320,#7322,#7324,#7326,#7328,#7330,#7332,#7334,#7336,
#7338,#7340,#7342,#7344));
#7346=FACE_BOUND('',#7345,.F.);
#7348=ORIENTED_EDGE('',*,*,#7347,.T.);
#7350=ORIENTED_EDGE('',*,*,#7349,.F.);
#7352=ORIENTED_EDGE('',*,*,#7351,.T.);
#7354=ORIENTED_EDGE('',*,*,#7353,.F.);
#7356=ORIENTED_EDGE('',*,*,#7355,.T.);
#7358=ORIENTED_EDGE('',*,*,#7357,.F.);
#7360=ORIENTED_EDGE('',*,*,#7359,.T.);
#7362=ORIENTED_EDGE('',*,*,#7361,.F.);
#7364=ORIENTED_EDGE('',*,*,#7363,.T.);
#7366=ORIENTED_EDGE('',*,*,#7365,.F.);
#7368=ORIENTED_EDGE('',*,*,#7367,.T.);
#7370=ORIENTED_EDGE('',*,*,#7369,.F.);
#7372=ORIENTED_EDGE('',*,*,#7371,.T.);
#7374=ORIENTED_EDGE('',*,*,#7373,.F.);
#7376=ORIENTED_EDGE('',*,*,#7375,.T.);
#7378=ORIENTED_EDGE('',*,*,#7377,.F.);
#7380=ORIENTED_EDGE('',*,*,#7379,.T.);
#7382=ORIENTED_EDGE('',*,*,#7381,.T.);
#7383=EDGE_LOOP('',(#7348,#7350,#7352,#7354,#7356,#7358,#7360,#7362,#7364,#7366,
#7368,#7370,#7372,#7374,#7376,#7378,#7380,#7382));
#7384=FACE_BOUND('',#7383,.F.);
#7386=ORIENTED_EDGE('',*,*,#7385,.F.);
#7388=ORIENTED_EDGE('',*,*,#7387,.T.);
#7390=ORIENTED_EDGE('',*,*,#7389,.F.);
#7392=ORIENTED_EDGE('',*,*,#7391,.T.);
#7394=ORIENTED_EDGE('',*,*,#7393,.F.);
#7396=ORIENTED_EDGE('',*,*,#7395,.T.);
#7398=ORIENTED_EDGE('',*,*,#7397,.F.);
#7400=ORIENTED_EDGE('',*,*,#7399,.T.);
#7402=ORIENTED_EDGE('',*,*,#7401,.T.);
#7404=ORIENTED_EDGE('',*,*,#7403,.T.);
#7406=ORIENTED_EDGE('',*,*,#7405,.F.);
#7408=ORIENTED_EDGE('',*,*,#7407,.T.);
#7410=ORIENTED_EDGE('',*,*,#7409,.F.);
#7412=ORIENTED_EDGE('',*,*,#7411,.T.);
#7414=ORIENTED_EDGE('',*,*,#7413,.F.);
#7416=ORIENTED_EDGE('',*,*,#7415,.T.);
#7418=ORIENTED_EDGE('',*,*,#7417,.F.);
#7420=ORIENTED_EDGE('',*,*,#7419,.T.);
#7422=ORIENTED_EDGE('',*,*,#7421,.F.);
#7424=ORIENTED_EDGE('',*,*,#7423,.T.);
#7425=EDGE_LOOP('',(#7386,#7388,#7390,#7392,#7394,#7396,#7398,#7400,#7402,#7404,
#7406,#7408,#7410,#7412,#7414,#7416,#7418,#7420,#7422,#7424));
#7426=FACE_BOUND('',#7425,.F.);
#7428=ORIENTED_EDGE('',*,*,#7427,.T.);
#7430=ORIENTED_EDGE('',*,*,#7429,.F.);
#7432=ORIENTED_EDGE('',*,*,#7431,.T.);
#7434=ORIENTED_EDGE('',*,*,#7433,.T.);
#7436=ORIENTED_EDGE('',*,*,#7435,.T.);
#7438=ORIENTED_EDGE('',*,*,#7437,.T.);
#7440=ORIENTED_EDGE('',*,*,#7439,.T.);
#7442=ORIENTED_EDGE('',*,*,#7441,.F.);
#7444=ORIENTED_EDGE('',*,*,#7443,.T.);
#7446=ORIENTED_EDGE('',*,*,#7445,.T.);
#7448=ORIENTED_EDGE('',*,*,#7447,.T.);
#7450=ORIENTED_EDGE('',*,*,#7449,.F.);
#7452=ORIENTED_EDGE('',*,*,#7451,.T.);
#7454=ORIENTED_EDGE('',*,*,#7453,.T.);
#7455=EDGE_LOOP('',(#7428,#7430,#7432,#7434,#7436,#7438,#7440,#7442,#7444,#7446,
#7448,#7450,#7452,#7454));
#7456=FACE_BOUND('',#7455,.F.);
#7458=ORIENTED_EDGE('',*,*,#7457,.T.);
#7460=ORIENTED_EDGE('',*,*,#7459,.T.);
#7462=ORIENTED_EDGE('',*,*,#7461,.T.);
#7464=ORIENTED_EDGE('',*,*,#7463,.T.);
#7466=ORIENTED_EDGE('',*,*,#7465,.T.);
#7468=ORIENTED_EDGE('',*,*,#7467,.T.);
#7470=ORIENTED_EDGE('',*,*,#7469,.T.);
#7472=ORIENTED_EDGE('',*,*,#7471,.T.);
#7474=ORIENTED_EDGE('',*,*,#7473,.T.);
#7476=ORIENTED_EDGE('',*,*,#7475,.T.);
#7478=ORIENTED_EDGE('',*,*,#7477,.T.);
#7480=ORIENTED_EDGE('',*,*,#7479,.T.);
#7482=ORIENTED_EDGE('',*,*,#7481,.T.);
#7484=ORIENTED_EDGE('',*,*,#7483,.T.);
#7486=ORIENTED_EDGE('',*,*,#7485,.T.);
#7488=ORIENTED_EDGE('',*,*,#7487,.T.);
#7490=ORIENTED_EDGE('',*,*,#7489,.T.);
#7492=ORIENTED_EDGE('',*,*,#7491,.T.);
#7493=EDGE_LOOP('',(#7458,#7460,#7462,#7464,#7466,#7468,#7470,#7472,#7474,#7476,
#7478,#7480,#7482,#7484,#7486,#7488,#7490,#7492));
#7494=FACE_BOUND('',#7493,.F.);
#7496=ORIENTED_EDGE('',*,*,#7495,.T.);
#7498=ORIENTED_EDGE('',*,*,#7497,.T.);
#7500=ORIENTED_EDGE('',*,*,#7499,.T.);
#7502=ORIENTED_EDGE('',*,*,#7501,.T.);
#7504=ORIENTED_EDGE('',*,*,#7503,.T.);
#7506=ORIENTED_EDGE('',*,*,#7505,.T.);
#7508=ORIENTED_EDGE('',*,*,#7507,.T.);
#7510=ORIENTED_EDGE('',*,*,#7509,.T.);
#7512=ORIENTED_EDGE('',*,*,#7511,.T.);
#7514=ORIENTED_EDGE('',*,*,#7513,.T.);
#7516=ORIENTED_EDGE('',*,*,#7515,.T.);
#7518=ORIENTED_EDGE('',*,*,#7517,.T.);
#7520=ORIENTED_EDGE('',*,*,#7519,.T.);
#7522=ORIENTED_EDGE('',*,*,#7521,.T.);
#7524=ORIENTED_EDGE('',*,*,#7523,.T.);
#7526=ORIENTED_EDGE('',*,*,#7525,.T.);
#7528=ORIENTED_EDGE('',*,*,#7527,.T.);
#7530=ORIENTED_EDGE('',*,*,#7529,.T.);
#7531=EDGE_LOOP('',(#7496,#7498,#7500,#7502,#7504,#7506,#7508,#7510,#7512,#7514,
#7516,#7518,#7520,#7522,#7524,#7526,#7528,#7530));
#7532=FACE_BOUND('',#7531,.F.);
#7533=ADVANCED_FACE('',(#7190,#7236,#7278,#7316,#7346,#7384,#7426,#7456,#7494,
#7532),#7183,.T.);
#7534=CARTESIAN_POINT('',(7.371880883511E-13,1.882296002893E1,
-4.123972167229E0));
#7535=DIRECTION('',(-1.E0,-3.042607335798E-12,2.560213114375E-12));
#7536=DIRECTION('',(-2.560213114375E-12,0.E0,-1.E0));
#7537=AXIS2_PLACEMENT_3D('',#7534,#7535,#7536);
#7538=CYLINDRICAL_SURFACE('',#7537,4.999999999997E-1);
#7539=ORIENTED_EDGE('',*,*,#7103,.F.);
#7540=ORIENTED_EDGE('',*,*,#7187,.T.);
#7541=ORIENTED_EDGE('',*,*,#7159,.F.);
#7543=ORIENTED_EDGE('',*,*,#7542,.T.);
#7544=EDGE_LOOP('',(#7539,#7540,#7541,#7543));
#7545=FACE_OUTER_BOUND('',#7544,.F.);
#7546=ADVANCED_FACE('',(#7545),#7538,.T.);
#7547=CARTESIAN_POINT('',(-1.249999969698E2,1.935258003763E1,
-4.569622868171E0));
#7548=DIRECTION('',(0.E0,9.979482148809E-1,6.402624786721E-2));
#7549=DIRECTION('',(-1.E0,0.E0,0.E0));
#7550=AXIS2_PLACEMENT_3D('',#7547,#7548,#7549);
#7551=PLANE('',#7550);
#7552=ORIENTED_EDGE('',*,*,#7105,.T.);
#7553=ORIENTED_EDGE('',*,*,#7542,.F.);
#7554=ORIENTED_EDGE('',*,*,#7157,.F.);
#7556=ORIENTED_EDGE('',*,*,#7555,.T.);
#7557=EDGE_LOOP('',(#7552,#7553,#7554,#7556));
#7558=FACE_OUTER_BOUND('',#7557,.F.);
#7560=ORIENTED_EDGE('',*,*,#7559,.T.);
#7562=ORIENTED_EDGE('',*,*,#7561,.T.);
#7563=EDGE_LOOP('',(#7560,#7562));
#7564=FACE_BOUND('',#7563,.F.);
#7566=ORIENTED_EDGE('',*,*,#7565,.T.);
#7568=ORIENTED_EDGE('',*,*,#7567,.T.);
#7569=EDGE_LOOP('',(#7566,#7568));
#7570=FACE_BOUND('',#7569,.F.);
#7572=ORIENTED_EDGE('',*,*,#7571,.T.);
#7574=ORIENTED_EDGE('',*,*,#7573,.T.);
#7575=EDGE_LOOP('',(#7572,#7574));
#7576=FACE_BOUND('',#7575,.F.);
#7578=ORIENTED_EDGE('',*,*,#7577,.T.);
#7580=ORIENTED_EDGE('',*,*,#7579,.T.);
#7581=EDGE_LOOP('',(#7578,#7580));
#7582=FACE_BOUND('',#7581,.F.);
#7584=ORIENTED_EDGE('',*,*,#7583,.T.);
#7586=ORIENTED_EDGE('',*,*,#7585,.T.);
#7587=EDGE_LOOP('',(#7584,#7586));
#7588=FACE_BOUND('',#7587,.F.);
#7590=ORIENTED_EDGE('',*,*,#7589,.T.);
#7592=ORIENTED_EDGE('',*,*,#7591,.T.);
#7593=EDGE_LOOP('',(#7590,#7592));
#7594=FACE_BOUND('',#7593,.F.);
#7596=ORIENTED_EDGE('',*,*,#7595,.T.);
#7598=ORIENTED_EDGE('',*,*,#7597,.T.);
#7599=EDGE_LOOP('',(#7596,#7598));
#7600=FACE_BOUND('',#7599,.F.);
#7602=ORIENTED_EDGE('',*,*,#7601,.T.);
#7604=ORIENTED_EDGE('',*,*,#7603,.T.);
#7605=EDGE_LOOP('',(#7602,#7604));
#7606=FACE_BOUND('',#7605,.F.);
#7608=ORIENTED_EDGE('',*,*,#7607,.T.);
#7610=ORIENTED_EDGE('',*,*,#7609,.T.);
#7611=EDGE_LOOP('',(#7608,#7610));
#7612=FACE_BOUND('',#7611,.F.);
#7614=ORIENTED_EDGE('',*,*,#7613,.T.);
#7616=ORIENTED_EDGE('',*,*,#7615,.T.);
#7617=EDGE_LOOP('',(#7614,#7616));
#7618=FACE_BOUND('',#7617,.F.);
#7620=ORIENTED_EDGE('',*,*,#7619,.T.);
#7622=ORIENTED_EDGE('',*,*,#7621,.T.);
#7623=EDGE_LOOP('',(#7620,#7622));
#7624=FACE_BOUND('',#7623,.F.);
#7626=ORIENTED_EDGE('',*,*,#7625,.T.);
#7628=ORIENTED_EDGE('',*,*,#7627,.T.);
#7629=EDGE_LOOP('',(#7626,#7628));
#7630=FACE_BOUND('',#7629,.F.);
#7632=ORIENTED_EDGE('',*,*,#7631,.T.);
#7634=ORIENTED_EDGE('',*,*,#7633,.T.);
#7635=EDGE_LOOP('',(#7632,#7634));
#7636=FACE_BOUND('',#7635,.F.);
#7638=ORIENTED_EDGE('',*,*,#7637,.T.);
#7640=ORIENTED_EDGE('',*,*,#7639,.T.);
#7641=EDGE_LOOP('',(#7638,#7640));
#7642=FACE_BOUND('',#7641,.F.);
#7644=ORIENTED_EDGE('',*,*,#7643,.T.);
#7646=ORIENTED_EDGE('',*,*,#7645,.T.);
#7647=EDGE_LOOP('',(#7644,#7646));
#7648=FACE_BOUND('',#7647,.F.);
#7650=ORIENTED_EDGE('',*,*,#7649,.T.);
#7652=ORIENTED_EDGE('',*,*,#7651,.T.);
#7653=EDGE_LOOP('',(#7650,#7652));
#7654=FACE_BOUND('',#7653,.F.);
#7656=ORIENTED_EDGE('',*,*,#7655,.T.);
#7658=ORIENTED_EDGE('',*,*,#7657,.T.);
#7659=EDGE_LOOP('',(#7656,#7658));
#7660=FACE_BOUND('',#7659,.F.);
#7662=ORIENTED_EDGE('',*,*,#7661,.T.);
#7664=ORIENTED_EDGE('',*,*,#7663,.T.);
#7665=EDGE_LOOP('',(#7662,#7664));
#7666=FACE_BOUND('',#7665,.F.);
#7668=ORIENTED_EDGE('',*,*,#7667,.T.);
#7670=ORIENTED_EDGE('',*,*,#7669,.T.);
#7671=EDGE_LOOP('',(#7668,#7670));
#7672=FACE_BOUND('',#7671,.F.);
#7674=ORIENTED_EDGE('',*,*,#7673,.T.);
#7676=ORIENTED_EDGE('',*,*,#7675,.T.);
#7677=EDGE_LOOP('',(#7674,#7676));
#7678=FACE_BOUND('',#7677,.F.);
#7680=ORIENTED_EDGE('',*,*,#7679,.T.);
#7682=ORIENTED_EDGE('',*,*,#7681,.T.);
#7683=EDGE_LOOP('',(#7680,#7682));
#7684=FACE_BOUND('',#7683,.F.);
#7686=ORIENTED_EDGE('',*,*,#7685,.T.);
#7688=ORIENTED_EDGE('',*,*,#7687,.T.);
#7689=EDGE_LOOP('',(#7686,#7688));
#7690=FACE_BOUND('',#7689,.F.);
#7692=ORIENTED_EDGE('',*,*,#7691,.T.);
#7694=ORIENTED_EDGE('',*,*,#7693,.T.);
#7695=EDGE_LOOP('',(#7692,#7694));
#7696=FACE_BOUND('',#7695,.F.);
#7698=ORIENTED_EDGE('',*,*,#7697,.T.);
#7700=ORIENTED_EDGE('',*,*,#7699,.T.);
#7701=EDGE_LOOP('',(#7698,#7700));
#7702=FACE_BOUND('',#7701,.F.);
#7704=ORIENTED_EDGE('',*,*,#7703,.T.);
#7706=ORIENTED_EDGE('',*,*,#7705,.T.);
#7707=EDGE_LOOP('',(#7704,#7706));
#7708=FACE_BOUND('',#7707,.F.);
#7710=ORIENTED_EDGE('',*,*,#7709,.T.);
#7712=ORIENTED_EDGE('',*,*,#7711,.T.);
#7713=EDGE_LOOP('',(#7710,#7712));
#7714=FACE_BOUND('',#7713,.F.);
#7716=ORIENTED_EDGE('',*,*,#7715,.T.);
#7718=ORIENTED_EDGE('',*,*,#7717,.T.);
#7719=EDGE_LOOP('',(#7716,#7718));
#7720=FACE_BOUND('',#7719,.F.);
#7722=ORIENTED_EDGE('',*,*,#7721,.T.);
#7724=ORIENTED_EDGE('',*,*,#7723,.T.);
#7725=EDGE_LOOP('',(#7722,#7724));
#7726=FACE_BOUND('',#7725,.F.);
#7728=ORIENTED_EDGE('',*,*,#7727,.T.);
#7730=ORIENTED_EDGE('',*,*,#7729,.T.);
#7731=EDGE_LOOP('',(#7728,#7730));
#7732=FACE_BOUND('',#7731,.F.);
#7734=ORIENTED_EDGE('',*,*,#7733,.T.);
#7736=ORIENTED_EDGE('',*,*,#7735,.T.);
#7737=EDGE_LOOP('',(#7734,#7736));
#7738=FACE_BOUND('',#7737,.F.);
#7740=ORIENTED_EDGE('',*,*,#7739,.T.);
#7742=ORIENTED_EDGE('',*,*,#7741,.T.);
#7743=EDGE_LOOP('',(#7740,#7742));
#7744=FACE_BOUND('',#7743,.F.);
#7746=ORIENTED_EDGE('',*,*,#7745,.T.);
#7748=ORIENTED_EDGE('',*,*,#7747,.T.);
#7749=EDGE_LOOP('',(#7746,#7748));
#7750=FACE_BOUND('',#7749,.F.);
#7752=ORIENTED_EDGE('',*,*,#7751,.T.);
#7754=ORIENTED_EDGE('',*,*,#7753,.T.);
#7755=EDGE_LOOP('',(#7752,#7754));
#7756=FACE_BOUND('',#7755,.F.);
#7758=ORIENTED_EDGE('',*,*,#7757,.T.);
#7760=ORIENTED_EDGE('',*,*,#7759,.T.);
#7761=EDGE_LOOP('',(#7758,#7760));
#7762=FACE_BOUND('',#7761,.F.);
#7764=ORIENTED_EDGE('',*,*,#7763,.T.);
#7766=ORIENTED_EDGE('',*,*,#7765,.T.);
#7767=EDGE_LOOP('',(#7764,#7766));
#7768=FACE_BOUND('',#7767,.F.);
#7770=ORIENTED_EDGE('',*,*,#7769,.T.);
#7772=ORIENTED_EDGE('',*,*,#7771,.T.);
#7773=EDGE_LOOP('',(#7770,#7772));
#7774=FACE_BOUND('',#7773,.F.);
#7776=ORIENTED_EDGE('',*,*,#7775,.T.);
#7778=ORIENTED_EDGE('',*,*,#7777,.T.);
#7779=EDGE_LOOP('',(#7776,#7778));
#7780=FACE_BOUND('',#7779,.F.);
#7782=ORIENTED_EDGE('',*,*,#7781,.T.);
#7784=ORIENTED_EDGE('',*,*,#7783,.T.);
#7785=EDGE_LOOP('',(#7782,#7784));
#7786=FACE_BOUND('',#7785,.F.);
#7788=ORIENTED_EDGE('',*,*,#7787,.T.);
#7790=ORIENTED_EDGE('',*,*,#7789,.T.);
#7791=EDGE_LOOP('',(#7788,#7790));
#7792=FACE_BOUND('',#7791,.F.);
#7794=ORIENTED_EDGE('',*,*,#7793,.T.);
#7796=ORIENTED_EDGE('',*,*,#7795,.T.);
#7797=EDGE_LOOP('',(#7794,#7796));
#7798=FACE_BOUND('',#7797,.F.);
#7800=ORIENTED_EDGE('',*,*,#7799,.T.);
#7802=ORIENTED_EDGE('',*,*,#7801,.T.);
#7803=EDGE_LOOP('',(#7800,#7802));
#7804=FACE_BOUND('',#7803,.F.);
#7806=ORIENTED_EDGE('',*,*,#7805,.T.);
#7808=ORIENTED_EDGE('',*,*,#7807,.T.);
#7809=EDGE_LOOP('',(#7806,#7808));
#7810=FACE_BOUND('',#7809,.F.);
#7811=ADVANCED_FACE('',(#7558,#7564,#7570,#7576,#7582,#7588,#7594,#7600,#7606,
#7612,#7618,#7624,#7630,#7636,#7642,#7648,#7654,#7660,#7666,#7672,#7678,#7684,
#7690,#7696,#7702,#7708,#7714,#7720,#7726,#7732,#7738,#7744,#7750,#7756,#7762,
#7768,#7774,#7780,#7786,#7792,#7798,#7804,#7810),#7551,.T.);
#7812=CARTESIAN_POINT('',(-1.249999969698E2,1.832816007175E1,1.139754856992E1));
#7813=DIRECTION('',(0.E0,-6.402624786722E-2,9.979482148809E-1));
#7814=DIRECTION('',(0.E0,9.979482148809E-1,6.402624786722E-2));
#7815=AXIS2_PLACEMENT_3D('',#7812,#7813,#7814);
#7816=PLANE('',#7815);
#7817=ORIENTED_EDGE('',*,*,#7107,.T.);
#7818=ORIENTED_EDGE('',*,*,#7555,.F.);
#7819=ORIENTED_EDGE('',*,*,#7155,.F.);
#7821=ORIENTED_EDGE('',*,*,#7820,.T.);
#7822=EDGE_LOOP('',(#7817,#7818,#7819,#7821));
#7823=FACE_OUTER_BOUND('',#7822,.F.);
#7824=ADVANCED_FACE('',(#7823),#7816,.T.);
#7825=CARTESIAN_POINT('',(-1.249999969698E2,1.507069953627E1,1.219061279163E1));
#7826=DIRECTION('',(0.E0,-9.979482148809E-1,-6.402624786721E-2));
#7827=DIRECTION('',(1.E0,0.E0,0.E0));
#7828=AXIS2_PLACEMENT_3D('',#7825,#7826,#7827);
#7829=PLANE('',#7828);
#7830=ORIENTED_EDGE('',*,*,#7109,.T.);
#7831=ORIENTED_EDGE('',*,*,#7820,.F.);
#7832=ORIENTED_EDGE('',*,*,#7153,.F.);
#7834=ORIENTED_EDGE('',*,*,#7833,.F.);
#7835=EDGE_LOOP('',(#7830,#7831,#7832,#7834));
#7836=FACE_OUTER_BOUND('',#7835,.F.);
#7837=ADVANCED_FACE('',(#7836),#7829,.T.);
#7838=CARTESIAN_POINT('',(-5.326294960639E-13,1.542271343291E1,
-1.105366094061E0));
#7839=DIRECTION('',(1.E0,-6.266351391510E-13,5.272844386808E-13));
#7840=DIRECTION('',(-5.272844386808E-13,0.E0,1.E0));
#7841=AXIS2_PLACEMENT_3D('',#7838,#7839,#7840);
#7842=CYLINDRICAL_SURFACE('',#7841,5.E-1);
#7843=ORIENTED_EDGE('',*,*,#7111,.F.);
#7844=ORIENTED_EDGE('',*,*,#7833,.T.);
#7845=ORIENTED_EDGE('',*,*,#7151,.F.);
#7846=ORIENTED_EDGE('',*,*,#7126,.T.);
#7847=EDGE_LOOP('',(#7843,#7844,#7845,#7846));
#7848=FACE_OUTER_BOUND('',#7847,.F.);
#7849=ADVANCED_FACE('',(#7848),#7842,.F.);
#7850=CARTESIAN_POINT('',(-7.106815136382E-13,1.855293555063E1,
7.894074676558E0));
#7851=DIRECTION('',(0.E0,9.979482148809E-1,6.402624786719E-2));
#7852=DIRECTION('',(1.E0,0.E0,0.E0));
#7853=AXIS2_PLACEMENT_3D('',#7850,#7851,#7852);
#7854=CYLINDRICAL_SURFACE('',#7853,2.55E0);
#7856=ORIENTED_EDGE('',*,*,#7855,.F.);
#7858=ORIENTED_EDGE('',*,*,#7857,.F.);
#7860=ORIENTED_EDGE('',*,*,#7859,.F.);
#7861=ORIENTED_EDGE('',*,*,#7559,.F.);
#7863=ORIENTED_EDGE('',*,*,#7862,.F.);
#7864=EDGE_LOOP('',(#7856,#7858,#7860,#7861,#7863));
#7865=FACE_OUTER_BOUND('',#7864,.F.);
#7866=ADVANCED_FACE('',(#7865),#7854,.T.);
#7867=CARTESIAN_POINT('',(-7.106815136382E-13,1.985026822997E1,
7.977308798785E0));
#7868=DIRECTION('',(0.E0,9.979482148809E-1,6.402624786719E-2));
#7869=DIRECTION('',(-9.951641129308E-1,-6.289055669722E-3,9.802467094283E-2));
#7870=AXIS2_PLACEMENT_3D('',#7867,#7868,#7869);
#7871=TOROIDAL_SURFACE('',#7870,2.05E0,5.E-1);
#7872=ORIENTED_EDGE('',*,*,#7857,.T.);
#7873=ORIENTED_EDGE('',*,*,#7855,.T.);
#7875=ORIENTED_EDGE('',*,*,#7874,.F.);
#7877=ORIENTED_EDGE('',*,*,#7876,.F.);
#7879=ORIENTED_EDGE('',*,*,#7878,.F.);
#7881=ORIENTED_EDGE('',*,*,#7880,.T.);
#7882=EDGE_LOOP('',(#7872,#7873,#7875,#7877,#7879,#7881));
#7883=FACE_OUTER_BOUND('',#7882,.F.);
#7884=ADVANCED_FACE('',(#7883),#7871,.T.);
#7885=CARTESIAN_POINT('',(-7.106815136382E-13,1.985026822997E1,
7.977308798785E0));
#7886=DIRECTION('',(0.E0,9.979482148809E-1,6.402624786719E-2));
#7887=DIRECTION('',(9.951641131245E-1,6.289055544076E-3,-9.802466898445E-2));
#7888=AXIS2_PLACEMENT_3D('',#7885,#7886,#7887);
#7889=TOROIDAL_SURFACE('',#7888,2.05E0,5.E-1);
#7891=ORIENTED_EDGE('',*,*,#7890,.T.);
#7893=ORIENTED_EDGE('',*,*,#7892,.T.);
#7894=ORIENTED_EDGE('',*,*,#7880,.F.);
#7896=ORIENTED_EDGE('',*,*,#7895,.F.);
#7898=ORIENTED_EDGE('',*,*,#7897,.F.);
#7899=ORIENTED_EDGE('',*,*,#7874,.T.);
#7900=EDGE_LOOP('',(#7891,#7893,#7894,#7896,#7898,#7899));
#7901=FACE_OUTER_BOUND('',#7900,.F.);
#7902=ADVANCED_FACE('',(#7901),#7889,.T.);
#7903=CARTESIAN_POINT('',(-7.106815136382E-13,1.855293555063E1,
7.894074676558E0));
#7904=DIRECTION('',(0.E0,9.979482148809E-1,6.402624786719E-2));
#7905=DIRECTION('',(1.E0,0.E0,0.E0));
#7906=AXIS2_PLACEMENT_3D('',#7903,#7904,#7905);
#7907=CYLINDRICAL_SURFACE('',#7906,2.55E0);
#7908=ORIENTED_EDGE('',*,*,#7892,.F.);
#7909=ORIENTED_EDGE('',*,*,#7890,.F.);
#7910=ORIENTED_EDGE('',*,*,#7862,.T.);
#7911=ORIENTED_EDGE('',*,*,#7561,.F.);
#7912=ORIENTED_EDGE('',*,*,#7859,.T.);
#7913=EDGE_LOOP('',(#7908,#7909,#7910,#7911,#7912));
#7914=FACE_OUTER_BOUND('',#7913,.F.);
#7915=ADVANCED_FACE('',(#7914),#7907,.T.);
#7916=CARTESIAN_POINT('',(-7.105427357601E-13,2.034924233741E1,
8.009321922719E0));
#7917=DIRECTION('',(0.E0,9.979482148809E-1,6.402624786721E-2));
#7918=DIRECTION('',(1.E0,0.E0,0.E0));
#7919=AXIS2_PLACEMENT_3D('',#7916,#7917,#7918);
#7920=PLANE('',#7919);
#7921=ORIENTED_EDGE('',*,*,#7878,.T.);
#7922=ORIENTED_EDGE('',*,*,#7876,.T.);
#7923=ORIENTED_EDGE('',*,*,#7897,.T.);
#7924=ORIENTED_EDGE('',*,*,#7895,.T.);
#7925=EDGE_LOOP('',(#7921,#7922,#7923,#7924));
#7926=FACE_OUTER_BOUND('',#7925,.F.);
#7927=ADVANCED_FACE('',(#7926),#7920,.T.);
#7928=CARTESIAN_POINT('',(2.4E1,1.906514553357E1,-8.951104248922E-2));
#7929=DIRECTION('',(0.E0,9.979482148809E-1,6.402624786719E-2));
#7930=DIRECTION('',(1.E0,0.E0,0.E0));
#7931=AXIS2_PLACEMENT_3D('',#7928,#7929,#7930);
#7932=CYLINDRICAL_SURFACE('',#7931,2.55E0);
#7934=ORIENTED_EDGE('',*,*,#7933,.F.);
#7936=ORIENTED_EDGE('',*,*,#7935,.F.);
#7938=ORIENTED_EDGE('',*,*,#7937,.F.);
#7939=ORIENTED_EDGE('',*,*,#7565,.F.);
#7941=ORIENTED_EDGE('',*,*,#7940,.F.);
#7942=EDGE_LOOP('',(#7934,#7936,#7938,#7939,#7941));
#7943=FACE_OUTER_BOUND('',#7942,.F.);
#7944=ADVANCED_FACE('',(#7943),#7932,.T.);
#7945=CARTESIAN_POINT('',(2.4E1,2.036247821291E1,-6.276920262233E-3));
#7946=DIRECTION('',(0.E0,9.979482148809E-1,6.402624786719E-2));
#7947=DIRECTION('',(-9.951641129308E-1,-6.289055669722E-3,9.802467094283E-2));
#7948=AXIS2_PLACEMENT_3D('',#7945,#7946,#7947);
#7949=TOROIDAL_SURFACE('',#7948,2.05E0,5.E-1);
#7950=ORIENTED_EDGE('',*,*,#7935,.T.);
#7951=ORIENTED_EDGE('',*,*,#7933,.T.);
#7953=ORIENTED_EDGE('',*,*,#7952,.F.);
#7955=ORIENTED_EDGE('',*,*,#7954,.F.);
#7957=ORIENTED_EDGE('',*,*,#7956,.F.);
#7959=ORIENTED_EDGE('',*,*,#7958,.T.);
#7960=EDGE_LOOP('',(#7950,#7951,#7953,#7955,#7957,#7959));
#7961=FACE_OUTER_BOUND('',#7960,.F.);
#7962=ADVANCED_FACE('',(#7961),#7949,.T.);
#7963=CARTESIAN_POINT('',(2.4E1,2.036247821291E1,-6.276920262233E-3));
#7964=DIRECTION('',(0.E0,9.979482148809E-1,6.402624786719E-2));
#7965=DIRECTION('',(9.951641131245E-1,6.289055544076E-3,-9.802466898445E-2));
#7966=AXIS2_PLACEMENT_3D('',#7963,#7964,#7965);
#7967=TOROIDAL_SURFACE('',#7966,2.05E0,5.E-1);
#7969=ORIENTED_EDGE('',*,*,#7968,.T.);
#7971=ORIENTED_EDGE('',*,*,#7970,.T.);
#7972=ORIENTED_EDGE('',*,*,#7958,.F.);
#7974=ORIENTED_EDGE('',*,*,#7973,.F.);
#7976=ORIENTED_EDGE('',*,*,#7975,.F.);
#7977=ORIENTED_EDGE('',*,*,#7952,.T.);
#7978=EDGE_LOOP('',(#7969,#7971,#7972,#7974,#7976,#7977));
#7979=FACE_OUTER_BOUND('',#7978,.F.);
#7980=ADVANCED_FACE('',(#7979),#7967,.T.);
#7981=CARTESIAN_POINT('',(2.4E1,1.906514553357E1,-8.951104248922E-2));
#7982=DIRECTION('',(0.E0,9.979482148809E-1,6.402624786719E-2));
#7983=DIRECTION('',(1.E0,0.E0,0.E0));
#7984=AXIS2_PLACEMENT_3D('',#7981,#7982,#7983);
#7985=CYLINDRICAL_SURFACE('',#7984,2.55E0);
#7986=ORIENTED_EDGE('',*,*,#7970,.F.);
#7987=ORIENTED_EDGE('',*,*,#7968,.F.);
#7988=ORIENTED_EDGE('',*,*,#7940,.T.);
#7989=ORIENTED_EDGE('',*,*,#7567,.F.);
#7990=ORIENTED_EDGE('',*,*,#7937,.T.);
#7991=EDGE_LOOP('',(#7986,#7987,#7988,#7989,#7990));
#7992=FACE_OUTER_BOUND('',#7991,.F.);
#7993=ADVANCED_FACE('',(#7992),#7985,.T.);
#7994=CARTESIAN_POINT('',(2.4E1,2.086145232035E1,2.573620367180E-2));
#7995=DIRECTION('',(0.E0,9.979482148809E-1,6.402624786721E-2));
#7996=DIRECTION('',(1.E0,0.E0,0.E0));
#7997=AXIS2_PLACEMENT_3D('',#7994,#7995,#7996);
#7998=PLANE('',#7997);
#7999=ORIENTED_EDGE('',*,*,#7956,.T.);
#8000=ORIENTED_EDGE('',*,*,#7954,.T.);
#8001=ORIENTED_EDGE('',*,*,#7975,.T.);
#8002=ORIENTED_EDGE('',*,*,#7973,.T.);
#8003=EDGE_LOOP('',(#7999,#8000,#8001,#8002));
#8004=FACE_OUTER_BOUND('',#8003,.F.);
#8005=ADVANCED_FACE('',(#8004),#7998,.T.);
#8006=CARTESIAN_POINT('',(-8.000000000001E0,1.906514553357E1,
-8.951104248922E-2));
#8007=DIRECTION('',(0.E0,9.979482148809E-1,6.402624786719E-2));
#8008=DIRECTION('',(1.E0,0.E0,0.E0));
#8009=AXIS2_PLACEMENT_3D('',#8006,#8007,#8008);
#8010=CYLINDRICAL_SURFACE('',#8009,2.55E0);
#8012=ORIENTED_EDGE('',*,*,#8011,.F.);
#8014=ORIENTED_EDGE('',*,*,#8013,.F.);
#8016=ORIENTED_EDGE('',*,*,#8015,.F.);
#8017=ORIENTED_EDGE('',*,*,#7571,.F.);
#8019=ORIENTED_EDGE('',*,*,#8018,.F.);
#8020=EDGE_LOOP('',(#8012,#8014,#8016,#8017,#8019));
#8021=FACE_OUTER_BOUND('',#8020,.F.);
#8022=ADVANCED_FACE('',(#8021),#8010,.T.);
#8023=CARTESIAN_POINT('',(-8.000000000001E0,2.036247821291E1,
-6.276920262233E-3));
#8024=DIRECTION('',(0.E0,9.979482148809E-1,6.402624786719E-2));
#8025=DIRECTION('',(-9.951641129308E-1,-6.289055669722E-3,9.802467094283E-2));
#8026=AXIS2_PLACEMENT_3D('',#8023,#8024,#8025);
#8027=TOROIDAL_SURFACE('',#8026,2.05E0,5.E-1);
#8028=ORIENTED_EDGE('',*,*,#8013,.T.);
#8029=ORIENTED_EDGE('',*,*,#8011,.T.);
#8031=ORIENTED_EDGE('',*,*,#8030,.F.);
#8033=ORIENTED_EDGE('',*,*,#8032,.F.);
#8035=ORIENTED_EDGE('',*,*,#8034,.F.);
#8037=ORIENTED_EDGE('',*,*,#8036,.T.);
#8038=EDGE_LOOP('',(#8028,#8029,#8031,#8033,#8035,#8037));
#8039=FACE_OUTER_BOUND('',#8038,.F.);
#8040=ADVANCED_FACE('',(#8039),#8027,.T.);
#8041=CARTESIAN_POINT('',(-8.000000000001E0,2.036247821291E1,
-6.276920262233E-3));
#8042=DIRECTION('',(0.E0,9.979482148809E-1,6.402624786719E-2));
#8043=DIRECTION('',(9.951641131245E-1,6.289055544076E-3,-9.802466898445E-2));
#8044=AXIS2_PLACEMENT_3D('',#8041,#8042,#8043);
#8045=TOROIDAL_SURFACE('',#8044,2.05E0,5.E-1);
#8047=ORIENTED_EDGE('',*,*,#8046,.T.);
#8049=ORIENTED_EDGE('',*,*,#8048,.T.);
#8050=ORIENTED_EDGE('',*,*,#8036,.F.);
#8052=ORIENTED_EDGE('',*,*,#8051,.F.);
#8054=ORIENTED_EDGE('',*,*,#8053,.F.);
#8055=ORIENTED_EDGE('',*,*,#8030,.T.);
#8056=EDGE_LOOP('',(#8047,#8049,#8050,#8052,#8054,#8055));
#8057=FACE_OUTER_BOUND('',#8056,.F.);
#8058=ADVANCED_FACE('',(#8057),#8045,.T.);
#8059=CARTESIAN_POINT('',(-8.000000000001E0,1.906514553357E1,
-8.951104248922E-2));
#8060=DIRECTION('',(0.E0,9.979482148809E-1,6.402624786719E-2));
#8061=DIRECTION('',(1.E0,0.E0,0.E0));
#8062=AXIS2_PLACEMENT_3D('',#8059,#8060,#8061);
#8063=CYLINDRICAL_SURFACE('',#8062,2.55E0);
#8064=ORIENTED_EDGE('',*,*,#8048,.F.);
#8065=ORIENTED_EDGE('',*,*,#8046,.F.);
#8066=ORIENTED_EDGE('',*,*,#8018,.T.);
#8067=ORIENTED_EDGE('',*,*,#7573,.F.);
#8068=ORIENTED_EDGE('',*,*,#8015,.T.);
#8069=EDGE_LOOP('',(#8064,#8065,#8066,#8067,#8068));
#8070=FACE_OUTER_BOUND('',#8069,.F.);
#8071=ADVANCED_FACE('',(#8070),#8063,.T.);
#8072=CARTESIAN_POINT('',(-8.000000000001E0,2.086145232035E1,
2.573620367180E-2));
#8073=DIRECTION('',(0.E0,9.979482148809E-1,6.402624786721E-2));
#8074=DIRECTION('',(1.E0,0.E0,0.E0));
#8075=AXIS2_PLACEMENT_3D('',#8072,#8073,#8074);
#8076=PLANE('',#8075);
#8077=ORIENTED_EDGE('',*,*,#8034,.T.);
#8078=ORIENTED_EDGE('',*,*,#8032,.T.);
#8079=ORIENTED_EDGE('',*,*,#8053,.T.);
#8080=ORIENTED_EDGE('',*,*,#8051,.T.);
#8081=EDGE_LOOP('',(#8077,#8078,#8079,#8080));
#8082=FACE_OUTER_BOUND('',#8081,.F.);
#8083=ADVANCED_FACE('',(#8082),#8076,.T.);
#8084=CARTESIAN_POINT('',(-1.6E1,1.906514553357E1,-8.951104248922E-2));
#8085=DIRECTION('',(0.E0,9.979482148809E-1,6.402624786719E-2));
#8086=DIRECTION('',(1.E0,0.E0,0.E0));
#8087=AXIS2_PLACEMENT_3D('',#8084,#8085,#8086);
#8088=CYLINDRICAL_SURFACE('',#8087,2.55E0);
#8090=ORIENTED_EDGE('',*,*,#8089,.F.);
#8092=ORIENTED_EDGE('',*,*,#8091,.F.);
#8094=ORIENTED_EDGE('',*,*,#8093,.F.);
#8095=ORIENTED_EDGE('',*,*,#7577,.F.);
#8097=ORIENTED_EDGE('',*,*,#8096,.F.);
#8098=EDGE_LOOP('',(#8090,#8092,#8094,#8095,#8097));
#8099=FACE_OUTER_BOUND('',#8098,.F.);
#8100=ADVANCED_FACE('',(#8099),#8088,.T.);
#8101=CARTESIAN_POINT('',(-1.6E1,2.036247821291E1,-6.276920262233E-3));
#8102=DIRECTION('',(0.E0,9.979482148809E-1,6.402624786719E-2));
#8103=DIRECTION('',(-9.951641129308E-1,-6.289055669722E-3,9.802467094283E-2));
#8104=AXIS2_PLACEMENT_3D('',#8101,#8102,#8103);
#8105=TOROIDAL_SURFACE('',#8104,2.05E0,5.E-1);
#8106=ORIENTED_EDGE('',*,*,#8091,.T.);
#8107=ORIENTED_EDGE('',*,*,#8089,.T.);
#8109=ORIENTED_EDGE('',*,*,#8108,.F.);
#8111=ORIENTED_EDGE('',*,*,#8110,.F.);
#8113=ORIENTED_EDGE('',*,*,#8112,.F.);
#8115=ORIENTED_EDGE('',*,*,#8114,.T.);
#8116=EDGE_LOOP('',(#8106,#8107,#8109,#8111,#8113,#8115));
#8117=FACE_OUTER_BOUND('',#8116,.F.);
#8118=ADVANCED_FACE('',(#8117),#8105,.T.);
#8119=CARTESIAN_POINT('',(-1.6E1,2.036247821291E1,-6.276920262233E-3));
#8120=DIRECTION('',(0.E0,9.979482148809E-1,6.402624786719E-2));
#8121=DIRECTION('',(9.951641131245E-1,6.289055544076E-3,-9.802466898445E-2));
#8122=AXIS2_PLACEMENT_3D('',#8119,#8120,#8121);
#8123=TOROIDAL_SURFACE('',#8122,2.05E0,5.E-1);
#8125=ORIENTED_EDGE('',*,*,#8124,.T.);
#8127=ORIENTED_EDGE('',*,*,#8126,.T.);
#8128=ORIENTED_EDGE('',*,*,#8114,.F.);
#8130=ORIENTED_EDGE('',*,*,#8129,.F.);
#8132=ORIENTED_EDGE('',*,*,#8131,.F.);
#8133=ORIENTED_EDGE('',*,*,#8108,.T.);
#8134=EDGE_LOOP('',(#8125,#8127,#8128,#8130,#8132,#8133));
#8135=FACE_OUTER_BOUND('',#8134,.F.);
#8136=ADVANCED_FACE('',(#8135),#8123,.T.);
#8137=CARTESIAN_POINT('',(-1.6E1,1.906514553357E1,-8.951104248922E-2));
#8138=DIRECTION('',(0.E0,9.979482148809E-1,6.402624786719E-2));
#8139=DIRECTION('',(1.E0,0.E0,0.E0));
#8140=AXIS2_PLACEMENT_3D('',#8137,#8138,#8139);
#8141=CYLINDRICAL_SURFACE('',#8140,2.55E0);
#8142=ORIENTED_EDGE('',*,*,#8126,.F.);
#8143=ORIENTED_EDGE('',*,*,#8124,.F.);
#8144=ORIENTED_EDGE('',*,*,#8096,.T.);
#8145=ORIENTED_EDGE('',*,*,#7579,.F.);
#8146=ORIENTED_EDGE('',*,*,#8093,.T.);
#8147=EDGE_LOOP('',(#8142,#8143,#8144,#8145,#8146));
#8148=FACE_OUTER_BOUND('',#8147,.F.);
#8149=ADVANCED_FACE('',(#8148),#8141,.T.);
#8150=CARTESIAN_POINT('',(-1.6E1,2.086145232035E1,2.573620367180E-2));
#8151=DIRECTION('',(0.E0,9.979482148809E-1,6.402624786721E-2));
#8152=DIRECTION('',(1.E0,0.E0,0.E0));
#8153=AXIS2_PLACEMENT_3D('',#8150,#8151,#8152);
#8154=PLANE('',#8153);
#8155=ORIENTED_EDGE('',*,*,#8112,.T.);
#8156=ORIENTED_EDGE('',*,*,#8110,.T.);
#8157=ORIENTED_EDGE('',*,*,#8131,.T.);
#8158=ORIENTED_EDGE('',*,*,#8129,.T.);
#8159=EDGE_LOOP('',(#8155,#8156,#8157,#8158));
#8160=FACE_OUTER_BOUND('',#8159,.F.);
#8161=ADVANCED_FACE('',(#8160),#8154,.T.);
#8162=CARTESIAN_POINT('',(-2.4E1,1.906514553357E1,-8.951104248922E-2));
#8163=DIRECTION('',(0.E0,9.979482148809E-1,6.402624786719E-2));
#8164=DIRECTION('',(1.E0,0.E0,0.E0));
#8165=AXIS2_PLACEMENT_3D('',#8162,#8163,#8164);
#8166=CYLINDRICAL_SURFACE('',#8165,2.55E0);
#8168=ORIENTED_EDGE('',*,*,#8167,.F.);
#8170=ORIENTED_EDGE('',*,*,#8169,.F.);
#8172=ORIENTED_EDGE('',*,*,#8171,.F.);
#8173=ORIENTED_EDGE('',*,*,#7583,.F.);
#8175=ORIENTED_EDGE('',*,*,#8174,.F.);
#8176=EDGE_LOOP('',(#8168,#8170,#8172,#8173,#8175));
#8177=FACE_OUTER_BOUND('',#8176,.F.);
#8178=ADVANCED_FACE('',(#8177),#8166,.T.);
#8179=CARTESIAN_POINT('',(-2.4E1,2.036247821291E1,-6.276920262233E-3));
#8180=DIRECTION('',(0.E0,9.979482148809E-1,6.402624786719E-2));
#8181=DIRECTION('',(-9.951641129308E-1,-6.289055669722E-3,9.802467094283E-2));
#8182=AXIS2_PLACEMENT_3D('',#8179,#8180,#8181);
#8183=TOROIDAL_SURFACE('',#8182,2.05E0,5.E-1);
#8184=ORIENTED_EDGE('',*,*,#8169,.T.);
#8185=ORIENTED_EDGE('',*,*,#8167,.T.);
#8187=ORIENTED_EDGE('',*,*,#8186,.F.);
#8189=ORIENTED_EDGE('',*,*,#8188,.F.);
#8191=ORIENTED_EDGE('',*,*,#8190,.F.);
#8193=ORIENTED_EDGE('',*,*,#8192,.T.);
#8194=EDGE_LOOP('',(#8184,#8185,#8187,#8189,#8191,#8193));
#8195=FACE_OUTER_BOUND('',#8194,.F.);
#8196=ADVANCED_FACE('',(#8195),#8183,.T.);
#8197=CARTESIAN_POINT('',(-2.4E1,2.036247821291E1,-6.276920262233E-3));
#8198=DIRECTION('',(0.E0,9.979482148809E-1,6.402624786719E-2));
#8199=DIRECTION('',(9.951641131245E-1,6.289055544076E-3,-9.802466898445E-2));
#8200=AXIS2_PLACEMENT_3D('',#8197,#8198,#8199);
#8201=TOROIDAL_SURFACE('',#8200,2.05E0,5.E-1);
#8203=ORIENTED_EDGE('',*,*,#8202,.T.);
#8205=ORIENTED_EDGE('',*,*,#8204,.T.);
#8206=ORIENTED_EDGE('',*,*,#8192,.F.);
#8208=ORIENTED_EDGE('',*,*,#8207,.F.);
#8210=ORIENTED_EDGE('',*,*,#8209,.F.);
#8211=ORIENTED_EDGE('',*,*,#8186,.T.);
#8212=EDGE_LOOP('',(#8203,#8205,#8206,#8208,#8210,#8211));
#8213=FACE_OUTER_BOUND('',#8212,.F.);
#8214=ADVANCED_FACE('',(#8213),#8201,.T.);
#8215=CARTESIAN_POINT('',(-2.4E1,1.906514553357E1,-8.951104248922E-2));
#8216=DIRECTION('',(0.E0,9.979482148809E-1,6.402624786719E-2));
#8217=DIRECTION('',(1.E0,0.E0,0.E0));
#8218=AXIS2_PLACEMENT_3D('',#8215,#8216,#8217);
#8219=CYLINDRICAL_SURFACE('',#8218,2.55E0);
#8220=ORIENTED_EDGE('',*,*,#8204,.F.);
#8221=ORIENTED_EDGE('',*,*,#8202,.F.);
#8222=ORIENTED_EDGE('',*,*,#8174,.T.);
#8223=ORIENTED_EDGE('',*,*,#7585,.F.);
#8224=ORIENTED_EDGE('',*,*,#8171,.T.);
#8225=EDGE_LOOP('',(#8220,#8221,#8222,#8223,#8224));
#8226=FACE_OUTER_BOUND('',#8225,.F.);
#8227=ADVANCED_FACE('',(#8226),#8219,.T.);
#8228=CARTESIAN_POINT('',(-2.4E1,2.086145232035E1,2.573620367180E-2));
#8229=DIRECTION('',(0.E0,9.979482148809E-1,6.402624786721E-2));
#8230=DIRECTION('',(1.E0,0.E0,0.E0));
#8231=AXIS2_PLACEMENT_3D('',#8228,#8229,#8230);
#8232=PLANE('',#8231);
#8233=ORIENTED_EDGE('',*,*,#8190,.T.);
#8234=ORIENTED_EDGE('',*,*,#8188,.T.);
#8235=ORIENTED_EDGE('',*,*,#8209,.T.);
#8236=ORIENTED_EDGE('',*,*,#8207,.T.);
#8237=EDGE_LOOP('',(#8233,#8234,#8235,#8236));
#8238=FACE_OUTER_BOUND('',#8237,.F.);
#8239=ADVANCED_FACE('',(#8238),#8232,.T.);
#8240=CARTESIAN_POINT('',(-3.2E1,1.906514553357E1,-8.951104248922E-2));
#8241=DIRECTION('',(0.E0,9.979482148809E-1,6.402624786719E-2));
#8242=DIRECTION('',(1.E0,0.E0,0.E0));
#8243=AXIS2_PLACEMENT_3D('',#8240,#8241,#8242);
#8244=CYLINDRICAL_SURFACE('',#8243,2.55E0);
#8246=ORIENTED_EDGE('',*,*,#8245,.F.);
#8248=ORIENTED_EDGE('',*,*,#8247,.F.);
#8250=ORIENTED_EDGE('',*,*,#8249,.F.);
#8251=ORIENTED_EDGE('',*,*,#7589,.F.);
#8253=ORIENTED_EDGE('',*,*,#8252,.F.);
#8254=EDGE_LOOP('',(#8246,#8248,#8250,#8251,#8253));
#8255=FACE_OUTER_BOUND('',#8254,.F.);
#8256=ADVANCED_FACE('',(#8255),#8244,.T.);
#8257=CARTESIAN_POINT('',(-3.2E1,2.036247821291E1,-6.276920262233E-3));
#8258=DIRECTION('',(0.E0,9.979482148809E-1,6.402624786719E-2));
#8259=DIRECTION('',(-9.951641129308E-1,-6.289055669722E-3,9.802467094283E-2));
#8260=AXIS2_PLACEMENT_3D('',#8257,#8258,#8259);
#8261=TOROIDAL_SURFACE('',#8260,2.05E0,5.E-1);
#8262=ORIENTED_EDGE('',*,*,#8247,.T.);
#8263=ORIENTED_EDGE('',*,*,#8245,.T.);
#8265=ORIENTED_EDGE('',*,*,#8264,.F.);
#8267=ORIENTED_EDGE('',*,*,#8266,.F.);
#8269=ORIENTED_EDGE('',*,*,#8268,.F.);
#8271=ORIENTED_EDGE('',*,*,#8270,.T.);
#8272=EDGE_LOOP('',(#8262,#8263,#8265,#8267,#8269,#8271));
#8273=FACE_OUTER_BOUND('',#8272,.F.);
#8274=ADVANCED_FACE('',(#8273),#8261,.T.);
#8275=CARTESIAN_POINT('',(-3.2E1,2.036247821291E1,-6.276920262233E-3));
#8276=DIRECTION('',(0.E0,9.979482148809E-1,6.402624786719E-2));
#8277=DIRECTION('',(9.951641131245E-1,6.289055544076E-3,-9.802466898445E-2));
#8278=AXIS2_PLACEMENT_3D('',#8275,#8276,#8277);
#8279=TOROIDAL_SURFACE('',#8278,2.05E0,5.E-1);
#8281=ORIENTED_EDGE('',*,*,#8280,.T.);
#8283=ORIENTED_EDGE('',*,*,#8282,.T.);
#8284=ORIENTED_EDGE('',*,*,#8270,.F.);
#8286=ORIENTED_EDGE('',*,*,#8285,.F.);
#8288=ORIENTED_EDGE('',*,*,#8287,.F.);
#8289=ORIENTED_EDGE('',*,*,#8264,.T.);
#8290=EDGE_LOOP('',(#8281,#8283,#8284,#8286,#8288,#8289));
#8291=FACE_OUTER_BOUND('',#8290,.F.);
#8292=ADVANCED_FACE('',(#8291),#8279,.T.);
#8293=CARTESIAN_POINT('',(-3.2E1,1.906514553357E1,-8.951104248922E-2));
#8294=DIRECTION('',(0.E0,9.979482148809E-1,6.402624786719E-2));
#8295=DIRECTION('',(1.E0,0.E0,0.E0));
#8296=AXIS2_PLACEMENT_3D('',#8293,#8294,#8295);
#8297=CYLINDRICAL_SURFACE('',#8296,2.55E0);
#8298=ORIENTED_EDGE('',*,*,#8282,.F.);
#8299=ORIENTED_EDGE('',*,*,#8280,.F.);
#8300=ORIENTED_EDGE('',*,*,#8252,.T.);
#8301=ORIENTED_EDGE('',*,*,#7591,.F.);
#8302=ORIENTED_EDGE('',*,*,#8249,.T.);
#8303=EDGE_LOOP('',(#8298,#8299,#8300,#8301,#8302));
#8304=FACE_OUTER_BOUND('',#8303,.F.);
#8305=ADVANCED_FACE('',(#8304),#8297,.T.);
#8306=CARTESIAN_POINT('',(-3.2E1,2.086145232035E1,2.573620367180E-2));
#8307=DIRECTION('',(0.E0,9.979482148809E-1,6.402624786721E-2));
#8308=DIRECTION('',(1.E0,0.E0,0.E0));
#8309=AXIS2_PLACEMENT_3D('',#8306,#8307,#8308);
#8310=PLANE('',#8309);
#8311=ORIENTED_EDGE('',*,*,#8268,.T.);
#8312=ORIENTED_EDGE('',*,*,#8266,.T.);
#8313=ORIENTED_EDGE('',*,*,#8287,.T.);
#8314=ORIENTED_EDGE('',*,*,#8285,.T.);
#8315=EDGE_LOOP('',(#8311,#8312,#8313,#8314));
#8316=FACE_OUTER_BOUND('',#8315,.F.);
#8317=ADVANCED_FACE('',(#8316),#8310,.T.);
#8318=CARTESIAN_POINT('',(-7.2E1,1.906514553357E1,-8.951104248922E-2));
#8319=DIRECTION('',(0.E0,9.979482148809E-1,6.402624786719E-2));
#8320=DIRECTION('',(1.E0,0.E0,0.E0));
#8321=AXIS2_PLACEMENT_3D('',#8318,#8319,#8320);
#8322=CYLINDRICAL_SURFACE('',#8321,2.55E0);
#8324=ORIENTED_EDGE('',*,*,#8323,.F.);
#8326=ORIENTED_EDGE('',*,*,#8325,.F.);
#8328=ORIENTED_EDGE('',*,*,#8327,.F.);
#8329=ORIENTED_EDGE('',*,*,#7595,.F.);
#8331=ORIENTED_EDGE('',*,*,#8330,.F.);
#8332=EDGE_LOOP('',(#8324,#8326,#8328,#8329,#8331));
#8333=FACE_OUTER_BOUND('',#8332,.F.);
#8334=ADVANCED_FACE('',(#8333),#8322,.T.);
#8335=CARTESIAN_POINT('',(-7.2E1,2.036247821291E1,-6.276920262233E-3));
#8336=DIRECTION('',(0.E0,9.979482148809E-1,6.402624786719E-2));
#8337=DIRECTION('',(-9.951641129308E-1,-6.289055669722E-3,9.802467094283E-2));
#8338=AXIS2_PLACEMENT_3D('',#8335,#8336,#8337);
#8339=TOROIDAL_SURFACE('',#8338,2.05E0,5.E-1);
#8340=ORIENTED_EDGE('',*,*,#8325,.T.);
#8341=ORIENTED_EDGE('',*,*,#8323,.T.);
#8343=ORIENTED_EDGE('',*,*,#8342,.F.);
#8345=ORIENTED_EDGE('',*,*,#8344,.F.);
#8347=ORIENTED_EDGE('',*,*,#8346,.F.);
#8349=ORIENTED_EDGE('',*,*,#8348,.T.);
#8350=EDGE_LOOP('',(#8340,#8341,#8343,#8345,#8347,#8349));
#8351=FACE_OUTER_BOUND('',#8350,.F.);
#8352=ADVANCED_FACE('',(#8351),#8339,.T.);
#8353=CARTESIAN_POINT('',(-7.2E1,2.036247821291E1,-6.276920262233E-3));
#8354=DIRECTION('',(0.E0,9.979482148809E-1,6.402624786719E-2));
#8355=DIRECTION('',(9.951641131245E-1,6.289055544076E-3,-9.802466898445E-2));
#8356=AXIS2_PLACEMENT_3D('',#8353,#8354,#8355);
#8357=TOROIDAL_SURFACE('',#8356,2.05E0,5.E-1);
#8359=ORIENTED_EDGE('',*,*,#8358,.T.);
#8361=ORIENTED_EDGE('',*,*,#8360,.T.);
#8362=ORIENTED_EDGE('',*,*,#8348,.F.);
#8364=ORIENTED_EDGE('',*,*,#8363,.F.);
#8366=ORIENTED_EDGE('',*,*,#8365,.F.);
#8367=ORIENTED_EDGE('',*,*,#8342,.T.);
#8368=EDGE_LOOP('',(#8359,#8361,#8362,#8364,#8366,#8367));
#8369=FACE_OUTER_BOUND('',#8368,.F.);
#8370=ADVANCED_FACE('',(#8369),#8357,.T.);
#8371=CARTESIAN_POINT('',(-7.2E1,1.906514553357E1,-8.951104248922E-2));
#8372=DIRECTION('',(0.E0,9.979482148809E-1,6.402624786719E-2));
#8373=DIRECTION('',(1.E0,0.E0,0.E0));
#8374=AXIS2_PLACEMENT_3D('',#8371,#8372,#8373);
#8375=CYLINDRICAL_SURFACE('',#8374,2.55E0);
#8376=ORIENTED_EDGE('',*,*,#8360,.F.);
#8377=ORIENTED_EDGE('',*,*,#8358,.F.);
#8378=ORIENTED_EDGE('',*,*,#8330,.T.);
#8379=ORIENTED_EDGE('',*,*,#7597,.F.);
#8380=ORIENTED_EDGE('',*,*,#8327,.T.);
#8381=EDGE_LOOP('',(#8376,#8377,#8378,#8379,#8380));
#8382=FACE_OUTER_BOUND('',#8381,.F.);
#8383=ADVANCED_FACE('',(#8382),#8375,.T.);
#8384=CARTESIAN_POINT('',(-7.2E1,2.086145232035E1,2.573620367180E-2));
#8385=DIRECTION('',(0.E0,9.979482148809E-1,6.402624786721E-2));
#8386=DIRECTION('',(1.E0,0.E0,0.E0));
#8387=AXIS2_PLACEMENT_3D('',#8384,#8385,#8386);
#8388=PLANE('',#8387);
#8389=ORIENTED_EDGE('',*,*,#8346,.T.);
#8390=ORIENTED_EDGE('',*,*,#8344,.T.);
#8391=ORIENTED_EDGE('',*,*,#8365,.T.);
#8392=ORIENTED_EDGE('',*,*,#8363,.T.);
#8393=EDGE_LOOP('',(#8389,#8390,#8391,#8392));
#8394=FACE_OUTER_BOUND('',#8393,.F.);
#8395=ADVANCED_FACE('',(#8394),#8388,.T.);
#8396=CARTESIAN_POINT('',(-4.8E1,1.906514553357E1,-8.951104248922E-2));
#8397=DIRECTION('',(0.E0,9.979482148809E-1,6.402624786719E-2));
#8398=DIRECTION('',(1.E0,0.E0,0.E0));
#8399=AXIS2_PLACEMENT_3D('',#8396,#8397,#8398);
#8400=CYLINDRICAL_SURFACE('',#8399,2.55E0);
#8402=ORIENTED_EDGE('',*,*,#8401,.F.);
#8404=ORIENTED_EDGE('',*,*,#8403,.F.);
#8406=ORIENTED_EDGE('',*,*,#8405,.F.);
#8407=ORIENTED_EDGE('',*,*,#7601,.F.);
#8409=ORIENTED_EDGE('',*,*,#8408,.F.);
#8410=EDGE_LOOP('',(#8402,#8404,#8406,#8407,#8409));
#8411=FACE_OUTER_BOUND('',#8410,.F.);
#8412=ADVANCED_FACE('',(#8411),#8400,.T.);
#8413=CARTESIAN_POINT('',(-4.8E1,2.036247821291E1,-6.276920262233E-3));
#8414=DIRECTION('',(0.E0,9.979482148809E-1,6.402624786719E-2));
#8415=DIRECTION('',(-9.951641129308E-1,-6.289055669722E-3,9.802467094283E-2));
#8416=AXIS2_PLACEMENT_3D('',#8413,#8414,#8415);
#8417=TOROIDAL_SURFACE('',#8416,2.05E0,5.E-1);
#8418=ORIENTED_EDGE('',*,*,#8403,.T.);
#8419=ORIENTED_EDGE('',*,*,#8401,.T.);
#8421=ORIENTED_EDGE('',*,*,#8420,.F.);
#8423=ORIENTED_EDGE('',*,*,#8422,.F.);
#8425=ORIENTED_EDGE('',*,*,#8424,.F.);
#8427=ORIENTED_EDGE('',*,*,#8426,.T.);
#8428=EDGE_LOOP('',(#8418,#8419,#8421,#8423,#8425,#8427));
#8429=FACE_OUTER_BOUND('',#8428,.F.);
#8430=ADVANCED_FACE('',(#8429),#8417,.T.);
#8431=CARTESIAN_POINT('',(-4.8E1,2.036247821291E1,-6.276920262233E-3));
#8432=DIRECTION('',(0.E0,9.979482148809E-1,6.402624786719E-2));
#8433=DIRECTION('',(9.951641131245E-1,6.289055544076E-3,-9.802466898445E-2));
#8434=AXIS2_PLACEMENT_3D('',#8431,#8432,#8433);
#8435=TOROIDAL_SURFACE('',#8434,2.05E0,5.E-1);
#8437=ORIENTED_EDGE('',*,*,#8436,.T.);
#8439=ORIENTED_EDGE('',*,*,#8438,.T.);
#8440=ORIENTED_EDGE('',*,*,#8426,.F.);
#8442=ORIENTED_EDGE('',*,*,#8441,.F.);
#8444=ORIENTED_EDGE('',*,*,#8443,.F.);
#8445=ORIENTED_EDGE('',*,*,#8420,.T.);
#8446=EDGE_LOOP('',(#8437,#8439,#8440,#8442,#8444,#8445));
#8447=FACE_OUTER_BOUND('',#8446,.F.);
#8448=ADVANCED_FACE('',(#8447),#8435,.T.);
#8449=CARTESIAN_POINT('',(-4.8E1,1.906514553357E1,-8.951104248922E-2));
#8450=DIRECTION('',(0.E0,9.979482148809E-1,6.402624786719E-2));
#8451=DIRECTION('',(1.E0,0.E0,0.E0));
#8452=AXIS2_PLACEMENT_3D('',#8449,#8450,#8451);
#8453=CYLINDRICAL_SURFACE('',#8452,2.55E0);
#8454=ORIENTED_EDGE('',*,*,#8438,.F.);
#8455=ORIENTED_EDGE('',*,*,#8436,.F.);
#8456=ORIENTED_EDGE('',*,*,#8408,.T.);
#8457=ORIENTED_EDGE('',*,*,#7603,.F.);
#8458=ORIENTED_EDGE('',*,*,#8405,.T.);
#8459=EDGE_LOOP('',(#8454,#8455,#8456,#8457,#8458));
#8460=FACE_OUTER_BOUND('',#8459,.F.);
#8461=ADVANCED_FACE('',(#8460),#8453,.T.);
#8462=CARTESIAN_POINT('',(-4.8E1,2.086145232035E1,2.573620367180E-2));
#8463=DIRECTION('',(0.E0,9.979482148809E-1,6.402624786721E-2));
#8464=DIRECTION('',(1.E0,0.E0,0.E0));
#8465=AXIS2_PLACEMENT_3D('',#8462,#8463,#8464);
#8466=PLANE('',#8465);
#8467=ORIENTED_EDGE('',*,*,#8424,.T.);
#8468=ORIENTED_EDGE('',*,*,#8422,.T.);
#8469=ORIENTED_EDGE('',*,*,#8443,.T.);
#8470=ORIENTED_EDGE('',*,*,#8441,.T.);
#8471=EDGE_LOOP('',(#8467,#8468,#8469,#8470));
#8472=FACE_OUTER_BOUND('',#8471,.F.);
#8473=ADVANCED_FACE('',(#8472),#8466,.T.);
#8474=CARTESIAN_POINT('',(-5.6E1,1.906514553357E1,-8.951104248922E-2));
#8475=DIRECTION('',(0.E0,9.979482148809E-1,6.402624786719E-2));
#8476=DIRECTION('',(1.E0,0.E0,0.E0));
#8477=AXIS2_PLACEMENT_3D('',#8474,#8475,#8476);
#8478=CYLINDRICAL_SURFACE('',#8477,2.55E0);
#8480=ORIENTED_EDGE('',*,*,#8479,.F.);
#8482=ORIENTED_EDGE('',*,*,#8481,.F.);
#8484=ORIENTED_EDGE('',*,*,#8483,.F.);
#8485=ORIENTED_EDGE('',*,*,#7607,.F.);
#8487=ORIENTED_EDGE('',*,*,#8486,.F.);
#8488=EDGE_LOOP('',(#8480,#8482,#8484,#8485,#8487));
#8489=FACE_OUTER_BOUND('',#8488,.F.);
#8490=ADVANCED_FACE('',(#8489),#8478,.T.);
#8491=CARTESIAN_POINT('',(-5.6E1,2.036247821291E1,-6.276920262233E-3));
#8492=DIRECTION('',(0.E0,9.979482148809E-1,6.402624786719E-2));
#8493=DIRECTION('',(-9.951641129308E-1,-6.289055669722E-3,9.802467094283E-2));
#8494=AXIS2_PLACEMENT_3D('',#8491,#8492,#8493);
#8495=TOROIDAL_SURFACE('',#8494,2.05E0,5.E-1);
#8496=ORIENTED_EDGE('',*,*,#8481,.T.);
#8497=ORIENTED_EDGE('',*,*,#8479,.T.);
#8499=ORIENTED_EDGE('',*,*,#8498,.F.);
#8501=ORIENTED_EDGE('',*,*,#8500,.F.);
#8503=ORIENTED_EDGE('',*,*,#8502,.F.);
#8505=ORIENTED_EDGE('',*,*,#8504,.T.);
#8506=EDGE_LOOP('',(#8496,#8497,#8499,#8501,#8503,#8505));
#8507=FACE_OUTER_BOUND('',#8506,.F.);
#8508=ADVANCED_FACE('',(#8507),#8495,.T.);
#8509=CARTESIAN_POINT('',(-5.6E1,2.036247821291E1,-6.276920262233E-3));
#8510=DIRECTION('',(0.E0,9.979482148809E-1,6.402624786719E-2));
#8511=DIRECTION('',(9.951641131245E-1,6.289055544076E-3,-9.802466898445E-2));
#8512=AXIS2_PLACEMENT_3D('',#8509,#8510,#8511);
#8513=TOROIDAL_SURFACE('',#8512,2.05E0,5.E-1);
#8515=ORIENTED_EDGE('',*,*,#8514,.T.);
#8517=ORIENTED_EDGE('',*,*,#8516,.T.);
#8518=ORIENTED_EDGE('',*,*,#8504,.F.);
#8520=ORIENTED_EDGE('',*,*,#8519,.F.);
#8522=ORIENTED_EDGE('',*,*,#8521,.F.);
#8523=ORIENTED_EDGE('',*,*,#8498,.T.);
#8524=EDGE_LOOP('',(#8515,#8517,#8518,#8520,#8522,#8523));
#8525=FACE_OUTER_BOUND('',#8524,.F.);
#8526=ADVANCED_FACE('',(#8525),#8513,.T.);
#8527=CARTESIAN_POINT('',(-5.6E1,1.906514553357E1,-8.951104248922E-2));
#8528=DIRECTION('',(0.E0,9.979482148809E-1,6.402624786719E-2));
#8529=DIRECTION('',(1.E0,0.E0,0.E0));
#8530=AXIS2_PLACEMENT_3D('',#8527,#8528,#8529);
#8531=CYLINDRICAL_SURFACE('',#8530,2.55E0);
#8532=ORIENTED_EDGE('',*,*,#8516,.F.);
#8533=ORIENTED_EDGE('',*,*,#8514,.F.);
#8534=ORIENTED_EDGE('',*,*,#8486,.T.);
#8535=ORIENTED_EDGE('',*,*,#7609,.F.);
#8536=ORIENTED_EDGE('',*,*,#8483,.T.);
#8537=EDGE_LOOP('',(#8532,#8533,#8534,#8535,#8536));
#8538=FACE_OUTER_BOUND('',#8537,.F.);
#8539=ADVANCED_FACE('',(#8538),#8531,.T.);
#8540=CARTESIAN_POINT('',(-5.6E1,2.086145232035E1,2.573620367180E-2));
#8541=DIRECTION('',(0.E0,9.979482148809E-1,6.402624786721E-2));
#8542=DIRECTION('',(1.E0,0.E0,0.E0));
#8543=AXIS2_PLACEMENT_3D('',#8540,#8541,#8542);
#8544=PLANE('',#8543);
#8545=ORIENTED_EDGE('',*,*,#8502,.T.);
#8546=ORIENTED_EDGE('',*,*,#8500,.T.);
#8547=ORIENTED_EDGE('',*,*,#8521,.T.);
#8548=ORIENTED_EDGE('',*,*,#8519,.T.);
#8549=EDGE_LOOP('',(#8545,#8546,#8547,#8548));
#8550=FACE_OUTER_BOUND('',#8549,.F.);
#8551=ADVANCED_FACE('',(#8550),#8544,.T.);
#8552=CARTESIAN_POINT('',(-8.E1,1.906514553357E1,-8.951104248922E-2));
#8553=DIRECTION('',(0.E0,9.979482148809E-1,6.402624786719E-2));
#8554=DIRECTION('',(1.E0,0.E0,0.E0));
#8555=AXIS2_PLACEMENT_3D('',#8552,#8553,#8554);
#8556=CYLINDRICAL_SURFACE('',#8555,2.55E0);
#8558=ORIENTED_EDGE('',*,*,#8557,.F.);
#8560=ORIENTED_EDGE('',*,*,#8559,.F.);
#8562=ORIENTED_EDGE('',*,*,#8561,.F.);
#8563=ORIENTED_EDGE('',*,*,#7613,.F.);
#8565=ORIENTED_EDGE('',*,*,#8564,.F.);
#8566=EDGE_LOOP('',(#8558,#8560,#8562,#8563,#8565));
#8567=FACE_OUTER_BOUND('',#8566,.F.);
#8568=ADVANCED_FACE('',(#8567),#8556,.T.);
#8569=CARTESIAN_POINT('',(-8.E1,2.036247821291E1,-6.276920262233E-3));
#8570=DIRECTION('',(0.E0,9.979482148809E-1,6.402624786719E-2));
#8571=DIRECTION('',(-9.951641129308E-1,-6.289055669722E-3,9.802467094283E-2));
#8572=AXIS2_PLACEMENT_3D('',#8569,#8570,#8571);
#8573=TOROIDAL_SURFACE('',#8572,2.05E0,5.E-1);
#8574=ORIENTED_EDGE('',*,*,#8559,.T.);
#8575=ORIENTED_EDGE('',*,*,#8557,.T.);
#8577=ORIENTED_EDGE('',*,*,#8576,.F.);
#8579=ORIENTED_EDGE('',*,*,#8578,.F.);
#8581=ORIENTED_EDGE('',*,*,#8580,.F.);
#8583=ORIENTED_EDGE('',*,*,#8582,.T.);
#8584=EDGE_LOOP('',(#8574,#8575,#8577,#8579,#8581,#8583));
#8585=FACE_OUTER_BOUND('',#8584,.F.);
#8586=ADVANCED_FACE('',(#8585),#8573,.T.);
#8587=CARTESIAN_POINT('',(-8.E1,2.036247821291E1,-6.276920262233E-3));
#8588=DIRECTION('',(0.E0,9.979482148809E-1,6.402624786719E-2));
#8589=DIRECTION('',(9.951641131245E-1,6.289055544076E-3,-9.802466898445E-2));
#8590=AXIS2_PLACEMENT_3D('',#8587,#8588,#8589);
#8591=TOROIDAL_SURFACE('',#8590,2.05E0,5.E-1);
#8593=ORIENTED_EDGE('',*,*,#8592,.T.);
#8595=ORIENTED_EDGE('',*,*,#8594,.T.);
#8596=ORIENTED_EDGE('',*,*,#8582,.F.);
#8598=ORIENTED_EDGE('',*,*,#8597,.F.);
#8600=ORIENTED_EDGE('',*,*,#8599,.F.);
#8601=ORIENTED_EDGE('',*,*,#8576,.T.);
#8602=EDGE_LOOP('',(#8593,#8595,#8596,#8598,#8600,#8601));
#8603=FACE_OUTER_BOUND('',#8602,.F.);
#8604=ADVANCED_FACE('',(#8603),#8591,.T.);
#8605=CARTESIAN_POINT('',(-8.E1,1.906514553357E1,-8.951104248922E-2));
#8606=DIRECTION('',(0.E0,9.979482148809E-1,6.402624786719E-2));
#8607=DIRECTION('',(1.E0,0.E0,0.E0));
#8608=AXIS2_PLACEMENT_3D('',#8605,#8606,#8607);
#8609=CYLINDRICAL_SURFACE('',#8608,2.55E0);
#8610=ORIENTED_EDGE('',*,*,#8594,.F.);
#8611=ORIENTED_EDGE('',*,*,#8592,.F.);
#8612=ORIENTED_EDGE('',*,*,#8564,.T.);
#8613=ORIENTED_EDGE('',*,*,#7615,.F.);
#8614=ORIENTED_EDGE('',*,*,#8561,.T.);
#8615=EDGE_LOOP('',(#8610,#8611,#8612,#8613,#8614));
#8616=FACE_OUTER_BOUND('',#8615,.F.);
#8617=ADVANCED_FACE('',(#8616),#8609,.T.);
#8618=CARTESIAN_POINT('',(-8.E1,2.086145232035E1,2.573620367180E-2));
#8619=DIRECTION('',(0.E0,9.979482148809E-1,6.402624786721E-2));
#8620=DIRECTION('',(1.E0,0.E0,0.E0));
#8621=AXIS2_PLACEMENT_3D('',#8618,#8619,#8620);
#8622=PLANE('',#8621);
#8623=ORIENTED_EDGE('',*,*,#8580,.T.);
#8624=ORIENTED_EDGE('',*,*,#8578,.T.);
#8625=ORIENTED_EDGE('',*,*,#8599,.T.);
#8626=ORIENTED_EDGE('',*,*,#8597,.T.);
#8627=EDGE_LOOP('',(#8623,#8624,#8625,#8626));
#8628=FACE_OUTER_BOUND('',#8627,.F.);
#8629=ADVANCED_FACE('',(#8628),#8622,.T.);
#8630=CARTESIAN_POINT('',(-4.E1,1.906514553357E1,-8.951104248922E-2));
#8631=DIRECTION('',(0.E0,9.979482148809E-1,6.402624786719E-2));
#8632=DIRECTION('',(1.E0,0.E0,0.E0));
#8633=AXIS2_PLACEMENT_3D('',#8630,#8631,#8632);
#8634=CYLINDRICAL_SURFACE('',#8633,2.55E0);
#8636=ORIENTED_EDGE('',*,*,#8635,.F.);
#8638=ORIENTED_EDGE('',*,*,#8637,.F.);
#8640=ORIENTED_EDGE('',*,*,#8639,.F.);
#8641=ORIENTED_EDGE('',*,*,#7619,.F.);
#8643=ORIENTED_EDGE('',*,*,#8642,.F.);
#8644=EDGE_LOOP('',(#8636,#8638,#8640,#8641,#8643));
#8645=FACE_OUTER_BOUND('',#8644,.F.);
#8646=ADVANCED_FACE('',(#8645),#8634,.T.);
#8647=CARTESIAN_POINT('',(-4.E1,2.036247821291E1,-6.276920262233E-3));
#8648=DIRECTION('',(0.E0,9.979482148809E-1,6.402624786719E-2));
#8649=DIRECTION('',(-9.951641129308E-1,-6.289055669722E-3,9.802467094283E-2));
#8650=AXIS2_PLACEMENT_3D('',#8647,#8648,#8649);
#8651=TOROIDAL_SURFACE('',#8650,2.05E0,5.E-1);
#8652=ORIENTED_EDGE('',*,*,#8637,.T.);
#8653=ORIENTED_EDGE('',*,*,#8635,.T.);
#8655=ORIENTED_EDGE('',*,*,#8654,.F.);
#8657=ORIENTED_EDGE('',*,*,#8656,.F.);
#8659=ORIENTED_EDGE('',*,*,#8658,.F.);
#8661=ORIENTED_EDGE('',*,*,#8660,.T.);
#8662=EDGE_LOOP('',(#8652,#8653,#8655,#8657,#8659,#8661));
#8663=FACE_OUTER_BOUND('',#8662,.F.);
#8664=ADVANCED_FACE('',(#8663),#8651,.T.);
#8665=CARTESIAN_POINT('',(-4.E1,2.036247821291E1,-6.276920262233E-3));
#8666=DIRECTION('',(0.E0,9.979482148809E-1,6.402624786719E-2));
#8667=DIRECTION('',(9.951641131245E-1,6.289055544076E-3,-9.802466898445E-2));
#8668=AXIS2_PLACEMENT_3D('',#8665,#8666,#8667);
#8669=TOROIDAL_SURFACE('',#8668,2.05E0,5.E-1);
#8671=ORIENTED_EDGE('',*,*,#8670,.T.);
#8673=ORIENTED_EDGE('',*,*,#8672,.T.);
#8674=ORIENTED_EDGE('',*,*,#8660,.F.);
#8676=ORIENTED_EDGE('',*,*,#8675,.F.);
#8678=ORIENTED_EDGE('',*,*,#8677,.F.);
#8679=ORIENTED_EDGE('',*,*,#8654,.T.);
#8680=EDGE_LOOP('',(#8671,#8673,#8674,#8676,#8678,#8679));
#8681=FACE_OUTER_BOUND('',#8680,.F.);
#8682=ADVANCED_FACE('',(#8681),#8669,.T.);
#8683=CARTESIAN_POINT('',(-4.E1,1.906514553357E1,-8.951104248922E-2));
#8684=DIRECTION('',(0.E0,9.979482148809E-1,6.402624786719E-2));
#8685=DIRECTION('',(1.E0,0.E0,0.E0));
#8686=AXIS2_PLACEMENT_3D('',#8683,#8684,#8685);
#8687=CYLINDRICAL_SURFACE('',#8686,2.55E0);
#8688=ORIENTED_EDGE('',*,*,#8672,.F.);
#8689=ORIENTED_EDGE('',*,*,#8670,.F.);
#8690=ORIENTED_EDGE('',*,*,#8642,.T.);
#8691=ORIENTED_EDGE('',*,*,#7621,.F.);
#8692=ORIENTED_EDGE('',*,*,#8639,.T.);
#8693=EDGE_LOOP('',(#8688,#8689,#8690,#8691,#8692));
#8694=FACE_OUTER_BOUND('',#8693,.F.);
#8695=ADVANCED_FACE('',(#8694),#8687,.T.);
#8696=CARTESIAN_POINT('',(-4.E1,2.086145232035E1,2.573620367180E-2));
#8697=DIRECTION('',(0.E0,9.979482148809E-1,6.402624786721E-2));
#8698=DIRECTION('',(1.E0,0.E0,0.E0));
#8699=AXIS2_PLACEMENT_3D('',#8696,#8697,#8698);
#8700=PLANE('',#8699);
#8701=ORIENTED_EDGE('',*,*,#8658,.T.);
#8702=ORIENTED_EDGE('',*,*,#8656,.T.);
#8703=ORIENTED_EDGE('',*,*,#8677,.T.);
#8704=ORIENTED_EDGE('',*,*,#8675,.T.);
#8705=EDGE_LOOP('',(#8701,#8702,#8703,#8704));
#8706=FACE_OUTER_BOUND('',#8705,.F.);
#8707=ADVANCED_FACE('',(#8706),#8700,.T.);
#8708=CARTESIAN_POINT('',(-6.4E1,1.906514553357E1,-8.951104248922E-2));
#8709=DIRECTION('',(0.E0,9.979482148809E-1,6.402624786719E-2));
#8710=DIRECTION('',(1.E0,0.E0,0.E0));
#8711=AXIS2_PLACEMENT_3D('',#8708,#8709,#8710);
#8712=CYLINDRICAL_SURFACE('',#8711,2.55E0);
#8714=ORIENTED_EDGE('',*,*,#8713,.F.);
#8716=ORIENTED_EDGE('',*,*,#8715,.F.);
#8718=ORIENTED_EDGE('',*,*,#8717,.F.);
#8719=ORIENTED_EDGE('',*,*,#7625,.F.);
#8721=ORIENTED_EDGE('',*,*,#8720,.F.);
#8722=EDGE_LOOP('',(#8714,#8716,#8718,#8719,#8721));
#8723=FACE_OUTER_BOUND('',#8722,.F.);
#8724=ADVANCED_FACE('',(#8723),#8712,.T.);
#8725=CARTESIAN_POINT('',(-6.4E1,2.036247821291E1,-6.276920262233E-3));
#8726=DIRECTION('',(0.E0,9.979482148809E-1,6.402624786719E-2));
#8727=DIRECTION('',(-9.951641129308E-1,-6.289055669722E-3,9.802467094283E-2));
#8728=AXIS2_PLACEMENT_3D('',#8725,#8726,#8727);
#8729=TOROIDAL_SURFACE('',#8728,2.05E0,5.E-1);
#8730=ORIENTED_EDGE('',*,*,#8715,.T.);
#8731=ORIENTED_EDGE('',*,*,#8713,.T.);
#8733=ORIENTED_EDGE('',*,*,#8732,.F.);
#8735=ORIENTED_EDGE('',*,*,#8734,.F.);
#8737=ORIENTED_EDGE('',*,*,#8736,.F.);
#8739=ORIENTED_EDGE('',*,*,#8738,.T.);
#8740=EDGE_LOOP('',(#8730,#8731,#8733,#8735,#8737,#8739));
#8741=FACE_OUTER_BOUND('',#8740,.F.);
#8742=ADVANCED_FACE('',(#8741),#8729,.T.);
#8743=CARTESIAN_POINT('',(-6.4E1,2.036247821291E1,-6.276920262233E-3));
#8744=DIRECTION('',(0.E0,9.979482148809E-1,6.402624786719E-2));
#8745=DIRECTION('',(9.951641131245E-1,6.289055544076E-3,-9.802466898445E-2));
#8746=AXIS2_PLACEMENT_3D('',#8743,#8744,#8745);
#8747=TOROIDAL_SURFACE('',#8746,2.05E0,5.E-1);
#8749=ORIENTED_EDGE('',*,*,#8748,.T.);
#8751=ORIENTED_EDGE('',*,*,#8750,.T.);
#8752=ORIENTED_EDGE('',*,*,#8738,.F.);
#8754=ORIENTED_EDGE('',*,*,#8753,.F.);
#8756=ORIENTED_EDGE('',*,*,#8755,.F.);
#8757=ORIENTED_EDGE('',*,*,#8732,.T.);
#8758=EDGE_LOOP('',(#8749,#8751,#8752,#8754,#8756,#8757));
#8759=FACE_OUTER_BOUND('',#8758,.F.);
#8760=ADVANCED_FACE('',(#8759),#8747,.T.);
#8761=CARTESIAN_POINT('',(-6.4E1,1.906514553357E1,-8.951104248922E-2));
#8762=DIRECTION('',(0.E0,9.979482148809E-1,6.402624786719E-2));
#8763=DIRECTION('',(1.E0,0.E0,0.E0));
#8764=AXIS2_PLACEMENT_3D('',#8761,#8762,#8763);
#8765=CYLINDRICAL_SURFACE('',#8764,2.55E0);
#8766=ORIENTED_EDGE('',*,*,#8750,.F.);
#8767=ORIENTED_EDGE('',*,*,#8748,.F.);
#8768=ORIENTED_EDGE('',*,*,#8720,.T.);
#8769=ORIENTED_EDGE('',*,*,#7627,.F.);
#8770=ORIENTED_EDGE('',*,*,#8717,.T.);
#8771=EDGE_LOOP('',(#8766,#8767,#8768,#8769,#8770));
#8772=FACE_OUTER_BOUND('',#8771,.F.);
#8773=ADVANCED_FACE('',(#8772),#8765,.T.);
#8774=CARTESIAN_POINT('',(-6.4E1,2.086145232035E1,2.573620367180E-2));
#8775=DIRECTION('',(0.E0,9.979482148809E-1,6.402624786721E-2));
#8776=DIRECTION('',(1.E0,0.E0,0.E0));
#8777=AXIS2_PLACEMENT_3D('',#8774,#8775,#8776);
#8778=PLANE('',#8777);
#8779=ORIENTED_EDGE('',*,*,#8736,.T.);
#8780=ORIENTED_EDGE('',*,*,#8734,.T.);
#8781=ORIENTED_EDGE('',*,*,#8755,.T.);
#8782=ORIENTED_EDGE('',*,*,#8753,.T.);
#8783=EDGE_LOOP('',(#8779,#8780,#8781,#8782));
#8784=FACE_OUTER_BOUND('',#8783,.F.);
#8785=ADVANCED_FACE('',(#8784),#8778,.T.);
#8786=CARTESIAN_POINT('',(6.4E1,1.855293555063E1,7.894074676558E0));
#8787=DIRECTION('',(0.E0,9.979482148809E-1,6.402624786719E-2));
#8788=DIRECTION('',(1.E0,0.E0,0.E0));
#8789=AXIS2_PLACEMENT_3D('',#8786,#8787,#8788);
#8790=CYLINDRICAL_SURFACE('',#8789,2.55E0);
#8792=ORIENTED_EDGE('',*,*,#8791,.F.);
#8794=ORIENTED_EDGE('',*,*,#8793,.F.);
#8796=ORIENTED_EDGE('',*,*,#8795,.F.);
#8797=ORIENTED_EDGE('',*,*,#7631,.F.);
#8799=ORIENTED_EDGE('',*,*,#8798,.F.);
#8800=EDGE_LOOP('',(#8792,#8794,#8796,#8797,#8799));
#8801=FACE_OUTER_BOUND('',#8800,.F.);
#8802=ADVANCED_FACE('',(#8801),#8790,.T.);
#8803=CARTESIAN_POINT('',(6.4E1,1.985026822997E1,7.977308798785E0));
#8804=DIRECTION('',(0.E0,9.979482148809E-1,6.402624786719E-2));
#8805=DIRECTION('',(-9.951641129308E-1,-6.289055669722E-3,9.802467094283E-2));
#8806=AXIS2_PLACEMENT_3D('',#8803,#8804,#8805);
#8807=TOROIDAL_SURFACE('',#8806,2.05E0,5.E-1);
#8808=ORIENTED_EDGE('',*,*,#8793,.T.);
#8809=ORIENTED_EDGE('',*,*,#8791,.T.);
#8811=ORIENTED_EDGE('',*,*,#8810,.F.);
#8813=ORIENTED_EDGE('',*,*,#8812,.F.);
#8815=ORIENTED_EDGE('',*,*,#8814,.F.);
#8817=ORIENTED_EDGE('',*,*,#8816,.T.);
#8818=EDGE_LOOP('',(#8808,#8809,#8811,#8813,#8815,#8817));
#8819=FACE_OUTER_BOUND('',#8818,.F.);
#8820=ADVANCED_FACE('',(#8819),#8807,.T.);
#8821=CARTESIAN_POINT('',(6.4E1,1.985026822997E1,7.977308798785E0));
#8822=DIRECTION('',(0.E0,9.979482148809E-1,6.402624786719E-2));
#8823=DIRECTION('',(9.951641131245E-1,6.289055544076E-3,-9.802466898445E-2));
#8824=AXIS2_PLACEMENT_3D('',#8821,#8822,#8823);
#8825=TOROIDAL_SURFACE('',#8824,2.05E0,5.E-1);
#8827=ORIENTED_EDGE('',*,*,#8826,.T.);
#8829=ORIENTED_EDGE('',*,*,#8828,.T.);
#8830=ORIENTED_EDGE('',*,*,#8816,.F.);
#8832=ORIENTED_EDGE('',*,*,#8831,.F.);
#8834=ORIENTED_EDGE('',*,*,#8833,.F.);
#8835=ORIENTED_EDGE('',*,*,#8810,.T.);
#8836=EDGE_LOOP('',(#8827,#8829,#8830,#8832,#8834,#8835));
#8837=FACE_OUTER_BOUND('',#8836,.F.);
#8838=ADVANCED_FACE('',(#8837),#8825,.T.);
#8839=CARTESIAN_POINT('',(6.4E1,1.855293555063E1,7.894074676558E0));
#8840=DIRECTION('',(0.E0,9.979482148809E-1,6.402624786719E-2));
#8841=DIRECTION('',(1.E0,0.E0,0.E0));
#8842=AXIS2_PLACEMENT_3D('',#8839,#8840,#8841);
#8843=CYLINDRICAL_SURFACE('',#8842,2.55E0);
#8844=ORIENTED_EDGE('',*,*,#8828,.F.);
#8845=ORIENTED_EDGE('',*,*,#8826,.F.);
#8846=ORIENTED_EDGE('',*,*,#8798,.T.);
#8847=ORIENTED_EDGE('',*,*,#7633,.F.);
#8848=ORIENTED_EDGE('',*,*,#8795,.T.);
#8849=EDGE_LOOP('',(#8844,#8845,#8846,#8847,#8848));
#8850=FACE_OUTER_BOUND('',#8849,.F.);
#8851=ADVANCED_FACE('',(#8850),#8843,.T.);
#8852=CARTESIAN_POINT('',(6.4E1,2.034924233741E1,8.009321922719E0));
#8853=DIRECTION('',(0.E0,9.979482148809E-1,6.402624786721E-2));
#8854=DIRECTION('',(1.E0,0.E0,0.E0));
#8855=AXIS2_PLACEMENT_3D('',#8852,#8853,#8854);
#8856=PLANE('',#8855);
#8857=ORIENTED_EDGE('',*,*,#8814,.T.);
#8858=ORIENTED_EDGE('',*,*,#8812,.T.);
#8859=ORIENTED_EDGE('',*,*,#8833,.T.);
#8860=ORIENTED_EDGE('',*,*,#8831,.T.);
#8861=EDGE_LOOP('',(#8857,#8858,#8859,#8860));
#8862=FACE_OUTER_BOUND('',#8861,.F.);
#8863=ADVANCED_FACE('',(#8862),#8856,.T.);
#8864=CARTESIAN_POINT('',(5.6E1,1.855293555063E1,7.894074676558E0));
#8865=DIRECTION('',(0.E0,9.979482148809E-1,6.402624786719E-2));
#8866=DIRECTION('',(1.E0,0.E0,0.E0));
#8867=AXIS2_PLACEMENT_3D('',#8864,#8865,#8866);
#8868=CYLINDRICAL_SURFACE('',#8867,2.55E0);
#8870=ORIENTED_EDGE('',*,*,#8869,.F.);
#8872=ORIENTED_EDGE('',*,*,#8871,.F.);
#8874=ORIENTED_EDGE('',*,*,#8873,.F.);
#8875=ORIENTED_EDGE('',*,*,#7637,.F.);
#8877=ORIENTED_EDGE('',*,*,#8876,.F.);
#8878=EDGE_LOOP('',(#8870,#8872,#8874,#8875,#8877));
#8879=FACE_OUTER_BOUND('',#8878,.F.);
#8880=ADVANCED_FACE('',(#8879),#8868,.T.);
#8881=CARTESIAN_POINT('',(5.6E1,1.985026822997E1,7.977308798785E0));
#8882=DIRECTION('',(0.E0,9.979482148809E-1,6.402624786719E-2));
#8883=DIRECTION('',(-9.951641129308E-1,-6.289055669722E-3,9.802467094283E-2));
#8884=AXIS2_PLACEMENT_3D('',#8881,#8882,#8883);
#8885=TOROIDAL_SURFACE('',#8884,2.05E0,5.E-1);
#8886=ORIENTED_EDGE('',*,*,#8871,.T.);
#8887=ORIENTED_EDGE('',*,*,#8869,.T.);
#8889=ORIENTED_EDGE('',*,*,#8888,.F.);
#8891=ORIENTED_EDGE('',*,*,#8890,.F.);
#8893=ORIENTED_EDGE('',*,*,#8892,.F.);
#8895=ORIENTED_EDGE('',*,*,#8894,.T.);
#8896=EDGE_LOOP('',(#8886,#8887,#8889,#8891,#8893,#8895));
#8897=FACE_OUTER_BOUND('',#8896,.F.);
#8898=ADVANCED_FACE('',(#8897),#8885,.T.);
#8899=CARTESIAN_POINT('',(5.6E1,1.985026822997E1,7.977308798785E0));
#8900=DIRECTION('',(0.E0,9.979482148809E-1,6.402624786719E-2));
#8901=DIRECTION('',(9.951641131245E-1,6.289055544076E-3,-9.802466898445E-2));
#8902=AXIS2_PLACEMENT_3D('',#8899,#8900,#8901);
#8903=TOROIDAL_SURFACE('',#8902,2.05E0,5.E-1);
#8905=ORIENTED_EDGE('',*,*,#8904,.T.);
#8907=ORIENTED_EDGE('',*,*,#8906,.T.);
#8908=ORIENTED_EDGE('',*,*,#8894,.F.);
#8910=ORIENTED_EDGE('',*,*,#8909,.F.);
#8912=ORIENTED_EDGE('',*,*,#8911,.F.);
#8913=ORIENTED_EDGE('',*,*,#8888,.T.);
#8914=EDGE_LOOP('',(#8905,#8907,#8908,#8910,#8912,#8913));
#8915=FACE_OUTER_BOUND('',#8914,.F.);
#8916=ADVANCED_FACE('',(#8915),#8903,.T.);
#8917=CARTESIAN_POINT('',(5.6E1,1.855293555063E1,7.894074676558E0));
#8918=DIRECTION('',(0.E0,9.979482148809E-1,6.402624786719E-2));
#8919=DIRECTION('',(1.E0,0.E0,0.E0));
#8920=AXIS2_PLACEMENT_3D('',#8917,#8918,#8919);
#8921=CYLINDRICAL_SURFACE('',#8920,2.55E0);
#8922=ORIENTED_EDGE('',*,*,#8906,.F.);
#8923=ORIENTED_EDGE('',*,*,#8904,.F.);
#8924=ORIENTED_EDGE('',*,*,#8876,.T.);
#8925=ORIENTED_EDGE('',*,*,#7639,.F.);
#8926=ORIENTED_EDGE('',*,*,#8873,.T.);
#8927=EDGE_LOOP('',(#8922,#8923,#8924,#8925,#8926));
#8928=FACE_OUTER_BOUND('',#8927,.F.);
#8929=ADVANCED_FACE('',(#8928),#8921,.T.);
#8930=CARTESIAN_POINT('',(5.6E1,2.034924233741E1,8.009321922719E0));
#8931=DIRECTION('',(0.E0,9.979482148809E-1,6.402624786721E-2));
#8932=DIRECTION('',(1.E0,0.E0,0.E0));
#8933=AXIS2_PLACEMENT_3D('',#8930,#8931,#8932);
#8934=PLANE('',#8933);
#8935=ORIENTED_EDGE('',*,*,#8892,.T.);
#8936=ORIENTED_EDGE('',*,*,#8890,.T.);
#8937=ORIENTED_EDGE('',*,*,#8911,.T.);
#8938=ORIENTED_EDGE('',*,*,#8909,.T.);
#8939=EDGE_LOOP('',(#8935,#8936,#8937,#8938));
#8940=FACE_OUTER_BOUND('',#8939,.F.);
#8941=ADVANCED_FACE('',(#8940),#8934,.T.);
#8942=CARTESIAN_POINT('',(4.8E1,1.855293555063E1,7.894074676558E0));
#8943=DIRECTION('',(0.E0,9.979482148809E-1,6.402624786719E-2));
#8944=DIRECTION('',(1.E0,0.E0,0.E0));
#8945=AXIS2_PLACEMENT_3D('',#8942,#8943,#8944);
#8946=CYLINDRICAL_SURFACE('',#8945,2.55E0);
#8948=ORIENTED_EDGE('',*,*,#8947,.F.);
#8950=ORIENTED_EDGE('',*,*,#8949,.F.);
#8952=ORIENTED_EDGE('',*,*,#8951,.F.);
#8953=ORIENTED_EDGE('',*,*,#7643,.F.);
#8955=ORIENTED_EDGE('',*,*,#8954,.F.);
#8956=EDGE_LOOP('',(#8948,#8950,#8952,#8953,#8955));
#8957=FACE_OUTER_BOUND('',#8956,.F.);
#8958=ADVANCED_FACE('',(#8957),#8946,.T.);
#8959=CARTESIAN_POINT('',(4.8E1,1.985026822997E1,7.977308798785E0));
#8960=DIRECTION('',(0.E0,9.979482148809E-1,6.402624786719E-2));
#8961=DIRECTION('',(-9.951641129308E-1,-6.289055669722E-3,9.802467094283E-2));
#8962=AXIS2_PLACEMENT_3D('',#8959,#8960,#8961);
#8963=TOROIDAL_SURFACE('',#8962,2.05E0,5.E-1);
#8964=ORIENTED_EDGE('',*,*,#8949,.T.);
#8965=ORIENTED_EDGE('',*,*,#8947,.T.);
#8967=ORIENTED_EDGE('',*,*,#8966,.F.);
#8969=ORIENTED_EDGE('',*,*,#8968,.F.);
#8971=ORIENTED_EDGE('',*,*,#8970,.F.);
#8973=ORIENTED_EDGE('',*,*,#8972,.T.);
#8974=EDGE_LOOP('',(#8964,#8965,#8967,#8969,#8971,#8973));
#8975=FACE_OUTER_BOUND('',#8974,.F.);
#8976=ADVANCED_FACE('',(#8975),#8963,.T.);
#8977=CARTESIAN_POINT('',(4.8E1,1.985026822997E1,7.977308798785E0));
#8978=DIRECTION('',(0.E0,9.979482148809E-1,6.402624786719E-2));
#8979=DIRECTION('',(9.951641131245E-1,6.289055544076E-3,-9.802466898445E-2));
#8980=AXIS2_PLACEMENT_3D('',#8977,#8978,#8979);
#8981=TOROIDAL_SURFACE('',#8980,2.05E0,5.E-1);
#8983=ORIENTED_EDGE('',*,*,#8982,.T.);
#8985=ORIENTED_EDGE('',*,*,#8984,.T.);
#8986=ORIENTED_EDGE('',*,*,#8972,.F.);
#8988=ORIENTED_EDGE('',*,*,#8987,.F.);
#8990=ORIENTED_EDGE('',*,*,#8989,.F.);
#8991=ORIENTED_EDGE('',*,*,#8966,.T.);
#8992=EDGE_LOOP('',(#8983,#8985,#8986,#8988,#8990,#8991));
#8993=FACE_OUTER_BOUND('',#8992,.F.);
#8994=ADVANCED_FACE('',(#8993),#8981,.T.);
#8995=CARTESIAN_POINT('',(4.8E1,1.855293555063E1,7.894074676558E0));
#8996=DIRECTION('',(0.E0,9.979482148809E-1,6.402624786719E-2));
#8997=DIRECTION('',(1.E0,0.E0,0.E0));
#8998=AXIS2_PLACEMENT_3D('',#8995,#8996,#8997);
#8999=CYLINDRICAL_SURFACE('',#8998,2.55E0);
#9000=ORIENTED_EDGE('',*,*,#8984,.F.);
#9001=ORIENTED_EDGE('',*,*,#8982,.F.);
#9002=ORIENTED_EDGE('',*,*,#8954,.T.);
#9003=ORIENTED_EDGE('',*,*,#7645,.F.);
#9004=ORIENTED_EDGE('',*,*,#8951,.T.);
#9005=EDGE_LOOP('',(#9000,#9001,#9002,#9003,#9004));
#9006=FACE_OUTER_BOUND('',#9005,.F.);
#9007=ADVANCED_FACE('',(#9006),#8999,.T.);
#9008=CARTESIAN_POINT('',(4.8E1,2.034924233741E1,8.009321922719E0));
#9009=DIRECTION('',(0.E0,9.979482148809E-1,6.402624786721E-2));
#9010=DIRECTION('',(1.E0,0.E0,0.E0));
#9011=AXIS2_PLACEMENT_3D('',#9008,#9009,#9010);
#9012=PLANE('',#9011);
#9013=ORIENTED_EDGE('',*,*,#8970,.T.);
#9014=ORIENTED_EDGE('',*,*,#8968,.T.);
#9015=ORIENTED_EDGE('',*,*,#8989,.T.);
#9016=ORIENTED_EDGE('',*,*,#8987,.T.);
#9017=EDGE_LOOP('',(#9013,#9014,#9015,#9016));
#9018=FACE_OUTER_BOUND('',#9017,.F.);
#9019=ADVANCED_FACE('',(#9018),#9012,.T.);
#9020=CARTESIAN_POINT('',(4.E1,1.855293555063E1,7.894074676558E0));
#9021=DIRECTION('',(0.E0,9.979482148809E-1,6.402624786719E-2));
#9022=DIRECTION('',(1.E0,0.E0,0.E0));
#9023=AXIS2_PLACEMENT_3D('',#9020,#9021,#9022);
#9024=CYLINDRICAL_SURFACE('',#9023,2.55E0);
#9026=ORIENTED_EDGE('',*,*,#9025,.F.);
#9028=ORIENTED_EDGE('',*,*,#9027,.F.);
#9030=ORIENTED_EDGE('',*,*,#9029,.F.);
#9031=ORIENTED_EDGE('',*,*,#7649,.F.);
#9033=ORIENTED_EDGE('',*,*,#9032,.F.);
#9034=EDGE_LOOP('',(#9026,#9028,#9030,#9031,#9033));
#9035=FACE_OUTER_BOUND('',#9034,.F.);
#9036=ADVANCED_FACE('',(#9035),#9024,.T.);
#9037=CARTESIAN_POINT('',(4.E1,1.985026822997E1,7.977308798785E0));
#9038=DIRECTION('',(0.E0,9.979482148809E-1,6.402624786719E-2));
#9039=DIRECTION('',(-9.951641129308E-1,-6.289055669722E-3,9.802467094283E-2));
#9040=AXIS2_PLACEMENT_3D('',#9037,#9038,#9039);
#9041=TOROIDAL_SURFACE('',#9040,2.05E0,5.E-1);
#9042=ORIENTED_EDGE('',*,*,#9027,.T.);
#9043=ORIENTED_EDGE('',*,*,#9025,.T.);
#9045=ORIENTED_EDGE('',*,*,#9044,.F.);
#9047=ORIENTED_EDGE('',*,*,#9046,.F.);
#9049=ORIENTED_EDGE('',*,*,#9048,.F.);
#9051=ORIENTED_EDGE('',*,*,#9050,.T.);
#9052=EDGE_LOOP('',(#9042,#9043,#9045,#9047,#9049,#9051));
#9053=FACE_OUTER_BOUND('',#9052,.F.);
#9054=ADVANCED_FACE('',(#9053),#9041,.T.);
#9055=CARTESIAN_POINT('',(4.E1,1.985026822997E1,7.977308798785E0));
#9056=DIRECTION('',(0.E0,9.979482148809E-1,6.402624786719E-2));
#9057=DIRECTION('',(9.951641131245E-1,6.289055544076E-3,-9.802466898445E-2));
#9058=AXIS2_PLACEMENT_3D('',#9055,#9056,#9057);
#9059=TOROIDAL_SURFACE('',#9058,2.05E0,5.E-1);
#9061=ORIENTED_EDGE('',*,*,#9060,.T.);
#9063=ORIENTED_EDGE('',*,*,#9062,.T.);
#9064=ORIENTED_EDGE('',*,*,#9050,.F.);
#9066=ORIENTED_EDGE('',*,*,#9065,.F.);
#9068=ORIENTED_EDGE('',*,*,#9067,.F.);
#9069=ORIENTED_EDGE('',*,*,#9044,.T.);
#9070=EDGE_LOOP('',(#9061,#9063,#9064,#9066,#9068,#9069));
#9071=FACE_OUTER_BOUND('',#9070,.F.);
#9072=ADVANCED_FACE('',(#9071),#9059,.T.);
#9073=CARTESIAN_POINT('',(4.E1,1.855293555063E1,7.894074676558E0));
#9074=DIRECTION('',(0.E0,9.979482148809E-1,6.402624786719E-2));
#9075=DIRECTION('',(1.E0,0.E0,0.E0));
#9076=AXIS2_PLACEMENT_3D('',#9073,#9074,#9075);
#9077=CYLINDRICAL_SURFACE('',#9076,2.55E0);
#9078=ORIENTED_EDGE('',*,*,#9062,.F.);
#9079=ORIENTED_EDGE('',*,*,#9060,.F.);
#9080=ORIENTED_EDGE('',*,*,#9032,.T.);
#9081=ORIENTED_EDGE('',*,*,#7651,.F.);
#9082=ORIENTED_EDGE('',*,*,#9029,.T.);
#9083=EDGE_LOOP('',(#9078,#9079,#9080,#9081,#9082));
#9084=FACE_OUTER_BOUND('',#9083,.F.);
#9085=ADVANCED_FACE('',(#9084),#9077,.T.);
#9086=CARTESIAN_POINT('',(4.E1,2.034924233741E1,8.009321922719E0));
#9087=DIRECTION('',(0.E0,9.979482148809E-1,6.402624786721E-2));
#9088=DIRECTION('',(1.E0,0.E0,0.E0));
#9089=AXIS2_PLACEMENT_3D('',#9086,#9087,#9088);
#9090=PLANE('',#9089);
#9091=ORIENTED_EDGE('',*,*,#9048,.T.);
#9092=ORIENTED_EDGE('',*,*,#9046,.T.);
#9093=ORIENTED_EDGE('',*,*,#9067,.T.);
#9094=ORIENTED_EDGE('',*,*,#9065,.T.);
#9095=EDGE_LOOP('',(#9091,#9092,#9093,#9094));
#9096=FACE_OUTER_BOUND('',#9095,.F.);
#9097=ADVANCED_FACE('',(#9096),#9090,.T.);
#9098=CARTESIAN_POINT('',(3.2E1,1.855293555063E1,7.894074676558E0));
#9099=DIRECTION('',(0.E0,9.979482148809E-1,6.402624786719E-2));
#9100=DIRECTION('',(1.E0,0.E0,0.E0));
#9101=AXIS2_PLACEMENT_3D('',#9098,#9099,#9100);
#9102=CYLINDRICAL_SURFACE('',#9101,2.55E0);
#9104=ORIENTED_EDGE('',*,*,#9103,.F.);
#9106=ORIENTED_EDGE('',*,*,#9105,.F.);
#9108=ORIENTED_EDGE('',*,*,#9107,.F.);
#9109=ORIENTED_EDGE('',*,*,#7655,.F.);
#9111=ORIENTED_EDGE('',*,*,#9110,.F.);
#9112=EDGE_LOOP('',(#9104,#9106,#9108,#9109,#9111));
#9113=FACE_OUTER_BOUND('',#9112,.F.);
#9114=ADVANCED_FACE('',(#9113),#9102,.T.);
#9115=CARTESIAN_POINT('',(3.2E1,1.985026822997E1,7.977308798785E0));
#9116=DIRECTION('',(0.E0,9.979482148809E-1,6.402624786719E-2));
#9117=DIRECTION('',(-9.951641129308E-1,-6.289055669722E-3,9.802467094283E-2));
#9118=AXIS2_PLACEMENT_3D('',#9115,#9116,#9117);
#9119=TOROIDAL_SURFACE('',#9118,2.05E0,5.E-1);
#9120=ORIENTED_EDGE('',*,*,#9105,.T.);
#9121=ORIENTED_EDGE('',*,*,#9103,.T.);
#9123=ORIENTED_EDGE('',*,*,#9122,.F.);
#9125=ORIENTED_EDGE('',*,*,#9124,.F.);
#9127=ORIENTED_EDGE('',*,*,#9126,.F.);
#9129=ORIENTED_EDGE('',*,*,#9128,.T.);
#9130=EDGE_LOOP('',(#9120,#9121,#9123,#9125,#9127,#9129));
#9131=FACE_OUTER_BOUND('',#9130,.F.);
#9132=ADVANCED_FACE('',(#9131),#9119,.T.);
#9133=CARTESIAN_POINT('',(3.2E1,1.985026822997E1,7.977308798785E0));
#9134=DIRECTION('',(0.E0,9.979482148809E-1,6.402624786719E-2));
#9135=DIRECTION('',(9.951641131245E-1,6.289055544076E-3,-9.802466898445E-2));
#9136=AXIS2_PLACEMENT_3D('',#9133,#9134,#9135);
#9137=TOROIDAL_SURFACE('',#9136,2.05E0,5.E-1);
#9139=ORIENTED_EDGE('',*,*,#9138,.T.);
#9141=ORIENTED_EDGE('',*,*,#9140,.T.);
#9142=ORIENTED_EDGE('',*,*,#9128,.F.);
#9144=ORIENTED_EDGE('',*,*,#9143,.F.);
#9146=ORIENTED_EDGE('',*,*,#9145,.F.);
#9147=ORIENTED_EDGE('',*,*,#9122,.T.);
#9148=EDGE_LOOP('',(#9139,#9141,#9142,#9144,#9146,#9147));
#9149=FACE_OUTER_BOUND('',#9148,.F.);
#9150=ADVANCED_FACE('',(#9149),#9137,.T.);
#9151=CARTESIAN_POINT('',(3.2E1,1.855293555063E1,7.894074676558E0));
#9152=DIRECTION('',(0.E0,9.979482148809E-1,6.402624786719E-2));
#9153=DIRECTION('',(1.E0,0.E0,0.E0));
#9154=AXIS2_PLACEMENT_3D('',#9151,#9152,#9153);
#9155=CYLINDRICAL_SURFACE('',#9154,2.55E0);
#9156=ORIENTED_EDGE('',*,*,#9140,.F.);
#9157=ORIENTED_EDGE('',*,*,#9138,.F.);
#9158=ORIENTED_EDGE('',*,*,#9110,.T.);
#9159=ORIENTED_EDGE('',*,*,#7657,.F.);
#9160=ORIENTED_EDGE('',*,*,#9107,.T.);
#9161=EDGE_LOOP('',(#9156,#9157,#9158,#9159,#9160));
#9162=FACE_OUTER_BOUND('',#9161,.F.);
#9163=ADVANCED_FACE('',(#9162),#9155,.T.);
#9164=CARTESIAN_POINT('',(3.2E1,2.034924233741E1,8.009321922719E0));
#9165=DIRECTION('',(0.E0,9.979482148809E-1,6.402624786721E-2));
#9166=DIRECTION('',(1.E0,0.E0,0.E0));
#9167=AXIS2_PLACEMENT_3D('',#9164,#9165,#9166);
#9168=PLANE('',#9167);
#9169=ORIENTED_EDGE('',*,*,#9126,.T.);
#9170=ORIENTED_EDGE('',*,*,#9124,.T.);
#9171=ORIENTED_EDGE('',*,*,#9145,.T.);
#9172=ORIENTED_EDGE('',*,*,#9143,.T.);
#9173=EDGE_LOOP('',(#9169,#9170,#9171,#9172));
#9174=FACE_OUTER_BOUND('',#9173,.F.);
#9175=ADVANCED_FACE('',(#9174),#9168,.T.);
#9176=CARTESIAN_POINT('',(2.4E1,1.855293555063E1,7.894074676558E0));
#9177=DIRECTION('',(0.E0,9.979482148809E-1,6.402624786719E-2));
#9178=DIRECTION('',(1.E0,0.E0,0.E0));
#9179=AXIS2_PLACEMENT_3D('',#9176,#9177,#9178);
#9180=CYLINDRICAL_SURFACE('',#9179,2.55E0);
#9182=ORIENTED_EDGE('',*,*,#9181,.F.);
#9184=ORIENTED_EDGE('',*,*,#9183,.F.);
#9186=ORIENTED_EDGE('',*,*,#9185,.F.);
#9187=ORIENTED_EDGE('',*,*,#7661,.F.);
#9189=ORIENTED_EDGE('',*,*,#9188,.F.);
#9190=EDGE_LOOP('',(#9182,#9184,#9186,#9187,#9189));
#9191=FACE_OUTER_BOUND('',#9190,.F.);
#9192=ADVANCED_FACE('',(#9191),#9180,.T.);
#9193=CARTESIAN_POINT('',(2.4E1,1.985026822997E1,7.977308798785E0));
#9194=DIRECTION('',(0.E0,9.979482148809E-1,6.402624786719E-2));
#9195=DIRECTION('',(-9.951641129308E-1,-6.289055669722E-3,9.802467094283E-2));
#9196=AXIS2_PLACEMENT_3D('',#9193,#9194,#9195);
#9197=TOROIDAL_SURFACE('',#9196,2.05E0,5.E-1);
#9198=ORIENTED_EDGE('',*,*,#9183,.T.);
#9199=ORIENTED_EDGE('',*,*,#9181,.T.);
#9201=ORIENTED_EDGE('',*,*,#9200,.F.);
#9203=ORIENTED_EDGE('',*,*,#9202,.F.);
#9205=ORIENTED_EDGE('',*,*,#9204,.F.);
#9207=ORIENTED_EDGE('',*,*,#9206,.T.);
#9208=EDGE_LOOP('',(#9198,#9199,#9201,#9203,#9205,#9207));
#9209=FACE_OUTER_BOUND('',#9208,.F.);
#9210=ADVANCED_FACE('',(#9209),#9197,.T.);
#9211=CARTESIAN_POINT('',(2.4E1,1.985026822997E1,7.977308798785E0));
#9212=DIRECTION('',(0.E0,9.979482148809E-1,6.402624786719E-2));
#9213=DIRECTION('',(9.951641131245E-1,6.289055544076E-3,-9.802466898445E-2));
#9214=AXIS2_PLACEMENT_3D('',#9211,#9212,#9213);
#9215=TOROIDAL_SURFACE('',#9214,2.05E0,5.E-1);
#9217=ORIENTED_EDGE('',*,*,#9216,.T.);
#9219=ORIENTED_EDGE('',*,*,#9218,.T.);
#9220=ORIENTED_EDGE('',*,*,#9206,.F.);
#9222=ORIENTED_EDGE('',*,*,#9221,.F.);
#9224=ORIENTED_EDGE('',*,*,#9223,.F.);
#9225=ORIENTED_EDGE('',*,*,#9200,.T.);
#9226=EDGE_LOOP('',(#9217,#9219,#9220,#9222,#9224,#9225));
#9227=FACE_OUTER_BOUND('',#9226,.F.);
#9228=ADVANCED_FACE('',(#9227),#9215,.T.);
#9229=CARTESIAN_POINT('',(2.4E1,1.855293555063E1,7.894074676558E0));
#9230=DIRECTION('',(0.E0,9.979482148809E-1,6.402624786719E-2));
#9231=DIRECTION('',(1.E0,0.E0,0.E0));
#9232=AXIS2_PLACEMENT_3D('',#9229,#9230,#9231);
#9233=CYLINDRICAL_SURFACE('',#9232,2.55E0);
#9234=ORIENTED_EDGE('',*,*,#9218,.F.);
#9235=ORIENTED_EDGE('',*,*,#9216,.F.);
#9236=ORIENTED_EDGE('',*,*,#9188,.T.);
#9237=ORIENTED_EDGE('',*,*,#7663,.F.);
#9238=ORIENTED_EDGE('',*,*,#9185,.T.);
#9239=EDGE_LOOP('',(#9234,#9235,#9236,#9237,#9238));
#9240=FACE_OUTER_BOUND('',#9239,.F.);
#9241=ADVANCED_FACE('',(#9240),#9233,.T.);
#9242=CARTESIAN_POINT('',(2.4E1,2.034924233741E1,8.009321922719E0));
#9243=DIRECTION('',(0.E0,9.979482148809E-1,6.402624786721E-2));
#9244=DIRECTION('',(1.E0,0.E0,0.E0));
#9245=AXIS2_PLACEMENT_3D('',#9242,#9243,#9244);
#9246=PLANE('',#9245);
#9247=ORIENTED_EDGE('',*,*,#9204,.T.);
#9248=ORIENTED_EDGE('',*,*,#9202,.T.);
#9249=ORIENTED_EDGE('',*,*,#9223,.T.);
#9250=ORIENTED_EDGE('',*,*,#9221,.T.);
#9251=EDGE_LOOP('',(#9247,#9248,#9249,#9250));
#9252=FACE_OUTER_BOUND('',#9251,.F.);
#9253=ADVANCED_FACE('',(#9252),#9246,.T.);
#9254=CARTESIAN_POINT('',(1.6E1,1.855293555063E1,7.894074676558E0));
#9255=DIRECTION('',(0.E0,9.979482148809E-1,6.402624786719E-2));
#9256=DIRECTION('',(1.E0,0.E0,0.E0));
#9257=AXIS2_PLACEMENT_3D('',#9254,#9255,#9256);
#9258=CYLINDRICAL_SURFACE('',#9257,2.55E0);
#9260=ORIENTED_EDGE('',*,*,#9259,.F.);
#9262=ORIENTED_EDGE('',*,*,#9261,.F.);
#9264=ORIENTED_EDGE('',*,*,#9263,.F.);
#9265=ORIENTED_EDGE('',*,*,#7667,.F.);
#9267=ORIENTED_EDGE('',*,*,#9266,.F.);
#9268=EDGE_LOOP('',(#9260,#9262,#9264,#9265,#9267));
#9269=FACE_OUTER_BOUND('',#9268,.F.);
#9270=ADVANCED_FACE('',(#9269),#9258,.T.);
#9271=CARTESIAN_POINT('',(1.6E1,1.985026822997E1,7.977308798785E0));
#9272=DIRECTION('',(0.E0,9.979482148809E-1,6.402624786719E-2));
#9273=DIRECTION('',(-9.951641129308E-1,-6.289055669722E-3,9.802467094283E-2));
#9274=AXIS2_PLACEMENT_3D('',#9271,#9272,#9273);
#9275=TOROIDAL_SURFACE('',#9274,2.05E0,5.E-1);
#9276=ORIENTED_EDGE('',*,*,#9261,.T.);
#9277=ORIENTED_EDGE('',*,*,#9259,.T.);
#9279=ORIENTED_EDGE('',*,*,#9278,.F.);
#9281=ORIENTED_EDGE('',*,*,#9280,.F.);
#9283=ORIENTED_EDGE('',*,*,#9282,.F.);
#9285=ORIENTED_EDGE('',*,*,#9284,.T.);
#9286=EDGE_LOOP('',(#9276,#9277,#9279,#9281,#9283,#9285));
#9287=FACE_OUTER_BOUND('',#9286,.F.);
#9288=ADVANCED_FACE('',(#9287),#9275,.T.);
#9289=CARTESIAN_POINT('',(1.6E1,1.985026822997E1,7.977308798785E0));
#9290=DIRECTION('',(0.E0,9.979482148809E-1,6.402624786719E-2));
#9291=DIRECTION('',(9.951641131245E-1,6.289055544076E-3,-9.802466898445E-2));
#9292=AXIS2_PLACEMENT_3D('',#9289,#9290,#9291);
#9293=TOROIDAL_SURFACE('',#9292,2.05E0,5.E-1);
#9295=ORIENTED_EDGE('',*,*,#9294,.T.);
#9297=ORIENTED_EDGE('',*,*,#9296,.T.);
#9298=ORIENTED_EDGE('',*,*,#9284,.F.);
#9300=ORIENTED_EDGE('',*,*,#9299,.F.);
#9302=ORIENTED_EDGE('',*,*,#9301,.F.);
#9303=ORIENTED_EDGE('',*,*,#9278,.T.);
#9304=EDGE_LOOP('',(#9295,#9297,#9298,#9300,#9302,#9303));
#9305=FACE_OUTER_BOUND('',#9304,.F.);
#9306=ADVANCED_FACE('',(#9305),#9293,.T.);
#9307=CARTESIAN_POINT('',(1.6E1,1.855293555063E1,7.894074676558E0));
#9308=DIRECTION('',(0.E0,9.979482148809E-1,6.402624786719E-2));
#9309=DIRECTION('',(1.E0,0.E0,0.E0));
#9310=AXIS2_PLACEMENT_3D('',#9307,#9308,#9309);
#9311=CYLINDRICAL_SURFACE('',#9310,2.55E0);
#9312=ORIENTED_EDGE('',*,*,#9296,.F.);
#9313=ORIENTED_EDGE('',*,*,#9294,.F.);
#9314=ORIENTED_EDGE('',*,*,#9266,.T.);
#9315=ORIENTED_EDGE('',*,*,#7669,.F.);
#9316=ORIENTED_EDGE('',*,*,#9263,.T.);
#9317=EDGE_LOOP('',(#9312,#9313,#9314,#9315,#9316));
#9318=FACE_OUTER_BOUND('',#9317,.F.);
#9319=ADVANCED_FACE('',(#9318),#9311,.T.);
#9320=CARTESIAN_POINT('',(1.6E1,2.034924233741E1,8.009321922719E0));
#9321=DIRECTION('',(0.E0,9.979482148809E-1,6.402624786721E-2));
#9322=DIRECTION('',(1.E0,0.E0,0.E0));
#9323=AXIS2_PLACEMENT_3D('',#9320,#9321,#9322);
#9324=PLANE('',#9323);
#9325=ORIENTED_EDGE('',*,*,#9282,.T.);
#9326=ORIENTED_EDGE('',*,*,#9280,.T.);
#9327=ORIENTED_EDGE('',*,*,#9301,.T.);
#9328=ORIENTED_EDGE('',*,*,#9299,.T.);
#9329=EDGE_LOOP('',(#9325,#9326,#9327,#9328));
#9330=FACE_OUTER_BOUND('',#9329,.F.);
#9331=ADVANCED_FACE('',(#9330),#9324,.T.);
#9332=CARTESIAN_POINT('',(7.999999999999E0,1.855293555063E1,7.894074676558E0));
#9333=DIRECTION('',(0.E0,9.979482148809E-1,6.402624786719E-2));
#9334=DIRECTION('',(1.E0,0.E0,0.E0));
#9335=AXIS2_PLACEMENT_3D('',#9332,#9333,#9334);
#9336=CYLINDRICAL_SURFACE('',#9335,2.55E0);
#9338=ORIENTED_EDGE('',*,*,#9337,.F.);
#9340=ORIENTED_EDGE('',*,*,#9339,.F.);
#9342=ORIENTED_EDGE('',*,*,#9341,.F.);
#9343=ORIENTED_EDGE('',*,*,#7673,.F.);
#9345=ORIENTED_EDGE('',*,*,#9344,.F.);
#9346=EDGE_LOOP('',(#9338,#9340,#9342,#9343,#9345));
#9347=FACE_OUTER_BOUND('',#9346,.F.);
#9348=ADVANCED_FACE('',(#9347),#9336,.T.);
#9349=CARTESIAN_POINT('',(7.999999999999E0,1.985026822997E1,7.977308798785E0));
#9350=DIRECTION('',(0.E0,9.979482148809E-1,6.402624786719E-2));
#9351=DIRECTION('',(-9.951641129308E-1,-6.289055669722E-3,9.802467094283E-2));
#9352=AXIS2_PLACEMENT_3D('',#9349,#9350,#9351);
#9353=TOROIDAL_SURFACE('',#9352,2.05E0,5.E-1);
#9354=ORIENTED_EDGE('',*,*,#9339,.T.);
#9355=ORIENTED_EDGE('',*,*,#9337,.T.);
#9357=ORIENTED_EDGE('',*,*,#9356,.F.);
#9359=ORIENTED_EDGE('',*,*,#9358,.F.);
#9361=ORIENTED_EDGE('',*,*,#9360,.F.);
#9363=ORIENTED_EDGE('',*,*,#9362,.T.);
#9364=EDGE_LOOP('',(#9354,#9355,#9357,#9359,#9361,#9363));
#9365=FACE_OUTER_BOUND('',#9364,.F.);
#9366=ADVANCED_FACE('',(#9365),#9353,.T.);
#9367=CARTESIAN_POINT('',(7.999999999999E0,1.985026822997E1,7.977308798785E0));
#9368=DIRECTION('',(0.E0,9.979482148809E-1,6.402624786719E-2));
#9369=DIRECTION('',(9.951641131245E-1,6.289055544076E-3,-9.802466898445E-2));
#9370=AXIS2_PLACEMENT_3D('',#9367,#9368,#9369);
#9371=TOROIDAL_SURFACE('',#9370,2.05E0,5.E-1);
#9373=ORIENTED_EDGE('',*,*,#9372,.T.);
#9375=ORIENTED_EDGE('',*,*,#9374,.T.);
#9376=ORIENTED_EDGE('',*,*,#9362,.F.);
#9378=ORIENTED_EDGE('',*,*,#9377,.F.);
#9380=ORIENTED_EDGE('',*,*,#9379,.F.);
#9381=ORIENTED_EDGE('',*,*,#9356,.T.);
#9382=EDGE_LOOP('',(#9373,#9375,#9376,#9378,#9380,#9381));
#9383=FACE_OUTER_BOUND('',#9382,.F.);
#9384=ADVANCED_FACE('',(#9383),#9371,.T.);
#9385=CARTESIAN_POINT('',(7.999999999999E0,1.855293555063E1,7.894074676558E0));
#9386=DIRECTION('',(0.E0,9.979482148809E-1,6.402624786719E-2));
#9387=DIRECTION('',(1.E0,0.E0,0.E0));
#9388=AXIS2_PLACEMENT_3D('',#9385,#9386,#9387);
#9389=CYLINDRICAL_SURFACE('',#9388,2.55E0);
#9390=ORIENTED_EDGE('',*,*,#9374,.F.);
#9391=ORIENTED_EDGE('',*,*,#9372,.F.);
#9392=ORIENTED_EDGE('',*,*,#9344,.T.);
#9393=ORIENTED_EDGE('',*,*,#7675,.F.);
#9394=ORIENTED_EDGE('',*,*,#9341,.T.);
#9395=EDGE_LOOP('',(#9390,#9391,#9392,#9393,#9394));
#9396=FACE_OUTER_BOUND('',#9395,.F.);
#9397=ADVANCED_FACE('',(#9396),#9389,.T.);
#9398=CARTESIAN_POINT('',(7.999999999999E0,2.034924233741E1,8.009321922719E0));
#9399=DIRECTION('',(0.E0,9.979482148809E-1,6.402624786721E-2));
#9400=DIRECTION('',(1.E0,0.E0,0.E0));
#9401=AXIS2_PLACEMENT_3D('',#9398,#9399,#9400);
#9402=PLANE('',#9401);
#9403=ORIENTED_EDGE('',*,*,#9360,.T.);
#9404=ORIENTED_EDGE('',*,*,#9358,.T.);
#9405=ORIENTED_EDGE('',*,*,#9379,.T.);
#9406=ORIENTED_EDGE('',*,*,#9377,.T.);
#9407=EDGE_LOOP('',(#9403,#9404,#9405,#9406));
#9408=FACE_OUTER_BOUND('',#9407,.F.);
#9409=ADVANCED_FACE('',(#9408),#9402,.T.);
#9410=CARTESIAN_POINT('',(-8.000000000001E0,1.855293555063E1,7.894074676558E0));
#9411=DIRECTION('',(0.E0,9.979482148809E-1,6.402624786719E-2));
#9412=DIRECTION('',(1.E0,0.E0,0.E0));
#9413=AXIS2_PLACEMENT_3D('',#9410,#9411,#9412);
#9414=CYLINDRICAL_SURFACE('',#9413,2.55E0);
#9416=ORIENTED_EDGE('',*,*,#9415,.F.);
#9418=ORIENTED_EDGE('',*,*,#9417,.F.);
#9420=ORIENTED_EDGE('',*,*,#9419,.F.);
#9421=ORIENTED_EDGE('',*,*,#7679,.F.);
#9423=ORIENTED_EDGE('',*,*,#9422,.F.);
#9424=EDGE_LOOP('',(#9416,#9418,#9420,#9421,#9423));
#9425=FACE_OUTER_BOUND('',#9424,.F.);
#9426=ADVANCED_FACE('',(#9425),#9414,.T.);
#9427=CARTESIAN_POINT('',(-8.000000000001E0,1.985026822997E1,7.977308798785E0));
#9428=DIRECTION('',(0.E0,9.979482148809E-1,6.402624786719E-2));
#9429=DIRECTION('',(-9.951641129308E-1,-6.289055669722E-3,9.802467094283E-2));
#9430=AXIS2_PLACEMENT_3D('',#9427,#9428,#9429);
#9431=TOROIDAL_SURFACE('',#9430,2.05E0,5.E-1);
#9432=ORIENTED_EDGE('',*,*,#9417,.T.);
#9433=ORIENTED_EDGE('',*,*,#9415,.T.);
#9435=ORIENTED_EDGE('',*,*,#9434,.F.);
#9437=ORIENTED_EDGE('',*,*,#9436,.F.);
#9439=ORIENTED_EDGE('',*,*,#9438,.F.);
#9441=ORIENTED_EDGE('',*,*,#9440,.T.);
#9442=EDGE_LOOP('',(#9432,#9433,#9435,#9437,#9439,#9441));
#9443=FACE_OUTER_BOUND('',#9442,.F.);
#9444=ADVANCED_FACE('',(#9443),#9431,.T.);
#9445=CARTESIAN_POINT('',(-8.000000000001E0,1.985026822997E1,7.977308798785E0));
#9446=DIRECTION('',(0.E0,9.979482148809E-1,6.402624786719E-2));
#9447=DIRECTION('',(9.951641131245E-1,6.289055544076E-3,-9.802466898445E-2));
#9448=AXIS2_PLACEMENT_3D('',#9445,#9446,#9447);
#9449=TOROIDAL_SURFACE('',#9448,2.05E0,5.E-1);
#9451=ORIENTED_EDGE('',*,*,#9450,.T.);
#9453=ORIENTED_EDGE('',*,*,#9452,.T.);
#9454=ORIENTED_EDGE('',*,*,#9440,.F.);
#9456=ORIENTED_EDGE('',*,*,#9455,.F.);
#9458=ORIENTED_EDGE('',*,*,#9457,.F.);
#9459=ORIENTED_EDGE('',*,*,#9434,.T.);
#9460=EDGE_LOOP('',(#9451,#9453,#9454,#9456,#9458,#9459));
#9461=FACE_OUTER_BOUND('',#9460,.F.);
#9462=ADVANCED_FACE('',(#9461),#9449,.T.);
#9463=CARTESIAN_POINT('',(-8.000000000001E0,1.855293555063E1,7.894074676558E0));
#9464=DIRECTION('',(0.E0,9.979482148809E-1,6.402624786719E-2));
#9465=DIRECTION('',(1.E0,0.E0,0.E0));
#9466=AXIS2_PLACEMENT_3D('',#9463,#9464,#9465);
#9467=CYLINDRICAL_SURFACE('',#9466,2.55E0);
#9468=ORIENTED_EDGE('',*,*,#9452,.F.);
#9469=ORIENTED_EDGE('',*,*,#9450,.F.);
#9470=ORIENTED_EDGE('',*,*,#9422,.T.);
#9471=ORIENTED_EDGE('',*,*,#7681,.F.);
#9472=ORIENTED_EDGE('',*,*,#9419,.T.);
#9473=EDGE_LOOP('',(#9468,#9469,#9470,#9471,#9472));
#9474=FACE_OUTER_BOUND('',#9473,.F.);
#9475=ADVANCED_FACE('',(#9474),#9467,.T.);
#9476=CARTESIAN_POINT('',(-8.000000000001E0,2.034924233741E1,8.009321922719E0));
#9477=DIRECTION('',(0.E0,9.979482148809E-1,6.402624786721E-2));
#9478=DIRECTION('',(1.E0,0.E0,0.E0));
#9479=AXIS2_PLACEMENT_3D('',#9476,#9477,#9478);
#9480=PLANE('',#9479);
#9481=ORIENTED_EDGE('',*,*,#9438,.T.);
#9482=ORIENTED_EDGE('',*,*,#9436,.T.);
#9483=ORIENTED_EDGE('',*,*,#9457,.T.);
#9484=ORIENTED_EDGE('',*,*,#9455,.T.);
#9485=EDGE_LOOP('',(#9481,#9482,#9483,#9484));
#9486=FACE_OUTER_BOUND('',#9485,.F.);
#9487=ADVANCED_FACE('',(#9486),#9480,.T.);
#9488=CARTESIAN_POINT('',(-1.6E1,1.855293555063E1,7.894074676558E0));
#9489=DIRECTION('',(0.E0,9.979482148809E-1,6.402624786719E-2));
#9490=DIRECTION('',(1.E0,0.E0,0.E0));
#9491=AXIS2_PLACEMENT_3D('',#9488,#9489,#9490);
#9492=CYLINDRICAL_SURFACE('',#9491,2.55E0);
#9494=ORIENTED_EDGE('',*,*,#9493,.F.);
#9496=ORIENTED_EDGE('',*,*,#9495,.F.);
#9498=ORIENTED_EDGE('',*,*,#9497,.F.);
#9499=ORIENTED_EDGE('',*,*,#7685,.F.);
#9501=ORIENTED_EDGE('',*,*,#9500,.F.);
#9502=EDGE_LOOP('',(#9494,#9496,#9498,#9499,#9501));
#9503=FACE_OUTER_BOUND('',#9502,.F.);
#9504=ADVANCED_FACE('',(#9503),#9492,.T.);
#9505=CARTESIAN_POINT('',(-1.6E1,1.985026822997E1,7.977308798785E0));
#9506=DIRECTION('',(0.E0,9.979482148809E-1,6.402624786719E-2));
#9507=DIRECTION('',(-9.951641129308E-1,-6.289055669722E-3,9.802467094283E-2));
#9508=AXIS2_PLACEMENT_3D('',#9505,#9506,#9507);
#9509=TOROIDAL_SURFACE('',#9508,2.05E0,5.E-1);
#9510=ORIENTED_EDGE('',*,*,#9495,.T.);
#9511=ORIENTED_EDGE('',*,*,#9493,.T.);
#9513=ORIENTED_EDGE('',*,*,#9512,.F.);
#9515=ORIENTED_EDGE('',*,*,#9514,.F.);
#9517=ORIENTED_EDGE('',*,*,#9516,.F.);
#9519=ORIENTED_EDGE('',*,*,#9518,.T.);
#9520=EDGE_LOOP('',(#9510,#9511,#9513,#9515,#9517,#9519));
#9521=FACE_OUTER_BOUND('',#9520,.F.);
#9522=ADVANCED_FACE('',(#9521),#9509,.T.);
#9523=CARTESIAN_POINT('',(-1.6E1,1.985026822997E1,7.977308798785E0));
#9524=DIRECTION('',(0.E0,9.979482148809E-1,6.402624786719E-2));
#9525=DIRECTION('',(9.951641131245E-1,6.289055544076E-3,-9.802466898445E-2));
#9526=AXIS2_PLACEMENT_3D('',#9523,#9524,#9525);
#9527=TOROIDAL_SURFACE('',#9526,2.05E0,5.E-1);
#9529=ORIENTED_EDGE('',*,*,#9528,.T.);
#9531=ORIENTED_EDGE('',*,*,#9530,.T.);
#9532=ORIENTED_EDGE('',*,*,#9518,.F.);
#9534=ORIENTED_EDGE('',*,*,#9533,.F.);
#9536=ORIENTED_EDGE('',*,*,#9535,.F.);
#9537=ORIENTED_EDGE('',*,*,#9512,.T.);
#9538=EDGE_LOOP('',(#9529,#9531,#9532,#9534,#9536,#9537));
#9539=FACE_OUTER_BOUND('',#9538,.F.);
#9540=ADVANCED_FACE('',(#9539),#9527,.T.);
#9541=CARTESIAN_POINT('',(-1.6E1,1.855293555063E1,7.894074676558E0));
#9542=DIRECTION('',(0.E0,9.979482148809E-1,6.402624786719E-2));
#9543=DIRECTION('',(1.E0,0.E0,0.E0));
#9544=AXIS2_PLACEMENT_3D('',#9541,#9542,#9543);
#9545=CYLINDRICAL_SURFACE('',#9544,2.55E0);
#9546=ORIENTED_EDGE('',*,*,#9530,.F.);
#9547=ORIENTED_EDGE('',*,*,#9528,.F.);
#9548=ORIENTED_EDGE('',*,*,#9500,.T.);
#9549=ORIENTED_EDGE('',*,*,#7687,.F.);
#9550=ORIENTED_EDGE('',*,*,#9497,.T.);
#9551=EDGE_LOOP('',(#9546,#9547,#9548,#9549,#9550));
#9552=FACE_OUTER_BOUND('',#9551,.F.);
#9553=ADVANCED_FACE('',(#9552),#9545,.T.);
#9554=CARTESIAN_POINT('',(-1.6E1,2.034924233741E1,8.009321922719E0));
#9555=DIRECTION('',(0.E0,9.979482148809E-1,6.402624786721E-2));
#9556=DIRECTION('',(1.E0,0.E0,0.E0));
#9557=AXIS2_PLACEMENT_3D('',#9554,#9555,#9556);
#9558=PLANE('',#9557);
#9559=ORIENTED_EDGE('',*,*,#9516,.T.);
#9560=ORIENTED_EDGE('',*,*,#9514,.T.);
#9561=ORIENTED_EDGE('',*,*,#9535,.T.);
#9562=ORIENTED_EDGE('',*,*,#9533,.T.);
#9563=EDGE_LOOP('',(#9559,#9560,#9561,#9562));
#9564=FACE_OUTER_BOUND('',#9563,.F.);
#9565=ADVANCED_FACE('',(#9564),#9558,.T.);
#9566=CARTESIAN_POINT('',(-2.4E1,1.855293555063E1,7.894074676558E0));
#9567=DIRECTION('',(0.E0,9.979482148809E-1,6.402624786719E-2));
#9568=DIRECTION('',(1.E0,0.E0,0.E0));
#9569=AXIS2_PLACEMENT_3D('',#9566,#9567,#9568);
#9570=CYLINDRICAL_SURFACE('',#9569,2.55E0);
#9572=ORIENTED_EDGE('',*,*,#9571,.F.);
#9574=ORIENTED_EDGE('',*,*,#9573,.F.);
#9576=ORIENTED_EDGE('',*,*,#9575,.F.);
#9577=ORIENTED_EDGE('',*,*,#7691,.F.);
#9579=ORIENTED_EDGE('',*,*,#9578,.F.);
#9580=EDGE_LOOP('',(#9572,#9574,#9576,#9577,#9579));
#9581=FACE_OUTER_BOUND('',#9580,.F.);
#9582=ADVANCED_FACE('',(#9581),#9570,.T.);
#9583=CARTESIAN_POINT('',(-2.4E1,1.985026822997E1,7.977308798785E0));
#9584=DIRECTION('',(0.E0,9.979482148809E-1,6.402624786719E-2));
#9585=DIRECTION('',(-9.951641129308E-1,-6.289055669722E-3,9.802467094283E-2));
#9586=AXIS2_PLACEMENT_3D('',#9583,#9584,#9585);
#9587=TOROIDAL_SURFACE('',#9586,2.05E0,5.E-1);
#9588=ORIENTED_EDGE('',*,*,#9573,.T.);
#9589=ORIENTED_EDGE('',*,*,#9571,.T.);
#9591=ORIENTED_EDGE('',*,*,#9590,.F.);
#9593=ORIENTED_EDGE('',*,*,#9592,.F.);
#9595=ORIENTED_EDGE('',*,*,#9594,.F.);
#9597=ORIENTED_EDGE('',*,*,#9596,.T.);
#9598=EDGE_LOOP('',(#9588,#9589,#9591,#9593,#9595,#9597));
#9599=FACE_OUTER_BOUND('',#9598,.F.);
#9600=ADVANCED_FACE('',(#9599),#9587,.T.);
#9601=CARTESIAN_POINT('',(-2.4E1,1.985026822997E1,7.977308798785E0));
#9602=DIRECTION('',(0.E0,9.979482148809E-1,6.402624786719E-2));
#9603=DIRECTION('',(9.951641131245E-1,6.289055544076E-3,-9.802466898445E-2));
#9604=AXIS2_PLACEMENT_3D('',#9601,#9602,#9603);
#9605=TOROIDAL_SURFACE('',#9604,2.05E0,5.E-1);
#9607=ORIENTED_EDGE('',*,*,#9606,.T.);
#9609=ORIENTED_EDGE('',*,*,#9608,.T.);
#9610=ORIENTED_EDGE('',*,*,#9596,.F.);
#9612=ORIENTED_EDGE('',*,*,#9611,.F.);
#9614=ORIENTED_EDGE('',*,*,#9613,.F.);
#9615=ORIENTED_EDGE('',*,*,#9590,.T.);
#9616=EDGE_LOOP('',(#9607,#9609,#9610,#9612,#9614,#9615));
#9617=FACE_OUTER_BOUND('',#9616,.F.);
#9618=ADVANCED_FACE('',(#9617),#9605,.T.);
#9619=CARTESIAN_POINT('',(-2.4E1,1.855293555063E1,7.894074676558E0));
#9620=DIRECTION('',(0.E0,9.979482148809E-1,6.402624786719E-2));
#9621=DIRECTION('',(1.E0,0.E0,0.E0));
#9622=AXIS2_PLACEMENT_3D('',#9619,#9620,#9621);
#9623=CYLINDRICAL_SURFACE('',#9622,2.55E0);
#9624=ORIENTED_EDGE('',*,*,#9608,.F.);
#9625=ORIENTED_EDGE('',*,*,#9606,.F.);
#9626=ORIENTED_EDGE('',*,*,#9578,.T.);
#9627=ORIENTED_EDGE('',*,*,#7693,.F.);
#9628=ORIENTED_EDGE('',*,*,#9575,.T.);
#9629=EDGE_LOOP('',(#9624,#9625,#9626,#9627,#9628));
#9630=FACE_OUTER_BOUND('',#9629,.F.);
#9631=ADVANCED_FACE('',(#9630),#9623,.T.);
#9632=CARTESIAN_POINT('',(-2.4E1,2.034924233741E1,8.009321922719E0));
#9633=DIRECTION('',(0.E0,9.979482148809E-1,6.402624786721E-2));
#9634=DIRECTION('',(1.E0,0.E0,0.E0));
#9635=AXIS2_PLACEMENT_3D('',#9632,#9633,#9634);
#9636=PLANE('',#9635);
#9637=ORIENTED_EDGE('',*,*,#9594,.T.);
#9638=ORIENTED_EDGE('',*,*,#9592,.T.);
#9639=ORIENTED_EDGE('',*,*,#9613,.T.);
#9640=ORIENTED_EDGE('',*,*,#9611,.T.);
#9641=EDGE_LOOP('',(#9637,#9638,#9639,#9640));
#9642=FACE_OUTER_BOUND('',#9641,.F.);
#9643=ADVANCED_FACE('',(#9642),#9636,.T.);
#9644=CARTESIAN_POINT('',(-3.2E1,1.855293555063E1,7.894074676558E0));
#9645=DIRECTION('',(0.E0,9.979482148809E-1,6.402624786719E-2));
#9646=DIRECTION('',(1.E0,0.E0,0.E0));
#9647=AXIS2_PLACEMENT_3D('',#9644,#9645,#9646);
#9648=CYLINDRICAL_SURFACE('',#9647,2.55E0);
#9650=ORIENTED_EDGE('',*,*,#9649,.F.);
#9652=ORIENTED_EDGE('',*,*,#9651,.F.);
#9654=ORIENTED_EDGE('',*,*,#9653,.F.);
#9655=ORIENTED_EDGE('',*,*,#7697,.F.);
#9657=ORIENTED_EDGE('',*,*,#9656,.F.);
#9658=EDGE_LOOP('',(#9650,#9652,#9654,#9655,#9657));
#9659=FACE_OUTER_BOUND('',#9658,.F.);
#9660=ADVANCED_FACE('',(#9659),#9648,.T.);
#9661=CARTESIAN_POINT('',(-3.2E1,1.985026822997E1,7.977308798785E0));
#9662=DIRECTION('',(0.E0,9.979482148809E-1,6.402624786719E-2));
#9663=DIRECTION('',(-9.951641129308E-1,-6.289055669722E-3,9.802467094283E-2));
#9664=AXIS2_PLACEMENT_3D('',#9661,#9662,#9663);
#9665=TOROIDAL_SURFACE('',#9664,2.05E0,5.E-1);
#9666=ORIENTED_EDGE('',*,*,#9651,.T.);
#9667=ORIENTED_EDGE('',*,*,#9649,.T.);
#9669=ORIENTED_EDGE('',*,*,#9668,.F.);
#9671=ORIENTED_EDGE('',*,*,#9670,.F.);
#9673=ORIENTED_EDGE('',*,*,#9672,.F.);
#9675=ORIENTED_EDGE('',*,*,#9674,.T.);
#9676=EDGE_LOOP('',(#9666,#9667,#9669,#9671,#9673,#9675));
#9677=FACE_OUTER_BOUND('',#9676,.F.);
#9678=ADVANCED_FACE('',(#9677),#9665,.T.);
#9679=CARTESIAN_POINT('',(-3.2E1,1.985026822997E1,7.977308798785E0));
#9680=DIRECTION('',(0.E0,9.979482148809E-1,6.402624786719E-2));
#9681=DIRECTION('',(9.951641131245E-1,6.289055544076E-3,-9.802466898445E-2));
#9682=AXIS2_PLACEMENT_3D('',#9679,#9680,#9681);
#9683=TOROIDAL_SURFACE('',#9682,2.05E0,5.E-1);
#9685=ORIENTED_EDGE('',*,*,#9684,.T.);
#9687=ORIENTED_EDGE('',*,*,#9686,.T.);
#9688=ORIENTED_EDGE('',*,*,#9674,.F.);
#9690=ORIENTED_EDGE('',*,*,#9689,.F.);
#9692=ORIENTED_EDGE('',*,*,#9691,.F.);
#9693=ORIENTED_EDGE('',*,*,#9668,.T.);
#9694=EDGE_LOOP('',(#9685,#9687,#9688,#9690,#9692,#9693));
#9695=FACE_OUTER_BOUND('',#9694,.F.);
#9696=ADVANCED_FACE('',(#9695),#9683,.T.);
#9697=CARTESIAN_POINT('',(-3.2E1,1.855293555063E1,7.894074676558E0));
#9698=DIRECTION('',(0.E0,9.979482148809E-1,6.402624786719E-2));
#9699=DIRECTION('',(1.E0,0.E0,0.E0));
#9700=AXIS2_PLACEMENT_3D('',#9697,#9698,#9699);
#9701=CYLINDRICAL_SURFACE('',#9700,2.55E0);
#9702=ORIENTED_EDGE('',*,*,#9686,.F.);
#9703=ORIENTED_EDGE('',*,*,#9684,.F.);
#9704=ORIENTED_EDGE('',*,*,#9656,.T.);
#9705=ORIENTED_EDGE('',*,*,#7699,.F.);
#9706=ORIENTED_EDGE('',*,*,#9653,.T.);
#9707=EDGE_LOOP('',(#9702,#9703,#9704,#9705,#9706));
#9708=FACE_OUTER_BOUND('',#9707,.F.);
#9709=ADVANCED_FACE('',(#9708),#9701,.T.);
#9710=CARTESIAN_POINT('',(-3.2E1,2.034924233741E1,8.009321922719E0));
#9711=DIRECTION('',(0.E0,9.979482148809E-1,6.402624786721E-2));
#9712=DIRECTION('',(1.E0,0.E0,0.E0));
#9713=AXIS2_PLACEMENT_3D('',#9710,#9711,#9712);
#9714=PLANE('',#9713);
#9715=ORIENTED_EDGE('',*,*,#9672,.T.);
#9716=ORIENTED_EDGE('',*,*,#9670,.T.);
#9717=ORIENTED_EDGE('',*,*,#9691,.T.);
#9718=ORIENTED_EDGE('',*,*,#9689,.T.);
#9719=EDGE_LOOP('',(#9715,#9716,#9717,#9718));
#9720=FACE_OUTER_BOUND('',#9719,.F.);
#9721=ADVANCED_FACE('',(#9720),#9714,.T.);
#9722=CARTESIAN_POINT('',(-4.E1,1.855293555063E1,7.894074676558E0));
#9723=DIRECTION('',(0.E0,9.979482148809E-1,6.402624786719E-2));
#9724=DIRECTION('',(1.E0,0.E0,0.E0));
#9725=AXIS2_PLACEMENT_3D('',#9722,#9723,#9724);
#9726=CYLINDRICAL_SURFACE('',#9725,2.55E0);
#9728=ORIENTED_EDGE('',*,*,#9727,.F.);
#9730=ORIENTED_EDGE('',*,*,#9729,.F.);
#9732=ORIENTED_EDGE('',*,*,#9731,.F.);
#9733=ORIENTED_EDGE('',*,*,#7703,.F.);
#9735=ORIENTED_EDGE('',*,*,#9734,.F.);
#9736=EDGE_LOOP('',(#9728,#9730,#9732,#9733,#9735));
#9737=FACE_OUTER_BOUND('',#9736,.F.);
#9738=ADVANCED_FACE('',(#9737),#9726,.T.);
#9739=CARTESIAN_POINT('',(-4.E1,1.985026822997E1,7.977308798785E0));
#9740=DIRECTION('',(0.E0,9.979482148809E-1,6.402624786719E-2));
#9741=DIRECTION('',(-9.951641129308E-1,-6.289055669722E-3,9.802467094283E-2));
#9742=AXIS2_PLACEMENT_3D('',#9739,#9740,#9741);
#9743=TOROIDAL_SURFACE('',#9742,2.05E0,5.E-1);
#9744=ORIENTED_EDGE('',*,*,#9729,.T.);
#9745=ORIENTED_EDGE('',*,*,#9727,.T.);
#9747=ORIENTED_EDGE('',*,*,#9746,.F.);
#9749=ORIENTED_EDGE('',*,*,#9748,.F.);
#9751=ORIENTED_EDGE('',*,*,#9750,.F.);
#9753=ORIENTED_EDGE('',*,*,#9752,.T.);
#9754=EDGE_LOOP('',(#9744,#9745,#9747,#9749,#9751,#9753));
#9755=FACE_OUTER_BOUND('',#9754,.F.);
#9756=ADVANCED_FACE('',(#9755),#9743,.T.);
#9757=CARTESIAN_POINT('',(-4.E1,1.985026822997E1,7.977308798785E0));
#9758=DIRECTION('',(0.E0,9.979482148809E-1,6.402624786719E-2));
#9759=DIRECTION('',(9.951641131245E-1,6.289055544076E-3,-9.802466898445E-2));
#9760=AXIS2_PLACEMENT_3D('',#9757,#9758,#9759);
#9761=TOROIDAL_SURFACE('',#9760,2.05E0,5.E-1);
#9763=ORIENTED_EDGE('',*,*,#9762,.T.);
#9765=ORIENTED_EDGE('',*,*,#9764,.T.);
#9766=ORIENTED_EDGE('',*,*,#9752,.F.);
#9768=ORIENTED_EDGE('',*,*,#9767,.F.);
#9770=ORIENTED_EDGE('',*,*,#9769,.F.);
#9771=ORIENTED_EDGE('',*,*,#9746,.T.);
#9772=EDGE_LOOP('',(#9763,#9765,#9766,#9768,#9770,#9771));
#9773=FACE_OUTER_BOUND('',#9772,.F.);
#9774=ADVANCED_FACE('',(#9773),#9761,.T.);
#9775=CARTESIAN_POINT('',(-4.E1,1.855293555063E1,7.894074676558E0));
#9776=DIRECTION('',(0.E0,9.979482148809E-1,6.402624786719E-2));
#9777=DIRECTION('',(1.E0,0.E0,0.E0));
#9778=AXIS2_PLACEMENT_3D('',#9775,#9776,#9777);
#9779=CYLINDRICAL_SURFACE('',#9778,2.55E0);
#9780=ORIENTED_EDGE('',*,*,#9764,.F.);
#9781=ORIENTED_EDGE('',*,*,#9762,.F.);
#9782=ORIENTED_EDGE('',*,*,#9734,.T.);
#9783=ORIENTED_EDGE('',*,*,#7705,.F.);
#9784=ORIENTED_EDGE('',*,*,#9731,.T.);
#9785=EDGE_LOOP('',(#9780,#9781,#9782,#9783,#9784));
#9786=FACE_OUTER_BOUND('',#9785,.F.);
#9787=ADVANCED_FACE('',(#9786),#9779,.T.);
#9788=CARTESIAN_POINT('',(-4.E1,2.034924233741E1,8.009321922719E0));
#9789=DIRECTION('',(0.E0,9.979482148809E-1,6.402624786721E-2));
#9790=DIRECTION('',(1.E0,0.E0,0.E0));
#9791=AXIS2_PLACEMENT_3D('',#9788,#9789,#9790);
#9792=PLANE('',#9791);
#9793=ORIENTED_EDGE('',*,*,#9750,.T.);
#9794=ORIENTED_EDGE('',*,*,#9748,.T.);
#9795=ORIENTED_EDGE('',*,*,#9769,.T.);
#9796=ORIENTED_EDGE('',*,*,#9767,.T.);
#9797=EDGE_LOOP('',(#9793,#9794,#9795,#9796));
#9798=FACE_OUTER_BOUND('',#9797,.F.);
#9799=ADVANCED_FACE('',(#9798),#9792,.T.);
#9800=CARTESIAN_POINT('',(-4.8E1,1.855293555063E1,7.894074676558E0));
#9801=DIRECTION('',(0.E0,9.979482148809E-1,6.402624786719E-2));
#9802=DIRECTION('',(1.E0,0.E0,0.E0));
#9803=AXIS2_PLACEMENT_3D('',#9800,#9801,#9802);
#9804=CYLINDRICAL_SURFACE('',#9803,2.55E0);
#9806=ORIENTED_EDGE('',*,*,#9805,.F.);
#9808=ORIENTED_EDGE('',*,*,#9807,.F.);
#9810=ORIENTED_EDGE('',*,*,#9809,.F.);
#9811=ORIENTED_EDGE('',*,*,#7709,.F.);
#9813=ORIENTED_EDGE('',*,*,#9812,.F.);
#9814=EDGE_LOOP('',(#9806,#9808,#9810,#9811,#9813));
#9815=FACE_OUTER_BOUND('',#9814,.F.);
#9816=ADVANCED_FACE('',(#9815),#9804,.T.);
#9817=CARTESIAN_POINT('',(-4.8E1,1.985026822997E1,7.977308798785E0));
#9818=DIRECTION('',(0.E0,9.979482148809E-1,6.402624786719E-2));
#9819=DIRECTION('',(-9.951641129308E-1,-6.289055669722E-3,9.802467094283E-2));
#9820=AXIS2_PLACEMENT_3D('',#9817,#9818,#9819);
#9821=TOROIDAL_SURFACE('',#9820,2.05E0,5.E-1);
#9822=ORIENTED_EDGE('',*,*,#9807,.T.);
#9823=ORIENTED_EDGE('',*,*,#9805,.T.);
#9825=ORIENTED_EDGE('',*,*,#9824,.F.);
#9827=ORIENTED_EDGE('',*,*,#9826,.F.);
#9829=ORIENTED_EDGE('',*,*,#9828,.F.);
#9831=ORIENTED_EDGE('',*,*,#9830,.T.);
#9832=EDGE_LOOP('',(#9822,#9823,#9825,#9827,#9829,#9831));
#9833=FACE_OUTER_BOUND('',#9832,.F.);
#9834=ADVANCED_FACE('',(#9833),#9821,.T.);
#9835=CARTESIAN_POINT('',(-4.8E1,1.985026822997E1,7.977308798785E0));
#9836=DIRECTION('',(0.E0,9.979482148809E-1,6.402624786719E-2));
#9837=DIRECTION('',(9.951641131245E-1,6.289055544076E-3,-9.802466898445E-2));
#9838=AXIS2_PLACEMENT_3D('',#9835,#9836,#9837);
#9839=TOROIDAL_SURFACE('',#9838,2.05E0,5.E-1);
#9841=ORIENTED_EDGE('',*,*,#9840,.T.);
#9843=ORIENTED_EDGE('',*,*,#9842,.T.);
#9844=ORIENTED_EDGE('',*,*,#9830,.F.);
#9846=ORIENTED_EDGE('',*,*,#9845,.F.);
#9848=ORIENTED_EDGE('',*,*,#9847,.F.);
#9849=ORIENTED_EDGE('',*,*,#9824,.T.);
#9850=EDGE_LOOP('',(#9841,#9843,#9844,#9846,#9848,#9849));
#9851=FACE_OUTER_BOUND('',#9850,.F.);
#9852=ADVANCED_FACE('',(#9851),#9839,.T.);
#9853=CARTESIAN_POINT('',(-4.8E1,1.855293555063E1,7.894074676558E0));
#9854=DIRECTION('',(0.E0,9.979482148809E-1,6.402624786719E-2));
#9855=DIRECTION('',(1.E0,0.E0,0.E0));
#9856=AXIS2_PLACEMENT_3D('',#9853,#9854,#9855);
#9857=CYLINDRICAL_SURFACE('',#9856,2.55E0);
#9858=ORIENTED_EDGE('',*,*,#9842,.F.);
#9859=ORIENTED_EDGE('',*,*,#9840,.F.);
#9860=ORIENTED_EDGE('',*,*,#9812,.T.);
#9861=ORIENTED_EDGE('',*,*,#7711,.F.);
#9862=ORIENTED_EDGE('',*,*,#9809,.T.);
#9863=EDGE_LOOP('',(#9858,#9859,#9860,#9861,#9862));
#9864=FACE_OUTER_BOUND('',#9863,.F.);
#9865=ADVANCED_FACE('',(#9864),#9857,.T.);
#9866=CARTESIAN_POINT('',(-4.8E1,2.034924233741E1,8.009321922719E0));
#9867=DIRECTION('',(0.E0,9.979482148809E-1,6.402624786721E-2));
#9868=DIRECTION('',(1.E0,0.E0,0.E0));
#9869=AXIS2_PLACEMENT_3D('',#9866,#9867,#9868);
#9870=PLANE('',#9869);
#9871=ORIENTED_EDGE('',*,*,#9828,.T.);
#9872=ORIENTED_EDGE('',*,*,#9826,.T.);
#9873=ORIENTED_EDGE('',*,*,#9847,.T.);
#9874=ORIENTED_EDGE('',*,*,#9845,.T.);
#9875=EDGE_LOOP('',(#9871,#9872,#9873,#9874));
#9876=FACE_OUTER_BOUND('',#9875,.F.);
#9877=ADVANCED_FACE('',(#9876),#9870,.T.);
#9878=CARTESIAN_POINT('',(-5.6E1,1.855293555063E1,7.894074676558E0));
#9879=DIRECTION('',(0.E0,9.979482148809E-1,6.402624786719E-2));
#9880=DIRECTION('',(1.E0,0.E0,0.E0));
#9881=AXIS2_PLACEMENT_3D('',#9878,#9879,#9880);
#9882=CYLINDRICAL_SURFACE('',#9881,2.55E0);
#9884=ORIENTED_EDGE('',*,*,#9883,.F.);
#9886=ORIENTED_EDGE('',*,*,#9885,.F.);
#9888=ORIENTED_EDGE('',*,*,#9887,.F.);
#9889=ORIENTED_EDGE('',*,*,#7715,.F.);
#9891=ORIENTED_EDGE('',*,*,#9890,.F.);
#9892=EDGE_LOOP('',(#9884,#9886,#9888,#9889,#9891));
#9893=FACE_OUTER_BOUND('',#9892,.F.);
#9894=ADVANCED_FACE('',(#9893),#9882,.T.);
#9895=CARTESIAN_POINT('',(-5.6E1,1.985026822997E1,7.977308798785E0));
#9896=DIRECTION('',(0.E0,9.979482148809E-1,6.402624786719E-2));
#9897=DIRECTION('',(-9.951641129308E-1,-6.289055669722E-3,9.802467094283E-2));
#9898=AXIS2_PLACEMENT_3D('',#9895,#9896,#9897);
#9899=TOROIDAL_SURFACE('',#9898,2.05E0,5.E-1);
#9900=ORIENTED_EDGE('',*,*,#9885,.T.);
#9901=ORIENTED_EDGE('',*,*,#9883,.T.);
#9903=ORIENTED_EDGE('',*,*,#9902,.F.);
#9905=ORIENTED_EDGE('',*,*,#9904,.F.);
#9907=ORIENTED_EDGE('',*,*,#9906,.F.);
#9909=ORIENTED_EDGE('',*,*,#9908,.T.);
#9910=EDGE_LOOP('',(#9900,#9901,#9903,#9905,#9907,#9909));
#9911=FACE_OUTER_BOUND('',#9910,.F.);
#9912=ADVANCED_FACE('',(#9911),#9899,.T.);
#9913=CARTESIAN_POINT('',(-5.6E1,1.985026822997E1,7.977308798785E0));
#9914=DIRECTION('',(0.E0,9.979482148809E-1,6.402624786719E-2));
#9915=DIRECTION('',(9.951641131245E-1,6.289055544076E-3,-9.802466898445E-2));
#9916=AXIS2_PLACEMENT_3D('',#9913,#9914,#9915);
#9917=TOROIDAL_SURFACE('',#9916,2.05E0,5.E-1);
#9919=ORIENTED_EDGE('',*,*,#9918,.T.);
#9921=ORIENTED_EDGE('',*,*,#9920,.T.);
#9922=ORIENTED_EDGE('',*,*,#9908,.F.);
#9924=ORIENTED_EDGE('',*,*,#9923,.F.);
#9926=ORIENTED_EDGE('',*,*,#9925,.F.);
#9927=ORIENTED_EDGE('',*,*,#9902,.T.);
#9928=EDGE_LOOP('',(#9919,#9921,#9922,#9924,#9926,#9927));
#9929=FACE_OUTER_BOUND('',#9928,.F.);
#9930=ADVANCED_FACE('',(#9929),#9917,.T.);
#9931=CARTESIAN_POINT('',(-5.6E1,1.855293555063E1,7.894074676558E0));
#9932=DIRECTION('',(0.E0,9.979482148809E-1,6.402624786719E-2));
#9933=DIRECTION('',(1.E0,0.E0,0.E0));
#9934=AXIS2_PLACEMENT_3D('',#9931,#9932,#9933);
#9935=CYLINDRICAL_SURFACE('',#9934,2.55E0);
#9936=ORIENTED_EDGE('',*,*,#9920,.F.);
#9937=ORIENTED_EDGE('',*,*,#9918,.F.);
#9938=ORIENTED_EDGE('',*,*,#9890,.T.);
#9939=ORIENTED_EDGE('',*,*,#7717,.F.);
#9940=ORIENTED_EDGE('',*,*,#9887,.T.);
#9941=EDGE_LOOP('',(#9936,#9937,#9938,#9939,#9940));
#9942=FACE_OUTER_BOUND('',#9941,.F.);
#9943=ADVANCED_FACE('',(#9942),#9935,.T.);
#9944=CARTESIAN_POINT('',(-5.6E1,2.034924233741E1,8.009321922719E0));
#9945=DIRECTION('',(0.E0,9.979482148809E-1,6.402624786721E-2));
#9946=DIRECTION('',(1.E0,0.E0,0.E0));
#9947=AXIS2_PLACEMENT_3D('',#9944,#9945,#9946);
#9948=PLANE('',#9947);
#9949=ORIENTED_EDGE('',*,*,#9906,.T.);
#9950=ORIENTED_EDGE('',*,*,#9904,.T.);
#9951=ORIENTED_EDGE('',*,*,#9925,.T.);
#9952=ORIENTED_EDGE('',*,*,#9923,.T.);
#9953=EDGE_LOOP('',(#9949,#9950,#9951,#9952));
#9954=FACE_OUTER_BOUND('',#9953,.F.);
#9955=ADVANCED_FACE('',(#9954),#9948,.T.);
#9956=CARTESIAN_POINT('',(-6.4E1,1.855293555063E1,7.894074676558E0));
#9957=DIRECTION('',(0.E0,9.979482148809E-1,6.402624786719E-2));
#9958=DIRECTION('',(1.E0,0.E0,0.E0));
#9959=AXIS2_PLACEMENT_3D('',#9956,#9957,#9958);
#9960=CYLINDRICAL_SURFACE('',#9959,2.55E0);
#9962=ORIENTED_EDGE('',*,*,#9961,.F.);
#9964=ORIENTED_EDGE('',*,*,#9963,.F.);
#9966=ORIENTED_EDGE('',*,*,#9965,.F.);
#9967=ORIENTED_EDGE('',*,*,#7721,.F.);
#9969=ORIENTED_EDGE('',*,*,#9968,.F.);
#9970=EDGE_LOOP('',(#9962,#9964,#9966,#9967,#9969));
#9971=FACE_OUTER_BOUND('',#9970,.F.);
#9972=ADVANCED_FACE('',(#9971),#9960,.T.);
#9973=CARTESIAN_POINT('',(-6.4E1,1.985026822997E1,7.977308798785E0));
#9974=DIRECTION('',(0.E0,9.979482148809E-1,6.402624786719E-2));
#9975=DIRECTION('',(-9.951641129308E-1,-6.289055669722E-3,9.802467094283E-2));
#9976=AXIS2_PLACEMENT_3D('',#9973,#9974,#9975);
#9977=TOROIDAL_SURFACE('',#9976,2.05E0,5.E-1);
#9978=ORIENTED_EDGE('',*,*,#9963,.T.);
#9979=ORIENTED_EDGE('',*,*,#9961,.T.);
#9981=ORIENTED_EDGE('',*,*,#9980,.F.);
#9983=ORIENTED_EDGE('',*,*,#9982,.F.);
#9985=ORIENTED_EDGE('',*,*,#9984,.F.);
#9987=ORIENTED_EDGE('',*,*,#9986,.T.);
#9988=EDGE_LOOP('',(#9978,#9979,#9981,#9983,#9985,#9987));
#9989=FACE_OUTER_BOUND('',#9988,.F.);
#9990=ADVANCED_FACE('',(#9989),#9977,.T.);
#9991=CARTESIAN_POINT('',(-6.4E1,1.985026822997E1,7.977308798785E0));
#9992=DIRECTION('',(0.E0,9.979482148809E-1,6.402624786719E-2));
#9993=DIRECTION('',(9.951641131245E-1,6.289055544076E-3,-9.802466898445E-2));
#9994=AXIS2_PLACEMENT_3D('',#9991,#9992,#9993);
#9995=TOROIDAL_SURFACE('',#9994,2.05E0,5.E-1);
#9997=ORIENTED_EDGE('',*,*,#9996,.T.);
#9999=ORIENTED_EDGE('',*,*,#9998,.T.);
#10000=ORIENTED_EDGE('',*,*,#9986,.F.);
#10002=ORIENTED_EDGE('',*,*,#10001,.F.);
#10004=ORIENTED_EDGE('',*,*,#10003,.F.);
#10005=ORIENTED_EDGE('',*,*,#9980,.T.);
#10006=EDGE_LOOP('',(#9997,#9999,#10000,#10002,#10004,#10005));
#10007=FACE_OUTER_BOUND('',#10006,.F.);
#10008=ADVANCED_FACE('',(#10007),#9995,.T.);
#10009=CARTESIAN_POINT('',(-6.4E1,1.855293555063E1,7.894074676558E0));
#10010=DIRECTION('',(0.E0,9.979482148809E-1,6.402624786719E-2));
#10011=DIRECTION('',(1.E0,0.E0,0.E0));
#10012=AXIS2_PLACEMENT_3D('',#10009,#10010,#10011);
#10013=CYLINDRICAL_SURFACE('',#10012,2.55E0);
#10014=ORIENTED_EDGE('',*,*,#9998,.F.);
#10015=ORIENTED_EDGE('',*,*,#9996,.F.);
#10016=ORIENTED_EDGE('',*,*,#9968,.T.);
#10017=ORIENTED_EDGE('',*,*,#7723,.F.);
#10018=ORIENTED_EDGE('',*,*,#9965,.T.);
#10019=EDGE_LOOP('',(#10014,#10015,#10016,#10017,#10018));
#10020=FACE_OUTER_BOUND('',#10019,.F.);
#10021=ADVANCED_FACE('',(#10020),#10013,.T.);
#10022=CARTESIAN_POINT('',(-6.4E1,2.034924233741E1,8.009321922719E0));
#10023=DIRECTION('',(0.E0,9.979482148809E-1,6.402624786721E-2));
#10024=DIRECTION('',(1.E0,0.E0,0.E0));
#10025=AXIS2_PLACEMENT_3D('',#10022,#10023,#10024);
#10026=PLANE('',#10025);
#10027=ORIENTED_EDGE('',*,*,#9984,.T.);
#10028=ORIENTED_EDGE('',*,*,#9982,.T.);
#10029=ORIENTED_EDGE('',*,*,#10003,.T.);
#10030=ORIENTED_EDGE('',*,*,#10001,.T.);
#10031=EDGE_LOOP('',(#10027,#10028,#10029,#10030));
#10032=FACE_OUTER_BOUND('',#10031,.F.);
#10033=ADVANCED_FACE('',(#10032),#10026,.T.);
#10034=CARTESIAN_POINT('',(-7.2E1,1.855293555063E1,7.894074676558E0));
#10035=DIRECTION('',(0.E0,9.979482148809E-1,6.402624786719E-2));
#10036=DIRECTION('',(1.E0,0.E0,0.E0));
#10037=AXIS2_PLACEMENT_3D('',#10034,#10035,#10036);
#10038=CYLINDRICAL_SURFACE('',#10037,2.55E0);
#10040=ORIENTED_EDGE('',*,*,#10039,.F.);
#10042=ORIENTED_EDGE('',*,*,#10041,.F.);
#10044=ORIENTED_EDGE('',*,*,#10043,.F.);
#10045=ORIENTED_EDGE('',*,*,#7727,.F.);
#10047=ORIENTED_EDGE('',*,*,#10046,.F.);
#10048=EDGE_LOOP('',(#10040,#10042,#10044,#10045,#10047));
#10049=FACE_OUTER_BOUND('',#10048,.F.);
#10050=ADVANCED_FACE('',(#10049),#10038,.T.);
#10051=CARTESIAN_POINT('',(-7.2E1,1.985026822997E1,7.977308798785E0));
#10052=DIRECTION('',(0.E0,9.979482148809E-1,6.402624786719E-2));
#10053=DIRECTION('',(-9.951641129308E-1,-6.289055669722E-3,9.802467094283E-2));
#10054=AXIS2_PLACEMENT_3D('',#10051,#10052,#10053);
#10055=TOROIDAL_SURFACE('',#10054,2.05E0,5.E-1);
#10056=ORIENTED_EDGE('',*,*,#10041,.T.);
#10057=ORIENTED_EDGE('',*,*,#10039,.T.);
#10059=ORIENTED_EDGE('',*,*,#10058,.F.);
#10061=ORIENTED_EDGE('',*,*,#10060,.F.);
#10063=ORIENTED_EDGE('',*,*,#10062,.F.);
#10065=ORIENTED_EDGE('',*,*,#10064,.T.);
#10066=EDGE_LOOP('',(#10056,#10057,#10059,#10061,#10063,#10065));
#10067=FACE_OUTER_BOUND('',#10066,.F.);
#10068=ADVANCED_FACE('',(#10067),#10055,.T.);
#10069=CARTESIAN_POINT('',(-7.2E1,1.985026822997E1,7.977308798785E0));
#10070=DIRECTION('',(0.E0,9.979482148809E-1,6.402624786719E-2));
#10071=DIRECTION('',(9.951641131245E-1,6.289055544076E-3,-9.802466898445E-2));
#10072=AXIS2_PLACEMENT_3D('',#10069,#10070,#10071);
#10073=TOROIDAL_SURFACE('',#10072,2.05E0,5.E-1);
#10075=ORIENTED_EDGE('',*,*,#10074,.T.);
#10077=ORIENTED_EDGE('',*,*,#10076,.T.);
#10078=ORIENTED_EDGE('',*,*,#10064,.F.);
#10080=ORIENTED_EDGE('',*,*,#10079,.F.);
#10082=ORIENTED_EDGE('',*,*,#10081,.F.);
#10083=ORIENTED_EDGE('',*,*,#10058,.T.);
#10084=EDGE_LOOP('',(#10075,#10077,#10078,#10080,#10082,#10083));
#10085=FACE_OUTER_BOUND('',#10084,.F.);
#10086=ADVANCED_FACE('',(#10085),#10073,.T.);
#10087=CARTESIAN_POINT('',(-7.2E1,1.855293555063E1,7.894074676558E0));
#10088=DIRECTION('',(0.E0,9.979482148809E-1,6.402624786719E-2));
#10089=DIRECTION('',(1.E0,0.E0,0.E0));
#10090=AXIS2_PLACEMENT_3D('',#10087,#10088,#10089);
#10091=CYLINDRICAL_SURFACE('',#10090,2.55E0);
#10092=ORIENTED_EDGE('',*,*,#10076,.F.);
#10093=ORIENTED_EDGE('',*,*,#10074,.F.);
#10094=ORIENTED_EDGE('',*,*,#10046,.T.);
#10095=ORIENTED_EDGE('',*,*,#7729,.F.);
#10096=ORIENTED_EDGE('',*,*,#10043,.T.);
#10097=EDGE_LOOP('',(#10092,#10093,#10094,#10095,#10096));
#10098=FACE_OUTER_BOUND('',#10097,.F.);
#10099=ADVANCED_FACE('',(#10098),#10091,.T.);
#10100=CARTESIAN_POINT('',(-7.2E1,2.034924233741E1,8.009321922719E0));
#10101=DIRECTION('',(0.E0,9.979482148809E-1,6.402624786721E-2));
#10102=DIRECTION('',(1.E0,0.E0,0.E0));
#10103=AXIS2_PLACEMENT_3D('',#10100,#10101,#10102);
#10104=PLANE('',#10103);
#10105=ORIENTED_EDGE('',*,*,#10062,.T.);
#10106=ORIENTED_EDGE('',*,*,#10060,.T.);
#10107=ORIENTED_EDGE('',*,*,#10081,.T.);
#10108=ORIENTED_EDGE('',*,*,#10079,.T.);
#10109=EDGE_LOOP('',(#10105,#10106,#10107,#10108));
#10110=FACE_OUTER_BOUND('',#10109,.F.);
#10111=ADVANCED_FACE('',(#10110),#10104,.T.);
#10112=CARTESIAN_POINT('',(-8.E1,1.855293555063E1,7.894074676558E0));
#10113=DIRECTION('',(0.E0,9.979482148809E-1,6.402624786719E-2));
#10114=DIRECTION('',(1.E0,0.E0,0.E0));
#10115=AXIS2_PLACEMENT_3D('',#10112,#10113,#10114);
#10116=CYLINDRICAL_SURFACE('',#10115,2.55E0);
#10118=ORIENTED_EDGE('',*,*,#10117,.F.);
#10120=ORIENTED_EDGE('',*,*,#10119,.F.);
#10122=ORIENTED_EDGE('',*,*,#10121,.F.);
#10123=ORIENTED_EDGE('',*,*,#7733,.F.);
#10125=ORIENTED_EDGE('',*,*,#10124,.F.);
#10126=EDGE_LOOP('',(#10118,#10120,#10122,#10123,#10125));
#10127=FACE_OUTER_BOUND('',#10126,.F.);
#10128=ADVANCED_FACE('',(#10127),#10116,.T.);
#10129=CARTESIAN_POINT('',(-8.E1,1.985026822997E1,7.977308798785E0));
#10130=DIRECTION('',(0.E0,9.979482148809E-1,6.402624786719E-2));
#10131=DIRECTION('',(-9.951641129308E-1,-6.289055669722E-3,9.802467094283E-2));
#10132=AXIS2_PLACEMENT_3D('',#10129,#10130,#10131);
#10133=TOROIDAL_SURFACE('',#10132,2.05E0,5.E-1);
#10134=ORIENTED_EDGE('',*,*,#10119,.T.);
#10135=ORIENTED_EDGE('',*,*,#10117,.T.);
#10137=ORIENTED_EDGE('',*,*,#10136,.F.);
#10139=ORIENTED_EDGE('',*,*,#10138,.F.);
#10141=ORIENTED_EDGE('',*,*,#10140,.F.);
#10143=ORIENTED_EDGE('',*,*,#10142,.T.);
#10144=EDGE_LOOP('',(#10134,#10135,#10137,#10139,#10141,#10143));
#10145=FACE_OUTER_BOUND('',#10144,.F.);
#10146=ADVANCED_FACE('',(#10145),#10133,.T.);
#10147=CARTESIAN_POINT('',(-8.E1,1.985026822997E1,7.977308798785E0));
#10148=DIRECTION('',(0.E0,9.979482148809E-1,6.402624786719E-2));
#10149=DIRECTION('',(9.951641131245E-1,6.289055544076E-3,-9.802466898445E-2));
#10150=AXIS2_PLACEMENT_3D('',#10147,#10148,#10149);
#10151=TOROIDAL_SURFACE('',#10150,2.05E0,5.E-1);
#10153=ORIENTED_EDGE('',*,*,#10152,.T.);
#10155=ORIENTED_EDGE('',*,*,#10154,.T.);
#10156=ORIENTED_EDGE('',*,*,#10142,.F.);
#10158=ORIENTED_EDGE('',*,*,#10157,.F.);
#10160=ORIENTED_EDGE('',*,*,#10159,.F.);
#10161=ORIENTED_EDGE('',*,*,#10136,.T.);
#10162=EDGE_LOOP('',(#10153,#10155,#10156,#10158,#10160,#10161));
#10163=FACE_OUTER_BOUND('',#10162,.F.);
#10164=ADVANCED_FACE('',(#10163),#10151,.T.);
#10165=CARTESIAN_POINT('',(-8.E1,1.855293555063E1,7.894074676558E0));
#10166=DIRECTION('',(0.E0,9.979482148809E-1,6.402624786719E-2));
#10167=DIRECTION('',(1.E0,0.E0,0.E0));
#10168=AXIS2_PLACEMENT_3D('',#10165,#10166,#10167);
#10169=CYLINDRICAL_SURFACE('',#10168,2.55E0);
#10170=ORIENTED_EDGE('',*,*,#10154,.F.);
#10171=ORIENTED_EDGE('',*,*,#10152,.F.);
#10172=ORIENTED_EDGE('',*,*,#10124,.T.);
#10173=ORIENTED_EDGE('',*,*,#7735,.F.);
#10174=ORIENTED_EDGE('',*,*,#10121,.T.);
#10175=EDGE_LOOP('',(#10170,#10171,#10172,#10173,#10174));
#10176=FACE_OUTER_BOUND('',#10175,.F.);
#10177=ADVANCED_FACE('',(#10176),#10169,.T.);
#10178=CARTESIAN_POINT('',(-8.E1,2.034924233741E1,8.009321922719E0));
#10179=DIRECTION('',(0.E0,9.979482148809E-1,6.402624786721E-2));
#10180=DIRECTION('',(1.E0,0.E0,0.E0));
#10181=AXIS2_PLACEMENT_3D('',#10178,#10179,#10180);
#10182=PLANE('',#10181);
#10183=ORIENTED_EDGE('',*,*,#10140,.T.);
#10184=ORIENTED_EDGE('',*,*,#10138,.T.);
#10185=ORIENTED_EDGE('',*,*,#10159,.T.);
#10186=ORIENTED_EDGE('',*,*,#10157,.T.);
#10187=EDGE_LOOP('',(#10183,#10184,#10185,#10186));
#10188=FACE_OUTER_BOUND('',#10187,.F.);
#10189=ADVANCED_FACE('',(#10188),#10182,.T.);
#10190=CARTESIAN_POINT('',(6.4E1,1.906514553357E1,-8.951104248922E-2));
#10191=DIRECTION('',(0.E0,9.979482148809E-1,6.402624786719E-2));
#10192=DIRECTION('',(1.E0,0.E0,0.E0));
#10193=AXIS2_PLACEMENT_3D('',#10190,#10191,#10192);
#10194=CYLINDRICAL_SURFACE('',#10193,2.55E0);
#10196=ORIENTED_EDGE('',*,*,#10195,.F.);
#10198=ORIENTED_EDGE('',*,*,#10197,.F.);
#10200=ORIENTED_EDGE('',*,*,#10199,.F.);
#10201=ORIENTED_EDGE('',*,*,#7739,.F.);
#10203=ORIENTED_EDGE('',*,*,#10202,.F.);
#10204=EDGE_LOOP('',(#10196,#10198,#10200,#10201,#10203));
#10205=FACE_OUTER_BOUND('',#10204,.F.);
#10206=ADVANCED_FACE('',(#10205),#10194,.T.);
#10207=CARTESIAN_POINT('',(6.4E1,2.036247821291E1,-6.276920262233E-3));
#10208=DIRECTION('',(0.E0,9.979482148809E-1,6.402624786719E-2));
#10209=DIRECTION('',(-9.951641129308E-1,-6.289055669722E-3,9.802467094283E-2));
#10210=AXIS2_PLACEMENT_3D('',#10207,#10208,#10209);
#10211=TOROIDAL_SURFACE('',#10210,2.05E0,5.E-1);
#10212=ORIENTED_EDGE('',*,*,#10197,.T.);
#10213=ORIENTED_EDGE('',*,*,#10195,.T.);
#10215=ORIENTED_EDGE('',*,*,#10214,.F.);
#10217=ORIENTED_EDGE('',*,*,#10216,.F.);
#10219=ORIENTED_EDGE('',*,*,#10218,.F.);
#10221=ORIENTED_EDGE('',*,*,#10220,.T.);
#10222=EDGE_LOOP('',(#10212,#10213,#10215,#10217,#10219,#10221));
#10223=FACE_OUTER_BOUND('',#10222,.F.);
#10224=ADVANCED_FACE('',(#10223),#10211,.T.);
#10225=CARTESIAN_POINT('',(6.4E1,2.036247821291E1,-6.276920262233E-3));
#10226=DIRECTION('',(0.E0,9.979482148809E-1,6.402624786719E-2));
#10227=DIRECTION('',(9.951641131245E-1,6.289055544076E-3,-9.802466898445E-2));
#10228=AXIS2_PLACEMENT_3D('',#10225,#10226,#10227);
#10229=TOROIDAL_SURFACE('',#10228,2.05E0,5.E-1);
#10231=ORIENTED_EDGE('',*,*,#10230,.T.);
#10233=ORIENTED_EDGE('',*,*,#10232,.T.);
#10234=ORIENTED_EDGE('',*,*,#10220,.F.);
#10236=ORIENTED_EDGE('',*,*,#10235,.F.);
#10238=ORIENTED_EDGE('',*,*,#10237,.F.);
#10239=ORIENTED_EDGE('',*,*,#10214,.T.);
#10240=EDGE_LOOP('',(#10231,#10233,#10234,#10236,#10238,#10239));
#10241=FACE_OUTER_BOUND('',#10240,.F.);
#10242=ADVANCED_FACE('',(#10241),#10229,.T.);
#10243=CARTESIAN_POINT('',(6.4E1,1.906514553357E1,-8.951104248922E-2));
#10244=DIRECTION('',(0.E0,9.979482148809E-1,6.402624786719E-2));
#10245=DIRECTION('',(1.E0,0.E0,0.E0));
#10246=AXIS2_PLACEMENT_3D('',#10243,#10244,#10245);
#10247=CYLINDRICAL_SURFACE('',#10246,2.55E0);
#10248=ORIENTED_EDGE('',*,*,#10232,.F.);
#10249=ORIENTED_EDGE('',*,*,#10230,.F.);
#10250=ORIENTED_EDGE('',*,*,#10202,.T.);
#10251=ORIENTED_EDGE('',*,*,#7741,.F.);
#10252=ORIENTED_EDGE('',*,*,#10199,.T.);
#10253=EDGE_LOOP('',(#10248,#10249,#10250,#10251,#10252));
#10254=FACE_OUTER_BOUND('',#10253,.F.);
#10255=ADVANCED_FACE('',(#10254),#10247,.T.);
#10256=CARTESIAN_POINT('',(6.4E1,2.086145232035E1,2.573620367180E-2));
#10257=DIRECTION('',(0.E0,9.979482148809E-1,6.402624786721E-2));
#10258=DIRECTION('',(1.E0,0.E0,0.E0));
#10259=AXIS2_PLACEMENT_3D('',#10256,#10257,#10258);
#10260=PLANE('',#10259);
#10261=ORIENTED_EDGE('',*,*,#10218,.T.);
#10262=ORIENTED_EDGE('',*,*,#10216,.T.);
#10263=ORIENTED_EDGE('',*,*,#10237,.T.);
#10264=ORIENTED_EDGE('',*,*,#10235,.T.);
#10265=EDGE_LOOP('',(#10261,#10262,#10263,#10264));
#10266=FACE_OUTER_BOUND('',#10265,.F.);
#10267=ADVANCED_FACE('',(#10266),#10260,.T.);
#10268=CARTESIAN_POINT('',(5.6E1,1.906514553357E1,-8.951104248922E-2));
#10269=DIRECTION('',(0.E0,9.979482148809E-1,6.402624786719E-2));
#10270=DIRECTION('',(1.E0,0.E0,0.E0));
#10271=AXIS2_PLACEMENT_3D('',#10268,#10269,#10270);
#10272=CYLINDRICAL_SURFACE('',#10271,2.55E0);
#10274=ORIENTED_EDGE('',*,*,#10273,.F.);
#10276=ORIENTED_EDGE('',*,*,#10275,.F.);
#10278=ORIENTED_EDGE('',*,*,#10277,.F.);
#10279=ORIENTED_EDGE('',*,*,#7745,.F.);
#10281=ORIENTED_EDGE('',*,*,#10280,.F.);
#10282=EDGE_LOOP('',(#10274,#10276,#10278,#10279,#10281));
#10283=FACE_OUTER_BOUND('',#10282,.F.);
#10284=ADVANCED_FACE('',(#10283),#10272,.T.);
#10285=CARTESIAN_POINT('',(5.6E1,2.036247821291E1,-6.276920262233E-3));
#10286=DIRECTION('',(0.E0,9.979482148809E-1,6.402624786719E-2));
#10287=DIRECTION('',(-9.951641129308E-1,-6.289055669722E-3,9.802467094283E-2));
#10288=AXIS2_PLACEMENT_3D('',#10285,#10286,#10287);
#10289=TOROIDAL_SURFACE('',#10288,2.05E0,5.E-1);
#10290=ORIENTED_EDGE('',*,*,#10275,.T.);
#10291=ORIENTED_EDGE('',*,*,#10273,.T.);
#10293=ORIENTED_EDGE('',*,*,#10292,.F.);
#10295=ORIENTED_EDGE('',*,*,#10294,.F.);
#10297=ORIENTED_EDGE('',*,*,#10296,.F.);
#10299=ORIENTED_EDGE('',*,*,#10298,.T.);
#10300=EDGE_LOOP('',(#10290,#10291,#10293,#10295,#10297,#10299));
#10301=FACE_OUTER_BOUND('',#10300,.F.);
#10302=ADVANCED_FACE('',(#10301),#10289,.T.);
#10303=CARTESIAN_POINT('',(5.6E1,2.036247821291E1,-6.276920262233E-3));
#10304=DIRECTION('',(0.E0,9.979482148809E-1,6.402624786719E-2));
#10305=DIRECTION('',(9.951641131245E-1,6.289055544076E-3,-9.802466898445E-2));
#10306=AXIS2_PLACEMENT_3D('',#10303,#10304,#10305);
#10307=TOROIDAL_SURFACE('',#10306,2.05E0,5.E-1);
#10309=ORIENTED_EDGE('',*,*,#10308,.T.);
#10311=ORIENTED_EDGE('',*,*,#10310,.T.);
#10312=ORIENTED_EDGE('',*,*,#10298,.F.);
#10314=ORIENTED_EDGE('',*,*,#10313,.F.);
#10316=ORIENTED_EDGE('',*,*,#10315,.F.);
#10317=ORIENTED_EDGE('',*,*,#10292,.T.);
#10318=EDGE_LOOP('',(#10309,#10311,#10312,#10314,#10316,#10317));
#10319=FACE_OUTER_BOUND('',#10318,.F.);
#10320=ADVANCED_FACE('',(#10319),#10307,.T.);
#10321=CARTESIAN_POINT('',(5.6E1,1.906514553357E1,-8.951104248922E-2));
#10322=DIRECTION('',(0.E0,9.979482148809E-1,6.402624786719E-2));
#10323=DIRECTION('',(1.E0,0.E0,0.E0));
#10324=AXIS2_PLACEMENT_3D('',#10321,#10322,#10323);
#10325=CYLINDRICAL_SURFACE('',#10324,2.55E0);
#10326=ORIENTED_EDGE('',*,*,#10310,.F.);
#10327=ORIENTED_EDGE('',*,*,#10308,.F.);
#10328=ORIENTED_EDGE('',*,*,#10280,.T.);
#10329=ORIENTED_EDGE('',*,*,#7747,.F.);
#10330=ORIENTED_EDGE('',*,*,#10277,.T.);
#10331=EDGE_LOOP('',(#10326,#10327,#10328,#10329,#10330));
#10332=FACE_OUTER_BOUND('',#10331,.F.);
#10333=ADVANCED_FACE('',(#10332),#10325,.T.);
#10334=CARTESIAN_POINT('',(5.6E1,2.086145232035E1,2.573620367180E-2));
#10335=DIRECTION('',(0.E0,9.979482148809E-1,6.402624786721E-2));
#10336=DIRECTION('',(1.E0,0.E0,0.E0));
#10337=AXIS2_PLACEMENT_3D('',#10334,#10335,#10336);
#10338=PLANE('',#10337);
#10339=ORIENTED_EDGE('',*,*,#10296,.T.);
#10340=ORIENTED_EDGE('',*,*,#10294,.T.);
#10341=ORIENTED_EDGE('',*,*,#10315,.T.);
#10342=ORIENTED_EDGE('',*,*,#10313,.T.);
#10343=EDGE_LOOP('',(#10339,#10340,#10341,#10342));
#10344=FACE_OUTER_BOUND('',#10343,.F.);
#10345=ADVANCED_FACE('',(#10344),#10338,.T.);
#10346=CARTESIAN_POINT('',(4.8E1,1.906514553357E1,-8.951104248922E-2));
#10347=DIRECTION('',(0.E0,9.979482148809E-1,6.402624786719E-2));
#10348=DIRECTION('',(1.E0,0.E0,0.E0));
#10349=AXIS2_PLACEMENT_3D('',#10346,#10347,#10348);
#10350=CYLINDRICAL_SURFACE('',#10349,2.55E0);
#10352=ORIENTED_EDGE('',*,*,#10351,.F.);
#10354=ORIENTED_EDGE('',*,*,#10353,.F.);
#10356=ORIENTED_EDGE('',*,*,#10355,.F.);
#10357=ORIENTED_EDGE('',*,*,#7751,.F.);
#10359=ORIENTED_EDGE('',*,*,#10358,.F.);
#10360=EDGE_LOOP('',(#10352,#10354,#10356,#10357,#10359));
#10361=FACE_OUTER_BOUND('',#10360,.F.);
#10362=ADVANCED_FACE('',(#10361),#10350,.T.);
#10363=CARTESIAN_POINT('',(4.8E1,2.036247821291E1,-6.276920262233E-3));
#10364=DIRECTION('',(0.E0,9.979482148809E-1,6.402624786719E-2));
#10365=DIRECTION('',(-9.951641129308E-1,-6.289055669722E-3,9.802467094283E-2));
#10366=AXIS2_PLACEMENT_3D('',#10363,#10364,#10365);
#10367=TOROIDAL_SURFACE('',#10366,2.05E0,5.E-1);
#10368=ORIENTED_EDGE('',*,*,#10353,.T.);
#10369=ORIENTED_EDGE('',*,*,#10351,.T.);
#10371=ORIENTED_EDGE('',*,*,#10370,.F.);
#10373=ORIENTED_EDGE('',*,*,#10372,.F.);
#10375=ORIENTED_EDGE('',*,*,#10374,.F.);
#10377=ORIENTED_EDGE('',*,*,#10376,.T.);
#10378=EDGE_LOOP('',(#10368,#10369,#10371,#10373,#10375,#10377));
#10379=FACE_OUTER_BOUND('',#10378,.F.);
#10380=ADVANCED_FACE('',(#10379),#10367,.T.);
#10381=CARTESIAN_POINT('',(4.8E1,2.036247821291E1,-6.276920262233E-3));
#10382=DIRECTION('',(0.E0,9.979482148809E-1,6.402624786719E-2));
#10383=DIRECTION('',(9.951641131245E-1,6.289055544076E-3,-9.802466898445E-2));
#10384=AXIS2_PLACEMENT_3D('',#10381,#10382,#10383);
#10385=TOROIDAL_SURFACE('',#10384,2.05E0,5.E-1);
#10387=ORIENTED_EDGE('',*,*,#10386,.T.);
#10389=ORIENTED_EDGE('',*,*,#10388,.T.);
#10390=ORIENTED_EDGE('',*,*,#10376,.F.);
#10392=ORIENTED_EDGE('',*,*,#10391,.F.);
#10394=ORIENTED_EDGE('',*,*,#10393,.F.);
#10395=ORIENTED_EDGE('',*,*,#10370,.T.);
#10396=EDGE_LOOP('',(#10387,#10389,#10390,#10392,#10394,#10395));
#10397=FACE_OUTER_BOUND('',#10396,.F.);
#10398=ADVANCED_FACE('',(#10397),#10385,.T.);
#10399=CARTESIAN_POINT('',(4.8E1,1.906514553357E1,-8.951104248922E-2));
#10400=DIRECTION('',(0.E0,9.979482148809E-1,6.402624786719E-2));
#10401=DIRECTION('',(1.E0,0.E0,0.E0));
#10402=AXIS2_PLACEMENT_3D('',#10399,#10400,#10401);
#10403=CYLINDRICAL_SURFACE('',#10402,2.55E0);
#10404=ORIENTED_EDGE('',*,*,#10388,.F.);
#10405=ORIENTED_EDGE('',*,*,#10386,.F.);
#10406=ORIENTED_EDGE('',*,*,#10358,.T.);
#10407=ORIENTED_EDGE('',*,*,#7753,.F.);
#10408=ORIENTED_EDGE('',*,*,#10355,.T.);
#10409=EDGE_LOOP('',(#10404,#10405,#10406,#10407,#10408));
#10410=FACE_OUTER_BOUND('',#10409,.F.);
#10411=ADVANCED_FACE('',(#10410),#10403,.T.);
#10412=CARTESIAN_POINT('',(4.8E1,2.086145232035E1,2.573620367180E-2));
#10413=DIRECTION('',(0.E0,9.979482148809E-1,6.402624786721E-2));
#10414=DIRECTION('',(1.E0,0.E0,0.E0));
#10415=AXIS2_PLACEMENT_3D('',#10412,#10413,#10414);
#10416=PLANE('',#10415);
#10417=ORIENTED_EDGE('',*,*,#10374,.T.);
#10418=ORIENTED_EDGE('',*,*,#10372,.T.);
#10419=ORIENTED_EDGE('',*,*,#10393,.T.);
#10420=ORIENTED_EDGE('',*,*,#10391,.T.);
#10421=EDGE_LOOP('',(#10417,#10418,#10419,#10420));
#10422=FACE_OUTER_BOUND('',#10421,.F.);
#10423=ADVANCED_FACE('',(#10422),#10416,.T.);
#10424=CARTESIAN_POINT('',(4.E1,1.906514553357E1,-8.951104248922E-2));
#10425=DIRECTION('',(0.E0,9.979482148809E-1,6.402624786719E-2));
#10426=DIRECTION('',(1.E0,0.E0,0.E0));
#10427=AXIS2_PLACEMENT_3D('',#10424,#10425,#10426);
#10428=CYLINDRICAL_SURFACE('',#10427,2.55E0);
#10430=ORIENTED_EDGE('',*,*,#10429,.F.);
#10432=ORIENTED_EDGE('',*,*,#10431,.F.);
#10434=ORIENTED_EDGE('',*,*,#10433,.F.);
#10435=ORIENTED_EDGE('',*,*,#7757,.F.);
#10437=ORIENTED_EDGE('',*,*,#10436,.F.);
#10438=EDGE_LOOP('',(#10430,#10432,#10434,#10435,#10437));
#10439=FACE_OUTER_BOUND('',#10438,.F.);
#10440=ADVANCED_FACE('',(#10439),#10428,.T.);
#10441=CARTESIAN_POINT('',(4.E1,2.036247821291E1,-6.276920262233E-3));
#10442=DIRECTION('',(0.E0,9.979482148809E-1,6.402624786719E-2));
#10443=DIRECTION('',(-9.951641129308E-1,-6.289055669722E-3,9.802467094283E-2));
#10444=AXIS2_PLACEMENT_3D('',#10441,#10442,#10443);
#10445=TOROIDAL_SURFACE('',#10444,2.05E0,5.E-1);
#10446=ORIENTED_EDGE('',*,*,#10431,.T.);
#10447=ORIENTED_EDGE('',*,*,#10429,.T.);
#10449=ORIENTED_EDGE('',*,*,#10448,.F.);
#10451=ORIENTED_EDGE('',*,*,#10450,.F.);
#10453=ORIENTED_EDGE('',*,*,#10452,.F.);
#10455=ORIENTED_EDGE('',*,*,#10454,.T.);
#10456=EDGE_LOOP('',(#10446,#10447,#10449,#10451,#10453,#10455));
#10457=FACE_OUTER_BOUND('',#10456,.F.);
#10458=ADVANCED_FACE('',(#10457),#10445,.T.);
#10459=CARTESIAN_POINT('',(4.E1,2.036247821291E1,-6.276920262233E-3));
#10460=DIRECTION('',(0.E0,9.979482148809E-1,6.402624786719E-2));
#10461=DIRECTION('',(9.951641131245E-1,6.289055544076E-3,-9.802466898445E-2));
#10462=AXIS2_PLACEMENT_3D('',#10459,#10460,#10461);
#10463=TOROIDAL_SURFACE('',#10462,2.05E0,5.E-1);
#10465=ORIENTED_EDGE('',*,*,#10464,.T.);
#10467=ORIENTED_EDGE('',*,*,#10466,.T.);
#10468=ORIENTED_EDGE('',*,*,#10454,.F.);
#10470=ORIENTED_EDGE('',*,*,#10469,.F.);
#10472=ORIENTED_EDGE('',*,*,#10471,.F.);
#10473=ORIENTED_EDGE('',*,*,#10448,.T.);
#10474=EDGE_LOOP('',(#10465,#10467,#10468,#10470,#10472,#10473));
#10475=FACE_OUTER_BOUND('',#10474,.F.);
#10476=ADVANCED_FACE('',(#10475),#10463,.T.);
#10477=CARTESIAN_POINT('',(4.E1,1.906514553357E1,-8.951104248922E-2));
#10478=DIRECTION('',(0.E0,9.979482148809E-1,6.402624786719E-2));
#10479=DIRECTION('',(1.E0,0.E0,0.E0));
#10480=AXIS2_PLACEMENT_3D('',#10477,#10478,#10479);
#10481=CYLINDRICAL_SURFACE('',#10480,2.55E0);
#10482=ORIENTED_EDGE('',*,*,#10466,.F.);
#10483=ORIENTED_EDGE('',*,*,#10464,.F.);
#10484=ORIENTED_EDGE('',*,*,#10436,.T.);
#10485=ORIENTED_EDGE('',*,*,#7759,.F.);
#10486=ORIENTED_EDGE('',*,*,#10433,.T.);
#10487=EDGE_LOOP('',(#10482,#10483,#10484,#10485,#10486));
#10488=FACE_OUTER_BOUND('',#10487,.F.);
#10489=ADVANCED_FACE('',(#10488),#10481,.T.);
#10490=CARTESIAN_POINT('',(4.E1,2.086145232035E1,2.573620367180E-2));
#10491=DIRECTION('',(0.E0,9.979482148809E-1,6.402624786721E-2));
#10492=DIRECTION('',(1.E0,0.E0,0.E0));
#10493=AXIS2_PLACEMENT_3D('',#10490,#10491,#10492);
#10494=PLANE('',#10493);
#10495=ORIENTED_EDGE('',*,*,#10452,.T.);
#10496=ORIENTED_EDGE('',*,*,#10450,.T.);
#10497=ORIENTED_EDGE('',*,*,#10471,.T.);
#10498=ORIENTED_EDGE('',*,*,#10469,.T.);
#10499=EDGE_LOOP('',(#10495,#10496,#10497,#10498));
#10500=FACE_OUTER_BOUND('',#10499,.F.);
#10501=ADVANCED_FACE('',(#10500),#10494,.T.);
#10502=CARTESIAN_POINT('',(3.2E1,1.906514553357E1,-8.951104248922E-2));
#10503=DIRECTION('',(0.E0,9.979482148809E-1,6.402624786719E-2));
#10504=DIRECTION('',(1.E0,0.E0,0.E0));
#10505=AXIS2_PLACEMENT_3D('',#10502,#10503,#10504);
#10506=CYLINDRICAL_SURFACE('',#10505,2.55E0);
#10508=ORIENTED_EDGE('',*,*,#10507,.F.);
#10510=ORIENTED_EDGE('',*,*,#10509,.F.);
#10512=ORIENTED_EDGE('',*,*,#10511,.F.);
#10513=ORIENTED_EDGE('',*,*,#7763,.F.);
#10515=ORIENTED_EDGE('',*,*,#10514,.F.);
#10516=EDGE_LOOP('',(#10508,#10510,#10512,#10513,#10515));
#10517=FACE_OUTER_BOUND('',#10516,.F.);
#10518=ADVANCED_FACE('',(#10517),#10506,.T.);
#10519=CARTESIAN_POINT('',(3.2E1,2.036247821291E1,-6.276920262233E-3));
#10520=DIRECTION('',(0.E0,9.979482148809E-1,6.402624786719E-2));
#10521=DIRECTION('',(-9.951641129308E-1,-6.289055669722E-3,9.802467094283E-2));
#10522=AXIS2_PLACEMENT_3D('',#10519,#10520,#10521);
#10523=TOROIDAL_SURFACE('',#10522,2.05E0,5.E-1);
#10524=ORIENTED_EDGE('',*,*,#10509,.T.);
#10525=ORIENTED_EDGE('',*,*,#10507,.T.);
#10527=ORIENTED_EDGE('',*,*,#10526,.F.);
#10529=ORIENTED_EDGE('',*,*,#10528,.F.);
#10531=ORIENTED_EDGE('',*,*,#10530,.F.);
#10533=ORIENTED_EDGE('',*,*,#10532,.T.);
#10534=EDGE_LOOP('',(#10524,#10525,#10527,#10529,#10531,#10533));
#10535=FACE_OUTER_BOUND('',#10534,.F.);
#10536=ADVANCED_FACE('',(#10535),#10523,.T.);
#10537=CARTESIAN_POINT('',(3.2E1,2.036247821291E1,-6.276920262233E-3));
#10538=DIRECTION('',(0.E0,9.979482148809E-1,6.402624786719E-2));
#10539=DIRECTION('',(9.951641131245E-1,6.289055544076E-3,-9.802466898445E-2));
#10540=AXIS2_PLACEMENT_3D('',#10537,#10538,#10539);
#10541=TOROIDAL_SURFACE('',#10540,2.05E0,5.E-1);
#10543=ORIENTED_EDGE('',*,*,#10542,.T.);
#10545=ORIENTED_EDGE('',*,*,#10544,.T.);
#10546=ORIENTED_EDGE('',*,*,#10532,.F.);
#10548=ORIENTED_EDGE('',*,*,#10547,.F.);
#10550=ORIENTED_EDGE('',*,*,#10549,.F.);
#10551=ORIENTED_EDGE('',*,*,#10526,.T.);
#10552=EDGE_LOOP('',(#10543,#10545,#10546,#10548,#10550,#10551));
#10553=FACE_OUTER_BOUND('',#10552,.F.);
#10554=ADVANCED_FACE('',(#10553),#10541,.T.);
#10555=CARTESIAN_POINT('',(3.2E1,1.906514553357E1,-8.951104248922E-2));
#10556=DIRECTION('',(0.E0,9.979482148809E-1,6.402624786719E-2));
#10557=DIRECTION('',(1.E0,0.E0,0.E0));
#10558=AXIS2_PLACEMENT_3D('',#10555,#10556,#10557);
#10559=CYLINDRICAL_SURFACE('',#10558,2.55E0);
#10560=ORIENTED_EDGE('',*,*,#10544,.F.);
#10561=ORIENTED_EDGE('',*,*,#10542,.F.);
#10562=ORIENTED_EDGE('',*,*,#10514,.T.);
#10563=ORIENTED_EDGE('',*,*,#7765,.F.);
#10564=ORIENTED_EDGE('',*,*,#10511,.T.);
#10565=EDGE_LOOP('',(#10560,#10561,#10562,#10563,#10564));
#10566=FACE_OUTER_BOUND('',#10565,.F.);
#10567=ADVANCED_FACE('',(#10566),#10559,.T.);
#10568=CARTESIAN_POINT('',(3.2E1,2.086145232035E1,2.573620367180E-2));
#10569=DIRECTION('',(0.E0,9.979482148809E-1,6.402624786721E-2));
#10570=DIRECTION('',(1.E0,0.E0,0.E0));
#10571=AXIS2_PLACEMENT_3D('',#10568,#10569,#10570);
#10572=PLANE('',#10571);
#10573=ORIENTED_EDGE('',*,*,#10530,.T.);
#10574=ORIENTED_EDGE('',*,*,#10528,.T.);
#10575=ORIENTED_EDGE('',*,*,#10549,.T.);
#10576=ORIENTED_EDGE('',*,*,#10547,.T.);
#10577=EDGE_LOOP('',(#10573,#10574,#10575,#10576));
#10578=FACE_OUTER_BOUND('',#10577,.F.);
#10579=ADVANCED_FACE('',(#10578),#10572,.T.);
#10580=CARTESIAN_POINT('',(7.999999999999E0,1.906514553357E1,
-8.951104248922E-2));
#10581=DIRECTION('',(0.E0,9.979482148809E-1,6.402624786719E-2));
#10582=DIRECTION('',(1.E0,0.E0,0.E0));
#10583=AXIS2_PLACEMENT_3D('',#10580,#10581,#10582);
#10584=CYLINDRICAL_SURFACE('',#10583,2.55E0);
#10586=ORIENTED_EDGE('',*,*,#10585,.F.);
#10588=ORIENTED_EDGE('',*,*,#10587,.F.);
#10590=ORIENTED_EDGE('',*,*,#10589,.F.);
#10591=ORIENTED_EDGE('',*,*,#7769,.F.);
#10593=ORIENTED_EDGE('',*,*,#10592,.F.);
#10594=EDGE_LOOP('',(#10586,#10588,#10590,#10591,#10593));
#10595=FACE_OUTER_BOUND('',#10594,.F.);
#10596=ADVANCED_FACE('',(#10595),#10584,.T.);
#10597=CARTESIAN_POINT('',(7.999999999999E0,2.036247821291E1,
-6.276920262233E-3));
#10598=DIRECTION('',(0.E0,9.979482148809E-1,6.402624786719E-2));
#10599=DIRECTION('',(-9.951641129308E-1,-6.289055669722E-3,9.802467094283E-2));
#10600=AXIS2_PLACEMENT_3D('',#10597,#10598,#10599);
#10601=TOROIDAL_SURFACE('',#10600,2.05E0,5.E-1);
#10602=ORIENTED_EDGE('',*,*,#10587,.T.);
#10603=ORIENTED_EDGE('',*,*,#10585,.T.);
#10605=ORIENTED_EDGE('',*,*,#10604,.F.);
#10607=ORIENTED_EDGE('',*,*,#10606,.F.);
#10609=ORIENTED_EDGE('',*,*,#10608,.F.);
#10611=ORIENTED_EDGE('',*,*,#10610,.T.);
#10612=EDGE_LOOP('',(#10602,#10603,#10605,#10607,#10609,#10611));
#10613=FACE_OUTER_BOUND('',#10612,.F.);
#10614=ADVANCED_FACE('',(#10613),#10601,.T.);
#10615=CARTESIAN_POINT('',(7.999999999999E0,2.036247821291E1,
-6.276920262233E-3));
#10616=DIRECTION('',(0.E0,9.979482148809E-1,6.402624786719E-2));
#10617=DIRECTION('',(9.951641131245E-1,6.289055544076E-3,-9.802466898445E-2));
#10618=AXIS2_PLACEMENT_3D('',#10615,#10616,#10617);
#10619=TOROIDAL_SURFACE('',#10618,2.05E0,5.E-1);
#10621=ORIENTED_EDGE('',*,*,#10620,.T.);
#10623=ORIENTED_EDGE('',*,*,#10622,.T.);
#10624=ORIENTED_EDGE('',*,*,#10610,.F.);
#10626=ORIENTED_EDGE('',*,*,#10625,.F.);
#10628=ORIENTED_EDGE('',*,*,#10627,.F.);
#10629=ORIENTED_EDGE('',*,*,#10604,.T.);
#10630=EDGE_LOOP('',(#10621,#10623,#10624,#10626,#10628,#10629));
#10631=FACE_OUTER_BOUND('',#10630,.F.);
#10632=ADVANCED_FACE('',(#10631),#10619,.T.);
#10633=CARTESIAN_POINT('',(7.999999999999E0,1.906514553357E1,
-8.951104248922E-2));
#10634=DIRECTION('',(0.E0,9.979482148809E-1,6.402624786719E-2));
#10635=DIRECTION('',(1.E0,0.E0,0.E0));
#10636=AXIS2_PLACEMENT_3D('',#10633,#10634,#10635);
#10637=CYLINDRICAL_SURFACE('',#10636,2.55E0);
#10638=ORIENTED_EDGE('',*,*,#10622,.F.);
#10639=ORIENTED_EDGE('',*,*,#10620,.F.);
#10640=ORIENTED_EDGE('',*,*,#10592,.T.);
#10641=ORIENTED_EDGE('',*,*,#7771,.F.);
#10642=ORIENTED_EDGE('',*,*,#10589,.T.);
#10643=EDGE_LOOP('',(#10638,#10639,#10640,#10641,#10642));
#10644=FACE_OUTER_BOUND('',#10643,.F.);
#10645=ADVANCED_FACE('',(#10644),#10637,.T.);
#10646=CARTESIAN_POINT('',(7.999999999999E0,2.086145232035E1,
2.573620367180E-2));
#10647=DIRECTION('',(0.E0,9.979482148809E-1,6.402624786721E-2));
#10648=DIRECTION('',(1.E0,0.E0,0.E0));
#10649=AXIS2_PLACEMENT_3D('',#10646,#10647,#10648);
#10650=PLANE('',#10649);
#10651=ORIENTED_EDGE('',*,*,#10608,.T.);
#10652=ORIENTED_EDGE('',*,*,#10606,.T.);
#10653=ORIENTED_EDGE('',*,*,#10627,.T.);
#10654=ORIENTED_EDGE('',*,*,#10625,.T.);
#10655=EDGE_LOOP('',(#10651,#10652,#10653,#10654));
#10656=FACE_OUTER_BOUND('',#10655,.F.);
#10657=ADVANCED_FACE('',(#10656),#10650,.T.);
#10658=CARTESIAN_POINT('',(1.6E1,1.906514553357E1,-8.951104248922E-2));
#10659=DIRECTION('',(0.E0,9.979482148809E-1,6.402624786719E-2));
#10660=DIRECTION('',(1.E0,0.E0,0.E0));
#10661=AXIS2_PLACEMENT_3D('',#10658,#10659,#10660);
#10662=CYLINDRICAL_SURFACE('',#10661,2.55E0);
#10664=ORIENTED_EDGE('',*,*,#10663,.F.);
#10666=ORIENTED_EDGE('',*,*,#10665,.F.);
#10668=ORIENTED_EDGE('',*,*,#10667,.F.);
#10669=ORIENTED_EDGE('',*,*,#7775,.F.);
#10671=ORIENTED_EDGE('',*,*,#10670,.F.);
#10672=EDGE_LOOP('',(#10664,#10666,#10668,#10669,#10671));
#10673=FACE_OUTER_BOUND('',#10672,.F.);
#10674=ADVANCED_FACE('',(#10673),#10662,.T.);
#10675=CARTESIAN_POINT('',(1.6E1,2.036247821291E1,-6.276920262233E-3));
#10676=DIRECTION('',(0.E0,9.979482148809E-1,6.402624786719E-2));
#10677=DIRECTION('',(-9.951641129308E-1,-6.289055669722E-3,9.802467094283E-2));
#10678=AXIS2_PLACEMENT_3D('',#10675,#10676,#10677);
#10679=TOROIDAL_SURFACE('',#10678,2.05E0,5.E-1);
#10680=ORIENTED_EDGE('',*,*,#10665,.T.);
#10681=ORIENTED_EDGE('',*,*,#10663,.T.);
#10683=ORIENTED_EDGE('',*,*,#10682,.F.);
#10685=ORIENTED_EDGE('',*,*,#10684,.F.);
#10687=ORIENTED_EDGE('',*,*,#10686,.F.);
#10689=ORIENTED_EDGE('',*,*,#10688,.T.);
#10690=EDGE_LOOP('',(#10680,#10681,#10683,#10685,#10687,#10689));
#10691=FACE_OUTER_BOUND('',#10690,.F.);
#10692=ADVANCED_FACE('',(#10691),#10679,.T.);
#10693=CARTESIAN_POINT('',(1.6E1,2.036247821291E1,-6.276920262233E-3));
#10694=DIRECTION('',(0.E0,9.979482148809E-1,6.402624786719E-2));
#10695=DIRECTION('',(9.951641131245E-1,6.289055544076E-3,-9.802466898445E-2));
#10696=AXIS2_PLACEMENT_3D('',#10693,#10694,#10695);
#10697=TOROIDAL_SURFACE('',#10696,2.05E0,5.E-1);
#10699=ORIENTED_EDGE('',*,*,#10698,.T.);
#10701=ORIENTED_EDGE('',*,*,#10700,.T.);
#10702=ORIENTED_EDGE('',*,*,#10688,.F.);
#10704=ORIENTED_EDGE('',*,*,#10703,.F.);
#10706=ORIENTED_EDGE('',*,*,#10705,.F.);
#10707=ORIENTED_EDGE('',*,*,#10682,.T.);
#10708=EDGE_LOOP('',(#10699,#10701,#10702,#10704,#10706,#10707));
#10709=FACE_OUTER_BOUND('',#10708,.F.);
#10710=ADVANCED_FACE('',(#10709),#10697,.T.);
#10711=CARTESIAN_POINT('',(1.6E1,1.906514553357E1,-8.951104248922E-2));
#10712=DIRECTION('',(0.E0,9.979482148809E-1,6.402624786719E-2));
#10713=DIRECTION('',(1.E0,0.E0,0.E0));
#10714=AXIS2_PLACEMENT_3D('',#10711,#10712,#10713);
#10715=CYLINDRICAL_SURFACE('',#10714,2.55E0);
#10716=ORIENTED_EDGE('',*,*,#10700,.F.);
#10717=ORIENTED_EDGE('',*,*,#10698,.F.);
#10718=ORIENTED_EDGE('',*,*,#10670,.T.);
#10719=ORIENTED_EDGE('',*,*,#7777,.F.);
#10720=ORIENTED_EDGE('',*,*,#10667,.T.);
#10721=EDGE_LOOP('',(#10716,#10717,#10718,#10719,#10720));
#10722=FACE_OUTER_BOUND('',#10721,.F.);
#10723=ADVANCED_FACE('',(#10722),#10715,.T.);
#10724=CARTESIAN_POINT('',(1.6E1,2.086145232035E1,2.573620367180E-2));
#10725=DIRECTION('',(0.E0,9.979482148809E-1,6.402624786721E-2));
#10726=DIRECTION('',(1.E0,0.E0,0.E0));
#10727=AXIS2_PLACEMENT_3D('',#10724,#10725,#10726);
#10728=PLANE('',#10727);
#10729=ORIENTED_EDGE('',*,*,#10686,.T.);
#10730=ORIENTED_EDGE('',*,*,#10684,.T.);
#10731=ORIENTED_EDGE('',*,*,#10705,.T.);
#10732=ORIENTED_EDGE('',*,*,#10703,.T.);
#10733=EDGE_LOOP('',(#10729,#10730,#10731,#10732));
#10734=FACE_OUTER_BOUND('',#10733,.F.);
#10735=ADVANCED_FACE('',(#10734),#10728,.T.);
#10736=CARTESIAN_POINT('',(-8.747169655265E-13,1.906514553357E1,
-8.951104248922E-2));
#10737=DIRECTION('',(0.E0,9.979482148809E-1,6.402624786719E-2));
#10738=DIRECTION('',(1.E0,0.E0,0.E0));
#10739=AXIS2_PLACEMENT_3D('',#10736,#10737,#10738);
#10740=CYLINDRICAL_SURFACE('',#10739,2.55E0);
#10742=ORIENTED_EDGE('',*,*,#10741,.F.);
#10744=ORIENTED_EDGE('',*,*,#10743,.F.);
#10746=ORIENTED_EDGE('',*,*,#10745,.F.);
#10747=ORIENTED_EDGE('',*,*,#7781,.F.);
#10749=ORIENTED_EDGE('',*,*,#10748,.F.);
#10750=EDGE_LOOP('',(#10742,#10744,#10746,#10747,#10749));
#10751=FACE_OUTER_BOUND('',#10750,.F.);
#10752=ADVANCED_FACE('',(#10751),#10740,.T.);
#10753=CARTESIAN_POINT('',(-8.747169655265E-13,2.036247821291E1,
-6.276920262233E-3));
#10754=DIRECTION('',(0.E0,9.979482148809E-1,6.402624786719E-2));
#10755=DIRECTION('',(-9.951641129308E-1,-6.289055669722E-3,9.802467094283E-2));
#10756=AXIS2_PLACEMENT_3D('',#10753,#10754,#10755);
#10757=TOROIDAL_SURFACE('',#10756,2.05E0,5.E-1);
#10758=ORIENTED_EDGE('',*,*,#10743,.T.);
#10759=ORIENTED_EDGE('',*,*,#10741,.T.);
#10761=ORIENTED_EDGE('',*,*,#10760,.F.);
#10763=ORIENTED_EDGE('',*,*,#10762,.F.);
#10765=ORIENTED_EDGE('',*,*,#10764,.F.);
#10767=ORIENTED_EDGE('',*,*,#10766,.T.);
#10768=EDGE_LOOP('',(#10758,#10759,#10761,#10763,#10765,#10767));
#10769=FACE_OUTER_BOUND('',#10768,.F.);
#10770=ADVANCED_FACE('',(#10769),#10757,.T.);
#10771=CARTESIAN_POINT('',(-8.747169655265E-13,2.036247821291E1,
-6.276920262233E-3));
#10772=DIRECTION('',(0.E0,9.979482148809E-1,6.402624786719E-2));
#10773=DIRECTION('',(9.951641131245E-1,6.289055544076E-3,-9.802466898445E-2));
#10774=AXIS2_PLACEMENT_3D('',#10771,#10772,#10773);
#10775=TOROIDAL_SURFACE('',#10774,2.05E0,5.E-1);
#10777=ORIENTED_EDGE('',*,*,#10776,.T.);
#10779=ORIENTED_EDGE('',*,*,#10778,.T.);
#10780=ORIENTED_EDGE('',*,*,#10766,.F.);
#10782=ORIENTED_EDGE('',*,*,#10781,.F.);
#10784=ORIENTED_EDGE('',*,*,#10783,.F.);
#10785=ORIENTED_EDGE('',*,*,#10760,.T.);
#10786=EDGE_LOOP('',(#10777,#10779,#10780,#10782,#10784,#10785));
#10787=FACE_OUTER_BOUND('',#10786,.F.);
#10788=ADVANCED_FACE('',(#10787),#10775,.T.);
#10789=CARTESIAN_POINT('',(-8.747169655265E-13,1.906514553357E1,
-8.951104248922E-2));
#10790=DIRECTION('',(0.E0,9.979482148809E-1,6.402624786719E-2));
#10791=DIRECTION('',(1.E0,0.E0,0.E0));
#10792=AXIS2_PLACEMENT_3D('',#10789,#10790,#10791);
#10793=CYLINDRICAL_SURFACE('',#10792,2.55E0);
#10794=ORIENTED_EDGE('',*,*,#10778,.F.);
#10795=ORIENTED_EDGE('',*,*,#10776,.F.);
#10796=ORIENTED_EDGE('',*,*,#10748,.T.);
#10797=ORIENTED_EDGE('',*,*,#7783,.F.);
#10798=ORIENTED_EDGE('',*,*,#10745,.T.);
#10799=EDGE_LOOP('',(#10794,#10795,#10796,#10797,#10798));
#10800=FACE_OUTER_BOUND('',#10799,.F.);
#10801=ADVANCED_FACE('',(#10800),#10793,.T.);
#10802=CARTESIAN_POINT('',(-8.748557434046E-13,2.086145232035E1,
2.573620367180E-2));
#10803=DIRECTION('',(0.E0,9.979482148809E-1,6.402624786721E-2));
#10804=DIRECTION('',(1.E0,0.E0,0.E0));
#10805=AXIS2_PLACEMENT_3D('',#10802,#10803,#10804);
#10806=PLANE('',#10805);
#10807=ORIENTED_EDGE('',*,*,#10764,.T.);
#10808=ORIENTED_EDGE('',*,*,#10762,.T.);
#10809=ORIENTED_EDGE('',*,*,#10783,.T.);
#10810=ORIENTED_EDGE('',*,*,#10781,.T.);
#10811=EDGE_LOOP('',(#10807,#10808,#10809,#10810));
#10812=FACE_OUTER_BOUND('',#10811,.F.);
#10813=ADVANCED_FACE('',(#10812),#10806,.T.);
#10814=CARTESIAN_POINT('',(7.2E1,1.906514553357E1,-8.951104248922E-2));
#10815=DIRECTION('',(0.E0,9.979482148809E-1,6.402624786719E-2));
#10816=DIRECTION('',(1.E0,0.E0,0.E0));
#10817=AXIS2_PLACEMENT_3D('',#10814,#10815,#10816);
#10818=CYLINDRICAL_SURFACE('',#10817,2.55E0);
#10820=ORIENTED_EDGE('',*,*,#10819,.F.);
#10822=ORIENTED_EDGE('',*,*,#10821,.F.);
#10824=ORIENTED_EDGE('',*,*,#10823,.F.);
#10825=ORIENTED_EDGE('',*,*,#7787,.F.);
#10827=ORIENTED_EDGE('',*,*,#10826,.F.);
#10828=EDGE_LOOP('',(#10820,#10822,#10824,#10825,#10827));
#10829=FACE_OUTER_BOUND('',#10828,.F.);
#10830=ADVANCED_FACE('',(#10829),#10818,.T.);
#10831=CARTESIAN_POINT('',(7.2E1,2.036247821291E1,-6.276920262233E-3));
#10832=DIRECTION('',(0.E0,9.979482148809E-1,6.402624786719E-2));
#10833=DIRECTION('',(-9.951641129308E-1,-6.289055669722E-3,9.802467094283E-2));
#10834=AXIS2_PLACEMENT_3D('',#10831,#10832,#10833);
#10835=TOROIDAL_SURFACE('',#10834,2.05E0,5.E-1);
#10836=ORIENTED_EDGE('',*,*,#10821,.T.);
#10837=ORIENTED_EDGE('',*,*,#10819,.T.);
#10839=ORIENTED_EDGE('',*,*,#10838,.F.);
#10841=ORIENTED_EDGE('',*,*,#10840,.F.);
#10843=ORIENTED_EDGE('',*,*,#10842,.F.);
#10845=ORIENTED_EDGE('',*,*,#10844,.T.);
#10846=EDGE_LOOP('',(#10836,#10837,#10839,#10841,#10843,#10845));
#10847=FACE_OUTER_BOUND('',#10846,.F.);
#10848=ADVANCED_FACE('',(#10847),#10835,.T.);
#10849=CARTESIAN_POINT('',(7.2E1,2.036247821291E1,-6.276920262233E-3));
#10850=DIRECTION('',(0.E0,9.979482148809E-1,6.402624786719E-2));
#10851=DIRECTION('',(9.951641131245E-1,6.289055544076E-3,-9.802466898445E-2));
#10852=AXIS2_PLACEMENT_3D('',#10849,#10850,#10851);
#10853=TOROIDAL_SURFACE('',#10852,2.05E0,5.E-1);
#10855=ORIENTED_EDGE('',*,*,#10854,.T.);
#10857=ORIENTED_EDGE('',*,*,#10856,.T.);
#10858=ORIENTED_EDGE('',*,*,#10844,.F.);
#10860=ORIENTED_EDGE('',*,*,#10859,.F.);
#10862=ORIENTED_EDGE('',*,*,#10861,.F.);
#10863=ORIENTED_EDGE('',*,*,#10838,.T.);
#10864=EDGE_LOOP('',(#10855,#10857,#10858,#10860,#10862,#10863));
#10865=FACE_OUTER_BOUND('',#10864,.F.);
#10866=ADVANCED_FACE('',(#10865),#10853,.T.);
#10867=CARTESIAN_POINT('',(7.2E1,1.906514553357E1,-8.951104248922E-2));
#10868=DIRECTION('',(0.E0,9.979482148809E-1,6.402624786719E-2));
#10869=DIRECTION('',(1.E0,0.E0,0.E0));
#10870=AXIS2_PLACEMENT_3D('',#10867,#10868,#10869);
#10871=CYLINDRICAL_SURFACE('',#10870,2.55E0);
#10872=ORIENTED_EDGE('',*,*,#10856,.F.);
#10873=ORIENTED_EDGE('',*,*,#10854,.F.);
#10874=ORIENTED_EDGE('',*,*,#10826,.T.);
#10875=ORIENTED_EDGE('',*,*,#7789,.F.);
#10876=ORIENTED_EDGE('',*,*,#10823,.T.);
#10877=EDGE_LOOP('',(#10872,#10873,#10874,#10875,#10876));
#10878=FACE_OUTER_BOUND('',#10877,.F.);
#10879=ADVANCED_FACE('',(#10878),#10871,.T.);
#10880=CARTESIAN_POINT('',(7.2E1,2.086145232035E1,2.573620367180E-2));
#10881=DIRECTION('',(0.E0,9.979482148809E-1,6.402624786721E-2));
#10882=DIRECTION('',(1.E0,0.E0,0.E0));
#10883=AXIS2_PLACEMENT_3D('',#10880,#10881,#10882);
#10884=PLANE('',#10883);
#10885=ORIENTED_EDGE('',*,*,#10842,.T.);
#10886=ORIENTED_EDGE('',*,*,#10840,.T.);
#10887=ORIENTED_EDGE('',*,*,#10861,.T.);
#10888=ORIENTED_EDGE('',*,*,#10859,.T.);
#10889=EDGE_LOOP('',(#10885,#10886,#10887,#10888));
#10890=FACE_OUTER_BOUND('',#10889,.F.);
#10891=ADVANCED_FACE('',(#10890),#10884,.T.);
#10892=CARTESIAN_POINT('',(8.E1,1.906514553357E1,-8.951104248922E-2));
#10893=DIRECTION('',(0.E0,9.979482148809E-1,6.402624786719E-2));
#10894=DIRECTION('',(1.E0,0.E0,0.E0));
#10895=AXIS2_PLACEMENT_3D('',#10892,#10893,#10894);
#10896=CYLINDRICAL_SURFACE('',#10895,2.55E0);
#10898=ORIENTED_EDGE('',*,*,#10897,.F.);
#10900=ORIENTED_EDGE('',*,*,#10899,.F.);
#10902=ORIENTED_EDGE('',*,*,#10901,.F.);
#10903=ORIENTED_EDGE('',*,*,#7793,.F.);
#10905=ORIENTED_EDGE('',*,*,#10904,.F.);
#10906=EDGE_LOOP('',(#10898,#10900,#10902,#10903,#10905));
#10907=FACE_OUTER_BOUND('',#10906,.F.);
#10908=ADVANCED_FACE('',(#10907),#10896,.T.);
#10909=CARTESIAN_POINT('',(8.E1,2.036247821291E1,-6.276920262233E-3));
#10910=DIRECTION('',(0.E0,9.979482148809E-1,6.402624786719E-2));
#10911=DIRECTION('',(-9.951641129308E-1,-6.289055669722E-3,9.802467094283E-2));
#10912=AXIS2_PLACEMENT_3D('',#10909,#10910,#10911);
#10913=TOROIDAL_SURFACE('',#10912,2.05E0,5.E-1);
#10914=ORIENTED_EDGE('',*,*,#10899,.T.);
#10915=ORIENTED_EDGE('',*,*,#10897,.T.);
#10917=ORIENTED_EDGE('',*,*,#10916,.F.);
#10919=ORIENTED_EDGE('',*,*,#10918,.F.);
#10921=ORIENTED_EDGE('',*,*,#10920,.F.);
#10923=ORIENTED_EDGE('',*,*,#10922,.T.);
#10924=EDGE_LOOP('',(#10914,#10915,#10917,#10919,#10921,#10923));
#10925=FACE_OUTER_BOUND('',#10924,.F.);
#10926=ADVANCED_FACE('',(#10925),#10913,.T.);
#10927=CARTESIAN_POINT('',(8.E1,2.036247821291E1,-6.276920262233E-3));
#10928=DIRECTION('',(0.E0,9.979482148809E-1,6.402624786719E-2));
#10929=DIRECTION('',(9.951641131245E-1,6.289055544076E-3,-9.802466898445E-2));
#10930=AXIS2_PLACEMENT_3D('',#10927,#10928,#10929);
#10931=TOROIDAL_SURFACE('',#10930,2.05E0,5.E-1);
#10933=ORIENTED_EDGE('',*,*,#10932,.T.);
#10935=ORIENTED_EDGE('',*,*,#10934,.T.);
#10936=ORIENTED_EDGE('',*,*,#10922,.F.);
#10938=ORIENTED_EDGE('',*,*,#10937,.F.);
#10940=ORIENTED_EDGE('',*,*,#10939,.F.);
#10941=ORIENTED_EDGE('',*,*,#10916,.T.);
#10942=EDGE_LOOP('',(#10933,#10935,#10936,#10938,#10940,#10941));
#10943=FACE_OUTER_BOUND('',#10942,.F.);
#10944=ADVANCED_FACE('',(#10943),#10931,.T.);
#10945=CARTESIAN_POINT('',(8.E1,1.906514553357E1,-8.951104248922E-2));
#10946=DIRECTION('',(0.E0,9.979482148809E-1,6.402624786719E-2));
#10947=DIRECTION('',(1.E0,0.E0,0.E0));
#10948=AXIS2_PLACEMENT_3D('',#10945,#10946,#10947);
#10949=CYLINDRICAL_SURFACE('',#10948,2.55E0);
#10950=ORIENTED_EDGE('',*,*,#10934,.F.);
#10951=ORIENTED_EDGE('',*,*,#10932,.F.);
#10952=ORIENTED_EDGE('',*,*,#10904,.T.);
#10953=ORIENTED_EDGE('',*,*,#7795,.F.);
#10954=ORIENTED_EDGE('',*,*,#10901,.T.);
#10955=EDGE_LOOP('',(#10950,#10951,#10952,#10953,#10954));
#10956=FACE_OUTER_BOUND('',#10955,.F.);
#10957=ADVANCED_FACE('',(#10956),#10949,.T.);
#10958=CARTESIAN_POINT('',(8.E1,2.086145232035E1,2.573620367180E-2));
#10959=DIRECTION('',(0.E0,9.979482148809E-1,6.402624786721E-2));
#10960=DIRECTION('',(1.E0,0.E0,0.E0));
#10961=AXIS2_PLACEMENT_3D('',#10958,#10959,#10960);
#10962=PLANE('',#10961);
#10963=ORIENTED_EDGE('',*,*,#10920,.T.);
#10964=ORIENTED_EDGE('',*,*,#10918,.T.);
#10965=ORIENTED_EDGE('',*,*,#10939,.T.);
#10966=ORIENTED_EDGE('',*,*,#10937,.T.);
#10967=EDGE_LOOP('',(#10963,#10964,#10965,#10966));
#10968=FACE_OUTER_BOUND('',#10967,.F.);
#10969=ADVANCED_FACE('',(#10968),#10962,.T.);
#10970=CARTESIAN_POINT('',(7.2E1,1.855293555063E1,7.894074676558E0));
#10971=DIRECTION('',(0.E0,9.979482148809E-1,6.402624786719E-2));
#10972=DIRECTION('',(1.E0,0.E0,0.E0));
#10973=AXIS2_PLACEMENT_3D('',#10970,#10971,#10972);
#10974=CYLINDRICAL_SURFACE('',#10973,2.55E0);
#10976=ORIENTED_EDGE('',*,*,#10975,.F.);
#10978=ORIENTED_EDGE('',*,*,#10977,.F.);
#10980=ORIENTED_EDGE('',*,*,#10979,.F.);
#10981=ORIENTED_EDGE('',*,*,#7799,.F.);
#10983=ORIENTED_EDGE('',*,*,#10982,.F.);
#10984=EDGE_LOOP('',(#10976,#10978,#10980,#10981,#10983));
#10985=FACE_OUTER_BOUND('',#10984,.F.);
#10986=ADVANCED_FACE('',(#10985),#10974,.T.);
#10987=CARTESIAN_POINT('',(7.2E1,1.985026822997E1,7.977308798785E0));
#10988=DIRECTION('',(0.E0,9.979482148809E-1,6.402624786719E-2));
#10989=DIRECTION('',(-9.951641129308E-1,-6.289055669722E-3,9.802467094283E-2));
#10990=AXIS2_PLACEMENT_3D('',#10987,#10988,#10989);
#10991=TOROIDAL_SURFACE('',#10990,2.05E0,5.E-1);
#10992=ORIENTED_EDGE('',*,*,#10977,.T.);
#10993=ORIENTED_EDGE('',*,*,#10975,.T.);
#10995=ORIENTED_EDGE('',*,*,#10994,.F.);
#10997=ORIENTED_EDGE('',*,*,#10996,.F.);
#10999=ORIENTED_EDGE('',*,*,#10998,.F.);
#11001=ORIENTED_EDGE('',*,*,#11000,.T.);
#11002=EDGE_LOOP('',(#10992,#10993,#10995,#10997,#10999,#11001));
#11003=FACE_OUTER_BOUND('',#11002,.F.);
#11004=ADVANCED_FACE('',(#11003),#10991,.T.);
#11005=CARTESIAN_POINT('',(7.2E1,1.985026822997E1,7.977308798785E0));
#11006=DIRECTION('',(0.E0,9.979482148809E-1,6.402624786719E-2));
#11007=DIRECTION('',(9.951641131245E-1,6.289055544076E-3,-9.802466898445E-2));
#11008=AXIS2_PLACEMENT_3D('',#11005,#11006,#11007);
#11009=TOROIDAL_SURFACE('',#11008,2.05E0,5.E-1);
#11011=ORIENTED_EDGE('',*,*,#11010,.T.);
#11013=ORIENTED_EDGE('',*,*,#11012,.T.);
#11014=ORIENTED_EDGE('',*,*,#11000,.F.);
#11016=ORIENTED_EDGE('',*,*,#11015,.F.);
#11018=ORIENTED_EDGE('',*,*,#11017,.F.);
#11019=ORIENTED_EDGE('',*,*,#10994,.T.);
#11020=EDGE_LOOP('',(#11011,#11013,#11014,#11016,#11018,#11019));
#11021=FACE_OUTER_BOUND('',#11020,.F.);
#11022=ADVANCED_FACE('',(#11021),#11009,.T.);
#11023=CARTESIAN_POINT('',(7.2E1,1.855293555063E1,7.894074676558E0));
#11024=DIRECTION('',(0.E0,9.979482148809E-1,6.402624786719E-2));
#11025=DIRECTION('',(1.E0,0.E0,0.E0));
#11026=AXIS2_PLACEMENT_3D('',#11023,#11024,#11025);
#11027=CYLINDRICAL_SURFACE('',#11026,2.55E0);
#11028=ORIENTED_EDGE('',*,*,#11012,.F.);
#11029=ORIENTED_EDGE('',*,*,#11010,.F.);
#11030=ORIENTED_EDGE('',*,*,#10982,.T.);
#11031=ORIENTED_EDGE('',*,*,#7801,.F.);
#11032=ORIENTED_EDGE('',*,*,#10979,.T.);
#11033=EDGE_LOOP('',(#11028,#11029,#11030,#11031,#11032));
#11034=FACE_OUTER_BOUND('',#11033,.F.);
#11035=ADVANCED_FACE('',(#11034),#11027,.T.);
#11036=CARTESIAN_POINT('',(7.2E1,2.034924233741E1,8.009321922719E0));
#11037=DIRECTION('',(0.E0,9.979482148809E-1,6.402624786721E-2));
#11038=DIRECTION('',(1.E0,0.E0,0.E0));
#11039=AXIS2_PLACEMENT_3D('',#11036,#11037,#11038);
#11040=PLANE('',#11039);
#11041=ORIENTED_EDGE('',*,*,#10998,.T.);
#11042=ORIENTED_EDGE('',*,*,#10996,.T.);
#11043=ORIENTED_EDGE('',*,*,#11017,.T.);
#11044=ORIENTED_EDGE('',*,*,#11015,.T.);
#11045=EDGE_LOOP('',(#11041,#11042,#11043,#11044));
#11046=FACE_OUTER_BOUND('',#11045,.F.);
#11047=ADVANCED_FACE('',(#11046),#11040,.T.);
#11048=CARTESIAN_POINT('',(8.E1,1.855293555063E1,7.894074676558E0));
#11049=DIRECTION('',(0.E0,9.979482148809E-1,6.402624786719E-2));
#11050=DIRECTION('',(1.E0,0.E0,0.E0));
#11051=AXIS2_PLACEMENT_3D('',#11048,#11049,#11050);
#11052=CYLINDRICAL_SURFACE('',#11051,2.55E0);
#11054=ORIENTED_EDGE('',*,*,#11053,.F.);
#11056=ORIENTED_EDGE('',*,*,#11055,.F.);
#11058=ORIENTED_EDGE('',*,*,#11057,.F.);
#11059=ORIENTED_EDGE('',*,*,#7805,.F.);
#11061=ORIENTED_EDGE('',*,*,#11060,.F.);
#11062=EDGE_LOOP('',(#11054,#11056,#11058,#11059,#11061));
#11063=FACE_OUTER_BOUND('',#11062,.F.);
#11064=ADVANCED_FACE('',(#11063),#11052,.T.);
#11065=CARTESIAN_POINT('',(8.E1,1.985026822997E1,7.977308798785E0));
#11066=DIRECTION('',(0.E0,9.979482148809E-1,6.402624786719E-2));
#11067=DIRECTION('',(9.947697185797E-1,-6.539837595415E-3,1.019334955797E-1));
#11068=AXIS2_PLACEMENT_3D('',#11065,#11066,#11067);
#11069=TOROIDAL_SURFACE('',#11068,2.05E0,5.E-1);
#11071=ORIENTED_EDGE('',*,*,#11070,.F.);
#11073=ORIENTED_EDGE('',*,*,#11072,.F.);
#11075=ORIENTED_EDGE('',*,*,#11074,.F.);
#11076=ORIENTED_EDGE('',*,*,#11055,.T.);
#11077=ORIENTED_EDGE('',*,*,#11053,.T.);
#11079=ORIENTED_EDGE('',*,*,#11078,.T.);
#11080=EDGE_LOOP('',(#11071,#11073,#11075,#11076,#11077,#11079));
#11081=FACE_OUTER_BOUND('',#11080,.F.);
#11082=ADVANCED_FACE('',(#11081),#11069,.T.);
#11083=CARTESIAN_POINT('',(8.E1,2.034924233741E1,8.009321922719E0));
#11084=DIRECTION('',(0.E0,9.979482148809E-1,6.402624786721E-2));
#11085=DIRECTION('',(1.E0,0.E0,0.E0));
#11086=AXIS2_PLACEMENT_3D('',#11083,#11084,#11085);
#11087=PLANE('',#11086);
#11088=ORIENTED_EDGE('',*,*,#11072,.T.);
#11089=ORIENTED_EDGE('',*,*,#11070,.T.);
#11091=ORIENTED_EDGE('',*,*,#11090,.T.);
#11093=ORIENTED_EDGE('',*,*,#11092,.T.);
#11094=EDGE_LOOP('',(#11088,#11089,#11091,#11093));
#11095=FACE_OUTER_BOUND('',#11094,.F.);
#11096=ADVANCED_FACE('',(#11095),#11087,.T.);
#11097=CARTESIAN_POINT('',(8.E1,1.985026822997E1,7.977308798785E0));
#11098=DIRECTION('',(0.E0,9.979482148809E-1,6.402624786719E-2));
#11099=DIRECTION('',(-9.947697187811E-1,6.539837469819E-3,-1.019334936221E-1));
#11100=AXIS2_PLACEMENT_3D('',#11097,#11098,#11099);
#11101=TOROIDAL_SURFACE('',#11100,2.05E0,5.E-1);
#11102=ORIENTED_EDGE('',*,*,#11092,.F.);
#11103=ORIENTED_EDGE('',*,*,#11090,.F.);
#11104=ORIENTED_EDGE('',*,*,#11078,.F.);
#11106=ORIENTED_EDGE('',*,*,#11105,.T.);
#11108=ORIENTED_EDGE('',*,*,#11107,.T.);
#11109=ORIENTED_EDGE('',*,*,#11074,.T.);
#11110=EDGE_LOOP('',(#11102,#11103,#11104,#11106,#11108,#11109));
#11111=FACE_OUTER_BOUND('',#11110,.F.);
#11112=ADVANCED_FACE('',(#11111),#11101,.T.);
#11113=CARTESIAN_POINT('',(8.E1,1.855293555063E1,7.894074676558E0));
#11114=DIRECTION('',(0.E0,9.979482148809E-1,6.402624786719E-2));
#11115=DIRECTION('',(1.E0,0.E0,0.E0));
#11116=AXIS2_PLACEMENT_3D('',#11113,#11114,#11115);
#11117=CYLINDRICAL_SURFACE('',#11116,2.55E0);
#11118=ORIENTED_EDGE('',*,*,#11107,.F.);
#11119=ORIENTED_EDGE('',*,*,#11105,.F.);
#11120=ORIENTED_EDGE('',*,*,#11060,.T.);
#11121=ORIENTED_EDGE('',*,*,#7807,.F.);
#11122=ORIENTED_EDGE('',*,*,#11057,.T.);
#11123=EDGE_LOOP('',(#11118,#11119,#11120,#11121,#11122));
#11124=FACE_OUTER_BOUND('',#11123,.F.);
#11125=ADVANCED_FACE('',(#11124),#11117,.T.);
#11126=CARTESIAN_POINT('',(-1.073876048756E1,8.963675437392E0,
-5.290556909960E0));
#11127=CARTESIAN_POINT('',(-1.071350020597E1,8.925335516388E0,
-5.294702284742E0));
#11128=CARTESIAN_POINT('',(-1.067124332969E1,8.908044832804E0,
-5.296571781645E0));
#11129=CARTESIAN_POINT('',(-1.062114241564E1,8.913237711490E0,
-5.296010319134E0));
#11130=CARTESIAN_POINT('',(-1.058970272461E1,8.921975685919E0,
-5.295065555091E0));
#11131=CARTESIAN_POINT('',(-1.055204378487E1,8.941347928343E0,
-5.292970996651E0));
#11132=CARTESIAN_POINT('',(-1.051294177985E1,8.972883131007E0,
-5.289561359117E0));
#11133=CARTESIAN_POINT('',(-1.047191354944E1,9.023824145966E0,
-5.284053533514E0));
#11134=CARTESIAN_POINT('',(-1.043828777293E1,9.106475559205E0,
-5.275117127942E0));
#11135=CARTESIAN_POINT('',(-1.046730051491E1,9.175606847845E0,
-5.267642540287E0));
#11136=CARTESIAN_POINT('',(-1.050765867762E1,9.207610467974E0,
-5.264182256693E0));
#11138=DIRECTION('',(0.E0,1.074951318135E-1,-9.942056108454E-1));
#11139=VECTOR('',#11138,1.E0);
#11140=SURFACE_OF_LINEAR_EXTRUSION('',#11137,#11139);
#11142=ORIENTED_EDGE('',*,*,#11141,.T.);
#11143=ORIENTED_EDGE('',*,*,#7191,.F.);
#11145=ORIENTED_EDGE('',*,*,#11144,.T.);
#11147=ORIENTED_EDGE('',*,*,#11146,.F.);
#11148=EDGE_LOOP('',(#11142,#11143,#11145,#11147));
#11149=FACE_OUTER_BOUND('',#11148,.F.);
#11150=ADVANCED_FACE('',(#11149),#11140,.T.);
#11151=CARTESIAN_POINT('',(-1.113453394778E1,8.961528720865E0,
-5.773586533151E0));
#11152=DIRECTION('',(3.268294956006E-3,-9.942003009023E-1,-1.074945576938E-1));
#11153=DIRECTION('',(9.999946591098E-1,3.249357183157E-3,3.513257971167E-4));
#11154=AXIS2_PLACEMENT_3D('',#11151,#11152,#11153);
#11155=PLANE('',#11154);
#11156=ORIENTED_EDGE('',*,*,#11141,.F.);
#11158=ORIENTED_EDGE('',*,*,#11157,.F.);
#11160=ORIENTED_EDGE('',*,*,#11159,.F.);
#11161=ORIENTED_EDGE('',*,*,#7193,.T.);
#11162=EDGE_LOOP('',(#11156,#11158,#11160,#11161));
#11163=FACE_OUTER_BOUND('',#11162,.F.);
#11164=ADVANCED_FACE('',(#11163),#11155,.F.);
#11165=CARTESIAN_POINT('',(-1.285218861775E1,1.283887547390E1,
-4.871563963049E0));
#11166=DIRECTION('',(1.412851149276E-14,1.074951318136E-1,-9.942056108454E-1));
#11167=DIRECTION('',(0.E0,-9.942056108454E-1,-1.074951318136E-1));
#11168=AXIS2_PLACEMENT_3D('',#11165,#11166,#11167);
#11169=PLANE('',#11168);
#11170=ORIENTED_EDGE('',*,*,#11146,.T.);
#11172=ORIENTED_EDGE('',*,*,#11171,.T.);
#11174=ORIENTED_EDGE('',*,*,#11173,.T.);
#11176=ORIENTED_EDGE('',*,*,#11175,.T.);
#11178=ORIENTED_EDGE('',*,*,#11177,.T.);
#11180=ORIENTED_EDGE('',*,*,#11179,.T.);
#11182=ORIENTED_EDGE('',*,*,#11181,.T.);
#11184=ORIENTED_EDGE('',*,*,#11183,.T.);
#11186=ORIENTED_EDGE('',*,*,#11185,.T.);
#11188=ORIENTED_EDGE('',*,*,#11187,.T.);
#11190=ORIENTED_EDGE('',*,*,#11189,.T.);
#11192=ORIENTED_EDGE('',*,*,#11191,.T.);
#11194=ORIENTED_EDGE('',*,*,#11193,.T.);
#11196=ORIENTED_EDGE('',*,*,#11195,.T.);
#11198=ORIENTED_EDGE('',*,*,#11197,.T.);
#11200=ORIENTED_EDGE('',*,*,#11199,.T.);
#11202=ORIENTED_EDGE('',*,*,#11201,.T.);
#11204=ORIENTED_EDGE('',*,*,#11203,.T.);
#11206=ORIENTED_EDGE('',*,*,#11205,.T.);
#11208=ORIENTED_EDGE('',*,*,#11207,.T.);
#11210=ORIENTED_EDGE('',*,*,#11209,.T.);
#11211=ORIENTED_EDGE('',*,*,#11157,.T.);
#11212=EDGE_LOOP('',(#11170,#11172,#11174,#11176,#11178,#11180,#11182,#11184,
#11186,#11188,#11190,#11192,#11194,#11196,#11198,#11200,#11202,#11204,#11206,
#11208,#11210,#11211));
#11213=FACE_OUTER_BOUND('',#11212,.F.);
#11214=ADVANCED_FACE('',(#11213),#11169,.T.);
#11215=CARTESIAN_POINT('',(-1.045316438423E1,9.454162744263E0,
-5.720322139244E0));
#11216=DIRECTION('',(9.999946615261E-1,3.248622060717E-3,3.512463144932E-4));
#11217=DIRECTION('',(-3.267555549156E-3,9.942003033048E-1,1.074945579523E-1));
#11218=AXIS2_PLACEMENT_3D('',#11215,#11216,#11217);
#11219=PLANE('',#11218);
#11221=ORIENTED_EDGE('',*,*,#11220,.F.);
#11222=ORIENTED_EDGE('',*,*,#11171,.F.);
#11223=ORIENTED_EDGE('',*,*,#11144,.F.);
#11224=ORIENTED_EDGE('',*,*,#7233,.T.);
#11225=EDGE_LOOP('',(#11221,#11222,#11223,#11224));
#11226=FACE_OUTER_BOUND('',#11225,.F.);
#11227=ADVANCED_FACE('',(#11226),#11219,.F.);
#11228=CARTESIAN_POINT('',(-1.037415906004E1,9.751909422407E0,
-5.688129282896E0));
#11229=DIRECTION('',(1.091719307547E-13,1.074951318135E-1,-9.942056108454E-1));
#11230=DIRECTION('',(-9.999947661606E-1,-3.216627990852E-3,-3.477870635701E-4));
#11231=AXIS2_PLACEMENT_3D('',#11228,#11229,#11230);
#11232=CYLINDRICAL_SURFACE('',#11231,7.998347651673E-2);
#11233=ORIENTED_EDGE('',*,*,#11220,.T.);
#11234=ORIENTED_EDGE('',*,*,#7231,.F.);
#11236=ORIENTED_EDGE('',*,*,#11235,.T.);
#11237=ORIENTED_EDGE('',*,*,#11173,.F.);
#11238=EDGE_LOOP('',(#11233,#11234,#11236,#11237));
#11239=FACE_OUTER_BOUND('',#11238,.F.);
#11240=ADVANCED_FACE('',(#11239),#11232,.T.);
#11241=CARTESIAN_POINT('',(-9.985784038367E0,1.006860764216E1,
-5.653887354959E0));
#11242=DIRECTION('',(5.029601350444E-1,-8.593014641249E-1,-9.290907549319E-2));
#11243=DIRECTION('',(8.643096103574E-1,5.000457882926E-1,5.406576601406E-2));
#11244=AXIS2_PLACEMENT_3D('',#11241,#11242,#11243);
#11245=PLANE('',#11244);
#11246=ORIENTED_EDGE('',*,*,#11235,.F.);
#11247=ORIENTED_EDGE('',*,*,#7229,.F.);
#11249=ORIENTED_EDGE('',*,*,#11248,.F.);
#11250=ORIENTED_EDGE('',*,*,#11175,.F.);
#11251=EDGE_LOOP('',(#11246,#11247,#11249,#11250));
#11252=FACE_OUTER_BOUND('',#11251,.F.);
#11253=ADVANCED_FACE('',(#11252),#11245,.F.);
#11254=CARTESIAN_POINT('',(-9.561687216973E0,1.026225869629E1,
-5.150151970521E0));
#11255=CARTESIAN_POINT('',(-9.560174176184E0,1.026314577329E1,
-5.150056058309E0));
#11256=CARTESIAN_POINT('',(-9.533842274853E0,1.027903949408E1,
-5.148337603300E0));
#11257=CARTESIAN_POINT('',(-9.489073508168E0,1.032162783943E1,
-5.143732881956E0));
#11258=CARTESIAN_POINT('',(-9.446376879133E0,1.039774187374E1,
-5.135503308454E0));
#11259=CARTESIAN_POINT('',(-9.433855744423E0,1.045784075773E1,
-5.129005319119E0));
#11260=CARTESIAN_POINT('',(-9.434347045286E0,1.048818626876E1,
-5.125724312983E0));
#11261=CARTESIAN_POINT('',(-9.434398328452E0,1.048993204203E1,
-5.125535557130E0));
#11263=DIRECTION('',(0.E0,1.074951318136E-1,-9.942056108454E-1));
#11264=VECTOR('',#11263,1.E0);
#11265=SURFACE_OF_LINEAR_EXTRUSION('',#11262,#11264);
#11267=ORIENTED_EDGE('',*,*,#11266,.F.);
#11268=ORIENTED_EDGE('',*,*,#11177,.F.);
#11269=ORIENTED_EDGE('',*,*,#11248,.T.);
#11270=ORIENTED_EDGE('',*,*,#7227,.F.);
#11271=EDGE_LOOP('',(#11267,#11268,#11269,#11270));
#11272=FACE_OUTER_BOUND('',#11271,.F.);
#11273=ADVANCED_FACE('',(#11272),#11265,.T.);
#11274=CARTESIAN_POINT('',(-9.437865062440E0,1.161721822333E1,
-5.486449053731E0));
#11275=DIRECTION('',(9.999946632360E-1,3.248101754981E-3,3.511900581601E-4));
#11276=DIRECTION('',(-3.267032210992E-3,9.942003050047E-1,1.074945581375E-1));
#11277=AXIS2_PLACEMENT_3D('',#11274,#11275,#11276);
#11278=PLANE('',#11277);
#11279=ORIENTED_EDGE('',*,*,#11266,.T.);
#11280=ORIENTED_EDGE('',*,*,#7225,.T.);
#11282=ORIENTED_EDGE('',*,*,#11281,.F.);
#11283=ORIENTED_EDGE('',*,*,#11179,.F.);
#11284=EDGE_LOOP('',(#11279,#11280,#11282,#11283));
#11285=FACE_OUTER_BOUND('',#11284,.F.);
#11286=ADVANCED_FACE('',(#11285),#11278,.F.);
#11287=CARTESIAN_POINT('',(-9.489360851564E0,1.254870669532E1,
-4.902937484544E0));
#11288=CARTESIAN_POINT('',(-9.454399019687E0,1.257988412863E1,
-4.899566529616E0));
#11289=CARTESIAN_POINT('',(-9.428341290352E0,1.264723712993E1,
-4.892284213287E0));
#11290=CARTESIAN_POINT('',(-9.468661288126E0,1.274459877974E1,
-4.881757312950E0));
#11291=CARTESIAN_POINT('',(-9.526659921422E0,1.280165940974E1,
-4.875587824591E0));
#11292=CARTESIAN_POINT('',(-9.580167870700E0,1.282878561993E1,
-4.872654894513E0));
#11293=CARTESIAN_POINT('',(-9.611642986947E0,1.283730363234E1,
-4.871733913123E0));
#11294=CARTESIAN_POINT('',(-9.662080281647E0,1.284220185771E1,
-4.871204309006E0));
#11295=CARTESIAN_POINT('',(-9.704521322570E0,1.282433207125E1,
-4.873136419459E0));
#11296=CARTESIAN_POINT('',(-9.729484514753E0,1.278485532397E1,
-4.877404709778E0));
#11298=DIRECTION('',(0.E0,1.074951318137E-1,-9.942056108453E-1));
#11299=VECTOR('',#11298,1.E0);
#11300=SURFACE_OF_LINEAR_EXTRUSION('',#11297,#11299);
#11301=ORIENTED_EDGE('',*,*,#11281,.T.);
#11302=ORIENTED_EDGE('',*,*,#7223,.F.);
#11304=ORIENTED_EDGE('',*,*,#11303,.F.);
#11305=ORIENTED_EDGE('',*,*,#11181,.F.);
#11306=EDGE_LOOP('',(#11301,#11302,#11304,#11305));
#11307=FACE_OUTER_BOUND('',#11306,.F.);
#11308=ADVANCED_FACE('',(#11307),#11300,.T.);
#11309=CARTESIAN_POINT('',(-1.012502216348E1,1.288887129794E1,
-5.348955849726E0));
#11310=DIRECTION('',(-3.268267975527E-3,9.942003009900E-1,1.074945577034E-1));
#11311=DIRECTION('',(-9.999946591980E-1,-3.249330359041E-3,-3.513228965952E-4));
#11312=AXIS2_PLACEMENT_3D('',#11309,#11310,#11311);
#11313=PLANE('',#11312);
#11314=ORIENTED_EDGE('',*,*,#11303,.T.);
#11315=ORIENTED_EDGE('',*,*,#7221,.T.);
#11317=ORIENTED_EDGE('',*,*,#11316,.F.);
#11318=ORIENTED_EDGE('',*,*,#11183,.F.);
#11319=EDGE_LOOP('',(#11314,#11315,#11317,#11318));
#11320=FACE_OUTER_BOUND('',#11319,.F.);
#11321=ADVANCED_FACE('',(#11320),#11313,.F.);
#11322=CARTESIAN_POINT('',(-1.052087529765E1,1.278334171911E1,
-4.877568363167E0));
#11323=CARTESIAN_POINT('',(-1.054603687626E1,1.282185244771E1,
-4.873404520399E0));
#11324=CARTESIAN_POINT('',(-1.058829326902E1,1.283916335605E1,
-4.871532836762E0));
#11325=CARTESIAN_POINT('',(-1.063840506563E1,1.283396567898E1,
-4.872094818082E0));
#11326=CARTESIAN_POINT('',(-1.066984107230E1,1.282523441199E1,
-4.873038856906E0));
#11327=CARTESIAN_POINT('',(-1.072317851829E1,1.279774389825E1,
-4.876011176078E0));
#11328=CARTESIAN_POINT('',(-1.078078928828E1,1.274030370647E1,
-4.882221703276E0));
#11329=CARTESIAN_POINT('',(-1.082125190742E1,1.264070342095E1,
-4.892990648557E0));
#11330=CARTESIAN_POINT('',(-1.079223615617E1,1.257131894067E1,
-4.900492611705E0));
#11331=CARTESIAN_POINT('',(-1.075193894122E1,1.253883146063E1,
-4.904005211024E0));
#11333=DIRECTION('',(0.E0,1.074951318137E-1,-9.942056108453E-1));
#11334=VECTOR('',#11333,1.E0);
#11335=SURFACE_OF_LINEAR_EXTRUSION('',#11332,#11334);
#11336=ORIENTED_EDGE('',*,*,#11316,.T.);
#11337=ORIENTED_EDGE('',*,*,#7219,.F.);
#11339=ORIENTED_EDGE('',*,*,#11338,.F.);
#11340=ORIENTED_EDGE('',*,*,#11185,.F.);
#11341=EDGE_LOOP('',(#11336,#11337,#11339,#11340));
#11342=FACE_OUTER_BOUND('',#11341,.F.);
#11343=ADVANCED_FACE('',(#11342),#11335,.T.);
#11344=CARTESIAN_POINT('',(-1.080504253301E1,1.198576248179E1,
-5.446601447553E0));
#11345=DIRECTION('',(-9.999946619919E-1,-3.248480335556E-3,-3.512309909092E-4));
#11346=DIRECTION('',(3.267412997995E-3,-9.942003037678E-1,-1.074945580036E-1));
#11347=AXIS2_PLACEMENT_3D('',#11344,#11345,#11346);
#11348=PLANE('',#11347);
#11349=ORIENTED_EDGE('',*,*,#11338,.T.);
#11350=ORIENTED_EDGE('',*,*,#7217,.T.);
#11352=ORIENTED_EDGE('',*,*,#11351,.F.);
#11353=ORIENTED_EDGE('',*,*,#11187,.F.);
#11354=EDGE_LOOP('',(#11349,#11350,#11352,#11353));
#11355=FACE_OUTER_BOUND('',#11354,.F.);
#11356=ADVANCED_FACE('',(#11355),#11348,.F.);
#11357=CARTESIAN_POINT('',(-1.082626125143E1,1.132451656444E1,
-5.035298917680E0));
#11358=CARTESIAN_POINT('',(-1.081032725980E1,1.129397363796E1,
-5.038601268694E0));
#11359=CARTESIAN_POINT('',(-1.079096944726E1,1.120684743748E1,
-5.048021495560E0));
#11360=CARTESIAN_POINT('',(-1.083847192353E1,1.106568297062E1,
-5.063284427903E0));
#11361=CARTESIAN_POINT('',(-1.095463288326E1,1.098438058016E1,
-5.072074974933E0));
#11362=CARTESIAN_POINT('',(-1.106212509568E1,1.096526304375E1,
-5.074141994142E0));
#11363=CARTESIAN_POINT('',(-1.114776585102E1,1.096475900115E1,
-5.074196492050E0));
#11364=CARTESIAN_POINT('',(-1.123256599023E1,1.096636341880E1,
-5.074023019797E0));
#11365=CARTESIAN_POINT('',(-1.133637481275E1,1.098660245911E1,
-5.071834741757E0));
#11366=CARTESIAN_POINT('',(-1.144644118436E1,1.106870181616E1,
-5.062958025401E0));
#11367=CARTESIAN_POINT('',(-1.149274587261E1,1.120515652784E1,
-5.048204319467E0));
#11368=CARTESIAN_POINT('',(-1.147440761608E1,1.129137065748E1,
-5.038882707188E0));
#11369=CARTESIAN_POINT('',(-1.145890567720E1,1.132229075801E1,
-5.035539575500E0));
#11371=DIRECTION('',(0.E0,1.074951318137E-1,-9.942056108453E-1));
#11372=VECTOR('',#11371,1.E0);
#11373=SURFACE_OF_LINEAR_EXTRUSION('',#11370,#11372);
#11374=ORIENTED_EDGE('',*,*,#11351,.T.);
#11375=ORIENTED_EDGE('',*,*,#7215,.F.);
#11377=ORIENTED_EDGE('',*,*,#11376,.F.);
#11378=ORIENTED_EDGE('',*,*,#11189,.F.);
#11379=EDGE_LOOP('',(#11374,#11375,#11377,#11378));
#11380=FACE_OUTER_BOUND('',#11379,.F.);
#11381=ADVANCED_FACE('',(#11380),#11373,.T.);
#11382=CARTESIAN_POINT('',(-1.148378174739E1,1.198355700630E1,
-5.446839907158E0));
#11383=DIRECTION('',(9.999946600096E-1,3.249083449699E-3,3.512962005937E-4));
#11384=DIRECTION('',(-3.268019627184E-3,9.942003017969E-1,1.074945577906E-1));
#11385=AXIS2_PLACEMENT_3D('',#11382,#11383,#11384);
#11386=PLANE('',#11385);
#11387=ORIENTED_EDGE('',*,*,#11376,.T.);
#11388=ORIENTED_EDGE('',*,*,#7213,.T.);
#11390=ORIENTED_EDGE('',*,*,#11389,.F.);
#11391=ORIENTED_EDGE('',*,*,#11191,.F.);
#11392=EDGE_LOOP('',(#11387,#11388,#11390,#11391));
#11393=FACE_OUTER_BOUND('',#11392,.F.);
#11394=ADVANCED_FACE('',(#11393),#11386,.F.);
#11395=CARTESIAN_POINT('',(-1.153405246520E1,1.254206264668E1,
-4.903655849919E0));
#11396=CARTESIAN_POINT('',(-1.149909072762E1,1.257324005026E1,
-4.900284898203E0));
#11397=CARTESIAN_POINT('',(-1.147303304876E1,1.264059304754E1,
-4.893002582310E0));
#11398=CARTESIAN_POINT('',(-1.151335296383E1,1.273795476082E1,
-4.882475675111E0));
#11399=CARTESIAN_POINT('',(-1.157135162790E1,1.279501542217E1,
-4.876306183362E0));
#11400=CARTESIAN_POINT('',(-1.162485958823E1,1.282214164473E1,
-4.873373251946E0));
#11401=CARTESIAN_POINT('',(-1.165633471293E1,1.283065966205E1,
-4.872452270023E0));
#11402=CARTESIAN_POINT('',(-1.170677201146E1,1.283555788944E1,
-4.871922665691E0));
#11403=CARTESIAN_POINT('',(-1.174921305472E1,1.281768810316E1,
-4.873854776122E0));
#11404=CARTESIAN_POINT('',(-1.177417625219E1,1.277821136129E1,
-4.878123065816E0));
#11406=DIRECTION('',(0.E0,1.074951318136E-1,-9.942056108454E-1));
#11407=VECTOR('',#11406,1.E0);
#11408=SURFACE_OF_LINEAR_EXTRUSION('',#11405,#11407);
#11409=ORIENTED_EDGE('',*,*,#11389,.T.);
#11410=ORIENTED_EDGE('',*,*,#7211,.F.);
#11412=ORIENTED_EDGE('',*,*,#11411,.F.);
#11413=ORIENTED_EDGE('',*,*,#11193,.F.);
#11414=EDGE_LOOP('',(#11409,#11410,#11412,#11413));
#11415=FACE_OUTER_BOUND('',#11414,.F.);
#11416=ADVANCED_FACE('',(#11415),#11408,.T.);
#11417=CARTESIAN_POINT('',(-1.216972432545E1,1.288222729479E1,
-5.349674210180E0));
#11418=DIRECTION('',(-3.268267974782E-3,9.942003009900E-1,1.074945577034E-1));
#11419=DIRECTION('',(-9.999946591980E-1,-3.249330358305E-3,-3.513228964669E-4));
#11420=AXIS2_PLACEMENT_3D('',#11417,#11418,#11419);
#11421=PLANE('',#11420);
#11422=ORIENTED_EDGE('',*,*,#11411,.T.);
#11423=ORIENTED_EDGE('',*,*,#7209,.T.);
#11425=ORIENTED_EDGE('',*,*,#11424,.F.);
#11426=ORIENTED_EDGE('',*,*,#11195,.F.);
#11427=EDGE_LOOP('',(#11422,#11423,#11425,#11426));
#11428=FACE_OUTER_BOUND('',#11427,.F.);
#11429=ADVANCED_FACE('',(#11428),#11421,.F.);
#11430=CARTESIAN_POINT('',(-1.256336647978E1,1.277829073122E1,
-4.878114484241E0));
#11431=CARTESIAN_POINT('',(-1.259067098769E1,1.281531395912E1,
-4.874111472447E0));
#11432=CARTESIAN_POINT('',(-1.262893343049E1,1.283082364535E1,
-4.872434539881E0));
#11433=CARTESIAN_POINT('',(-1.267087528109E1,1.282859359017E1,
-4.872675657084E0));
#11434=CARTESIAN_POINT('',(-1.268706179771E1,1.282622648194E1,
-4.872931592686E0));
#11435=CARTESIAN_POINT('',(-1.271456294476E1,1.281857323028E1,
-4.873759074735E0));
#11436=CARTESIAN_POINT('',(-1.276753567951E1,1.279143092513E1,
-4.876693745026E0));
#11437=CARTESIAN_POINT('',(-1.282683214373E1,1.273169443315E1,
-4.883152551946E0));
#11438=CARTESIAN_POINT('',(-1.286574474626E1,1.263390050528E1,
-4.893726190892E0));
#11439=CARTESIAN_POINT('',(-1.283692894162E1,1.256298931862E1,
-4.901393224023E0));
#11440=CARTESIAN_POINT('',(-1.279768217631E1,1.252764874818E1,
-4.905214304126E0));
#11442=DIRECTION('',(0.E0,1.074951318136E-1,-9.942056108454E-1));
#11443=VECTOR('',#11442,1.E0);
#11444=SURFACE_OF_LINEAR_EXTRUSION('',#11441,#11443);
#11446=ORIENTED_EDGE('',*,*,#11445,.T.);
#11447=ORIENTED_EDGE('',*,*,#11197,.F.);
#11448=ORIENTED_EDGE('',*,*,#11424,.T.);
#11449=ORIENTED_EDGE('',*,*,#7207,.F.);
#11450=EDGE_LOOP('',(#11446,#11447,#11448,#11449));
#11451=FACE_OUTER_BOUND('',#11450,.F.);
#11452=ADVANCED_FACE('',(#11451),#11444,.T.);
#11453=CARTESIAN_POINT('',(-1.284852944654E1,1.160614603436E1,
-5.487646196857E0));
#11454=DIRECTION('',(-9.999946615261E-1,-3.248622060881E-3,-3.512463144820E-4));
#11455=DIRECTION('',(3.267555549318E-3,-9.942003033047E-1,-1.074945579536E-1));
#11456=AXIS2_PLACEMENT_3D('',#11453,#11454,#11455);
#11457=PLANE('',#11456);
#11459=ORIENTED_EDGE('',*,*,#11458,.F.);
#11460=ORIENTED_EDGE('',*,*,#11199,.F.);
#11461=ORIENTED_EDGE('',*,*,#11445,.F.);
#11462=ORIENTED_EDGE('',*,*,#7205,.T.);
#11463=EDGE_LOOP('',(#11459,#11460,#11461,#11462));
#11464=FACE_OUTER_BOUND('',#11463,.F.);
#11465=ADVANCED_FACE('',(#11464),#11457,.F.);
#11466=CARTESIAN_POINT('',(-1.284492290998E1,1.047900638544E1,
-5.126716856938E0));
#11467=CARTESIAN_POINT('',(-1.284496495683E1,1.047721505107E1,
-5.126910538931E0));
#11468=CARTESIAN_POINT('',(-1.284527601793E1,1.044594455083E1,
-5.130291556407E0));
#11469=CARTESIAN_POINT('',(-1.283159662511E1,1.038425750445E1,
-5.136961260449E0));
#11470=CARTESIAN_POINT('',(-1.278638813049E1,1.030700217741E1,
-5.145314232383E0));
#11471=CARTESIAN_POINT('',(-1.273920488196E1,1.026468860733E1,
-5.149889244577E0));
#11472=CARTESIAN_POINT('',(-1.271170637719E1,1.024949742273E1,
-5.151531740227E0));
#11473=CARTESIAN_POINT('',(-1.271011916376E1,1.024864812797E1,
-5.151623567361E0));
#11475=DIRECTION('',(0.E0,1.074951318135E-1,-9.942056108454E-1));
#11476=VECTOR('',#11475,1.E0);
#11477=SURFACE_OF_LINEAR_EXTRUSION('',#11474,#11476);
#11478=ORIENTED_EDGE('',*,*,#11458,.T.);
#11479=ORIENTED_EDGE('',*,*,#7203,.F.);
#11481=ORIENTED_EDGE('',*,*,#11480,.T.);
#11482=ORIENTED_EDGE('',*,*,#11201,.F.);
#11483=EDGE_LOOP('',(#11478,#11479,#11481,#11482));
#11484=FACE_OUTER_BOUND('',#11483,.F.);
#11485=ADVANCED_FACE('',(#11484),#11477,.T.);
#11486=CARTESIAN_POINT('',(-1.228758732905E1,1.005948305882E1,
-5.654873919789E0));
#11487=DIRECTION('',(-4.971245876842E-1,-8.626515005270E-1,-9.327128689136E-2));
#11488=DIRECTION('',(8.676791713069E-1,-4.942440543648E-1,-5.343847308101E-2));
#11489=AXIS2_PLACEMENT_3D('',#11486,#11487,#11488);
#11490=PLANE('',#11489);
#11492=ORIENTED_EDGE('',*,*,#11491,.F.);
#11493=ORIENTED_EDGE('',*,*,#11203,.F.);
#11494=ORIENTED_EDGE('',*,*,#11480,.F.);
#11495=ORIENTED_EDGE('',*,*,#7201,.F.);
#11496=EDGE_LOOP('',(#11492,#11493,#11494,#11495));
#11497=FACE_OUTER_BOUND('',#11496,.F.);
#11498=ADVANCED_FACE('',(#11497),#11490,.F.);
#11499=CARTESIAN_POINT('',(-1.190008828494E1,9.747110705987E0,
-5.688648127939E0));
#11500=DIRECTION('',(2.035408878476E-14,1.074951318134E-1,-9.942056108454E-1));
#11501=DIRECTION('',(4.970866325898E-1,8.626731192649E-1,9.327362434458E-2));
#11502=AXIS2_PLACEMENT_3D('',#11499,#11500,#11501);
#11503=CYLINDRICAL_SURFACE('',#11502,7.998334029458E-2);
#11504=ORIENTED_EDGE('',*,*,#11491,.T.);
#11505=ORIENTED_EDGE('',*,*,#7199,.F.);
#11507=ORIENTED_EDGE('',*,*,#11506,.T.);
#11508=ORIENTED_EDGE('',*,*,#11205,.F.);
#11509=EDGE_LOOP('',(#11504,#11505,#11507,#11508));
#11510=FACE_OUTER_BOUND('',#11509,.F.);
#11511=ADVANCED_FACE('',(#11510),#11503,.T.);
#11512=CARTESIAN_POINT('',(-1.181912738428E1,9.449803949842E0,
-5.720793419205E0));
#11513=DIRECTION('',(-9.999946615261E-1,-3.248622061053E-3,-3.512463145001E-4));
#11514=DIRECTION('',(3.267555549491E-3,-9.942003033046E-1,-1.074945579542E-1));
#11515=AXIS2_PLACEMENT_3D('',#11512,#11513,#11514);
#11516=PLANE('',#11515);
#11517=ORIENTED_EDGE('',*,*,#11506,.F.);
#11518=ORIENTED_EDGE('',*,*,#7197,.T.);
#11520=ORIENTED_EDGE('',*,*,#11519,.F.);
#11521=ORIENTED_EDGE('',*,*,#11207,.F.);
#11522=EDGE_LOOP('',(#11517,#11518,#11520,#11521));
#11523=FACE_OUTER_BOUND('',#11522,.F.);
#11524=ADVANCED_FACE('',(#11523),#11516,.F.);
#11525=CARTESIAN_POINT('',(-1.177019516212E1,9.198476231477E0,
-5.265169865239E0));
#11526=CARTESIAN_POINT('',(-1.180516496504E1,9.167299858343E0,
-5.268540705539E0));
#11527=CARTESIAN_POINT('',(-1.183122595582E1,9.099951016218E0,
-5.275822572169E0));
#11528=CARTESIAN_POINT('',(-1.179090596556E1,9.002595605599E0,
-5.286348797914E0));
#11529=CARTESIAN_POINT('',(-1.173290769133E1,8.945542796670E0,
-5.292517440647E0));
#11530=CARTESIAN_POINT('',(-1.167940027069E1,8.918418691922E0,
-5.295450143082E0));
#11531=CARTESIAN_POINT('',(-1.164792418838E1,8.909900959639E0,
-5.296371094185E0));
#11532=CARTESIAN_POINT('',(-1.159748648676E1,8.905003148111E0,
-5.296900653554E0));
#11533=CARTESIAN_POINT('',(-1.155504527966E1,8.922869541425E0,
-5.294968909975E0));
#11534=CARTESIAN_POINT('',(-1.153008048641E1,8.962333051201E0,
-5.290702050936E0));
#11536=DIRECTION('',(0.E0,1.074951318134E-1,-9.942056108454E-1));
#11537=VECTOR('',#11536,1.E0);
#11538=SURFACE_OF_LINEAR_EXTRUSION('',#11535,#11537);
#11539=ORIENTED_EDGE('',*,*,#11519,.T.);
#11540=ORIENTED_EDGE('',*,*,#7195,.F.);
#11541=ORIENTED_EDGE('',*,*,#11159,.T.);
#11542=ORIENTED_EDGE('',*,*,#11209,.F.);
#11543=EDGE_LOOP('',(#11539,#11540,#11541,#11542));
#11544=FACE_OUTER_BOUND('',#11543,.F.);
#11545=ADVANCED_FACE('',(#11544),#11538,.T.);
#11546=CARTESIAN_POINT('',(-8.063228302422E0,8.971508556527E0,
-5.772507497046E0));
#11547=DIRECTION('',(3.268267591509E-3,-9.942003009913E-1,-1.074945577034E-1));
#11548=DIRECTION('',(9.999946591992E-1,3.249329977169E-3,3.513228560460E-4));
#11549=AXIS2_PLACEMENT_3D('',#11546,#11547,#11548);
#11550=PLANE('',#11549);
#11552=ORIENTED_EDGE('',*,*,#11551,.T.);
#11553=ORIENTED_EDGE('',*,*,#7237,.T.);
#11555=ORIENTED_EDGE('',*,*,#11554,.F.);
#11557=ORIENTED_EDGE('',*,*,#11556,.F.);
#11558=EDGE_LOOP('',(#11552,#11553,#11555,#11557));
#11559=FACE_OUTER_BOUND('',#11558,.F.);
#11560=ADVANCED_FACE('',(#11559),#11550,.F.);
#11561=CARTESIAN_POINT('',(-8.698892360674E0,9.208455874427E0,
-5.264090849972E0));
#11562=CARTESIAN_POINT('',(-8.733863959235E0,9.177279697091E0,
-5.267461669100E0));
#11563=CARTESIAN_POINT('',(-8.759925945156E0,9.109931191353E0,
-5.274743499359E0));
#11564=CARTESIAN_POINT('',(-8.719604440667E0,9.012575346466E0,
-5.285269772060E0));
#11565=CARTESIAN_POINT('',(-8.661603234415E0,8.955523398482E0,
-5.291438321705E0));
#11566=CARTESIAN_POINT('',(-8.608093193437E0,8.928398876092E0,
-5.294371069296E0));
#11567=CARTESIAN_POINT('',(-8.576614946484E0,8.919880860185E0,
-5.295292051065E0));
#11568=CARTESIAN_POINT('',(-8.526176038759E0,8.914982981432E0,
-5.295821617702E0));
#11569=CARTESIAN_POINT('',(-8.483734195815E0,8.932849782332E0,
-5.293889830055E0));
#11570=CARTESIAN_POINT('',(-8.458767624708E0,8.972317636985E0,
-5.289622501251E0));
#11572=DIRECTION('',(0.E0,1.074951318135E-1,-9.942056108454E-1));
#11573=VECTOR('',#11572,1.E0);
#11574=SURFACE_OF_LINEAR_EXTRUSION('',#11571,#11573);
#11576=ORIENTED_EDGE('',*,*,#11575,.T.);
#11577=ORIENTED_EDGE('',*,*,#7239,.F.);
#11578=ORIENTED_EDGE('',*,*,#11551,.F.);
#11580=ORIENTED_EDGE('',*,*,#11579,.F.);
#11581=EDGE_LOOP('',(#11576,#11577,#11578,#11580));
#11582=FACE_OUTER_BOUND('',#11581,.F.);
#11583=ADVANCED_FACE('',(#11582),#11574,.T.);
#11584=CARTESIAN_POINT('',(-8.752663200770E0,1.093130984912E1,
-5.560610585605E0));
#11585=DIRECTION('',(-9.999946617179E-1,-3.248563701084E-3,-3.512400045255E-4));
#11586=DIRECTION('',(3.267496849391E-3,-9.942003034954E-1,-1.074945579742E-1));
#11587=AXIS2_PLACEMENT_3D('',#11584,#11585,#11586);
#11588=PLANE('',#11587);
#11590=ORIENTED_EDGE('',*,*,#11589,.T.);
#11591=ORIENTED_EDGE('',*,*,#7241,.T.);
#11592=ORIENTED_EDGE('',*,*,#11575,.F.);
#11594=ORIENTED_EDGE('',*,*,#11593,.F.);
#11595=EDGE_LOOP('',(#11590,#11591,#11592,#11594));
#11596=FACE_OUTER_BOUND('',#11595,.F.);
#11597=ADVANCED_FACE('',(#11596),#11588,.F.);
#11598=CARTESIAN_POINT('',(-8.471981703407E0,1.279002532814E1,
-4.876845720470E0));
#11599=CARTESIAN_POINT('',(-8.497144821143E0,1.282853204248E1,
-4.872682311721E0));
#11600=CARTESIAN_POINT('',(-8.539401518739E0,1.284584152677E1,
-4.870810782054E0));
#11601=CARTESIAN_POINT('',(-8.589513886091E0,1.284064412751E1,
-4.871372733338E0));
#11602=CARTESIAN_POINT('',(-8.620950887191E0,1.283191314851E1,
-4.872316741024E0));
#11603=CARTESIAN_POINT('',(-8.674287771420E0,1.280442475684E1,
-4.875288830754E0));
#11604=CARTESIAN_POINT('',(-8.731898191519E0,1.274699244121E1,
-4.881498506370E0));
#11605=CARTESIAN_POINT('',(-8.772361223031E0,1.264739799562E1,
-4.892266820227E0));
#11606=CARTESIAN_POINT('',(-8.743341111172E0,1.257801706052E1,
-4.899768400064E0));
#11607=CARTESIAN_POINT('',(-8.703033199479E0,1.254553051326E1,
-4.903280898527E0));
#11609=DIRECTION('',(0.E0,1.074951318135E-1,-9.942056108454E-1));
#11610=VECTOR('',#11609,1.E0);
#11611=SURFACE_OF_LINEAR_EXTRUSION('',#11608,#11610);
#11613=ORIENTED_EDGE('',*,*,#11612,.T.);
#11614=ORIENTED_EDGE('',*,*,#7243,.F.);
#11615=ORIENTED_EDGE('',*,*,#11589,.F.);
#11617=ORIENTED_EDGE('',*,*,#11616,.F.);
#11618=EDGE_LOOP('',(#11613,#11614,#11615,#11617));
#11619=FACE_OUTER_BOUND('',#11618,.F.);
#11620=ADVANCED_FACE('',(#11619),#11611,.T.);
#11621=CARTESIAN_POINT('',(-8.076130345901E0,1.289554968283E1,
-5.348233771861E0));
#11622=DIRECTION('',(-3.268267745011E-3,9.942003009908E-1,1.074945577034E-1));
#11623=DIRECTION('',(-9.999946591987E-1,-3.249330129829E-3,-3.513228721032E-4));
#11624=AXIS2_PLACEMENT_3D('',#11621,#11622,#11623);
#11625=PLANE('',#11624);
#11627=ORIENTED_EDGE('',*,*,#11626,.T.);
#11628=ORIENTED_EDGE('',*,*,#7245,.T.);
#11629=ORIENTED_EDGE('',*,*,#11612,.F.);
#11631=ORIENTED_EDGE('',*,*,#11630,.F.);
#11632=EDGE_LOOP('',(#11627,#11628,#11629,#11631));
#11633=FACE_OUTER_BOUND('',#11632,.F.);
#11634=ADVANCED_FACE('',(#11633),#11625,.F.);
#11635=CARTESIAN_POINT('',(-7.440479578464E0,1.255540683170E1,
-4.902213054870E0));
#11636=CARTESIAN_POINT('',(-7.405509776165E0,1.258658320049E1,
-4.898842215042E0));
#11637=CARTESIAN_POINT('',(-7.379448786607E0,1.265393204036E1,
-4.891560348656E0));
#11638=CARTESIAN_POINT('',(-7.419768776885E0,1.275128745282E1,
-4.881034122710E0));
#11639=CARTESIAN_POINT('',(-7.477767050592E0,1.280834025438E1,
-4.874865480774E0));
#11640=CARTESIAN_POINT('',(-7.531274471120E0,1.283546437122E1,
-4.871932777033E0));
#11641=CARTESIAN_POINT('',(-7.562750552630E0,1.284398208467E1,
-4.871011827965E0));
#11642=CARTESIAN_POINT('',(-7.613188346782E0,1.284888002411E1,
-4.870482254766E0));
#11643=CARTESIAN_POINT('',(-7.655629640945E0,1.283101171039E1,
-4.872414205982E0));
#11644=CARTESIAN_POINT('',(-7.680594422323E0,1.279153908695E1,
-4.876682050386E0));
#11646=DIRECTION('',(0.E0,1.074951318135E-1,-9.942056108454E-1));
#11647=VECTOR('',#11646,1.E0);
#11648=SURFACE_OF_LINEAR_EXTRUSION('',#11645,#11647);
#11650=ORIENTED_EDGE('',*,*,#11649,.T.);
#11651=ORIENTED_EDGE('',*,*,#7247,.F.);
#11652=ORIENTED_EDGE('',*,*,#11626,.F.);
#11654=ORIENTED_EDGE('',*,*,#11653,.F.);
#11655=EDGE_LOOP('',(#11650,#11651,#11652,#11654));
#11656=FACE_OUTER_BOUND('',#11655,.F.);
#11657=ADVANCED_FACE('',(#11656),#11648,.T.);
#11658=CARTESIAN_POINT('',(-7.390825677526E0,1.218778989105E1,
-5.424757914633E0));
#11659=DIRECTION('',(9.999946595236E-1,3.249231305225E-3,3.513121869739E-4));
#11660=DIRECTION('',(-3.268168344435E-3,9.942003013137E-1,1.074945577387E-1));
#11661=AXIS2_PLACEMENT_3D('',#11658,#11659,#11660);
#11662=PLANE('',#11661);
#11664=ORIENTED_EDGE('',*,*,#11663,.T.);
#11665=ORIENTED_EDGE('',*,*,#7249,.T.);
#11666=ORIENTED_EDGE('',*,*,#11649,.F.);
#11668=ORIENTED_EDGE('',*,*,#11667,.F.);
#11669=EDGE_LOOP('',(#11664,#11665,#11666,#11668));
#11670=FACE_OUTER_BOUND('',#11669,.F.);
#11671=ADVANCED_FACE('',(#11670),#11662,.F.);
#11672=CARTESIAN_POINT('',(-6.733924549874E0,1.171963951075E1,
-4.992577580431E0));
#11673=CARTESIAN_POINT('',(-6.717988690368E0,1.168909610888E1,
-4.995879982846E0));
#11674=CARTESIAN_POINT('',(-6.698629204054E0,1.160196906159E1,
-5.005300301270E0));
#11675=CARTESIAN_POINT('',(-6.746137332061E0,1.146080368146E1,
-5.020563332355E0));
#11676=CARTESIAN_POINT('',(-6.862301894985E0,1.137950260403E1,
-5.029353737418E0));
#11677=CARTESIAN_POINT('',(-6.969797728527E0,1.136038533626E1,
-5.031420727582E0));
#11678=CARTESIAN_POINT('',(-7.055439748038E0,1.135988163660E1,
-5.031475188411E0));
#11679=CARTESIAN_POINT('',(-7.140240182121E0,1.136148654758E1,
-5.031301662819E0));
#11680=CARTESIAN_POINT('',(-7.244048011109E0,1.138172607056E1,
-5.029113332591E0));
#11681=CARTESIAN_POINT('',(-7.354112949351E0,1.146382552879E1,
-5.020236605293E0));
#11682=CARTESIAN_POINT('',(-7.400417112244E0,1.160027946250E1,
-5.005482983478E0));
#11683=CARTESIAN_POINT('',(-7.382078973645E0,1.168649336782E1,
-4.996161395453E0));
#11684=CARTESIAN_POINT('',(-7.366577067349E0,1.171741352911E1,
-4.992818257195E0));
#11686=DIRECTION('',(0.E0,1.074951318135E-1,-9.942056108454E-1));
#11687=VECTOR('',#11686,1.E0);
#11688=SURFACE_OF_LINEAR_EXTRUSION('',#11685,#11687);
#11690=ORIENTED_EDGE('',*,*,#11689,.T.);
#11691=ORIENTED_EDGE('',*,*,#7251,.F.);
#11692=ORIENTED_EDGE('',*,*,#11663,.F.);
#11694=ORIENTED_EDGE('',*,*,#11693,.F.);
#11695=EDGE_LOOP('',(#11690,#11691,#11692,#11694));
#11696=FACE_OUTER_BOUND('',#11695,.F.);
#11697=ADVANCED_FACE('',(#11696),#11688,.T.);
#11698=CARTESIAN_POINT('',(-6.712076006372E0,1.218999540544E1,
-5.424519450822E0));
#11699=DIRECTION('',(-9.999946621450E-1,-3.248433761305E-3,-3.512259552247E-4));
#11700=DIRECTION('',(3.267366152302E-3,-9.942003039198E-1,-1.074945580211E-1));
#11701=AXIS2_PLACEMENT_3D('',#11698,#11699,#11700);
#11702=PLANE('',#11701);
#11704=ORIENTED_EDGE('',*,*,#11703,.T.);
#11705=ORIENTED_EDGE('',*,*,#7253,.T.);
#11706=ORIENTED_EDGE('',*,*,#11689,.F.);
#11708=ORIENTED_EDGE('',*,*,#11707,.F.);
#11709=EDGE_LOOP('',(#11704,#11705,#11706,#11708));
#11710=FACE_OUTER_BOUND('',#11709,.F.);
#11711=ADVANCED_FACE('',(#11710),#11702,.F.);
#11712=CARTESIAN_POINT('',(-6.427291799721E0,1.279666333857E1,
-4.876128007951E0));
#11713=CARTESIAN_POINT('',(-6.452453198465E0,1.283517466229E1,
-4.871964100836E0));
#11714=CARTESIAN_POINT('',(-6.494709309715E0,1.285248560290E1,
-4.870092413709E0));
#11715=CARTESIAN_POINT('',(-6.544820511540E0,1.284728815776E1,
-4.870654369952E0));
#11716=CARTESIAN_POINT('',(-6.576255332251E0,1.283855750454E1,
-4.871598342415E0));
#11717=CARTESIAN_POINT('',(-6.629589622784E0,1.281106953805E1,
-4.874570386175E0));
#11718=CARTESIAN_POINT('',(-6.687197117700E0,1.275363637647E1,
-4.880780153256E0));
#11719=CARTESIAN_POINT('',(-6.727658541650E0,1.265404249337E1,
-4.891548406295E0));
#11720=CARTESIAN_POINT('',(-6.698639770466E0,1.258466140216E1,
-4.899050003012E0));
#11721=CARTESIAN_POINT('',(-6.658334369817E0,1.255217470952E1,
-4.902562517194E0));
#11723=DIRECTION('',(0.E0,1.074951318135E-1,-9.942056108454E-1));
#11724=VECTOR('',#11723,1.E0);
#11725=SURFACE_OF_LINEAR_EXTRUSION('',#11722,#11724);
#11726=ORIENTED_EDGE('',*,*,#11703,.F.);
#11728=ORIENTED_EDGE('',*,*,#11727,.F.);
#11730=ORIENTED_EDGE('',*,*,#11729,.T.);
#11731=ORIENTED_EDGE('',*,*,#7255,.F.);
#11732=EDGE_LOOP('',(#11726,#11728,#11730,#11731));
#11733=FACE_OUTER_BOUND('',#11732,.F.);
#11734=ADVANCED_FACE('',(#11733),#11725,.T.);
#11735=CARTESIAN_POINT('',(-8.758584246576E0,1.285219789611E1,
-4.870123521036E0));
#11736=DIRECTION('',(0.E0,1.074951318136E-1,-9.942056108454E-1));
#11737=DIRECTION('',(0.E0,-9.942056108454E-1,-1.074951318136E-1));
#11738=AXIS2_PLACEMENT_3D('',#11735,#11736,#11737);
#11739=PLANE('',#11738);
#11740=ORIENTED_EDGE('',*,*,#11556,.T.);
#11742=ORIENTED_EDGE('',*,*,#11741,.T.);
#11744=ORIENTED_EDGE('',*,*,#11743,.T.);
#11746=ORIENTED_EDGE('',*,*,#11745,.T.);
#11748=ORIENTED_EDGE('',*,*,#11747,.T.);
#11750=ORIENTED_EDGE('',*,*,#11749,.T.);
#11752=ORIENTED_EDGE('',*,*,#11751,.T.);
#11754=ORIENTED_EDGE('',*,*,#11753,.T.);
#11756=ORIENTED_EDGE('',*,*,#11755,.T.);
#11758=ORIENTED_EDGE('',*,*,#11757,.T.);
#11760=ORIENTED_EDGE('',*,*,#11759,.T.);
#11761=ORIENTED_EDGE('',*,*,#11727,.T.);
#11762=ORIENTED_EDGE('',*,*,#11707,.T.);
#11763=ORIENTED_EDGE('',*,*,#11693,.T.);
#11764=ORIENTED_EDGE('',*,*,#11667,.T.);
#11765=ORIENTED_EDGE('',*,*,#11653,.T.);
#11766=ORIENTED_EDGE('',*,*,#11630,.T.);
#11767=ORIENTED_EDGE('',*,*,#11616,.T.);
#11768=ORIENTED_EDGE('',*,*,#11593,.T.);
#11769=ORIENTED_EDGE('',*,*,#11579,.T.);
#11770=EDGE_LOOP('',(#11740,#11742,#11744,#11746,#11748,#11750,#11752,#11754,
#11756,#11758,#11760,#11761,#11762,#11763,#11764,#11765,#11766,#11767,#11768,
#11769));
#11771=FACE_OUTER_BOUND('',#11770,.F.);
#11772=ADVANCED_FACE('',(#11771),#11739,.T.);
#11773=CARTESIAN_POINT('',(-7.667371724676E0,8.973837608316E0,
-5.289458159470E0));
#11774=CARTESIAN_POINT('',(-7.642208607292E0,8.935330889481E0,
-5.293621568704E0));
#11775=CARTESIAN_POINT('',(-7.599951908082E0,8.918021402903E0,
-5.295493098618E0));
#11776=CARTESIAN_POINT('',(-7.549839538817E0,8.923218802040E0,
-5.294931147348E0));
#11777=CARTESIAN_POINT('',(-7.518402537180E0,8.931949781146E0,
-5.293987139650E0));
#11778=CARTESIAN_POINT('',(-7.465065652894E0,8.959438172772E0,
-5.291015049925E0));
#11779=CARTESIAN_POINT('',(-7.407455232632E0,9.016870488787E0,
-5.284805374267E0));
#11780=CARTESIAN_POINT('',(-7.366992203178E0,9.116464929931E0,
-5.274037060890E0));
#11781=CARTESIAN_POINT('',(-7.396012254766E0,9.185845859974E0,
-5.266535481600E0));
#11782=CARTESIAN_POINT('',(-7.436320094793E0,9.218332403608E0,
-5.263022983530E0));
#11784=DIRECTION('',(0.E0,1.074951318134E-1,-9.942056108454E-1));
#11785=VECTOR('',#11784,1.E0);
#11786=SURFACE_OF_LINEAR_EXTRUSION('',#11783,#11785);
#11788=ORIENTED_EDGE('',*,*,#11787,.F.);
#11789=ORIENTED_EDGE('',*,*,#11741,.F.);
#11790=ORIENTED_EDGE('',*,*,#11554,.T.);
#11791=ORIENTED_EDGE('',*,*,#7275,.F.);
#11792=EDGE_LOOP('',(#11788,#11789,#11790,#11791));
#11793=FACE_OUTER_BOUND('',#11792,.F.);
#11794=ADVANCED_FACE('',(#11793),#11786,.T.);
#11795=CARTESIAN_POINT('',(-7.382575236295E0,9.683706853674E0,
-5.695503455836E0));
#11796=DIRECTION('',(9.999946621423E-1,3.248434559577E-3,3.512260415349E-4));
#11797=DIRECTION('',(-3.267366955227E-3,9.942003039173E-1,1.074945580200E-1));
#11798=AXIS2_PLACEMENT_3D('',#11795,#11796,#11797);
#11799=PLANE('',#11798);
#11800=ORIENTED_EDGE('',*,*,#11787,.T.);
#11801=ORIENTED_EDGE('',*,*,#7273,.T.);
#11803=ORIENTED_EDGE('',*,*,#11802,.F.);
#11804=ORIENTED_EDGE('',*,*,#11743,.F.);
#11805=EDGE_LOOP('',(#11800,#11801,#11803,#11804));
#11806=FACE_OUTER_BOUND('',#11805,.F.);
#11807=ADVANCED_FACE('',(#11806),#11799,.F.);
#11808=CARTESIAN_POINT('',(-7.360731882442E0,1.005086702420E1,
-5.173007982806E0));
#11809=CARTESIAN_POINT('',(-7.376663924823E0,1.008141062309E1,
-5.169705559089E0));
#11810=CARTESIAN_POINT('',(-7.396019965385E0,1.016853813513E1,
-5.160285190415E0));
#11811=CARTESIAN_POINT('',(-7.348520698347E0,1.030970448540E1,
-5.145022054436E0));
#11812=CARTESIAN_POINT('',(-7.232362533453E0,1.039101597143E1,
-5.136230523978E0));
#11813=CARTESIAN_POINT('',(-7.124868438786E0,1.041014035044E1,
-5.134162764936E0));
#11814=CARTESIAN_POINT('',(-7.039225520549E0,1.041064679363E1,
-5.134108007472E0));
#11815=CARTESIAN_POINT('',(-6.954423156317E0,1.040903967739E1,
-5.134281771500E0));
#11816=CARTESIAN_POINT('',(-6.850612216119E0,1.038879395295E1,
-5.136470772239E0));
#11817=CARTESIAN_POINT('',(-6.740547452434E0,1.030668654571E1,
-5.145348358997E0));
#11818=CARTESIAN_POINT('',(-6.694245402045E0,1.017022903638E1,
-5.160102367415E0));
#11819=CARTESIAN_POINT('',(-6.712581969983E0,1.008401353828E1,
-5.169424127653E0));
#11820=CARTESIAN_POINT('',(-6.728082036832E0,1.005309294601E1,
-5.172767312508E0));
#11822=DIRECTION('',(0.E0,1.074951318134E-1,-9.942056108454E-1));
#11823=VECTOR('',#11822,1.E0);
#11824=SURFACE_OF_LINEAR_EXTRUSION('',#11821,#11823);
#11825=ORIENTED_EDGE('',*,*,#11802,.T.);
#11826=ORIENTED_EDGE('',*,*,#7271,.F.);
#11828=ORIENTED_EDGE('',*,*,#11827,.F.);
#11829=ORIENTED_EDGE('',*,*,#11745,.F.);
#11830=EDGE_LOOP('',(#11825,#11826,#11828,#11829));
#11831=FACE_OUTER_BOUND('',#11830,.F.);
#11832=ADVANCED_FACE('',(#11831),#11824,.T.);
#11833=CARTESIAN_POINT('',(-6.703836013148E0,9.685912334257E0,
-5.695264995679E0));
#11834=DIRECTION('',(-9.999946595258E-1,-3.249230630810E-3,-3.513121140546E-4));
#11835=DIRECTION('',(3.268167666090E-3,-9.942003013159E-1,-1.074945577390E-1));
#11836=AXIS2_PLACEMENT_3D('',#11833,#11834,#11835);
#11837=PLANE('',#11836);
#11838=ORIENTED_EDGE('',*,*,#11827,.T.);
#11839=ORIENTED_EDGE('',*,*,#7269,.T.);
#11841=ORIENTED_EDGE('',*,*,#11840,.F.);
#11842=ORIENTED_EDGE('',*,*,#11747,.F.);
#11843=EDGE_LOOP('',(#11838,#11839,#11841,#11842));
#11844=FACE_OUTER_BOUND('',#11843,.F.);
#11845=ADVANCED_FACE('',(#11844),#11837,.F.);
#11846=CARTESIAN_POINT('',(-6.654179731190E0,9.215099911571E0,
-5.263372485842E0));
#11847=CARTESIAN_POINT('',(-6.689151329774E0,9.183923734253E0,
-5.266743304968E0));
#11848=CARTESIAN_POINT('',(-6.715213315699E0,9.116575228523E0,
-5.274025135226E0));
#11849=CARTESIAN_POINT('',(-6.674891811213E0,9.019219383604E0,
-5.284551407930E0));
#11850=CARTESIAN_POINT('',(-6.616890605030E0,8.962167435577E0,
-5.290719957580E0));
#11851=CARTESIAN_POINT('',(-6.563380564006E0,8.935042913237E0,
-5.293652705165E0));
#11852=CARTESIAN_POINT('',(-6.531902317030E0,8.926524897349E0,
-5.294573686933E0));
#11853=CARTESIAN_POINT('',(-6.481463409258E0,8.921627018572E0,
-5.295103253573E0));
#11854=CARTESIAN_POINT('',(-6.439021566167E0,8.939493819579E0,
-5.293171465914E0));
#11855=CARTESIAN_POINT('',(-6.414054994414E0,8.978961674950E0,
-5.288904137037E0));
#11857=DIRECTION('',(0.E0,1.074951318134E-1,-9.942056108454E-1));
#11858=VECTOR('',#11857,1.E0);
#11859=SURFACE_OF_LINEAR_EXTRUSION('',#11856,#11858);
#11860=ORIENTED_EDGE('',*,*,#11840,.T.);
#11861=ORIENTED_EDGE('',*,*,#7267,.F.);
#11863=ORIENTED_EDGE('',*,*,#11862,.F.);
#11864=ORIENTED_EDGE('',*,*,#11749,.F.);
#11865=EDGE_LOOP('',(#11860,#11861,#11863,#11864));
#11866=FACE_OUTER_BOUND('',#11865,.F.);
#11867=ADVANCED_FACE('',(#11866),#11859,.T.);
#11868=CARTESIAN_POINT('',(-6.018520896935E0,8.978152576708E0,
-5.771789134751E0));
#11869=DIRECTION('',(3.268267585900E-3,-9.942003009913E-1,-1.074945577033E-1));
#11870=DIRECTION('',(9.999946591992E-1,3.249329971562E-3,3.513228557253E-4));
#11871=AXIS2_PLACEMENT_3D('',#11868,#11869,#11870);
#11872=PLANE('',#11871);
#11873=ORIENTED_EDGE('',*,*,#11862,.T.);
#11874=ORIENTED_EDGE('',*,*,#7265,.T.);
#11876=ORIENTED_EDGE('',*,*,#11875,.F.);
#11877=ORIENTED_EDGE('',*,*,#11751,.F.);
#11878=EDGE_LOOP('',(#11873,#11874,#11876,#11877));
#11879=FACE_OUTER_BOUND('',#11878,.F.);
#11880=ADVANCED_FACE('',(#11879),#11872,.F.);
#11881=CARTESIAN_POINT('',(-5.622667706003E0,8.980487556828E0,
-5.288739156196E0));
#11882=CARTESIAN_POINT('',(-5.597506307583E0,8.941976237703E0,
-5.292903062818E0));
#11883=CARTESIAN_POINT('',(-5.555250198009E0,8.924665299365E0,
-5.294774749699E0));
#11884=CARTESIAN_POINT('',(-5.505138998007E0,8.929862744528E0,
-5.294212793454E0));
#11885=CARTESIAN_POINT('',(-5.473704177873E0,8.938593397527E0,
-5.293268821015E0));
#11886=CARTESIAN_POINT('',(-5.420369887343E0,8.966081363843E0,
-5.290296777274E0));
#11887=CARTESIAN_POINT('',(-5.362762392793E0,9.023514524940E0,
-5.284087010245E0));
#11888=CARTESIAN_POINT('',(-5.322300966069E0,9.123108412310E0,
-5.273318756744E0));
#11889=CARTESIAN_POINT('',(-5.351319798411E0,9.192489508948E0,
-5.265817159440E0));
#11890=CARTESIAN_POINT('',(-5.391625272276E0,9.224976205694E0,
-5.262304644813E0));
#11892=DIRECTION('',(0.E0,1.074951318134E-1,-9.942056108454E-1));
#11893=VECTOR('',#11892,1.E0);
#11894=SURFACE_OF_LINEAR_EXTRUSION('',#11891,#11893);
#11895=ORIENTED_EDGE('',*,*,#11875,.T.);
#11896=ORIENTED_EDGE('',*,*,#7263,.F.);
#11898=ORIENTED_EDGE('',*,*,#11897,.F.);
#11899=ORIENTED_EDGE('',*,*,#11753,.F.);
#11900=EDGE_LOOP('',(#11895,#11896,#11898,#11899));
#11901=FACE_OUTER_BOUND('',#11900,.F.);
#11902=ADVANCED_FACE('',(#11901),#11894,.T.);
#11903=CARTESIAN_POINT('',(-5.341998490802E0,1.094239237609E1,
-5.559412324718E0));
#11904=DIRECTION('',(9.999946617187E-1,3.248563452591E-3,3.512399776577E-4));
#11905=DIRECTION('',(-3.267496599450E-3,9.942003034962E-1,1.074945579744E-1));
#11906=AXIS2_PLACEMENT_3D('',#11903,#11904,#11905);
#11907=PLANE('',#11906);
#11908=ORIENTED_EDGE('',*,*,#11897,.T.);
#11909=ORIENTED_EDGE('',*,*,#7261,.T.);
#11911=ORIENTED_EDGE('',*,*,#11910,.F.);
#11912=ORIENTED_EDGE('',*,*,#11755,.F.);
#11913=EDGE_LOOP('',(#11908,#11909,#11911,#11912));
#11914=FACE_OUTER_BOUND('',#11913,.F.);
#11915=ADVANCED_FACE('',(#11914),#11907,.F.);
#11916=CARTESIAN_POINT('',(-5.395766951091E0,1.256205086793E1,
-4.901494690840E0));
#11917=CARTESIAN_POINT('',(-5.360797147488E0,1.259322723695E1,
-4.898123850987E0));
#11918=CARTESIAN_POINT('',(-5.334736156965E0,1.266057607721E1,
-4.890841984558E0));
#11919=CARTESIAN_POINT('',(-5.375056147420E0,1.275793149E1,-4.880315758577E0));
#11920=CARTESIAN_POINT('',(-5.433054421201E0,1.281498429147E1,
-4.874147116651E0));
#11921=CARTESIAN_POINT('',(-5.486561841660E0,1.284210840832E1,
-4.871214412909E0));
#11922=CARTESIAN_POINT('',(-5.518037923167E0,1.285062612180E1,
-4.870293463837E0));
#11923=CARTESIAN_POINT('',(-5.568475717327E0,1.285552406130E1,
-4.869763890631E0));
#11924=CARTESIAN_POINT('',(-5.610917011490E0,1.283765574736E1,
-4.871695841872E0));
#11925=CARTESIAN_POINT('',(-5.635881792760E0,1.279818312274E1,
-4.875963686407E0));
#11927=DIRECTION('',(0.E0,1.074951318134E-1,-9.942056108454E-1));
#11928=VECTOR('',#11927,1.E0);
#11929=SURFACE_OF_LINEAR_EXTRUSION('',#11926,#11928);
#11930=ORIENTED_EDGE('',*,*,#11910,.T.);
#11931=ORIENTED_EDGE('',*,*,#7259,.F.);
#11933=ORIENTED_EDGE('',*,*,#11932,.F.);
#11934=ORIENTED_EDGE('',*,*,#11757,.F.);
#11935=EDGE_LOOP('',(#11930,#11931,#11933,#11934));
#11936=FACE_OUTER_BOUND('',#11935,.F.);
#11937=ADVANCED_FACE('',(#11936),#11929,.T.);
#11938=CARTESIAN_POINT('',(-6.031428164735E0,1.290219368603E1,
-5.347515411401E0));
#11939=DIRECTION('',(-3.268267742917E-3,9.942003009908E-1,1.074945577033E-1));
#11940=DIRECTION('',(-9.999946591987E-1,-3.249330127812E-3,-3.513228712819E-4));
#11941=AXIS2_PLACEMENT_3D('',#11938,#11939,#11940);
#11942=PLANE('',#11941);
#11943=ORIENTED_EDGE('',*,*,#11932,.T.);
#11944=ORIENTED_EDGE('',*,*,#7257,.T.);
#11945=ORIENTED_EDGE('',*,*,#11729,.F.);
#11946=ORIENTED_EDGE('',*,*,#11759,.F.);
#11947=EDGE_LOOP('',(#11943,#11944,#11945,#11946));
#11948=FACE_OUTER_BOUND('',#11947,.F.);
#11949=ADVANCED_FACE('',(#11948),#11942,.F.);
#11950=CARTESIAN_POINT('',(-4.657673076386E0,1.050561325437E1,
-5.123840078882E0));
#11951=CARTESIAN_POINT('',(-4.657715127322E0,1.050382213543E1,
-5.124033737583E0));
#11952=CARTESIAN_POINT('',(-4.658026208270E0,1.047255747041E1,
-5.127414124146E0));
#11953=CARTESIAN_POINT('',(-4.644347332711E0,1.041088003659E1,
-5.134082788863E0));
#11954=CARTESIAN_POINT('',(-4.599140598177E0,1.033363640816E1,
-5.142434495923E0));
#11955=CARTESIAN_POINT('',(-4.551960770234E0,1.029132806659E1,
-5.147008942802E0));
#11956=CARTESIAN_POINT('',(-4.524463916407E0,1.027613775202E1,
-5.148651344383E0));
#11957=CARTESIAN_POINT('',(-4.522876905741E0,1.027528855818E1,
-5.148743160606E0));
#11959=DIRECTION('',(0.E0,1.074951318135E-1,-9.942056108454E-1));
#11960=VECTOR('',#11959,1.E0);
#11961=SURFACE_OF_LINEAR_EXTRUSION('',#11958,#11960);
#11963=ORIENTED_EDGE('',*,*,#11962,.T.);
#11964=ORIENTED_EDGE('',*,*,#7279,.F.);
#11966=ORIENTED_EDGE('',*,*,#11965,.T.);
#11968=ORIENTED_EDGE('',*,*,#11967,.F.);
#11969=EDGE_LOOP('',(#11963,#11964,#11966,#11968));
#11970=FACE_OUTER_BOUND('',#11969,.F.);
#11971=ADVANCED_FACE('',(#11970),#11961,.T.);
#11972=CARTESIAN_POINT('',(-4.660390775538E0,1.136230994530E1,
-5.514010152411E0));
#11973=DIRECTION('',(-9.999946615261E-1,-3.248622060910E-3,-3.512463144851E-4));
#11974=DIRECTION('',(3.267555549347E-3,-9.942003033047E-1,-1.074945579534E-1));
#11975=AXIS2_PLACEMENT_3D('',#11972,#11973,#11974);
#11976=PLANE('',#11975);
#11977=ORIENTED_EDGE('',*,*,#11962,.F.);
#11979=ORIENTED_EDGE('',*,*,#11978,.F.);
#11981=ORIENTED_EDGE('',*,*,#11980,.F.);
#11982=ORIENTED_EDGE('',*,*,#7281,.T.);
#11983=EDGE_LOOP('',(#11977,#11979,#11981,#11982));
#11984=FACE_OUTER_BOUND('',#11983,.F.);
#11985=ADVANCED_FACE('',(#11984),#11976,.F.);
#11986=CARTESIAN_POINT('',(-4.663150116336E0,1.286384028809E1,
-4.868864726631E0));
#11987=DIRECTION('',(1.403303663646E-14,1.074951318136E-1,-9.942056108454E-1));
#11988=DIRECTION('',(0.E0,-9.942056108454E-1,-1.074951318136E-1));
#11989=AXIS2_PLACEMENT_3D('',#11986,#11987,#11988);
#11990=PLANE('',#11989);
#11991=ORIENTED_EDGE('',*,*,#11967,.T.);
#11993=ORIENTED_EDGE('',*,*,#11992,.T.);
#11995=ORIENTED_EDGE('',*,*,#11994,.T.);
#11997=ORIENTED_EDGE('',*,*,#11996,.T.);
#11999=ORIENTED_EDGE('',*,*,#11998,.T.);
#12001=ORIENTED_EDGE('',*,*,#12000,.T.);
#12003=ORIENTED_EDGE('',*,*,#12002,.T.);
#12005=ORIENTED_EDGE('',*,*,#12004,.T.);
#12007=ORIENTED_EDGE('',*,*,#12006,.T.);
#12009=ORIENTED_EDGE('',*,*,#12008,.T.);
#12011=ORIENTED_EDGE('',*,*,#12010,.T.);
#12013=ORIENTED_EDGE('',*,*,#12012,.T.);
#12015=ORIENTED_EDGE('',*,*,#12014,.T.);
#12017=ORIENTED_EDGE('',*,*,#12016,.T.);
#12019=ORIENTED_EDGE('',*,*,#12018,.T.);
#12021=ORIENTED_EDGE('',*,*,#12020,.T.);
#12023=ORIENTED_EDGE('',*,*,#12022,.T.);
#12024=ORIENTED_EDGE('',*,*,#11978,.T.);
#12025=EDGE_LOOP('',(#11991,#11993,#11995,#11997,#11999,#12001,#12003,#12005,
#12007,#12009,#12011,#12013,#12015,#12017,#12019,#12021,#12023,#12024));
#12026=FACE_OUTER_BOUND('',#12025,.F.);
#12028=ORIENTED_EDGE('',*,*,#12027,.T.);
#12030=ORIENTED_EDGE('',*,*,#12029,.T.);
#12032=ORIENTED_EDGE('',*,*,#12031,.T.);
#12033=EDGE_LOOP('',(#12028,#12030,#12032));
#12034=FACE_BOUND('',#12033,.F.);
#12035=ADVANCED_FACE('',(#12026,#12034),#11990,.T.);
#12036=CARTESIAN_POINT('',(-4.140438758113E0,1.010036255775E1,
-5.569987708922E0));
#12037=DIRECTION('',(-4.971234837640E-1,-8.626521293368E-1,-9.327135487955E-2));
#12038=DIRECTION('',(8.676798037815E-1,-4.942429568412E-1,-5.343835441454E-2));
#12039=AXIS2_PLACEMENT_3D('',#12036,#12037,#12038);
#12040=PLANE('',#12039);
#12042=ORIENTED_EDGE('',*,*,#12041,.F.);
#12043=ORIENTED_EDGE('',*,*,#11992,.F.);
#12044=ORIENTED_EDGE('',*,*,#11965,.F.);
#12045=ORIENTED_EDGE('',*,*,#7313,.F.);
#12046=EDGE_LOOP('',(#12042,#12043,#12044,#12045));
#12047=FACE_OUTER_BOUND('',#12046,.F.);
#12048=ADVANCED_FACE('',(#12047),#12040,.F.);
#12049=CARTESIAN_POINT('',(-3.757966771980E0,9.839537766769E0,
-5.195857246714E0));
#12050=CARTESIAN_POINT('',(-3.756409892923E0,9.838627725395E0,
-5.195955641872E0));
#12051=CARTESIAN_POINT('',(-3.728903305861E0,9.822755552225E0,
-5.197671767116E0));
#12052=CARTESIAN_POINT('',(-3.672133751588E0,9.797016854794E0,
-5.200454677052E0));
#12053=CARTESIAN_POINT('',(-3.599184750399E0,9.777853323630E0,
-5.202526669290E0));
#12054=CARTESIAN_POINT('',(-3.539320989974E0,9.770014489213E0,
-5.203374216849E0));
#12055=CARTESIAN_POINT('',(-3.507474316874E0,9.768652193130E0,
-5.203521510523E0));
#12056=CARTESIAN_POINT('',(-3.490649071853E0,9.768800219619E0,
-5.203505505657E0));
#12057=CARTESIAN_POINT('',(-3.488844297607E0,9.768826149508E0,
-5.203502702075E0));
#12059=DIRECTION('',(0.E0,1.074951318135E-1,-9.942056108454E-1));
#12060=VECTOR('',#12059,1.E0);
#12061=SURFACE_OF_LINEAR_EXTRUSION('',#12058,#12060);
#12062=ORIENTED_EDGE('',*,*,#12041,.T.);
#12063=ORIENTED_EDGE('',*,*,#7311,.F.);
#12065=ORIENTED_EDGE('',*,*,#12064,.F.);
#12066=ORIENTED_EDGE('',*,*,#11994,.F.);
#12067=EDGE_LOOP('',(#12062,#12063,#12065,#12066));
#12068=FACE_OUTER_BOUND('',#12067,.F.);
#12069=ADVANCED_FACE('',(#12068),#12061,.T.);
#12070=CARTESIAN_POINT('',(-3.092432292044E0,9.813082185835E0,
-5.601048931178E0));
#12071=DIRECTION('',(3.268294955877E-3,-9.942003009023E-1,-1.074945576938E-1));
#12072=DIRECTION('',(9.999946591098E-1,3.249357183062E-3,3.513257967957E-4));
#12073=AXIS2_PLACEMENT_3D('',#12070,#12071,#12072);
#12074=PLANE('',#12073);
#12075=ORIENTED_EDGE('',*,*,#12064,.T.);
#12076=ORIENTED_EDGE('',*,*,#7309,.T.);
#12078=ORIENTED_EDGE('',*,*,#12077,.F.);
#12079=ORIENTED_EDGE('',*,*,#11996,.F.);
#12080=EDGE_LOOP('',(#12075,#12076,#12078,#12079));
#12081=FACE_OUTER_BOUND('',#12080,.F.);
#12082=ADVANCED_FACE('',(#12081),#12074,.F.);
#12083=CARTESIAN_POINT('',(-2.690329658490E0,9.734858944321E0,
-5.609506555602E0));
#12084=DIRECTION('',(-1.443289932013E-14,1.074951318136E-1,-9.942056108454E-1));
#12085=DIRECTION('',(-3.356022735471E-3,9.942000120161E-1,1.074945264590E-1));
#12086=AXIS2_PLACEMENT_3D('',#12083,#12084,#12085);
#12087=CYLINDRICAL_SURFACE('',#12086,7.999290916452E-2);
#12088=ORIENTED_EDGE('',*,*,#12077,.T.);
#12089=ORIENTED_EDGE('',*,*,#7307,.F.);
#12091=ORIENTED_EDGE('',*,*,#12090,.F.);
#12092=ORIENTED_EDGE('',*,*,#11998,.F.);
#12093=EDGE_LOOP('',(#12088,#12089,#12091,#12092));
#12094=FACE_OUTER_BOUND('',#12093,.F.);
#12095=ADVANCED_FACE('',(#12094),#12087,.T.);
#12096=CARTESIAN_POINT('',(-2.609414365857E0,9.454340480474E0,
-5.639836669332E0));
#12097=DIRECTION('',(-9.999946615261E-1,-3.248622060721E-3,-3.512463144648E-4));
#12098=DIRECTION('',(3.267555549157E-3,-9.942003033046E-1,-1.074945579539E-1));
#12099=AXIS2_PLACEMENT_3D('',#12096,#12097,#12098);
#12100=PLANE('',#12099);
#12101=ORIENTED_EDGE('',*,*,#12090,.T.);
#12102=ORIENTED_EDGE('',*,*,#7305,.T.);
#12104=ORIENTED_EDGE('',*,*,#12103,.F.);
#12105=ORIENTED_EDGE('',*,*,#12000,.F.);
#12106=EDGE_LOOP('',(#12101,#12102,#12104,#12105));
#12107=FACE_OUTER_BOUND('',#12106,.F.);
#12108=ADVANCED_FACE('',(#12107),#12100,.F.);
#12109=CARTESIAN_POINT('',(-2.560530285756E0,9.228404002412E0,
-5.261934025846E0));
#12110=CARTESIAN_POINT('',(-2.595500352995E0,9.197229798022E0,
-5.265304631656E0));
#12111=CARTESIAN_POINT('',(-2.621570395934E0,9.129877902766E0,
-5.272586828395E0));
#12112=CARTESIAN_POINT('',(-2.581250580049E0,9.032516048643E0,
-5.283113750824E0));
#12113=CARTESIAN_POINT('',(-2.523247472843E0,8.975458485920E0,
-5.289282907544E0));
#12114=CARTESIAN_POINT('',(-2.469738565454E0,8.948333630603E0,
-5.292215691131E0));
#12115=CARTESIAN_POINT('',(-2.438261615241E0,8.939815664451E0,
-5.293136667521E0));
#12116=CARTESIAN_POINT('',(-2.387823440122E0,8.934917807568E0,
-5.293666231793E0));
#12117=CARTESIAN_POINT('',(-2.345381987158E0,8.952783827206E0,
-5.291734528618E0));
#12118=CARTESIAN_POINT('',(-2.320416676589E0,8.992246011602E0,
-5.287467812902E0));
#12120=DIRECTION('',(0.E0,1.074951318136E-1,-9.942056108454E-1));
#12121=VECTOR('',#12120,1.E0);
#12122=SURFACE_OF_LINEAR_EXTRUSION('',#12119,#12121);
#12123=ORIENTED_EDGE('',*,*,#12103,.T.);
#12124=ORIENTED_EDGE('',*,*,#7303,.F.);
#12126=ORIENTED_EDGE('',*,*,#12125,.T.);
#12127=ORIENTED_EDGE('',*,*,#12002,.F.);
#12128=EDGE_LOOP('',(#12123,#12124,#12126,#12127));
#12129=FACE_OUTER_BOUND('',#12128,.F.);
#12130=ADVANCED_FACE('',(#12129),#12122,.T.);
#12131=CARTESIAN_POINT('',(-1.924881001594E0,8.991443349440E0,
-5.770352114731E0));
#12132=DIRECTION('',(3.268294955782E-3,-9.942003009023E-1,-1.074945576938E-1));
#12133=DIRECTION('',(9.999946591098E-1,3.249357182955E-3,3.513257969059E-4));
#12134=AXIS2_PLACEMENT_3D('',#12131,#12132,#12133);
#12135=PLANE('',#12134);
#12137=ORIENTED_EDGE('',*,*,#12136,.F.);
#12138=ORIENTED_EDGE('',*,*,#12004,.F.);
#12139=ORIENTED_EDGE('',*,*,#12125,.F.);
#12140=ORIENTED_EDGE('',*,*,#7301,.T.);
#12141=EDGE_LOOP('',(#12137,#12138,#12139,#12140));
#12142=FACE_OUTER_BOUND('',#12141,.F.);
#12143=ADVANCED_FACE('',(#12142),#12135,.F.);
#12144=CARTESIAN_POINT('',(-1.529028160835E0,8.993776602430E0,
-5.287302322916E0));
#12145=CARTESIAN_POINT('',(-1.503866267915E0,8.955266635958E0,
-5.291466083286E0));
#12146=CARTESIAN_POINT('',(-1.461609933294E0,8.937956086300E0,
-5.293337728143E0));
#12147=CARTESIAN_POINT('',(-1.411498277932E0,8.943153578727E0,
-5.292775766786E0));
#12148=CARTESIAN_POINT('',(-1.380062588849E0,8.951884472176E0,
-5.291831768350E0));
#12149=CARTESIAN_POINT('',(-1.326726813295E0,8.979373200913E0,
-5.288859642175E0));
#12150=CARTESIAN_POINT('',(-1.269117718395E0,9.036807953785E0,
-5.282649703041E0));
#12151=CARTESIAN_POINT('',(-1.228655567348E0,9.136403632234E0,
-5.271881255884E0));
#12152=CARTESIAN_POINT('',(-1.257673944493E0,9.205785560221E0,
-5.264379568695E0));
#12153=CARTESIAN_POINT('',(-1.297977932325E0,9.238272422743E0,
-5.260867036146E0));
#12155=DIRECTION('',(1.387778780780E-14,1.074951318135E-1,-9.942056108454E-1));
#12156=VECTOR('',#12155,1.E0);
#12157=SURFACE_OF_LINEAR_EXTRUSION('',#12154,#12156);
#12158=ORIENTED_EDGE('',*,*,#12136,.T.);
#12159=ORIENTED_EDGE('',*,*,#7299,.F.);
#12161=ORIENTED_EDGE('',*,*,#12160,.F.);
#12162=ORIENTED_EDGE('',*,*,#12006,.F.);
#12163=EDGE_LOOP('',(#12158,#12159,#12161,#12162));
#12164=FACE_OUTER_BOUND('',#12163,.F.);
#12165=ADVANCED_FACE('',(#12164),#12157,.T.);
#12166=CARTESIAN_POINT('',(-1.247464183757E0,1.068522900409E1,
-5.587217247834E0));
#12167=DIRECTION('',(9.999946617523E-1,3.248553241254E-3,3.512388736039E-4));
#12168=DIRECTION('',(-3.267486328601E-3,9.942003035295E-1,1.074945579778E-1));
#12169=AXIS2_PLACEMENT_3D('',#12166,#12167,#12168);
#12170=PLANE('',#12169);
#12171=ORIENTED_EDGE('',*,*,#12160,.T.);
#12172=ORIENTED_EDGE('',*,*,#7297,.T.);
#12174=ORIENTED_EDGE('',*,*,#12173,.F.);
#12175=ORIENTED_EDGE('',*,*,#12008,.F.);
#12176=EDGE_LOOP('',(#12171,#12172,#12174,#12175));
#12177=FACE_OUTER_BOUND('',#12176,.F.);
#12178=ADVANCED_FACE('',(#12177),#12170,.F.);
#12179=CARTESIAN_POINT('',(-1.280664221620E0,1.203368634297E1,
-4.958622324843E0));
#12180=CARTESIAN_POINT('',(-1.260546793333E0,1.206485611168E1,
-4.955252198623E0));
#12181=CARTESIAN_POINT('',(-1.244941118182E0,1.212859490587E1,
-4.948360656261E0));
#12182=CARTESIAN_POINT('',(-1.266139432883E0,1.222278165015E1,
-4.938177031886E0));
#12183=CARTESIAN_POINT('',(-1.312283317359E0,1.230070122516E1,
-4.929752240378E0));
#12184=CARTESIAN_POINT('',(-1.385074523921E0,1.236463014787E1,
-4.922840141012E0));
#12185=CARTESIAN_POINT('',(-1.447957432681E0,1.238313583430E1,
-4.920839276019E0));
#12186=CARTESIAN_POINT('',(-1.484228990622E0,1.238213825271E1,
-4.920947136166E0));
#12188=DIRECTION('',(1.295260195394E-14,1.074951318135E-1,-9.942056108454E-1));
#12189=VECTOR('',#12188,1.E0);
#12190=SURFACE_OF_LINEAR_EXTRUSION('',#12187,#12189);
#12191=ORIENTED_EDGE('',*,*,#12173,.T.);
#12192=ORIENTED_EDGE('',*,*,#7295,.F.);
#12194=ORIENTED_EDGE('',*,*,#12193,.F.);
#12195=ORIENTED_EDGE('',*,*,#12010,.F.);
#12196=EDGE_LOOP('',(#12191,#12192,#12194,#12195));
#12197=FACE_OUTER_BOUND('',#12196,.F.);
#12198=ADVANCED_FACE('',(#12197),#12190,.T.);
#12199=CARTESIAN_POINT('',(-1.770957611034E0,1.262773160750E1,
-5.377190698874E0));
#12200=DIRECTION('',(4.967205680769E-1,8.628815124316E-1,9.329615615369E-2));
#12201=DIRECTION('',(-8.679105237577E-1,4.938423758044E-1,5.339504293990E-2));
#12202=AXIS2_PLACEMENT_3D('',#12199,#12200,#12201);
#12203=PLANE('',#12202);
#12204=ORIENTED_EDGE('',*,*,#12193,.T.);
#12205=ORIENTED_EDGE('',*,*,#7293,.F.);
#12207=ORIENTED_EDGE('',*,*,#12206,.F.);
#12208=ORIENTED_EDGE('',*,*,#12012,.F.);
#12209=EDGE_LOOP('',(#12204,#12205,#12207,#12208));
#12210=FACE_OUTER_BOUND('',#12209,.F.);
#12211=ADVANCED_FACE('',(#12210),#12203,.F.);
#12212=CARTESIAN_POINT('',(-2.152128598324E0,1.279298329145E1,
-4.876525900648E0));
#12213=CARTESIAN_POINT('',(-2.153685586093E0,1.279389330930E1,
-4.876427508035E0));
#12214=CARTESIAN_POINT('',(-2.181212335281E0,1.280977595894E1,
-4.874710250056E0));
#12215=CARTESIAN_POINT('',(-2.238002262491E0,1.283552904639E1,
-4.871925784248E0));
#12216=CARTESIAN_POINT('',(-2.310962220941E0,1.285471321192E1,
-4.869851560989E0));
#12217=CARTESIAN_POINT('',(-2.370806518941E0,1.286255493528E1,
-4.869003701072E0));
#12218=CARTESIAN_POINT('',(-2.402632409473E0,1.286391762738E1,
-4.868856364580E0));
#12219=CARTESIAN_POINT('',(-2.419446569079E0,1.286376977063E1,
-4.868872351093E0));
#12220=CARTESIAN_POINT('',(-2.421252445453E0,1.286374381267E1,
-4.868875157710E0));
#12222=DIRECTION('',(1.045460014854E-14,1.074951318135E-1,-9.942056108454E-1));
#12223=VECTOR('',#12222,1.E0);
#12224=SURFACE_OF_LINEAR_EXTRUSION('',#12221,#12223);
#12225=ORIENTED_EDGE('',*,*,#12206,.T.);
#12226=ORIENTED_EDGE('',*,*,#7291,.F.);
#12228=ORIENTED_EDGE('',*,*,#12227,.F.);
#12229=ORIENTED_EDGE('',*,*,#12014,.F.);
#12230=EDGE_LOOP('',(#12225,#12226,#12228,#12229));
#12231=FACE_OUTER_BOUND('',#12230,.F.);
#12232=ADVANCED_FACE('',(#12231),#12224,.T.);
#12233=CARTESIAN_POINT('',(-2.960130746269E0,1.291362056320E1,
-5.346279918808E0));
#12234=DIRECTION('',(-3.268291547399E-3,9.942003009134E-1,1.074945576950E-1));
#12235=DIRECTION('',(-9.999946591209E-1,-3.249353794288E-3,-3.513254308265E-4));
#12236=AXIS2_PLACEMENT_3D('',#12233,#12234,#12235);
#12237=PLANE('',#12236);
#12238=ORIENTED_EDGE('',*,*,#12227,.T.);
#12239=ORIENTED_EDGE('',*,*,#7289,.T.);
#12241=ORIENTED_EDGE('',*,*,#12240,.F.);
#12242=ORIENTED_EDGE('',*,*,#12016,.F.);
#12243=EDGE_LOOP('',(#12238,#12239,#12241,#12242));
#12244=FACE_OUTER_BOUND('',#12243,.F.);
#12245=ADVANCED_FACE('',(#12244),#12237,.F.);
#12246=CARTESIAN_POINT('',(-3.499008925550E0,1.286024174333E1,
-4.869253807157E0));
#12247=CARTESIAN_POINT('',(-3.500814908459E0,1.286025599102E1,
-4.869252266674E0));
#12248=CARTESIAN_POINT('',(-3.517626948433E0,1.286029468649E1,
-4.869248082857E0));
#12249=CARTESIAN_POINT('',(-3.549437624290E0,1.285872385906E1,
-4.869417923280E0));
#12250=CARTESIAN_POINT('',(-3.609222483750E0,1.285048949199E1,
-4.870308236475E0));
#12251=CARTESIAN_POINT('',(-3.682055392088E0,1.283082928764E1,
-4.872433929827E0));
#12252=CARTESIAN_POINT('',(-3.738677057884E0,1.280470331601E1,
-4.875258712482E0));
#12253=CARTESIAN_POINT('',(-3.766103559564E0,1.278864151640E1,
-4.876995340446E0));
#12254=CARTESIAN_POINT('',(-3.767654555191E0,1.278772152551E1,
-4.877094811362E0));
#12256=DIRECTION('',(0.E0,1.074951318136E-1,-9.942056108454E-1));
#12257=VECTOR('',#12256,1.E0);
#12258=SURFACE_OF_LINEAR_EXTRUSION('',#12255,#12257);
#12260=ORIENTED_EDGE('',*,*,#12259,.F.);
#12261=ORIENTED_EDGE('',*,*,#12018,.F.);
#12262=ORIENTED_EDGE('',*,*,#12240,.T.);
#12263=ORIENTED_EDGE('',*,*,#7287,.F.);
#12264=EDGE_LOOP('',(#12260,#12261,#12262,#12263));
#12265=FACE_OUTER_BOUND('',#12264,.F.);
#12266=ADVANCED_FACE('',(#12265),#12258,.T.);
#12267=CARTESIAN_POINT('',(-4.148689957465E0,1.261044085964E1,
-5.298593949944E0));
#12268=DIRECTION('',(-5.027311868140E-1,8.594338816312E-1,9.292339268979E-2));
#12269=DIRECTION('',(-8.644427996141E-1,-4.998181666774E-1,-5.404115519306E-2));
#12270=AXIS2_PLACEMENT_3D('',#12267,#12268,#12269);
#12271=PLANE('',#12270);
#12272=ORIENTED_EDGE('',*,*,#12259,.T.);
#12273=ORIENTED_EDGE('',*,*,#7285,.F.);
#12275=ORIENTED_EDGE('',*,*,#12274,.F.);
#12276=ORIENTED_EDGE('',*,*,#12020,.F.);
#12277=EDGE_LOOP('',(#12272,#12273,#12275,#12276));
#12278=FACE_OUTER_BOUND('',#12277,.F.);
#12279=ADVANCED_FACE('',(#12278),#12271,.F.);
#12280=CARTESIAN_POINT('',(-4.529680672760E0,1.234707256668E1,
-4.924738495320E0));
#12281=CARTESIAN_POINT('',(-4.531262314523E0,1.234621326455E1,
-4.924831404467E0));
#12282=CARTESIAN_POINT('',(-4.558661648312E0,1.233084809728E1,
-4.926492711409E0));
#12283=CARTESIAN_POINT('',(-4.605565880452E0,1.228822459605E1,
-4.931101233863E0));
#12284=CARTESIAN_POINT('',(-4.650263601406E0,1.221066447743E1,
-4.939487160359E0));
#12285=CARTESIAN_POINT('',(-4.663534249878E0,1.214887798763E1,
-4.946167616386E0));
#12286=CARTESIAN_POINT('',(-4.663019174459E0,1.211760180237E1,
-4.949549248536E0));
#12287=CARTESIAN_POINT('',(-4.662965463367E0,1.211581060796E1,
-4.949742915396E0));
#12289=DIRECTION('',(0.E0,1.074951318135E-1,-9.942056108454E-1));
#12290=VECTOR('',#12289,1.E0);
#12291=SURFACE_OF_LINEAR_EXTRUSION('',#12288,#12290);
#12292=ORIENTED_EDGE('',*,*,#12274,.T.);
#12293=ORIENTED_EDGE('',*,*,#7283,.F.);
#12294=ORIENTED_EDGE('',*,*,#11980,.T.);
#12295=ORIENTED_EDGE('',*,*,#12022,.F.);
#12296=EDGE_LOOP('',(#12292,#12293,#12294,#12295));
#12297=FACE_OUTER_BOUND('',#12296,.F.);
#12298=ADVANCED_FACE('',(#12297),#12291,.T.);
#12299=CARTESIAN_POINT('',(-2.593811170304E0,1.141812782759E1,
-5.025177515264E0));
#12300=CARTESIAN_POINT('',(-2.582933471335E0,1.138537845059E1,
-5.028718431306E0));
#12301=CARTESIAN_POINT('',(-2.567684319239E0,1.128644920313E1,
-5.039414822857E0));
#12302=CARTESIAN_POINT('',(-2.613714042434E0,1.112178328832E1,
-5.057218770075E0));
#12303=CARTESIAN_POINT('',(-2.730601015316E0,1.100049357844E1,
-5.070332811284E0));
#12304=CARTESIAN_POINT('',(-2.839065204637E0,1.095594059734E1,
-5.075149952250E0));
#12305=CARTESIAN_POINT('',(-2.903057691396E0,1.094315701903E1,
-5.076532133581E0));
#12306=CARTESIAN_POINT('',(-2.951871007703E0,1.093964352362E1,
-5.076912018434E0));
#12307=CARTESIAN_POINT('',(-3.000698660774E0,1.094233899488E1,
-5.076620579686E0));
#12308=CARTESIAN_POINT('',(-3.064748880205E0,1.095400931889E1,
-5.075358765225E0));
#12309=CARTESIAN_POINT('',(-3.173965854011E0,1.099667673003E1,
-5.070745495158E0));
#12310=CARTESIAN_POINT('',(-3.293965346827E0,1.111682590983E1,
-5.057754769921E0));
#12311=CARTESIAN_POINT('',(-3.342162220228E0,1.128251572939E1,
-5.039840116453E0));
#12312=CARTESIAN_POINT('',(-3.327804233516E0,1.138278810539E1,
-5.028998503655E0));
#12313=CARTESIAN_POINT('',(-3.317359174843E0,1.141566897476E1,
-5.025443370443E0));
#12315=DIRECTION('',(1.034526000219E-14,1.074951318137E-1,-9.942056108453E-1));
#12316=VECTOR('',#12315,1.E0);
#12317=SURFACE_OF_LINEAR_EXTRUSION('',#12314,#12316);
#12318=ORIENTED_EDGE('',*,*,#12027,.F.);
#12320=ORIENTED_EDGE('',*,*,#12319,.F.);
#12322=ORIENTED_EDGE('',*,*,#12321,.F.);
#12324=ORIENTED_EDGE('',*,*,#12323,.T.);
#12325=EDGE_LOOP('',(#12318,#12320,#12322,#12324));
#12326=FACE_OUTER_BOUND('',#12325,.F.);
#12327=ADVANCED_FACE('',(#12326),#12317,.T.);
#12328=CARTESIAN_POINT('',(-2.955034827190E0,1.135962633885E1,
-5.433834055533E0));
#12329=DIRECTION('',(6.666439675847E-14,1.074951318138E-1,-9.942056108453E-1));
#12330=DIRECTION('',(-3.457552671584E-3,9.941996681273E-1,1.074944892774E-1));
#12331=AXIS2_PLACEMENT_3D('',#12328,#12329,#12330);
#12332=CYLINDRICAL_SURFACE('',#12331,3.775198126373E-1);
#12333=ORIENTED_EDGE('',*,*,#12319,.T.);
#12334=ORIENTED_EDGE('',*,*,#12031,.F.);
#12335=ORIENTED_EDGE('',*,*,#12029,.F.);
#12336=ORIENTED_EDGE('',*,*,#12323,.F.);
#12338=ORIENTED_EDGE('',*,*,#12337,.F.);
#12340=ORIENTED_EDGE('',*,*,#12339,.F.);
#12341=EDGE_LOOP('',(#12333,#12334,#12335,#12336,#12338,#12340));
#12342=FACE_OUTER_BOUND('',#12341,.F.);
#12343=ADVANCED_FACE('',(#12342),#12332,.T.);
#12344=CARTESIAN_POINT('',(-1.249999969698E2,5.718980308490E0,
-6.043709902071E0));
#12345=DIRECTION('',(0.E0,1.074951318136E-1,-9.942056108454E-1));
#12346=DIRECTION('',(0.E0,-9.942056108454E-1,-1.074951318136E-1));
#12347=AXIS2_PLACEMENT_3D('',#12344,#12345,#12346);
#12348=PLANE('',#12347);
#12349=ORIENTED_EDGE('',*,*,#12337,.T.);
#12350=ORIENTED_EDGE('',*,*,#12321,.T.);
#12351=ORIENTED_EDGE('',*,*,#12339,.T.);
#12352=EDGE_LOOP('',(#12349,#12350,#12351));
#12353=FACE_OUTER_BOUND('',#12352,.F.);
#12354=ADVANCED_FACE('',(#12353),#12348,.T.);
#12355=CARTESIAN_POINT('',(1.720184939569E0,1.026357796117E1,
-5.150009329450E0));
#12356=CARTESIAN_POINT('',(1.720224313406E0,1.026525060730E1,
-5.149828480224E0));
#12357=CARTESIAN_POINT('',(1.720515714097E0,1.029444787600E1,
-5.146671623922E0));
#12358=CARTESIAN_POINT('',(1.707711601608E0,1.035204682686E1,
-5.140443931433E0));
#12359=CARTESIAN_POINT('',(1.665432980693E0,1.042414005974E1,
-5.132649093538E0));
#12360=CARTESIAN_POINT('',(1.621317802409E0,1.046359423961E1,
-5.128383243275E0));
#12361=CARTESIAN_POINT('',(1.595615413151E0,1.047772934567E1,
-5.126854932559E0));
#12362=CARTESIAN_POINT('',(1.594131810790E0,1.047851950261E1,
-5.126769499502E0));
#12364=DIRECTION('',(0.E0,1.074951318134E-1,-9.942056108454E-1));
#12365=VECTOR('',#12364,1.E0);
#12366=SURFACE_OF_LINEAR_EXTRUSION('',#12363,#12365);
#12368=ORIENTED_EDGE('',*,*,#12367,.T.);
#12369=ORIENTED_EDGE('',*,*,#7317,.F.);
#12371=ORIENTED_EDGE('',*,*,#12370,.T.);
#12373=ORIENTED_EDGE('',*,*,#12372,.F.);
#12374=EDGE_LOOP('',(#12368,#12369,#12371,#12373));
#12375=FACE_OUTER_BOUND('',#12374,.F.);
#12376=ADVANCED_FACE('',(#12375),#12366,.T.);
#12377=CARTESIAN_POINT('',(1.721897324723E0,9.814553785852E0,
-5.681356072168E0));
#12378=DIRECTION('',(9.999946617212E-1,3.248562708972E-3,3.512398972572E-4));
#12379=DIRECTION('',(-3.267495851497E-3,9.942003034986E-1,1.074945579744E-1));
#12380=AXIS2_PLACEMENT_3D('',#12377,#12378,#12379);
#12381=PLANE('',#12380);
#12383=ORIENTED_EDGE('',*,*,#12382,.T.);
#12384=ORIENTED_EDGE('',*,*,#7319,.T.);
#12385=ORIENTED_EDGE('',*,*,#12367,.F.);
#12387=ORIENTED_EDGE('',*,*,#12386,.F.);
#12388=EDGE_LOOP('',(#12383,#12384,#12385,#12387));
#12389=FACE_OUTER_BOUND('',#12388,.F.);
#12390=ADVANCED_FACE('',(#12389),#12381,.F.);
#12391=CARTESIAN_POINT('',(1.386018577359E0,9.179164733815E0,
-5.267257855857E0));
#12392=CARTESIAN_POINT('',(1.399118805472E0,9.143419485137E0,
-5.271122690429E0));
#12393=CARTESIAN_POINT('',(1.438763303809E0,9.100805512345E0,
-5.275730182654E0));
#12394=CARTESIAN_POINT('',(1.513196845872E0,9.076192614415E0,
-5.278391369312E0));
#12395=CARTESIAN_POINT('',(1.599320373505E0,9.077830168477E0,
-5.278214314297E0));
#12396=CARTESIAN_POINT('',(1.692410059427E0,9.133449077195E0,
-5.272200707194E0));
#12397=CARTESIAN_POINT('',(1.736480763420E0,9.250237920355E0,
-5.259573307033E0));
#12398=CARTESIAN_POINT('',(1.712766946582E0,9.324217709370E0,
-5.251574491613E0));
#12399=CARTESIAN_POINT('',(1.688662934208E0,9.351761875088E0,
-5.248596371502E0));
#12401=DIRECTION('',(0.E0,1.074951318134E-1,-9.942056108454E-1));
#12402=VECTOR('',#12401,1.E0);
#12403=SURFACE_OF_LINEAR_EXTRUSION('',#12400,#12402);
#12405=ORIENTED_EDGE('',*,*,#12404,.T.);
#12406=ORIENTED_EDGE('',*,*,#7321,.F.);
#12407=ORIENTED_EDGE('',*,*,#12382,.F.);
#12409=ORIENTED_EDGE('',*,*,#12408,.F.);
#12410=EDGE_LOOP('',(#12405,#12406,#12407,#12409));
#12411=FACE_OUTER_BOUND('',#12410,.F.);
#12412=ADVANCED_FACE('',(#12411),#12403,.T.);
#12413=CARTESIAN_POINT('',(5.051637021385E-1,9.691971425238E0,
-5.694609876882E0));
#12414=DIRECTION('',(-4.971008725031E-1,-8.626650086488E-1,-9.327274741152E-2));
#12415=DIRECTION('',(8.676927581562E-1,-4.942204765987E-1,-5.343592381463E-2));
#12416=AXIS2_PLACEMENT_3D('',#12413,#12414,#12415);
#12417=PLANE('',#12416);
#12419=ORIENTED_EDGE('',*,*,#12418,.T.);
#12420=ORIENTED_EDGE('',*,*,#7323,.F.);
#12421=ORIENTED_EDGE('',*,*,#12404,.F.);
#12423=ORIENTED_EDGE('',*,*,#12422,.F.);
#12424=EDGE_LOOP('',(#12419,#12420,#12421,#12423));
#12425=FACE_OUTER_BOUND('',#12424,.F.);
#12426=ADVANCED_FACE('',(#12425),#12417,.F.);
#12427=CARTESIAN_POINT('',(-5.636065089727E-1,1.039234555229E1,
-5.136086767529E0));
#12428=CARTESIAN_POINT('',(-5.636457022804E-1,1.039067583812E1,
-5.136267299747E0));
#12429=CARTESIAN_POINT('',(-5.639356553845E-1,1.036152830447E1,
-5.139418778612E0));
#12430=CARTESIAN_POINT('',(-5.511846021219E-1,1.030402928955E1,
-5.145635665865E0));
#12431=CARTESIAN_POINT('',(-5.090446868734E-1,1.023201960474E1,
-5.153421470408E0));
#12432=CARTESIAN_POINT('',(-4.650641329285E-1,1.019257965250E1,
-5.157685782355E0));
#12433=CARTESIAN_POINT('',(-4.394316630035E-1,1.017842173799E1,
-5.159216559158E0));
#12434=CARTESIAN_POINT('',(-4.379521490720E-1,1.017763021465E1,
-5.159302139953E0));
#12436=DIRECTION('',(0.E0,1.074951318134E-1,-9.942056108454E-1));
#12437=VECTOR('',#12436,1.E0);
#12438=SURFACE_OF_LINEAR_EXTRUSION('',#12435,#12437);
#12440=ORIENTED_EDGE('',*,*,#12439,.T.);
#12441=ORIENTED_EDGE('',*,*,#7325,.F.);
#12442=ORIENTED_EDGE('',*,*,#12418,.F.);
#12444=ORIENTED_EDGE('',*,*,#12443,.F.);
#12445=EDGE_LOOP('',(#12440,#12441,#12442,#12444));
#12446=FACE_OUTER_BOUND('',#12445,.F.);
#12447=ADVANCED_FACE('',(#12446),#12438,.T.);
#12448=CARTESIAN_POINT('',(-5.653643304194E-1,1.095863149337E1,
-5.557656524878E0));
#12449=DIRECTION('',(-9.999946649107E-1,-3.247592087877E-3,-3.511349521217E-4));
#12450=DIRECTION('',(3.266519573467E-3,-9.942003066696E-1,-1.074945583178E-1));
#12451=AXIS2_PLACEMENT_3D('',#12448,#12449,#12450);
#12452=PLANE('',#12451);
#12454=ORIENTED_EDGE('',*,*,#12453,.T.);
#12455=ORIENTED_EDGE('',*,*,#7327,.T.);
#12456=ORIENTED_EDGE('',*,*,#12439,.F.);
#12458=ORIENTED_EDGE('',*,*,#12457,.F.);
#12459=EDGE_LOOP('',(#12454,#12455,#12456,#12458));
#12460=FACE_OUTER_BOUND('',#12459,.F.);
#12461=ADVANCED_FACE('',(#12460),#12452,.F.);
#12462=CARTESIAN_POINT('',(-4.427498869096E-1,1.163725084594E1,
-5.001485577215E0));
#12463=CARTESIAN_POINT('',(-4.442241820877E-1,1.163644972706E1,
-5.001572195494E0));
#12464=CARTESIAN_POINT('',(-4.697632432487E-1,1.162212554411E1,
-5.003120949511E0));
#12465=CARTESIAN_POINT('',(-5.134823762069E-1,1.158239915737E1,
-5.007416231225E0));
#12466=CARTESIAN_POINT('',(-5.551492214483E-1,1.151011781795E1,
-5.015231407507E0));
#12467=CARTESIAN_POINT('',(-5.675201588189E-1,1.145253684353E1,
-5.021457156353E0));
#12468=CARTESIAN_POINT('',(-5.670387756531E-1,1.142339198413E1,
-5.024608346076E0));
#12469=CARTESIAN_POINT('',(-5.669886207959E-1,1.142172257146E1,
-5.024788845696E0));
#12471=DIRECTION('',(0.E0,1.074951318134E-1,-9.942056108454E-1));
#12472=VECTOR('',#12471,1.E0);
#12473=SURFACE_OF_LINEAR_EXTRUSION('',#12470,#12472);
#12474=ORIENTED_EDGE('',*,*,#12453,.F.);
#12476=ORIENTED_EDGE('',*,*,#12475,.F.);
#12478=ORIENTED_EDGE('',*,*,#12477,.T.);
#12479=ORIENTED_EDGE('',*,*,#7329,.F.);
#12480=EDGE_LOOP('',(#12474,#12476,#12478,#12479));
#12481=FACE_OUTER_BOUND('',#12480,.F.);
#12482=ADVANCED_FACE('',(#12481),#12473,.T.);
#12483=CARTESIAN_POINT('',(-1.106590242653E0,1.125346651526E1,
-5.042980964853E0));
#12484=DIRECTION('',(-2.231548279497E-14,1.074951318136E-1,-9.942056108454E-1));
#12485=DIRECTION('',(0.E0,-9.942056108454E-1,-1.074951318136E-1));
#12486=AXIS2_PLACEMENT_3D('',#12483,#12484,#12485);
#12487=PLANE('',#12486);
#12488=ORIENTED_EDGE('',*,*,#12372,.T.);
#12490=ORIENTED_EDGE('',*,*,#12489,.T.);
#12492=ORIENTED_EDGE('',*,*,#12491,.T.);
#12494=ORIENTED_EDGE('',*,*,#12493,.T.);
#12496=ORIENTED_EDGE('',*,*,#12495,.T.);
#12498=ORIENTED_EDGE('',*,*,#12497,.T.);
#12500=ORIENTED_EDGE('',*,*,#12499,.T.);
#12502=ORIENTED_EDGE('',*,*,#12501,.T.);
#12503=ORIENTED_EDGE('',*,*,#12475,.T.);
#12504=ORIENTED_EDGE('',*,*,#12457,.T.);
#12505=ORIENTED_EDGE('',*,*,#12443,.T.);
#12506=ORIENTED_EDGE('',*,*,#12422,.T.);
#12507=ORIENTED_EDGE('',*,*,#12408,.T.);
#12508=ORIENTED_EDGE('',*,*,#12386,.T.);
#12509=EDGE_LOOP('',(#12488,#12490,#12492,#12494,#12496,#12498,#12500,#12502,
#12503,#12504,#12505,#12506,#12507,#12508));
#12510=FACE_OUTER_BOUND('',#12509,.F.);
#12511=ADVANCED_FACE('',(#12510),#12487,.T.);
#12512=CARTESIAN_POINT('',(1.305798697104E0,1.069369515505E1,
-5.586301873787E0));
#12513=DIRECTION('',(4.954415689405E-1,8.636080220529E-1,9.337470755859E-2));
#12514=DIRECTION('',(-8.686412675931E-1,4.925707876866E-1,5.325755675949E-2));
#12515=AXIS2_PLACEMENT_3D('',#12512,#12513,#12514);
#12516=PLANE('',#12515);
#12518=ORIENTED_EDGE('',*,*,#12517,.F.);
#12519=ORIENTED_EDGE('',*,*,#12489,.F.);
#12520=ORIENTED_EDGE('',*,*,#12370,.F.);
#12521=ORIENTED_EDGE('',*,*,#7343,.F.);
#12522=EDGE_LOOP('',(#12518,#12519,#12520,#12521));
#12523=FACE_OUTER_BOUND('',#12522,.F.);
#12524=ADVANCED_FACE('',(#12523),#12516,.F.);
#12525=CARTESIAN_POINT('',(1.017414325743E0,1.080586503901E1,
-5.091376366332E0));
#12526=CARTESIAN_POINT('',(1.015918259882E0,1.080655424974E1,
-5.091301847744E0));
#12527=CARTESIAN_POINT('',(9.977309531565E-1,1.081590207822E1,
-5.090291145286E0));
#12528=CARTESIAN_POINT('',(9.729564867050E-1,1.085293453238E1,
-5.086287135955E0));
#12529=CARTESIAN_POINT('',(9.642863429348E-1,1.091176980169E1,
-5.079925770700E0));
#12530=CARTESIAN_POINT('',(9.724278468965E-1,1.097073532054E1,
-5.073550322652E0));
#12531=CARTESIAN_POINT('',(9.968926858872E-1,1.100815906697E1,
-5.069504006165E0));
#12532=CARTESIAN_POINT('',(1.015109824171E0,1.101767445083E1,
-5.068475187346E0));
#12533=CARTESIAN_POINT('',(1.016602068191E0,1.101837365774E1,
-5.068399587954E0));
#12535=DIRECTION('',(0.E0,1.074951318135E-1,-9.942056108454E-1));
#12536=VECTOR('',#12535,1.E0);
#12537=SURFACE_OF_LINEAR_EXTRUSION('',#12534,#12536);
#12538=ORIENTED_EDGE('',*,*,#12517,.T.);
#12539=ORIENTED_EDGE('',*,*,#7341,.F.);
#12541=ORIENTED_EDGE('',*,*,#12540,.F.);
#12542=ORIENTED_EDGE('',*,*,#12491,.F.);
#12543=EDGE_LOOP('',(#12538,#12539,#12541,#12542));
#12544=FACE_OUTER_BOUND('',#12543,.F.);
#12545=ADVANCED_FACE('',(#12544),#12537,.T.);
#12546=CARTESIAN_POINT('',(1.303959996140E0,1.123566535335E1,
-5.527703172201E0));
#12547=DIRECTION('',(5.011618418555E-1,-8.603393787700E-1,-9.302129651693E-2));
#12548=DIRECTION('',(8.653535741349E-1,4.982579151143E-1,5.387245825045E-2));
#12549=AXIS2_PLACEMENT_3D('',#12546,#12547,#12548);
#12550=PLANE('',#12549);
#12551=ORIENTED_EDGE('',*,*,#12540,.T.);
#12552=ORIENTED_EDGE('',*,*,#7339,.F.);
#12554=ORIENTED_EDGE('',*,*,#12553,.F.);
#12555=ORIENTED_EDGE('',*,*,#12493,.F.);
#12556=EDGE_LOOP('',(#12551,#12552,#12554,#12555));
#12557=FACE_OUTER_BOUND('',#12556,.F.);
#12558=ADVANCED_FACE('',(#12557),#12550,.F.);
#12559=CARTESIAN_POINT('',(1.591269081714E0,1.134957308783E1,
-5.032589765514E0));
#12560=CARTESIAN_POINT('',(1.592747508581E0,1.135037280048E1,
-5.032503299278E0));
#12561=CARTESIAN_POINT('',(1.618357224573E0,1.136467354881E1,
-5.030957079049E0));
#12562=CARTESIAN_POINT('',(1.662210802757E0,1.140441501094E1,
-5.026660167360E0));
#12563=CARTESIAN_POINT('',(1.704015713307E0,1.147678071619E1,
-5.018835869308E0));
#12564=CARTESIAN_POINT('',(1.716439032925E0,1.153446188070E1,
-5.012599287745E0));
#12565=CARTESIAN_POINT('',(1.715955879409E0,1.156365642019E1,
-5.009442726531E0));
#12566=CARTESIAN_POINT('',(1.715905525056E0,1.156532876063E1,
-5.009261910356E0));
#12568=DIRECTION('',(0.E0,1.074951318135E-1,-9.942056108454E-1));
#12569=VECTOR('',#12568,1.E0);
#12570=SURFACE_OF_LINEAR_EXTRUSION('',#12567,#12569);
#12571=ORIENTED_EDGE('',*,*,#12553,.T.);
#12572=ORIENTED_EDGE('',*,*,#7337,.F.);
#12574=ORIENTED_EDGE('',*,*,#12573,.F.);
#12575=ORIENTED_EDGE('',*,*,#12495,.F.);
#12576=EDGE_LOOP('',(#12571,#12572,#12574,#12575));
#12577=FACE_OUTER_BOUND('',#12576,.F.);
#12578=ADVANCED_FACE('',(#12577),#12570,.T.);
#12579=CARTESIAN_POINT('',(1.714327749516E0,1.211754884180E1,
-5.432352491414E0));
#12580=DIRECTION('',(9.999946650138E-1,3.247560723456E-3,3.511315609489E-4));
#12581=DIRECTION('',(-3.266488026249E-3,9.942003067721E-1,1.074945583287E-1));
#12582=AXIS2_PLACEMENT_3D('',#12579,#12580,#12581);
#12583=PLANE('',#12582);
#12584=ORIENTED_EDGE('',*,*,#12573,.T.);
#12585=ORIENTED_EDGE('',*,*,#7335,.T.);
#12587=ORIENTED_EDGE('',*,*,#12586,.F.);
#12588=ORIENTED_EDGE('',*,*,#12497,.F.);
#12589=EDGE_LOOP('',(#12584,#12585,#12587,#12588));
#12590=FACE_OUTER_BOUND('',#12589,.F.);
#12591=ADVANCED_FACE('',(#12590),#12583,.F.);
#12592=CARTESIAN_POINT('',(1.677031668558E0,1.247584658456E1,
-4.910815238525E0));
#12593=CARTESIAN_POINT('',(1.701927756443E0,1.250360195620E1,
-4.907814282486E0));
#12594=CARTESIAN_POINT('',(1.726362994447E0,1.257986559230E1,
-4.899568533794E0));
#12595=CARTESIAN_POINT('',(1.678493663511E0,1.269902747814E1,
-4.886684556389E0));
#12596=CARTESIAN_POINT('',(1.582522639455E0,1.275129437635E1,
-4.881033374128E0));
#12597=CARTESIAN_POINT('',(1.498400162188E0,1.275061919320E1,
-4.881106376031E0));
#12598=CARTESIAN_POINT('',(1.425908606004E0,1.272542604883E1,
-4.883830299880E0));
#12599=CARTESIAN_POINT('',(1.387030207516E0,1.268291704764E1,
-4.888426442406E0));
#12600=CARTESIAN_POINT('',(1.374251864612E0,1.264669823046E1,
-4.892342479980E0));
#12602=DIRECTION('',(0.E0,1.074951318135E-1,-9.942056108454E-1));
#12603=VECTOR('',#12602,1.E0);
#12604=SURFACE_OF_LINEAR_EXTRUSION('',#12601,#12603);
#12605=ORIENTED_EDGE('',*,*,#12586,.T.);
#12606=ORIENTED_EDGE('',*,*,#7333,.F.);
#12608=ORIENTED_EDGE('',*,*,#12607,.F.);
#12609=ORIENTED_EDGE('',*,*,#12499,.F.);
#12610=EDGE_LOOP('',(#12605,#12606,#12608,#12609));
#12611=FACE_OUTER_BOUND('',#12610,.F.);
#12612=ADVANCED_FACE('',(#12611),#12604,.T.);
#12613=CARTESIAN_POINT('',(4.968145975137E-1,1.223222199485E1,
-5.419953843119E0));
#12614=DIRECTION('',(-5.027611957391E-1,8.594165298700E-1,9.292151658906E-2));
#12615=DIRECTION('',(-8.644253467240E-1,-4.998480017192E-1,-5.404438100630E-2));
#12616=AXIS2_PLACEMENT_3D('',#12613,#12614,#12615);
#12617=PLANE('',#12616);
#12618=ORIENTED_EDGE('',*,*,#12607,.T.);
#12619=ORIENTED_EDGE('',*,*,#7331,.F.);
#12620=ORIENTED_EDGE('',*,*,#12477,.F.);
#12621=ORIENTED_EDGE('',*,*,#12501,.F.);
#12622=EDGE_LOOP('',(#12618,#12619,#12620,#12621));
#12623=FACE_OUTER_BOUND('',#12622,.F.);
#12624=ADVANCED_FACE('',(#12623),#12617,.F.);
#12625=CARTESIAN_POINT('',(2.405198782225E0,9.693072255275E0,
-5.211693336648E0));
#12626=CARTESIAN_POINT('',(2.405155261876E0,9.691254415392E0,
-5.211889884461E0));
#12627=CARTESIAN_POINT('',(2.404831947855E0,9.659483140505E0,
-5.215325046509E0));
#12628=CARTESIAN_POINT('',(2.418983306556E0,9.596844227024E0,
-5.222097667974E0));
#12629=CARTESIAN_POINT('',(2.465374883981E0,9.518780450028E0,
-5.230538050835E0));
#12630=CARTESIAN_POINT('',(2.513848704104E0,9.476454253963E0,
-5.235114428171E0));
#12631=CARTESIAN_POINT('',(2.541986828293E0,9.461599115047E0,
-5.236720590014E0));
#12632=CARTESIAN_POINT('',(2.543614285058E0,9.460768380867E0,
-5.236810410348E0));
#12634=DIRECTION('',(0.E0,1.074951318135E-1,-9.942056108454E-1));
#12635=VECTOR('',#12634,1.E0);
#12636=SURFACE_OF_LINEAR_EXTRUSION('',#12633,#12635);
#12638=ORIENTED_EDGE('',*,*,#12637,.T.);
#12639=ORIENTED_EDGE('',*,*,#7347,.F.);
#12641=ORIENTED_EDGE('',*,*,#12640,.T.);
#12643=ORIENTED_EDGE('',*,*,#12642,.F.);
#12644=EDGE_LOOP('',(#12638,#12639,#12641,#12643));
#12645=FACE_OUTER_BOUND('',#12644,.F.);
#12646=ADVANCED_FACE('',(#12645),#12636,.T.);
#12647=CARTESIAN_POINT('',(2.400219772647E0,1.123713014287E1,
-5.527544796769E0));
#12648=DIRECTION('',(-9.999946617527E-1,-3.248553111996E-3,-3.512388596161E-4));
#12649=DIRECTION('',(3.267486198588E-3,-9.942003035300E-1,-1.074945579778E-1));
#12650=AXIS2_PLACEMENT_3D('',#12647,#12648,#12649);
#12651=PLANE('',#12650);
#12653=ORIENTED_EDGE('',*,*,#12652,.T.);
#12654=ORIENTED_EDGE('',*,*,#7349,.T.);
#12655=ORIENTED_EDGE('',*,*,#12637,.F.);
#12657=ORIENTED_EDGE('',*,*,#12656,.F.);
#12658=EDGE_LOOP('',(#12653,#12654,#12655,#12657));
#12659=FACE_OUTER_BOUND('',#12658,.F.);
#12660=ADVANCED_FACE('',(#12659),#12651,.F.);
#12661=CARTESIAN_POINT('',(2.681786110691E0,1.282466498102E1,
-4.873100424713E0));
#12662=CARTESIAN_POINT('',(2.656624220071E0,1.286317494866E1,
-4.868936664214E0));
#12663=CARTESIAN_POINT('',(2.614367886382E0,1.288048550021E1,
-4.867065019154E0));
#12664=CARTESIAN_POINT('',(2.564256232071E0,1.287528800843E1,
-4.867626980440E0));
#12665=CARTESIAN_POINT('',(2.532820544231E0,1.286655711523E1,
-4.868570978849E0));
#12666=CARTESIAN_POINT('',(2.479484771256E0,1.283906838736E1,
-4.871543104930E0));
#12667=CARTESIAN_POINT('',(2.421875679398E0,1.278163363315E1,
-4.877753044210E0));
#12668=CARTESIAN_POINT('',(2.381413530989E0,1.268203795544E1,
-4.888521491286E0));
#12669=CARTESIAN_POINT('',(2.410431905875E0,1.261265602752E1,
-4.896023178468E0));
#12670=CARTESIAN_POINT('',(2.450735889515E0,1.258016916494E1,
-4.899535711023E0));
#12672=DIRECTION('',(0.E0,1.074951318135E-1,-9.942056108454E-1));
#12673=VECTOR('',#12672,1.E0);
#12674=SURFACE_OF_LINEAR_EXTRUSION('',#12671,#12673);
#12676=ORIENTED_EDGE('',*,*,#12675,.T.);
#12677=ORIENTED_EDGE('',*,*,#7351,.F.);
#12678=ORIENTED_EDGE('',*,*,#12652,.F.);
#12680=ORIENTED_EDGE('',*,*,#12679,.F.);
#12681=EDGE_LOOP('',(#12676,#12677,#12678,#12680));
#12682=FACE_OUTER_BOUND('',#12681,.F.);
#12683=ADVANCED_FACE('',(#12682),#12674,.T.);
#12684=CARTESIAN_POINT('',(3.077646856041E0,1.293019357631E1,
-5.344488017607E0));
#12685=DIRECTION('',(-3.268267738893E-3,9.942003009908E-1,1.074945577034E-1));
#12686=DIRECTION('',(-9.999946591987E-1,-3.249330123760E-3,-3.513228713244E-4));
#12687=AXIS2_PLACEMENT_3D('',#12684,#12685,#12686);
#12688=PLANE('',#12687);
#12690=ORIENTED_EDGE('',*,*,#12689,.T.);
#12691=ORIENTED_EDGE('',*,*,#7353,.T.);
#12692=ORIENTED_EDGE('',*,*,#12675,.F.);
#12694=ORIENTED_EDGE('',*,*,#12693,.F.);
#12695=EDGE_LOOP('',(#12690,#12691,#12692,#12694));
#12696=FACE_OUTER_BOUND('',#12695,.F.);
#12697=ADVANCED_FACE('',(#12696),#12688,.F.);
#12698=CARTESIAN_POINT('',(3.713312560448E0,1.259004523408E1,
-4.898467894327E0));
#12699=CARTESIAN_POINT('',(3.748281212486E0,1.262122177060E1,
-4.895097036360E0));
#12700=CARTESIAN_POINT('',(3.774341863152E0,1.268857150786E1,
-4.887815072944E0));
#12701=CARTESIAN_POINT('',(3.734021112990E0,1.278592876340E1,
-4.877288647724E0));
#12702=CARTESIAN_POINT('',(3.676021230196E0,1.284298314732E1,
-4.871119834701E0));
#12703=CARTESIAN_POINT('',(3.622512322750E0,1.287010801440E1,
-4.868187049841E0));
#12704=CARTESIAN_POINT('',(3.591035373417E0,1.287862596156E1,
-4.867266075505E0));
#12705=CARTESIAN_POINT('',(3.540597133918E0,1.288352394359E1,
-4.866736497701E0));
#12706=CARTESIAN_POINT('',(3.498155622057E0,1.286565603024E1,
-4.868668405628E0));
#12707=CARTESIAN_POINT('',(3.473190327473E0,1.282618480623E1,
-4.872936098721E0));
#12709=DIRECTION('',(0.E0,1.074951318135E-1,-9.942056108454E-1));
#12710=VECTOR('',#12709,1.E0);
#12711=SURFACE_OF_LINEAR_EXTRUSION('',#12708,#12710);
#12713=ORIENTED_EDGE('',*,*,#12712,.T.);
#12714=ORIENTED_EDGE('',*,*,#7355,.F.);
#12715=ORIENTED_EDGE('',*,*,#12689,.F.);
#12717=ORIENTED_EDGE('',*,*,#12716,.F.);
#12718=EDGE_LOOP('',(#12713,#12714,#12715,#12717));
#12719=FACE_OUTER_BOUND('',#12718,.F.);
#12720=ADVANCED_FACE('',(#12719),#12711,.T.);
#12721=CARTESIAN_POINT('',(3.764962858054E0,1.161454885902E1,
-5.486737669754E0));
#12722=DIRECTION('',(9.999946605350E-1,3.248923598624E-3,3.512789172345E-4));
#12723=DIRECTION('',(-3.267858844471E-3,9.942003023193E-1,1.074945578471E-1));
#12724=AXIS2_PLACEMENT_3D('',#12721,#12722,#12723);
#12725=PLANE('',#12724);
#12727=ORIENTED_EDGE('',*,*,#12726,.T.);
#12728=ORIENTED_EDGE('',*,*,#7357,.T.);
#12729=ORIENTED_EDGE('',*,*,#12712,.F.);
#12731=ORIENTED_EDGE('',*,*,#12730,.F.);
#12732=EDGE_LOOP('',(#12727,#12728,#12729,#12731));
#12733=FACE_OUTER_BOUND('',#12732,.F.);
#12734=ADVANCED_FACE('',(#12733),#12725,.F.);
#12735=CARTESIAN_POINT('',(4.423856039295E0,1.053851900943E1,
-5.120282254990E0));
#12736=CARTESIAN_POINT('',(4.439791395771E0,1.050797536190E1,
-5.123584683965E0));
#12737=CARTESIAN_POINT('',(4.459150309486E0,1.042084839156E1,
-5.133004994068E0));
#12738=CARTESIAN_POINT('',(4.411643626720E0,1.027968351115E1,
-5.148267971124E0));
#12739=CARTESIAN_POINT('',(4.295481679306E0,1.019837947464E1,
-5.157058696127E0));
#12740=CARTESIAN_POINT('',(4.187986148841E0,1.017925912352E1,
-5.159126019669E0));
#12741=CARTESIAN_POINT('',(4.102344068862E0,1.017875421428E1,
-5.159180611278E0));
#12742=CARTESIAN_POINT('',(4.017543510631E0,1.018036042019E1,
-5.159006945676E0));
#12743=CARTESIAN_POINT('',(3.913735736900E0,1.020060288760E1,
-5.156818297093E0));
#12744=CARTESIAN_POINT('',(3.803672585521E0,1.028270475770E1,
-5.147941309021E0));
#12745=CARTESIAN_POINT('',(3.757369562592E0,1.041915883242E1,
-5.133187671957E0));
#12746=CARTESIAN_POINT('',(3.775707354353E0,1.050537274240E1,
-5.123866083428E0));
#12747=CARTESIAN_POINT('',(3.791208915218E0,1.053629307250E1,
-5.120522926919E0));
#12749=DIRECTION('',(0.E0,1.074951318135E-1,-9.942056108454E-1));
#12750=VECTOR('',#12749,1.E0);
#12751=SURFACE_OF_LINEAR_EXTRUSION('',#12748,#12750);
#12753=ORIENTED_EDGE('',*,*,#12752,.T.);
#12754=ORIENTED_EDGE('',*,*,#7359,.F.);
#12755=ORIENTED_EDGE('',*,*,#12726,.F.);
#12757=ORIENTED_EDGE('',*,*,#12756,.F.);
#12758=EDGE_LOOP('',(#12753,#12754,#12755,#12757));
#12759=FACE_OUTER_BOUND('',#12758,.F.);
#12760=ADVANCED_FACE('',(#12759),#12751,.T.);
#12761=CARTESIAN_POINT('',(4.443706000129E0,1.161675435010E1,
-5.486499208462E0));
#12762=DIRECTION('',(-9.999946618246E-1,-3.248531243460E-3,-3.512364951543E-4));
#12763=DIRECTION('',(3.267464202599E-3,-9.942003036014E-1,-1.074945579857E-1));
#12764=AXIS2_PLACEMENT_3D('',#12761,#12762,#12763);
#12765=PLANE('',#12764);
#12767=ORIENTED_EDGE('',*,*,#12766,.T.);
#12768=ORIENTED_EDGE('',*,*,#7361,.T.);
#12769=ORIENTED_EDGE('',*,*,#12752,.F.);
#12771=ORIENTED_EDGE('',*,*,#12770,.F.);
#12772=EDGE_LOOP('',(#12767,#12768,#12769,#12771));
#12773=FACE_OUTER_BOUND('',#12772,.F.);
#12774=ADVANCED_FACE('',(#12773),#12765,.F.);
#12775=CARTESIAN_POINT('',(4.726498186551E0,1.283130900822E1,
-4.872382061663E0));
#12776=CARTESIAN_POINT('',(4.701336295538E0,1.286981898156E1,
-4.868218300543E0));
#12777=CARTESIAN_POINT('',(4.659079960280E0,1.288712953563E1,
-4.866346655210E0));
#12778=CARTESIAN_POINT('',(4.608968304280E0,1.288193204391E1,
-4.866908616490E0));
#12779=CARTESIAN_POINT('',(4.577532615868E0,1.287320115050E1,
-4.867852614922E0));
#12780=CARTESIAN_POINT('',(4.524196842893E0,1.284571242253E1,
-4.870824741014E0));
#12781=CARTESIAN_POINT('',(4.466587750733E0,1.278827766830E1,
-4.877034680295E0));
#12782=CARTESIAN_POINT('',(4.426125602586E0,1.268868199080E1,
-4.887803127351E0));
#12783=CARTESIAN_POINT('',(4.455143967875E0,1.261930006341E1,
-4.895304814474E0));
#12784=CARTESIAN_POINT('',(4.495447940064E0,1.258681320146E1,
-4.898817346960E0));
#12786=DIRECTION('',(0.E0,1.074951318135E-1,-9.942056108454E-1));
#12787=VECTOR('',#12786,1.E0);
#12788=SURFACE_OF_LINEAR_EXTRUSION('',#12785,#12787);
#12789=ORIENTED_EDGE('',*,*,#12766,.F.);
#12791=ORIENTED_EDGE('',*,*,#12790,.F.);
#12793=ORIENTED_EDGE('',*,*,#12792,.T.);
#12794=ORIENTED_EDGE('',*,*,#7363,.F.);
#12795=EDGE_LOOP('',(#12789,#12791,#12793,#12794));
#12796=FACE_OUTER_BOUND('',#12795,.F.);
#12797=ADVANCED_FACE('',(#12796),#12788,.T.);
#12798=CARTESIAN_POINT('',(2.395189994136E0,1.288684176298E1,
-4.866377769659E0));
#12799=DIRECTION('',(1.412851149276E-14,1.074951318136E-1,-9.942056108454E-1));
#12800=DIRECTION('',(0.E0,-9.942056108454E-1,-1.074951318136E-1));
#12801=AXIS2_PLACEMENT_3D('',#12798,#12799,#12800);
#12802=PLANE('',#12801);
#12803=ORIENTED_EDGE('',*,*,#12642,.T.);
#12805=ORIENTED_EDGE('',*,*,#12804,.T.);
#12807=ORIENTED_EDGE('',*,*,#12806,.T.);
#12809=ORIENTED_EDGE('',*,*,#12808,.T.);
#12811=ORIENTED_EDGE('',*,*,#12810,.T.);
#12813=ORIENTED_EDGE('',*,*,#12812,.T.);
#12815=ORIENTED_EDGE('',*,*,#12814,.T.);
#12817=ORIENTED_EDGE('',*,*,#12816,.T.);
#12819=ORIENTED_EDGE('',*,*,#12818,.T.);
#12821=ORIENTED_EDGE('',*,*,#12820,.T.);
#12822=ORIENTED_EDGE('',*,*,#12790,.T.);
#12823=ORIENTED_EDGE('',*,*,#12770,.T.);
#12824=ORIENTED_EDGE('',*,*,#12756,.T.);
#12825=ORIENTED_EDGE('',*,*,#12730,.T.);
#12826=ORIENTED_EDGE('',*,*,#12716,.T.);
#12827=ORIENTED_EDGE('',*,*,#12693,.T.);
#12828=ORIENTED_EDGE('',*,*,#12679,.T.);
#12829=ORIENTED_EDGE('',*,*,#12656,.T.);
#12830=EDGE_LOOP('',(#12803,#12805,#12807,#12809,#12811,#12813,#12815,#12817,
#12819,#12821,#12822,#12823,#12824,#12825,#12826,#12827,#12828,#12829));
#12831=FACE_OUTER_BOUND('',#12830,.F.);
#12832=ADVANCED_FACE('',(#12831),#12802,.T.);
#12833=CARTESIAN_POINT('',(2.924173965073E0,9.295356478104E0,
-5.737492531693E0));
#12834=DIRECTION('',(-4.971825729238E-1,-8.626184686403E-1,-9.326771543004E-2));
#12835=DIRECTION('',(8.676459469051E-1,-4.943017036153E-1,-5.344470621280E-2));
#12836=AXIS2_PLACEMENT_3D('',#12833,#12834,#12835);
#12837=PLANE('',#12836);
#12839=ORIENTED_EDGE('',*,*,#12838,.F.);
#12840=ORIENTED_EDGE('',*,*,#12804,.F.);
#12841=ORIENTED_EDGE('',*,*,#12640,.F.);
#12842=ORIENTED_EDGE('',*,*,#7381,.F.);
#12843=EDGE_LOOP('',(#12839,#12840,#12841,#12842));
#12844=FACE_OUTER_BOUND('',#12843,.F.);
#12845=ADVANCED_FACE('',(#12844),#12837,.F.);
#12846=CARTESIAN_POINT('',(3.304893842497E0,9.026895850094E0,
-5.283721415855E0));
#12847=CARTESIAN_POINT('',(3.306450661582E0,9.025985685054E0,
-5.283819824383E0));
#12848=CARTESIAN_POINT('',(3.333949699495E0,9.010115470579E0,
-5.285535737851E0));
#12849=CARTESIAN_POINT('',(3.390715627227E0,8.984384292680E0,
-5.288317834763E0));
#12850=CARTESIAN_POINT('',(3.463663057155E0,8.965224219354E0,
-5.290389453134E0));
#12851=CARTESIAN_POINT('',(3.523534348664E0,8.957391769741E0,
-5.291236310357E0));
#12852=CARTESIAN_POINT('',(3.555387524854E0,8.956031443016E0,
-5.291383391101E0));
#12853=CARTESIAN_POINT('',(3.572215176723E0,8.956179104955E0,
-5.291367425651E0));
#12854=CARTESIAN_POINT('',(3.574020954142E0,8.956204992490E0,
-5.291364626649E0));
#12856=DIRECTION('',(0.E0,1.074951318135E-1,-9.942056108454E-1));
#12857=VECTOR('',#12856,1.E0);
#12858=SURFACE_OF_LINEAR_EXTRUSION('',#12855,#12857);
#12859=ORIENTED_EDGE('',*,*,#12838,.T.);
#12860=ORIENTED_EDGE('',*,*,#7379,.F.);
#12862=ORIENTED_EDGE('',*,*,#12861,.F.);
#12863=ORIENTED_EDGE('',*,*,#12806,.F.);
#12864=EDGE_LOOP('',(#12859,#12860,#12862,#12863));
#12865=FACE_OUTER_BOUND('',#12864,.F.);
#12866=ADVANCED_FACE('',(#12865),#12858,.T.);
#12867=CARTESIAN_POINT('',(4.112899549354E0,9.009523673208E0,
-5.768397240642E0));
#12868=DIRECTION('',(3.268290549682E-3,-9.942003009166E-1,-1.074945576954E-1));
#12869=DIRECTION('',(9.999946591242E-1,3.249352802362E-3,3.513253234899E-4));
#12870=AXIS2_PLACEMENT_3D('',#12867,#12868,#12869);
#12871=PLANE('',#12870);
#12872=ORIENTED_EDGE('',*,*,#12861,.T.);
#12873=ORIENTED_EDGE('',*,*,#7377,.T.);
#12875=ORIENTED_EDGE('',*,*,#12874,.F.);
#12876=ORIENTED_EDGE('',*,*,#12808,.F.);
#12877=EDGE_LOOP('',(#12872,#12873,#12875,#12876));
#12878=FACE_OUTER_BOUND('',#12877,.F.);
#12879=ADVANCED_FACE('',(#12878),#12871,.F.);
#12880=CARTESIAN_POINT('',(4.555881177391E0,8.970965808768E0,
-5.289768663123E0));
#12881=CARTESIAN_POINT('',(4.589220655347E0,8.963099744120E0,
-5.290619154860E0));
#12882=CARTESIAN_POINT('',(4.638412837526E0,8.958013384668E0,
-5.291169100338E0));
#12883=CARTESIAN_POINT('',(4.702727208048E0,8.961290391464E0,
-5.290814785020E0));
#12884=CARTESIAN_POINT('',(4.763247289738E0,8.969705200963E0,
-5.289904962096E0));
#12885=CARTESIAN_POINT('',(4.837461744018E0,8.989378840186E0,
-5.287777816143E0));
#12886=CARTESIAN_POINT('',(4.922758896873E0,9.032189896804E0,
-5.283149014892E0));
#12887=CARTESIAN_POINT('',(4.977861657974E0,9.064201043187E0,
-5.279687917548E0));
#12888=CARTESIAN_POINT('',(5.006809013837E0,9.078802258558E0,
-5.278109210336E0));
#12890=DIRECTION('',(0.E0,1.074951318135E-1,-9.942056108454E-1));
#12891=VECTOR('',#12890,1.E0);
#12892=SURFACE_OF_LINEAR_EXTRUSION('',#12889,#12891);
#12893=ORIENTED_EDGE('',*,*,#12874,.T.);
#12894=ORIENTED_EDGE('',*,*,#7375,.F.);
#12896=ORIENTED_EDGE('',*,*,#12895,.T.);
#12897=ORIENTED_EDGE('',*,*,#12810,.F.);
#12898=EDGE_LOOP('',(#12893,#12894,#12896,#12897));
#12899=FACE_OUTER_BOUND('',#12898,.F.);
#12900=ADVANCED_FACE('',(#12899),#12892,.T.);
#12901=CARTESIAN_POINT('',(4.919228331386E0,9.031398535082E0,
-5.283234578212E0));
#12902=DIRECTION('',(-5.028685666851E-1,8.593544344872E-1,9.291480273504E-2));
#12903=DIRECTION('',(-8.630880993597E-1,-5.050533959332E-1,0.E0));
#12904=AXIS2_PLACEMENT_3D('',#12901,#12902,#12903);
#12905=PLANE('',#12904);
#12906=ORIENTED_EDGE('',*,*,#7373,.T.);
#12908=ORIENTED_EDGE('',*,*,#12907,.T.);
#12909=ORIENTED_EDGE('',*,*,#12812,.F.);
#12910=ORIENTED_EDGE('',*,*,#12895,.F.);
#12911=EDGE_LOOP('',(#12906,#12908,#12909,#12910));
#12912=FACE_OUTER_BOUND('',#12911,.F.);
#12913=ADVANCED_FACE('',(#12912),#12905,.T.);
#12914=CARTESIAN_POINT('',(5.686299654495E0,9.475034708119E0,
-5.235267911783E0));
#12915=CARTESIAN_POINT('',(5.687837126733E0,9.475912368752E0,
-5.235173017684E0));
#12916=CARTESIAN_POINT('',(5.714549565175E0,9.491625046643E0,
-5.233474137328E0));
#12917=CARTESIAN_POINT('',(5.760072205479E0,9.534234967611E0,
-5.228867083193E0));
#12918=CARTESIAN_POINT('',(5.803484384487E0,9.610857646507E0,
-5.220582514209E0));
#12919=CARTESIAN_POINT('',(5.816272259531E0,9.671553326792E0,
-5.214019998285E0));
#12920=CARTESIAN_POINT('',(5.815771987757E0,9.702225615503E0,
-5.210703660415E0));
#12921=CARTESIAN_POINT('',(5.815719801530E0,9.703987478696E0,
-5.210513164894E0));
#12923=DIRECTION('',(0.E0,1.074951318135E-1,-9.942056108454E-1));
#12924=VECTOR('',#12923,1.E0);
#12925=SURFACE_OF_LINEAR_EXTRUSION('',#12922,#12924);
#12927=ORIENTED_EDGE('',*,*,#12926,.F.);
#12928=ORIENTED_EDGE('',*,*,#12814,.F.);
#12929=ORIENTED_EDGE('',*,*,#12907,.F.);
#12930=ORIENTED_EDGE('',*,*,#7371,.F.);
#12931=EDGE_LOOP('',(#12927,#12928,#12929,#12930));
#12932=FACE_OUTER_BOUND('',#12931,.F.);
#12933=ADVANCED_FACE('',(#12932),#12925,.T.);
#12934=CARTESIAN_POINT('',(5.810884042132E0,1.124821264430E1,
-5.526346538643E0));
#12935=DIRECTION('',(9.999946628111E-1,3.248231070220E-3,3.512040399342E-4));
#12936=DIRECTION('',(-3.267162279901E-3,9.942003045822E-1,1.074945580918E-1));
#12937=AXIS2_PLACEMENT_3D('',#12934,#12935,#12936);
#12938=PLANE('',#12937);
#12939=ORIENTED_EDGE('',*,*,#12926,.T.);
#12940=ORIENTED_EDGE('',*,*,#7369,.T.);
#12942=ORIENTED_EDGE('',*,*,#12941,.F.);
#12943=ORIENTED_EDGE('',*,*,#12816,.F.);
#12944=EDGE_LOOP('',(#12939,#12940,#12942,#12943));
#12945=FACE_OUTER_BOUND('',#12944,.F.);
#12946=ADVANCED_FACE('',(#12945),#12938,.F.);
#12947=CARTESIAN_POINT('',(5.758008836241E0,1.259668921723E1,
-4.897749536037E0));
#12948=CARTESIAN_POINT('',(5.792977488825E0,1.262786575372E1,
-4.894378678072E0));
#12949=CARTESIAN_POINT('',(5.819038139955E0,1.269521549116E1,
-4.887096714636E0));
#12950=CARTESIAN_POINT('',(5.778717390262E0,1.279257274717E1,
-4.876570289364E0));
#12951=CARTESIAN_POINT('',(5.720717507366E0,1.284962713110E1,
-4.870401476340E0));
#12952=CARTESIAN_POINT('',(5.667208600006E0,1.287675199833E1,
-4.867468691465E0));
#12953=CARTESIAN_POINT('',(5.635731650349E0,1.288526994564E1,
-4.866547717113E0));
#12954=CARTESIAN_POINT('',(5.585293409925E0,1.289016792763E1,
-4.866018139312E0));
#12955=CARTESIAN_POINT('',(5.542851897238E0,1.287230001315E1,
-4.867950047362E0));
#12956=CARTESIAN_POINT('',(5.517886602607E0,1.283282878738E1,
-4.872217740680E0));
#12958=DIRECTION('',(0.E0,1.074951318135E-1,-9.942056108454E-1));
#12959=VECTOR('',#12958,1.E0);
#12960=SURFACE_OF_LINEAR_EXTRUSION('',#12957,#12959);
#12961=ORIENTED_EDGE('',*,*,#12941,.T.);
#12962=ORIENTED_EDGE('',*,*,#7367,.F.);
#12964=ORIENTED_EDGE('',*,*,#12963,.F.);
#12965=ORIENTED_EDGE('',*,*,#12818,.F.);
#12966=EDGE_LOOP('',(#12961,#12962,#12964,#12965));
#12967=FACE_OUTER_BOUND('',#12966,.F.);
#12968=ADVANCED_FACE('',(#12967),#12960,.T.);
#12969=CARTESIAN_POINT('',(5.122351030446E0,1.293683758599E1,
-5.343769656446E0));
#12970=DIRECTION('',(-3.268267743647E-3,9.942003009908E-1,1.074945577034E-1));
#12971=DIRECTION('',(-9.999946591987E-1,-3.249330128466E-3,-3.513228720213E-4));
#12972=AXIS2_PLACEMENT_3D('',#12969,#12970,#12971);
#12973=PLANE('',#12972);
#12974=ORIENTED_EDGE('',*,*,#12963,.T.);
#12975=ORIENTED_EDGE('',*,*,#7365,.T.);
#12976=ORIENTED_EDGE('',*,*,#12792,.F.);
#12977=ORIENTED_EDGE('',*,*,#12820,.F.);
#12978=EDGE_LOOP('',(#12974,#12975,#12976,#12977));
#12979=FACE_OUTER_BOUND('',#12978,.F.);
#12980=ADVANCED_FACE('',(#12979),#12973,.F.);
#12981=CARTESIAN_POINT('',(9.097972920133E0,1.294978846169E1,
-5.342369386648E0));
#12982=DIRECTION('',(-3.268272558218E-3,9.942003009751E-1,1.074945577016E-1));
#12983=DIRECTION('',(-9.999946591830E-1,-3.249334915132E-3,-3.513233896341E-4));
#12984=AXIS2_PLACEMENT_3D('',#12981,#12982,#12983);
#12985=PLANE('',#12984);
#12987=ORIENTED_EDGE('',*,*,#12986,.T.);
#12988=ORIENTED_EDGE('',*,*,#7385,.T.);
#12990=ORIENTED_EDGE('',*,*,#12989,.F.);
#12992=ORIENTED_EDGE('',*,*,#12991,.F.);
#12993=EDGE_LOOP('',(#12987,#12988,#12990,#12992));
#12994=FACE_OUTER_BOUND('',#12993,.F.);
#12995=ADVANCED_FACE('',(#12994),#12985,.F.);
#12996=CARTESIAN_POINT('',(9.834884874731E0,1.260995278578E1,
-4.896315457376E0));
#12997=CARTESIAN_POINT('',(9.869846611492E0,1.264113018886E1,
-4.892944505716E0));
#12998=CARTESIAN_POINT('',(9.895904289255E0,1.270848318473E1,
-4.885662189974E0));
#12999=CARTESIAN_POINT('',(9.855584374280E0,1.280584489623E1,
-4.875135282966E0));
#13000=CARTESIAN_POINT('',(9.797585710476E0,1.286290555641E1,
-4.868965791344E0));
#13001=CARTESIAN_POINT('',(9.744077750170E0,1.289003177872E1,
-4.866032859956E0));
#13002=CARTESIAN_POINT('',(9.712602625689E0,1.289854979587E1,
-4.865111878052E0));
#13003=CARTESIAN_POINT('',(9.662165327939E0,1.290344802354E1,
-4.864582273689E0));
#13004=CARTESIAN_POINT('',(9.619724285461E0,1.288557823466E1,
-4.866514384402E0));
#13005=CARTESIAN_POINT('',(9.594761088294E0,1.284610147660E1,
-4.870782675863E0));
#13007=DIRECTION('',(0.E0,1.074951318134E-1,-9.942056108454E-1));
#13008=VECTOR('',#13007,1.E0);
#13009=SURFACE_OF_LINEAR_EXTRUSION('',#13006,#13008);
#13011=ORIENTED_EDGE('',*,*,#13010,.T.);
#13012=ORIENTED_EDGE('',*,*,#7387,.F.);
#13013=ORIENTED_EDGE('',*,*,#12986,.F.);
#13015=ORIENTED_EDGE('',*,*,#13014,.F.);
#13016=EDGE_LOOP('',(#13011,#13012,#13013,#13015));
#13017=FACE_OUTER_BOUND('',#13016,.F.);
#13018=ADVANCED_FACE('',(#13017),#13009,.T.);
#13019=CARTESIAN_POINT('',(9.888642823320E0,1.099027457631E1,
-5.554235223153E0));
#13020=DIRECTION('',(9.999946617187E-1,3.248563453249E-3,3.512399777289E-4));
#13021=DIRECTION('',(-3.267496600112E-3,9.942003034962E-1,1.074945579741E-1));
#13022=AXIS2_PLACEMENT_3D('',#13019,#13020,#13021);
#13023=PLANE('',#13022);
#13025=ORIENTED_EDGE('',*,*,#13024,.T.);
#13026=ORIENTED_EDGE('',*,*,#7389,.T.);
#13027=ORIENTED_EDGE('',*,*,#13010,.F.);
#13029=ORIENTED_EDGE('',*,*,#13028,.F.);
#13030=EDGE_LOOP('',(#13025,#13026,#13027,#13029));
#13031=FACE_OUTER_BOUND('',#13030,.F.);
#13032=ADVANCED_FACE('',(#13031),#13023,.F.);
#13033=CARTESIAN_POINT('',(9.607973856796E0,9.028349331141E0,
-5.283564263102E0));
#13034=CARTESIAN_POINT('',(9.633135282010E0,8.989838037180E0,
-5.287728167015E0));
#13035=CARTESIAN_POINT('',(9.675391396509E0,8.972527129778E0,
-5.289599850551E0));
#13036=CARTESIAN_POINT('',(9.725502585100E0,8.977724595944E0,
-5.289037892033E0));
#13037=CARTESIAN_POINT('',(9.756937384896E0,8.986455252968E0,
-5.288093919160E0));
#13038=CARTESIAN_POINT('',(9.810271603569E0,9.013943187904E0,
-5.285121878813E0));
#13039=CARTESIAN_POINT('',(9.867879027908E0,9.071376190993E0,
-5.278912128867E0));
#13040=CARTESIAN_POINT('',(9.908340427565E0,9.170969934876E0,
-5.268143890880E0));
#13041=CARTESIAN_POINT('',(9.879321528761E0,9.240350947996E0,
-5.260642302607E0));
#13042=CARTESIAN_POINT('',(9.839015868702E0,9.272837622050E0,
-5.257129790435E0));
#13044=DIRECTION('',(0.E0,1.074951318134E-1,-9.942056108454E-1));
#13045=VECTOR('',#13044,1.E0);
#13046=SURFACE_OF_LINEAR_EXTRUSION('',#13043,#13045);
#13048=ORIENTED_EDGE('',*,*,#13047,.T.);
#13049=ORIENTED_EDGE('',*,*,#7391,.F.);
#13050=ORIENTED_EDGE('',*,*,#13024,.F.);
#13052=ORIENTED_EDGE('',*,*,#13051,.F.);
#13053=EDGE_LOOP('',(#13048,#13049,#13050,#13052));
#13054=FACE_OUTER_BOUND('',#13053,.F.);
#13055=ADVANCED_FACE('',(#13054),#13046,.T.);
#13056=CARTESIAN_POINT('',(9.310024445064E0,9.026332337428E0,
-5.766579860459E0));
#13057=DIRECTION('',(3.268790914331E-3,-9.942002992907E-1,-1.074945575195E-1));
#13058=DIRECTION('',(9.999946574887E-1,3.249850267698E-3,3.513791103019E-4));
#13059=AXIS2_PLACEMENT_3D('',#13056,#13057,#13058);
#13060=PLANE('',#13059);
#13062=ORIENTED_EDGE('',*,*,#13061,.T.);
#13063=ORIENTED_EDGE('',*,*,#7393,.T.);
#13064=ORIENTED_EDGE('',*,*,#13047,.F.);
#13066=ORIENTED_EDGE('',*,*,#13065,.F.);
#13067=EDGE_LOOP('',(#13062,#13063,#13064,#13066));
#13068=FACE_OUTER_BOUND('',#13067,.F.);
#13069=ADVANCED_FACE('',(#13068),#13060,.F.);
#13070=CARTESIAN_POINT('',(8.772269338225E0,9.263597593408E0,
-5.258128837400E0));
#13071=CARTESIAN_POINT('',(8.737297752641E0,9.232421411791E0,
-5.261499656992E0));
#13072=CARTESIAN_POINT('',(8.711235769235E0,9.165072891779E0,
-5.268781488795E0));
#13073=CARTESIAN_POINT('',(8.751557288917E0,9.067717035930E0,
-5.279307762680E0));
#13074=CARTESIAN_POINT('',(8.809558497216E0,9.010665079811E0,
-5.285476313205E0));
#13075=CARTESIAN_POINT('',(8.863068538942E0,8.983540569332E0,
-5.288409059508E0));
#13076=CARTESIAN_POINT('',(8.894546776942E0,8.975022566148E0,
-5.289330039902E0));
#13077=CARTESIAN_POINT('',(8.944985679425E0,8.970124710182E0,
-5.289859604074E0));
#13078=CARTESIAN_POINT('',(8.987427508792E0,8.987991546363E0,
-5.287927812613E0));
#13079=CARTESIAN_POINT('',(9.012394039135E0,9.027459443104E0,
-5.283660479272E0));
#13081=DIRECTION('',(0.E0,1.074951318134E-1,-9.942056108454E-1));
#13082=VECTOR('',#13081,1.E0);
#13083=SURFACE_OF_LINEAR_EXTRUSION('',#13080,#13082);
#13085=ORIENTED_EDGE('',*,*,#13084,.T.);
#13086=ORIENTED_EDGE('',*,*,#7395,.F.);
#13087=ORIENTED_EDGE('',*,*,#13061,.F.);
#13089=ORIENTED_EDGE('',*,*,#13088,.F.);
#13090=EDGE_LOOP('',(#13085,#13086,#13087,#13089));
#13091=FACE_OUTER_BOUND('',#13090,.F.);
#13092=ADVANCED_FACE('',(#13091),#13083,.T.);
#13093=CARTESIAN_POINT('',(8.722269986544E0,9.838911280664E0,
-5.678722500111E0));
#13094=DIRECTION('',(-9.999946617870E-1,-3.248542688290E-3,-3.512377325877E-4));
#13095=DIRECTION('',(3.267475714131E-3,-9.942003035640E-1,-1.074945579814E-1));
#13096=AXIS2_PLACEMENT_3D('',#13093,#13094,#13095);
#13097=PLANE('',#13096);
#13099=ORIENTED_EDGE('',*,*,#13098,.T.);
#13100=ORIENTED_EDGE('',*,*,#7397,.T.);
#13101=ORIENTED_EDGE('',*,*,#13084,.F.);
#13103=ORIENTED_EDGE('',*,*,#13102,.F.);
#13104=EDGE_LOOP('',(#13099,#13100,#13101,#13103));
#13105=FACE_OUTER_BOUND('',#13104,.F.);
#13106=ADVANCED_FACE('',(#13105),#13097,.F.);
#13107=CARTESIAN_POINT('',(8.389333935572E0,1.034847254993E1,
-5.140830388080E0));
#13108=CARTESIAN_POINT('',(8.372418550065E0,1.037350935752E1,
-5.138123367621E0));
#13109=CARTESIAN_POINT('',(8.364314474852E0,1.044291513412E1,
-5.130619101881E0));
#13110=CARTESIAN_POINT('',(8.413634654338E0,1.054203090809E1,
-5.119902542779E0));
#13111=CARTESIAN_POINT('',(8.484806703659E0,1.057452546123E1,
-5.116389178708E0));
#13112=CARTESIAN_POINT('',(8.532836302011E0,1.058034641874E1,
-5.115759807290E0));
#13113=CARTESIAN_POINT('',(8.566364621116E0,1.057999810463E1,
-5.115797467579E0));
#13114=CARTESIAN_POINT('',(8.624893220398E0,1.056758835910E1,
-5.117139229501E0));
#13115=CARTESIAN_POINT('',(8.698267988189E0,1.051488620610E1,
-5.122837472220E0));
#13116=CARTESIAN_POINT('',(8.730573991524E0,1.040987154427E1,
-5.134191828697E0));
#13117=CARTESIAN_POINT('',(8.710637149787E0,1.034332701711E1,
-5.141386731482E0));
#13118=CARTESIAN_POINT('',(8.689944673643E0,1.031869998942E1,
-5.144049445873E0));
#13120=DIRECTION('',(0.E0,1.074951318134E-1,-9.942056108454E-1));
#13121=VECTOR('',#13120,1.E0);
#13122=SURFACE_OF_LINEAR_EXTRUSION('',#13119,#13121);
#13124=ORIENTED_EDGE('',*,*,#13123,.T.);
#13125=ORIENTED_EDGE('',*,*,#7399,.F.);
#13126=ORIENTED_EDGE('',*,*,#13098,.F.);
#13128=ORIENTED_EDGE('',*,*,#13127,.F.);
#13129=EDGE_LOOP('',(#13124,#13125,#13126,#13128));
#13130=FACE_OUTER_BOUND('',#13129,.F.);
#13131=ADVANCED_FACE('',(#13130),#13122,.T.);
#13132=CARTESIAN_POINT('',(8.251971473402E0,9.862873221374E0,
-5.676131696009E0));
#13133=DIRECTION('',(9.817915115244E-1,-1.888609367782E-1,-2.041995244436E-2));
#13134=DIRECTION('',(1.899616484940E-1,9.761026294380E-1,1.055378079445E-1));
#13135=AXIS2_PLACEMENT_3D('',#13132,#13133,#13134);
#13136=PLANE('',#13135);
#13138=ORIENTED_EDGE('',*,*,#13137,.T.);
#13139=ORIENTED_EDGE('',*,*,#7401,.F.);
#13140=ORIENTED_EDGE('',*,*,#13123,.F.);
#13142=ORIENTED_EDGE('',*,*,#13141,.F.);
#13143=EDGE_LOOP('',(#13138,#13139,#13140,#13142));
#13144=FACE_OUTER_BOUND('',#13143,.F.);
#13145=ADVANCED_FACE('',(#13144),#13136,.F.);
#13146=CARTESIAN_POINT('',(7.777388022493E0,9.003451246239E0,
-5.286256284649E0));
#13147=CARTESIAN_POINT('',(7.807809579154E0,8.979433075761E0,
-5.288853168411E0));
#13148=CARTESIAN_POINT('',(7.851494080874E0,8.967262723972E0,
-5.290169046691E0));
#13149=CARTESIAN_POINT('',(7.904408804104E0,8.971725192598E0,
-5.289686557306E0));
#13150=CARTESIAN_POINT('',(7.941918110033E0,8.980257766536E0,
-5.288764001499E0));
#13151=CARTESIAN_POINT('',(8.006541604678E0,9.007745602931E0,
-5.285791971806E0));
#13152=CARTESIAN_POINT('',(8.081531915536E0,9.069348114221E0,
-5.279131407835E0));
#13153=CARTESIAN_POINT('',(8.138830705583E0,9.171944886806E0,
-5.268038477486E0));
#13154=CARTESIAN_POINT('',(8.132241878624E0,9.247975814521E0,
-5.259817889605E0));
#13155=CARTESIAN_POINT('',(8.114241854001E0,9.284602823132E0,
-5.255857717710E0));
#13157=DIRECTION('',(0.E0,1.074951318134E-1,-9.942056108454E-1));
#13158=VECTOR('',#13157,1.E0);
#13159=SURFACE_OF_LINEAR_EXTRUSION('',#13156,#13158);
#13161=ORIENTED_EDGE('',*,*,#13160,.T.);
#13162=ORIENTED_EDGE('',*,*,#7403,.F.);
#13163=ORIENTED_EDGE('',*,*,#13137,.F.);
#13165=ORIENTED_EDGE('',*,*,#13164,.F.);
#13166=EDGE_LOOP('',(#13161,#13162,#13163,#13165));
#13167=FACE_OUTER_BOUND('',#13166,.F.);
#13168=ADVANCED_FACE('',(#13167),#13159,.T.);
#13169=CARTESIAN_POINT('',(7.285431451371E0,9.019753681987E0,
-5.767291155413E0));
#13170=DIRECTION('',(3.267911666290E-3,-9.942003021477E-1,-1.074945578284E-1));
#13171=DIRECTION('',(9.999946603624E-1,3.248976114317E-3,3.512845958377E-4));
#13172=AXIS2_PLACEMENT_3D('',#13169,#13170,#13171);
#13173=PLANE('',#13172);
#13175=ORIENTED_EDGE('',*,*,#13174,.T.);
#13176=ORIENTED_EDGE('',*,*,#7405,.T.);
#13177=ORIENTED_EDGE('',*,*,#13160,.F.);
#13179=ORIENTED_EDGE('',*,*,#13178,.F.);
#13180=EDGE_LOOP('',(#13175,#13176,#13177,#13179));
#13181=FACE_OUTER_BOUND('',#13180,.F.);
#13182=ADVANCED_FACE('',(#13181),#13173,.F.);
#13183=CARTESIAN_POINT('',(6.548697319755E0,9.256388842567E0,
-5.258908259295E0));
#13184=CARTESIAN_POINT('',(6.513599460279E0,9.225182748648E0,
-5.262282313054E0));
#13185=CARTESIAN_POINT('',(6.487479610885E0,9.157849078785E0,
-5.269562539234E0));
#13186=CARTESIAN_POINT('',(6.527902895198E0,9.060515408568E0,
-5.280086414373E0));
#13187=CARTESIAN_POINT('',(6.585883521710E0,9.003486850031E0,
-5.286252435114E0));
#13188=CARTESIAN_POINT('',(6.639399713247E0,8.976322753119E0,
-5.289189461566E0));
#13189=CARTESIAN_POINT('',(6.670835388456E0,8.967799270198E0,
-5.290111034438E0));
#13190=CARTESIAN_POINT('',(6.721256030838E0,8.962891086119E0,
-5.290641715304E0));
#13191=CARTESIAN_POINT('',(6.763692154720E0,8.980818598280E0,
-5.288703363456E0));
#13192=CARTESIAN_POINT('',(6.788609879838E0,9.020486860485E0,
-5.284414366253E0));
#13194=DIRECTION('',(0.E0,1.074951318134E-1,-9.942056108454E-1));
#13195=VECTOR('',#13194,1.E0);
#13196=SURFACE_OF_LINEAR_EXTRUSION('',#13193,#13195);
#13198=ORIENTED_EDGE('',*,*,#13197,.T.);
#13199=ORIENTED_EDGE('',*,*,#7407,.F.);
#13200=ORIENTED_EDGE('',*,*,#13174,.F.);
#13202=ORIENTED_EDGE('',*,*,#13201,.F.);
#13203=EDGE_LOOP('',(#13198,#13199,#13200,#13202));
#13204=FACE_OUTER_BOUND('',#13203,.F.);
#13205=ADVANCED_FACE('',(#13204),#13196,.T.);
#13206=CARTESIAN_POINT('',(6.494768199812E0,1.097924667740E1,
-5.555427577565E0));
#13207=DIRECTION('',(-9.999946617208E-1,-3.248562818317E-3,-3.512399090790E-4));
#13208=DIRECTION('',(3.267495961479E-3,-9.942003034982E-1,-1.074945579745E-1));
#13209=AXIS2_PLACEMENT_3D('',#13206,#13207,#13208);
#13210=PLANE('',#13209);
#13212=ORIENTED_EDGE('',*,*,#13211,.T.);
#13213=ORIENTED_EDGE('',*,*,#7409,.T.);
#13214=ORIENTED_EDGE('',*,*,#13197,.F.);
#13216=ORIENTED_EDGE('',*,*,#13215,.F.);
#13217=EDGE_LOOP('',(#13212,#13213,#13214,#13216));
#13218=FACE_OUTER_BOUND('',#13217,.F.);
#13219=ADVANCED_FACE('',(#13218),#13210,.F.);
#13220=CARTESIAN_POINT('',(6.775435531374E0,1.283799248796E1,
-4.871659432956E0));
#13221=CARTESIAN_POINT('',(6.750275658532E0,1.287650776677E1,
-4.867495098181E0));
#13222=CARTESIAN_POINT('',(6.708019853607E0,1.289382011052E1,
-4.865623259343E0));
#13223=CARTESIAN_POINT('',(6.657909222076E0,1.288862239213E1,
-4.866185245132E0));
#13224=CARTESIAN_POINT('',(6.626475390430E0,1.287989145708E1,
-4.867129248066E0));
#13225=CARTESIAN_POINT('',(6.573140524569E0,1.285240138040E1,
-4.870101519983E0));
#13226=CARTESIAN_POINT('',(6.515532670941E0,1.279496033496E1,
-4.876312139479E0));
#13227=CARTESIAN_POINT('',(6.475071649101E0,1.269536060260E1,
-4.887081024951E0));
#13228=CARTESIAN_POINT('',(6.504086160116E0,1.262597595053E1,
-4.894583006672E0));
#13229=CARTESIAN_POINT('',(6.544380983369E0,1.259348831070E1,
-4.898095623266E0));
#13231=DIRECTION('',(0.E0,1.074951318134E-1,-9.942056108454E-1));
#13232=VECTOR('',#13231,1.E0);
#13233=SURFACE_OF_LINEAR_EXTRUSION('',#13230,#13232);
#13235=ORIENTED_EDGE('',*,*,#13234,.T.);
#13236=ORIENTED_EDGE('',*,*,#7411,.F.);
#13237=ORIENTED_EDGE('',*,*,#13211,.F.);
#13239=ORIENTED_EDGE('',*,*,#13238,.F.);
#13240=EDGE_LOOP('',(#13235,#13236,#13237,#13239));
#13241=FACE_OUTER_BOUND('',#13240,.F.);
#13242=ADVANCED_FACE('',(#13241),#13233,.T.);
#13243=CARTESIAN_POINT('',(7.073386615170E0,1.294320982251E1,
-5.343080679843E0));
#13244=DIRECTION('',(-3.268261165874E-3,9.942003010121E-1,1.074945577056E-1));
#13245=DIRECTION('',(-9.999946592202E-1,-3.249323588841E-3,-3.513221646357E-4));
#13246=AXIS2_PLACEMENT_3D('',#13243,#13244,#13245);
#13247=PLANE('',#13246);
#13249=ORIENTED_EDGE('',*,*,#13248,.T.);
#13250=ORIENTED_EDGE('',*,*,#7413,.T.);
#13251=ORIENTED_EDGE('',*,*,#13234,.F.);
#13253=ORIENTED_EDGE('',*,*,#13252,.F.);
#13254=EDGE_LOOP('',(#13249,#13250,#13251,#13253));
#13255=FACE_OUTER_BOUND('',#13254,.F.);
#13256=ADVANCED_FACE('',(#13255),#13247,.F.);
#13257=CARTESIAN_POINT('',(7.611152247631E0,1.260272720881E1,
-4.897096698541E0));
#13258=CARTESIAN_POINT('',(7.646115778463E0,1.263390441991E1,
-4.893725767637E0));
#13259=CARTESIAN_POINT('',(7.672174451263E0,1.270125708111E1,
-4.886443488081E0));
#13260=CARTESIAN_POINT('',(7.631853022715E0,1.279861922555E1,
-4.875916534263E0));
#13261=CARTESIAN_POINT('',(7.573851425974E0,1.285567903247E1,
-4.869747134897E0));
#13262=CARTESIAN_POINT('',(7.520340845107E0,1.288280566079E1,
-4.866814159610E0));
#13263=CARTESIAN_POINT('',(7.488863555905E0,1.289132398040E1,
-4.865893145003E0));
#13264=CARTESIAN_POINT('',(7.438425147230E0,1.289622214652E1,
-4.865363547295E0));
#13265=CARTESIAN_POINT('',(7.395983558365E0,1.287835388429E1,
-4.867295492943E0));
#13266=CARTESIAN_POINT('',(7.371018571449E0,1.283888195605E1,
-4.871563262187E0));
#13268=DIRECTION('',(0.E0,1.074951318134E-1,-9.942056108454E-1));
#13269=VECTOR('',#13268,1.E0);
#13270=SURFACE_OF_LINEAR_EXTRUSION('',#13267,#13269);
#13272=ORIENTED_EDGE('',*,*,#13271,.T.);
#13273=ORIENTED_EDGE('',*,*,#7415,.F.);
#13274=ORIENTED_EDGE('',*,*,#13248,.F.);
#13276=ORIENTED_EDGE('',*,*,#13275,.F.);
#13277=EDGE_LOOP('',(#13272,#13273,#13274,#13276));
#13278=FACE_OUTER_BOUND('',#13277,.F.);
#13279=ADVANCED_FACE('',(#13278),#13270,.T.);
#13280=CARTESIAN_POINT('',(7.661140815154E0,1.213067518107E1,
-5.430933250209E0));
#13281=DIRECTION('',(9.999946618193E-1,3.248532855972E-3,3.512366695013E-4));
#13282=DIRECTION('',(-3.267465824509E-3,9.942003035961E-1,1.074945579858E-1));
#13283=AXIS2_PLACEMENT_3D('',#13280,#13281,#13282);
#13284=PLANE('',#13283);
#13286=ORIENTED_EDGE('',*,*,#13285,.T.);
#13287=ORIENTED_EDGE('',*,*,#7417,.T.);
#13288=ORIENTED_EDGE('',*,*,#13271,.F.);
#13290=ORIENTED_EDGE('',*,*,#13289,.F.);
#13291=EDGE_LOOP('',(#13286,#13287,#13288,#13290));
#13292=FACE_OUTER_BOUND('',#13291,.F.);
#13293=ADVANCED_FACE('',(#13292),#13284,.F.);
#13294=CARTESIAN_POINT('',(7.994026470134E0,1.151377592775E1,
-5.014835886710E0));
#13295=CARTESIAN_POINT('',(8.011280818166E0,1.148788311973E1,
-5.017635459334E0));
#13296=CARTESIAN_POINT('',(8.018300535163E0,1.141874464006E1,
-5.025110824495E0));
#13297=CARTESIAN_POINT('',(7.966531944203E0,1.132133277995E1,
-5.035643153652E0));
#13298=CARTESIAN_POINT('',(7.887020200627E0,1.128726182138E1,
-5.039326961248E0));
#13299=CARTESIAN_POINT('',(7.821935372899E0,1.128504276011E1,
-5.039566889771E0));
#13300=CARTESIAN_POINT('',(7.757531758208E0,1.129952638816E1,
-5.038000896290E0));
#13301=CARTESIAN_POINT('',(7.685410419297E0,1.135141675724E1,
-5.032390424971E0));
#13302=CARTESIAN_POINT('',(7.652643761105E0,1.145587272039E1,
-5.021096475907E0));
#13303=CARTESIAN_POINT('',(7.672747583670E0,1.152296395961E1,
-5.013842461723E0));
#13304=CARTESIAN_POINT('',(7.693456727574E0,1.154754227700E1,
-5.011185013970E0));
#13306=DIRECTION('',(0.E0,1.074951318134E-1,-9.942056108454E-1));
#13307=VECTOR('',#13306,1.E0);
#13308=SURFACE_OF_LINEAR_EXTRUSION('',#13305,#13307);
#13309=ORIENTED_EDGE('',*,*,#13285,.F.);
#13311=ORIENTED_EDGE('',*,*,#13310,.F.);
#13313=ORIENTED_EDGE('',*,*,#13312,.F.);
#13314=ORIENTED_EDGE('',*,*,#7419,.F.);
#13315=EDGE_LOOP('',(#13309,#13311,#13313,#13314));
#13316=FACE_OUTER_BOUND('',#13315,.F.);
#13317=ADVANCED_FACE('',(#13316),#13308,.T.);
#13318=CARTESIAN_POINT('',(6.488847072068E0,1.290012163856E1,
-4.864941927858E0));
#13319=DIRECTION('',(0.E0,1.074951318136E-1,-9.942056108454E-1));
#13320=DIRECTION('',(0.E0,-9.942056108454E-1,-1.074951318136E-1));
#13321=AXIS2_PLACEMENT_3D('',#13318,#13319,#13320);
#13322=PLANE('',#13321);
#13323=ORIENTED_EDGE('',*,*,#12991,.T.);
#13325=ORIENTED_EDGE('',*,*,#13324,.T.);
#13327=ORIENTED_EDGE('',*,*,#13326,.T.);
#13328=ORIENTED_EDGE('',*,*,#13310,.T.);
#13329=ORIENTED_EDGE('',*,*,#13289,.T.);
#13330=ORIENTED_EDGE('',*,*,#13275,.T.);
#13331=ORIENTED_EDGE('',*,*,#13252,.T.);
#13332=ORIENTED_EDGE('',*,*,#13238,.T.);
#13333=ORIENTED_EDGE('',*,*,#13215,.T.);
#13334=ORIENTED_EDGE('',*,*,#13201,.T.);
#13335=ORIENTED_EDGE('',*,*,#13178,.T.);
#13336=ORIENTED_EDGE('',*,*,#13164,.T.);
#13337=ORIENTED_EDGE('',*,*,#13141,.T.);
#13338=ORIENTED_EDGE('',*,*,#13127,.T.);
#13339=ORIENTED_EDGE('',*,*,#13102,.T.);
#13340=ORIENTED_EDGE('',*,*,#13088,.T.);
#13341=ORIENTED_EDGE('',*,*,#13065,.T.);
#13342=ORIENTED_EDGE('',*,*,#13051,.T.);
#13343=ORIENTED_EDGE('',*,*,#13028,.T.);
#13344=ORIENTED_EDGE('',*,*,#13014,.T.);
#13345=EDGE_LOOP('',(#13323,#13325,#13327,#13328,#13329,#13330,#13331,#13332,
#13333,#13334,#13335,#13336,#13337,#13338,#13339,#13340,#13341,#13342,#13343,
#13344));
#13346=FACE_OUTER_BOUND('',#13345,.F.);
#13347=ADVANCED_FACE('',(#13346),#13322,.T.);
#13348=CARTESIAN_POINT('',(8.606459330153E0,1.286288445175E1,
-4.868968073217E0));
#13349=CARTESIAN_POINT('',(8.575799017854E0,1.288687035150E1,
-4.866374678622E0));
#13350=CARTESIAN_POINT('',(8.531848804711E0,1.289912946307E1,
-4.865049203488E0));
#13351=CARTESIAN_POINT('',(8.478560517113E0,1.289457471908E1,
-4.865541669836E0));
#13352=CARTESIAN_POINT('',(8.440508628074E0,1.288578085717E1,
-4.866492476525E0));
#13353=CARTESIAN_POINT('',(8.375414598715E0,1.285780459103E1,
-4.869517316039E0));
#13354=CARTESIAN_POINT('',(8.298671431842E0,1.279350216923E1,
-4.876469798737E0));
#13355=CARTESIAN_POINT('',(8.243698557508E0,1.269047528596E1,
-4.887609233353E0));
#13356=CARTESIAN_POINT('',(8.251844698975E0,1.261332149779E1,
-4.895951226739E0));
#13357=CARTESIAN_POINT('',(8.270176569812E0,1.257563449429E1,
-4.900026007011E0));
#13359=DIRECTION('',(0.E0,1.074951318135E-1,-9.942056108454E-1));
#13360=VECTOR('',#13359,1.E0);
#13361=SURFACE_OF_LINEAR_EXTRUSION('',#13358,#13360);
#13362=ORIENTED_EDGE('',*,*,#7423,.F.);
#13364=ORIENTED_EDGE('',*,*,#13363,.F.);
#13365=ORIENTED_EDGE('',*,*,#13324,.F.);
#13366=ORIENTED_EDGE('',*,*,#12989,.T.);
#13367=EDGE_LOOP('',(#13362,#13364,#13365,#13366));
#13368=FACE_OUTER_BOUND('',#13367,.F.);
#13369=ADVANCED_FACE('',(#13368),#13361,.T.);
#13370=CARTESIAN_POINT('',(8.253895131088E0,1.268396655748E1,
-4.888312967690E0));
#13371=DIRECTION('',(9.817743670622E-1,-1.889490109109E-1,-2.042947516323E-2));
#13372=DIRECTION('',(2.080422373097E-2,0.E0,9.997835687162E-1));
#13373=AXIS2_PLACEMENT_3D('',#13370,#13371,#13372);
#13374=PLANE('',#13373);
#13375=ORIENTED_EDGE('',*,*,#7421,.T.);
#13376=ORIENTED_EDGE('',*,*,#13312,.T.);
#13377=ORIENTED_EDGE('',*,*,#13326,.F.);
#13378=ORIENTED_EDGE('',*,*,#13363,.T.);
#13379=EDGE_LOOP('',(#13375,#13376,#13377,#13378));
#13380=FACE_OUTER_BOUND('',#13379,.F.);
#13381=ADVANCED_FACE('',(#13380),#13374,.T.);
#13382=CARTESIAN_POINT('',(1.061272876465E1,9.377244608015E0,
-5.245841136864E0));
#13383=CARTESIAN_POINT('',(1.058783267658E1,9.349489236488E0,
-5.248842092892E0));
#13384=CARTESIAN_POINT('',(1.056339743828E1,9.273225600032E0,
-5.257087841623E0));
#13385=CARTESIAN_POINT('',(1.061126676814E1,9.154063712745E0,
-5.269971819183E0));
#13386=CARTESIAN_POINT('',(1.070723779257E1,9.101796813872E0,
-5.275623001517E0));
#13387=CARTESIAN_POINT('',(1.079136027056E1,9.102471996858E0,
-5.275549999631E0));
#13388=CARTESIAN_POINT('',(1.086385181157E1,9.127665136099E0,
-5.272826076337E0));
#13389=CARTESIAN_POINT('',(1.090273031988E1,9.170173917580E0,
-5.268229957566E0));
#13390=CARTESIAN_POINT('',(1.091550886080E1,9.206392377570E0,
-5.264313958610E0));
#13392=DIRECTION('',(0.E0,1.074951318137E-1,-9.942056108453E-1));
#13393=VECTOR('',#13392,1.E0);
#13394=SURFACE_OF_LINEAR_EXTRUSION('',#13391,#13393);
#13396=ORIENTED_EDGE('',*,*,#13395,.T.);
#13397=ORIENTED_EDGE('',*,*,#7427,.F.);
#13399=ORIENTED_EDGE('',*,*,#13398,.T.);
#13401=ORIENTED_EDGE('',*,*,#13400,.F.);
#13402=EDGE_LOOP('',(#13396,#13397,#13399,#13401));
#13403=FACE_OUTER_BOUND('',#13402,.F.);
#13404=ADVANCED_FACE('',(#13403),#13394,.T.);
#13405=CARTESIAN_POINT('',(1.057543268327E1,9.838737675410E0,
-5.678741270594E0));
#13406=DIRECTION('',(-9.999946650143E-1,-3.247560547643E-3,-3.511315419402E-4));
#13407=DIRECTION('',(3.266487849412E-3,-9.942003067727E-1,-1.074945583285E-1));
#13408=AXIS2_PLACEMENT_3D('',#13405,#13406,#13407);
#13409=PLANE('',#13408);
#13411=ORIENTED_EDGE('',*,*,#13410,.T.);
#13412=ORIENTED_EDGE('',*,*,#7429,.T.);
#13413=ORIENTED_EDGE('',*,*,#13395,.F.);
#13415=ORIENTED_EDGE('',*,*,#13414,.F.);
#13416=EDGE_LOOP('',(#13411,#13412,#13413,#13415));
#13417=FACE_OUTER_BOUND('',#13416,.F.);
#13418=ADVANCED_FACE('',(#13417),#13409,.F.);
#13419=CARTESIAN_POINT('',(1.069849135269E1,1.050351810307E1,
-5.124066610058E0));
#13420=CARTESIAN_POINT('',(1.069701292559E1,1.050271839030E1,
-5.124153076306E0));
#13421=CARTESIAN_POINT('',(1.067140320912E1,1.048841764181E1,
-5.125699296552E0));
#13422=CARTESIAN_POINT('',(1.062754963032E1,1.044867617968E1,
-5.129996208240E0));
#13423=CARTESIAN_POINT('',(1.058574471944E1,1.037631047399E1,
-5.137820506340E0));
#13424=CARTESIAN_POINT('',(1.057332139992E1,1.031862930927E1,
-5.144057087925E0));
#13425=CARTESIAN_POINT('',(1.057380455348E1,1.028943476963E1,
-5.147213649157E0));
#13426=CARTESIAN_POINT('',(1.057385490784E1,1.028776242909E1,
-5.147394465343E0));
#13428=DIRECTION('',(0.E0,1.074951318137E-1,-9.942056108453E-1));
#13429=VECTOR('',#13428,1.E0);
#13430=SURFACE_OF_LINEAR_EXTRUSION('',#13427,#13429);
#13432=ORIENTED_EDGE('',*,*,#13431,.T.);
#13433=ORIENTED_EDGE('',*,*,#7431,.F.);
#13434=ORIENTED_EDGE('',*,*,#13410,.F.);
#13436=ORIENTED_EDGE('',*,*,#13435,.F.);
#13437=EDGE_LOOP('',(#13432,#13433,#13434,#13436));
#13438=FACE_OUTER_BOUND('',#13437,.F.);
#13439=ADVANCED_FACE('',(#13438),#13430,.T.);
#13440=CARTESIAN_POINT('',(1.098580043727E1,1.072062116357E1,
-5.583390589840E0));
#13441=DIRECTION('',(-5.011618418767E-1,8.603393787578E-1,9.302129651573E-2));
#13442=DIRECTION('',(-8.653535741226E-1,-4.982579151354E-1,-5.387245825249E-2));
#13443=AXIS2_PLACEMENT_3D('',#13440,#13441,#13442);
#13444=PLANE('',#13443);
#13446=ORIENTED_EDGE('',*,*,#13445,.T.);
#13447=ORIENTED_EDGE('',*,*,#7433,.F.);
#13448=ORIENTED_EDGE('',*,*,#13431,.F.);
#13450=ORIENTED_EDGE('',*,*,#13449,.F.);
#13451=EDGE_LOOP('',(#13446,#13447,#13448,#13450));
#13452=FACE_OUTER_BOUND('',#13451,.F.);
#13453=ADVANCED_FACE('',(#13452),#13444,.F.);
#13454=CARTESIAN_POINT('',(1.127234610628E1,1.104722615055E1,
-5.065280009384E0));
#13455=CARTESIAN_POINT('',(1.127384217204E1,1.104653693996E1,
-5.065354527956E0));
#13456=CARTESIAN_POINT('',(1.129202948022E1,1.103718911194E1,
-5.066365230364E0));
#13457=CARTESIAN_POINT('',(1.131680394639E1,1.100015665663E1,
-5.070369239819E0));
#13458=CARTESIAN_POINT('',(1.132547408966E1,1.094132138676E1,
-5.076730605135E0));
#13459=CARTESIAN_POINT('',(1.131733258539E1,1.088235586921E1,
-5.083106053043E0));
#13460=CARTESIAN_POINT('',(1.129286774752E1,1.084493212371E1,
-5.087152369430E0));
#13461=CARTESIAN_POINT('',(1.127465061013E1,1.083541674001E1,
-5.088181188231E0));
#13462=CARTESIAN_POINT('',(1.127315836639E1,1.083471753319E1,
-5.088256787612E0));
#13464=DIRECTION('',(0.E0,1.074951318136E-1,-9.942056108454E-1));
#13465=VECTOR('',#13464,1.E0);
#13466=SURFACE_OF_LINEAR_EXTRUSION('',#13463,#13465);
#13468=ORIENTED_EDGE('',*,*,#13467,.T.);
#13469=ORIENTED_EDGE('',*,*,#7435,.F.);
#13470=ORIENTED_EDGE('',*,*,#13445,.F.);
#13472=ORIENTED_EDGE('',*,*,#13471,.F.);
#13473=EDGE_LOOP('',(#13468,#13469,#13470,#13472));
#13474=FACE_OUTER_BOUND('',#13473,.F.);
#13475=ADVANCED_FACE('',(#13474),#13466,.T.);
#13476=CARTESIAN_POINT('',(1.098396199619E1,1.126259181202E1,
-5.524791839582E0));
#13477=DIRECTION('',(-4.954429174939E-1,-8.636072573422E-1,-9.337462487695E-2));
#13478=DIRECTION('',(8.686404984256E-1,-4.925721284262E-1,-5.325770172081E-2));
#13479=AXIS2_PLACEMENT_3D('',#13476,#13477,#13478);
#13480=PLANE('',#13479);
#13482=ORIENTED_EDGE('',*,*,#13481,.T.);
#13483=ORIENTED_EDGE('',*,*,#7437,.F.);
#13484=ORIENTED_EDGE('',*,*,#13467,.F.);
#13486=ORIENTED_EDGE('',*,*,#13485,.F.);
#13487=EDGE_LOOP('',(#13482,#13483,#13484,#13486));
#13488=FACE_OUTER_BOUND('',#13487,.F.);
#13489=ADVANCED_FACE('',(#13488),#13480,.F.);
#13490=CARTESIAN_POINT('',(1.056957549330E1,1.158951322741E1,
-5.006647046370E0));
#13491=CARTESIAN_POINT('',(1.056953611947E1,1.158784058147E1,
-5.006827895578E0));
#13492=CARTESIAN_POINT('',(1.056924471885E1,1.155864331311E1,
-5.009984751841E0));
#13493=CARTESIAN_POINT('',(1.058204883151E1,1.150104436268E1,
-5.016212444284E0));
#13494=CARTESIAN_POINT('',(1.062432745254E1,1.142895113042E1,
-5.024007282112E0));
#13495=CARTESIAN_POINT('',(1.066844262952E1,1.138949695161E1,
-5.028273132260E0));
#13496=CARTESIAN_POINT('',(1.069414560032E1,1.137536286198E1,
-5.029801333078E0));
#13497=CARTESIAN_POINT('',(1.069562923710E1,1.137457276729E1,
-5.029886759404E0));
#13499=DIRECTION('',(0.E0,1.074951318136E-1,-9.942056108454E-1));
#13500=VECTOR('',#13499,1.E0);
#13501=SURFACE_OF_LINEAR_EXTRUSION('',#13498,#13500);
#13503=ORIENTED_EDGE('',*,*,#13502,.T.);
#13504=ORIENTED_EDGE('',*,*,#7439,.F.);
#13505=ORIENTED_EDGE('',*,*,#13481,.F.);
#13507=ORIENTED_EDGE('',*,*,#13506,.F.);
#13508=EDGE_LOOP('',(#13503,#13504,#13505,#13507));
#13509=FACE_OUTER_BOUND('',#13508,.F.);
#13510=ADVANCED_FACE('',(#13509),#13501,.T.);
#13511=CARTESIAN_POINT('',(1.056786310812E1,1.214173273041E1,
-5.429737689943E0));
#13512=DIRECTION('',(-9.999946617209E-1,-3.248562797285E-3,-3.512399068058E-4));
#13513=DIRECTION('',(3.267495940324E-3,-9.942003034984E-1,-1.074945579741E-1));
#13514=AXIS2_PLACEMENT_3D('',#13511,#13512,#13513);
#13515=PLANE('',#13514);
#13517=ORIENTED_EDGE('',*,*,#13516,.T.);
#13518=ORIENTED_EDGE('',*,*,#7441,.T.);
#13519=ORIENTED_EDGE('',*,*,#13502,.F.);
#13521=ORIENTED_EDGE('',*,*,#13520,.F.);
#13522=EDGE_LOOP('',(#13517,#13518,#13519,#13521));
#13523=FACE_OUTER_BOUND('',#13522,.F.);
#13524=ADVANCED_FACE('',(#13523),#13515,.F.);
#13525=CARTESIAN_POINT('',(1.090374186086E1,1.267392645404E1,
-4.889398520045E0));
#13526=CARTESIAN_POINT('',(1.089064163225E1,1.270967170188E1,
-4.885533685562E0));
#13527=CARTESIAN_POINT('',(1.085099713307E1,1.275228567516E1,
-4.880926193284E0));
#13528=CARTESIAN_POINT('',(1.077656358966E1,1.277689857488E1,
-4.878265006432E0));
#13529=CARTESIAN_POINT('',(1.069044006070E1,1.277526102244E1,
-4.878442061272E0));
#13530=CARTESIAN_POINT('',(1.059735037329E1,1.271964211329E1,
-4.884455668423E0));
#13531=CARTESIAN_POINT('',(1.055327966922E1,1.260285326928E1,
-4.897083068674E0));
#13532=CARTESIAN_POINT('',(1.057699348655E1,1.252887347972E1,
-4.905081884155E0));
#13533=CARTESIAN_POINT('',(1.060109749931E1,1.250132931374E1,
-4.908060004295E0));
#13535=DIRECTION('',(0.E0,1.074951318137E-1,-9.942056108453E-1));
#13536=VECTOR('',#13535,1.E0);
#13537=SURFACE_OF_LINEAR_EXTRUSION('',#13534,#13536);
#13538=ORIENTED_EDGE('',*,*,#13516,.F.);
#13540=ORIENTED_EDGE('',*,*,#13539,.F.);
#13542=ORIENTED_EDGE('',*,*,#13541,.T.);
#13543=ORIENTED_EDGE('',*,*,#7443,.F.);
#13544=EDGE_LOOP('',(#13538,#13540,#13542,#13543));
#13545=FACE_OUTER_BOUND('',#13544,.F.);
#13546=ADVANCED_FACE('',(#13545),#13537,.T.);
#13547=CARTESIAN_POINT('',(1.339635067535E1,1.059962467484E1,
-5.113675410805E0));
#13548=DIRECTION('',(0.E0,1.074951318136E-1,-9.942056108454E-1));
#13549=DIRECTION('',(0.E0,-9.942056108454E-1,-1.074951318136E-1));
#13550=AXIS2_PLACEMENT_3D('',#13547,#13548,#13549);
#13551=PLANE('',#13550);
#13552=ORIENTED_EDGE('',*,*,#13400,.T.);
#13554=ORIENTED_EDGE('',*,*,#13553,.T.);
#13556=ORIENTED_EDGE('',*,*,#13555,.T.);
#13558=ORIENTED_EDGE('',*,*,#13557,.T.);
#13560=ORIENTED_EDGE('',*,*,#13559,.T.);
#13562=ORIENTED_EDGE('',*,*,#13561,.T.);
#13563=ORIENTED_EDGE('',*,*,#13539,.T.);
#13564=ORIENTED_EDGE('',*,*,#13520,.T.);
#13565=ORIENTED_EDGE('',*,*,#13506,.T.);
#13566=ORIENTED_EDGE('',*,*,#13485,.T.);
#13567=ORIENTED_EDGE('',*,*,#13471,.T.);
#13568=ORIENTED_EDGE('',*,*,#13449,.T.);
#13569=ORIENTED_EDGE('',*,*,#13435,.T.);
#13570=ORIENTED_EDGE('',*,*,#13414,.T.);
#13571=EDGE_LOOP('',(#13552,#13554,#13556,#13558,#13560,#13562,#13563,#13564,
#13565,#13566,#13567,#13568,#13569,#13570));
#13572=FACE_OUTER_BOUND('',#13571,.F.);
#13573=ADVANCED_FACE('',(#13572),#13551,.T.);
#13574=CARTESIAN_POINT('',(1.179294584396E1,9.724064507799E0,
-5.691139920464E0));
#13575=DIRECTION('',(5.027612088939E-1,-8.594165222633E-1,-9.292151576673E-2));
#13576=DIRECTION('',(8.644253390730E-1,4.998480147977E-1,5.404438242089E-2));
#13577=AXIS2_PLACEMENT_3D('',#13574,#13575,#13576);
#13578=PLANE('',#13577);
#13580=ORIENTED_EDGE('',*,*,#13579,.F.);
#13581=ORIENTED_EDGE('',*,*,#13553,.F.);
#13582=ORIENTED_EDGE('',*,*,#13398,.F.);
#13583=ORIENTED_EDGE('',*,*,#7453,.F.);
#13584=EDGE_LOOP('',(#13580,#13581,#13582,#13583));
#13585=FACE_OUTER_BOUND('',#13584,.F.);
#13586=ADVANCED_FACE('',(#13585),#13578,.F.);
#13587=CARTESIAN_POINT('',(1.273251032496E1,1.021584034717E1,
-5.155170798118E0));
#13588=CARTESIAN_POINT('',(1.273398461987E1,1.021664146595E1,
-5.155084179850E0));
#13589=CARTESIAN_POINT('',(1.275952367914E1,1.023096564857E1,
-5.153535425867E0));
#13590=CARTESIAN_POINT('',(1.280324281009E1,1.027069203466E1,
-5.149240144224E0));
#13591=CARTESIAN_POINT('',(1.284490965419E1,1.034297337211E1,
-5.141424968156E0));
#13592=CARTESIAN_POINT('',(1.285728059109E1,1.040055434495E1,
-5.135199219480E0));
#13593=CARTESIAN_POINT('',(1.285679920840E1,1.042969920277E1,
-5.132048029929E0));
#13594=CARTESIAN_POINT('',(1.285674905361E1,1.043136861445E1,
-5.131867530415E0));
#13596=DIRECTION('',(0.E0,1.074951318137E-1,-9.942056108453E-1));
#13597=VECTOR('',#13596,1.E0);
#13598=SURFACE_OF_LINEAR_EXTRUSION('',#13595,#13597);
#13599=ORIENTED_EDGE('',*,*,#13579,.T.);
#13600=ORIENTED_EDGE('',*,*,#7451,.F.);
#13602=ORIENTED_EDGE('',*,*,#13601,.F.);
#13603=ORIENTED_EDGE('',*,*,#13555,.F.);
#13604=EDGE_LOOP('',(#13599,#13600,#13602,#13603));
#13605=FACE_OUTER_BOUND('',#13604,.F.);
#13606=ADVANCED_FACE('',(#13605),#13598,.T.);
#13607=CARTESIAN_POINT('',(1.285512476319E1,1.099765502334E1,
-5.553437237185E0));
#13608=DIRECTION('',(9.999946649113E-1,3.247591910841E-3,3.511349329804E-4));
#13609=DIRECTION('',(-3.266519395399E-3,9.942003066703E-1,1.074945583171E-1));
#13610=AXIS2_PLACEMENT_3D('',#13607,#13608,#13609);
#13611=PLANE('',#13610);
#13612=ORIENTED_EDGE('',*,*,#13601,.T.);
#13613=ORIENTED_EDGE('',*,*,#7449,.T.);
#13615=ORIENTED_EDGE('',*,*,#13614,.F.);
#13616=ORIENTED_EDGE('',*,*,#13557,.F.);
#13617=EDGE_LOOP('',(#13612,#13613,#13615,#13616));
#13618=FACE_OUTER_BOUND('',#13617,.F.);
#13619=ADVANCED_FACE('',(#13618),#13611,.F.);
#13620=CARTESIAN_POINT('',(1.285336694182E1,1.146074563718E1,
-5.020569608199E0));
#13621=CARTESIAN_POINT('',(1.285340613514E1,1.146241535149E1,
-5.020389075966E0));
#13622=CARTESIAN_POINT('',(1.285369608833E1,1.149156288526E1,
-5.017237597084E0));
#13623=CARTESIAN_POINT('',(1.284094503493E1,1.154906190025E1,
-5.011020709826E0));
#13624=CARTESIAN_POINT('',(1.279880512020E1,1.162107158459E1,
-5.003234905334E0));
#13625=CARTESIAN_POINT('',(1.275482456732E1,1.166051153637E1,
-4.998970593436E0));
#13626=CARTESIAN_POINT('',(1.272919209837E1,1.167466945059E1,
-4.997439816663E0));
#13627=CARTESIAN_POINT('',(1.272771258492E1,1.167546097369E1,
-4.997354235895E0));
#13629=DIRECTION('',(0.E0,1.074951318137E-1,-9.942056108453E-1));
#13630=VECTOR('',#13629,1.E0);
#13631=SURFACE_OF_LINEAR_EXTRUSION('',#13628,#13630);
#13632=ORIENTED_EDGE('',*,*,#13614,.T.);
#13633=ORIENTED_EDGE('',*,*,#7447,.F.);
#13635=ORIENTED_EDGE('',*,*,#13634,.F.);
#13636=ORIENTED_EDGE('',*,*,#13559,.F.);
#13637=EDGE_LOOP('',(#13632,#13633,#13635,#13636));
#13638=FACE_OUTER_BOUND('',#13637,.F.);
#13639=ADVANCED_FACE('',(#13638),#13631,.T.);
#13640=CARTESIAN_POINT('',(1.178459673268E1,1.226431509021E1,
-5.416483885317E0));
#13641=DIRECTION('',(4.971008725260E-1,8.626650086357E-1,9.327274741035E-2));
#13642=DIRECTION('',(-8.676927581431E-1,4.942204766214E-1,5.343592381698E-2));
#13643=AXIS2_PLACEMENT_3D('',#13640,#13641,#13642);
#13644=PLANE('',#13643);
#13645=ORIENTED_EDGE('',*,*,#13634,.T.);
#13646=ORIENTED_EDGE('',*,*,#7445,.F.);
#13647=ORIENTED_EDGE('',*,*,#13541,.F.);
#13648=ORIENTED_EDGE('',*,*,#13561,.F.);
#13649=EDGE_LOOP('',(#13645,#13646,#13647,#13648));
#13650=FACE_OUTER_BOUND('',#13649,.F.);
#13651=ADVANCED_FACE('',(#13650),#13644,.F.);
#13652=CARTESIAN_POINT('',(-4.871243556530E1,1.313025236066E1,
-5.242391082841E0));
#13653=DIRECTION('',(-8.660254037844E-1,4.971028054227E-1,5.374756590679E-2));
#13654=DIRECTION('',(-5.E-1,-8.610073155771E-1,-9.309351493372E-2));
#13655=AXIS2_PLACEMENT_3D('',#13652,#13653,#13654);
#13656=PLANE('',#13655);
#13658=ORIENTED_EDGE('',*,*,#13657,.F.);
#13660=ORIENTED_EDGE('',*,*,#13659,.F.);
#13661=ORIENTED_EDGE('',*,*,#7457,.F.);
#13663=ORIENTED_EDGE('',*,*,#13662,.F.);
#13664=EDGE_LOOP('',(#13658,#13660,#13661,#13663));
#13665=FACE_OUTER_BOUND('',#13664,.F.);
#13666=ADVANCED_FACE('',(#13665),#13656,.F.);
#13667=CARTESIAN_POINT('',(-4.75E1,1.073427234018E1,-2.618116149841E0));
#13668=DIRECTION('',(0.E0,1.074951318136E-1,-9.942056108454E-1));
#13669=DIRECTION('',(1.E0,0.E0,0.E0));
#13670=AXIS2_PLACEMENT_3D('',#13667,#13668,#13669);
#13671=PLANE('',#13670);
#13672=ORIENTED_EDGE('',*,*,#13657,.T.);
#13674=ORIENTED_EDGE('',*,*,#13673,.T.);
#13676=ORIENTED_EDGE('',*,*,#13675,.T.);
#13678=ORIENTED_EDGE('',*,*,#13677,.T.);
#13680=ORIENTED_EDGE('',*,*,#13679,.T.);
#13682=ORIENTED_EDGE('',*,*,#13681,.T.);
#13684=ORIENTED_EDGE('',*,*,#13683,.F.);
#13686=ORIENTED_EDGE('',*,*,#13685,.T.);
#13688=ORIENTED_EDGE('',*,*,#13687,.T.);
#13690=ORIENTED_EDGE('',*,*,#13689,.T.);
#13692=ORIENTED_EDGE('',*,*,#13691,.T.);
#13694=ORIENTED_EDGE('',*,*,#13693,.T.);
#13696=ORIENTED_EDGE('',*,*,#13695,.T.);
#13698=ORIENTED_EDGE('',*,*,#13697,.T.);
#13700=ORIENTED_EDGE('',*,*,#13699,.T.);
#13702=ORIENTED_EDGE('',*,*,#13701,.F.);
#13704=ORIENTED_EDGE('',*,*,#13703,.T.);
#13706=ORIENTED_EDGE('',*,*,#13705,.T.);
#13707=EDGE_LOOP('',(#13672,#13674,#13676,#13678,#13680,#13682,#13684,#13686,
#13688,#13690,#13692,#13694,#13696,#13698,#13700,#13702,#13704,#13706));
#13708=FACE_OUTER_BOUND('',#13707,.F.);
#13710=ORIENTED_EDGE('',*,*,#13709,.T.);
#13712=ORIENTED_EDGE('',*,*,#13711,.T.);
#13713=EDGE_LOOP('',(#13710,#13712));
#13714=FACE_BOUND('',#13713,.F.);
#13715=ADVANCED_FACE('',(#13708,#13714),#13671,.T.);
#13716=CARTESIAN_POINT('',(-4.946299091524E1,1.104242057789E1,
-5.468130859649E0));
#13717=DIRECTION('',(0.E0,-1.074951318136E-1,9.942056108454E-1));
#13718=DIRECTION('',(-1.E0,0.E0,0.E0));
#13719=AXIS2_PLACEMENT_3D('',#13716,#13717,#13718);
#13720=CYLINDRICAL_SURFACE('',#13719,4.E-1);
#13721=ORIENTED_EDGE('',*,*,#13675,.F.);
#13722=ORIENTED_EDGE('',*,*,#13673,.F.);
#13723=ORIENTED_EDGE('',*,*,#13662,.T.);
#13724=ORIENTED_EDGE('',*,*,#7491,.F.);
#13725=ORIENTED_EDGE('',*,*,#7489,.F.);
#13727=ORIENTED_EDGE('',*,*,#13726,.T.);
#13728=EDGE_LOOP('',(#13721,#13722,#13723,#13724,#13725,#13727));
#13729=FACE_OUTER_BOUND('',#13728,.F.);
#13730=ADVANCED_FACE('',(#13729),#13720,.F.);
#13731=CARTESIAN_POINT('',(-4.992487113060E1,1.104242057789E1,
-5.468130859649E0));
#13732=DIRECTION('',(-8.660254037844E-1,-4.971028054227E-1,-5.374756590679E-2));
#13733=DIRECTION('',(5.E-1,-8.610073155771E-1,-9.309351493372E-2));
#13734=AXIS2_PLACEMENT_3D('',#13731,#13732,#13733);
#13735=PLANE('',#13734);
#13736=ORIENTED_EDGE('',*,*,#13677,.F.);
#13737=ORIENTED_EDGE('',*,*,#13726,.F.);
#13738=ORIENTED_EDGE('',*,*,#7487,.F.);
#13740=ORIENTED_EDGE('',*,*,#13739,.F.);
#13741=EDGE_LOOP('',(#13736,#13737,#13738,#13740));
#13742=FACE_OUTER_BOUND('',#13741,.F.);
#13743=ADVANCED_FACE('',(#13742),#13735,.F.);
#13744=CARTESIAN_POINT('',(-4.848149545762E1,9.352271039452E0,
-5.650872583732E0));
#13745=DIRECTION('',(0.E0,-1.074951318136E-1,9.942056108454E-1));
#13746=DIRECTION('',(-5.E-1,-8.610073155771E-1,-9.309351493373E-2));
#13747=AXIS2_PLACEMENT_3D('',#13744,#13745,#13746);
#13748=CYLINDRICAL_SURFACE('',#13747,4.E-1);
#13749=ORIENTED_EDGE('',*,*,#13681,.F.);
#13750=ORIENTED_EDGE('',*,*,#13679,.F.);
#13751=ORIENTED_EDGE('',*,*,#13739,.T.);
#13752=ORIENTED_EDGE('',*,*,#7485,.F.);
#13753=ORIENTED_EDGE('',*,*,#7483,.F.);
#13755=ORIENTED_EDGE('',*,*,#13754,.T.);
#13756=EDGE_LOOP('',(#13749,#13750,#13751,#13752,#13753,#13755));
#13757=FACE_OUTER_BOUND('',#13756,.F.);
#13758=ADVANCED_FACE('',(#13757),#13748,.F.);
#13759=CARTESIAN_POINT('',(-4.871243556530E1,8.954588795114E0,
-5.693870636458E0));
#13760=DIRECTION('',(0.E0,-9.942056108454E-1,-1.074951318136E-1));
#13761=DIRECTION('',(1.E0,0.E0,0.E0));
#13762=AXIS2_PLACEMENT_3D('',#13759,#13760,#13761);
#13763=PLANE('',#13762);
#13764=ORIENTED_EDGE('',*,*,#13683,.T.);
#13765=ORIENTED_EDGE('',*,*,#13754,.F.);
#13766=ORIENTED_EDGE('',*,*,#7481,.F.);
#13768=ORIENTED_EDGE('',*,*,#13767,.F.);
#13769=EDGE_LOOP('',(#13764,#13765,#13766,#13768));
#13770=FACE_OUTER_BOUND('',#13769,.F.);
#13771=ADVANCED_FACE('',(#13770),#13763,.F.);
#13772=CARTESIAN_POINT('',(-4.651850454238E1,9.352271039452E0,
-5.650872583732E0));
#13773=DIRECTION('',(0.E0,-1.074951318136E-1,9.942056108454E-1));
#13774=DIRECTION('',(5.E-1,-8.610073155771E-1,-9.309351493373E-2));
#13775=AXIS2_PLACEMENT_3D('',#13772,#13773,#13774);
#13776=CYLINDRICAL_SURFACE('',#13775,4.E-1);
#13777=ORIENTED_EDGE('',*,*,#13687,.F.);
#13778=ORIENTED_EDGE('',*,*,#13685,.F.);
#13779=ORIENTED_EDGE('',*,*,#13767,.T.);
#13780=ORIENTED_EDGE('',*,*,#7479,.F.);
#13781=ORIENTED_EDGE('',*,*,#7477,.F.);
#13783=ORIENTED_EDGE('',*,*,#13782,.T.);
#13784=EDGE_LOOP('',(#13777,#13778,#13779,#13780,#13781,#13783));
#13785=FACE_OUTER_BOUND('',#13784,.F.);
#13786=ADVANCED_FACE('',(#13785),#13776,.F.);
#13787=CARTESIAN_POINT('',(-4.628756443470E1,8.954588795114E0,
-5.693870636458E0));
#13788=DIRECTION('',(8.660254037844E-1,-4.971028054227E-1,-5.374756590679E-2));
#13789=DIRECTION('',(5.E-1,8.610073155771E-1,9.309351493372E-2));
#13790=AXIS2_PLACEMENT_3D('',#13787,#13788,#13789);
#13791=PLANE('',#13790);
#13792=ORIENTED_EDGE('',*,*,#13689,.F.);
#13793=ORIENTED_EDGE('',*,*,#13782,.F.);
#13794=ORIENTED_EDGE('',*,*,#7475,.F.);
#13796=ORIENTED_EDGE('',*,*,#13795,.F.);
#13797=EDGE_LOOP('',(#13792,#13793,#13794,#13796));
#13798=FACE_OUTER_BOUND('',#13797,.F.);
#13799=ADVANCED_FACE('',(#13798),#13791,.F.);
#13800=CARTESIAN_POINT('',(-4.553700908476E1,1.104242057789E1,
-5.468130859649E0));
#13801=DIRECTION('',(0.E0,-1.074951318136E-1,9.942056108454E-1));
#13802=DIRECTION('',(1.E0,2.476092429902E-14,0.E0));
#13803=AXIS2_PLACEMENT_3D('',#13800,#13801,#13802);
#13804=CYLINDRICAL_SURFACE('',#13803,4.E-1);
#13805=ORIENTED_EDGE('',*,*,#13693,.F.);
#13806=ORIENTED_EDGE('',*,*,#13691,.F.);
#13807=ORIENTED_EDGE('',*,*,#13795,.T.);
#13808=ORIENTED_EDGE('',*,*,#7473,.F.);
#13809=ORIENTED_EDGE('',*,*,#7471,.F.);
#13811=ORIENTED_EDGE('',*,*,#13810,.T.);
#13812=EDGE_LOOP('',(#13805,#13806,#13807,#13808,#13809,#13811));
#13813=FACE_OUTER_BOUND('',#13812,.F.);
#13814=ADVANCED_FACE('',(#13813),#13804,.F.);
#13815=CARTESIAN_POINT('',(-4.568134291601E1,1.208633003576E1,
-5.355261666847E0));
#13816=DIRECTION('',(8.660254037844E-1,4.971028054227E-1,5.374756590679E-2));
#13817=DIRECTION('',(-5.E-1,8.610073155771E-1,9.309351493372E-2));
#13818=AXIS2_PLACEMENT_3D('',#13815,#13816,#13817);
#13819=PLANE('',#13818);
#13820=ORIENTED_EDGE('',*,*,#13695,.F.);
#13821=ORIENTED_EDGE('',*,*,#13810,.F.);
#13822=ORIENTED_EDGE('',*,*,#7469,.F.);
#13824=ORIENTED_EDGE('',*,*,#13823,.F.);
#13825=EDGE_LOOP('',(#13820,#13821,#13822,#13824));
#13826=FACE_OUTER_BOUND('',#13825,.F.);
#13827=ADVANCED_FACE('',(#13826),#13819,.F.);
#13828=CARTESIAN_POINT('',(-4.651850454238E1,1.273257011633E1,
-5.285389135566E0));
#13829=DIRECTION('',(0.E0,-1.074951318136E-1,9.942056108454E-1));
#13830=DIRECTION('',(5.E-1,8.610073155771E-1,9.309351493373E-2));
#13831=AXIS2_PLACEMENT_3D('',#13828,#13829,#13830);
#13832=CYLINDRICAL_SURFACE('',#13831,4.E-1);
#13833=ORIENTED_EDGE('',*,*,#13699,.F.);
#13834=ORIENTED_EDGE('',*,*,#13697,.F.);
#13835=ORIENTED_EDGE('',*,*,#13823,.T.);
#13836=ORIENTED_EDGE('',*,*,#7467,.F.);
#13837=ORIENTED_EDGE('',*,*,#7465,.F.);
#13839=ORIENTED_EDGE('',*,*,#13838,.T.);
#13840=EDGE_LOOP('',(#13833,#13834,#13835,#13836,#13837,#13839));
#13841=FACE_OUTER_BOUND('',#13840,.F.);
#13842=ADVANCED_FACE('',(#13841),#13832,.F.);
#13843=CARTESIAN_POINT('',(-4.628756443470E1,1.313025236066E1,
-5.242391082841E0));
#13844=DIRECTION('',(0.E0,9.942056108454E-1,1.074951318136E-1));
#13845=DIRECTION('',(-1.E0,0.E0,0.E0));
#13846=AXIS2_PLACEMENT_3D('',#13843,#13844,#13845);
#13847=PLANE('',#13846);
#13848=ORIENTED_EDGE('',*,*,#13701,.T.);
#13849=ORIENTED_EDGE('',*,*,#13838,.F.);
#13850=ORIENTED_EDGE('',*,*,#7463,.F.);
#13852=ORIENTED_EDGE('',*,*,#13851,.F.);
#13853=EDGE_LOOP('',(#13848,#13849,#13850,#13852));
#13854=FACE_OUTER_BOUND('',#13853,.F.);
#13855=ADVANCED_FACE('',(#13854),#13847,.F.);
#13856=CARTESIAN_POINT('',(-4.848149545762E1,1.273257011633E1,
-5.285389135566E0));
#13857=DIRECTION('',(0.E0,-1.074951318136E-1,9.942056108454E-1));
#13858=DIRECTION('',(-5.E-1,8.610073155771E-1,9.309351493373E-2));
#13859=AXIS2_PLACEMENT_3D('',#13856,#13857,#13858);
#13860=CYLINDRICAL_SURFACE('',#13859,4.E-1);
#13861=ORIENTED_EDGE('',*,*,#13705,.F.);
#13862=ORIENTED_EDGE('',*,*,#13703,.F.);
#13863=ORIENTED_EDGE('',*,*,#13851,.T.);
#13864=ORIENTED_EDGE('',*,*,#7461,.F.);
#13865=ORIENTED_EDGE('',*,*,#7459,.F.);
#13866=ORIENTED_EDGE('',*,*,#13659,.T.);
#13867=EDGE_LOOP('',(#13861,#13862,#13863,#13864,#13865,#13866));
#13868=FACE_OUTER_BOUND('',#13867,.F.);
#13869=ADVANCED_FACE('',(#13868),#13860,.F.);
#13870=CARTESIAN_POINT('',(-4.75E1,1.104242057789E1,-5.468130859649E0));
#13871=DIRECTION('',(0.E0,-1.074951318136E-1,9.942056108454E-1));
#13872=DIRECTION('',(1.E0,0.E0,0.E0));
#13873=AXIS2_PLACEMENT_3D('',#13870,#13871,#13872);
#13874=CYLINDRICAL_SURFACE('',#13873,1.15E0);
#13876=ORIENTED_EDGE('',*,*,#13875,.T.);
#13878=ORIENTED_EDGE('',*,*,#13877,.T.);
#13880=ORIENTED_EDGE('',*,*,#13879,.T.);
#13881=ORIENTED_EDGE('',*,*,#13709,.F.);
#13882=EDGE_LOOP('',(#13876,#13878,#13880,#13881));
#13883=FACE_OUTER_BOUND('',#13882,.F.);
#13884=ADVANCED_FACE('',(#13883),#13874,.F.);
#13885=CARTESIAN_POINT('',(-4.75E1,1.104242057789E1,-5.468130859649E0));
#13886=DIRECTION('',(0.E0,-1.074951318136E-1,9.942056108454E-1));
#13887=DIRECTION('',(1.E0,0.E0,0.E0));
#13888=AXIS2_PLACEMENT_3D('',#13885,#13886,#13887);
#13889=CYLINDRICAL_SURFACE('',#13888,1.15E0);
#13890=ORIENTED_EDGE('',*,*,#13879,.F.);
#13892=ORIENTED_EDGE('',*,*,#13891,.T.);
#13893=ORIENTED_EDGE('',*,*,#13875,.F.);
#13894=ORIENTED_EDGE('',*,*,#13711,.F.);
#13895=EDGE_LOOP('',(#13890,#13892,#13893,#13894));
#13896=FACE_OUTER_BOUND('',#13895,.F.);
#13897=ADVANCED_FACE('',(#13896),#13889,.F.);
#13898=CARTESIAN_POINT('',(0.E0,2.210989739898E-1,-2.044909725531E0));
#13899=DIRECTION('',(0.E0,-1.074951318136E-1,9.942056108454E-1));
#13900=DIRECTION('',(1.E0,0.E0,0.E0));
#13901=AXIS2_PLACEMENT_3D('',#13898,#13899,#13900);
#13902=PLANE('',#13901);
#13904=ORIENTED_EDGE('',*,*,#13903,.F.);
#13906=ORIENTED_EDGE('',*,*,#13905,.F.);
#13907=EDGE_LOOP('',(#13904,#13906));
#13908=FACE_OUTER_BOUND('',#13907,.F.);
#13909=ORIENTED_EDGE('',*,*,#13891,.F.);
#13910=ORIENTED_EDGE('',*,*,#13877,.F.);
#13911=EDGE_LOOP('',(#13909,#13910));
#13912=FACE_BOUND('',#13911,.F.);
#13913=ADVANCED_FACE('',(#13908,#13912),#13902,.T.);
#13914=CARTESIAN_POINT('',(0.E0,2.210989739898E-1,-2.044909725531E0));
#13915=DIRECTION('',(0.E0,-1.074951318136E-1,9.942056108454E-1));
#13916=DIRECTION('',(1.E0,0.E0,0.E0));
#13917=AXIS2_PLACEMENT_3D('',#13914,#13915,#13916);
#13918=PLANE('',#13917);
#13920=ORIENTED_EDGE('',*,*,#13919,.F.);
#13922=ORIENTED_EDGE('',*,*,#13921,.F.);
#13923=EDGE_LOOP('',(#13920,#13922));
#13924=FACE_OUTER_BOUND('',#13923,.F.);
#13926=ORIENTED_EDGE('',*,*,#13925,.F.);
#13928=ORIENTED_EDGE('',*,*,#13927,.F.);
#13929=EDGE_LOOP('',(#13926,#13928));
#13930=FACE_BOUND('',#13929,.F.);
#13931=ADVANCED_FACE('',(#13924,#13930),#13918,.T.);
#13932=CARTESIAN_POINT('',(4.75E1,1.104242057789E1,-5.468130859649E0));
#13933=DIRECTION('',(0.E0,1.074951318136E-1,-9.942056108454E-1));
#13934=DIRECTION('',(-1.E0,0.E0,0.E0));
#13935=AXIS2_PLACEMENT_3D('',#13932,#13933,#13934);
#13936=CYLINDRICAL_SURFACE('',#13935,1.15E0);
#13938=ORIENTED_EDGE('',*,*,#13937,.F.);
#13939=ORIENTED_EDGE('',*,*,#13925,.T.);
#13941=ORIENTED_EDGE('',*,*,#13940,.F.);
#13943=ORIENTED_EDGE('',*,*,#13942,.F.);
#13944=EDGE_LOOP('',(#13938,#13939,#13941,#13943));
#13945=FACE_OUTER_BOUND('',#13944,.F.);
#13946=ADVANCED_FACE('',(#13945),#13936,.F.);
#13947=CARTESIAN_POINT('',(4.75E1,1.104242057789E1,-5.468130859649E0));
#13948=DIRECTION('',(0.E0,1.074951318136E-1,-9.942056108454E-1));
#13949=DIRECTION('',(-1.E0,0.E0,0.E0));
#13950=AXIS2_PLACEMENT_3D('',#13947,#13948,#13949);
#13951=CYLINDRICAL_SURFACE('',#13950,1.15E0);
#13952=ORIENTED_EDGE('',*,*,#13940,.T.);
#13953=ORIENTED_EDGE('',*,*,#13927,.T.);
#13954=ORIENTED_EDGE('',*,*,#13937,.T.);
#13956=ORIENTED_EDGE('',*,*,#13955,.F.);
#13957=EDGE_LOOP('',(#13952,#13953,#13954,#13956));
#13958=FACE_OUTER_BOUND('',#13957,.F.);
#13959=ADVANCED_FACE('',(#13958),#13951,.F.);
#13960=CARTESIAN_POINT('',(4.75E1,1.073427234018E1,-2.618116149841E0));
#13961=DIRECTION('',(0.E0,-1.074951318136E-1,9.942056108454E-1));
#13962=DIRECTION('',(-1.E0,0.E0,0.E0));
#13963=AXIS2_PLACEMENT_3D('',#13960,#13961,#13962);
#13964=PLANE('',#13963);
#13966=ORIENTED_EDGE('',*,*,#13965,.T.);
#13968=ORIENTED_EDGE('',*,*,#13967,.T.);
#13970=ORIENTED_EDGE('',*,*,#13969,.T.);
#13972=ORIENTED_EDGE('',*,*,#13971,.T.);
#13974=ORIENTED_EDGE('',*,*,#13973,.T.);
#13976=ORIENTED_EDGE('',*,*,#13975,.T.);
#13978=ORIENTED_EDGE('',*,*,#13977,.F.);
#13980=ORIENTED_EDGE('',*,*,#13979,.T.);
#13982=ORIENTED_EDGE('',*,*,#13981,.T.);
#13984=ORIENTED_EDGE('',*,*,#13983,.T.);
#13986=ORIENTED_EDGE('',*,*,#13985,.T.);
#13988=ORIENTED_EDGE('',*,*,#13987,.T.);
#13990=ORIENTED_EDGE('',*,*,#13989,.T.);
#13992=ORIENTED_EDGE('',*,*,#13991,.T.);
#13994=ORIENTED_EDGE('',*,*,#13993,.T.);
#13996=ORIENTED_EDGE('',*,*,#13995,.F.);
#13998=ORIENTED_EDGE('',*,*,#13997,.T.);
#14000=ORIENTED_EDGE('',*,*,#13999,.T.);
#14001=EDGE_LOOP('',(#13966,#13968,#13970,#13972,#13974,#13976,#13978,#13980,
#13982,#13984,#13986,#13988,#13990,#13992,#13994,#13996,#13998,#14000));
#14002=FACE_OUTER_BOUND('',#14001,.F.);
#14003=ORIENTED_EDGE('',*,*,#13955,.T.);
#14004=ORIENTED_EDGE('',*,*,#13942,.T.);
#14005=EDGE_LOOP('',(#14003,#14004));
#14006=FACE_BOUND('',#14005,.F.);
#14007=ADVANCED_FACE('',(#14002,#14006),#13964,.F.);
#14008=CARTESIAN_POINT('',(4.871243556530E1,8.954588795114E0,
-5.693870636458E0));
#14009=DIRECTION('',(8.660254037844E-1,-4.971028054227E-1,-5.374756590679E-2));
#14010=DIRECTION('',(5.E-1,8.610073155771E-1,9.309351493372E-2));
#14011=AXIS2_PLACEMENT_3D('',#14008,#14009,#14010);
#14012=PLANE('',#14011);
#14013=ORIENTED_EDGE('',*,*,#7513,.F.);
#14015=ORIENTED_EDGE('',*,*,#14014,.F.);
#14016=ORIENTED_EDGE('',*,*,#13965,.F.);
#14018=ORIENTED_EDGE('',*,*,#14017,.F.);
#14019=EDGE_LOOP('',(#14013,#14015,#14016,#14018));
#14020=FACE_OUTER_BOUND('',#14019,.F.);
#14021=ADVANCED_FACE('',(#14020),#14012,.F.);
#14022=CARTESIAN_POINT('',(4.946299091524E1,1.104242057789E1,
-5.468130859649E0));
#14023=DIRECTION('',(0.E0,-1.074951318136E-1,9.942056108454E-1));
#14024=DIRECTION('',(1.E0,0.E0,0.E0));
#14025=AXIS2_PLACEMENT_3D('',#14022,#14023,#14024);
#14026=CYLINDRICAL_SURFACE('',#14025,4.E-1);
#14027=ORIENTED_EDGE('',*,*,#13969,.F.);
#14028=ORIENTED_EDGE('',*,*,#13967,.F.);
#14029=ORIENTED_EDGE('',*,*,#14014,.T.);
#14030=ORIENTED_EDGE('',*,*,#7511,.F.);
#14031=ORIENTED_EDGE('',*,*,#7509,.F.);
#14033=ORIENTED_EDGE('',*,*,#14032,.T.);
#14034=EDGE_LOOP('',(#14027,#14028,#14029,#14030,#14031,#14033));
#14035=FACE_OUTER_BOUND('',#14034,.F.);
#14036=ADVANCED_FACE('',(#14035),#14026,.F.);
#14037=CARTESIAN_POINT('',(4.992487113060E1,1.104242057789E1,
-5.468130859649E0));
#14038=DIRECTION('',(8.660254037844E-1,4.971028054227E-1,5.374756590679E-2));
#14039=DIRECTION('',(-5.E-1,8.610073155771E-1,9.309351493372E-2));
#14040=AXIS2_PLACEMENT_3D('',#14037,#14038,#14039);
#14041=PLANE('',#14040);
#14042=ORIENTED_EDGE('',*,*,#7507,.F.);
#14044=ORIENTED_EDGE('',*,*,#14043,.F.);
#14045=ORIENTED_EDGE('',*,*,#13971,.F.);
#14046=ORIENTED_EDGE('',*,*,#14032,.F.);
#14047=EDGE_LOOP('',(#14042,#14044,#14045,#14046));
#14048=FACE_OUTER_BOUND('',#14047,.F.);
#14049=ADVANCED_FACE('',(#14048),#14041,.F.);
#14050=CARTESIAN_POINT('',(4.848149545762E1,1.273257011633E1,
-5.285389135566E0));
#14051=DIRECTION('',(0.E0,-1.074951318136E-1,9.942056108454E-1));
#14052=DIRECTION('',(5.E-1,8.610073155771E-1,9.309351493373E-2));
#14053=AXIS2_PLACEMENT_3D('',#14050,#14051,#14052);
#14054=CYLINDRICAL_SURFACE('',#14053,4.E-1);
#14055=ORIENTED_EDGE('',*,*,#13975,.F.);
#14056=ORIENTED_EDGE('',*,*,#13973,.F.);
#14057=ORIENTED_EDGE('',*,*,#14043,.T.);
#14058=ORIENTED_EDGE('',*,*,#7505,.F.);
#14059=ORIENTED_EDGE('',*,*,#7503,.F.);
#14061=ORIENTED_EDGE('',*,*,#14060,.T.);
#14062=EDGE_LOOP('',(#14055,#14056,#14057,#14058,#14059,#14061));
#14063=FACE_OUTER_BOUND('',#14062,.F.);
#14064=ADVANCED_FACE('',(#14063),#14054,.F.);
#14065=CARTESIAN_POINT('',(4.871243556530E1,1.313025236066E1,
-5.242391082841E0));
#14066=DIRECTION('',(0.E0,9.942056108454E-1,1.074951318136E-1));
#14067=DIRECTION('',(-1.E0,0.E0,0.E0));
#14068=AXIS2_PLACEMENT_3D('',#14065,#14066,#14067);
#14069=PLANE('',#14068);
#14070=ORIENTED_EDGE('',*,*,#7501,.F.);
#14072=ORIENTED_EDGE('',*,*,#14071,.F.);
#14073=ORIENTED_EDGE('',*,*,#13977,.T.);
#14074=ORIENTED_EDGE('',*,*,#14060,.F.);
#14075=EDGE_LOOP('',(#14070,#14072,#14073,#14074));
#14076=FACE_OUTER_BOUND('',#14075,.F.);
#14077=ADVANCED_FACE('',(#14076),#14069,.F.);
#14078=CARTESIAN_POINT('',(4.651850454238E1,1.273257011633E1,
-5.285389135566E0));
#14079=DIRECTION('',(0.E0,-1.074951318136E-1,9.942056108454E-1));
#14080=DIRECTION('',(-5.E-1,8.610073155771E-1,9.309351493373E-2));
#14081=AXIS2_PLACEMENT_3D('',#14078,#14079,#14080);
#14082=CYLINDRICAL_SURFACE('',#14081,4.E-1);
#14083=ORIENTED_EDGE('',*,*,#13981,.F.);
#14084=ORIENTED_EDGE('',*,*,#13979,.F.);
#14085=ORIENTED_EDGE('',*,*,#14071,.T.);
#14086=ORIENTED_EDGE('',*,*,#7499,.F.);
#14087=ORIENTED_EDGE('',*,*,#7497,.F.);
#14089=ORIENTED_EDGE('',*,*,#14088,.T.);
#14090=EDGE_LOOP('',(#14083,#14084,#14085,#14086,#14087,#14089));
#14091=FACE_OUTER_BOUND('',#14090,.F.);
#14092=ADVANCED_FACE('',(#14091),#14082,.F.);
#14093=CARTESIAN_POINT('',(4.628756443470E1,1.313025236066E1,
-5.242391082841E0));
#14094=DIRECTION('',(-8.660254037844E-1,4.971028054227E-1,5.374756590679E-2));
#14095=DIRECTION('',(-5.E-1,-8.610073155771E-1,-9.309351493372E-2));
#14096=AXIS2_PLACEMENT_3D('',#14093,#14094,#14095);
#14097=PLANE('',#14096);
#14098=ORIENTED_EDGE('',*,*,#7495,.F.);
#14100=ORIENTED_EDGE('',*,*,#14099,.F.);
#14101=ORIENTED_EDGE('',*,*,#13983,.F.);
#14102=ORIENTED_EDGE('',*,*,#14088,.F.);
#14103=EDGE_LOOP('',(#14098,#14100,#14101,#14102));
#14104=FACE_OUTER_BOUND('',#14103,.F.);
#14105=ADVANCED_FACE('',(#14104),#14097,.F.);
#14106=CARTESIAN_POINT('',(4.553700908476E1,1.104242057789E1,
-5.468130859649E0));
#14107=DIRECTION('',(0.E0,-1.074951318136E-1,9.942056108454E-1));
#14108=DIRECTION('',(-1.E0,0.E0,0.E0));
#14109=AXIS2_PLACEMENT_3D('',#14106,#14107,#14108);
#14110=CYLINDRICAL_SURFACE('',#14109,4.E-1);
#14111=ORIENTED_EDGE('',*,*,#13987,.F.);
#14112=ORIENTED_EDGE('',*,*,#13985,.F.);
#14113=ORIENTED_EDGE('',*,*,#14099,.T.);
#14114=ORIENTED_EDGE('',*,*,#7529,.F.);
#14115=ORIENTED_EDGE('',*,*,#7527,.F.);
#14117=ORIENTED_EDGE('',*,*,#14116,.T.);
#14118=EDGE_LOOP('',(#14111,#14112,#14113,#14114,#14115,#14117));
#14119=FACE_OUTER_BOUND('',#14118,.F.);
#14120=ADVANCED_FACE('',(#14119),#14110,.F.);
#14121=CARTESIAN_POINT('',(4.568134015300E1,9.998515877958E0,
-5.580999538015E0));
#14122=DIRECTION('',(-8.660254037844E-1,-4.971028054227E-1,-5.374756590679E-2));
#14123=DIRECTION('',(5.E-1,-8.610073155771E-1,-9.309351493372E-2));
#14124=AXIS2_PLACEMENT_3D('',#14121,#14122,#14123);
#14125=PLANE('',#14124);
#14126=ORIENTED_EDGE('',*,*,#7525,.F.);
#14128=ORIENTED_EDGE('',*,*,#14127,.F.);
#14129=ORIENTED_EDGE('',*,*,#13989,.F.);
#14130=ORIENTED_EDGE('',*,*,#14116,.F.);
#14131=EDGE_LOOP('',(#14126,#14128,#14129,#14130));
#14132=FACE_OUTER_BOUND('',#14131,.F.);
#14133=ADVANCED_FACE('',(#14132),#14125,.F.);
#14134=CARTESIAN_POINT('',(4.651850454238E1,9.352271039452E0,
-5.650872583732E0));
#14135=DIRECTION('',(0.E0,-1.074951318136E-1,9.942056108454E-1));
#14136=DIRECTION('',(-5.E-1,-8.610073155771E-1,-9.309351493373E-2));
#14137=AXIS2_PLACEMENT_3D('',#14134,#14135,#14136);
#14138=CYLINDRICAL_SURFACE('',#14137,4.E-1);
#14139=ORIENTED_EDGE('',*,*,#13993,.F.);
#14140=ORIENTED_EDGE('',*,*,#13991,.F.);
#14141=ORIENTED_EDGE('',*,*,#14127,.T.);
#14142=ORIENTED_EDGE('',*,*,#7523,.F.);
#14143=ORIENTED_EDGE('',*,*,#7521,.F.);
#14145=ORIENTED_EDGE('',*,*,#14144,.T.);
#14146=EDGE_LOOP('',(#14139,#14140,#14141,#14142,#14143,#14145));
#14147=FACE_OUTER_BOUND('',#14146,.F.);
#14148=ADVANCED_FACE('',(#14147),#14138,.F.);
#14149=CARTESIAN_POINT('',(4.628756443470E1,8.954588795114E0,
-5.693870636458E0));
#14150=DIRECTION('',(0.E0,-9.942056108454E-1,-1.074951318136E-1));
#14151=DIRECTION('',(1.E0,0.E0,0.E0));
#14152=AXIS2_PLACEMENT_3D('',#14149,#14150,#14151);
#14153=PLANE('',#14152);
#14154=ORIENTED_EDGE('',*,*,#7519,.F.);
#14156=ORIENTED_EDGE('',*,*,#14155,.F.);
#14157=ORIENTED_EDGE('',*,*,#13995,.T.);
#14158=ORIENTED_EDGE('',*,*,#14144,.F.);
#14159=EDGE_LOOP('',(#14154,#14156,#14157,#14158));
#14160=FACE_OUTER_BOUND('',#14159,.F.);
#14161=ADVANCED_FACE('',(#14160),#14153,.F.);
#14162=CARTESIAN_POINT('',(4.848149545762E1,9.352271039452E0,
-5.650872583732E0));
#14163=DIRECTION('',(0.E0,-1.074951318136E-1,9.942056108454E-1));
#14164=DIRECTION('',(5.E-1,-8.610073155771E-1,-9.309351493373E-2));
#14165=AXIS2_PLACEMENT_3D('',#14162,#14163,#14164);
#14166=CYLINDRICAL_SURFACE('',#14165,4.E-1);
#14167=ORIENTED_EDGE('',*,*,#13999,.F.);
#14168=ORIENTED_EDGE('',*,*,#13997,.F.);
#14169=ORIENTED_EDGE('',*,*,#14155,.T.);
#14170=ORIENTED_EDGE('',*,*,#7517,.F.);
#14171=ORIENTED_EDGE('',*,*,#7515,.F.);
#14172=ORIENTED_EDGE('',*,*,#14017,.T.);
#14173=EDGE_LOOP('',(#14167,#14168,#14169,#14170,#14171,#14172));
#14174=FACE_OUTER_BOUND('',#14173,.F.);
#14175=ADVANCED_FACE('',(#14174),#14166,.F.);
#14176=CARTESIAN_POINT('',(-4.75E1,1.068052477428E1,-2.121013344418E0));
#14177=DIRECTION('',(0.E0,-1.074951318136E-1,9.942056108454E-1));
#14178=DIRECTION('',(1.E0,0.E0,0.E0));
#14179=AXIS2_PLACEMENT_3D('',#14176,#14177,#14178);
#14180=CYLINDRICAL_SURFACE('',#14179,2.05E0);
#14181=ORIENTED_EDGE('',*,*,#7130,.F.);
#14183=ORIENTED_EDGE('',*,*,#14182,.T.);
#14184=ORIENTED_EDGE('',*,*,#13903,.T.);
#14186=ORIENTED_EDGE('',*,*,#14185,.F.);
#14187=EDGE_LOOP('',(#14181,#14183,#14184,#14186));
#14188=FACE_OUTER_BOUND('',#14187,.F.);
#14189=ADVANCED_FACE('',(#14188),#14180,.T.);
#14190=CARTESIAN_POINT('',(-4.75E1,1.068052477428E1,-2.121013344418E0));
#14191=DIRECTION('',(0.E0,-1.074951318136E-1,9.942056108454E-1));
#14192=DIRECTION('',(1.E0,0.E0,0.E0));
#14193=AXIS2_PLACEMENT_3D('',#14190,#14191,#14192);
#14194=CYLINDRICAL_SURFACE('',#14193,2.05E0);
#14195=ORIENTED_EDGE('',*,*,#7132,.F.);
#14196=ORIENTED_EDGE('',*,*,#14185,.T.);
#14197=ORIENTED_EDGE('',*,*,#13905,.T.);
#14198=ORIENTED_EDGE('',*,*,#14182,.F.);
#14199=EDGE_LOOP('',(#14195,#14196,#14197,#14198));
#14200=FACE_OUTER_BOUND('',#14199,.F.);
#14201=ADVANCED_FACE('',(#14200),#14194,.T.);
#14202=CARTESIAN_POINT('',(4.75E1,1.068052477428E1,-2.121013344418E0));
#14203=DIRECTION('',(0.E0,-1.074951318136E-1,9.942056108454E-1));
#14204=DIRECTION('',(1.E0,0.E0,0.E0));
#14205=AXIS2_PLACEMENT_3D('',#14202,#14203,#14204);
#14206=CYLINDRICAL_SURFACE('',#14205,2.05E0);
#14207=ORIENTED_EDGE('',*,*,#7136,.F.);
#14209=ORIENTED_EDGE('',*,*,#14208,.T.);
#14210=ORIENTED_EDGE('',*,*,#13919,.T.);
#14212=ORIENTED_EDGE('',*,*,#14211,.F.);
#14213=EDGE_LOOP('',(#14207,#14209,#14210,#14212));
#14214=FACE_OUTER_BOUND('',#14213,.F.);
#14215=ADVANCED_FACE('',(#14214),#14206,.T.);
#14216=CARTESIAN_POINT('',(4.75E1,1.068052477428E1,-2.121013344418E0));
#14217=DIRECTION('',(0.E0,-1.074951318136E-1,9.942056108454E-1));
#14218=DIRECTION('',(1.E0,0.E0,0.E0));
#14219=AXIS2_PLACEMENT_3D('',#14216,#14217,#14218);
#14220=CYLINDRICAL_SURFACE('',#14219,2.05E0);
#14221=ORIENTED_EDGE('',*,*,#7138,.F.);
#14222=ORIENTED_EDGE('',*,*,#14211,.T.);
#14223=ORIENTED_EDGE('',*,*,#13921,.T.);
#14224=ORIENTED_EDGE('',*,*,#14208,.F.);
#14225=EDGE_LOOP('',(#14221,#14222,#14223,#14224));
#14226=FACE_OUTER_BOUND('',#14225,.F.);
#14227=ADVANCED_FACE('',(#14226),#14220,.T.);
#14231=DIMENSIONAL_EXPONENTS(0.E0,0.E0,0.E0,0.E0,0.E0,0.E0,0.E0);
#14233=PLANE_ANGLE_MEASURE_WITH_UNIT(PLANE_ANGLE_MEASURE(1.745329251994E-2),
#14232);
#14234=(CONVERSION_BASED_UNIT('DEGREE',#14233)NAMED_UNIT(*)PLANE_ANGLE_UNIT());
#14236=UNCERTAINTY_MEASURE_WITH_UNIT(LENGTH_MEASURE(1.696844330984E-2),#14230,
'closure',
'Maximum model space distance between geometric entities at asserted connectivities');
#14237=(GEOMETRIC_REPRESENTATION_CONTEXT(3)GLOBAL_UNCERTAINTY_ASSIGNED_CONTEXT((
#14236))GLOBAL_UNIT_ASSIGNED_CONTEXT((#14230,#14234,#14235))REPRESENTATION_CONTEXT('ID1','3'));
#14239=APPLICATION_CONTEXT(
'CONFIGURATION CONTROLLED 3D DESIGNS OF MECHANICAL PARTS AND ASSEMBLIES');
#14240=APPLICATION_PROTOCOL_DEFINITION('international standard',
'config_control_design',1994,#14239);
#14241=DESIGN_CONTEXT('',#14239,'design');
#14242=MECHANICAL_CONTEXT('',#14239,'mechanical');
#14243=PRODUCT('NODE_--1103250003','NODE_--1103250003','NOT SPECIFIED',
(#14242));
#14244=PRODUCT_DEFINITION_FORMATION_WITH_SPECIFIED_SOURCE('1','LAST_VERSION',
#14243,.MADE.);
#14248=PRODUCT_CATEGORY('part','');
#14249=PRODUCT_RELATED_PRODUCT_CATEGORY('detail','',(#14243));
#14250=PRODUCT_CATEGORY_RELATIONSHIP('','',#14248,#14249);
#14251=SECURITY_CLASSIFICATION_LEVEL('unclassified');
#14252=SECURITY_CLASSIFICATION('','',#14251);
#14253=CC_DESIGN_SECURITY_CLASSIFICATION(#14252,(#14244));
#14254=APPROVAL_STATUS('approved');
#14255=APPROVAL(#14254,'');
#14256=CC_DESIGN_APPROVAL(#14255,(#14252,#14244,#14245));
#14257=CALENDAR_DATE(125,11,11);
#14258=COORDINATED_UNIVERSAL_TIME_OFFSET(8,0,.AHEAD.);
#14259=LOCAL_TIME(10,36,4.1E1,#14258);
#14260=DATE_AND_TIME(#14257,#14259);
#14261=APPROVAL_DATE_TIME(#14260,#14255);
#14262=DATE_TIME_ROLE('creation_date');
#14263=CC_DESIGN_DATE_AND_TIME_ASSIGNMENT(#14260,#14262,(#14245));
#14264=DATE_TIME_ROLE('classification_date');
#14265=CC_DESIGN_DATE_AND_TIME_ASSIGNMENT(#14260,#14264,(#14252));
#14266=PERSON('UNSPECIFIED','UNSPECIFIED',$,$,$,$);
#14267=ORGANIZATION('UNSPECIFIED','UNSPECIFIED','UNSPECIFIED');
#14268=PERSON_AND_ORGANIZATION(#14266,#14267);
#14269=APPROVAL_ROLE('approver');
#14270=APPROVAL_PERSON_ORGANIZATION(#14268,#14255,#14269);
#14271=PERSON_AND_ORGANIZATION_ROLE('creator');
#14272=CC_DESIGN_PERSON_AND_ORGANIZATION_ASSIGNMENT(#14268,#14271,(#14244,
#14245));
#14273=PERSON_AND_ORGANIZATION_ROLE('design_supplier');
#14274=CC_DESIGN_PERSON_AND_ORGANIZATION_ASSIGNMENT(#14268,#14273,(#14244));
#14275=PERSON_AND_ORGANIZATION_ROLE('classification_officer');
#14276=CC_DESIGN_PERSON_AND_ORGANIZATION_ASSIGNMENT(#14268,#14275,(#14252));
#14277=PERSON_AND_ORGANIZATION_ROLE('design_owner');
#14278=CC_DESIGN_PERSON_AND_ORGANIZATION_ASSIGNMENT(#14268,#14277,(#14243));
#13=CIRCLE('',#12,4.999999999997E-1);
#18=CIRCLE('',#17,5.E-1);
#23=CIRCLE('',#22,2.05E0);
#28=CIRCLE('',#27,2.05E0);
#33=CIRCLE('',#32,2.05E0);
#38=CIRCLE('',#37,2.05E0);
#47=CIRCLE('',#46,5.E-1);
#64=CIRCLE('',#63,4.999999999997E-1);
#94=B_SPLINE_CURVE_WITH_KNOTS('',3,(#85,#86,#87,#88,#89,#90,#91,#92,#93),
.UNSPECIFIED.,.F.,.F.,(4,1,1,1,1,1,4),(0.E0,3.232167904630E-1,4.975203375416E-1,
6.718238846201E-1,8.354309967622E-1,9.176854890028E-1,1.E0),.UNSPECIFIED.);
#103=B_SPLINE_CURVE_WITH_KNOTS('',3,(#95,#96,#97,#98,#99,#100,#101,#102),
.UNSPECIFIED.,.F.,.F.,(4,1,1,1,1,4),(0.E0,8.227161016809E-2,1.644833046070E-1,
3.280062509159E-1,6.766160489831E-1,1.E0),.UNSPECIFIED.);
#108=CIRCLE('',#107,7.998334029458E-2);
#119=B_SPLINE_CURVE_WITH_KNOTS('',3,(#113,#114,#115,#116,#117,#118),
.UNSPECIFIED.,.F.,.F.,(4,1,1,4),(0.E0,3.291159894271E-1,6.708868746743E-1,1.E0),
.UNSPECIFIED.);
#129=B_SPLINE_CURVE_WITH_KNOTS('',3,(#120,#121,#122,#123,#124,#125,#126,#127,
#128),.UNSPECIFIED.,.F.,.F.,(4,1,1,1,1,1,4),(0.E0,3.301833319462E-1,
6.739703701559E-1,8.365073534044E-1,9.182238594794E-1,9.591074467823E-1,1.E0),
.UNSPECIFIED.);
#138=B_SPLINE_CURVE_WITH_KNOTS('',3,(#130,#131,#132,#133,#134,#135,#136,#137),
.UNSPECIFIED.,.F.,.F.,(4,1,1,1,1,4),(0.E0,8.226482092360E-2,1.644697500308E-1,
3.279791253375E-1,6.765886013177E-1,1.E0),.UNSPECIFIED.);
#150=B_SPLINE_CURVE_WITH_KNOTS('',3,(#139,#140,#141,#142,#143,#144,#145,#146,
#147,#148,#149),.UNSPECIFIED.,.F.,.F.,(4,1,1,1,1,1,1,1,4),(0.E0,
1.640544966009E-1,3.191920919345E-1,4.063459321531E-1,4.927351266116E-1,
5.817095470323E-1,6.714729321918E-1,8.327428559997E-1,1.E0),.UNSPECIFIED.);
#159=B_SPLINE_CURVE_WITH_KNOTS('',3,(#151,#152,#153,#154,#155,#156,#157,#158),
.UNSPECIFIED.,.F.,.F.,(4,1,1,1,1,4),(0.E0,3.232302419997E-1,6.718376820765E-1,
8.354378899048E-1,9.176889401527E-1,1.E0),.UNSPECIFIED.);
#168=B_SPLINE_CURVE_WITH_KNOTS('',3,(#160,#161,#162,#163,#164,#165,#166,#167),
.UNSPECIFIED.,.F.,.F.,(4,1,1,1,1,4),(0.E0,8.226483251818E-2,1.644697631801E-1,
3.279791419763E-1,6.765886240100E-1,1.E0),.UNSPECIFIED.);
#175=B_SPLINE_CURVE_WITH_KNOTS('',3,(#169,#170,#171,#172,#173,#174),
.UNSPECIFIED.,.F.,.F.,(4,1,1,4),(0.E0,3.275894843536E-1,6.691997951828E-1,1.E0),
.UNSPECIFIED.);
#184=CIRCLE('',#183,7.998347651673E-2);
#193=B_SPLINE_CURVE_WITH_KNOTS('',3,(#185,#186,#187,#188,#189,#190,#191,#192),
.UNSPECIFIED.,.F.,.F.,(4,1,1,1,1,4),(0.E0,8.227495116336E-2,1.644900113620E-1,
3.280197101041E-1,6.766298300035E-1,1.E0),.UNSPECIFIED.);
#202=B_SPLINE_CURVE_WITH_KNOTS('',3,(#194,#195,#196,#197,#198,#199,#200,#201),
.UNSPECIFIED.,.F.,.F.,(4,1,1,1,1,4),(0.E0,3.232031614460E-1,6.718102220030E-1,
8.354241831463E-1,9.176820903562E-1,1.E0),.UNSPECIFIED.);
#211=B_SPLINE_CURVE_WITH_KNOTS('',3,(#203,#204,#205,#206,#207,#208,#209,#210),
.UNSPECIFIED.,.F.,.F.,(4,1,1,1,1,4),(0.E0,8.227159155947E-2,1.644832889467E-1,
3.280062411029E-1,6.766160514594E-1,1.E0),.UNSPECIFIED.);
#223=B_SPLINE_CURVE_WITH_KNOTS('',3,(#212,#213,#214,#215,#216,#217,#218,#219,
#220,#221,#222),.UNSPECIFIED.,.F.,.F.,(4,1,1,1,1,1,1,1,4),(0.E0,
1.640524262193E-1,3.191874888751E-1,4.063399049447E-1,4.927277050887E-1,
5.817038829460E-1,6.714689900640E-1,8.327437438230E-1,1.E0),.UNSPECIFIED.);
#232=B_SPLINE_CURVE_WITH_KNOTS('',3,(#224,#225,#226,#227,#228,#229,#230,#231),
.UNSPECIFIED.,.F.,.F.,(4,1,1,1,1,4),(0.E0,3.232167820736E-1,6.718238788971E-1,
8.354309924683E-1,9.176854854186E-1,1.E0),.UNSPECIFIED.);
#241=B_SPLINE_CURVE_WITH_KNOTS('',3,(#233,#234,#235,#236,#237,#238,#239,#240),
.UNSPECIFIED.,.F.,.F.,(4,1,1,1,1,4),(0.E0,8.227159129067E-2,1.644832884154E-1,
3.280062400430E-1,6.766160486277E-1,1.E0),.UNSPECIFIED.);
#250=B_SPLINE_CURVE_WITH_KNOTS('',3,(#242,#243,#244,#245,#246,#247,#248,#249),
.UNSPECIFIED.,.F.,.F.,(4,1,1,1,1,4),(0.E0,3.232167799993E-1,6.718238863386E-1,
8.354310042535E-1,9.176854993922E-1,1.E0),.UNSPECIFIED.);
#259=B_SPLINE_CURVE_WITH_KNOTS('',3,(#251,#252,#253,#254,#255,#256,#257,#258),
.UNSPECIFIED.,.F.,.F.,(4,1,1,1,1,4),(0.E0,8.227495119686E-2,1.644900114052E-1,
3.280197101824E-1,6.766298300375E-1,1.E0),.UNSPECIFIED.);
#271=B_SPLINE_CURVE_WITH_KNOTS('',3,(#260,#261,#262,#263,#264,#265,#266,#267,
#268,#269,#270),.UNSPECIFIED.,.F.,.F.,(4,1,1,1,1,1,1,1,4),(0.E0,
1.640545992659E-1,3.191928815755E-1,4.063467720374E-1,4.927361754552E-1,
5.817105137422E-1,6.714736344561E-1,8.327431631984E-1,1.E0),.UNSPECIFIED.);
#280=B_SPLINE_CURVE_WITH_KNOTS('',3,(#272,#273,#274,#275,#276,#277,#278,#279),
.UNSPECIFIED.,.F.,.F.,(4,1,1,1,1,4),(0.E0,3.232031636299E-1,6.718102147807E-1,
8.354241714761E-1,9.176820764412E-1,1.E0),.UNSPECIFIED.);
#287=B_SPLINE_CURVE_WITH_KNOTS('',3,(#281,#282,#283,#284,#285,#286),
.UNSPECIFIED.,.F.,.F.,(4,1,1,4),(0.E0,3.291391045371E-1,6.709100122189E-1,1.E0),
.UNSPECIFIED.);
#294=B_SPLINE_CURVE_WITH_KNOTS('',3,(#288,#289,#290,#291,#292,#293),
.UNSPECIFIED.,.F.,.F.,(4,1,1,4),(0.E0,3.291729145954E-1,6.709393223447E-1,1.E0),
.UNSPECIFIED.);
#306=B_SPLINE_CURVE_WITH_KNOTS('',3,(#299,#300,#301,#302,#303,#304,#305),
.UNSPECIFIED.,.F.,.F.,(4,1,1,1,4),(0.E0,3.324651461806E-1,6.676624702643E-1,
8.338248367198E-1,1.E0),.UNSPECIFIED.);
#314=B_SPLINE_CURVE_WITH_KNOTS('',3,(#307,#308,#309,#310,#311,#312,#313),
.UNSPECIFIED.,.F.,.F.,(4,1,1,1,4),(0.E0,1.662025660036E-1,3.323926059432E-1,
6.675905900399E-1,1.E0),.UNSPECIFIED.);
#325=B_SPLINE_CURVE_WITH_KNOTS('',3,(#319,#320,#321,#322,#323,#324),
.UNSPECIFIED.,.F.,.F.,(4,1,1,4),(0.E0,3.284348047519E-1,6.705252432242E-1,1.E0),
.UNSPECIFIED.);
#334=B_SPLINE_CURVE_WITH_KNOTS('',3,(#326,#327,#328,#329,#330,#331,#332,#333),
.UNSPECIFIED.,.F.,.F.,(4,1,1,1,1,4),(0.E0,3.232167229326E-1,6.718239054733E-1,
8.354310154842E-1,9.176855065436E-1,1.E0),.UNSPECIFIED.);
#343=B_SPLINE_CURVE_WITH_KNOTS('',3,(#335,#336,#337,#338,#339,#340,#341,#342),
.UNSPECIFIED.,.F.,.F.,(4,1,1,1,1,4),(0.E0,8.226847305859E-2,1.644770327332E-1,
3.279937441089E-1,6.765903698798E-1,1.E0),.UNSPECIFIED.);
#348=CIRCLE('',#347,7.999290916452E-2);
#356=B_SPLINE_CURVE_WITH_KNOTS('',3,(#349,#350,#351,#352,#353,#354,#355),
.UNSPECIFIED.,.F.,.F.,(4,1,1,1,4),(0.E0,1.663352266264E-1,3.326411786941E-1,
6.678262887647E-1,1.E0),.UNSPECIFIED.);
#367=B_SPLINE_CURVE_WITH_KNOTS('',3,(#361,#362,#363,#364,#365,#366),
.UNSPECIFIED.,.F.,.F.,(4,1,1,4),(0.E0,3.290975708116E-1,6.709024622024E-1,1.E0),
.UNSPECIFIED.);
#375=B_SPLINE_CURVE_WITH_KNOTS('',3,(#368,#369,#370,#371,#372,#373,#374),
.UNSPECIFIED.,.F.,.F.,(4,1,1,1,4),(0.E0,3.270457914515E-1,6.558342853696E-1,
8.278995072433E-1,1.E0),.UNSPECIFIED.);
#386=B_SPLINE_CURVE_WITH_KNOTS('',3,(#380,#381,#382,#383,#384,#385),
.UNSPECIFIED.,.F.,.F.,(4,1,1,4),(0.E0,3.291143628463E-1,6.708857619813E-1,1.E0),
.UNSPECIFIED.);
#393=B_SPLINE_CURVE_WITH_KNOTS('',3,(#387,#388,#389,#390,#391,#392),
.UNSPECIFIED.,.F.,.F.,(4,1,1,4),(0.E0,3.291143494906E-1,6.708857428427E-1,1.E0),
.UNSPECIFIED.);
#405=B_SPLINE_CURVE_WITH_KNOTS('',3,(#398,#399,#400,#401,#402,#403,#404),
.UNSPECIFIED.,.F.,.F.,(4,1,1,1,4),(0.E0,1.650360551091E-1,3.300174443635E-1,
6.589732831333E-1,1.E0),.UNSPECIFIED.);
#412=B_SPLINE_CURVE_WITH_KNOTS('',3,(#406,#407,#408,#409,#410,#411),
.UNSPECIFIED.,.F.,.F.,(4,1,1,4),(0.E0,3.290976093113E-1,6.709024842571E-1,1.E0),
.UNSPECIFIED.);
#424=B_SPLINE_CURVE_WITH_KNOTS('',3,(#417,#418,#419,#420,#421,#422,#423),
.UNSPECIFIED.,.F.,.F.,(4,1,1,1,4),(0.E0,2.311759792656E-1,5.008022646818E-1,
7.700132067551E-1,1.E0),.UNSPECIFIED.);
#435=B_SPLINE_CURVE_WITH_KNOTS('',3,(#429,#430,#431,#432,#433,#434),
.UNSPECIFIED.,.F.,.F.,(4,1,1,4),(0.E0,3.283628363977E-1,6.704606015251E-1,1.E0),
.UNSPECIFIED.);
#444=B_SPLINE_CURVE_WITH_KNOTS('',3,(#436,#437,#438,#439,#440,#441,#442,#443),
.UNSPECIFIED.,.F.,.F.,(4,1,1,1,1,4),(0.E0,3.232167367881E-1,6.718239189537E-1,
8.354310214406E-1,9.176855087129E-1,1.E0),.UNSPECIFIED.);
#453=B_SPLINE_CURVE_WITH_KNOTS('',3,(#445,#446,#447,#448,#449,#450,#451,#452),
.UNSPECIFIED.,.F.,.F.,(4,1,1,1,1,4),(0.E0,8.227157846405E-2,1.644832647126E-1,
3.280061950005E-1,6.766160794722E-1,1.E0),.UNSPECIFIED.);
#465=B_SPLINE_CURVE_WITH_KNOTS('',3,(#454,#455,#456,#457,#458,#459,#460,#461,
#462,#463,#464),.UNSPECIFIED.,.F.,.F.,(4,1,1,1,1,1,1,1,4),(0.E0,
1.640521833957E-1,3.191878700731E-1,4.063403931225E-1,4.927283893192E-1,
5.817045526571E-1,6.714695430918E-1,8.327442671159E-1,1.E0),.UNSPECIFIED.);
#474=B_SPLINE_CURVE_WITH_KNOTS('',3,(#466,#467,#468,#469,#470,#471,#472,#473),
.UNSPECIFIED.,.F.,.F.,(4,1,1,1,1,4),(0.E0,3.232167350275E-1,6.718239090448E-1,
8.354310076709E-1,9.176854930214E-1,1.E0),.UNSPECIFIED.);
#483=B_SPLINE_CURVE_WITH_KNOTS('',3,(#475,#476,#477,#478,#479,#480,#481,#482),
.UNSPECIFIED.,.F.,.F.,(4,1,1,1,1,4),(0.E0,8.227158609181E-2,1.644832715887E-1,
3.280062003678E-1,6.766160803859E-1,1.E0),.UNSPECIFIED.);
#490=B_SPLINE_CURVE_WITH_KNOTS('',3,(#484,#485,#486,#487,#488,#489),
.UNSPECIFIED.,.F.,.F.,(4,1,1,4),(0.E0,3.281265639306E-1,6.698062241166E-1,1.E0),
.UNSPECIFIED.);
#498=B_SPLINE_CURVE_WITH_KNOTS('',3,(#491,#492,#493,#494,#495,#496,#497),
.UNSPECIFIED.,.F.,.F.,(4,1,1,1,4),(0.E0,3.331833110745E-1,6.685089748067E-1,
8.342412362244E-1,1.E0),.UNSPECIFIED.);
#506=B_SPLINE_CURVE_WITH_KNOTS('',3,(#499,#500,#501,#502,#503,#504,#505),
.UNSPECIFIED.,.F.,.F.,(4,1,1,1,4),(0.E0,1.663622455902E-1,3.327123444501E-1,
6.679113295087E-1,1.E0),.UNSPECIFIED.);
#519=B_SPLINE_CURVE_WITH_KNOTS('',3,(#511,#512,#513,#514,#515,#516,#517,#518),
.UNSPECIFIED.,.F.,.F.,(4,1,1,1,1,4),(0.E0,8.226481372402E-2,1.644697451441E-1,
3.279791250465E-1,6.765886078471E-1,1.E0),.UNSPECIFIED.);
#528=B_SPLINE_CURVE_WITH_KNOTS('',3,(#520,#521,#522,#523,#524,#525,#526,#527),
.UNSPECIFIED.,.F.,.F.,(4,1,1,1,1,4),(0.E0,3.232163918173E-1,6.718234992624E-1,
8.354308175889E-1,9.176854128960E-1,1.E0),.UNSPECIFIED.);
#537=B_SPLINE_CURVE_WITH_KNOTS('',3,(#529,#530,#531,#532,#533,#534,#535,#536),
.UNSPECIFIED.,.F.,.F.,(4,1,1,1,1,4),(0.E0,8.227490219318E-2,1.644899314081E-1,
3.280195668841E-1,6.766297010037E-1,1.E0),.UNSPECIFIED.);
#548=B_SPLINE_CURVE_WITH_KNOTS('',3,(#538,#539,#540,#541,#542,#543,#544,#545,
#546,#547),.UNSPECIFIED.,.F.,.F.,(4,1,1,1,1,1,1,4),(0.E0,2.077369812785E-1,
4.109295451068E-1,5.097540183292E-1,5.591255594714E-1,6.084978904266E-1,
7.956348867384E-1,1.E0),.UNSPECIFIED.);
#561=B_SPLINE_CURVE_WITH_KNOTS('',3,(#553,#554,#555,#556,#557,#558,#559,#560),
.UNSPECIFIED.,.F.,.F.,(4,1,1,1,1,4),(0.E0,3.247781546460E-1,6.718086758636E-1,
8.355908104006E-1,9.177636919460E-1,1.E0),.UNSPECIFIED.);
#570=B_SPLINE_CURVE_WITH_KNOTS('',3,(#562,#563,#564,#565,#566,#567,#568,#569),
.UNSPECIFIED.,.F.,.F.,(4,1,1,1,1,4),(0.E0,8.219429895998E-2,1.643283666542E-1,
3.276906248369E-1,6.768831937596E-1,1.E0),.UNSPECIFIED.);
#579=B_SPLINE_CURVE_WITH_KNOTS('',3,(#571,#572,#573,#574,#575,#576,#577,#578),
.UNSPECIFIED.,.F.,.F.,(4,1,1,1,1,4),(0.E0,3.232438455454E-1,6.718513369691E-1,
8.354447099747E-1,9.176923511851E-1,1.E0),.UNSPECIFIED.);
#588=B_SPLINE_CURVE_WITH_KNOTS('',3,(#580,#581,#582,#583,#584,#585,#586,#587),
.UNSPECIFIED.,.F.,.F.,(4,1,1,1,1,4),(0.E0,8.226815472593E-2,1.644764505312E-1,
3.279925801074E-1,6.766023837973E-1,1.E0),.UNSPECIFIED.);
#598=B_SPLINE_CURVE_WITH_KNOTS('',3,(#589,#590,#591,#592,#593,#594,#595,#596,
#597),.UNSPECIFIED.,.F.,.F.,(4,1,1,1,1,1,4),(0.E0,2.138226406614E-1,
4.113861363103E-1,5.081168709564E-1,6.047980991540E-1,7.978670163688E-1,1.E0),
.UNSPECIFIED.);
#607=B_SPLINE_CURVE_WITH_KNOTS('',3,(#599,#600,#601,#602,#603,#604,#605,#606),
.UNSPECIFIED.,.F.,.F.,(4,1,1,1,1,4),(0.E0,3.279888511760E-1,6.722494260821E-1,
8.358010646850E-1,9.178674147888E-1,1.E0),.UNSPECIFIED.);
#615=B_SPLINE_CURVE_WITH_KNOTS('',3,(#608,#609,#610,#611,#612,#613,#614),
.UNSPECIFIED.,.F.,.F.,(4,1,1,1,4),(0.E0,1.650360630497E-1,3.300174506952E-1,
6.589732854468E-1,1.E0),.UNSPECIFIED.);
#622=B_SPLINE_CURVE_WITH_KNOTS('',3,(#616,#617,#618,#619,#620,#621),
.UNSPECIFIED.,.F.,.F.,(4,1,1,4),(0.E0,3.290976082798E-1,6.709024811198E-1,1.E0),
.UNSPECIFIED.);
#634=B_SPLINE_CURVE_WITH_KNOTS('',3,(#627,#628,#629,#630,#631,#632,#633),
.UNSPECIFIED.,.F.,.F.,(4,1,1,1,4),(0.E0,2.311759700910E-1,5.008022525720E-1,
7.700131936195E-1,1.E0),.UNSPECIFIED.);
#645=B_SPLINE_CURVE_WITH_KNOTS('',3,(#639,#640,#641,#642,#643,#644),
.UNSPECIFIED.,.F.,.F.,(4,1,1,4),(0.E0,3.290975608559E-1,6.709024590375E-1,1.E0),
.UNSPECIFIED.);
#653=B_SPLINE_CURVE_WITH_KNOTS('',3,(#646,#647,#648,#649,#650,#651,#652),
.UNSPECIFIED.,.F.,.F.,(4,1,1,1,4),(0.E0,3.270457889906E-1,6.558342797525E-1,
8.278995009950E-1,1.E0),.UNSPECIFIED.);
#664=B_SPLINE_CURVE_WITH_KNOTS('',3,(#658,#659,#660,#661,#662,#663),
.UNSPECIFIED.,.F.,.F.,(4,1,1,4),(0.E0,3.291143548494E-1,6.708857567918E-1,1.E0),
.UNSPECIFIED.);
#671=B_SPLINE_CURVE_WITH_KNOTS('',3,(#665,#666,#667,#668,#669,#670),
.UNSPECIFIED.,.F.,.F.,(4,1,1,4),(0.E0,3.291143444760E-1,6.708857506353E-1,1.E0),
.UNSPECIFIED.);
#684=CIRCLE('',#683,4.E-1);
#689=CIRCLE('',#688,4.E-1);
#698=CIRCLE('',#697,4.E-1);
#703=CIRCLE('',#702,4.E-1);
#712=CIRCLE('',#711,4.E-1);
#717=CIRCLE('',#716,4.E-1);
#726=CIRCLE('',#725,4.E-1);
#731=CIRCLE('',#730,4.E-1);
#740=CIRCLE('',#739,4.E-1);
#745=CIRCLE('',#744,4.E-1);
#754=CIRCLE('',#753,4.E-1);
#759=CIRCLE('',#758,4.E-1);
#768=CIRCLE('',#767,4.E-1);
#773=CIRCLE('',#772,4.E-1);
#782=CIRCLE('',#781,4.E-1);
#787=CIRCLE('',#786,4.E-1);
#796=CIRCLE('',#795,4.E-1);
#801=CIRCLE('',#800,4.E-1);
#810=CIRCLE('',#809,4.E-1);
#815=CIRCLE('',#814,4.E-1);
#824=CIRCLE('',#823,4.E-1);
#829=CIRCLE('',#828,4.E-1);
#838=CIRCLE('',#837,4.E-1);
#843=CIRCLE('',#842,4.E-1);
#864=CIRCLE('',#863,2.55E0);
#869=CIRCLE('',#868,2.55E0);
#874=CIRCLE('',#873,2.55E0);
#879=CIRCLE('',#878,2.55E0);
#884=CIRCLE('',#883,2.55E0);
#889=CIRCLE('',#888,2.55E0);
#894=CIRCLE('',#893,2.55E0);
#899=CIRCLE('',#898,2.55E0);
#904=CIRCLE('',#903,2.55E0);
#909=CIRCLE('',#908,2.55E0);
#914=CIRCLE('',#913,2.55E0);
#919=CIRCLE('',#918,2.55E0);
#924=CIRCLE('',#923,2.55E0);
#929=CIRCLE('',#928,2.55E0);
#934=CIRCLE('',#933,2.55E0);
#939=CIRCLE('',#938,2.55E0);
#944=CIRCLE('',#943,2.55E0);
#949=CIRCLE('',#948,2.55E0);
#954=CIRCLE('',#953,2.55E0);
#959=CIRCLE('',#958,2.55E0);
#964=CIRCLE('',#963,2.55E0);
#969=CIRCLE('',#968,2.55E0);
#974=CIRCLE('',#973,2.55E0);
#979=CIRCLE('',#978,2.55E0);
#984=CIRCLE('',#983,2.55E0);
#989=CIRCLE('',#988,2.55E0);
#994=CIRCLE('',#993,2.55E0);
#999=CIRCLE('',#998,2.55E0);
#1004=CIRCLE('',#1003,2.55E0);
#1009=CIRCLE('',#1008,2.55E0);
#1014=CIRCLE('',#1013,2.55E0);
#1019=CIRCLE('',#1018,2.55E0);
#1024=CIRCLE('',#1023,2.55E0);
#1029=CIRCLE('',#1028,2.55E0);
#1034=CIRCLE('',#1033,2.55E0);
#1039=CIRCLE('',#1038,2.55E0);
#1044=CIRCLE('',#1043,2.55E0);
#1049=CIRCLE('',#1048,2.55E0);
#1054=CIRCLE('',#1053,2.55E0);
#1059=CIRCLE('',#1058,2.55E0);
#1064=CIRCLE('',#1063,2.55E0);
#1069=CIRCLE('',#1068,2.55E0);
#1074=CIRCLE('',#1073,2.55E0);
#1079=CIRCLE('',#1078,2.55E0);
#1084=CIRCLE('',#1083,2.55E0);
#1089=CIRCLE('',#1088,2.55E0);
#1094=CIRCLE('',#1093,2.55E0);
#1099=CIRCLE('',#1098,2.55E0);
#1104=CIRCLE('',#1103,2.55E0);
#1109=CIRCLE('',#1108,2.55E0);
#1114=CIRCLE('',#1113,2.55E0);
#1119=CIRCLE('',#1118,2.55E0);
#1124=CIRCLE('',#1123,2.55E0);
#1129=CIRCLE('',#1128,2.55E0);
#1134=CIRCLE('',#1133,2.55E0);
#1139=CIRCLE('',#1138,2.55E0);
#1144=CIRCLE('',#1143,2.55E0);
#1149=CIRCLE('',#1148,2.55E0);
#1154=CIRCLE('',#1153,2.55E0);
#1159=CIRCLE('',#1158,2.55E0);
#1164=CIRCLE('',#1163,2.55E0);
#1169=CIRCLE('',#1168,2.55E0);
#1174=CIRCLE('',#1173,2.55E0);
#1179=CIRCLE('',#1178,2.55E0);
#1184=CIRCLE('',#1183,2.55E0);
#1189=CIRCLE('',#1188,2.55E0);
#1194=CIRCLE('',#1193,2.55E0);
#1199=CIRCLE('',#1198,2.55E0);
#1204=CIRCLE('',#1203,2.55E0);
#1209=CIRCLE('',#1208,2.55E0);
#1214=CIRCLE('',#1213,2.55E0);
#1219=CIRCLE('',#1218,2.55E0);
#1224=CIRCLE('',#1223,2.55E0);
#1229=CIRCLE('',#1228,2.55E0);
#1234=CIRCLE('',#1233,2.55E0);
#1239=CIRCLE('',#1238,2.55E0);
#1244=CIRCLE('',#1243,2.55E0);
#1249=CIRCLE('',#1248,2.55E0);
#1254=CIRCLE('',#1253,2.55E0);
#1259=CIRCLE('',#1258,2.55E0);
#1264=CIRCLE('',#1263,2.55E0);
#1269=CIRCLE('',#1268,2.55E0);
#1274=CIRCLE('',#1273,2.55E0);
#1279=CIRCLE('',#1278,2.55E0);
#1304=CIRCLE('',#1303,2.55E0);
#1309=CIRCLE('',#1308,2.55E0);
#1314=CIRCLE('',#1313,5.E-1);
#1319=CIRCLE('',#1318,2.55E0);
#1324=CIRCLE('',#1323,2.55E0);
#1329=CIRCLE('',#1328,5.E-1);
#1342=CIRCLE('',#1341,2.05E0);
#1347=CIRCLE('',#1346,2.05E0);
#1352=CIRCLE('',#1351,2.05E0);
#1357=CIRCLE('',#1356,2.05E0);
#1362=CIRCLE('',#1361,2.55E0);
#1367=CIRCLE('',#1366,2.55E0);
#1372=CIRCLE('',#1371,5.E-1);
#1377=CIRCLE('',#1376,2.55E0);
#1382=CIRCLE('',#1381,2.55E0);
#1387=CIRCLE('',#1386,5.E-1);
#1400=CIRCLE('',#1399,2.05E0);
#1405=CIRCLE('',#1404,2.05E0);
#1410=CIRCLE('',#1409,2.05E0);
#1415=CIRCLE('',#1414,2.05E0);
#1420=CIRCLE('',#1419,2.55E0);
#1425=CIRCLE('',#1424,2.55E0);
#1430=CIRCLE('',#1429,5.E-1);
#1435=CIRCLE('',#1434,2.55E0);
#1440=CIRCLE('',#1439,2.55E0);
#1445=CIRCLE('',#1444,5.E-1);
#1458=CIRCLE('',#1457,2.05E0);
#1463=CIRCLE('',#1462,2.05E0);
#1468=CIRCLE('',#1467,2.05E0);
#1473=CIRCLE('',#1472,2.05E0);
#1478=CIRCLE('',#1477,2.55E0);
#1483=CIRCLE('',#1482,2.55E0);
#1488=CIRCLE('',#1487,5.E-1);
#1493=CIRCLE('',#1492,2.55E0);
#1498=CIRCLE('',#1497,2.55E0);
#1503=CIRCLE('',#1502,5.E-1);
#1516=CIRCLE('',#1515,2.05E0);
#1521=CIRCLE('',#1520,2.05E0);
#1526=CIRCLE('',#1525,2.05E0);
#1531=CIRCLE('',#1530,2.05E0);
#1536=CIRCLE('',#1535,2.55E0);
#1541=CIRCLE('',#1540,2.55E0);
#1546=CIRCLE('',#1545,5.E-1);
#1551=CIRCLE('',#1550,2.55E0);
#1556=CIRCLE('',#1555,2.55E0);
#1561=CIRCLE('',#1560,5.E-1);
#1574=CIRCLE('',#1573,2.05E0);
#1579=CIRCLE('',#1578,2.05E0);
#1584=CIRCLE('',#1583,2.05E0);
#1589=CIRCLE('',#1588,2.05E0);
#1594=CIRCLE('',#1593,2.55E0);
#1599=CIRCLE('',#1598,2.55E0);
#1604=CIRCLE('',#1603,5.E-1);
#1609=CIRCLE('',#1608,2.55E0);
#1614=CIRCLE('',#1613,2.55E0);
#1619=CIRCLE('',#1618,5.E-1);
#1632=CIRCLE('',#1631,2.05E0);
#1637=CIRCLE('',#1636,2.05E0);
#1642=CIRCLE('',#1641,2.05E0);
#1647=CIRCLE('',#1646,2.05E0);
#1652=CIRCLE('',#1651,2.55E0);
#1657=CIRCLE('',#1656,2.55E0);
#1662=CIRCLE('',#1661,5.E-1);
#1667=CIRCLE('',#1666,2.55E0);
#1672=CIRCLE('',#1671,2.55E0);
#1677=CIRCLE('',#1676,5.E-1);
#1690=CIRCLE('',#1689,2.05E0);
#1695=CIRCLE('',#1694,2.05E0);
#1700=CIRCLE('',#1699,2.05E0);
#1705=CIRCLE('',#1704,2.05E0);
#1710=CIRCLE('',#1709,2.55E0);
#1715=CIRCLE('',#1714,2.55E0);
#1720=CIRCLE('',#1719,5.E-1);
#1725=CIRCLE('',#1724,2.55E0);
#1730=CIRCLE('',#1729,2.55E0);
#1735=CIRCLE('',#1734,5.E-1);
#1748=CIRCLE('',#1747,2.05E0);
#1753=CIRCLE('',#1752,2.05E0);
#1758=CIRCLE('',#1757,2.05E0);
#1763=CIRCLE('',#1762,2.05E0);
#1768=CIRCLE('',#1767,2.55E0);
#1773=CIRCLE('',#1772,2.55E0);
#1778=CIRCLE('',#1777,5.E-1);
#1783=CIRCLE('',#1782,2.55E0);
#1788=CIRCLE('',#1787,2.55E0);
#1793=CIRCLE('',#1792,5.E-1);
#1806=CIRCLE('',#1805,2.05E0);
#1811=CIRCLE('',#1810,2.05E0);
#1816=CIRCLE('',#1815,2.05E0);
#1821=CIRCLE('',#1820,2.05E0);
#1826=CIRCLE('',#1825,2.55E0);
#1831=CIRCLE('',#1830,2.55E0);
#1836=CIRCLE('',#1835,5.E-1);
#1841=CIRCLE('',#1840,2.55E0);
#1846=CIRCLE('',#1845,2.55E0);
#1851=CIRCLE('',#1850,5.E-1);
#1864=CIRCLE('',#1863,2.05E0);
#1869=CIRCLE('',#1868,2.05E0);
#1874=CIRCLE('',#1873,2.05E0);
#1879=CIRCLE('',#1878,2.05E0);
#1884=CIRCLE('',#1883,2.55E0);
#1889=CIRCLE('',#1888,2.55E0);
#1894=CIRCLE('',#1893,5.E-1);
#1899=CIRCLE('',#1898,2.55E0);
#1904=CIRCLE('',#1903,2.55E0);
#1909=CIRCLE('',#1908,5.E-1);
#1922=CIRCLE('',#1921,2.05E0);
#1927=CIRCLE('',#1926,2.05E0);
#1932=CIRCLE('',#1931,2.05E0);
#1937=CIRCLE('',#1936,2.05E0);
#1942=CIRCLE('',#1941,2.55E0);
#1947=CIRCLE('',#1946,2.55E0);
#1952=CIRCLE('',#1951,5.E-1);
#1957=CIRCLE('',#1956,2.55E0);
#1962=CIRCLE('',#1961,2.55E0);
#1967=CIRCLE('',#1966,5.E-1);
#1980=CIRCLE('',#1979,2.05E0);
#1985=CIRCLE('',#1984,2.05E0);
#1990=CIRCLE('',#1989,2.05E0);
#1995=CIRCLE('',#1994,2.05E0);
#2000=CIRCLE('',#1999,2.55E0);
#2005=CIRCLE('',#2004,2.55E0);
#2010=CIRCLE('',#2009,5.E-1);
#2015=CIRCLE('',#2014,2.55E0);
#2020=CIRCLE('',#2019,2.55E0);
#2025=CIRCLE('',#2024,5.E-1);
#2038=CIRCLE('',#2037,2.05E0);
#2043=CIRCLE('',#2042,2.05E0);
#2048=CIRCLE('',#2047,2.05E0);
#2053=CIRCLE('',#2052,2.05E0);
#2058=CIRCLE('',#2057,2.55E0);
#2063=CIRCLE('',#2062,2.55E0);
#2068=CIRCLE('',#2067,5.E-1);
#2073=CIRCLE('',#2072,2.55E0);
#2078=CIRCLE('',#2077,2.55E0);
#2083=CIRCLE('',#2082,5.E-1);
#2096=CIRCLE('',#2095,2.05E0);
#2101=CIRCLE('',#2100,2.05E0);
#2106=CIRCLE('',#2105,2.05E0);
#2111=CIRCLE('',#2110,2.05E0);
#2116=CIRCLE('',#2115,2.55E0);
#2121=CIRCLE('',#2120,2.55E0);
#2126=CIRCLE('',#2125,5.E-1);
#2131=CIRCLE('',#2130,2.55E0);
#2136=CIRCLE('',#2135,2.55E0);
#2141=CIRCLE('',#2140,5.E-1);
#2154=CIRCLE('',#2153,2.05E0);
#2159=CIRCLE('',#2158,2.05E0);
#2164=CIRCLE('',#2163,2.05E0);
#2169=CIRCLE('',#2168,2.05E0);
#2174=CIRCLE('',#2173,2.55E0);
#2179=CIRCLE('',#2178,2.55E0);
#2184=CIRCLE('',#2183,5.E-1);
#2189=CIRCLE('',#2188,2.55E0);
#2194=CIRCLE('',#2193,2.55E0);
#2199=CIRCLE('',#2198,5.E-1);
#2212=CIRCLE('',#2211,2.05E0);
#2217=CIRCLE('',#2216,2.05E0);
#2222=CIRCLE('',#2221,2.05E0);
#2227=CIRCLE('',#2226,2.05E0);
#2232=CIRCLE('',#2231,2.55E0);
#2237=CIRCLE('',#2236,2.55E0);
#2242=CIRCLE('',#2241,5.E-1);
#2247=CIRCLE('',#2246,2.55E0);
#2252=CIRCLE('',#2251,2.55E0);
#2257=CIRCLE('',#2256,5.E-1);
#2270=CIRCLE('',#2269,2.05E0);
#2275=CIRCLE('',#2274,2.05E0);
#2280=CIRCLE('',#2279,2.05E0);
#2285=CIRCLE('',#2284,2.05E0);
#2290=CIRCLE('',#2289,2.55E0);
#2295=CIRCLE('',#2294,2.55E0);
#2300=CIRCLE('',#2299,5.E-1);
#2305=CIRCLE('',#2304,2.55E0);
#2310=CIRCLE('',#2309,2.55E0);
#2315=CIRCLE('',#2314,5.E-1);
#2328=CIRCLE('',#2327,2.05E0);
#2333=CIRCLE('',#2332,2.05E0);
#2338=CIRCLE('',#2337,2.05E0);
#2343=CIRCLE('',#2342,2.05E0);
#2348=CIRCLE('',#2347,2.55E0);
#2353=CIRCLE('',#2352,2.55E0);
#2358=CIRCLE('',#2357,5.E-1);
#2363=CIRCLE('',#2362,2.55E0);
#2368=CIRCLE('',#2367,2.55E0);
#2373=CIRCLE('',#2372,5.E-1);
#2386=CIRCLE('',#2385,2.05E0);
#2391=CIRCLE('',#2390,2.05E0);
#2396=CIRCLE('',#2395,2.05E0);
#2401=CIRCLE('',#2400,2.05E0);
#2406=CIRCLE('',#2405,2.55E0);
#2411=CIRCLE('',#2410,2.55E0);
#2416=CIRCLE('',#2415,5.E-1);
#2421=CIRCLE('',#2420,2.55E0);
#2426=CIRCLE('',#2425,2.55E0);
#2431=CIRCLE('',#2430,5.E-1);
#2444=CIRCLE('',#2443,2.05E0);
#2449=CIRCLE('',#2448,2.05E0);
#2454=CIRCLE('',#2453,2.05E0);
#2459=CIRCLE('',#2458,2.05E0);
#2464=CIRCLE('',#2463,2.55E0);
#2469=CIRCLE('',#2468,2.55E0);
#2474=CIRCLE('',#2473,5.E-1);
#2479=CIRCLE('',#2478,2.55E0);
#2484=CIRCLE('',#2483,2.55E0);
#2489=CIRCLE('',#2488,5.E-1);
#2502=CIRCLE('',#2501,2.05E0);
#2507=CIRCLE('',#2506,2.05E0);
#2512=CIRCLE('',#2511,2.05E0);
#2517=CIRCLE('',#2516,2.05E0);
#2522=CIRCLE('',#2521,2.55E0);
#2527=CIRCLE('',#2526,2.55E0);
#2532=CIRCLE('',#2531,5.E-1);
#2537=CIRCLE('',#2536,2.55E0);
#2542=CIRCLE('',#2541,2.55E0);
#2547=CIRCLE('',#2546,5.E-1);
#2560=CIRCLE('',#2559,2.05E0);
#2565=CIRCLE('',#2564,2.05E0);
#2570=CIRCLE('',#2569,2.05E0);
#2575=CIRCLE('',#2574,2.05E0);
#2580=CIRCLE('',#2579,2.55E0);
#2585=CIRCLE('',#2584,2.55E0);
#2590=CIRCLE('',#2589,5.E-1);
#2595=CIRCLE('',#2594,2.55E0);
#2600=CIRCLE('',#2599,2.55E0);
#2605=CIRCLE('',#2604,5.E-1);
#2618=CIRCLE('',#2617,2.05E0);
#2623=CIRCLE('',#2622,2.05E0);
#2628=CIRCLE('',#2627,2.05E0);
#2633=CIRCLE('',#2632,2.05E0);
#2638=CIRCLE('',#2637,2.55E0);
#2643=CIRCLE('',#2642,2.55E0);
#2648=CIRCLE('',#2647,5.E-1);
#2653=CIRCLE('',#2652,2.55E0);
#2658=CIRCLE('',#2657,2.55E0);
#2663=CIRCLE('',#2662,5.E-1);
#2676=CIRCLE('',#2675,2.05E0);
#2681=CIRCLE('',#2680,2.05E0);
#2686=CIRCLE('',#2685,2.05E0);
#2691=CIRCLE('',#2690,2.05E0);
#2696=CIRCLE('',#2695,2.55E0);
#2701=CIRCLE('',#2700,2.55E0);
#2706=CIRCLE('',#2705,5.E-1);
#2711=CIRCLE('',#2710,2.55E0);
#2716=CIRCLE('',#2715,2.55E0);
#2721=CIRCLE('',#2720,5.E-1);
#2734=CIRCLE('',#2733,2.05E0);
#2739=CIRCLE('',#2738,2.05E0);
#2744=CIRCLE('',#2743,2.05E0);
#2749=CIRCLE('',#2748,2.05E0);
#2754=CIRCLE('',#2753,2.55E0);
#2759=CIRCLE('',#2758,2.55E0);
#2764=CIRCLE('',#2763,5.E-1);
#2769=CIRCLE('',#2768,2.55E0);
#2774=CIRCLE('',#2773,2.55E0);
#2779=CIRCLE('',#2778,5.E-1);
#2792=CIRCLE('',#2791,2.05E0);
#2797=CIRCLE('',#2796,2.05E0);
#2802=CIRCLE('',#2801,2.05E0);
#2807=CIRCLE('',#2806,2.05E0);
#2812=CIRCLE('',#2811,2.55E0);
#2817=CIRCLE('',#2816,2.55E0);
#2822=CIRCLE('',#2821,5.E-1);
#2827=CIRCLE('',#2826,2.55E0);
#2832=CIRCLE('',#2831,2.55E0);
#2837=CIRCLE('',#2836,5.E-1);
#2850=CIRCLE('',#2849,2.05E0);
#2855=CIRCLE('',#2854,2.05E0);
#2860=CIRCLE('',#2859,2.05E0);
#2865=CIRCLE('',#2864,2.05E0);
#2870=CIRCLE('',#2869,2.55E0);
#2875=CIRCLE('',#2874,2.55E0);
#2880=CIRCLE('',#2879,5.E-1);
#2885=CIRCLE('',#2884,2.55E0);
#2890=CIRCLE('',#2889,2.55E0);
#2895=CIRCLE('',#2894,5.E-1);
#2908=CIRCLE('',#2907,2.05E0);
#2913=CIRCLE('',#2912,2.05E0);
#2918=CIRCLE('',#2917,2.05E0);
#2923=CIRCLE('',#2922,2.05E0);
#2928=CIRCLE('',#2927,2.55E0);
#2933=CIRCLE('',#2932,2.55E0);
#2938=CIRCLE('',#2937,5.E-1);
#2943=CIRCLE('',#2942,2.55E0);
#2948=CIRCLE('',#2947,2.55E0);
#2953=CIRCLE('',#2952,5.E-1);
#2966=CIRCLE('',#2965,2.05E0);
#2971=CIRCLE('',#2970,2.05E0);
#2976=CIRCLE('',#2975,2.05E0);
#2981=CIRCLE('',#2980,2.05E0);
#2986=CIRCLE('',#2985,2.55E0);
#2991=CIRCLE('',#2990,2.55E0);
#2996=CIRCLE('',#2995,5.E-1);
#3001=CIRCLE('',#3000,2.55E0);
#3006=CIRCLE('',#3005,2.55E0);
#3011=CIRCLE('',#3010,5.E-1);
#3024=CIRCLE('',#3023,2.05E0);
#3029=CIRCLE('',#3028,2.05E0);
#3034=CIRCLE('',#3033,2.05E0);
#3039=CIRCLE('',#3038,2.05E0);
#3044=CIRCLE('',#3043,2.55E0);
#3049=CIRCLE('',#3048,2.55E0);
#3054=CIRCLE('',#3053,5.E-1);
#3059=CIRCLE('',#3058,2.55E0);
#3064=CIRCLE('',#3063,2.55E0);
#3069=CIRCLE('',#3068,5.E-1);
#3082=CIRCLE('',#3081,2.05E0);
#3087=CIRCLE('',#3086,2.05E0);
#3092=CIRCLE('',#3091,2.05E0);
#3097=CIRCLE('',#3096,2.05E0);
#3102=CIRCLE('',#3101,2.55E0);
#3107=CIRCLE('',#3106,2.55E0);
#3112=CIRCLE('',#3111,5.E-1);
#3117=CIRCLE('',#3116,2.55E0);
#3122=CIRCLE('',#3121,2.55E0);
#3127=CIRCLE('',#3126,5.E-1);
#3140=CIRCLE('',#3139,2.05E0);
#3145=CIRCLE('',#3144,2.05E0);
#3150=CIRCLE('',#3149,2.05E0);
#3155=CIRCLE('',#3154,2.05E0);
#3160=CIRCLE('',#3159,2.55E0);
#3165=CIRCLE('',#3164,2.55E0);
#3170=CIRCLE('',#3169,5.E-1);
#3175=CIRCLE('',#3174,2.55E0);
#3180=CIRCLE('',#3179,2.55E0);
#3185=CIRCLE('',#3184,5.E-1);
#3198=CIRCLE('',#3197,2.05E0);
#3203=CIRCLE('',#3202,2.05E0);
#3208=CIRCLE('',#3207,2.05E0);
#3213=CIRCLE('',#3212,2.05E0);
#3218=CIRCLE('',#3217,2.55E0);
#3223=CIRCLE('',#3222,2.55E0);
#3228=CIRCLE('',#3227,5.E-1);
#3233=CIRCLE('',#3232,2.55E0);
#3238=CIRCLE('',#3237,2.55E0);
#3243=CIRCLE('',#3242,5.E-1);
#3256=CIRCLE('',#3255,2.05E0);
#3261=CIRCLE('',#3260,2.05E0);
#3266=CIRCLE('',#3265,2.05E0);
#3271=CIRCLE('',#3270,2.05E0);
#3276=CIRCLE('',#3275,2.55E0);
#3281=CIRCLE('',#3280,2.55E0);
#3286=CIRCLE('',#3285,5.E-1);
#3291=CIRCLE('',#3290,2.55E0);
#3296=CIRCLE('',#3295,2.55E0);
#3301=CIRCLE('',#3300,5.E-1);
#3314=CIRCLE('',#3313,2.05E0);
#3319=CIRCLE('',#3318,2.05E0);
#3324=CIRCLE('',#3323,2.05E0);
#3329=CIRCLE('',#3328,2.05E0);
#3334=CIRCLE('',#3333,2.55E0);
#3339=CIRCLE('',#3338,2.55E0);
#3344=CIRCLE('',#3343,5.E-1);
#3349=CIRCLE('',#3348,2.55E0);
#3354=CIRCLE('',#3353,2.55E0);
#3359=CIRCLE('',#3358,5.E-1);
#3372=CIRCLE('',#3371,2.05E0);
#3377=CIRCLE('',#3376,2.05E0);
#3382=CIRCLE('',#3381,2.05E0);
#3387=CIRCLE('',#3386,2.05E0);
#3392=CIRCLE('',#3391,2.55E0);
#3397=CIRCLE('',#3396,2.55E0);
#3402=CIRCLE('',#3401,5.E-1);
#3407=CIRCLE('',#3406,2.55E0);
#3412=CIRCLE('',#3411,2.55E0);
#3417=CIRCLE('',#3416,5.E-1);
#3430=CIRCLE('',#3429,2.05E0);
#3435=CIRCLE('',#3434,2.05E0);
#3440=CIRCLE('',#3439,2.05E0);
#3445=CIRCLE('',#3444,2.05E0);
#3450=CIRCLE('',#3449,2.55E0);
#3455=CIRCLE('',#3454,2.55E0);
#3460=CIRCLE('',#3459,5.E-1);
#3465=CIRCLE('',#3464,2.55E0);
#3470=CIRCLE('',#3469,2.55E0);
#3475=CIRCLE('',#3474,5.E-1);
#3488=CIRCLE('',#3487,2.05E0);
#3493=CIRCLE('',#3492,2.05E0);
#3498=CIRCLE('',#3497,2.05E0);
#3503=CIRCLE('',#3502,2.05E0);
#3508=CIRCLE('',#3507,2.55E0);
#3513=CIRCLE('',#3512,2.55E0);
#3518=CIRCLE('',#3517,5.E-1);
#3523=CIRCLE('',#3522,2.55E0);
#3528=CIRCLE('',#3527,2.55E0);
#3533=CIRCLE('',#3532,5.E-1);
#3546=CIRCLE('',#3545,2.05E0);
#3551=CIRCLE('',#3550,2.05E0);
#3556=CIRCLE('',#3555,2.05E0);
#3561=CIRCLE('',#3560,2.05E0);
#3566=CIRCLE('',#3565,2.55E0);
#3571=CIRCLE('',#3570,2.55E0);
#3576=CIRCLE('',#3575,5.E-1);
#3581=CIRCLE('',#3580,2.55E0);
#3586=CIRCLE('',#3585,2.55E0);
#3591=CIRCLE('',#3590,5.E-1);
#3604=CIRCLE('',#3603,2.05E0);
#3609=CIRCLE('',#3608,2.05E0);
#3614=CIRCLE('',#3613,2.05E0);
#3619=CIRCLE('',#3618,2.05E0);
#3624=CIRCLE('',#3623,2.55E0);
#3629=CIRCLE('',#3628,2.55E0);
#3634=CIRCLE('',#3633,5.E-1);
#3639=CIRCLE('',#3638,2.55E0);
#3644=CIRCLE('',#3643,2.55E0);
#3649=CIRCLE('',#3648,5.E-1);
#3662=CIRCLE('',#3661,2.05E0);
#3667=CIRCLE('',#3666,2.05E0);
#3672=CIRCLE('',#3671,2.05E0);
#3677=CIRCLE('',#3676,2.05E0);
#3682=CIRCLE('',#3681,2.55E0);
#3687=CIRCLE('',#3686,2.55E0);
#3692=CIRCLE('',#3691,5.E-1);
#3697=CIRCLE('',#3696,2.05E0);
#3702=CIRCLE('',#3701,2.05E0);
#3707=CIRCLE('',#3706,2.05E0);
#3712=CIRCLE('',#3711,2.05E0);
#3717=CIRCLE('',#3716,2.55E0);
#3722=CIRCLE('',#3721,2.55E0);
#3727=CIRCLE('',#3726,5.E-1);
#3757=B_SPLINE_CURVE_WITH_KNOTS('',3,(#3748,#3749,#3750,#3751,#3752,#3753,#3754,
#3755,#3756),.UNSPECIFIED.,.F.,.F.,(4,1,1,1,1,1,4),(0.E0,8.231451099725E-2,
1.645690032378E-1,3.281761153799E-1,5.024796624584E-1,6.767832095370E-1,1.E0),
.UNSPECIFIED.);
#3766=CIRCLE('',#3765,7.998347651673E-2);
#3777=B_SPLINE_CURVE_WITH_KNOTS('',3,(#3771,#3772,#3773,#3774,#3775,#3776),
.UNSPECIFIED.,.F.,.F.,(4,1,1,4),(0.E0,3.308002048172E-1,6.724105156464E-1,1.E0),
.UNSPECIFIED.);
#3790=B_SPLINE_CURVE_WITH_KNOTS('',3,(#3782,#3783,#3784,#3785,#3786,#3787,#3788,
#3789),.UNSPECIFIED.,.F.,.F.,(4,1,1,1,1,4),(0.E0,3.234113759900E-1,
6.720208580237E-1,8.355302368199E-1,9.177351674818E-1,1.E0),.UNSPECIFIED.);
#3803=B_SPLINE_CURVE_WITH_KNOTS('',3,(#3795,#3796,#3797,#3798,#3799,#3800,#3801,
#3802),.UNSPECIFIED.,.F.,.F.,(4,1,1,1,1,4),(0.E0,8.231105984730E-2,
1.645621100952E-1,3.281623179235E-1,6.767697580003E-1,1.E0),.UNSPECIFIED.);
#3819=B_SPLINE_CURVE_WITH_KNOTS('',3,(#3808,#3809,#3810,#3811,#3812,#3813,#3814,
#3815,#3816,#3817,#3818),.UNSPECIFIED.,.F.,.F.,(4,1,1,1,1,1,1,1,4),(0.E0,
1.672571440003E-1,3.285270678082E-1,4.182904529677E-1,5.072648733884E-1,
5.936540678469E-1,6.808079080655E-1,8.359455033991E-1,1.E0),.UNSPECIFIED.);
#3832=B_SPLINE_CURVE_WITH_KNOTS('',3,(#3824,#3825,#3826,#3827,#3828,#3829,#3830,
#3831),.UNSPECIFIED.,.F.,.F.,(4,1,1,1,1,4),(0.E0,3.234113986823E-1,
6.720208746625E-1,8.355302499692E-1,9.177351790764E-1,1.E0),.UNSPECIFIED.);
#3846=B_SPLINE_CURVE_WITH_KNOTS('',3,(#3837,#3838,#3839,#3840,#3841,#3842,#3843,
#3844,#3845),.UNSPECIFIED.,.F.,.F.,(4,1,1,1,1,1,4),(0.E0,4.089255321769E-2,
8.177614052059E-2,1.634926465956E-1,3.260296298441E-1,6.698166680538E-1,1.E0),
.UNSPECIFIED.);
#3857=B_SPLINE_CURVE_WITH_KNOTS('',3,(#3851,#3852,#3853,#3854,#3855,#3856),
.UNSPECIFIED.,.F.,.F.,(4,1,1,4),(0.E0,3.291131253257E-1,6.708840105729E-1,1.E0),
.UNSPECIFIED.);
#3866=CIRCLE('',#3865,7.998334029458E-2);
#3879=B_SPLINE_CURVE_WITH_KNOTS('',3,(#3871,#3872,#3873,#3874,#3875,#3876,#3877,
#3878),.UNSPECIFIED.,.F.,.F.,(4,1,1,1,1,4),(0.E0,3.233839510169E-1,
6.719937490841E-1,8.355166953930E-1,9.177283898319E-1,1.E0),.UNSPECIFIED.);
#4068=B_SPLINE_CURVE_WITH_KNOTS('',3,(#4060,#4061,#4062,#4063,#4064,#4065,#4066,
#4067),.UNSPECIFIED.,.F.,.F.,(4,1,1,1,1,4),(0.E0,8.231792355877E-2,
1.645758285239E-1,3.281897852193E-1,6.767968363701E-1,1.E0),.UNSPECIFIED.);
#4084=B_SPLINE_CURVE_WITH_KNOTS('',3,(#4073,#4074,#4075,#4076,#4077,#4078,#4079,
#4080,#4081,#4082,#4083),.UNSPECIFIED.,.F.,.F.,(4,1,1,1,1,1,1,1,4),(0.E0,
1.672568368016E-1,3.285263655439E-1,4.182894862578E-1,5.072638245448E-1,
5.936532279626E-1,6.808071184245E-1,8.359454007341E-1,1.E0),.UNSPECIFIED.);
#4097=B_SPLINE_CURVE_WITH_KNOTS('',3,(#4089,#4090,#4091,#4092,#4093,#4094,#4095,
#4096),.UNSPECIFIED.,.F.,.F.,(4,1,1,1,1,4),(0.E0,3.233701699625E-1,
6.719802898176E-1,8.355099885948E-1,9.177250488031E-1,1.E0),.UNSPECIFIED.);
#4110=B_SPLINE_CURVE_WITH_KNOTS('',3,(#4102,#4103,#4104,#4105,#4106,#4107,#4108,
#4109),.UNSPECIFIED.,.F.,.F.,(4,1,1,1,1,4),(0.E0,8.231450060779E-2,
1.645689957465E-1,3.281761136614E-1,6.767832200007E-1,1.E0),.UNSPECIFIED.);
#4123=B_SPLINE_CURVE_WITH_KNOTS('',3,(#4115,#4116,#4117,#4118,#4119,#4120,#4121,
#4122),.UNSPECIFIED.,.F.,.F.,(4,1,1,1,1,4),(0.E0,3.233839513723E-1,
6.719937599570E-1,8.355167115846E-1,9.177284087093E-1,1.E0),.UNSPECIFIED.);
#4136=B_SPLINE_CURVE_WITH_KNOTS('',3,(#4128,#4129,#4130,#4131,#4132,#4133,#4134,
#4135),.UNSPECIFIED.,.F.,.F.,(4,1,1,1,1,4),(0.E0,8.231451458138E-2,
1.645690075317E-1,3.281761211029E-1,6.767832179264E-1,1.E0),.UNSPECIFIED.);
#4152=B_SPLINE_CURVE_WITH_KNOTS('',3,(#4141,#4142,#4143,#4144,#4145,#4146,#4147,
#4148,#4149,#4150,#4151),.UNSPECIFIED.,.F.,.F.,(4,1,1,1,1,1,1,1,4),(0.E0,
1.672562561770E-1,3.285310099360E-1,4.182961170540E-1,5.072722949113E-1,
5.936600950553E-1,6.808125111249E-1,8.359475737807E-1,1.E0),.UNSPECIFIED.);
#4165=B_SPLINE_CURVE_WITH_KNOTS('',3,(#4157,#4158,#4159,#4160,#4161,#4162,#4163,
#4164),.UNSPECIFIED.,.F.,.F.,(4,1,1,1,1,4),(0.E0,3.233839485406E-1,
6.719937588971E-1,8.355167110533E-1,9.177284084405E-1,1.E0),.UNSPECIFIED.);
#4178=B_SPLINE_CURVE_WITH_KNOTS('',3,(#4170,#4171,#4172,#4173,#4174,#4175,#4176,
#4177),.UNSPECIFIED.,.F.,.F.,(4,1,1,1,1,4),(0.E0,8.231790964378E-2,
1.645758168537E-1,3.281897779970E-1,6.767968385540E-1,1.E0),.UNSPECIFIED.);
#4191=B_SPLINE_CURVE_WITH_KNOTS('',3,(#4183,#4184,#4185,#4186,#4187,#4188,#4189,
#4190),.UNSPECIFIED.,.F.,.F.,(4,1,1,1,1,4),(0.E0,3.233701699965E-1,
6.719802898959E-1,8.355099886380E-1,9.177250488366E-1,1.E0),.UNSPECIFIED.);
#4270=B_SPLINE_CURVE_WITH_KNOTS('',3,(#4264,#4265,#4266,#4267,#4268,#4269),
.UNSPECIFIED.,.F.,.F.,(4,1,1,4),(0.E0,3.290899877811E-1,6.708608954629E-1,1.E0),
.UNSPECIFIED.);
#4282=B_SPLINE_CURVE_WITH_KNOTS('',3,(#4275,#4276,#4277,#4278,#4279,#4280,
#4281),.UNSPECIFIED.,.F.,.F.,(4,1,1,1,4),(0.E0,3.321737112353E-1,
6.673588213059E-1,8.336647733736E-1,1.E0),.UNSPECIFIED.);
#4291=CIRCLE('',#4290,7.999290916452E-2);
#4304=B_SPLINE_CURVE_WITH_KNOTS('',3,(#4296,#4297,#4298,#4299,#4300,#4301,#4302,
#4303),.UNSPECIFIED.,.F.,.F.,(4,1,1,1,1,4),(0.E0,3.234096301202E-1,
6.720062558911E-1,8.355229672668E-1,9.177315269414E-1,1.E0),.UNSPECIFIED.);
#4317=B_SPLINE_CURVE_WITH_KNOTS('',3,(#4309,#4310,#4311,#4312,#4313,#4314,#4315,
#4316),.UNSPECIFIED.,.F.,.F.,(4,1,1,1,1,4),(0.E0,8.231449345637E-2,
1.645689845158E-1,3.281760945267E-1,6.767832770674E-1,1.E0),.UNSPECIFIED.);
#4328=B_SPLINE_CURVE_WITH_KNOTS('',3,(#4322,#4323,#4324,#4325,#4326,#4327),
.UNSPECIFIED.,.F.,.F.,(4,1,1,4),(0.E0,3.294747567758E-1,6.715651952481E-1,1.E0),
.UNSPECIFIED.);
#4340=B_SPLINE_CURVE_WITH_KNOTS('',3,(#4333,#4334,#4335,#4336,#4337,#4338,
#4339),.UNSPECIFIED.,.F.,.F.,(4,1,1,1,4),(0.E0,3.324094099601E-1,
6.676073940568E-1,8.337974339964E-1,1.E0),.UNSPECIFIED.);
#4352=B_SPLINE_CURVE_WITH_KNOTS('',3,(#4345,#4346,#4347,#4348,#4349,#4350,
#4351),.UNSPECIFIED.,.F.,.F.,(4,1,1,1,4),(0.E0,1.661751632802E-1,
3.323375297357E-1,6.675348538194E-1,1.E0),.UNSPECIFIED.);
#4363=B_SPLINE_CURVE_WITH_KNOTS('',3,(#4357,#4358,#4359,#4360,#4361,#4362),
.UNSPECIFIED.,.F.,.F.,(4,1,1,4),(0.E0,3.290606776553E-1,6.708270854046E-1,1.E0),
.UNSPECIFIED.);
#4381=B_SPLINE_CURVE_WITH_KNOTS('',3,(#4368,#4369,#4370,#4371,#4372,#4373,#4374,
#4375,#4376,#4377,#4378,#4379,#4380),.UNSPECIFIED.,.F.,.F.,(4,1,1,1,1,1,1,1,1,1,
4),(0.E0,1.662239447351E-1,3.347208164601E-1,4.166273560802E-1,
4.575687026537E-1,4.985101575902E-1,5.393527578897E-1,5.801952606245E-1,
6.619060077310E-1,8.307118981080E-1,1.E0),.UNSPECIFIED.);
#4386=CIRCLE('',#4385,3.775198126373E-1);
#4391=CIRCLE('',#4390,3.775198126373E-1);
#4488=CIRCLE('',#4487,3.775198126373E-1);
#4502=B_SPLINE_CURVE_WITH_KNOTS('',3,(#4489,#4490,#4491,#4492,#4493,#4494,#4495,
#4496,#4497,#4498,#4499,#4500,#4501),.UNSPECIFIED.,.F.,.F.,(4,1,1,1,1,1,1,1,1,1,
4),(0.E0,1.693124510679E-1,3.381426212673E-1,4.198651210587E-1,
4.607134982846E-1,5.015619730893E-1,5.425093167496E-1,5.834565520312E-1,
6.653748724974E-1,8.338959795978E-1,1.E0),.UNSPECIFIED.);
#4507=CIRCLE('',#4506,3.775198126373E-1);
#4554=B_SPLINE_CURVE_WITH_KNOTS('',3,(#4548,#4549,#4550,#4551,#4552,#4553),
.UNSPECIFIED.,.F.,.F.,(4,1,1,4),(0.E0,3.290975377976E-1,6.709024291884E-1,1.E0),
.UNSPECIFIED.);
#4566=B_SPLINE_CURVE_WITH_KNOTS('',3,(#4559,#4560,#4561,#4562,#4563,#4564,
#4565),.UNSPECIFIED.,.F.,.F.,(4,1,1,1,4),(0.E0,2.299867932449E-1,
4.991977353182E-1,7.688240207344E-1,1.E0),.UNSPECIFIED.);
#4577=B_SPLINE_CURVE_WITH_KNOTS('',3,(#4571,#4572,#4573,#4574,#4575,#4576),
.UNSPECIFIED.,.F.,.F.,(4,1,1,4),(0.E0,3.290975157429E-1,6.709023906887E-1,1.E0),
.UNSPECIFIED.);
#4589=B_SPLINE_CURVE_WITH_KNOTS('',3,(#4582,#4583,#4584,#4585,#4586,#4587,
#4588),.UNSPECIFIED.,.F.,.F.,(4,1,1,1,4),(0.E0,3.410267168667E-1,
6.699825556365E-1,8.349639448909E-1,1.E0),.UNSPECIFIED.);
#4600=B_SPLINE_CURVE_WITH_KNOTS('',3,(#4594,#4595,#4596,#4597,#4598,#4599),
.UNSPECIFIED.,.F.,.F.,(4,1,1,4),(0.E0,3.291142571573E-1,6.708856505094E-1,1.E0),
.UNSPECIFIED.);
#4611=B_SPLINE_CURVE_WITH_KNOTS('',3,(#4605,#4606,#4607,#4608,#4609,#4610),
.UNSPECIFIED.,.F.,.F.,(4,1,1,4),(0.E0,3.291142380187E-1,6.708856371537E-1,1.E0),
.UNSPECIFIED.);
#4623=B_SPLINE_CURVE_WITH_KNOTS('',3,(#4616,#4617,#4618,#4619,#4620,#4621,
#4622),.UNSPECIFIED.,.F.,.F.,(4,1,1,1,4),(0.E0,1.721004927567E-1,
3.441657146304E-1,6.729542085485E-1,1.E0),.UNSPECIFIED.);
#4718=B_SPLINE_CURVE_WITH_KNOTS('',3,(#4712,#4713,#4714,#4715,#4716,#4717),
.UNSPECIFIED.,.F.,.F.,(4,1,1,4),(0.E0,3.295393984749E-1,6.716371636023E-1,1.E0),
.UNSPECIFIED.);
#4730=B_SPLINE_CURVE_WITH_KNOTS('',3,(#4723,#4724,#4725,#4726,#4727,#4728,
#4729),.UNSPECIFIED.,.F.,.F.,(4,1,1,1,4),(0.E0,3.320886704913E-1,
6.672876555499E-1,8.336377544098E-1,1.E0),.UNSPECIFIED.);
#4742=B_SPLINE_CURVE_WITH_KNOTS('',3,(#4735,#4736,#4737,#4738,#4739,#4740,
#4741),.UNSPECIFIED.,.F.,.F.,(4,1,1,1,4),(0.E0,1.657587637756E-1,
3.314910251933E-1,6.668166889255E-1,1.E0),.UNSPECIFIED.);
#4753=B_SPLINE_CURVE_WITH_KNOTS('',3,(#4747,#4748,#4749,#4750,#4751,#4752),
.UNSPECIFIED.,.F.,.F.,(4,1,1,4),(0.E0,3.301937758834E-1,6.718734360694E-1,1.E0),
.UNSPECIFIED.);
#4766=B_SPLINE_CURVE_WITH_KNOTS('',3,(#4758,#4759,#4760,#4761,#4762,#4763,#4764,
#4765),.UNSPECIFIED.,.F.,.F.,(4,1,1,1,1,4),(0.E0,3.233839196141E-1,
6.719937996322E-1,8.355167284113E-1,9.177284139082E-1,1.E0),.UNSPECIFIED.);
#4779=B_SPLINE_CURVE_WITH_KNOTS('',3,(#4771,#4772,#4773,#4774,#4775,#4776,#4777,
#4778),.UNSPECIFIED.,.F.,.F.,(4,1,1,1,1,4),(0.E0,8.231450697862E-2,
1.645689923291E-1,3.281760909552E-1,6.767832649725E-1,1.E0),.UNSPECIFIED.);
#4795=B_SPLINE_CURVE_WITH_KNOTS('',3,(#4784,#4785,#4786,#4787,#4788,#4789,#4790,
#4791,#4792,#4793,#4794),.UNSPECIFIED.,.F.,.F.,(4,1,1,1,1,1,1,1,4),(0.E0,
1.672557328841E-1,3.285304569082E-1,4.182954473429E-1,5.072716106808E-1,
5.936596068775E-1,6.808121299269E-1,8.359478166043E-1,1.E0),.UNSPECIFIED.);
#4808=B_SPLINE_CURVE_WITH_KNOTS('',3,(#4800,#4801,#4802,#4803,#4804,#4805,#4806,
#4807),.UNSPECIFIED.,.F.,.F.,(4,1,1,1,1,4),(0.E0,3.233839205278E-1,
6.719938049995E-1,8.355167352874E-1,9.177284215360E-1,1.E0),.UNSPECIFIED.);
#4821=B_SPLINE_CURVE_WITH_KNOTS('',3,(#4813,#4814,#4815,#4816,#4817,#4818,#4819,
#4820),.UNSPECIFIED.,.F.,.F.,(4,1,1,1,1,4),(0.E0,8.231449128707E-2,
1.645689785594E-1,3.281760810463E-1,6.767832632119E-1,1.E0),.UNSPECIFIED.);
#4986=B_SPLINE_CURVE_WITH_KNOTS('',3,(#4978,#4979,#4980,#4981,#4982,#4983,#4984,
#4985),.UNSPECIFIED.,.F.,.F.,(4,1,1,1,1,4),(0.E0,8.213258521118E-2,
1.641989353150E-1,3.277505739179E-1,6.720111488240E-1,1.E0),.UNSPECIFIED.);
#5000=B_SPLINE_CURVE_WITH_KNOTS('',3,(#4991,#4992,#4993,#4994,#4995,#4996,#4997,
#4998,#4999),.UNSPECIFIED.,.F.,.F.,(4,1,1,1,1,1,4),(0.E0,2.021329836312E-1,
3.952019008460E-1,4.918831290436E-1,5.886138636897E-1,7.861773593386E-1,1.E0),
.UNSPECIFIED.);
#5013=B_SPLINE_CURVE_WITH_KNOTS('',3,(#5005,#5006,#5007,#5008,#5009,#5010,#5011,
#5012),.UNSPECIFIED.,.F.,.F.,(4,1,1,1,1,4),(0.E0,3.233976162027E-1,
6.720074198926E-1,8.355235494688E-1,9.177318452741E-1,1.E0),.UNSPECIFIED.);
#5026=B_SPLINE_CURVE_WITH_KNOTS('',3,(#5018,#5019,#5020,#5021,#5022,#5023,#5024,
#5025),.UNSPECIFIED.,.F.,.F.,(4,1,1,1,1,4),(0.E0,8.230764881489E-2,
1.645552900253E-1,3.281486630309E-1,6.767561544546E-1,1.E0),.UNSPECIFIED.);
#5039=B_SPLINE_CURVE_WITH_KNOTS('',3,(#5031,#5032,#5033,#5034,#5035,#5036,#5037,
#5038),.UNSPECIFIED.,.F.,.F.,(4,1,1,1,1,4),(0.E0,3.231168062404E-1,
6.723093751631E-1,8.356716333458E-1,9.178057010400E-1,1.E0),.UNSPECIFIED.);
#5052=B_SPLINE_CURVE_WITH_KNOTS('',3,(#5044,#5045,#5046,#5047,#5048,#5049,#5050,
#5051),.UNSPECIFIED.,.F.,.F.,(4,1,1,1,1,4),(0.E0,8.223630805403E-2,
1.644091895994E-1,3.281913241364E-1,6.752218453540E-1,1.E0),.UNSPECIFIED.);
#5067=B_SPLINE_CURVE_WITH_KNOTS('',3,(#5057,#5058,#5059,#5060,#5061,#5062,#5063,
#5064,#5065,#5066),.UNSPECIFIED.,.F.,.F.,(4,1,1,1,1,1,1,4),(0.E0,
2.043651132616E-1,3.915021095734E-1,4.408744405286E-1,4.902459816708E-1,
5.890704548932E-1,7.922630187215E-1,1.E0),.UNSPECIFIED.);
#5080=B_SPLINE_CURVE_WITH_KNOTS('',3,(#5072,#5073,#5074,#5075,#5076,#5077,#5078,
#5079),.UNSPECIFIED.,.F.,.F.,(4,1,1,1,1,4),(0.E0,3.233702989963E-1,
6.719804331159E-1,8.355100685919E-1,9.177250978068E-1,1.E0),.UNSPECIFIED.);
#5093=B_SPLINE_CURVE_WITH_KNOTS('',3,(#5085,#5086,#5087,#5088,#5089,#5090,#5091,
#5092),.UNSPECIFIED.,.F.,.F.,(4,1,1,1,1,4),(0.E0,8.231458710403E-2,
1.645691824111E-1,3.281765007376E-1,6.767836081827E-1,1.E0),.UNSPECIFIED.);
#5106=B_SPLINE_CURVE_WITH_KNOTS('',3,(#5098,#5099,#5100,#5101,#5102,#5103,#5104,
#5105),.UNSPECIFIED.,.F.,.F.,(4,1,1,1,1,4),(0.E0,3.234113921529E-1,
6.720208749535E-1,8.355302548559E-1,9.177351862760E-1,1.E0),.UNSPECIFIED.);
#5178=B_SPLINE_CURVE_WITH_KNOTS('',3,(#5171,#5172,#5173,#5174,#5175,#5176,
#5177),.UNSPECIFIED.,.F.,.F.,(4,1,1,1,4),(0.E0,3.410267145532E-1,
6.699825493048E-1,8.349639369503E-1,1.E0),.UNSPECIFIED.);
#5189=B_SPLINE_CURVE_WITH_KNOTS('',3,(#5183,#5184,#5185,#5186,#5187,#5188),
.UNSPECIFIED.,.F.,.F.,(4,1,1,4),(0.E0,3.291142493647E-1,6.708856555240E-1,1.E0),
.UNSPECIFIED.);
#5200=B_SPLINE_CURVE_WITH_KNOTS('',3,(#5194,#5195,#5196,#5197,#5198,#5199),
.UNSPECIFIED.,.F.,.F.,(4,1,1,4),(0.E0,3.291142432082E-1,6.708856451506E-1,1.E0),
.UNSPECIFIED.);
#5212=B_SPLINE_CURVE_WITH_KNOTS('',3,(#5205,#5206,#5207,#5208,#5209,#5210,
#5211),.UNSPECIFIED.,.F.,.F.,(4,1,1,1,4),(0.E0,1.721004990050E-1,
3.441657202475E-1,6.729542110094E-1,1.E0),.UNSPECIFIED.);
#5223=B_SPLINE_CURVE_WITH_KNOTS('',3,(#5217,#5218,#5219,#5220,#5221,#5222),
.UNSPECIFIED.,.F.,.F.,(4,1,1,4),(0.E0,3.290975409625E-1,6.709024391441E-1,1.E0),
.UNSPECIFIED.);
#5235=B_SPLINE_CURVE_WITH_KNOTS('',3,(#5228,#5229,#5230,#5231,#5232,#5233,
#5234),.UNSPECIFIED.,.F.,.F.,(4,1,1,1,4),(0.E0,2.299868063805E-1,
4.991977474280E-1,7.688240299090E-1,1.E0),.UNSPECIFIED.);
#5246=B_SPLINE_CURVE_WITH_KNOTS('',3,(#5240,#5241,#5242,#5243,#5244,#5245),
.UNSPECIFIED.,.F.,.F.,(4,1,1,4),(0.E0,3.290975188802E-1,6.709023917202E-1,1.E0),
.UNSPECIFIED.);
#5279=CIRCLE('',#5278,4.E-1);
#5284=CIRCLE('',#5283,4.E-1);
#5293=CIRCLE('',#5292,4.E-1);
#5298=CIRCLE('',#5297,4.E-1);
#5303=CIRCLE('',#5302,4.E-1);
#5308=CIRCLE('',#5307,4.E-1);
#5317=CIRCLE('',#5316,4.E-1);
#5322=CIRCLE('',#5321,4.E-1);
#5331=CIRCLE('',#5330,4.E-1);
#5336=CIRCLE('',#5335,4.E-1);
#5341=CIRCLE('',#5340,4.E-1);
#5346=CIRCLE('',#5345,4.E-1);
#5351=CIRCLE('',#5350,1.15E0);
#5356=CIRCLE('',#5355,1.15E0);
#5425=CIRCLE('',#5424,1.15E0);
#5430=CIRCLE('',#5429,1.15E0);
#5435=CIRCLE('',#5434,1.15E0);
#5440=CIRCLE('',#5439,1.15E0);
#5445=CIRCLE('',#5444,2.05E0);
#5450=CIRCLE('',#5449,2.05E0);
#5455=CIRCLE('',#5454,2.05E0);
#5460=CIRCLE('',#5459,2.05E0);
#5477=CIRCLE('',#5476,4.E-1);
#5482=CIRCLE('',#5481,4.E-1);
#5491=CIRCLE('',#5490,4.E-1);
#5496=CIRCLE('',#5495,4.E-1);
#5501=CIRCLE('',#5500,4.E-1);
#5506=CIRCLE('',#5505,4.E-1);
#5515=CIRCLE('',#5514,4.E-1);
#5520=CIRCLE('',#5519,4.E-1);
#5529=CIRCLE('',#5528,4.E-1);
#5534=CIRCLE('',#5533,4.E-1);
#5539=CIRCLE('',#5538,4.E-1);
#5544=CIRCLE('',#5543,4.E-1);
#5549=CIRCLE('',#5548,1.15E0);
#5554=CIRCLE('',#5553,1.15E0);
#7097=EDGE_CURVE('',#5629,#5630,#4,.T.);
#7099=EDGE_CURVE('',#5632,#5630,#72,.T.);
#7101=EDGE_CURVE('',#5632,#5634,#8,.T.);
#7103=EDGE_CURVE('',#5634,#5636,#13,.T.);
#7105=EDGE_CURVE('',#5638,#5636,#855,.T.);
#7107=EDGE_CURVE('',#5640,#5638,#1283,.T.);
#7109=EDGE_CURVE('',#5642,#5640,#1291,.T.);
#7111=EDGE_CURVE('',#5642,#5629,#18,.T.);
#7121=EDGE_CURVE('',#5645,#5646,#42,.T.);
#7123=EDGE_CURVE('',#5630,#5645,#76,.T.);
#7126=EDGE_CURVE('',#5646,#5629,#1299,.T.);
#7130=EDGE_CURVE('',#7086,#7087,#23,.T.);
#7132=EDGE_CURVE('',#7087,#7086,#28,.T.);
#7136=EDGE_CURVE('',#7090,#7091,#33,.T.);
#7138=EDGE_CURVE('',#7091,#7090,#38,.T.);
#7148=EDGE_CURVE('',#5645,#5648,#80,.T.);
#7151=EDGE_CURVE('',#5646,#5650,#47,.T.);
#7153=EDGE_CURVE('',#5650,#5652,#51,.T.);
#7155=EDGE_CURVE('',#5652,#5654,#55,.T.);
#7157=EDGE_CURVE('',#5654,#5656,#59,.T.);
#7159=EDGE_CURVE('',#5656,#5658,#64,.T.);
#7161=EDGE_CURVE('',#5658,#5648,#68,.T.);
#7174=EDGE_CURVE('',#5632,#5648,#84,.T.);
#7187=EDGE_CURVE('',#5634,#5658,#847,.T.);
#7191=EDGE_CURVE('',#5659,#5660,#94,.T.);
#7193=EDGE_CURVE('',#5662,#5660,#3747,.T.);
#7195=EDGE_CURVE('',#5662,#5663,#103,.T.);
#7197=EDGE_CURVE('',#5665,#5663,#3987,.T.);
#7199=EDGE_CURVE('',#5665,#5667,#108,.T.);
#7201=EDGE_CURVE('',#5667,#5669,#112,.T.);
#7203=EDGE_CURVE('',#5669,#5670,#119,.T.);
#7205=EDGE_CURVE('',#5672,#5670,#3967,.T.);
#7207=EDGE_CURVE('',#5672,#5673,#129,.T.);
#7209=EDGE_CURVE('',#5675,#5673,#3955,.T.);
#7211=EDGE_CURVE('',#5675,#5676,#138,.T.);
#7213=EDGE_CURVE('',#5678,#5676,#3943,.T.);
#7215=EDGE_CURVE('',#5678,#5679,#150,.T.);
#7217=EDGE_CURVE('',#5681,#5679,#3931,.T.);
#7219=EDGE_CURVE('',#5681,#5682,#159,.T.);
#7221=EDGE_CURVE('',#5684,#5682,#3919,.T.);
#7223=EDGE_CURVE('',#5684,#5685,#168,.T.);
#7225=EDGE_CURVE('',#5687,#5685,#3907,.T.);
#7227=EDGE_CURVE('',#5687,#5688,#175,.T.);
#7229=EDGE_CURVE('',#5688,#5690,#179,.T.);
#7231=EDGE_CURVE('',#5690,#5692,#184,.T.);
#7233=EDGE_CURVE('',#5659,#5692,#3887,.T.);
#7237=EDGE_CURVE('',#5695,#5696,#4003,.T.);
#7239=EDGE_CURVE('',#5695,#5697,#193,.T.);
#7241=EDGE_CURVE('',#5699,#5697,#4015,.T.);
#7243=EDGE_CURVE('',#5699,#5700,#202,.T.);
#7245=EDGE_CURVE('',#5702,#5700,#4027,.T.);
#7247=EDGE_CURVE('',#5702,#5703,#211,.T.);
#7249=EDGE_CURVE('',#5705,#5703,#4039,.T.);
#7251=EDGE_CURVE('',#5705,#5706,#223,.T.);
#7253=EDGE_CURVE('',#5708,#5706,#4051,.T.);
#7255=EDGE_CURVE('',#5708,#5709,#232,.T.);
#7257=EDGE_CURVE('',#5711,#5709,#4251,.T.);
#7259=EDGE_CURVE('',#5711,#5712,#241,.T.);
#7261=EDGE_CURVE('',#5714,#5712,#4239,.T.);
#7263=EDGE_CURVE('',#5714,#5715,#250,.T.);
#7265=EDGE_CURVE('',#5717,#5715,#4227,.T.);
#7267=EDGE_CURVE('',#5717,#5718,#259,.T.);
#7269=EDGE_CURVE('',#5720,#5718,#4215,.T.);
#7271=EDGE_CURVE('',#5720,#5721,#271,.T.);
#7273=EDGE_CURVE('',#5723,#5721,#4203,.T.);
#7275=EDGE_CURVE('',#5723,#5696,#280,.T.);
#7279=EDGE_CURVE('',#5724,#5725,#287,.T.);
#7281=EDGE_CURVE('',#5727,#5725,#4263,.T.);
#7283=EDGE_CURVE('',#5727,#5728,#294,.T.);
#7285=EDGE_CURVE('',#5728,#5730,#298,.T.);
#7287=EDGE_CURVE('',#5730,#5731,#306,.T.);
#7289=EDGE_CURVE('',#5733,#5731,#4459,.T.);
#7291=EDGE_CURVE('',#5733,#5734,#314,.T.);
#7293=EDGE_CURVE('',#5734,#5736,#318,.T.);
#7295=EDGE_CURVE('',#5736,#5737,#325,.T.);
#7297=EDGE_CURVE('',#5739,#5737,#4439,.T.);
#7299=EDGE_CURVE('',#5739,#5740,#334,.T.);
#7301=EDGE_CURVE('',#5742,#5740,#4427,.T.);
#7303=EDGE_CURVE('',#5742,#5743,#343,.T.);
#7305=EDGE_CURVE('',#5745,#5743,#4415,.T.);
#7307=EDGE_CURVE('',#5745,#5747,#348,.T.);
#7309=EDGE_CURVE('',#5749,#5747,#4403,.T.);
#7311=EDGE_CURVE('',#5749,#5750,#356,.T.);
#7313=EDGE_CURVE('',#5750,#5724,#360,.T.);
#7317=EDGE_CURVE('',#5751,#5752,#367,.T.);
#7319=EDGE_CURVE('',#5754,#5752,#4523,.T.);
#7321=EDGE_CURVE('',#5754,#5755,#375,.T.);
#7323=EDGE_CURVE('',#5755,#5757,#379,.T.);
#7325=EDGE_CURVE('',#5757,#5758,#386,.T.);
#7327=EDGE_CURVE('',#5760,#5758,#4543,.T.);
#7329=EDGE_CURVE('',#5760,#5761,#393,.T.);
#7331=EDGE_CURVE('',#5761,#5763,#397,.T.);
#7333=EDGE_CURVE('',#5763,#5764,#405,.T.);
#7335=EDGE_CURVE('',#5766,#5764,#4647,.T.);
#7337=EDGE_CURVE('',#5766,#5767,#412,.T.);
#7339=EDGE_CURVE('',#5767,#5769,#416,.T.);
#7341=EDGE_CURVE('',#5769,#5770,#424,.T.);
#7343=EDGE_CURVE('',#5770,#5751,#428,.T.);
#7347=EDGE_CURVE('',#5771,#5772,#435,.T.);
#7349=EDGE_CURVE('',#5774,#5772,#4671,.T.);
#7351=EDGE_CURVE('',#5774,#5775,#444,.T.);
#7353=EDGE_CURVE('',#5777,#5775,#4683,.T.);
#7355=EDGE_CURVE('',#5777,#5778,#453,.T.);
#7357=EDGE_CURVE('',#5780,#5778,#4695,.T.);
#7359=EDGE_CURVE('',#5780,#5781,#465,.T.);
#7361=EDGE_CURVE('',#5783,#5781,#4707,.T.);
#7363=EDGE_CURVE('',#5783,#5784,#474,.T.);
#7365=EDGE_CURVE('',#5786,#5784,#4873,.T.);
#7367=EDGE_CURVE('',#5786,#5787,#483,.T.);
#7369=EDGE_CURVE('',#5789,#5787,#4861,.T.);
#7371=EDGE_CURVE('',#5789,#5790,#490,.T.);
#7373=EDGE_CURVE('',#5792,#5790,#4849,.T.);
#7375=EDGE_CURVE('',#5792,#5793,#498,.T.);
#7377=EDGE_CURVE('',#5795,#5793,#4837,.T.);
#7379=EDGE_CURVE('',#5795,#5796,#506,.T.);
#7381=EDGE_CURVE('',#5796,#5771,#510,.T.);
#7385=EDGE_CURVE('',#5799,#5800,#4881,.T.);
#7387=EDGE_CURVE('',#5799,#5801,#519,.T.);
#7389=EDGE_CURVE('',#5803,#5801,#4893,.T.);
#7391=EDGE_CURVE('',#5803,#5804,#528,.T.);
#7393=EDGE_CURVE('',#5806,#5804,#4905,.T.);
#7395=EDGE_CURVE('',#5806,#5807,#537,.T.);
#7397=EDGE_CURVE('',#5809,#5807,#4917,.T.);
#7399=EDGE_CURVE('',#5809,#5810,#548,.T.);
#7401=EDGE_CURVE('',#5810,#5812,#552,.T.);
#7403=EDGE_CURVE('',#5812,#5813,#561,.T.);
#7405=EDGE_CURVE('',#5815,#5813,#4937,.T.);
#7407=EDGE_CURVE('',#5815,#5816,#570,.T.);
#7409=EDGE_CURVE('',#5818,#5816,#4949,.T.);
#7411=EDGE_CURVE('',#5818,#5819,#579,.T.);
#7413=EDGE_CURVE('',#5821,#5819,#4961,.T.);
#7415=EDGE_CURVE('',#5821,#5822,#588,.T.);
#7417=EDGE_CURVE('',#5824,#5822,#4973,.T.);
#7419=EDGE_CURVE('',#5824,#5825,#598,.T.);
#7421=EDGE_CURVE('',#5827,#5825,#5114,.T.);
#7423=EDGE_CURVE('',#5827,#5800,#607,.T.);
#7427=EDGE_CURVE('',#5828,#5829,#615,.T.);
#7429=EDGE_CURVE('',#5831,#5829,#5138,.T.);
#7431=EDGE_CURVE('',#5831,#5832,#622,.T.);
#7433=EDGE_CURVE('',#5832,#5834,#626,.T.);
#7435=EDGE_CURVE('',#5834,#5835,#634,.T.);
#7437=EDGE_CURVE('',#5835,#5837,#638,.T.);
#7439=EDGE_CURVE('',#5837,#5838,#645,.T.);
#7441=EDGE_CURVE('',#5840,#5838,#5166,.T.);
#7443=EDGE_CURVE('',#5840,#5841,#653,.T.);
#7445=EDGE_CURVE('',#5841,#5843,#657,.T.);
#7447=EDGE_CURVE('',#5843,#5844,#664,.T.);
#7449=EDGE_CURVE('',#5846,#5844,#5262,.T.);
#7451=EDGE_CURVE('',#5846,#5847,#671,.T.);
#7453=EDGE_CURVE('',#5847,#5828,#675,.T.);
#7457=EDGE_CURVE('',#5850,#5851,#679,.T.);
#7459=EDGE_CURVE('',#5851,#5853,#684,.T.);
#7461=EDGE_CURVE('',#5853,#5855,#689,.T.);
#7463=EDGE_CURVE('',#5855,#5857,#693,.T.);
#7465=EDGE_CURVE('',#5857,#5859,#698,.T.);
#7467=EDGE_CURVE('',#5859,#5861,#703,.T.);
#7469=EDGE_CURVE('',#5861,#5863,#707,.T.);
#7471=EDGE_CURVE('',#5863,#5865,#712,.T.);
#7473=EDGE_CURVE('',#5865,#5867,#717,.T.);
#7475=EDGE_CURVE('',#5867,#5869,#721,.T.);
#7477=EDGE_CURVE('',#5869,#5871,#726,.T.);
#7479=EDGE_CURVE('',#5871,#5873,#731,.T.);
#7481=EDGE_CURVE('',#5873,#5875,#735,.T.);
#7483=EDGE_CURVE('',#5875,#5877,#740,.T.);
#7485=EDGE_CURVE('',#5877,#5879,#745,.T.);
#7487=EDGE_CURVE('',#5879,#5881,#749,.T.);
#7489=EDGE_CURVE('',#5881,#5883,#754,.T.);
#7491=EDGE_CURVE('',#5883,#5850,#759,.T.);
#7495=EDGE_CURVE('',#5886,#5887,#763,.T.);
#7497=EDGE_CURVE('',#5887,#5889,#768,.T.);
#7499=EDGE_CURVE('',#5889,#5891,#773,.T.);
#7501=EDGE_CURVE('',#5891,#5893,#777,.T.);
#7503=EDGE_CURVE('',#5893,#5895,#782,.T.);
#7505=EDGE_CURVE('',#5895,#5897,#787,.T.);
#7507=EDGE_CURVE('',#5897,#5899,#791,.T.);
#7509=EDGE_CURVE('',#5899,#5901,#796,.T.);
#7511=EDGE_CURVE('',#5901,#5903,#801,.T.);
#7513=EDGE_CURVE('',#5903,#5905,#805,.T.);
#7515=EDGE_CURVE('',#5905,#5907,#810,.T.);
#7517=EDGE_CURVE('',#5907,#5909,#815,.T.);
#7519=EDGE_CURVE('',#5909,#5911,#819,.T.);
#7521=EDGE_CURVE('',#5911,#5913,#824,.T.);
#7523=EDGE_CURVE('',#5913,#5915,#829,.T.);
#7525=EDGE_CURVE('',#5915,#5917,#833,.T.);
#7527=EDGE_CURVE('',#5917,#5919,#838,.T.);
#7529=EDGE_CURVE('',#5919,#5886,#843,.T.);
#7542=EDGE_CURVE('',#5656,#5636,#851,.T.);
#7555=EDGE_CURVE('',#5654,#5638,#859,.T.);
#7559=EDGE_CURVE('',#5922,#5923,#864,.T.);
#7561=EDGE_CURVE('',#5923,#5922,#869,.T.);
#7565=EDGE_CURVE('',#5926,#5927,#874,.T.);
#7567=EDGE_CURVE('',#5927,#5926,#879,.T.);
#7571=EDGE_CURVE('',#5930,#5931,#884,.T.);
#7573=EDGE_CURVE('',#5931,#5930,#889,.T.);
#7577=EDGE_CURVE('',#5934,#5935,#894,.T.);
#7579=EDGE_CURVE('',#5935,#5934,#899,.T.);
#7583=EDGE_CURVE('',#5938,#5939,#904,.T.);
#7585=EDGE_CURVE('',#5939,#5938,#909,.T.);
#7589=EDGE_CURVE('',#5942,#5943,#914,.T.);
#7591=EDGE_CURVE('',#5943,#5942,#919,.T.);
#7595=EDGE_CURVE('',#5946,#5947,#924,.T.);
#7597=EDGE_CURVE('',#5947,#5946,#929,.T.);
#7601=EDGE_CURVE('',#5950,#5951,#934,.T.);
#7603=EDGE_CURVE('',#5951,#5950,#939,.T.);
#7607=EDGE_CURVE('',#5954,#5955,#944,.T.);
#7609=EDGE_CURVE('',#5955,#5954,#949,.T.);
#7613=EDGE_CURVE('',#5958,#5959,#954,.T.);
#7615=EDGE_CURVE('',#5959,#5958,#959,.T.);
#7619=EDGE_CURVE('',#5962,#5963,#964,.T.);
#7621=EDGE_CURVE('',#5963,#5962,#969,.T.);
#7625=EDGE_CURVE('',#5966,#5967,#974,.T.);
#7627=EDGE_CURVE('',#5967,#5966,#979,.T.);
#7631=EDGE_CURVE('',#5970,#5971,#984,.T.);
#7633=EDGE_CURVE('',#5971,#5970,#989,.T.);
#7637=EDGE_CURVE('',#5974,#5975,#994,.T.);
#7639=EDGE_CURVE('',#5975,#5974,#999,.T.);
#7643=EDGE_CURVE('',#5978,#5979,#1004,.T.);
#7645=EDGE_CURVE('',#5979,#5978,#1009,.T.);
#7649=EDGE_CURVE('',#5982,#5983,#1014,.T.);
#7651=EDGE_CURVE('',#5983,#5982,#1019,.T.);
#7655=EDGE_CURVE('',#5986,#5987,#1024,.T.);
#7657=EDGE_CURVE('',#5987,#5986,#1029,.T.);
#7661=EDGE_CURVE('',#5990,#5991,#1034,.T.);
#7663=EDGE_CURVE('',#5991,#5990,#1039,.T.);
#7667=EDGE_CURVE('',#5994,#5995,#1044,.T.);
#7669=EDGE_CURVE('',#5995,#5994,#1049,.T.);
#7673=EDGE_CURVE('',#5998,#5999,#1054,.T.);
#7675=EDGE_CURVE('',#5999,#5998,#1059,.T.);
#7679=EDGE_CURVE('',#6002,#6003,#1064,.T.);
#7681=EDGE_CURVE('',#6003,#6002,#1069,.T.);
#7685=EDGE_CURVE('',#6006,#6007,#1074,.T.);
#7687=EDGE_CURVE('',#6007,#6006,#1079,.T.);
#7691=EDGE_CURVE('',#6010,#6011,#1084,.T.);
#7693=EDGE_CURVE('',#6011,#6010,#1089,.T.);
#7697=EDGE_CURVE('',#6014,#6015,#1094,.T.);
#7699=EDGE_CURVE('',#6015,#6014,#1099,.T.);
#7703=EDGE_CURVE('',#6018,#6019,#1104,.T.);
#7705=EDGE_CURVE('',#6019,#6018,#1109,.T.);
#7709=EDGE_CURVE('',#6022,#6023,#1114,.T.);
#7711=EDGE_CURVE('',#6023,#6022,#1119,.T.);
#7715=EDGE_CURVE('',#6026,#6027,#1124,.T.);
#7717=EDGE_CURVE('',#6027,#6026,#1129,.T.);
#7721=EDGE_CURVE('',#6030,#6031,#1134,.T.);
#7723=EDGE_CURVE('',#6031,#6030,#1139,.T.);
#7727=EDGE_CURVE('',#6034,#6035,#1144,.T.);
#7729=EDGE_CURVE('',#6035,#6034,#1149,.T.);
#7733=EDGE_CURVE('',#6038,#6039,#1154,.T.);
#7735=EDGE_CURVE('',#6039,#6038,#1159,.T.);
#7739=EDGE_CURVE('',#6042,#6043,#1164,.T.);
#7741=EDGE_CURVE('',#6043,#6042,#1169,.T.);
#7745=EDGE_CURVE('',#6046,#6047,#1174,.T.);
#7747=EDGE_CURVE('',#6047,#6046,#1179,.T.);
#7751=EDGE_CURVE('',#6050,#6051,#1184,.T.);
#7753=EDGE_CURVE('',#6051,#6050,#1189,.T.);
#7757=EDGE_CURVE('',#6054,#6055,#1194,.T.);
#7759=EDGE_CURVE('',#6055,#6054,#1199,.T.);
#7763=EDGE_CURVE('',#6058,#6059,#1204,.T.);
#7765=EDGE_CURVE('',#6059,#6058,#1209,.T.);
#7769=EDGE_CURVE('',#6062,#6063,#1214,.T.);
#7771=EDGE_CURVE('',#6063,#6062,#1219,.T.);
#7775=EDGE_CURVE('',#6066,#6067,#1224,.T.);
#7777=EDGE_CURVE('',#6067,#6066,#1229,.T.);
#7781=EDGE_CURVE('',#6070,#6071,#1234,.T.);
#7783=EDGE_CURVE('',#6071,#6070,#1239,.T.);
#7787=EDGE_CURVE('',#6074,#6075,#1244,.T.);
#7789=EDGE_CURVE('',#6075,#6074,#1249,.T.);
#7793=EDGE_CURVE('',#6078,#6079,#1254,.T.);
#7795=EDGE_CURVE('',#6079,#6078,#1259,.T.);
#7799=EDGE_CURVE('',#6082,#6083,#1264,.T.);
#7801=EDGE_CURVE('',#6083,#6082,#1269,.T.);
#7805=EDGE_CURVE('',#6086,#6087,#1274,.T.);
#7807=EDGE_CURVE('',#6087,#6086,#1279,.T.);
#7820=EDGE_CURVE('',#5652,#5640,#1287,.T.);
#7833=EDGE_CURVE('',#5642,#5650,#1295,.T.);
#7855=EDGE_CURVE('',#6091,#6093,#1309,.T.);
#7857=EDGE_CURVE('',#6090,#6091,#1304,.T.);
#7859=EDGE_CURVE('',#5923,#6090,#1337,.T.);
#7862=EDGE_CURVE('',#6093,#5922,#1333,.T.);
#7874=EDGE_CURVE('',#6095,#6093,#1329,.T.);
#7876=EDGE_CURVE('',#6099,#6095,#1347,.T.);
#7878=EDGE_CURVE('',#6098,#6099,#1342,.T.);
#7880=EDGE_CURVE('',#6098,#6090,#1314,.T.);
#7890=EDGE_CURVE('',#6093,#6101,#1319,.T.);
#7892=EDGE_CURVE('',#6101,#6090,#1324,.T.);
#7895=EDGE_CURVE('',#6103,#6098,#1357,.T.);
#7897=EDGE_CURVE('',#6095,#6103,#1352,.T.);
#7933=EDGE_CURVE('',#6107,#6109,#1367,.T.);
#7935=EDGE_CURVE('',#6106,#6107,#1362,.T.);
#7937=EDGE_CURVE('',#5927,#6106,#1395,.T.);
#7940=EDGE_CURVE('',#6109,#5926,#1391,.T.);
#7952=EDGE_CURVE('',#6111,#6109,#1387,.T.);
#7954=EDGE_CURVE('',#6115,#6111,#1405,.T.);
#7956=EDGE_CURVE('',#6114,#6115,#1400,.T.);
#7958=EDGE_CURVE('',#6114,#6106,#1372,.T.);
#7968=EDGE_CURVE('',#6109,#6117,#1377,.T.);
#7970=EDGE_CURVE('',#6117,#6106,#1382,.T.);
#7973=EDGE_CURVE('',#6119,#6114,#1415,.T.);
#7975=EDGE_CURVE('',#6111,#6119,#1410,.T.);
#8011=EDGE_CURVE('',#6123,#6125,#1425,.T.);
#8013=EDGE_CURVE('',#6122,#6123,#1420,.T.);
#8015=EDGE_CURVE('',#5931,#6122,#1453,.T.);
#8018=EDGE_CURVE('',#6125,#5930,#1449,.T.);
#8030=EDGE_CURVE('',#6127,#6125,#1445,.T.);
#8032=EDGE_CURVE('',#6131,#6127,#1463,.T.);
#8034=EDGE_CURVE('',#6130,#6131,#1458,.T.);
#8036=EDGE_CURVE('',#6130,#6122,#1430,.T.);
#8046=EDGE_CURVE('',#6125,#6133,#1435,.T.);
#8048=EDGE_CURVE('',#6133,#6122,#1440,.T.);
#8051=EDGE_CURVE('',#6135,#6130,#1473,.T.);
#8053=EDGE_CURVE('',#6127,#6135,#1468,.T.);
#8089=EDGE_CURVE('',#6139,#6141,#1483,.T.);
#8091=EDGE_CURVE('',#6138,#6139,#1478,.T.);
#8093=EDGE_CURVE('',#5935,#6138,#1511,.T.);
#8096=EDGE_CURVE('',#6141,#5934,#1507,.T.);
#8108=EDGE_CURVE('',#6143,#6141,#1503,.T.);
#8110=EDGE_CURVE('',#6147,#6143,#1521,.T.);
#8112=EDGE_CURVE('',#6146,#6147,#1516,.T.);
#8114=EDGE_CURVE('',#6146,#6138,#1488,.T.);
#8124=EDGE_CURVE('',#6141,#6149,#1493,.T.);
#8126=EDGE_CURVE('',#6149,#6138,#1498,.T.);
#8129=EDGE_CURVE('',#6151,#6146,#1531,.T.);
#8131=EDGE_CURVE('',#6143,#6151,#1526,.T.);
#8167=EDGE_CURVE('',#6155,#6157,#1541,.T.);
#8169=EDGE_CURVE('',#6154,#6155,#1536,.T.);
#8171=EDGE_CURVE('',#5939,#6154,#1569,.T.);
#8174=EDGE_CURVE('',#6157,#5938,#1565,.T.);
#8186=EDGE_CURVE('',#6159,#6157,#1561,.T.);
#8188=EDGE_CURVE('',#6163,#6159,#1579,.T.);
#8190=EDGE_CURVE('',#6162,#6163,#1574,.T.);
#8192=EDGE_CURVE('',#6162,#6154,#1546,.T.);
#8202=EDGE_CURVE('',#6157,#6165,#1551,.T.);
#8204=EDGE_CURVE('',#6165,#6154,#1556,.T.);
#8207=EDGE_CURVE('',#6167,#6162,#1589,.T.);
#8209=EDGE_CURVE('',#6159,#6167,#1584,.T.);
#8245=EDGE_CURVE('',#6171,#6173,#1599,.T.);
#8247=EDGE_CURVE('',#6170,#6171,#1594,.T.);
#8249=EDGE_CURVE('',#5943,#6170,#1627,.T.);
#8252=EDGE_CURVE('',#6173,#5942,#1623,.T.);
#8264=EDGE_CURVE('',#6175,#6173,#1619,.T.);
#8266=EDGE_CURVE('',#6179,#6175,#1637,.T.);
#8268=EDGE_CURVE('',#6178,#6179,#1632,.T.);
#8270=EDGE_CURVE('',#6178,#6170,#1604,.T.);
#8280=EDGE_CURVE('',#6173,#6181,#1609,.T.);
#8282=EDGE_CURVE('',#6181,#6170,#1614,.T.);
#8285=EDGE_CURVE('',#6183,#6178,#1647,.T.);
#8287=EDGE_CURVE('',#6175,#6183,#1642,.T.);
#8323=EDGE_CURVE('',#6187,#6189,#1657,.T.);
#8325=EDGE_CURVE('',#6186,#6187,#1652,.T.);
#8327=EDGE_CURVE('',#5947,#6186,#1685,.T.);
#8330=EDGE_CURVE('',#6189,#5946,#1681,.T.);
#8342=EDGE_CURVE('',#6191,#6189,#1677,.T.);
#8344=EDGE_CURVE('',#6195,#6191,#1695,.T.);
#8346=EDGE_CURVE('',#6194,#6195,#1690,.T.);
#8348=EDGE_CURVE('',#6194,#6186,#1662,.T.);
#8358=EDGE_CURVE('',#6189,#6197,#1667,.T.);
#8360=EDGE_CURVE('',#6197,#6186,#1672,.T.);
#8363=EDGE_CURVE('',#6199,#6194,#1705,.T.);
#8365=EDGE_CURVE('',#6191,#6199,#1700,.T.);
#8401=EDGE_CURVE('',#6203,#6205,#1715,.T.);
#8403=EDGE_CURVE('',#6202,#6203,#1710,.T.);
#8405=EDGE_CURVE('',#5951,#6202,#1743,.T.);
#8408=EDGE_CURVE('',#6205,#5950,#1739,.T.);
#8420=EDGE_CURVE('',#6207,#6205,#1735,.T.);
#8422=EDGE_CURVE('',#6211,#6207,#1753,.T.);
#8424=EDGE_CURVE('',#6210,#6211,#1748,.T.);
#8426=EDGE_CURVE('',#6210,#6202,#1720,.T.);
#8436=EDGE_CURVE('',#6205,#6213,#1725,.T.);
#8438=EDGE_CURVE('',#6213,#6202,#1730,.T.);
#8441=EDGE_CURVE('',#6215,#6210,#1763,.T.);
#8443=EDGE_CURVE('',#6207,#6215,#1758,.T.);
#8479=EDGE_CURVE('',#6219,#6221,#1773,.T.);
#8481=EDGE_CURVE('',#6218,#6219,#1768,.T.);
#8483=EDGE_CURVE('',#5955,#6218,#1801,.T.);
#8486=EDGE_CURVE('',#6221,#5954,#1797,.T.);
#8498=EDGE_CURVE('',#6223,#6221,#1793,.T.);
#8500=EDGE_CURVE('',#6227,#6223,#1811,.T.);
#8502=EDGE_CURVE('',#6226,#6227,#1806,.T.);
#8504=EDGE_CURVE('',#6226,#6218,#1778,.T.);
#8514=EDGE_CURVE('',#6221,#6229,#1783,.T.);
#8516=EDGE_CURVE('',#6229,#6218,#1788,.T.);
#8519=EDGE_CURVE('',#6231,#6226,#1821,.T.);
#8521=EDGE_CURVE('',#6223,#6231,#1816,.T.);
#8557=EDGE_CURVE('',#6235,#6237,#1831,.T.);
#8559=EDGE_CURVE('',#6234,#6235,#1826,.T.);
#8561=EDGE_CURVE('',#5959,#6234,#1859,.T.);
#8564=EDGE_CURVE('',#6237,#5958,#1855,.T.);
#8576=EDGE_CURVE('',#6239,#6237,#1851,.T.);
#8578=EDGE_CURVE('',#6243,#6239,#1869,.T.);
#8580=EDGE_CURVE('',#6242,#6243,#1864,.T.);
#8582=EDGE_CURVE('',#6242,#6234,#1836,.T.);
#8592=EDGE_CURVE('',#6237,#6245,#1841,.T.);
#8594=EDGE_CURVE('',#6245,#6234,#1846,.T.);
#8597=EDGE_CURVE('',#6247,#6242,#1879,.T.);
#8599=EDGE_CURVE('',#6239,#6247,#1874,.T.);
#8635=EDGE_CURVE('',#6251,#6253,#1889,.T.);
#8637=EDGE_CURVE('',#6250,#6251,#1884,.T.);
#8639=EDGE_CURVE('',#5963,#6250,#1917,.T.);
#8642=EDGE_CURVE('',#6253,#5962,#1913,.T.);
#8654=EDGE_CURVE('',#6255,#6253,#1909,.T.);
#8656=EDGE_CURVE('',#6259,#6255,#1927,.T.);
#8658=EDGE_CURVE('',#6258,#6259,#1922,.T.);
#8660=EDGE_CURVE('',#6258,#6250,#1894,.T.);
#8670=EDGE_CURVE('',#6253,#6261,#1899,.T.);
#8672=EDGE_CURVE('',#6261,#6250,#1904,.T.);
#8675=EDGE_CURVE('',#6263,#6258,#1937,.T.);
#8677=EDGE_CURVE('',#6255,#6263,#1932,.T.);
#8713=EDGE_CURVE('',#6267,#6269,#1947,.T.);
#8715=EDGE_CURVE('',#6266,#6267,#1942,.T.);
#8717=EDGE_CURVE('',#5967,#6266,#1975,.T.);
#8720=EDGE_CURVE('',#6269,#5966,#1971,.T.);
#8732=EDGE_CURVE('',#6271,#6269,#1967,.T.);
#8734=EDGE_CURVE('',#6275,#6271,#1985,.T.);
#8736=EDGE_CURVE('',#6274,#6275,#1980,.T.);
#8738=EDGE_CURVE('',#6274,#6266,#1952,.T.);
#8748=EDGE_CURVE('',#6269,#6277,#1957,.T.);
#8750=EDGE_CURVE('',#6277,#6266,#1962,.T.);
#8753=EDGE_CURVE('',#6279,#6274,#1995,.T.);
#8755=EDGE_CURVE('',#6271,#6279,#1990,.T.);
#8791=EDGE_CURVE('',#6283,#6285,#2005,.T.);
#8793=EDGE_CURVE('',#6282,#6283,#2000,.T.);
#8795=EDGE_CURVE('',#5971,#6282,#2033,.T.);
#8798=EDGE_CURVE('',#6285,#5970,#2029,.T.);
#8810=EDGE_CURVE('',#6287,#6285,#2025,.T.);
#8812=EDGE_CURVE('',#6291,#6287,#2043,.T.);
#8814=EDGE_CURVE('',#6290,#6291,#2038,.T.);
#8816=EDGE_CURVE('',#6290,#6282,#2010,.T.);
#8826=EDGE_CURVE('',#6285,#6293,#2015,.T.);
#8828=EDGE_CURVE('',#6293,#6282,#2020,.T.);
#8831=EDGE_CURVE('',#6295,#6290,#2053,.T.);
#8833=EDGE_CURVE('',#6287,#6295,#2048,.T.);
#8869=EDGE_CURVE('',#6299,#6301,#2063,.T.);
#8871=EDGE_CURVE('',#6298,#6299,#2058,.T.);
#8873=EDGE_CURVE('',#5975,#6298,#2091,.T.);
#8876=EDGE_CURVE('',#6301,#5974,#2087,.T.);
#8888=EDGE_CURVE('',#6303,#6301,#2083,.T.);
#8890=EDGE_CURVE('',#6307,#6303,#2101,.T.);
#8892=EDGE_CURVE('',#6306,#6307,#2096,.T.);
#8894=EDGE_CURVE('',#6306,#6298,#2068,.T.);
#8904=EDGE_CURVE('',#6301,#6309,#2073,.T.);
#8906=EDGE_CURVE('',#6309,#6298,#2078,.T.);
#8909=EDGE_CURVE('',#6311,#6306,#2111,.T.);
#8911=EDGE_CURVE('',#6303,#6311,#2106,.T.);
#8947=EDGE_CURVE('',#6315,#6317,#2121,.T.);
#8949=EDGE_CURVE('',#6314,#6315,#2116,.T.);
#8951=EDGE_CURVE('',#5979,#6314,#2149,.T.);
#8954=EDGE_CURVE('',#6317,#5978,#2145,.T.);
#8966=EDGE_CURVE('',#6319,#6317,#2141,.T.);
#8968=EDGE_CURVE('',#6323,#6319,#2159,.T.);
#8970=EDGE_CURVE('',#6322,#6323,#2154,.T.);
#8972=EDGE_CURVE('',#6322,#6314,#2126,.T.);
#8982=EDGE_CURVE('',#6317,#6325,#2131,.T.);
#8984=EDGE_CURVE('',#6325,#6314,#2136,.T.);
#8987=EDGE_CURVE('',#6327,#6322,#2169,.T.);
#8989=EDGE_CURVE('',#6319,#6327,#2164,.T.);
#9025=EDGE_CURVE('',#6331,#6333,#2179,.T.);
#9027=EDGE_CURVE('',#6330,#6331,#2174,.T.);
#9029=EDGE_CURVE('',#5983,#6330,#2207,.T.);
#9032=EDGE_CURVE('',#6333,#5982,#2203,.T.);
#9044=EDGE_CURVE('',#6335,#6333,#2199,.T.);
#9046=EDGE_CURVE('',#6339,#6335,#2217,.T.);
#9048=EDGE_CURVE('',#6338,#6339,#2212,.T.);
#9050=EDGE_CURVE('',#6338,#6330,#2184,.T.);
#9060=EDGE_CURVE('',#6333,#6341,#2189,.T.);
#9062=EDGE_CURVE('',#6341,#6330,#2194,.T.);
#9065=EDGE_CURVE('',#6343,#6338,#2227,.T.);
#9067=EDGE_CURVE('',#6335,#6343,#2222,.T.);
#9103=EDGE_CURVE('',#6347,#6349,#2237,.T.);
#9105=EDGE_CURVE('',#6346,#6347,#2232,.T.);
#9107=EDGE_CURVE('',#5987,#6346,#2265,.T.);
#9110=EDGE_CURVE('',#6349,#5986,#2261,.T.);
#9122=EDGE_CURVE('',#6351,#6349,#2257,.T.);
#9124=EDGE_CURVE('',#6355,#6351,#2275,.T.);
#9126=EDGE_CURVE('',#6354,#6355,#2270,.T.);
#9128=EDGE_CURVE('',#6354,#6346,#2242,.T.);
#9138=EDGE_CURVE('',#6349,#6357,#2247,.T.);
#9140=EDGE_CURVE('',#6357,#6346,#2252,.T.);
#9143=EDGE_CURVE('',#6359,#6354,#2285,.T.);
#9145=EDGE_CURVE('',#6351,#6359,#2280,.T.);
#9181=EDGE_CURVE('',#6363,#6365,#2295,.T.);
#9183=EDGE_CURVE('',#6362,#6363,#2290,.T.);
#9185=EDGE_CURVE('',#5991,#6362,#2323,.T.);
#9188=EDGE_CURVE('',#6365,#5990,#2319,.T.);
#9200=EDGE_CURVE('',#6367,#6365,#2315,.T.);
#9202=EDGE_CURVE('',#6371,#6367,#2333,.T.);
#9204=EDGE_CURVE('',#6370,#6371,#2328,.T.);
#9206=EDGE_CURVE('',#6370,#6362,#2300,.T.);
#9216=EDGE_CURVE('',#6365,#6373,#2305,.T.);
#9218=EDGE_CURVE('',#6373,#6362,#2310,.T.);
#9221=EDGE_CURVE('',#6375,#6370,#2343,.T.);
#9223=EDGE_CURVE('',#6367,#6375,#2338,.T.);
#9259=EDGE_CURVE('',#6379,#6381,#2353,.T.);
#9261=EDGE_CURVE('',#6378,#6379,#2348,.T.);
#9263=EDGE_CURVE('',#5995,#6378,#2381,.T.);
#9266=EDGE_CURVE('',#6381,#5994,#2377,.T.);
#9278=EDGE_CURVE('',#6383,#6381,#2373,.T.);
#9280=EDGE_CURVE('',#6387,#6383,#2391,.T.);
#9282=EDGE_CURVE('',#6386,#6387,#2386,.T.);
#9284=EDGE_CURVE('',#6386,#6378,#2358,.T.);
#9294=EDGE_CURVE('',#6381,#6389,#2363,.T.);
#9296=EDGE_CURVE('',#6389,#6378,#2368,.T.);
#9299=EDGE_CURVE('',#6391,#6386,#2401,.T.);
#9301=EDGE_CURVE('',#6383,#6391,#2396,.T.);
#9337=EDGE_CURVE('',#6395,#6397,#2411,.T.);
#9339=EDGE_CURVE('',#6394,#6395,#2406,.T.);
#9341=EDGE_CURVE('',#5999,#6394,#2439,.T.);
#9344=EDGE_CURVE('',#6397,#5998,#2435,.T.);
#9356=EDGE_CURVE('',#6399,#6397,#2431,.T.);
#9358=EDGE_CURVE('',#6403,#6399,#2449,.T.);
#9360=EDGE_CURVE('',#6402,#6403,#2444,.T.);
#9362=EDGE_CURVE('',#6402,#6394,#2416,.T.);
#9372=EDGE_CURVE('',#6397,#6405,#2421,.T.);
#9374=EDGE_CURVE('',#6405,#6394,#2426,.T.);
#9377=EDGE_CURVE('',#6407,#6402,#2459,.T.);
#9379=EDGE_CURVE('',#6399,#6407,#2454,.T.);
#9415=EDGE_CURVE('',#6411,#6413,#2469,.T.);
#9417=EDGE_CURVE('',#6410,#6411,#2464,.T.);
#9419=EDGE_CURVE('',#6003,#6410,#2497,.T.);
#9422=EDGE_CURVE('',#6413,#6002,#2493,.T.);
#9434=EDGE_CURVE('',#6415,#6413,#2489,.T.);
#9436=EDGE_CURVE('',#6419,#6415,#2507,.T.);
#9438=EDGE_CURVE('',#6418,#6419,#2502,.T.);
#9440=EDGE_CURVE('',#6418,#6410,#2474,.T.);
#9450=EDGE_CURVE('',#6413,#6421,#2479,.T.);
#9452=EDGE_CURVE('',#6421,#6410,#2484,.T.);
#9455=EDGE_CURVE('',#6423,#6418,#2517,.T.);
#9457=EDGE_CURVE('',#6415,#6423,#2512,.T.);
#9493=EDGE_CURVE('',#6427,#6429,#2527,.T.);
#9495=EDGE_CURVE('',#6426,#6427,#2522,.T.);
#9497=EDGE_CURVE('',#6007,#6426,#2555,.T.);
#9500=EDGE_CURVE('',#6429,#6006,#2551,.T.);
#9512=EDGE_CURVE('',#6431,#6429,#2547,.T.);
#9514=EDGE_CURVE('',#6435,#6431,#2565,.T.);
#9516=EDGE_CURVE('',#6434,#6435,#2560,.T.);
#9518=EDGE_CURVE('',#6434,#6426,#2532,.T.);
#9528=EDGE_CURVE('',#6429,#6437,#2537,.T.);
#9530=EDGE_CURVE('',#6437,#6426,#2542,.T.);
#9533=EDGE_CURVE('',#6439,#6434,#2575,.T.);
#9535=EDGE_CURVE('',#6431,#6439,#2570,.T.);
#9571=EDGE_CURVE('',#6443,#6445,#2585,.T.);
#9573=EDGE_CURVE('',#6442,#6443,#2580,.T.);
#9575=EDGE_CURVE('',#6011,#6442,#2613,.T.);
#9578=EDGE_CURVE('',#6445,#6010,#2609,.T.);
#9590=EDGE_CURVE('',#6447,#6445,#2605,.T.);
#9592=EDGE_CURVE('',#6451,#6447,#2623,.T.);
#9594=EDGE_CURVE('',#6450,#6451,#2618,.T.);
#9596=EDGE_CURVE('',#6450,#6442,#2590,.T.);
#9606=EDGE_CURVE('',#6445,#6453,#2595,.T.);
#9608=EDGE_CURVE('',#6453,#6442,#2600,.T.);
#9611=EDGE_CURVE('',#6455,#6450,#2633,.T.);
#9613=EDGE_CURVE('',#6447,#6455,#2628,.T.);
#9649=EDGE_CURVE('',#6459,#6461,#2643,.T.);
#9651=EDGE_CURVE('',#6458,#6459,#2638,.T.);
#9653=EDGE_CURVE('',#6015,#6458,#2671,.T.);
#9656=EDGE_CURVE('',#6461,#6014,#2667,.T.);
#9668=EDGE_CURVE('',#6463,#6461,#2663,.T.);
#9670=EDGE_CURVE('',#6467,#6463,#2681,.T.);
#9672=EDGE_CURVE('',#6466,#6467,#2676,.T.);
#9674=EDGE_CURVE('',#6466,#6458,#2648,.T.);
#9684=EDGE_CURVE('',#6461,#6469,#2653,.T.);
#9686=EDGE_CURVE('',#6469,#6458,#2658,.T.);
#9689=EDGE_CURVE('',#6471,#6466,#2691,.T.);
#9691=EDGE_CURVE('',#6463,#6471,#2686,.T.);
#9727=EDGE_CURVE('',#6475,#6477,#2701,.T.);
#9729=EDGE_CURVE('',#6474,#6475,#2696,.T.);
#9731=EDGE_CURVE('',#6019,#6474,#2729,.T.);
#9734=EDGE_CURVE('',#6477,#6018,#2725,.T.);
#9746=EDGE_CURVE('',#6479,#6477,#2721,.T.);
#9748=EDGE_CURVE('',#6483,#6479,#2739,.T.);
#9750=EDGE_CURVE('',#6482,#6483,#2734,.T.);
#9752=EDGE_CURVE('',#6482,#6474,#2706,.T.);
#9762=EDGE_CURVE('',#6477,#6485,#2711,.T.);
#9764=EDGE_CURVE('',#6485,#6474,#2716,.T.);
#9767=EDGE_CURVE('',#6487,#6482,#2749,.T.);
#9769=EDGE_CURVE('',#6479,#6487,#2744,.T.);
#9805=EDGE_CURVE('',#6491,#6493,#2759,.T.);
#9807=EDGE_CURVE('',#6490,#6491,#2754,.T.);
#9809=EDGE_CURVE('',#6023,#6490,#2787,.T.);
#9812=EDGE_CURVE('',#6493,#6022,#2783,.T.);
#9824=EDGE_CURVE('',#6495,#6493,#2779,.T.);
#9826=EDGE_CURVE('',#6499,#6495,#2797,.T.);
#9828=EDGE_CURVE('',#6498,#6499,#2792,.T.);
#9830=EDGE_CURVE('',#6498,#6490,#2764,.T.);
#9840=EDGE_CURVE('',#6493,#6501,#2769,.T.);
#9842=EDGE_CURVE('',#6501,#6490,#2774,.T.);
#9845=EDGE_CURVE('',#6503,#6498,#2807,.T.);
#9847=EDGE_CURVE('',#6495,#6503,#2802,.T.);
#9883=EDGE_CURVE('',#6507,#6509,#2817,.T.);
#9885=EDGE_CURVE('',#6506,#6507,#2812,.T.);
#9887=EDGE_CURVE('',#6027,#6506,#2845,.T.);
#9890=EDGE_CURVE('',#6509,#6026,#2841,.T.);
#9902=EDGE_CURVE('',#6511,#6509,#2837,.T.);
#9904=EDGE_CURVE('',#6515,#6511,#2855,.T.);
#9906=EDGE_CURVE('',#6514,#6515,#2850,.T.);
#9908=EDGE_CURVE('',#6514,#6506,#2822,.T.);
#9918=EDGE_CURVE('',#6509,#6517,#2827,.T.);
#9920=EDGE_CURVE('',#6517,#6506,#2832,.T.);
#9923=EDGE_CURVE('',#6519,#6514,#2865,.T.);
#9925=EDGE_CURVE('',#6511,#6519,#2860,.T.);
#9961=EDGE_CURVE('',#6523,#6525,#2875,.T.);
#9963=EDGE_CURVE('',#6522,#6523,#2870,.T.);
#9965=EDGE_CURVE('',#6031,#6522,#2903,.T.);
#9968=EDGE_CURVE('',#6525,#6030,#2899,.T.);
#9980=EDGE_CURVE('',#6527,#6525,#2895,.T.);
#9982=EDGE_CURVE('',#6531,#6527,#2913,.T.);
#9984=EDGE_CURVE('',#6530,#6531,#2908,.T.);
#9986=EDGE_CURVE('',#6530,#6522,#2880,.T.);
#9996=EDGE_CURVE('',#6525,#6533,#2885,.T.);
#9998=EDGE_CURVE('',#6533,#6522,#2890,.T.);
#10001=EDGE_CURVE('',#6535,#6530,#2923,.T.);
#10003=EDGE_CURVE('',#6527,#6535,#2918,.T.);
#10039=EDGE_CURVE('',#6539,#6541,#2933,.T.);
#10041=EDGE_CURVE('',#6538,#6539,#2928,.T.);
#10043=EDGE_CURVE('',#6035,#6538,#2961,.T.);
#10046=EDGE_CURVE('',#6541,#6034,#2957,.T.);
#10058=EDGE_CURVE('',#6543,#6541,#2953,.T.);
#10060=EDGE_CURVE('',#6547,#6543,#2971,.T.);
#10062=EDGE_CURVE('',#6546,#6547,#2966,.T.);
#10064=EDGE_CURVE('',#6546,#6538,#2938,.T.);
#10074=EDGE_CURVE('',#6541,#6549,#2943,.T.);
#10076=EDGE_CURVE('',#6549,#6538,#2948,.T.);
#10079=EDGE_CURVE('',#6551,#6546,#2981,.T.);
#10081=EDGE_CURVE('',#6543,#6551,#2976,.T.);
#10117=EDGE_CURVE('',#6555,#6557,#2991,.T.);
#10119=EDGE_CURVE('',#6554,#6555,#2986,.T.);
#10121=EDGE_CURVE('',#6039,#6554,#3019,.T.);
#10124=EDGE_CURVE('',#6557,#6038,#3015,.T.);
#10136=EDGE_CURVE('',#6559,#6557,#3011,.T.);
#10138=EDGE_CURVE('',#6563,#6559,#3029,.T.);
#10140=EDGE_CURVE('',#6562,#6563,#3024,.T.);
#10142=EDGE_CURVE('',#6562,#6554,#2996,.T.);
#10152=EDGE_CURVE('',#6557,#6565,#3001,.T.);
#10154=EDGE_CURVE('',#6565,#6554,#3006,.T.);
#10157=EDGE_CURVE('',#6567,#6562,#3039,.T.);
#10159=EDGE_CURVE('',#6559,#6567,#3034,.T.);
#10195=EDGE_CURVE('',#6571,#6573,#3049,.T.);
#10197=EDGE_CURVE('',#6570,#6571,#3044,.T.);
#10199=EDGE_CURVE('',#6043,#6570,#3077,.T.);
#10202=EDGE_CURVE('',#6573,#6042,#3073,.T.);
#10214=EDGE_CURVE('',#6575,#6573,#3069,.T.);
#10216=EDGE_CURVE('',#6579,#6575,#3087,.T.);
#10218=EDGE_CURVE('',#6578,#6579,#3082,.T.);
#10220=EDGE_CURVE('',#6578,#6570,#3054,.T.);
#10230=EDGE_CURVE('',#6573,#6581,#3059,.T.);
#10232=EDGE_CURVE('',#6581,#6570,#3064,.T.);
#10235=EDGE_CURVE('',#6583,#6578,#3097,.T.);
#10237=EDGE_CURVE('',#6575,#6583,#3092,.T.);
#10273=EDGE_CURVE('',#6587,#6589,#3107,.T.);
#10275=EDGE_CURVE('',#6586,#6587,#3102,.T.);
#10277=EDGE_CURVE('',#6047,#6586,#3135,.T.);
#10280=EDGE_CURVE('',#6589,#6046,#3131,.T.);
#10292=EDGE_CURVE('',#6591,#6589,#3127,.T.);
#10294=EDGE_CURVE('',#6595,#6591,#3145,.T.);
#10296=EDGE_CURVE('',#6594,#6595,#3140,.T.);
#10298=EDGE_CURVE('',#6594,#6586,#3112,.T.);
#10308=EDGE_CURVE('',#6589,#6597,#3117,.T.);
#10310=EDGE_CURVE('',#6597,#6586,#3122,.T.);
#10313=EDGE_CURVE('',#6599,#6594,#3155,.T.);
#10315=EDGE_CURVE('',#6591,#6599,#3150,.T.);
#10351=EDGE_CURVE('',#6603,#6605,#3165,.T.);
#10353=EDGE_CURVE('',#6602,#6603,#3160,.T.);
#10355=EDGE_CURVE('',#6051,#6602,#3193,.T.);
#10358=EDGE_CURVE('',#6605,#6050,#3189,.T.);
#10370=EDGE_CURVE('',#6607,#6605,#3185,.T.);
#10372=EDGE_CURVE('',#6611,#6607,#3203,.T.);
#10374=EDGE_CURVE('',#6610,#6611,#3198,.T.);
#10376=EDGE_CURVE('',#6610,#6602,#3170,.T.);
#10386=EDGE_CURVE('',#6605,#6613,#3175,.T.);
#10388=EDGE_CURVE('',#6613,#6602,#3180,.T.);
#10391=EDGE_CURVE('',#6615,#6610,#3213,.T.);
#10393=EDGE_CURVE('',#6607,#6615,#3208,.T.);
#10429=EDGE_CURVE('',#6619,#6621,#3223,.T.);
#10431=EDGE_CURVE('',#6618,#6619,#3218,.T.);
#10433=EDGE_CURVE('',#6055,#6618,#3251,.T.);
#10436=EDGE_CURVE('',#6621,#6054,#3247,.T.);
#10448=EDGE_CURVE('',#6623,#6621,#3243,.T.);
#10450=EDGE_CURVE('',#6627,#6623,#3261,.T.);
#10452=EDGE_CURVE('',#6626,#6627,#3256,.T.);
#10454=EDGE_CURVE('',#6626,#6618,#3228,.T.);
#10464=EDGE_CURVE('',#6621,#6629,#3233,.T.);
#10466=EDGE_CURVE('',#6629,#6618,#3238,.T.);
#10469=EDGE_CURVE('',#6631,#6626,#3271,.T.);
#10471=EDGE_CURVE('',#6623,#6631,#3266,.T.);
#10507=EDGE_CURVE('',#6635,#6637,#3281,.T.);
#10509=EDGE_CURVE('',#6634,#6635,#3276,.T.);
#10511=EDGE_CURVE('',#6059,#6634,#3309,.T.);
#10514=EDGE_CURVE('',#6637,#6058,#3305,.T.);
#10526=EDGE_CURVE('',#6639,#6637,#3301,.T.);
#10528=EDGE_CURVE('',#6643,#6639,#3319,.T.);
#10530=EDGE_CURVE('',#6642,#6643,#3314,.T.);
#10532=EDGE_CURVE('',#6642,#6634,#3286,.T.);
#10542=EDGE_CURVE('',#6637,#6645,#3291,.T.);
#10544=EDGE_CURVE('',#6645,#6634,#3296,.T.);
#10547=EDGE_CURVE('',#6647,#6642,#3329,.T.);
#10549=EDGE_CURVE('',#6639,#6647,#3324,.T.);
#10585=EDGE_CURVE('',#6651,#6653,#3339,.T.);
#10587=EDGE_CURVE('',#6650,#6651,#3334,.T.);
#10589=EDGE_CURVE('',#6063,#6650,#3367,.T.);
#10592=EDGE_CURVE('',#6653,#6062,#3363,.T.);
#10604=EDGE_CURVE('',#6655,#6653,#3359,.T.);
#10606=EDGE_CURVE('',#6659,#6655,#3377,.T.);
#10608=EDGE_CURVE('',#6658,#6659,#3372,.T.);
#10610=EDGE_CURVE('',#6658,#6650,#3344,.T.);
#10620=EDGE_CURVE('',#6653,#6661,#3349,.T.);
#10622=EDGE_CURVE('',#6661,#6650,#3354,.T.);
#10625=EDGE_CURVE('',#6663,#6658,#3387,.T.);
#10627=EDGE_CURVE('',#6655,#6663,#3382,.T.);
#10663=EDGE_CURVE('',#6667,#6669,#3397,.T.);
#10665=EDGE_CURVE('',#6666,#6667,#3392,.T.);
#10667=EDGE_CURVE('',#6067,#6666,#3425,.T.);
#10670=EDGE_CURVE('',#6669,#6066,#3421,.T.);
#10682=EDGE_CURVE('',#6671,#6669,#3417,.T.);
#10684=EDGE_CURVE('',#6675,#6671,#3435,.T.);
#10686=EDGE_CURVE('',#6674,#6675,#3430,.T.);
#10688=EDGE_CURVE('',#6674,#6666,#3402,.T.);
#10698=EDGE_CURVE('',#6669,#6677,#3407,.T.);
#10700=EDGE_CURVE('',#6677,#6666,#3412,.T.);
#10703=EDGE_CURVE('',#6679,#6674,#3445,.T.);
#10705=EDGE_CURVE('',#6671,#6679,#3440,.T.);
#10741=EDGE_CURVE('',#6683,#6685,#3455,.T.);
#10743=EDGE_CURVE('',#6682,#6683,#3450,.T.);
#10745=EDGE_CURVE('',#6071,#6682,#3483,.T.);
#10748=EDGE_CURVE('',#6685,#6070,#3479,.T.);
#10760=EDGE_CURVE('',#6687,#6685,#3475,.T.);
#10762=EDGE_CURVE('',#6691,#6687,#3493,.T.);
#10764=EDGE_CURVE('',#6690,#6691,#3488,.T.);
#10766=EDGE_CURVE('',#6690,#6682,#3460,.T.);
#10776=EDGE_CURVE('',#6685,#6693,#3465,.T.);
#10778=EDGE_CURVE('',#6693,#6682,#3470,.T.);
#10781=EDGE_CURVE('',#6695,#6690,#3503,.T.);
#10783=EDGE_CURVE('',#6687,#6695,#3498,.T.);
#10819=EDGE_CURVE('',#6699,#6701,#3513,.T.);
#10821=EDGE_CURVE('',#6698,#6699,#3508,.T.);
#10823=EDGE_CURVE('',#6075,#6698,#3541,.T.);
#10826=EDGE_CURVE('',#6701,#6074,#3537,.T.);
#10838=EDGE_CURVE('',#6703,#6701,#3533,.T.);
#10840=EDGE_CURVE('',#6707,#6703,#3551,.T.);
#10842=EDGE_CURVE('',#6706,#6707,#3546,.T.);
#10844=EDGE_CURVE('',#6706,#6698,#3518,.T.);
#10854=EDGE_CURVE('',#6701,#6709,#3523,.T.);
#10856=EDGE_CURVE('',#6709,#6698,#3528,.T.);
#10859=EDGE_CURVE('',#6711,#6706,#3561,.T.);
#10861=EDGE_CURVE('',#6703,#6711,#3556,.T.);
#10897=EDGE_CURVE('',#6715,#6717,#3571,.T.);
#10899=EDGE_CURVE('',#6714,#6715,#3566,.T.);
#10901=EDGE_CURVE('',#6079,#6714,#3599,.T.);
#10904=EDGE_CURVE('',#6717,#6078,#3595,.T.);
#10916=EDGE_CURVE('',#6719,#6717,#3591,.T.);
#10918=EDGE_CURVE('',#6723,#6719,#3609,.T.);
#10920=EDGE_CURVE('',#6722,#6723,#3604,.T.);
#10922=EDGE_CURVE('',#6722,#6714,#3576,.T.);
#10932=EDGE_CURVE('',#6717,#6725,#3581,.T.);
#10934=EDGE_CURVE('',#6725,#6714,#3586,.T.);
#10937=EDGE_CURVE('',#6727,#6722,#3619,.T.);
#10939=EDGE_CURVE('',#6719,#6727,#3614,.T.);
#10975=EDGE_CURVE('',#6731,#6733,#3629,.T.);
#10977=EDGE_CURVE('',#6730,#6731,#3624,.T.);
#10979=EDGE_CURVE('',#6083,#6730,#3657,.T.);
#10982=EDGE_CURVE('',#6733,#6082,#3653,.T.);
#10994=EDGE_CURVE('',#6735,#6733,#3649,.T.);
#10996=EDGE_CURVE('',#6739,#6735,#3667,.T.);
#10998=EDGE_CURVE('',#6738,#6739,#3662,.T.);
#11000=EDGE_CURVE('',#6738,#6730,#3634,.T.);
#11010=EDGE_CURVE('',#6733,#6741,#3639,.T.);
#11012=EDGE_CURVE('',#6741,#6730,#3644,.T.);
#11015=EDGE_CURVE('',#6743,#6738,#3677,.T.);
#11017=EDGE_CURVE('',#6735,#6743,#3672,.T.);
#11053=EDGE_CURVE('',#6746,#6747,#3687,.T.);
#11055=EDGE_CURVE('',#6749,#6746,#3682,.T.);
#11057=EDGE_CURVE('',#6087,#6749,#3735,.T.);
#11060=EDGE_CURVE('',#6747,#6086,#3731,.T.);
#11070=EDGE_CURVE('',#6752,#6753,#3702,.T.);
#11072=EDGE_CURVE('',#6755,#6752,#3697,.T.);
#11074=EDGE_CURVE('',#6749,#6755,#3727,.T.);
#11078=EDGE_CURVE('',#6747,#6753,#3692,.T.);
#11090=EDGE_CURVE('',#6753,#6757,#3707,.T.);
#11092=EDGE_CURVE('',#6757,#6755,#3712,.T.);
#11105=EDGE_CURVE('',#6747,#6759,#3717,.T.);
#11107=EDGE_CURVE('',#6759,#6749,#3722,.T.);
#11137=B_SPLINE_CURVE_WITH_KNOTS('',3,(#11126,#11127,#11128,#11129,#11130,
#11131,#11132,#11133,#11134,#11135,#11136),.UNSPECIFIED.,.F.,.F.,(4,1,1,1,1,1,1,
1,4),(0.E0,2.019764208775E-1,2.507803140422E-1,2.995486223635E-1,
3.965505230641E-1,4.998942906063E-1,6.032380581486E-1,7.948717995108E-1,1.E0),
.UNSPECIFIED.);
#11141=EDGE_CURVE('',#6761,#5660,#3739,.T.);
#11144=EDGE_CURVE('',#5659,#6763,#3743,.T.);
#11146=EDGE_CURVE('',#6761,#6763,#3757,.T.);
#11157=EDGE_CURVE('',#6765,#6761,#3883,.T.);
#11159=EDGE_CURVE('',#5662,#6765,#3995,.T.);
#11171=EDGE_CURVE('',#6763,#6767,#3761,.T.);
#11173=EDGE_CURVE('',#6767,#6769,#3766,.T.);
#11175=EDGE_CURVE('',#6769,#6771,#3770,.T.);
#11177=EDGE_CURVE('',#6771,#6772,#3777,.T.);
#11179=EDGE_CURVE('',#6772,#6774,#3781,.T.);
#11181=EDGE_CURVE('',#6774,#6775,#3790,.T.);
#11183=EDGE_CURVE('',#6775,#6777,#3794,.T.);
#11185=EDGE_CURVE('',#6777,#6778,#3803,.T.);
#11187=EDGE_CURVE('',#6778,#6780,#3807,.T.);
#11189=EDGE_CURVE('',#6780,#6781,#3819,.T.);
#11191=EDGE_CURVE('',#6781,#6783,#3823,.T.);
#11193=EDGE_CURVE('',#6783,#6784,#3832,.T.);
#11195=EDGE_CURVE('',#6784,#6786,#3836,.T.);
#11197=EDGE_CURVE('',#6786,#6787,#3846,.T.);
#11199=EDGE_CURVE('',#6787,#6789,#3850,.T.);
#11201=EDGE_CURVE('',#6789,#6790,#3857,.T.);
#11203=EDGE_CURVE('',#6790,#6792,#3861,.T.);
#11205=EDGE_CURVE('',#6792,#6794,#3866,.T.);
#11207=EDGE_CURVE('',#6794,#6796,#3870,.T.);
#11209=EDGE_CURVE('',#6796,#6765,#3879,.T.);
#11220=EDGE_CURVE('',#6767,#5692,#3891,.T.);
#11235=EDGE_CURVE('',#5690,#6769,#3895,.T.);
#11248=EDGE_CURVE('',#6771,#5688,#3899,.T.);
#11262=B_SPLINE_CURVE_WITH_KNOTS('',3,(#11254,#11255,#11256,#11257,#11258,
#11259,#11260,#11261),.UNSPECIFIED.,.F.,.F.,(4,1,1,1,1,4),(0.E0,
1.923076923077E-2,3.373078892473E-1,6.657793419677E-1,9.807692418936E-1,1.E0),
.UNSPECIFIED.);
#11266=EDGE_CURVE('',#6772,#5687,#3903,.T.);
#11281=EDGE_CURVE('',#6774,#5685,#3911,.T.);
#11297=B_SPLINE_CURVE_WITH_KNOTS('',3,(#11287,#11288,#11289,#11290,#11291,
#11292,#11293,#11294,#11295,#11296),.UNSPECIFIED.,.F.,.F.,(4,1,1,1,1,1,1,4),(
0.E0,1.954549668925E-1,3.890892566312E-1,5.978102635605E-1,6.957073201341E-1,
7.449254188565E-1,7.941793903167E-1,1.E0),.UNSPECIFIED.);
#11303=EDGE_CURVE('',#6775,#5684,#3915,.T.);
#11316=EDGE_CURVE('',#6777,#5682,#3923,.T.);
#11332=B_SPLINE_CURVE_WITH_KNOTS('',3,(#11322,#11323,#11324,#11325,#11326,
#11327,#11328,#11329,#11330,#11331),.UNSPECIFIED.,.F.,.F.,(4,1,1,1,1,1,1,4),(
0.E0,2.019005167951E-1,2.506768697340E-1,2.994176558944E-1,3.963647796273E-1,
6.029445210345E-1,7.944861088161E-1,1.E0),.UNSPECIFIED.);
#11338=EDGE_CURVE('',#6778,#5681,#3927,.T.);
#11351=EDGE_CURVE('',#6780,#5679,#3935,.T.);
#11370=B_SPLINE_CURVE_WITH_KNOTS('',3,(#11357,#11358,#11359,#11360,#11361,
#11362,#11363,#11364,#11365,#11366,#11367,#11368,#11369),.UNSPECIFIED.,.F.,.F.,(
4,1,1,1,1,1,1,1,1,1,4),(0.E0,8.736342280170E-2,2.254998526337E-1,
3.586914793827E-1,4.328263894117E-1,5.063096993499E-1,5.776578904556E-1,
6.496375967893E-1,7.777645792080E-1,9.132559690499E-1,1.E0),.UNSPECIFIED.);
#11376=EDGE_CURVE('',#6781,#5678,#3939,.T.);
#11389=EDGE_CURVE('',#6783,#5676,#3947,.T.);
#11405=B_SPLINE_CURVE_WITH_KNOTS('',3,(#11395,#11396,#11397,#11398,#11399,
#11400,#11401,#11402,#11403,#11404),.UNSPECIFIED.,.F.,.F.,(4,1,1,1,1,1,1,4),(
0.E0,1.954550063106E-1,3.890893153829E-1,5.978103248897E-1,6.957073822829E-1,
7.449254815369E-1,7.941794515277E-1,1.E0),.UNSPECIFIED.);
#11411=EDGE_CURVE('',#6784,#5675,#3951,.T.);
#11424=EDGE_CURVE('',#6786,#5673,#3963,.T.);
#11441=B_SPLINE_CURVE_WITH_KNOTS('',3,(#11430,#11431,#11432,#11433,#11434,
#11435,#11436,#11437,#11438,#11439,#11440),.UNSPECIFIED.,.F.,.F.,(4,1,1,1,1,1,1,
1,4),(0.E0,1.991455060184E-1,2.232199884792E-1,2.472891924787E-1,
2.953977706294E-1,3.910874120077E-1,5.934835543458E-1,7.878708500340E-1,1.E0),
.UNSPECIFIED.);
#11445=EDGE_CURVE('',#5672,#6787,#3959,.T.);
#11458=EDGE_CURVE('',#6789,#5670,#3971,.T.);
#11474=B_SPLINE_CURVE_WITH_KNOTS('',3,(#11466,#11467,#11468,#11469,#11470,
#11471,#11472,#11473),.UNSPECIFIED.,.F.,.F.,(4,1,1,1,1,4),(0.E0,
1.923076829201E-2,3.356856968030E-1,6.643115483274E-1,9.807692307821E-1,1.E0),
.UNSPECIFIED.);
#11480=EDGE_CURVE('',#5669,#6790,#3975,.T.);
#11491=EDGE_CURVE('',#6792,#5667,#3979,.T.);
#11506=EDGE_CURVE('',#5665,#6794,#3983,.T.);
#11519=EDGE_CURVE('',#6796,#5663,#3991,.T.);
#11535=B_SPLINE_CURVE_WITH_KNOTS('',3,(#11525,#11526,#11527,#11528,#11529,
#11530,#11531,#11532,#11533,#11534),.UNSPECIFIED.,.F.,.F.,(4,1,1,1,1,1,1,4),(
0.E0,1.954598831585E-1,3.890738142792E-1,5.977907679629E-1,6.956939577189E-1,
7.449151055914E-1,7.941721257444E-1,1.E0),.UNSPECIFIED.);
#11551=EDGE_CURVE('',#6798,#5695,#3999,.T.);
#11554=EDGE_CURVE('',#6800,#5696,#4195,.T.);
#11556=EDGE_CURVE('',#6798,#6800,#4059,.T.);
#11571=B_SPLINE_CURVE_WITH_KNOTS('',3,(#11561,#11562,#11563,#11564,#11565,
#11566,#11567,#11568,#11569,#11570),.UNSPECIFIED.,.F.,.F.,(4,1,1,1,1,1,1,4),(
0.E0,1.954561044923E-1,3.890637833705E-1,5.977830806668E-1,6.956913221671E-1,
7.449149924288E-1,7.941745291121E-1,1.E0),.UNSPECIFIED.);
#11575=EDGE_CURVE('',#6802,#5697,#4007,.T.);
#11579=EDGE_CURVE('',#6802,#6798,#4191,.T.);
#11589=EDGE_CURVE('',#6804,#5699,#4011,.T.);
#11593=EDGE_CURVE('',#6804,#6802,#4182,.T.);
#11608=B_SPLINE_CURVE_WITH_KNOTS('',3,(#11598,#11599,#11600,#11601,#11602,
#11603,#11604,#11605,#11606,#11607),.UNSPECIFIED.,.F.,.F.,(4,1,1,1,1,1,1,4),(
0.E0,2.019077341120E-1,2.506869511124E-1,2.994306060254E-1,3.963835037031E-1,
6.029579575929E-1,7.944788046786E-1,1.E0),.UNSPECIFIED.);
#11612=EDGE_CURVE('',#6806,#5700,#4019,.T.);
#11616=EDGE_CURVE('',#6806,#6804,#4178,.T.);
#11626=EDGE_CURVE('',#6808,#5702,#4023,.T.);
#11630=EDGE_CURVE('',#6808,#6806,#4169,.T.);
#11645=B_SPLINE_CURVE_WITH_KNOTS('',3,(#11635,#11636,#11637,#11638,#11639,
#11640,#11641,#11642,#11643,#11644),.UNSPECIFIED.,.F.,.F.,(4,1,1,1,1,1,1,4),(
0.E0,1.954597748708E-1,3.890735959822E-1,5.977904340228E-1,6.956935695836E-1,
7.449146902143E-1,7.941716787960E-1,1.E0),.UNSPECIFIED.);
#11649=EDGE_CURVE('',#6810,#5703,#4031,.T.);
#11653=EDGE_CURVE('',#6810,#6808,#4165,.T.);
#11663=EDGE_CURVE('',#6812,#5705,#4035,.T.);
#11667=EDGE_CURVE('',#6812,#6810,#4156,.T.);
#11685=B_SPLINE_CURVE_WITH_KNOTS('',3,(#11672,#11673,#11674,#11675,#11676,
#11677,#11678,#11679,#11680,#11681,#11682,#11683,#11684),.UNSPECIFIED.,.F.,.F.,(
4,1,1,1,1,1,1,1,1,1,4),(0.E0,8.736185160587E-2,2.254978710800E-1,
3.586937980100E-1,4.328303033827E-1,5.063152364436E-1,5.776624426704E-1,
6.496411409601E-1,7.777663309738E-1,9.132563259395E-1,1.E0),.UNSPECIFIED.);
#11689=EDGE_CURVE('',#6814,#5706,#4043,.T.);
#11693=EDGE_CURVE('',#6814,#6812,#4152,.T.);
#11703=EDGE_CURVE('',#6816,#5708,#4047,.T.);
#11707=EDGE_CURVE('',#6816,#6814,#4140,.T.);
#11722=B_SPLINE_CURVE_WITH_KNOTS('',3,(#11712,#11713,#11714,#11715,#11716,
#11717,#11718,#11719,#11720,#11721),.UNSPECIFIED.,.F.,.F.,(4,1,1,1,1,1,1,4),(
0.E0,2.019104575570E-1,2.506871710214E-1,2.994283177567E-1,3.963761931065E-1,
6.029486130411E-1,7.944756213362E-1,1.E0),.UNSPECIFIED.);
#11727=EDGE_CURVE('',#6817,#6816,#4136,.T.);
#11729=EDGE_CURVE('',#6817,#5709,#4055,.T.);
#11741=EDGE_CURVE('',#6800,#6818,#4068,.T.);
#11743=EDGE_CURVE('',#6818,#6820,#4072,.T.);
#11745=EDGE_CURVE('',#6820,#6821,#4084,.T.);
#11747=EDGE_CURVE('',#6821,#6823,#4088,.T.);
#11749=EDGE_CURVE('',#6823,#6824,#4097,.T.);
#11751=EDGE_CURVE('',#6824,#6826,#4101,.T.);
#11753=EDGE_CURVE('',#6826,#6827,#4110,.T.);
#11755=EDGE_CURVE('',#6827,#6829,#4114,.T.);
#11757=EDGE_CURVE('',#6829,#6830,#4123,.T.);
#11759=EDGE_CURVE('',#6830,#6817,#4127,.T.);
#11783=B_SPLINE_CURVE_WITH_KNOTS('',3,(#11773,#11774,#11775,#11776,#11777,
#11778,#11779,#11780,#11781,#11782),.UNSPECIFIED.,.F.,.F.,(4,1,1,1,1,1,1,4),(
0.E0,2.019077452698E-1,2.506869662973E-1,2.994306220411E-1,3.963835213815E-1,
6.029579788559E-1,7.944788314783E-1,1.E0),.UNSPECIFIED.);
#11787=EDGE_CURVE('',#6818,#5723,#4199,.T.);
#11802=EDGE_CURVE('',#6820,#5721,#4207,.T.);
#11821=B_SPLINE_CURVE_WITH_KNOTS('',3,(#11808,#11809,#11810,#11811,#11812,
#11813,#11814,#11815,#11816,#11817,#11818,#11819,#11820),.UNSPECIFIED.,.F.,.F.,(
4,1,1,1,1,1,1,1,1,1,4),(0.E0,8.736160246828E-2,2.254983667508E-1,
3.586902350433E-1,4.328252427220E-1,5.063087981026E-1,5.776574659609E-1,
6.496375206563E-1,7.777656166807E-1,9.132576674607E-1,1.E0),.UNSPECIFIED.);
#11827=EDGE_CURVE('',#6821,#5720,#4211,.T.);
#11840=EDGE_CURVE('',#6823,#5718,#4219,.T.);
#11856=B_SPLINE_CURVE_WITH_KNOTS('',3,(#11846,#11847,#11848,#11849,#11850,
#11851,#11852,#11853,#11854,#11855),.UNSPECIFIED.,.F.,.F.,(4,1,1,1,1,1,1,4),(
0.E0,1.954561044416E-1,3.890637832276E-1,5.977830804210E-1,6.956913219064E-1,
7.449149921559E-1,7.941745288408E-1,1.E0),.UNSPECIFIED.);
#11862=EDGE_CURVE('',#6824,#5717,#4223,.T.);
#11875=EDGE_CURVE('',#6826,#5715,#4231,.T.);
#11891=B_SPLINE_CURVE_WITH_KNOTS('',3,(#11881,#11882,#11883,#11884,#11885,
#11886,#11887,#11888,#11889,#11890),.UNSPECIFIED.,.F.,.F.,(4,1,1,1,1,1,1,4),(
0.E0,2.019104468162E-1,2.506871561347E-1,2.994283019228E-1,3.963761753832E-1,
6.029485914463E-1,7.944755939343E-1,1.E0),.UNSPECIFIED.);
#11897=EDGE_CURVE('',#6827,#5714,#4235,.T.);
#11910=EDGE_CURVE('',#6829,#5712,#4243,.T.);
#11926=B_SPLINE_CURVE_WITH_KNOTS('',3,(#11916,#11917,#11918,#11919,#11920,
#11921,#11922,#11923,#11924,#11925),.UNSPECIFIED.,.F.,.F.,(4,1,1,1,1,1,1,4),(
0.E0,1.954597763149E-1,3.890735973070E-1,5.977904346478E-1,6.956935700613E-1,
7.449146906200E-1,7.941716791264E-1,1.E0),.UNSPECIFIED.);
#11932=EDGE_CURVE('',#6830,#5711,#4247,.T.);
#11958=B_SPLINE_CURVE_WITH_KNOTS('',3,(#11950,#11951,#11952,#11953,#11954,
#11955,#11956,#11957),.UNSPECIFIED.,.F.,.F.,(4,1,1,1,1,4),(0.E0,
1.923076848383E-2,3.356634492928E-1,6.642893223236E-1,9.807692307826E-1,1.E0),
.UNSPECIFIED.);
#11962=EDGE_CURVE('',#6832,#5725,#4255,.T.);
#11965=EDGE_CURVE('',#5724,#6834,#4259,.T.);
#11967=EDGE_CURVE('',#6832,#6834,#4270,.T.);
#11978=EDGE_CURVE('',#6836,#6832,#4367,.T.);
#11980=EDGE_CURVE('',#5727,#6836,#4475,.T.);
#11992=EDGE_CURVE('',#6834,#6838,#4274,.T.);
#11994=EDGE_CURVE('',#6838,#6839,#4282,.T.);
#11996=EDGE_CURVE('',#6839,#6841,#4286,.T.);
#11998=EDGE_CURVE('',#6841,#6843,#4291,.T.);
#12000=EDGE_CURVE('',#6843,#6845,#4295,.T.);
#12002=EDGE_CURVE('',#6845,#6846,#4304,.T.);
#12004=EDGE_CURVE('',#6846,#6848,#4308,.T.);
#12006=EDGE_CURVE('',#6848,#6849,#4317,.T.);
#12008=EDGE_CURVE('',#6849,#6851,#4321,.T.);
#12010=EDGE_CURVE('',#6851,#6852,#4328,.T.);
#12012=EDGE_CURVE('',#6852,#6854,#4332,.T.);
#12014=EDGE_CURVE('',#6854,#6855,#4340,.T.);
#12016=EDGE_CURVE('',#6855,#6857,#4344,.T.);
#12018=EDGE_CURVE('',#6857,#6858,#4352,.T.);
#12020=EDGE_CURVE('',#6858,#6860,#4356,.T.);
#12022=EDGE_CURVE('',#6860,#6836,#4363,.T.);
#12027=EDGE_CURVE('',#6861,#6862,#4381,.T.);
#12029=EDGE_CURVE('',#6862,#6864,#4386,.T.);
#12031=EDGE_CURVE('',#6864,#6861,#4391,.T.);
#12041=EDGE_CURVE('',#6838,#5750,#4395,.T.);
#12058=B_SPLINE_CURVE_WITH_KNOTS('',3,(#12049,#12050,#12051,#12052,#12053,
#12054,#12055,#12056,#12057),.UNSPECIFIED.,.F.,.F.,(4,1,1,1,1,1,4),(0.E0,
1.923076921304E-2,3.386285684955E-1,6.609219435633E-1,8.208315128592E-1,
9.807799649379E-1,1.E0),.UNSPECIFIED.);
#12064=EDGE_CURVE('',#6839,#5749,#4399,.T.);
#12077=EDGE_CURVE('',#6841,#5747,#4407,.T.);
#12090=EDGE_CURVE('',#6843,#5745,#4411,.T.);
#12103=EDGE_CURVE('',#6845,#5743,#4419,.T.);
#12119=B_SPLINE_CURVE_WITH_KNOTS('',3,(#12109,#12110,#12111,#12112,#12113,
#12114,#12115,#12116,#12117,#12118),.UNSPECIFIED.,.F.,.F.,(4,1,1,1,1,1,1,4),(
0.E0,1.954416935574E-1,3.890824351960E-1,5.977983807836E-1,6.957010640315E-1,
7.449219571768E-1,7.941787223807E-1,1.E0),.UNSPECIFIED.);
#12125=EDGE_CURVE('',#5742,#6846,#4423,.T.);
#12136=EDGE_CURVE('',#6848,#5740,#4431,.T.);
#12154=B_SPLINE_CURVE_WITH_KNOTS('',3,(#12144,#12145,#12146,#12147,#12148,
#12149,#12150,#12151,#12152,#12153),.UNSPECIFIED.,.F.,.F.,(4,1,1,1,1,1,1,4),(
0.E0,2.019071939308E-1,2.506844530986E-1,2.994261550140E-1,3.963751347556E-1,
6.029499631704E-1,7.944791269706E-1,1.E0),.UNSPECIFIED.);
#12160=EDGE_CURVE('',#6849,#5739,#4435,.T.);
#12173=EDGE_CURVE('',#6851,#5737,#4443,.T.);
#12187=B_SPLINE_CURVE_WITH_KNOTS('',3,(#12179,#12180,#12181,#12182,#12183,
#12184,#12185,#12186),.UNSPECIFIED.,.F.,.F.,(4,1,1,1,1,4),(0.E0,
2.129507315339E-1,4.019476840306E-1,5.981813783971E-1,7.865817869216E-1,1.E0),
.UNSPECIFIED.);
#12193=EDGE_CURVE('',#6852,#5736,#4447,.T.);
#12206=EDGE_CURVE('',#6854,#5734,#4451,.T.);
#12221=B_SPLINE_CURVE_WITH_KNOTS('',3,(#12212,#12213,#12214,#12215,#12216,
#12217,#12218,#12219,#12220),.UNSPECIFIED.,.F.,.F.,(4,1,1,1,1,1,4),(0.E0,
1.923076122659E-2,3.388552018847E-1,6.611609558239E-1,8.209590711503E-1,
9.807692468571E-1,1.E0),.UNSPECIFIED.);
#12227=EDGE_CURVE('',#6855,#5733,#4455,.T.);
#12240=EDGE_CURVE('',#6857,#5731,#4463,.T.);
#12255=B_SPLINE_CURVE_WITH_KNOTS('',3,(#12246,#12247,#12248,#12249,#12250,
#12251,#12252,#12253,#12254),.UNSPECIFIED.,.F.,.F.,(4,1,1,1,1,1,4),(0.E0,
1.923076920227E-2,1.790145800772E-1,3.387860862844E-1,6.610912055956E-1,
9.807693179161E-1,1.E0),.UNSPECIFIED.);
#12259=EDGE_CURVE('',#6858,#5730,#4467,.T.);
#12274=EDGE_CURVE('',#6860,#5728,#4471,.T.);
#12288=B_SPLINE_CURVE_WITH_KNOTS('',3,(#12280,#12281,#12282,#12283,#12284,
#12285,#12286,#12287),.UNSPECIFIED.,.F.,.F.,(4,1,1,1,1,4),(0.E0,
1.922726355904E-2,3.356352669762E-1,6.642568128890E-1,9.807692307825E-1,1.E0),
.UNSPECIFIED.);
#12314=B_SPLINE_CURVE_WITH_KNOTS('',3,(#12299,#12300,#12301,#12302,#12303,
#12304,#12305,#12306,#12307,#12308,#12309,#12310,#12311,#12312,#12313),
.UNSPECIFIED.,.F.,.F.,(4,1,1,1,1,1,1,1,1,1,1,1,4),(0.E0,7.382372267051E-2,
2.154752418E-1,3.590636874143E-1,4.288622100177E-1,4.637513106619E-1,
4.986405036501E-1,5.334454554087E-1,5.682503240252E-1,6.378819975804E-1,
7.817337804749E-1,9.259964908909E-1,1.E0),.UNSPECIFIED.);
#12319=EDGE_CURVE('',#6866,#6861,#4483,.T.);
#12321=EDGE_CURVE('',#6867,#6866,#4502,.T.);
#12323=EDGE_CURVE('',#6867,#6862,#4479,.T.);
#12337=EDGE_CURVE('',#6869,#6867,#4488,.T.);
#12339=EDGE_CURVE('',#6866,#6869,#4507,.T.);
#12363=B_SPLINE_CURVE_WITH_KNOTS('',3,(#12355,#12356,#12357,#12358,#12359,
#12360,#12361,#12362),.UNSPECIFIED.,.F.,.F.,(4,1,1,1,1,4),(0.E0,
1.923076466353E-2,3.356707094208E-1,6.643292588350E-1,9.807692307847E-1,1.E0),
.UNSPECIFIED.);
#12367=EDGE_CURVE('',#6871,#5752,#4511,.T.);
#12370=EDGE_CURVE('',#5751,#6873,#4515,.T.);
#12372=EDGE_CURVE('',#6871,#6873,#4554,.T.);
#12382=EDGE_CURVE('',#6875,#5754,#4519,.T.);
#12386=EDGE_CURVE('',#6875,#6871,#4627,.T.);
#12400=B_SPLINE_CURVE_WITH_KNOTS('',3,(#12391,#12392,#12393,#12394,#12395,
#12396,#12397,#12398,#12399),.UNSPECIFIED.,.F.,.F.,(4,1,1,1,1,1,4),(0.E0,
1.752413030256E-1,2.871764763517E-1,3.990887061949E-1,6.129346716984E-1,
8.256471774151E-1,1.E0),.UNSPECIFIED.);
#12404=EDGE_CURVE('',#6877,#5755,#4527,.T.);
#12408=EDGE_CURVE('',#6877,#6875,#4623,.T.);
#12418=EDGE_CURVE('',#6879,#5757,#4531,.T.);
#12422=EDGE_CURVE('',#6879,#6877,#4615,.T.);
#12435=B_SPLINE_CURVE_WITH_KNOTS('',3,(#12427,#12428,#12429,#12430,#12431,
#12432,#12433,#12434),.UNSPECIFIED.,.F.,.F.,(4,1,1,1,1,4),(0.E0,
1.923076239069E-2,3.356867673256E-1,6.643131126478E-1,9.807692398716E-1,1.E0),
.UNSPECIFIED.);
#12439=EDGE_CURVE('',#6881,#5758,#4535,.T.);
#12443=EDGE_CURVE('',#6881,#6879,#4611,.T.);
#12453=EDGE_CURVE('',#6883,#5760,#4539,.T.);
#12457=EDGE_CURVE('',#6883,#6881,#4604,.T.);
#12470=B_SPLINE_CURVE_WITH_KNOTS('',3,(#12462,#12463,#12464,#12465,#12466,
#12467,#12468,#12469),.UNSPECIFIED.,.F.,.F.,(4,1,1,1,1,4),(0.E0,
1.923076922313E-2,3.356867857282E-1,6.643131254898E-1,9.807692353258E-1,1.E0),
.UNSPECIFIED.);
#12475=EDGE_CURVE('',#6884,#6883,#4600,.T.);
#12477=EDGE_CURVE('',#6884,#5761,#4547,.T.);
#12489=EDGE_CURVE('',#6873,#6886,#4558,.T.);
#12491=EDGE_CURVE('',#6886,#6887,#4566,.T.);
#12493=EDGE_CURVE('',#6887,#6889,#4570,.T.);
#12495=EDGE_CURVE('',#6889,#6890,#4577,.T.);
#12497=EDGE_CURVE('',#6890,#6892,#4581,.T.);
#12499=EDGE_CURVE('',#6892,#6893,#4589,.T.);
#12501=EDGE_CURVE('',#6893,#6884,#4593,.T.);
#12517=EDGE_CURVE('',#6886,#5770,#4631,.T.);
#12534=B_SPLINE_CURVE_WITH_KNOTS('',3,(#12525,#12526,#12527,#12528,#12529,
#12530,#12531,#12532,#12533),.UNSPECIFIED.,.F.,.F.,(4,1,1,1,1,1,4),(0.E0,
1.923076685448E-2,2.403719165816E-1,4.992285916521E-1,7.584846353216E-1,
9.807692402672E-1,1.E0),.UNSPECIFIED.);
#12540=EDGE_CURVE('',#6887,#5769,#4635,.T.);
#12553=EDGE_CURVE('',#6889,#5767,#4639,.T.);
#12567=B_SPLINE_CURVE_WITH_KNOTS('',3,(#12559,#12560,#12561,#12562,#12563,
#12564,#12565,#12566),.UNSPECIFIED.,.F.,.F.,(4,1,1,1,1,4),(0.E0,
1.923076231277E-2,3.356706882143E-1,6.643292218161E-1,9.807692399850E-1,1.E0),
.UNSPECIFIED.);
#12573=EDGE_CURVE('',#6890,#5766,#4643,.T.);
#12586=EDGE_CURVE('',#6892,#5764,#4651,.T.);
#12601=B_SPLINE_CURVE_WITH_KNOTS('',3,(#12592,#12593,#12594,#12595,#12596,
#12597,#12598,#12599,#12600),.UNSPECIFIED.,.F.,.F.,(4,1,1,1,1,1,4),(0.E0,
1.763573913421E-1,3.971429312050E-1,6.101136101625E-1,7.169249031805E-1,
8.237715917882E-1,1.E0),.UNSPECIFIED.);
#12607=EDGE_CURVE('',#6893,#5763,#4655,.T.);
#12633=B_SPLINE_CURVE_WITH_KNOTS('',3,(#12625,#12626,#12627,#12628,#12629,
#12630,#12631,#12632),.UNSPECIFIED.,.F.,.F.,(4,1,1,1,1,4),(0.E0,
1.923076090820E-2,3.360955754567E-1,6.650357342329E-1,9.807692307709E-1,1.E0),
.UNSPECIFIED.);
#12637=EDGE_CURVE('',#6895,#5772,#4659,.T.);
#12640=EDGE_CURVE('',#5771,#6897,#4663,.T.);
#12642=EDGE_CURVE('',#6895,#6897,#4718,.T.);
#12652=EDGE_CURVE('',#6899,#5774,#4667,.T.);
#12656=EDGE_CURVE('',#6899,#6895,#4825,.T.);
#12671=B_SPLINE_CURVE_WITH_KNOTS('',3,(#12661,#12662,#12663,#12664,#12665,
#12666,#12667,#12668,#12669,#12670),.UNSPECIFIED.,.F.,.F.,(4,1,1,1,1,1,1,4),(
0.E0,2.019071908403E-1,2.506844536764E-1,2.994261528692E-1,3.963751272008E-1,
6.029499533657E-1,7.944791239078E-1,1.E0),.UNSPECIFIED.);
#12675=EDGE_CURVE('',#6901,#5775,#4675,.T.);
#12679=EDGE_CURVE('',#6901,#6899,#4821,.T.);
#12689=EDGE_CURVE('',#6903,#5777,#4679,.T.);
#12693=EDGE_CURVE('',#6903,#6901,#4812,.T.);
#12708=B_SPLINE_CURVE_WITH_KNOTS('',3,(#12698,#12699,#12700,#12701,#12702,
#12703,#12704,#12705,#12706,#12707),.UNSPECIFIED.,.F.,.F.,(4,1,1,1,1,1,1,4),(
0.E0,1.954566602364E-1,3.890725910665E-1,5.977917677509E-1,6.956959663954E-1,
7.449176214085E-1,7.941751443611E-1,1.E0),.UNSPECIFIED.);
#12712=EDGE_CURVE('',#6905,#5778,#4687,.T.);
#12716=EDGE_CURVE('',#6905,#6903,#4808,.T.);
#12726=EDGE_CURVE('',#6907,#5780,#4691,.T.);
#12730=EDGE_CURVE('',#6907,#6905,#4799,.T.);
#12748=B_SPLINE_CURVE_WITH_KNOTS('',3,(#12735,#12736,#12737,#12738,#12739,
#12740,#12741,#12742,#12743,#12744,#12745,#12746,#12747),.UNSPECIFIED.,.F.,.F.,(
4,1,1,1,1,1,1,1,1,1,4),(0.E0,8.736169288723E-2,2.254973104375E-1,
3.586932417489E-1,4.328296668612E-1,5.063146038966E-1,5.776619875438E-1,
6.496407898264E-1,7.777665230538E-1,9.132563472402E-1,1.E0),.UNSPECIFIED.);
#12752=EDGE_CURVE('',#6909,#5781,#4699,.T.);
#12756=EDGE_CURVE('',#6909,#6907,#4795,.T.);
#12766=EDGE_CURVE('',#6911,#5783,#4703,.T.);
#12770=EDGE_CURVE('',#6911,#6909,#4783,.T.);
#12785=B_SPLINE_CURVE_WITH_KNOTS('',3,(#12775,#12776,#12777,#12778,#12779,
#12780,#12781,#12782,#12783,#12784),.UNSPECIFIED.,.F.,.F.,(4,1,1,1,1,1,1,4),(
0.E0,2.019071956079E-1,2.506844616041E-1,2.994261604672E-1,3.963751341205E-1,
6.029499588863E-1,7.944791292734E-1,1.E0),.UNSPECIFIED.);
#12790=EDGE_CURVE('',#6912,#6911,#4779,.T.);
#12792=EDGE_CURVE('',#6912,#5784,#4711,.T.);
#12804=EDGE_CURVE('',#6897,#6914,#4722,.T.);
#12806=EDGE_CURVE('',#6914,#6915,#4730,.T.);
#12808=EDGE_CURVE('',#6915,#6917,#4734,.T.);
#12810=EDGE_CURVE('',#6917,#6918,#4742,.T.);
#12812=EDGE_CURVE('',#6918,#6920,#4746,.T.);
#12814=EDGE_CURVE('',#6920,#6921,#4753,.T.);
#12816=EDGE_CURVE('',#6921,#6923,#4757,.T.);
#12818=EDGE_CURVE('',#6923,#6924,#4766,.T.);
#12820=EDGE_CURVE('',#6924,#6912,#4770,.T.);
#12838=EDGE_CURVE('',#6914,#5796,#4829,.T.);
#12855=B_SPLINE_CURVE_WITH_KNOTS('',3,(#12846,#12847,#12848,#12849,#12850,
#12851,#12852,#12853,#12854),.UNSPECIFIED.,.F.,.F.,(4,1,1,1,1,1,4),(0.E0,
1.923076922898E-2,3.385467985494E-1,6.608535149518E-1,8.208055330863E-1,
9.807692347481E-1,1.E0),.UNSPECIFIED.);
#12861=EDGE_CURVE('',#6915,#5795,#4833,.T.);
#12874=EDGE_CURVE('',#6917,#5793,#4841,.T.);
#12889=B_SPLINE_CURVE_WITH_KNOTS('',3,(#12880,#12881,#12882,#12883,#12884,
#12885,#12886,#12887,#12888),.UNSPECIFIED.,.F.,.F.,(4,1,1,1,1,1,4),(0.E0,
2.132097002573E-1,3.084788272481E-1,4.037327203646E-1,5.964596804576E-1,
7.879553327211E-1,1.E0),.UNSPECIFIED.);
#12895=EDGE_CURVE('',#5792,#6918,#4845,.T.);
#12907=EDGE_CURVE('',#5790,#6920,#4853,.T.);
#12922=B_SPLINE_CURVE_WITH_KNOTS('',3,(#12914,#12915,#12916,#12917,#12918,
#12919,#12920,#12921),.UNSPECIFIED.,.F.,.F.,(4,1,1,1,1,4),(0.E0,
1.923076923044E-2,3.367247845033E-1,6.652629192975E-1,9.807692344479E-1,1.E0),
.UNSPECIFIED.);
#12926=EDGE_CURVE('',#6921,#5789,#4857,.T.);
#12941=EDGE_CURVE('',#6923,#5787,#4865,.T.);
#12957=B_SPLINE_CURVE_WITH_KNOTS('',3,(#12947,#12948,#12949,#12950,#12951,
#12952,#12953,#12954,#12955,#12956),.UNSPECIFIED.,.F.,.F.,(4,1,1,1,1,1,1,4),(
0.E0,1.954566607323E-1,3.890725901343E-1,5.977917650050E-1,6.956959631461E-1,
7.449176179103E-1,7.941751422892E-1,1.E0),.UNSPECIFIED.);
#12963=EDGE_CURVE('',#6924,#5786,#4869,.T.);
#12986=EDGE_CURVE('',#6926,#5799,#4877,.T.);
#12989=EDGE_CURVE('',#6928,#5800,#5110,.T.);
#12991=EDGE_CURVE('',#6926,#6928,#4977,.T.);
#13006=B_SPLINE_CURVE_WITH_KNOTS('',3,(#12996,#12997,#12998,#12999,#13000,
#13001,#13002,#13003,#13004,#13005),.UNSPECIFIED.,.F.,.F.,(4,1,1,1,1,1,1,4),(
0.E0,1.954550054259E-1,3.890893123006E-1,5.978103235314E-1,6.957073825694E-1,
7.449254826518E-1,7.941794515613E-1,1.E0),.UNSPECIFIED.);
#13010=EDGE_CURVE('',#6930,#5801,#4885,.T.);
#13014=EDGE_CURVE('',#6930,#6926,#5106,.T.);
#13024=EDGE_CURVE('',#6932,#5803,#4889,.T.);
#13028=EDGE_CURVE('',#6932,#6930,#5097,.T.);
#13043=B_SPLINE_CURVE_WITH_KNOTS('',3,(#13033,#13034,#13035,#13036,#13037,
#13038,#13039,#13040,#13041,#13042),.UNSPECIFIED.,.F.,.F.,(4,1,1,1,1,1,1,4),(
0.E0,2.019106595659E-1,2.506873893813E-1,2.994285584257E-1,3.963764788392E-1,
6.029487425608E-1,7.944753803287E-1,1.E0),.UNSPECIFIED.);
#13047=EDGE_CURVE('',#6934,#5804,#4897,.T.);
#13051=EDGE_CURVE('',#6934,#6932,#5093,.T.);
#13061=EDGE_CURVE('',#6936,#5806,#4901,.T.);
#13065=EDGE_CURVE('',#6936,#6934,#5084,.T.);
#13080=B_SPLINE_CURVE_WITH_KNOTS('',3,(#13070,#13071,#13072,#13073,#13074,
#13075,#13076,#13077,#13078,#13079),.UNSPECIFIED.,.F.,.F.,(4,1,1,1,1,1,1,4),(
0.E0,1.954560950080E-1,3.890638579142E-1,5.977831671503E-1,6.956913723791E-1,
7.449150248983E-1,7.941745403016E-1,1.E0),.UNSPECIFIED.);
#13084=EDGE_CURVE('',#6938,#5807,#4909,.T.);
#13088=EDGE_CURVE('',#6938,#6936,#5080,.T.);
#13098=EDGE_CURVE('',#6940,#5809,#4913,.T.);
#13102=EDGE_CURVE('',#6940,#6938,#5071,.T.);
#13119=B_SPLINE_CURVE_WITH_KNOTS('',3,(#13107,#13108,#13109,#13110,#13111,
#13112,#13113,#13114,#13115,#13116,#13117,#13118),.UNSPECIFIED.,.F.,.F.,(4,1,1,
1,1,1,1,1,1,4),(0.E0,1.510887249048E-1,2.960477169882E-1,4.287865630994E-1,
4.638070367095E-1,4.988269500944E-1,5.689245085763E-1,7.130517896191E-1,
8.604025052744E-1,1.E0),.UNSPECIFIED.);
#13123=EDGE_CURVE('',#6942,#5810,#4921,.T.);
#13127=EDGE_CURVE('',#6942,#6940,#5067,.T.);
#13137=EDGE_CURVE('',#6944,#5812,#4925,.T.);
#13141=EDGE_CURVE('',#6944,#6942,#5056,.T.);
#13156=B_SPLINE_CURVE_WITH_KNOTS('',3,(#13146,#13147,#13148,#13149,#13150,
#13151,#13152,#13153,#13154,#13155),.UNSPECIFIED.,.F.,.F.,(4,1,1,1,1,1,1,4),(
0.E0,1.825692933909E-1,2.346428599542E-1,2.866762529657E-1,3.903861389322E-1,
6.101323028478E-1,8.157878768570E-1,1.E0),.UNSPECIFIED.);
#13160=EDGE_CURVE('',#6946,#5813,#4929,.T.);
#13164=EDGE_CURVE('',#6946,#6944,#5052,.T.);
#13174=EDGE_CURVE('',#6948,#5815,#4933,.T.);
#13178=EDGE_CURVE('',#6948,#6946,#5043,.T.);
#13193=B_SPLINE_CURVE_WITH_KNOTS('',3,(#13183,#13184,#13185,#13186,#13187,
#13188,#13189,#13190,#13191,#13192),.UNSPECIFIED.,.F.,.F.,(4,1,1,1,1,1,1,4),(
0.E0,1.953908628344E-1,3.888497206922E-1,5.979208370214E-1,6.957302772100E-1,
7.449061840011E-1,7.941181688202E-1,1.E0),.UNSPECIFIED.);
#13197=EDGE_CURVE('',#6950,#5816,#4941,.T.);
#13201=EDGE_CURVE('',#6950,#6948,#5039,.T.);
#13211=EDGE_CURVE('',#6952,#5818,#4945,.T.);
#13215=EDGE_CURVE('',#6952,#6950,#5030,.T.);
#13230=B_SPLINE_CURVE_WITH_KNOTS('',3,(#13220,#13221,#13222,#13223,#13224,
#13225,#13226,#13227,#13228,#13229),.UNSPECIFIED.,.F.,.F.,(4,1,1,1,1,1,1,4),(
0.E0,2.019032125026E-1,2.506770586080E-1,2.994153375351E-1,3.963574422182E-1,
6.029351495302E-1,7.944828920688E-1,1.E0),.UNSPECIFIED.);
#13234=EDGE_CURVE('',#6954,#5819,#4953,.T.);
#13238=EDGE_CURVE('',#6954,#6952,#5026,.T.);
#13248=EDGE_CURVE('',#6956,#5821,#4957,.T.);
#13252=EDGE_CURVE('',#6956,#6954,#5017,.T.);
#13267=B_SPLINE_CURVE_WITH_KNOTS('',3,(#13257,#13258,#13259,#13260,#13261,
#13262,#13263,#13264,#13265,#13266),.UNSPECIFIED.,.F.,.F.,(4,1,1,1,1,1,1,4),(
0.E0,1.954513372444E-1,3.890795042584E-1,5.978029800472E-1,6.957051461694E-1,
7.449257964710E-1,7.941823100470E-1,1.E0),.UNSPECIFIED.);
#13271=EDGE_CURVE('',#6958,#5822,#4965,.T.);
#13275=EDGE_CURVE('',#6958,#6956,#5013,.T.);
#13285=EDGE_CURVE('',#6960,#5824,#4969,.T.);
#13289=EDGE_CURVE('',#6960,#6958,#5004,.T.);
#13305=B_SPLINE_CURVE_WITH_KNOTS('',3,(#13294,#13295,#13296,#13297,#13298,
#13299,#13300,#13301,#13302,#13303,#13304),.UNSPECIFIED.,.F.,.F.,(4,1,1,1,1,1,1,
1,4),(0.E0,1.511052416701E-1,2.943009503673E-1,4.310754635163E-1,
4.995666950834E-1,5.680929981705E-1,7.080515752590E-1,8.595285174940E-1,1.E0),
.UNSPECIFIED.);
#13310=EDGE_CURVE('',#6961,#6960,#5000,.T.);
#13312=EDGE_CURVE('',#5825,#6961,#5118,.T.);
#13324=EDGE_CURVE('',#6928,#6962,#4986,.T.);
#13326=EDGE_CURVE('',#6962,#6961,#4990,.T.);
#13358=B_SPLINE_CURVE_WITH_KNOTS('',3,(#13348,#13349,#13350,#13351,#13352,
#13353,#13354,#13355,#13356,#13357),.UNSPECIFIED.,.F.,.F.,(4,1,1,1,1,1,1,4),(
0.E0,1.801267989420E-1,2.321262684453E-1,2.840838034297E-1,3.876309938887E-1,
6.055879377740E-1,8.132429899109E-1,1.E0),.UNSPECIFIED.);
#13363=EDGE_CURVE('',#6962,#5827,#5122,.T.);
#13391=B_SPLINE_CURVE_WITH_KNOTS('',3,(#13382,#13383,#13384,#13385,#13386,
#13387,#13388,#13389,#13390),.UNSPECIFIED.,.F.,.F.,(4,1,1,1,1,1,4),(0.E0,
1.763574083617E-1,3.971429658025E-1,6.101136617581E-1,7.169249635644E-1,
8.237716630066E-1,1.E0),.UNSPECIFIED.);
#13395=EDGE_CURVE('',#6964,#5829,#5126,.T.);
#13398=EDGE_CURVE('',#5828,#6966,#5130,.T.);
#13400=EDGE_CURVE('',#6964,#6966,#5178,.T.);
#13410=EDGE_CURVE('',#6968,#5831,#5134,.T.);
#13414=EDGE_CURVE('',#6968,#6964,#5250,.T.);
#13427=B_SPLINE_CURVE_WITH_KNOTS('',3,(#13419,#13420,#13421,#13422,#13423,
#13424,#13425,#13426),.UNSPECIFIED.,.F.,.F.,(4,1,1,1,1,4),(0.E0,
1.923076509668E-2,3.356706912309E-1,6.643292228079E-1,9.807692390351E-1,1.E0),
.UNSPECIFIED.);
#13431=EDGE_CURVE('',#6970,#5832,#5142,.T.);
#13435=EDGE_CURVE('',#6970,#6968,#5246,.T.);
#13445=EDGE_CURVE('',#6972,#5834,#5146,.T.);
#13449=EDGE_CURVE('',#6972,#6970,#5239,.T.);
#13463=B_SPLINE_CURVE_WITH_KNOTS('',3,(#13454,#13455,#13456,#13457,#13458,
#13459,#13460,#13461,#13462),.UNSPECIFIED.,.F.,.F.,(4,1,1,1,1,1,4),(0.E0,
1.923076496890E-2,2.403719292120E-1,4.992286032961E-1,7.584846441433E-1,
9.807692435965E-1,1.E0),.UNSPECIFIED.);
#13467=EDGE_CURVE('',#6974,#5835,#5150,.T.);
#13471=EDGE_CURVE('',#6974,#6972,#5235,.T.);
#13481=EDGE_CURVE('',#6976,#5837,#5154,.T.);
#13485=EDGE_CURVE('',#6976,#6974,#5227,.T.);
#13498=B_SPLINE_CURVE_WITH_KNOTS('',3,(#13490,#13491,#13492,#13493,#13494,
#13495,#13496,#13497),.UNSPECIFIED.,.F.,.F.,(4,1,1,1,1,4),(0.E0,
1.923076302888E-2,3.356707124639E-1,6.643292684078E-1,9.807692431841E-1,1.E0),
.UNSPECIFIED.);
#13502=EDGE_CURVE('',#6978,#5838,#5158,.T.);
#13506=EDGE_CURVE('',#6978,#6976,#5223,.T.);
#13516=EDGE_CURVE('',#6980,#5840,#5162,.T.);
#13520=EDGE_CURVE('',#6980,#6978,#5216,.T.);
#13534=B_SPLINE_CURVE_WITH_KNOTS('',3,(#13525,#13526,#13527,#13528,#13529,
#13530,#13531,#13532,#13533),.UNSPECIFIED.,.F.,.F.,(4,1,1,1,1,1,4),(0.E0,
1.752413048515E-1,2.871764797268E-1,3.990887097222E-1,6.129346742482E-1,
8.256471781097E-1,1.E0),.UNSPECIFIED.);
#13539=EDGE_CURVE('',#6981,#6980,#5212,.T.);
#13541=EDGE_CURVE('',#6981,#5841,#5170,.T.);
#13553=EDGE_CURVE('',#6966,#6983,#5182,.T.);
#13555=EDGE_CURVE('',#6983,#6984,#5189,.T.);
#13557=EDGE_CURVE('',#6984,#6986,#5193,.T.);
#13559=EDGE_CURVE('',#6986,#6987,#5200,.T.);
#13561=EDGE_CURVE('',#6987,#6981,#5204,.T.);
#13579=EDGE_CURVE('',#6983,#5847,#5254,.T.);
#13595=B_SPLINE_CURVE_WITH_KNOTS('',3,(#13587,#13588,#13589,#13590,#13591,
#13592,#13593,#13594),.UNSPECIFIED.,.F.,.F.,(4,1,1,1,1,4),(0.E0,
1.923076672016E-2,3.356867782353E-1,6.643131303115E-1,9.807692458355E-1,1.E0),
.UNSPECIFIED.);
#13601=EDGE_CURVE('',#6984,#5846,#5258,.T.);
#13614=EDGE_CURVE('',#6986,#5844,#5266,.T.);
#13628=B_SPLINE_CURVE_WITH_KNOTS('',3,(#13620,#13621,#13622,#13623,#13624,
#13625,#13626,#13627),.UNSPECIFIED.,.F.,.F.,(4,1,1,1,1,4),(0.E0,
1.923076422766E-2,3.356867723156E-1,6.643131203371E-1,9.807692458348E-1,1.E0),
.UNSPECIFIED.);
#13634=EDGE_CURVE('',#6987,#5843,#5270,.T.);
#13657=EDGE_CURVE('',#6990,#6991,#5274,.T.);
#13659=EDGE_CURVE('',#5851,#6990,#5412,.T.);
#13662=EDGE_CURVE('',#6991,#5850,#5360,.T.);
#13673=EDGE_CURVE('',#6991,#6993,#5279,.T.);
#13675=EDGE_CURVE('',#6993,#6995,#5284,.T.);
#13677=EDGE_CURVE('',#6995,#6997,#5288,.T.);
#13679=EDGE_CURVE('',#6997,#6999,#5293,.T.);
#13681=EDGE_CURVE('',#6999,#7001,#5298,.T.);
#13683=EDGE_CURVE('',#7003,#7001,#5376,.T.);
#13685=EDGE_CURVE('',#7003,#7005,#5303,.T.);
#13687=EDGE_CURVE('',#7005,#7007,#5308,.T.);
#13689=EDGE_CURVE('',#7007,#7009,#5312,.T.);
#13691=EDGE_CURVE('',#7009,#7011,#5317,.T.);
#13693=EDGE_CURVE('',#7011,#7013,#5322,.T.);
#13695=EDGE_CURVE('',#7013,#7015,#5326,.T.);
#13697=EDGE_CURVE('',#7015,#7017,#5331,.T.);
#13699=EDGE_CURVE('',#7017,#7019,#5336,.T.);
#13701=EDGE_CURVE('',#7021,#7019,#5404,.T.);
#13703=EDGE_CURVE('',#7021,#7023,#5341,.T.);
#13705=EDGE_CURVE('',#7023,#6990,#5346,.T.);
#13709=EDGE_CURVE('',#7026,#7027,#5351,.T.);
#13711=EDGE_CURVE('',#7027,#7026,#5356,.T.);
#13726=EDGE_CURVE('',#5881,#6995,#5364,.T.);
#13739=EDGE_CURVE('',#6997,#5879,#5368,.T.);
#13754=EDGE_CURVE('',#5875,#7001,#5372,.T.);
#13767=EDGE_CURVE('',#7003,#5873,#5380,.T.);
#13782=EDGE_CURVE('',#5869,#7007,#5384,.T.);
#13795=EDGE_CURVE('',#7009,#5867,#5388,.T.);
#13810=EDGE_CURVE('',#5863,#7013,#5392,.T.);
#13823=EDGE_CURVE('',#7015,#5861,#5396,.T.);
#13838=EDGE_CURVE('',#5857,#7019,#5400,.T.);
#13851=EDGE_CURVE('',#7021,#5855,#5408,.T.);
#13875=EDGE_CURVE('',#7026,#7071,#5416,.T.);
#13877=EDGE_CURVE('',#7071,#7070,#5430,.T.);
#13879=EDGE_CURVE('',#7070,#7027,#5420,.T.);
#13891=EDGE_CURVE('',#7070,#7071,#5425,.T.);
#13903=EDGE_CURVE('',#7078,#7079,#5445,.T.);
#13905=EDGE_CURVE('',#7079,#7078,#5450,.T.);
#13919=EDGE_CURVE('',#7082,#7083,#5455,.T.);
#13921=EDGE_CURVE('',#7083,#7082,#5460,.T.);
#13925=EDGE_CURVE('',#7074,#7075,#5435,.T.);
#13927=EDGE_CURVE('',#7075,#7074,#5440,.T.);
#13937=EDGE_CURVE('',#7074,#7067,#5468,.T.);
#13940=EDGE_CURVE('',#7066,#7075,#5464,.T.);
#13942=EDGE_CURVE('',#7067,#7066,#5554,.T.);
#13955=EDGE_CURVE('',#7066,#7067,#5549,.T.);
#13965=EDGE_CURVE('',#7038,#7039,#5472,.T.);
#13967=EDGE_CURVE('',#7039,#7041,#5477,.T.);
#13969=EDGE_CURVE('',#7041,#7043,#5482,.T.);
#13971=EDGE_CURVE('',#7043,#7045,#5486,.T.);
#13973=EDGE_CURVE('',#7045,#7047,#5491,.T.);
#13975=EDGE_CURVE('',#7047,#7049,#5496,.T.);
#13977=EDGE_CURVE('',#7051,#7049,#5574,.T.);
#13979=EDGE_CURVE('',#7051,#7053,#5501,.T.);
#13981=EDGE_CURVE('',#7053,#7031,#5506,.T.);
#13983=EDGE_CURVE('',#7031,#7029,#5510,.T.);
#13985=EDGE_CURVE('',#7029,#7034,#5515,.T.);
#13987=EDGE_CURVE('',#7034,#7035,#5520,.T.);
#13989=EDGE_CURVE('',#7035,#7055,#5524,.T.);
#13991=EDGE_CURVE('',#7055,#7057,#5529,.T.);
#13993=EDGE_CURVE('',#7057,#7059,#5534,.T.);
#13995=EDGE_CURVE('',#7061,#7059,#5602,.T.);
#13997=EDGE_CURVE('',#7061,#7063,#5539,.T.);
#13999=EDGE_CURVE('',#7063,#7038,#5544,.T.);
#14014=EDGE_CURVE('',#7039,#5903,#5558,.T.);
#14017=EDGE_CURVE('',#5905,#7038,#5610,.T.);
#14032=EDGE_CURVE('',#5899,#7043,#5562,.T.);
#14043=EDGE_CURVE('',#7045,#5897,#5566,.T.);
#14060=EDGE_CURVE('',#5893,#7049,#5570,.T.);
#14071=EDGE_CURVE('',#7051,#5891,#5578,.T.);
#14088=EDGE_CURVE('',#5887,#7031,#5582,.T.);
#14099=EDGE_CURVE('',#7029,#5886,#5586,.T.);
#14116=EDGE_CURVE('',#5917,#7035,#5590,.T.);
#14127=EDGE_CURVE('',#7055,#5915,#5594,.T.);
#14144=EDGE_CURVE('',#5911,#7059,#5598,.T.);
#14155=EDGE_CURVE('',#7061,#5909,#5606,.T.);
#14182=EDGE_CURVE('',#7086,#7078,#5614,.T.);
#14185=EDGE_CURVE('',#7087,#7079,#5618,.T.);
#14208=EDGE_CURVE('',#7090,#7082,#5622,.T.);
#14211=EDGE_CURVE('',#7091,#7083,#5626,.T.);
#14228=CLOSED_SHELL('',(#7115,#7142,#7165,#7178,#7533,#7546,#7811,#7824,#7837,
#7849,#7866,#7884,#7902,#7915,#7927,#7944,#7962,#7980,#7993,#8005,#8022,#8040,
#8058,#8071,#8083,#8100,#8118,#8136,#8149,#8161,#8178,#8196,#8214,#8227,#8239,
#8256,#8274,#8292,#8305,#8317,#8334,#8352,#8370,#8383,#8395,#8412,#8430,#8448,
#8461,#8473,#8490,#8508,#8526,#8539,#8551,#8568,#8586,#8604,#8617,#8629,#8646,
#8664,#8682,#8695,#8707,#8724,#8742,#8760,#8773,#8785,#8802,#8820,#8838,#8851,
#8863,#8880,#8898,#8916,#8929,#8941,#8958,#8976,#8994,#9007,#9019,#9036,#9054,
#9072,#9085,#9097,#9114,#9132,#9150,#9163,#9175,#9192,#9210,#9228,#9241,#9253,
#9270,#9288,#9306,#9319,#9331,#9348,#9366,#9384,#9397,#9409,#9426,#9444,#9462,
#9475,#9487,#9504,#9522,#9540,#9553,#9565,#9582,#9600,#9618,#9631,#9643,#9660,
#9678,#9696,#9709,#9721,#9738,#9756,#9774,#9787,#9799,#9816,#9834,#9852,#9865,
#9877,#9894,#9912,#9930,#9943,#9955,#9972,#9990,#10008,#10021,#10033,#10050,
#10068,#10086,#10099,#10111,#10128,#10146,#10164,#10177,#10189,#10206,#10224,
#10242,#10255,#10267,#10284,#10302,#10320,#10333,#10345,#10362,#10380,#10398,
#10411,#10423,#10440,#10458,#10476,#10489,#10501,#10518,#10536,#10554,#10567,
#10579,#10596,#10614,#10632,#10645,#10657,#10674,#10692,#10710,#10723,#10735,
#10752,#10770,#10788,#10801,#10813,#10830,#10848,#10866,#10879,#10891,#10908,
#10926,#10944,#10957,#10969,#10986,#11004,#11022,#11035,#11047,#11064,#11082,
#11096,#11112,#11125,#11150,#11164,#11214,#11227,#11240,#11253,#11273,#11286,
#11308,#11321,#11343,#11356,#11381,#11394,#11416,#11429,#11452,#11465,#11485,
#11498,#11511,#11524,#11545,#11560,#11583,#11597,#11620,#11634,#11657,#11671,
#11697,#11711,#11734,#11772,#11794,#11807,#11832,#11845,#11867,#11880,#11902,
#11915,#11937,#11949,#11971,#11985,#12035,#12048,#12069,#12082,#12095,#12108,
#12130,#12143,#12165,#12178,#12198,#12211,#12232,#12245,#12266,#12279,#12298,
#12327,#12343,#12354,#12376,#12390,#12412,#12426,#12447,#12461,#12482,#12511,
#12524,#12545,#12558,#12578,#12591,#12612,#12624,#12646,#12660,#12683,#12697,
#12720,#12734,#12760,#12774,#12797,#12832,#12845,#12866,#12879,#12900,#12913,
#12933,#12946,#12968,#12980,#12995,#13018,#13032,#13055,#13069,#13092,#13106,
#13131,#13145,#13168,#13182,#13205,#13219,#13242,#13256,#13279,#13293,#13317,
#13347,#13369,#13381,#13404,#13418,#13439,#13453,#13475,#13489,#13510,#13524,
#13546,#13573,#13586,#13606,#13619,#13639,#13651,#13666,#13715,#13730,#13743,
#13758,#13771,#13786,#13799,#13814,#13827,#13842,#13855,#13869,#13884,#13897,
#13913,#13931,#13946,#13959,#14007,#14021,#14036,#14049,#14064,#14077,#14092,
#14105,#14120,#14133,#14148,#14161,#14175,#14189,#14201,#14215,#14227));
#14229=MANIFOLD_SOLID_BREP('',#14228);
#14230=(LENGTH_UNIT()NAMED_UNIT(*)SI_UNIT(.MILLI.,.METRE.));
#14232=(NAMED_UNIT(*)PLANE_ANGLE_UNIT()SI_UNIT($,.RADIAN.));
#14235=(NAMED_UNIT(*)SI_UNIT($,.STERADIAN.)SOLID_ANGLE_UNIT());
#14238=ADVANCED_BREP_SHAPE_REPRESENTATION('',(#14229),#14237);
#14245=PRODUCT_DEFINITION('design','',#14244,#14241);
#14246=PRODUCT_DEFINITION_SHAPE('','SHAPE FOR NODE_--1103250003.',#14245);
#14247=SHAPE_DEFINITION_REPRESENTATION(#14246,#14238);
ENDSEC;
END-ISO-10303-21;
