ISO-10303-21;
HEADER;
FILE_DESCRIPTION((''),'2;1');
FILE_NAME('NODE_--110325000_ASM','2025-11-11T14:47:05',('Admin'),(''),
'CREO PARAMETRIC BY PTC INC, 2024063','CREO PARAMETRIC BY PTC INC, 2024063','');
FILE_SCHEMA(('CONFIG_CONTROL_DESIGN'));
ENDSEC;
DATA;
#1=CARTESIAN_POINT('',(-8.E1,2.947617435808E1,-2.241331352277E0));
#2=DIRECTION('',(-1.E0,0.E0,0.E0));
#3=DIRECTION('',(0.E0,-4.909291083209E-1,-8.711995239916E-1));
#4=AXIS2_PLACEMENT_3D('',#1,#2,#3);
#6=DIRECTION('',(3.404243963817E-4,-9.978779469709E-1,-6.511134356097E-2));
#7=VECTOR('',#6,1.505939803527E0);
#8=CARTESIAN_POINT('',(-7.999999999908E1,2.837673670263E1,-2.206162612544E0));
#9=LINE('',#8,#7);
#10=DIRECTION('',(-3.592554756684E-4,9.978846599219E-1,6.500827968854E-2));
#11=VECTOR('',#10,1.505959833416E0);
#12=CARTESIAN_POINT('',(-7.999945897280E1,2.729806884400E1,-8.803590538288E0));
#13=LINE('',#12,#11);
#14=CARTESIAN_POINT('',(-8.E1,2.988639250782E1,-8.527961695285E0));
#15=DIRECTION('',(-1.E0,0.E0,0.E0));
#16=DIRECTION('',(0.E0,-9.868586936971E-1,-1.615856388246E-1));
#17=AXIS2_PLACEMENT_3D('',#14,#15,#16);
#19=CARTESIAN_POINT('',(-8.E1,2.968128343295E1,-5.384646523781E0));
#20=DIRECTION('',(-1.E0,0.E0,0.E0));
#21=DIRECTION('',(0.E0,-4.909291083316E-1,-8.711995239856E-1));
#22=AXIS2_PLACEMENT_3D('',#19,#20,#21);
#24=DIRECTION('',(1.E0,-1.296740492762E-14,1.089683898670E-14));
#25=VECTOR('',#24,1.6E2);
#26=CARTESIAN_POINT('',(-8.E1,2.893615233892E1,-3.199650828665E0));
#27=LINE('',#26,#25);
#28=DIRECTION('',(-1.E0,0.E0,0.E0));
#29=VECTOR('',#28,1.599470753054E2);
#30=CARTESIAN_POINT('',(7.997353764624E1,2.881619671429E1,-1.361312224810E0));
#31=LINE('',#30,#29);
#32=DIRECTION('',(0.E0,-6.511399202081E-2,9.978778322235E-1));
#33=VECTOR('',#32,1.307754455547E0);
#34=CARTESIAN_POINT('',(8.E1,2.902130545210E1,-4.504630009846E0));
#35=LINE('',#34,#33);
#36=DIRECTION('',(0.E0,6.511399202080E-2,-9.978778322235E-1));
#37=VECTOR('',#36,1.307754455544E0);
#38=CARTESIAN_POINT('',(-8.E1,2.893615233892E1,-3.199650828665E0));
#39=LINE('',#38,#37);
#40=DIRECTION('',(1.E0,0.E0,0.E0));
#41=VECTOR('',#40,1.6E2);
#42=CARTESIAN_POINT('',(-8.E1,2.914126141379E1,-6.342966000167E0));
#43=LINE('',#42,#41);
#44=DIRECTION('',(-1.E0,1.145750161413E-14,1.121325254871E-14));
#45=VECTOR('',#44,1.6E2);
#46=CARTESIAN_POINT('',(8.E1,2.902130545210E1,-4.504630009846E0));
#47=LINE('',#46,#45);
#48=DIRECTION('',(0.E0,-6.511399202080E-2,9.978778322235E-1));
#49=VECTOR('',#48,1.307754455547E0);
#50=CARTESIAN_POINT('',(8.E1,2.922641452697E1,-7.647945181350E0));
#51=LINE('',#50,#49);
#52=DIRECTION('',(0.E0,6.511399202081E-2,-9.978778322235E-1));
#53=VECTOR('',#52,1.307754455550E0);
#54=CARTESIAN_POINT('',(-8.E1,2.914126141379E1,-6.342966000167E0));
#55=LINE('',#54,#53);
#56=DIRECTION('',(1.E0,0.E0,0.E0));
#57=VECTOR('',#56,1.599470753054E2);
#58=CARTESIAN_POINT('',(-7.997353764624E1,2.934637116249E1,-9.486283719238E0));
#59=LINE('',#58,#57);
#60=DIRECTION('',(-1.E0,0.E0,0.E0));
#61=VECTOR('',#60,1.6E2);
#62=CARTESIAN_POINT('',(8.E1,2.922641452697E1,-7.647945181350E0));
#63=LINE('',#62,#61);
#64=CARTESIAN_POINT('',(6.749843620788E1,2.929344085804E1,-8.675129782863E0));
#65=DIRECTION('',(0.E0,-9.978778322235E-1,-6.511399202185E-2));
#66=DIRECTION('',(9.855077283533E-1,1.104532110141E-2,-1.692705474607E-1));
#67=AXIS2_PLACEMENT_3D('',#64,#65,#66);
#69=CARTESIAN_POINT('',(-6.749843620788E1,2.929344085804E1,-8.675129782863E0));
#70=DIRECTION('',(0.E0,-9.978778322235E-1,-6.511399202185E-2));
#71=DIRECTION('',(-9.978838170308E-1,4.233855620515E-3,-6.488422130729E-2));
#72=AXIS2_PLACEMENT_3D('',#69,#70,#71);
#74=DIRECTION('',(1.E0,-1.064176750422E-13,1.630581132331E-12));
#75=VECTOR('',#74,1.587104850986E2);
#76=CARTESIAN_POINT('',(-7.935524243955E1,2.955148893974E1,-1.262963189487E1));
#77=LINE('',#76,#75);
#78=DIRECTION('',(-1.E0,1.111407976535E-13,-1.702608475066E-12));
#79=VECTOR('',#78,1.596376172074E2);
#80=CARTESIAN_POINT('',(7.981880864080E1,2.943152170859E1,-1.079127505949E1));
#81=LINE('',#80,#79);
#82=CARTESIAN_POINT('',(6.749843620788E1,2.929344085804E1,-8.675129782863E0));
#83=DIRECTION('',(0.E0,-9.978778322235E-1,-6.511399202185E-2));
#84=DIRECTION('',(9.067811106973E-1,2.745217157115E-2,-4.207070186705E-1));
#85=AXIS2_PLACEMENT_3D('',#82,#83,#84);
#87=CARTESIAN_POINT('',(-6.749843620788E1,2.929344085804E1,-8.675129782863E0));
#88=DIRECTION('',(0.E0,-9.978778322235E-1,-6.511399202185E-2));
#89=DIRECTION('',(-9.484276641072E-1,2.064072115652E-2,-3.163209234089E-1));
#90=AXIS2_PLACEMENT_3D('',#87,#88,#89);
#92=DIRECTION('',(1.E0,5.778125816752E-14,-8.859945175299E-13));
#93=VECTOR('',#92,1.555584958241E2);
#94=CARTESIAN_POINT('',(-7.777924771584E1,2.975659863515E1,-1.577294991349E1));
#95=LINE('',#94,#93);
#96=DIRECTION('',(-1.E0,-4.164044375688E-14,6.376868931501E-13));
#97=VECTOR('',#96,1.576691861585E2);
#98=CARTESIAN_POINT('',(7.883459322841E1,2.963662680095E1,-1.393462219543E1));
#99=LINE('',#98,#97);
#100=CARTESIAN_POINT('',(6.749843620788E1,2.929344085804E1,-8.675129782863E0));
#101=DIRECTION('',(0.E0,-9.978778322235E-1,-6.511399202185E-2));
#102=DIRECTION('',(7.391259127578E-1,4.385865470893E-2,-6.721378604847E-1));
#103=AXIS2_PLACEMENT_3D('',#100,#101,#102);
#105=CARTESIAN_POINT('',(-6.749843620788E1,2.929344085804E1,-8.675129782863E0));
#106=DIRECTION('',(0.E0,-9.978778322235E-1,-6.511399202185E-2));
#107=DIRECTION('',(-8.223635929375E-1,3.704740793266E-2,-5.677548859996E-1));
#108=AXIS2_PLACEMENT_3D('',#105,#106,#107);
#110=DIRECTION('',(1.E0,-1.161193950571E-12,1.779587443850E-11));
#111=VECTOR('',#110,1.492747187526E2);
#112=CARTESIAN_POINT('',(-7.463736047551E1,2.996168340556E1,-1.891617112604E1));
#113=LINE('',#112,#111);
#114=DIRECTION('',(-1.E0,-3.726849736568E-14,5.712959720404E-13));
#115=VECTOR('',#114,1.534773180347E2);
#116=CARTESIAN_POINT('',(7.673865909190E1,2.984174017443E1,-1.707790357506E1));
#117=LINE('',#116,#115);
#118=CARTESIAN_POINT('',(6.749843620788E1,2.929344085804E1,-8.675129782863E0));
#119=DIRECTION('',(0.E0,-9.978778322235E-1,-6.511399202185E-2));
#120=DIRECTION('',(3.786849932339E-1,6.026466792897E-2,-9.235615007669E-1));
#121=AXIS2_PLACEMENT_3D('',#118,#119,#120);
#123=CARTESIAN_POINT('',(-6.749843620788E1,2.929344085804E1,-8.675129782863E0));
#124=DIRECTION('',(0.E0,-9.978778322235E-1,-6.511399202185E-2));
#125=DIRECTION('',(-5.710396167369E-1,5.345354131824E-2,-8.191803678296E-1));
#126=AXIS2_PLACEMENT_3D('',#123,#124,#125);
#128=DIRECTION('',(1.E0,-1.033076530989E-12,-3.185257898952E-12));
#129=VECTOR('',#128,1.349999966039E2);
#130=CARTESIAN_POINT('',(-6.749999999997E1,2.960984562027E1,-2.118263421933E1));
#131=LINE('',#130,#129);
#132=DIRECTION('',(-1.E0,4.790548000223E-14,-7.343457589047E-13));
#133=VECTOR('',#132,1.444654399869E2);
#134=CARTESIAN_POINT('',(7.223271626532E1,3.004686393216E1,-2.022109333987E1));
#135=LINE('',#134,#133);
#136=DIRECTION('',(1.088129253837E-5,9.979010880855E-1,6.475660799812E-2));
#137=VECTOR('',#136,1.500694566487E0);
#138=CARTESIAN_POINT('',(6.749998027439E1,2.811230087935E1,-2.127981410952E1));
#139=LINE('',#138,#137);
#140=DIRECTION('',(-2.626263417378E-5,-9.978980952114E-1,-6.480270737977E-2));
#141=VECTOR('',#140,1.500961427300E0);
#142=CARTESIAN_POINT('',(-6.749999999997E1,2.960984562027E1,-2.118263421933E1));
#143=LINE('',#142,#141);
#144=DIRECTION('',(9.999999999988E-1,8.070776844043E-7,1.339460114548E-6));
#145=VECTOR('',#144,1.349837135735E2);
#146=CARTESIAN_POINT('',(-6.749352513794E1,2.758024753016E1,-2.081310279364E1));
#147=LINE('',#146,#145);
#148=DIRECTION('',(1.383324824033E-2,7.514951005942E-1,-6.595936287034E-1));
#149=VECTOR('',#148,7.078481368958E-1);
#150=CARTESIAN_POINT('',(6.749018843540E1,2.758035647251E1,-2.081292198834E1));
#151=LINE('',#150,#149);
#152=DIRECTION('',(-9.999999999979E-1,-1.939320957971E-6,-6.405477933283E-7));
#153=VECTOR('',#152,1.350000196938E2);
#154=CARTESIAN_POINT('',(6.749998027439E1,2.811230087935E1,-2.127981410952E1));
#155=LINE('',#154,#153);
#156=DIRECTION('',(9.205730483050E-3,-7.515072534944E-1,6.596605964218E-1));
#157=VECTOR('',#156,7.076332774496E-1);
#158=CARTESIAN_POINT('',(-6.750003941917E1,2.811203907098E1,-2.127990058349E1));
#159=LINE('',#158,#157);
#160=CARTESIAN_POINT('',(6.749452262638E1,2.637159670329E1,-2.339040712411E0));
#161=DIRECTION('',(-3.218199605886E-4,9.978975379646E-1,6.481049418188E-2));
#162=DIRECTION('',(-4.233001867646E-4,-6.481062767161E-2,9.978974914077E-1));
#163=AXIS2_PLACEMENT_3D('',#160,#161,#162);
#165=CARTESIAN_POINT('',(6.749464893822E1,2.679540097833E1,-8.834237051771E0));
#166=DIRECTION('',(-3.166300660860E-4,9.978559699630E-1,6.544740601957E-2));
#167=DIRECTION('',(9.999996329850E-1,2.638484330051E-4,8.151158171576E-4));
#168=AXIS2_PLACEMENT_3D('',#165,#166,#167);
#170=CARTESIAN_POINT('',(-6.749426626E1,2.679517914762E1,-8.834274562507E0));
#171=DIRECTION('',(3.376147833636E-4,9.978568317101E-1,6.543416099919E-2));
#172=DIRECTION('',(4.101696349953E-4,6.543402104155E-2,-9.978568137018E-1));
#173=AXIS2_PLACEMENT_3D('',#170,#171,#172);
#175=CARTESIAN_POINT('',(-6.749491131329E1,2.637189925196E1,-2.339055324455E0));
#176=DIRECTION('',(2.950807726655E-4,9.978980947167E-1,6.480204848761E-2));
#177=DIRECTION('',(-9.999996308021E-1,3.467586904792E-4,-7.862278125824E-4));
#178=AXIS2_PLACEMENT_3D('',#175,#176,#177);
#180=CARTESIAN_POINT('',(-6.749833499581E1,2.637443378713E1,-2.335287371853E0));
#181=DIRECTION('',(0.E0,-9.978778322235E-1,-6.511399202186E-2));
#182=DIRECTION('',(-1.832280377715E-4,-6.511399092884E-2,9.978778154728E-1));
#183=AXIS2_PLACEMENT_3D('',#180,#181,#182);
#185=CARTESIAN_POINT('',(-6.749847471298E1,2.679875286807E1,-8.838015764333E0));
#186=DIRECTION('',(0.E0,-9.978778322235E-1,-6.511399202187E-2));
#187=DIRECTION('',(-9.999999845799E-1,-1.143490646196E-5,1.752409784380E-4));
#188=AXIS2_PLACEMENT_3D('',#185,#186,#187);
#190=CARTESIAN_POINT('',(6.749833686087E1,2.679874379714E1,-8.837876751463E0));
#191=DIRECTION('',(0.E0,-9.978778322235E-1,-6.511399202186E-2));
#192=DIRECTION('',(1.830881379018E-4,6.511399093051E-2,-9.978778154984E-1));
#193=AXIS2_PLACEMENT_3D('',#190,#191,#192);
#195=CARTESIAN_POINT('',(6.749847461448E1,2.637442482342E1,-2.335150002211E0));
#196=DIRECTION('',(0.E0,-9.978778322235E-1,-6.511399202185E-2));
#197=DIRECTION('',(9.999999845741E-1,1.143705874353E-5,-1.752739623496E-4));
#198=AXIS2_PLACEMENT_3D('',#195,#196,#197);
#200=DIRECTION('',(9.999999999977E-1,-2.113999647675E-6,3.735426825236E-7));
#201=VECTOR('',#200,1.350000192014E2);
#202=CARTESIAN_POINT('',(-6.749997852144E1,2.606004994967E1,1.017185390366E1));
#203=LINE('',#202,#201);
#204=DIRECTION('',(-9.093627521388E-3,-6.594236169112E-1,-7.517165685271E-1));
#205=VECTOR('',#204,7.076420819118E-1);
#206=CARTESIAN_POINT('',(6.750004067967E1,2.605976455968E1,1.017190433193E1));
#207=LINE('',#206,#205);
#208=DIRECTION('',(-9.999999999987E-1,1.027052145827E-6,-1.231920872030E-6));
#209=VECTOR('',#208,1.349838612125E2);
#210=CARTESIAN_POINT('',(6.749360564616E1,2.559312865854E1,9.639958054365E0));
#211=LINE('',#210,#209);
#212=DIRECTION('',(-1.373563628737E-2,6.594246919324E-1,7.516451343325E-1));
#213=VECTOR('',#212,7.078634776228E-1);
#214=CARTESIAN_POINT('',(-6.749025556617E1,2.559326729401E1,9.639791764929E0));
#215=LINE('',#214,#213);
#216=DIRECTION('',(2.710302936296E-5,-9.978577715945E-1,-6.542069193966E-2));
#217=VECTOR('',#216,1.500928091327E0);
#218=CARTESIAN_POINT('',(6.749999999997E1,2.755747732021E1,1.027009608621E1));
#219=LINE('',#218,#217);
#220=DIRECTION('',(-1.181839700620E-5,9.978547631690E-1,6.546656766073E-2));
#221=VECTOR('',#220,1.500646612716E0);
#222=CARTESIAN_POINT('',(-6.749997852144E1,2.606004994967E1,1.017185390366E1));
#223=LINE('',#222,#221);
#224=DIRECTION('',(1.E0,-4.888916542322E-14,7.354647010711E-13));
#225=VECTOR('',#224,1.444654399869E2);
#226=CARTESIAN_POINT('',(-7.223271626532E1,2.811574365716E1,9.373499987163E0));
#227=LINE('',#226,#225);
#228=DIRECTION('',(-1.E0,-1.558272895526E-12,3.337774593785E-12));
#229=VECTOR('',#228,1.349999962566E2);
#230=CARTESIAN_POINT('',(6.749999999997E1,2.755747732021E1,1.027009608621E1));
#231=LINE('',#230,#229);
#232=CARTESIAN_POINT('',(6.749843620788E1,2.886912600785E1,-2.172466227149E0));
#233=DIRECTION('',(0.E0,-9.978778322235E-1,-6.511399202185E-2));
#234=DIRECTION('',(5.710396167364E-1,-5.345354131826E-2,8.191803678300E-1));
#235=AXIS2_PLACEMENT_3D('',#232,#233,#234);
#237=CARTESIAN_POINT('',(-6.749843620788E1,2.886912600785E1,-2.172466227149E0));
#238=DIRECTION('',(-5.684341886081E-14,-9.978778322235E-1,-6.511399202184E-2));
#239=DIRECTION('',(-3.786849932330E-1,-6.026466792896E-2,9.235615007673E-1));
#240=AXIS2_PLACEMENT_3D('',#237,#238,#239);
#242=DIRECTION('',(1.E0,3.590275740011E-14,-5.703006022350E-13));
#243=VECTOR('',#242,1.534773180347E2);
#244=CARTESIAN_POINT('',(-7.673865909190E1,2.832082187687E1,6.230307250881E0));
#245=LINE('',#244,#243);
#246=DIRECTION('',(-1.E0,1.162312542817E-12,-1.779498194468E-11));
#247=VECTOR('',#246,1.492747187526E2);
#248=CARTESIAN_POINT('',(7.463736047551E1,2.820086218638E1,8.068573727848E0));
#249=LINE('',#248,#247);
#250=CARTESIAN_POINT('',(6.749843620788E1,2.886912600785E1,-2.172466227149E0));
#251=DIRECTION('',(0.E0,-9.978778322235E-1,-6.511399202185E-2));
#252=DIRECTION('',(8.223635929375E-1,-3.704740793266E-2,5.677548859995E-1));
#253=AXIS2_PLACEMENT_3D('',#250,#251,#252);
#255=CARTESIAN_POINT('',(-6.749843620788E1,2.886912600785E1,-2.172466227149E0));
#256=DIRECTION('',(-5.684341886081E-14,-9.978778322235E-1,-6.511399202184E-2));
#257=DIRECTION('',(-7.391259127581E-1,-4.385865470887E-2,6.721378604845E-1));
#258=AXIS2_PLACEMENT_3D('',#255,#256,#257);
#260=DIRECTION('',(1.E0,3.945477111379E-14,-6.269275252422E-13));
#261=VECTOR('',#260,1.576691861585E2);
#262=CARTESIAN_POINT('',(-7.883459322841E1,2.852592229827E1,3.087025026089E0));
#263=LINE('',#262,#261);
#264=DIRECTION('',(-1.E0,-5.526902955153E-14,8.687400746265E-13));
#265=VECTOR('',#264,1.555584958241E2);
#266=CARTESIAN_POINT('',(7.777924771584E1,2.840598314949E1,4.925354876964E0));
#267=LINE('',#266,#265);
#268=CARTESIAN_POINT('',(6.749843620788E1,2.886912600785E1,-2.172466227149E0));
#269=DIRECTION('',(0.E0,-9.978778322235E-1,-6.511399202185E-2));
#270=DIRECTION('',(9.484276641072E-1,-2.064072115651E-2,3.163209234089E-1));
#271=AXIS2_PLACEMENT_3D('',#268,#269,#270);
#273=CARTESIAN_POINT('',(-6.749843620788E1,2.886912600785E1,-2.172466227149E0));
#274=DIRECTION('',(-5.684341886081E-14,-9.978778322235E-1,-6.511399202184E-2));
#275=DIRECTION('',(-9.067811106976E-1,-2.745217157106E-2,4.207070186699E-1));
#276=AXIS2_PLACEMENT_3D('',#273,#274,#275);
#278=DIRECTION('',(1.E0,-1.119197179414E-13,1.691976213136E-12));
#279=VECTOR('',#278,1.596376172074E2);
#280=CARTESIAN_POINT('',(-7.981880864080E1,2.873103947570E1,
-5.632132125859E-2));
#281=LINE('',#280,#279);
#282=DIRECTION('',(-1.E0,1.387414282524E-13,-2.103271253288E-12));
#283=VECTOR('',#282,1.587104850986E2);
#284=CARTESIAN_POINT('',(7.935524243953E1,2.861109197907E1,1.782036801921E0));
#285=LINE('',#284,#283);
#286=CARTESIAN_POINT('',(6.749843620788E1,2.886912600785E1,-2.172466227149E0));
#287=DIRECTION('',(0.E0,-9.978778322235E-1,-6.511399202185E-2));
#288=DIRECTION('',(9.978838170308E-1,-4.233855620521E-3,6.488422130738E-2));
#289=AXIS2_PLACEMENT_3D('',#286,#287,#288);
#291=CARTESIAN_POINT('',(-6.749843620788E1,2.886912600785E1,-2.172466227149E0));
#292=DIRECTION('',(-5.684341886081E-14,-9.978778322235E-1,-6.511399202184E-2));
#293=DIRECTION('',(-9.855077283534E-1,-1.104532110134E-2,1.692705474605E-1));
#294=AXIS2_PLACEMENT_3D('',#291,#292,#293);
#296=CARTESIAN_POINT('',(7.997353764624E1,2.881619671429E1,-1.361312224810E0));
#297=CARTESIAN_POINT('',(7.997754300686E1,2.872623082129E1,-1.428782895417E0));
#298=CARTESIAN_POINT('',(7.998611943546E1,2.857460688553E1,-1.582903661051E0));
#299=CARTESIAN_POINT('',(7.999718140807E1,2.841900979823E1,-1.882741746556E0));
#300=CARTESIAN_POINT('',(8.000001433529E1,2.838030660906E1,-2.094484052378E0));
#301=CARTESIAN_POINT('',(7.999999999704E1,2.837673373043E1,-2.206178932091E0));
#303=CARTESIAN_POINT('',(6.749843620788E1,2.687528957633E1,-2.302568976507E0));
#304=DIRECTION('',(0.E0,-9.978778322235E-1,-6.511399202185E-2));
#305=DIRECTION('',(9.999999916909E-1,8.393966406622E-6,-1.286382963414E-4));
#306=AXIS2_PLACEMENT_3D('',#303,#304,#305);
#308=CARTESIAN_POINT('',(6.749999999997E1,2.755747732021E1,1.027009608621E1));
#309=CARTESIAN_POINT('',(6.776615089917E1,2.755747919171E1,1.027006284532E1));
#310=CARTESIAN_POINT('',(6.827273771954E1,2.755829341705E1,1.025299945720E1));
#311=CARTESIAN_POINT('',(6.894921951439E1,2.756388345549E1,1.019141213642E1));
#312=CARTESIAN_POINT('',(6.955317627612E1,2.757784289063E1,1.010556714681E1));
#313=CARTESIAN_POINT('',(7.009182763361E1,2.760369809791E1,1.000427252062E1));
#314=CARTESIAN_POINT('',(7.057295192265E1,2.764420037943E1,9.893994391750E0));
#315=CARTESIAN_POINT('',(7.100004619192E1,2.770096344003E1,9.780430415909E0));
#316=CARTESIAN_POINT('',(7.137836119570E1,2.777537065570E1,9.667621990189E0));
#317=CARTESIAN_POINT('',(7.170852936796E1,2.786748795587E1,9.560067290282E0));
#318=CARTESIAN_POINT('',(7.199670533177E1,2.797968534491E1,9.459686765581E0));
#319=CARTESIAN_POINT('',(7.215904349050E1,2.806768685610E1,9.400576238094E0));
#320=CARTESIAN_POINT('',(7.223272372154E1,2.811574365715E1,9.373499987269E0));
#322=CARTESIAN_POINT('',(7.463736047551E1,2.820086218638E1,8.068573727848E0));
#323=CARTESIAN_POINT('',(7.468129740834E1,2.815613414919E1,8.035027022313E0));
#324=CARTESIAN_POINT('',(7.478046037545E1,2.806914945395E1,7.959383312290E0));
#325=CARTESIAN_POINT('',(7.496834193890E1,2.794926324679E1,7.814366851203E0));
#326=CARTESIAN_POINT('',(7.518829687863E1,2.785083731142E1,7.640264022649E0));
#327=CARTESIAN_POINT('',(7.543594221130E1,2.778164044315E1,7.437510087486E0));
#328=CARTESIAN_POINT('',(7.570309054114E1,2.775303692365E1,7.209481635292E0));
#329=CARTESIAN_POINT('',(7.595569580543E1,2.777253490908E1,6.984192509650E0));
#330=CARTESIAN_POINT('',(7.617818916516E1,2.783331687621E1,6.777870441058E0));
#331=CARTESIAN_POINT('',(7.636680641561E1,2.792636383395E1,6.597294940283E0));
#332=CARTESIAN_POINT('',(7.652208751594E1,2.804301835883E1,6.445139370627E0));
#333=CARTESIAN_POINT('',(7.664674227892E1,2.817650692850E1,6.321390284441E0));
#334=CARTESIAN_POINT('',(7.671069593455E1,2.827191724221E1,6.257865977677E0));
#335=CARTESIAN_POINT('',(7.673865894282E1,2.832082187687E1,6.230307250794E0));
#337=CARTESIAN_POINT('',(7.777924771584E1,2.840598314949E1,4.925354876964E0));
#338=CARTESIAN_POINT('',(7.780263516167E1,2.835650623238E1,4.888251005470E0));
#339=CARTESIAN_POINT('',(7.785509747969E1,2.826326125059E1,4.805544210365E0));
#340=CARTESIAN_POINT('',(7.795319593862E1,2.813977651856E1,4.650139044549E0));
#341=CARTESIAN_POINT('',(7.806536217910E1,2.804419430960E1,4.469610454394E0));
#342=CARTESIAN_POINT('',(7.818521695142E1,2.798284509599E1,4.271979213799E0));
#343=CARTESIAN_POINT('',(7.830795325467E1,2.795954227368E1,4.063483282095E0));
#344=CARTESIAN_POINT('',(7.842542696539E1,2.797566475638E1,3.857369333714E0));
#345=CARTESIAN_POINT('',(7.853433097406E1,2.802904477161E1,3.660086484155E0));
#346=CARTESIAN_POINT('',(7.863070942094E1,2.811530398314E1,3.480313005984E0));
#347=CARTESIAN_POINT('',(7.871381719992E1,2.823005400525E1,3.321541815360E0));
#348=CARTESIAN_POINT('',(7.878267884269E1,2.836820622383E1,3.187927204174E0));
#349=CARTESIAN_POINT('',(7.881868508006E1,2.847139430380E1,3.117754145688E0));
#350=CARTESIAN_POINT('',(7.883459293005E1,2.852592229828E1,3.087025025990E0));
#352=CARTESIAN_POINT('',(7.935524243953E1,2.861109197907E1,1.782036801921E0));
#353=CARTESIAN_POINT('',(7.937832457724E1,2.851001144267E1,1.706233973195E0));
#354=CARTESIAN_POINT('',(7.943188371636E1,2.834471930304E1,1.531245900701E0));
#355=CARTESIAN_POINT('',(7.953044596919E1,2.818785204231E1,1.191164157265E0));
#356=CARTESIAN_POINT('',(7.962809775629E1,2.815454869168E1,8.217116747894E-1));
#357=CARTESIAN_POINT('',(7.971142767215E1,2.823640786499E1,4.706836354606E-1));
#358=CARTESIAN_POINT('',(7.977986672719E1,2.844364125005E1,1.468020328474E-1));
#359=CARTESIAN_POINT('',(7.980747014133E1,2.862605248550E1,2.841115867756E-3));
#360=CARTESIAN_POINT('',(7.981880856658E1,2.873103947568E1,-5.632132098849E-2));
#362=CARTESIAN_POINT('',(8.E1,2.947617435808E1,-2.241331352277E0));
#363=DIRECTION('',(1.E0,0.E0,0.E0));
#364=DIRECTION('',(0.E0,-9.994887788747E-1,3.197156398477E-2));
#365=AXIS2_PLACEMENT_3D('',#362,#363,#364);
#367=CARTESIAN_POINT('',(8.E1,2.968128343295E1,-5.384646523781E0));
#368=DIRECTION('',(1.E0,0.E0,0.E0));
#369=DIRECTION('',(0.E0,-5.999799825866E-1,8.000150126687E-1));
#370=AXIS2_PLACEMENT_3D('',#367,#368,#369);
#372=CARTESIAN_POINT('',(8.E1,2.988639250782E1,-8.527961695285E0));
#373=DIRECTION('',(1.E0,0.E0,0.E0));
#374=DIRECTION('',(0.E0,-5.999799825866E-1,8.000150126688E-1));
#375=AXIS2_PLACEMENT_3D('',#372,#373,#374);
#377=DIRECTION('',(-3.462681587551E-4,-9.978776169648E-1,-6.511637013028E-2));
#378=VECTOR('',#377,1.505987729510E0);
#379=CARTESIAN_POINT('',(7.999999999908E1,2.880084794733E1,-8.705705918690E0));
#380=LINE('',#379,#378);
#381=DIRECTION('',(3.563901189059E-4,9.978706115218E-1,6.522358198746E-2));
#382=VECTOR('',#381,1.505918531755E0);
#383=CARTESIAN_POINT('',(7.999946330256E1,2.687402188425E1,-2.304400332914E0));
#384=LINE('',#383,#382);
#385=CARTESIAN_POINT('',(7.883459322841E1,2.963662680095E1,-1.393462219543E1));
#386=CARTESIAN_POINT('',(7.881868466527E1,2.958655223964E1,-1.397217842721E1));
#387=CARTESIAN_POINT('',(7.878266704681E1,2.949337487633E1,-1.405518419171E1));
#388=CARTESIAN_POINT('',(7.871400671260E1,2.937400798747E1,-1.420519631521E1));
#389=CARTESIAN_POINT('',(7.863073643863E1,2.928060827318E1,-1.437788361593E1));
#390=CARTESIAN_POINT('',(7.853444847814E1,2.921848934929E1,-1.456716875085E1));
#391=CARTESIAN_POINT('',(7.842543304014E1,2.919112706112E1,-1.476993466544E1));
#392=CARTESIAN_POINT('',(7.830792917877E1,2.920195662604E1,-1.497644103862E1));
#393=CARTESIAN_POINT('',(7.818527346011E1,2.925210642406E1,-1.518001165426E1));
#394=CARTESIAN_POINT('',(7.806532734882E1,2.933868383357E1,-1.536813857063E1));
#395=CARTESIAN_POINT('',(7.795322591079E1,2.945684255637E1,-1.553461913056E1));
#396=CARTESIAN_POINT('',(7.785500034690E1,2.959966962791E1,-1.567283684280E1));
#397=CARTESIAN_POINT('',(7.780260257184E1,2.970279554088E1,-1.574263309084E1));
#398=CARTESIAN_POINT('',(7.777924810831E1,2.975659863516E1,-1.577294991363E1));
#400=CARTESIAN_POINT('',(7.673865909190E1,2.984174017443E1,-1.707790357506E1));
#401=CARTESIAN_POINT('',(7.671075531602E1,2.979692666310E1,-1.711151250669E1));
#402=CARTESIAN_POINT('',(7.664690834212E1,2.971068418778E1,-1.718677523759E1));
#403=CARTESIAN_POINT('',(7.652232154182E1,2.959437977397E1,-1.732675970852E1));
#404=CARTESIAN_POINT('',(7.636693689339E1,2.949837445212E1,-1.749290621584E1));
#405=CARTESIAN_POINT('',(7.617865275271E1,2.942971322524E1,-1.768369866154E1));
#406=CARTESIAN_POINT('',(7.595698673907E1,2.939608029987E1,-1.789547223079E1));
#407=CARTESIAN_POINT('',(7.570222409907E1,2.940602846626E1,-1.812334152072E1));
#408=CARTESIAN_POINT('',(7.543467782544E1,2.946439449467E1,-1.834595059197E1));
#409=CARTESIAN_POINT('',(7.518692488226E1,2.955958770433E1,-1.853801422928E1));
#410=CARTESIAN_POINT('',(7.496662693796E1,2.968021449144E1,-1.869803478224E1));
#411=CARTESIAN_POINT('',(7.477831290743E1,2.981872323475E1,-1.882644069066E1));
#412=CARTESIAN_POINT('',(7.468049415628E1,2.991386324112E1,-1.888922182458E1));
#413=CARTESIAN_POINT('',(7.463735827707E1,2.996168340538E1,-1.891617112338E1));
#415=CARTESIAN_POINT('',(7.223271626532E1,3.004686393216E1,-2.022109333987E1));
#416=CARTESIAN_POINT('',(7.215906173606E1,3.000274863329E1,-2.025417350893E1));
#417=CARTESIAN_POINT('',(7.199676715318E1,2.992318442428E1,-2.032420572509E1));
#418=CARTESIAN_POINT('',(7.170859316100E1,2.982497371452E1,-2.043831625115E1));
#419=CARTESIAN_POINT('',(7.137828109708E1,2.974757849148E1,-2.055698310887E1));
#420=CARTESIAN_POINT('',(7.099979075059E1,2.968844910461E1,-2.067855247386E1));
#421=CARTESIAN_POINT('',(7.057265959578E1,2.964693678851E1,-2.079852819866E1));
#422=CARTESIAN_POINT('',(7.009147381832E1,2.962111734174E1,-2.091313466493E1));
#423=CARTESIAN_POINT('',(6.955283504513E1,2.960865394605E1,-2.101691080487E1));
#424=CARTESIAN_POINT('',(6.894887456530E1,2.960597286408E1,-2.110382543292E1));
#425=CARTESIAN_POINT('',(6.827244518005E1,2.960843432196E1,-2.116559161132E1));
#426=CARTESIAN_POINT('',(6.776603756271E1,2.960984317298E1,-2.118260124573E1));
#427=CARTESIAN_POINT('',(6.749999660389E1,2.960984562013E1,-2.118263421976E1));
#429=CARTESIAN_POINT('',(6.749843620788E1,2.729977593862E1,-8.805221340633E0));
#430=DIRECTION('',(0.E0,-9.978778322235E-1,-6.511399202185E-2));
#431=DIRECTION('',(1.242793400321E-4,6.511399151899E-2,-9.978778245172E-1));
#432=AXIS2_PLACEMENT_3D('',#429,#430,#431);
#434=CARTESIAN_POINT('',(7.999999999908E1,2.880084794733E1,-8.705705918690E0));
#435=CARTESIAN_POINT('',(8.000001390566E1,2.881890176011E1,-8.815966744420E0));
#436=CARTESIAN_POINT('',(7.999718152116E1,2.888479275599E1,-9.020898412249E0));
#437=CARTESIAN_POINT('',(7.998611922571E1,2.907803655654E1,-9.297967669012E0));
#438=CARTESIAN_POINT('',(7.997754296516E1,2.924840156321E1,-9.431077143497E0));
#439=CARTESIAN_POINT('',(7.997353765917E1,2.934637116249E1,-9.486283719239E0));
#441=CARTESIAN_POINT('',(7.981880864080E1,2.943152170859E1,-1.079127505949E1));
#442=CARTESIAN_POINT('',(7.980744665776E1,2.933491291974E1,-1.086372927373E1));
#443=CARTESIAN_POINT('',(7.977978750047E1,2.917257680400E1,-1.103048413995E1));
#444=CARTESIAN_POINT('',(7.971123182894E1,2.900928954063E1,-1.137902841634E1));
#445=CARTESIAN_POINT('',(7.962795541562E1,2.897430721346E1,-1.173722577139E1));
#446=CARTESIAN_POINT('',(7.953106171188E1,2.905419669014E1,-1.209664015084E1));
#447=CARTESIAN_POINT('',(7.943180958698E1,2.925476912068E1,-1.241588158625E1));
#448=CARTESIAN_POINT('',(7.937831626558E1,2.944145551544E1,-1.256763035195E1));
#449=CARTESIAN_POINT('',(7.935524265904E1,2.955148893972E1,-1.262963189461E1));
#451=CARTESIAN_POINT('',(7.999947852349E1,2.729805650063E1,-8.803770373096E0));
#452=CARTESIAN_POINT('',(7.983273085473E1,2.713164991494E1,-8.814695923990E0));
#453=CARTESIAN_POINT('',(7.966572143672E1,2.696470798893E1,-8.818044449528E0));
#454=CARTESIAN_POINT('',(7.949897377709E1,2.679830374750E1,-8.829005786260E0));
#456=DIRECTION('',(-2.582999119911E-5,-6.511651979339E-2,9.978776669426E-1));
#457=VECTOR('',#456,6.501952207776E0);
#458=CARTESIAN_POINT('',(7.949897377709E1,2.679830374750E1,-8.829005786260E0));
#459=LINE('',#458,#457);
#460=DIRECTION('',(7.072659908691E-1,7.050695160357E-1,5.149558929686E-2));
#461=VECTOR('',#460,7.078772022195E-1);
#462=CARTESIAN_POINT('',(7.949880583172E1,2.637491924787E1,-2.340852886592E0));
#463=LINE('',#462,#461);
#464=DIRECTION('',(2.336939583524E-6,6.510400507645E-2,-9.978784838434E-1));
#465=VECTOR('',#464,6.513187873487E0);
#466=CARTESIAN_POINT('',(7.999946330256E1,2.687402188425E1,-2.304400332914E0));
#467=LINE('',#466,#465);
#468=CARTESIAN_POINT('',(-7.999999999908E1,2.837673670263E1,-2.206162612544E0));
#469=CARTESIAN_POINT('',(-8.000001390566E1,2.838030885240E1,-2.094490639388E0));
#470=CARTESIAN_POINT('',(-7.999718152116E1,2.841900991067E1,-1.882734081838E0));
#471=CARTESIAN_POINT('',(-7.998611922571E1,2.857460947130E1,-1.582901934556E0));
#472=CARTESIAN_POINT('',(-7.997754296516E1,2.872623204814E1,-1.428781975333E0));
#473=CARTESIAN_POINT('',(-7.997353765917E1,2.881619671429E1,-1.361312224809E0));
#475=CARTESIAN_POINT('',(-7.981880864080E1,2.873103947570E1,
-5.632132125859E-2));
#476=CARTESIAN_POINT('',(-7.980744665776E1,2.862583435452E1,2.964037124915E-3));
#477=CARTESIAN_POINT('',(-7.977978750047E1,2.844320472974E1,1.472090371498E-1));
#478=CARTESIAN_POINT('',(-7.971123182895E1,2.823600819467E1,4.715783310846E-1));
#479=CARTESIAN_POINT('',(-7.962795541561E1,2.815477417987E1,8.221922829283E-1));
#480=CARTESIAN_POINT('',(-7.953106171187E1,2.818727974036E1,1.188940716044E0));
#481=CARTESIAN_POINT('',(-7.943180958697E1,2.834466544292E1,1.531539803325E0));
#482=CARTESIAN_POINT('',(-7.937831626558E1,2.851004880209E1,1.706261989615E0));
#483=CARTESIAN_POINT('',(-7.935524265904E1,2.861109197909E1,1.782036801587E0));
#485=CARTESIAN_POINT('',(-7.883459322841E1,2.852592229827E1,3.087025026089E0));
#486=CARTESIAN_POINT('',(-7.881868458657E1,2.847139158951E1,3.117755675416E0));
#487=CARTESIAN_POINT('',(-7.878266690579E1,2.836821727856E1,3.187949161666E0));
#488=CARTESIAN_POINT('',(-7.871400550561E1,2.823036701570E1,3.321179340974E0));
#489=CARTESIAN_POINT('',(-7.863073686617E1,2.811532055786E1,3.480261759416E0));
#490=CARTESIAN_POINT('',(-7.853444616086E1,2.802912823944E1,3.659874451655E0));
#491=CARTESIAN_POINT('',(-7.842543168607E1,2.797564998E1,3.857363275392E0));
#492=CARTESIAN_POINT('',(-7.830792986505E1,2.795955183557E1,4.063522327663E0));
#493=CARTESIAN_POINT('',(-7.818527263193E1,2.798282259202E1,4.271886324546E0));
#494=CARTESIAN_POINT('',(-7.806532957020E1,2.804421648451E1,4.469663870868E0));
#495=CARTESIAN_POINT('',(-7.795322522411E1,2.813974106483E1,4.650092379143E0));
#496=CARTESIAN_POINT('',(-7.785500250708E1,2.826339176100E1,4.805694132915E0));
#497=CARTESIAN_POINT('',(-7.780260327304E1,2.835657452413E1,4.888302219153E0));
#498=CARTESIAN_POINT('',(-7.777924810831E1,2.840598314949E1,4.925354877099E0));
#500=CARTESIAN_POINT('',(-7.673865909190E1,2.832082187687E1,6.230307250881E0));
#501=CARTESIAN_POINT('',(-7.671075531614E1,2.827202083420E1,6.257807601630E0));
#502=CARTESIAN_POINT('',(-7.664690834247E1,2.817672915262E1,6.321224780387E0));
#503=CARTESIAN_POINT('',(-7.652232154195E1,2.804321975229E1,6.444908283460E0));
#504=CARTESIAN_POINT('',(-7.636693689385E1,2.792643751596E1,6.597169876976E0));
#505=CARTESIAN_POINT('',(-7.617865275329E1,2.783356472607E1,6.777421829193E0));
#506=CARTESIAN_POINT('',(-7.595698674054E1,2.777269667855E1,6.983028975884E0));
#507=CARTESIAN_POINT('',(-7.570222409985E1,2.775294850447E1,7.210258791818E0));
#508=CARTESIAN_POINT('',(-7.543467782534E1,2.778189119958E1,7.438564973567E0));
#509=CARTESIAN_POINT('',(-7.518692488228E1,2.785131822231E1,7.641370487331E0));
#510=CARTESIAN_POINT('',(-7.496662693824E1,2.795012720484E1,7.815709765788E0));
#511=CARTESIAN_POINT('',(-7.477831290809E1,2.807077488458E1,7.961026270327E0));
#512=CARTESIAN_POINT('',(-7.468049415653E1,2.815694962595E1,8.035638639454E0));
#513=CARTESIAN_POINT('',(-7.463735827707E1,2.820086218655E1,8.068573725191E0));
#515=CARTESIAN_POINT('',(-7.223271626532E1,2.811574365716E1,9.373499987163E0));
#516=CARTESIAN_POINT('',(-7.215906173608E1,2.806770361970E1,9.400566793012E0));
#517=CARTESIAN_POINT('',(-7.199676715325E1,2.797971328863E1,9.459665661772E0));
#518=CARTESIAN_POINT('',(-7.170859316117E1,2.786750652517E1,9.560045928210E0));
#519=CARTESIAN_POINT('',(-7.137828109732E1,2.777534663740E1,9.667648896335E0));
#520=CARTESIAN_POINT('',(-7.099979075111E1,2.770092051213E1,9.780503434438E0));
#521=CARTESIAN_POINT('',(-7.057265959594E1,2.764416916691E1,9.894067212650E0));
#522=CARTESIAN_POINT('',(-7.009147382066E1,2.760367536457E1,1.000434657595E1));
#523=CARTESIAN_POINT('',(-6.955283504033E1,2.757783177699E1,1.010562308970E1));
#524=CARTESIAN_POINT('',(-6.894887458837E1,2.756387873289E1,1.019145230350E1));
#525=CARTESIAN_POINT('',(-6.827244510060E1,2.755829270433E1,1.025301458286E1));
#526=CARTESIAN_POINT('',(-6.776603773952E1,2.755747917739E1,1.027006309640E1));
#527=CARTESIAN_POINT('',(-6.749999625668E1,2.755747732E1,1.027009608666E1));
#529=CARTESIAN_POINT('',(-6.749843620788E1,2.687544661981E1,-2.302558729032E0));
#530=DIRECTION('',(-5.684341886081E-14,-9.978778322235E-1,-6.511399202184E-2));
#531=DIRECTION('',(-1.241956546523E-4,-6.511399151966E-2,9.978778245275E-1));
#532=AXIS2_PLACEMENT_3D('',#529,#530,#531);
#534=CARTESIAN_POINT('',(-7.999948734044E1,2.687399258323E1,-2.304216376473E0));
#535=CARTESIAN_POINT('',(-7.983273741245E1,2.670757489094E1,-2.315012046347E0));
#536=CARTESIAN_POINT('',(-7.966573342012E1,2.654158997780E1,-2.333285218574E0));
#537=CARTESIAN_POINT('',(-7.949898350072E1,2.637516999474E1,-2.344045650452E0));
#539=DIRECTION('',(2.779913106297E-5,6.510410340171E-2,-9.978784770439E-1));
#540=VECTOR('',#539,6.502070658404E0);
#541=CARTESIAN_POINT('',(-7.949898350072E1,2.637516999474E1,-2.344045650452E0));
#542=LINE('',#541,#540);
#543=DIRECTION('',(-7.072786562929E-1,7.057686811001E-1,4.058905185744E-2));
#544=VECTOR('',#543,7.078627632039E-1);
#545=CARTESIAN_POINT('',(-7.949880274880E1,2.679848147521E1,-8.832322016692E0));
#546=LINE('',#545,#544);
#547=DIRECTION('',(-4.355410205264E-6,-6.511033071278E-2,9.978780711167E-1));
#548=VECTOR('',#547,6.513194697767E0);
#549=CARTESIAN_POINT('',(-7.999945897280E1,2.729806884400E1,-8.803590538288E0));
#550=LINE('',#549,#548);
#551=CARTESIAN_POINT('',(-7.777924771584E1,2.975659863515E1,-1.577294991349E1));
#552=CARTESIAN_POINT('',(-7.780263516672E1,2.970271954590E1,-1.574259026926E1));
#553=CARTESIAN_POINT('',(-7.785509749475E1,2.959951735555E1,-1.567270212201E1));
#554=CARTESIAN_POINT('',(-7.795319594043E1,2.945688460233E1,-1.553466179871E1));
#555=CARTESIAN_POINT('',(-7.806536219223E1,2.933865290547E1,-1.536808507581E1));
#556=CARTESIAN_POINT('',(-7.818521696105E1,2.925214141967E1,-1.518010211577E1));
#557=CARTESIAN_POINT('',(-7.830795327374E1,2.920194181403E1,-1.497640238199E1));
#558=CARTESIAN_POINT('',(-7.842542697727E1,2.919114274952E1,-1.476994107855E1));
#559=CARTESIAN_POINT('',(-7.853433098059E1,2.921843289552E1,-1.456739431116E1));
#560=CARTESIAN_POINT('',(-7.863070942646E1,2.928059880617E1,-1.437793572873E1));
#561=CARTESIAN_POINT('',(-7.871381719866E1,2.937374320649E1,-1.420559892725E1));
#562=CARTESIAN_POINT('',(-7.878267884479E1,2.949336051101E1,-1.405516421145E1));
#563=CARTESIAN_POINT('',(-7.881868508062E1,2.958655448613E1,-1.397217674223E1));
#564=CARTESIAN_POINT('',(-7.883459293004E1,2.963662680095E1,-1.393462219532E1));
#566=CARTESIAN_POINT('',(-7.935524243955E1,2.955148893974E1,-1.262963189487E1));
#567=CARTESIAN_POINT('',(-7.937833159495E1,2.944138136610E1,-1.256758857059E1));
#568=CARTESIAN_POINT('',(-7.943190703992E1,2.925472561810E1,-1.241551225811E1));
#569=CARTESIAN_POINT('',(-7.953044694755E1,2.905505992910E1,-1.209876330047E1));
#570=CARTESIAN_POINT('',(-7.962809127460E1,2.897401972330E1,-1.173680614079E1));
#571=CARTESIAN_POINT('',(-7.971143535010E1,2.900957673718E1,-1.137805463180E1));
#572=CARTESIAN_POINT('',(-7.977986572508E1,2.917295929448E1,-1.103002728441E1));
#573=CARTESIAN_POINT('',(-7.980747019468E1,2.933511368087E1,-1.086357870811E1));
#574=CARTESIAN_POINT('',(-7.981880856658E1,2.943152170861E1,-1.079127505977E1));
#576=CARTESIAN_POINT('',(-7.997353764624E1,2.934637116249E1,-9.486283719238E0));
#577=CARTESIAN_POINT('',(-7.997754300687E1,2.924840022696E1,-9.431076390515E0));
#578=CARTESIAN_POINT('',(-7.998611943345E1,2.907803377321E1,-9.297966252539E0));
#579=CARTESIAN_POINT('',(-7.999718141518E1,2.888479162952E1,-9.020890967208E0));
#580=CARTESIAN_POINT('',(-8.000001432009E1,2.881890043172E1,-8.815973265244E0));
#581=CARTESIAN_POINT('',(-7.999999999712E1,2.880084306022E1,-8.705690680238E0));
#583=CARTESIAN_POINT('',(-6.749843620788E1,2.729961402149E1,-8.805231906125E0));
#584=DIRECTION('',(0.E0,-9.978778322235E-1,-6.511399202185E-2));
#585=DIRECTION('',(-9.999999917084E-1,-8.385088951282E-6,1.285022485341E-4));
#586=AXIS2_PLACEMENT_3D('',#583,#584,#585);
#588=CARTESIAN_POINT('',(-6.749999999997E1,2.960984562027E1,-2.118263421933E1));
#589=CARTESIAN_POINT('',(-6.776615089917E1,2.960984315619E1,-2.118260101710E1));
#590=CARTESIAN_POINT('',(-6.827273771954E1,2.960843306227E1,-2.116557651087E1));
#591=CARTESIAN_POINT('',(-6.894921951440E1,2.960597232705E1,-2.110378499534E1));
#592=CARTESIAN_POINT('',(-6.955317627612E1,2.960865769554E1,-2.101685389120E1));
#593=CARTESIAN_POINT('',(-7.009182763362E1,2.962113025874E1,-2.091305828337E1));
#594=CARTESIAN_POINT('',(-7.057295192266E1,2.964695827321E1,-2.079845193893E1));
#595=CARTESIAN_POINT('',(-7.100004619193E1,2.968848217967E1,-2.067847449585E1));
#596=CARTESIAN_POINT('',(-7.137836119570E1,2.974759880967E1,-2.055695330956E1));
#597=CARTESIAN_POINT('',(-7.170852936796E1,2.982495807877E1,-2.043833984512E1));
#598=CARTESIAN_POINT('',(-7.199670533177E1,2.992315946001E1,-2.032423028125E1));
#599=CARTESIAN_POINT('',(-7.215904349051E1,3.000273323925E1,-2.025418505236E1));
#600=CARTESIAN_POINT('',(-7.223272372154E1,3.004686393217E1,-2.022109333997E1));
#602=CARTESIAN_POINT('',(-7.463736047551E1,2.996168340556E1,-1.891617112604E1));
#603=CARTESIAN_POINT('',(-7.468129740807E1,2.991297519871E1,-1.888872136628E1));
#604=CARTESIAN_POINT('',(-7.478046037470E1,2.981689808225E1,-1.882502289175E1));
#605=CARTESIAN_POINT('',(-7.496834193826E1,2.967918334578E1,-1.869681552812E1));
#606=CARTESIAN_POINT('',(-7.518829687795E1,2.955896708484E1,-1.853697964269E1));
#607=CARTESIAN_POINT('',(-7.543594221095E1,2.946400878050E1,-1.834493723755E1));
#608=CARTESIAN_POINT('',(-7.570309054131E1,2.940601514273E1,-1.812255946321E1));
#609=CARTESIAN_POINT('',(-7.595569580552E1,2.939607110534E1,-1.789664691894E1));
#610=CARTESIAN_POINT('',(-7.617818916519E1,2.942952577510E1,-1.768417567720E1));
#611=CARTESIAN_POINT('',(-7.636680641540E1,2.949831764722E1,-1.749303979348E1));
#612=CARTESIAN_POINT('',(-7.652208751604E1,2.959421011859E1,-1.732701500729E1));
#613=CARTESIAN_POINT('',(-7.664674227870E1,2.971048535573E1,-1.718696821645E1));
#614=CARTESIAN_POINT('',(-7.671069593448E1,2.979683153567E1,-1.711158384962E1));
#615=CARTESIAN_POINT('',(-7.673865894282E1,2.984174017443E1,-1.707790357497E1));
#617=DIRECTION('',(9.999999999998E-1,-4.545349953807E-8,6.965789196560E-7));
#618=VECTOR('',#617,1.350002313795E2);
#619=CARTESIAN_POINT('',(-6.750021489506E1,2.571032570308E1,7.842229236986E0));
#620=LINE('',#619,#618);
#621=DIRECTION('',(3.022095494063E-5,9.978778316309E-1,6.511399408895E-2));
#622=VECTOR('',#621,1.500000000690E0);
#623=CARTESIAN_POINT('',(-6.750026022650E1,2.421350895495E1,7.744558245807E0));
#624=LINE('',#623,#622);
#625=DIRECTION('',(-9.596520082256E-7,9.978778322182E-1,6.511399209535E-2));
#626=VECTOR('',#625,1.500000000006E0);
#627=CARTESIAN_POINT('',(6.750001792385E1,2.421350281852E1,7.744652287158E0));
#628=LINE('',#627,#626);
#629=DIRECTION('',(9.999999999998E-1,-4.545495082156E-8,6.966011593780E-7));
#630=VECTOR('',#629,1.350002781504E2);
#631=CARTESIAN_POINT('',(-6.750026022650E1,2.421350895495E1,7.744558245807E0));
#632=LINE('',#631,#630);
#633=CARTESIAN_POINT('',(6.749847461448E1,2.487760807508E1,-2.432820990245E0));
#634=DIRECTION('',(0.E0,9.978778322235E-1,6.511399202185E-2));
#635=DIRECTION('',(1.516131724402E-4,-6.511399127347E-2,9.978778207546E-1));
#636=AXIS2_PLACEMENT_3D('',#633,#634,#635);
#638=DIRECTION('',(-1.459867164978E-5,6.511399201532E-2,-9.978778321171E-1));
#639=VECTOR('',#638,6.513131038193E0);
#640=CARTESIAN_POINT('',(7.769761777166E1,2.487772918408E1,-2.434676996637E0));
#641=LINE('',#640,#639);
#642=CARTESIAN_POINT('',(6.749833686087E1,2.530192704881E1,-8.935547739496E0));
#643=DIRECTION('',(0.E0,9.978778322235E-1,6.511399202186E-2));
#644=DIRECTION('',(9.999999882570E-1,-9.978833064440E-6,1.529265215874E-4));
#645=AXIS2_PLACEMENT_3D('',#642,#643,#644);
#647=DIRECTION('',(-9.999999999997E-1,4.632230310913E-8,-7.098936380276E-7));
#648=VECTOR('',#647,1.350003006088E2);
#649=CARTESIAN_POINT('',(6.750028353026E1,2.596603512604E1,-1.911306424397E1));
#650=LINE('',#649,#648);
#651=CARTESIAN_POINT('',(-6.749847471298E1,2.530193611974E1,-8.935686752366E0));
#652=DIRECTION('',(0.E0,9.978778322235E-1,6.511399202187E-2));
#653=DIRECTION('',(-1.515077189662E-4,6.511399127453E-2,-9.978778207705E-1));
#654=AXIS2_PLACEMENT_3D('',#651,#652,#653);
#656=DIRECTION('',(1.464149652993E-5,-6.511399201496E-2,9.978778321165E-1));
#657=VECTOR('',#656,6.513117369843E0);
#658=CARTESIAN_POINT('',(-7.769761779736E1,2.530181503711E1,-8.933831150139E0));
#659=LINE('',#658,#657);
#660=CARTESIAN_POINT('',(-6.749833499581E1,2.487761703879E1,-2.432958359887E0));
#661=DIRECTION('',(0.E0,9.978778322235E-1,6.511399202186E-2));
#662=DIRECTION('',(-9.999999878605E-1,1.014588656491E-5,-1.554866316301E-4));
#663=AXIS2_PLACEMENT_3D('',#660,#661,#662);
#665=DIRECTION('',(1.327056982521E-9,9.978764556277E-1,6.513508504624E-2));
#666=VECTOR('',#665,1.500000000339E0);
#667=CARTESIAN_POINT('',(7.769761777166E1,2.487772918408E1,-2.434676996637E0));
#668=LINE('',#667,#666);
#669=DIRECTION('',(-1.459906006082E-5,6.511399201464E-2,-9.978778321171E-1));
#670=VECTOR('',#669,6.513150034387E0);
#671=CARTESIAN_POINT('',(7.769761777365E1,2.637454386786E1,-2.336974369046E0));
#672=LINE('',#671,#670);
#673=DIRECTION('',(5.443420528948E-10,-9.978772804268E-1,-6.512244780469E-2));
#674=VECTOR('',#673,1.500000000053E0);
#675=CARTESIAN_POINT('',(7.769752268778E1,2.679864106719E1,-8.836302405613E0));
#676=LINE('',#675,#674);
#677=DIRECTION('',(-4.544849386473E-5,9.978778314236E-1,6.511398841919E-2));
#678=VECTOR('',#677,1.500000001551E0);
#679=CARTESIAN_POINT('',(6.750028353026E1,2.596603512604E1,-1.911306424397E1));
#680=LINE('',#679,#678);
#681=DIRECTION('',(-9.999999999997E-1,4.631976344633E-8,-7.098547173565E-7));
#682=VECTOR('',#681,1.350002324359E2);
#683=CARTESIAN_POINT('',(6.750021535752E1,2.746285187473E1,-1.901539326124E1));
#684=LINE('',#683,#682);
#685=DIRECTION('',(1.275945275361E-10,9.978778322235E-1,6.511399202157E-2));
#686=VECTOR('',#685,1.500000000001E0);
#687=CARTESIAN_POINT('',(-6.750001707850E1,2.596604137957E1,-1.911316007982E1));
#688=LINE('',#687,#686);
#689=DIRECTION('',(-1.107290851355E-9,9.978792071086E-1,6.509291835773E-2));
#690=VECTOR('',#689,1.500000000335E0);
#691=CARTESIAN_POINT('',(-7.769761779736E1,2.530181503711E1,-8.933831150139E0));
#692=LINE('',#691,#690);
#693=DIRECTION('',(1.464168032318E-5,-6.511399201428E-2,9.978778321165E-1));
#694=VECTOR('',#693,6.513149048355E0);
#695=CARTESIAN_POINT('',(-7.769761779902E1,2.679863384811E1,-8.836191772580E0));
#696=LINE('',#695,#694);
#697=DIRECTION('',(-2.842170943031E-14,9.978778321882E-1,6.511399256231E-2));
#698=VECTOR('',#697,1.500000000005E0);
#699=CARTESIAN_POINT('',(-7.769752243558E1,2.487771996470E1,-2.434535708799E0));
#700=LINE('',#699,#698);
#701=CARTESIAN_POINT('',(-8.E1,2.893615233893E1,-3.199650828668E0));
#702=CARTESIAN_POINT('',(-8.E1,2.837673670250E1,-2.206162595087E0));
#703=VERTEX_POINT('',#701);
#704=VERTEX_POINT('',#702);
#705=CARTESIAN_POINT('',(-7.999948734044E1,2.687399258323E1,-2.304216376473E0));
#706=VERTEX_POINT('',#705);
#707=CARTESIAN_POINT('',(-7.999945897280E1,2.729806884400E1,-8.803590538288E0));
#708=VERTEX_POINT('',#707);
#709=CARTESIAN_POINT('',(-7.999999999712E1,2.880084306022E1,-8.705690680238E0));
#710=VERTEX_POINT('',#709);
#711=CARTESIAN_POINT('',(-8.E1,2.922641452697E1,-7.647945181353E0));
#712=VERTEX_POINT('',#711);
#713=CARTESIAN_POINT('',(-8.E1,2.914126141379E1,-6.342966000167E0));
#714=VERTEX_POINT('',#713);
#715=CARTESIAN_POINT('',(-8.E1,2.902130545211E1,-4.504630009841E0));
#716=VERTEX_POINT('',#715);
#717=CARTESIAN_POINT('',(8.E1,2.893615233892E1,-3.199650828664E0));
#718=VERTEX_POINT('',#717);
#719=CARTESIAN_POINT('',(8.E1,2.837673670132E1,-2.206162631894E0));
#720=VERTEX_POINT('',#719);
#721=VERTEX_POINT('',#296);
#722=CARTESIAN_POINT('',(-7.997353765917E1,2.881619671429E1,-1.361312224809E0));
#723=VERTEX_POINT('',#722);
#724=CARTESIAN_POINT('',(8.E1,2.902130545210E1,-4.504630009846E0));
#725=VERTEX_POINT('',#724);
#726=CARTESIAN_POINT('',(8.E1,2.914126141379E1,-6.342966000168E0));
#727=VERTEX_POINT('',#726);
#728=CARTESIAN_POINT('',(8.E1,2.922641452697E1,-7.647945181350E0));
#729=VERTEX_POINT('',#728);
#730=CARTESIAN_POINT('',(-7.997353764624E1,2.934637116249E1,-9.486283719238E0));
#731=CARTESIAN_POINT('',(7.997353765917E1,2.934637116249E1,-9.486283719239E0));
#732=VERTEX_POINT('',#730);
#733=VERTEX_POINT('',#731);
#734=VERTEX_POINT('',#434);
#735=CARTESIAN_POINT('',(7.981880864080E1,2.943152170859E1,-1.079127505949E1));
#736=CARTESIAN_POINT('',(-7.981880856658E1,2.943152170861E1,-1.079127505977E1));
#737=VERTEX_POINT('',#735);
#738=VERTEX_POINT('',#736);
#739=CARTESIAN_POINT('',(-7.935524243955E1,2.955148893974E1,-1.262963189487E1));
#740=CARTESIAN_POINT('',(7.935524265904E1,2.955148893972E1,-1.262963189461E1));
#741=VERTEX_POINT('',#739);
#742=VERTEX_POINT('',#740);
#743=CARTESIAN_POINT('',(7.883459322841E1,2.963662680095E1,-1.393462219543E1));
#744=CARTESIAN_POINT('',(-7.883459293004E1,2.963662680095E1,-1.393462219532E1));
#745=VERTEX_POINT('',#743);
#746=VERTEX_POINT('',#744);
#747=CARTESIAN_POINT('',(-7.777924771584E1,2.975659863515E1,-1.577294991349E1));
#748=CARTESIAN_POINT('',(7.777924810831E1,2.975659863516E1,-1.577294991363E1));
#749=VERTEX_POINT('',#747);
#750=VERTEX_POINT('',#748);
#751=CARTESIAN_POINT('',(7.673865909190E1,2.984174017443E1,-1.707790357506E1));
#752=CARTESIAN_POINT('',(-7.673865894282E1,2.984174017443E1,-1.707790357497E1));
#753=VERTEX_POINT('',#751);
#754=VERTEX_POINT('',#752);
#755=CARTESIAN_POINT('',(-7.463736047551E1,2.996168340556E1,-1.891617112604E1));
#756=CARTESIAN_POINT('',(7.463735827707E1,2.996168340538E1,-1.891617112338E1));
#757=VERTEX_POINT('',#755);
#758=VERTEX_POINT('',#756);
#759=CARTESIAN_POINT('',(7.223271626532E1,3.004686393216E1,-2.022109333987E1));
#760=CARTESIAN_POINT('',(-7.223272372154E1,3.004686393217E1,-2.022109333997E1));
#761=VERTEX_POINT('',#759);
#762=VERTEX_POINT('',#760);
#763=CARTESIAN_POINT('',(-6.749999999997E1,2.960984562027E1,-2.118263421933E1));
#764=CARTESIAN_POINT('',(6.749999660389E1,2.960984562013E1,-2.118263421976E1));
#765=VERTEX_POINT('',#763);
#766=VERTEX_POINT('',#764);
#767=CARTESIAN_POINT('',(6.749998027439E1,2.811230087935E1,-2.127981410952E1));
#768=CARTESIAN_POINT('',(-6.750003941917E1,2.811203907098E1,-2.127990058349E1));
#769=VERTEX_POINT('',#767);
#770=VERTEX_POINT('',#768);
#771=CARTESIAN_POINT('',(-6.749352513794E1,2.758024753016E1,-2.081310279364E1));
#772=CARTESIAN_POINT('',(6.749018843540E1,2.758035647251E1,-2.081292198834E1));
#773=VERTEX_POINT('',#771);
#774=VERTEX_POINT('',#772);
#775=CARTESIAN_POINT('',(6.749360564616E1,2.559312865854E1,9.639958054365E0));
#776=CARTESIAN_POINT('',(-6.749025556617E1,2.559326729401E1,9.639791764929E0));
#777=VERTEX_POINT('',#775);
#778=VERTEX_POINT('',#776);
#779=CARTESIAN_POINT('',(7.949794205178E1,2.637603157220E1,-2.347721479477E0));
#780=VERTEX_POINT('',#779);
#781=CARTESIAN_POINT('',(7.949897377709E1,2.679830374750E1,-8.829005786260E0));
#782=VERTEX_POINT('',#781);
#783=CARTESIAN_POINT('',(-7.949794114191E1,2.679865687573E1,-8.825374878711E0));
#784=VERTEX_POINT('',#783);
#785=CARTESIAN_POINT('',(-7.949898350072E1,2.637516999474E1,-2.344045650452E0));
#786=VERTEX_POINT('',#785);
#787=CARTESIAN_POINT('',(-6.750021489506E1,2.571032570308E1,7.842229236986E0));
#788=CARTESIAN_POINT('',(6.750001648438E1,2.571031956685E1,7.842323275301E0));
#789=VERTEX_POINT('',#787);
#790=VERTEX_POINT('',#788);
#791=CARTESIAN_POINT('',(-7.769581910852E1,2.637453724955E1,-2.336872942816E0));
#792=VERTEX_POINT('',#791);
#793=CARTESIAN_POINT('',(-7.769761779902E1,2.679863384811E1,-8.836191772580E0));
#794=VERTEX_POINT('',#793);
#795=CARTESIAN_POINT('',(-6.750001971345E1,2.746275315147E1,-1.901388031845E1));
#796=VERTEX_POINT('',#795);
#797=CARTESIAN_POINT('',(6.750021535752E1,2.746285187473E1,-1.901539326124E1));
#798=VERTEX_POINT('',#797);
#799=CARTESIAN_POINT('',(7.769581953353E1,2.679864038308E1,-8.836291921543E0));
#800=VERTEX_POINT('',#799);
#801=CARTESIAN_POINT('',(7.769761777365E1,2.637454386786E1,-2.336974369046E0));
#802=VERTEX_POINT('',#801);
#803=CARTESIAN_POINT('',(-6.749997852144E1,2.606004994967E1,1.017185390366E1));
#804=CARTESIAN_POINT('',(6.750004067967E1,2.605976455968E1,1.017190433193E1));
#805=VERTEX_POINT('',#803);
#806=VERTEX_POINT('',#804);
#807=CARTESIAN_POINT('',(6.749999999997E1,2.755747732021E1,1.027009608621E1));
#808=CARTESIAN_POINT('',(-6.749999625668E1,2.755747732E1,1.027009608666E1));
#809=VERTEX_POINT('',#807);
#810=VERTEX_POINT('',#808);
#811=CARTESIAN_POINT('',(-7.223271626532E1,2.811574365716E1,9.373499987163E0));
#812=CARTESIAN_POINT('',(7.223272372154E1,2.811574365715E1,9.373499987269E0));
#813=VERTEX_POINT('',#811);
#814=VERTEX_POINT('',#812);
#815=CARTESIAN_POINT('',(7.463736047551E1,2.820086218638E1,8.068573727848E0));
#816=CARTESIAN_POINT('',(-7.463735827707E1,2.820086218655E1,8.068573725191E0));
#817=VERTEX_POINT('',#815);
#818=VERTEX_POINT('',#816);
#819=CARTESIAN_POINT('',(-7.673865909190E1,2.832082187687E1,6.230307250881E0));
#820=CARTESIAN_POINT('',(7.673865894282E1,2.832082187687E1,6.230307250794E0));
#821=VERTEX_POINT('',#819);
#822=VERTEX_POINT('',#820);
#823=CARTESIAN_POINT('',(7.777924771584E1,2.840598314949E1,4.925354876964E0));
#824=CARTESIAN_POINT('',(-7.777924810831E1,2.840598314949E1,4.925354877099E0));
#825=VERTEX_POINT('',#823);
#826=VERTEX_POINT('',#824);
#827=CARTESIAN_POINT('',(-7.883459322841E1,2.852592229827E1,3.087025026089E0));
#828=CARTESIAN_POINT('',(7.883459293005E1,2.852592229828E1,3.087025025990E0));
#829=VERTEX_POINT('',#827);
#830=VERTEX_POINT('',#828);
#831=CARTESIAN_POINT('',(7.935524243953E1,2.861109197907E1,1.782036801921E0));
#832=CARTESIAN_POINT('',(-7.935524265904E1,2.861109197909E1,1.782036801587E0));
#833=VERTEX_POINT('',#831);
#834=VERTEX_POINT('',#832);
#835=CARTESIAN_POINT('',(-7.981880864080E1,2.873103947570E1,
-5.632132125859E-2));
#836=CARTESIAN_POINT('',(7.981880856658E1,2.873103947568E1,-5.632132098849E-2));
#837=VERTEX_POINT('',#835);
#838=VERTEX_POINT('',#836);
#839=CARTESIAN_POINT('',(7.999946330256E1,2.687402188425E1,-2.304400332914E0));
#840=VERTEX_POINT('',#839);
#841=CARTESIAN_POINT('',(7.999947852349E1,2.729805650063E1,-8.803770373096E0));
#842=VERTEX_POINT('',#841);
#843=CARTESIAN_POINT('',(6.750001792385E1,2.421350281852E1,7.744652287158E0));
#844=VERTEX_POINT('',#843);
#845=CARTESIAN_POINT('',(-6.750026022650E1,2.421350895495E1,7.744558245807E0));
#846=VERTEX_POINT('',#845);
#847=CARTESIAN_POINT('',(7.769598000140E1,2.487772469917E1,-2.434608264959E0));
#848=VERTEX_POINT('',#847);
#849=CARTESIAN_POINT('',(7.769752268860E1,2.530182514650E1,-8.933986077324E0));
#850=VERTEX_POINT('',#849);
#851=CARTESIAN_POINT('',(6.750034022892E1,2.596592584944E1,-1.911138957007E1));
#852=VERTEX_POINT('',#851);
#853=CARTESIAN_POINT('',(-6.750001707850E1,2.596604137957E1,-1.911316007982E1));
#854=VERTEX_POINT('',#853);
#855=CARTESIAN_POINT('',(-7.769598004420E1,2.530181951636E1,-8.933899795040E0));
#856=VERTEX_POINT('',#855);
#857=CARTESIAN_POINT('',(-7.769752243558E1,2.487771996470E1,-2.434535708799E0));
#858=VERTEX_POINT('',#857);
#859=CARTESIAN_POINT('',(-8.E1,2.530182772987E1,-8.934025667759E0));
#860=DIRECTION('',(-1.E0,0.E0,0.E0));
#861=DIRECTION('',(0.E0,-6.511399202186E-2,9.978778322235E-1));
#862=AXIS2_PLACEMENT_3D('',#859,#860,#861);
#863=PLANE('',#862);
#865=ORIENTED_EDGE('',*,*,#864,.T.);
#867=ORIENTED_EDGE('',*,*,#866,.T.);
#869=ORIENTED_EDGE('',*,*,#868,.F.);
#871=ORIENTED_EDGE('',*,*,#870,.T.);
#873=ORIENTED_EDGE('',*,*,#872,.T.);
#875=ORIENTED_EDGE('',*,*,#874,.F.);
#877=ORIENTED_EDGE('',*,*,#876,.T.);
#879=ORIENTED_EDGE('',*,*,#878,.F.);
#880=EDGE_LOOP('',(#865,#867,#869,#871,#873,#875,#877,#879));
#881=FACE_OUTER_BOUND('',#880,.F.);
#882=ADVANCED_FACE('',(#881),#863,.T.);
#883=CARTESIAN_POINT('',(0.E0,2.947617435808E1,-2.241331352277E0));
#884=DIRECTION('',(1.E0,0.E0,0.E0));
#885=DIRECTION('',(0.E0,0.E0,-1.E0));
#886=AXIS2_PLACEMENT_3D('',#883,#884,#885);
#887=CYLINDRICAL_SURFACE('',#886,1.1E0);
#889=ORIENTED_EDGE('',*,*,#888,.T.);
#891=ORIENTED_EDGE('',*,*,#890,.F.);
#893=ORIENTED_EDGE('',*,*,#892,.F.);
#895=ORIENTED_EDGE('',*,*,#894,.T.);
#897=ORIENTED_EDGE('',*,*,#896,.F.);
#898=ORIENTED_EDGE('',*,*,#864,.F.);
#899=EDGE_LOOP('',(#889,#891,#893,#895,#897,#898));
#900=FACE_OUTER_BOUND('',#899,.F.);
#901=ADVANCED_FACE('',(#900),#887,.F.);
#902=CARTESIAN_POINT('',(0.E0,2.908128343295E1,-5.423798005006E0));
#903=DIRECTION('',(0.E0,9.978778322235E-1,6.511399202186E-2));
#904=DIRECTION('',(1.E0,0.E0,0.E0));
#905=AXIS2_PLACEMENT_3D('',#902,#903,#904);
#906=PLANE('',#905);
#908=ORIENTED_EDGE('',*,*,#907,.F.);
#910=ORIENTED_EDGE('',*,*,#909,.T.);
#911=ORIENTED_EDGE('',*,*,#888,.F.);
#912=ORIENTED_EDGE('',*,*,#878,.T.);
#913=EDGE_LOOP('',(#908,#910,#911,#912));
#914=FACE_OUTER_BOUND('',#913,.F.);
#915=ADVANCED_FACE('',(#914),#906,.T.);
#916=CARTESIAN_POINT('',(0.E0,2.968128343295E1,-5.384646523781E0));
#917=DIRECTION('',(1.E0,0.E0,0.E0));
#918=DIRECTION('',(0.E0,0.E0,-1.E0));
#919=AXIS2_PLACEMENT_3D('',#916,#917,#918);
#920=CYLINDRICAL_SURFACE('',#919,1.1E0);
#922=ORIENTED_EDGE('',*,*,#921,.T.);
#924=ORIENTED_EDGE('',*,*,#923,.F.);
#925=ORIENTED_EDGE('',*,*,#907,.T.);
#926=ORIENTED_EDGE('',*,*,#876,.F.);
#927=EDGE_LOOP('',(#922,#924,#925,#926));
#928=FACE_OUTER_BOUND('',#927,.F.);
#929=ADVANCED_FACE('',(#928),#920,.F.);
#930=CARTESIAN_POINT('',(0.E0,2.908128343295E1,-5.423798005006E0));
#931=DIRECTION('',(0.E0,9.978778322235E-1,6.511399202186E-2));
#932=DIRECTION('',(1.E0,0.E0,0.E0));
#933=AXIS2_PLACEMENT_3D('',#930,#931,#932);
#934=PLANE('',#933);
#936=ORIENTED_EDGE('',*,*,#935,.F.);
#938=ORIENTED_EDGE('',*,*,#937,.T.);
#939=ORIENTED_EDGE('',*,*,#921,.F.);
#940=ORIENTED_EDGE('',*,*,#874,.T.);
#941=EDGE_LOOP('',(#936,#938,#939,#940));
#942=FACE_OUTER_BOUND('',#941,.F.);
#943=ADVANCED_FACE('',(#942),#934,.T.);
#944=CARTESIAN_POINT('',(0.E0,2.988639250782E1,-8.527961695285E0));
#945=DIRECTION('',(1.E0,0.E0,0.E0));
#946=DIRECTION('',(0.E0,0.E0,-1.E0));
#947=AXIS2_PLACEMENT_3D('',#944,#945,#946);
#948=CYLINDRICAL_SURFACE('',#947,1.1E0);
#950=ORIENTED_EDGE('',*,*,#949,.T.);
#952=ORIENTED_EDGE('',*,*,#951,.F.);
#954=ORIENTED_EDGE('',*,*,#953,.F.);
#955=ORIENTED_EDGE('',*,*,#935,.T.);
#956=ORIENTED_EDGE('',*,*,#872,.F.);
#958=ORIENTED_EDGE('',*,*,#957,.F.);
#959=EDGE_LOOP('',(#950,#952,#954,#955,#956,#958));
#960=FACE_OUTER_BOUND('',#959,.F.);
#961=ADVANCED_FACE('',(#960),#948,.F.);
#962=CARTESIAN_POINT('',(0.E0,2.908128343295E1,-5.423798005006E0));
#963=DIRECTION('',(0.E0,9.978778322235E-1,6.511399202186E-2));
#964=DIRECTION('',(1.E0,0.E0,0.E0));
#965=AXIS2_PLACEMENT_3D('',#962,#963,#964);
#966=PLANE('',#965);
#968=ORIENTED_EDGE('',*,*,#967,.F.);
#970=ORIENTED_EDGE('',*,*,#969,.T.);
#971=ORIENTED_EDGE('',*,*,#949,.F.);
#973=ORIENTED_EDGE('',*,*,#972,.T.);
#974=EDGE_LOOP('',(#968,#970,#971,#973));
#975=FACE_OUTER_BOUND('',#974,.F.);
#976=ADVANCED_FACE('',(#975),#966,.T.);
#977=CARTESIAN_POINT('',(0.E0,3.009150158268E1,-1.167127686679E1));
#978=DIRECTION('',(1.E0,0.E0,0.E0));
#979=DIRECTION('',(0.E0,0.E0,-1.E0));
#980=AXIS2_PLACEMENT_3D('',#977,#978,#979);
#981=CYLINDRICAL_SURFACE('',#980,1.1E0);
#983=ORIENTED_EDGE('',*,*,#982,.T.);
#985=ORIENTED_EDGE('',*,*,#984,.F.);
#986=ORIENTED_EDGE('',*,*,#967,.T.);
#988=ORIENTED_EDGE('',*,*,#987,.F.);
#989=EDGE_LOOP('',(#983,#985,#986,#988));
#990=FACE_OUTER_BOUND('',#989,.F.);
#991=ADVANCED_FACE('',(#990),#981,.F.);
#992=CARTESIAN_POINT('',(0.E0,2.908128343295E1,-5.423798005006E0));
#993=DIRECTION('',(0.E0,9.978778322235E-1,6.511399202186E-2));
#994=DIRECTION('',(1.E0,0.E0,0.E0));
#995=AXIS2_PLACEMENT_3D('',#992,#993,#994);
#996=PLANE('',#995);
#998=ORIENTED_EDGE('',*,*,#997,.F.);
#1000=ORIENTED_EDGE('',*,*,#999,.T.);
#1001=ORIENTED_EDGE('',*,*,#982,.F.);
#1003=ORIENTED_EDGE('',*,*,#1002,.T.);
#1004=EDGE_LOOP('',(#998,#1000,#1001,#1003));
#1005=FACE_OUTER_BOUND('',#1004,.F.);
#1006=ADVANCED_FACE('',(#1005),#996,.T.);
#1007=CARTESIAN_POINT('',(0.E0,3.029661065755E1,-1.481459203829E1));
#1008=DIRECTION('',(1.E0,0.E0,0.E0));
#1009=DIRECTION('',(0.E0,0.E0,-1.E0));
#1010=AXIS2_PLACEMENT_3D('',#1007,#1008,#1009);
#1011=CYLINDRICAL_SURFACE('',#1010,1.1E0);
#1013=ORIENTED_EDGE('',*,*,#1012,.T.);
#1015=ORIENTED_EDGE('',*,*,#1014,.F.);
#1016=ORIENTED_EDGE('',*,*,#997,.T.);
#1018=ORIENTED_EDGE('',*,*,#1017,.F.);
#1019=EDGE_LOOP('',(#1013,#1015,#1016,#1018));
#1020=FACE_OUTER_BOUND('',#1019,.F.);
#1021=ADVANCED_FACE('',(#1020),#1011,.F.);
#1022=CARTESIAN_POINT('',(0.E0,2.908128343295E1,-5.423798005006E0));
#1023=DIRECTION('',(0.E0,9.978778322235E-1,6.511399202186E-2));
#1024=DIRECTION('',(1.E0,0.E0,0.E0));
#1025=AXIS2_PLACEMENT_3D('',#1022,#1023,#1024);
#1026=PLANE('',#1025);
#1028=ORIENTED_EDGE('',*,*,#1027,.F.);
#1030=ORIENTED_EDGE('',*,*,#1029,.T.);
#1031=ORIENTED_EDGE('',*,*,#1012,.F.);
#1033=ORIENTED_EDGE('',*,*,#1032,.T.);
#1034=EDGE_LOOP('',(#1028,#1030,#1031,#1033));
#1035=FACE_OUTER_BOUND('',#1034,.F.);
#1036=ADVANCED_FACE('',(#1035),#1026,.T.);
#1037=CARTESIAN_POINT('',(0.E0,3.050171973242E1,-1.795790720980E1));
#1038=DIRECTION('',(1.E0,0.E0,0.E0));
#1039=DIRECTION('',(0.E0,0.E0,-1.E0));
#1040=AXIS2_PLACEMENT_3D('',#1037,#1038,#1039);
#1041=CYLINDRICAL_SURFACE('',#1040,1.1E0);
#1043=ORIENTED_EDGE('',*,*,#1042,.T.);
#1045=ORIENTED_EDGE('',*,*,#1044,.F.);
#1046=ORIENTED_EDGE('',*,*,#1027,.T.);
#1048=ORIENTED_EDGE('',*,*,#1047,.F.);
#1049=EDGE_LOOP('',(#1043,#1045,#1046,#1048));
#1050=FACE_OUTER_BOUND('',#1049,.F.);
#1051=ADVANCED_FACE('',(#1050),#1041,.F.);
#1052=CARTESIAN_POINT('',(0.E0,2.908128343295E1,-5.423798005006E0));
#1053=DIRECTION('',(0.E0,9.978778322235E-1,6.511399202186E-2));
#1054=DIRECTION('',(1.E0,0.E0,0.E0));
#1055=AXIS2_PLACEMENT_3D('',#1052,#1053,#1054);
#1056=PLANE('',#1055);
#1058=ORIENTED_EDGE('',*,*,#1057,.F.);
#1060=ORIENTED_EDGE('',*,*,#1059,.T.);
#1061=ORIENTED_EDGE('',*,*,#1042,.F.);
#1063=ORIENTED_EDGE('',*,*,#1062,.T.);
#1064=EDGE_LOOP('',(#1058,#1060,#1061,#1063));
#1065=FACE_OUTER_BOUND('',#1064,.F.);
#1066=ADVANCED_FACE('',(#1065),#1056,.T.);
#1067=CARTESIAN_POINT('',(0.E0,3.070682880729E1,-2.110122238130E1));
#1068=DIRECTION('',(1.E0,0.E0,0.E0));
#1069=DIRECTION('',(0.E0,0.E0,-1.E0));
#1070=AXIS2_PLACEMENT_3D('',#1067,#1068,#1069);
#1071=CYLINDRICAL_SURFACE('',#1070,1.1E0);
#1073=ORIENTED_EDGE('',*,*,#1072,.T.);
#1075=ORIENTED_EDGE('',*,*,#1074,.F.);
#1076=ORIENTED_EDGE('',*,*,#1057,.T.);
#1078=ORIENTED_EDGE('',*,*,#1077,.F.);
#1079=EDGE_LOOP('',(#1073,#1075,#1076,#1078));
#1080=FACE_OUTER_BOUND('',#1079,.F.);
#1081=ADVANCED_FACE('',(#1080),#1071,.F.);
#1082=CARTESIAN_POINT('',(9.25E1,2.611595625417E1,-2.141061912718E1));
#1083=DIRECTION('',(0.E0,6.511399202186E-2,-9.978778322235E-1));
#1084=DIRECTION('',(-1.E0,0.E0,0.E0));
#1085=AXIS2_PLACEMENT_3D('',#1082,#1083,#1084);
#1086=PLANE('',#1085);
#1088=ORIENTED_EDGE('',*,*,#1087,.F.);
#1090=ORIENTED_EDGE('',*,*,#1089,.T.);
#1091=ORIENTED_EDGE('',*,*,#1072,.F.);
#1093=ORIENTED_EDGE('',*,*,#1092,.T.);
#1094=EDGE_LOOP('',(#1088,#1090,#1091,#1093));
#1095=FACE_OUTER_BOUND('',#1094,.F.);
#1096=ADVANCED_FACE('',(#1095),#1086,.T.);
#1097=CARTESIAN_POINT('',(4.625E1,2.784596396255E1,-2.104720018309E1));
#1098=DIRECTION('',(0.E0,-6.595636366522E-1,-7.516487272697E-1));
#1099=DIRECTION('',(-1.E0,0.E0,0.E0));
#1100=AXIS2_PLACEMENT_3D('',#1097,#1098,#1099);
#1101=PLANE('',#1100);
#1103=ORIENTED_EDGE('',*,*,#1102,.T.);
#1105=ORIENTED_EDGE('',*,*,#1104,.T.);
#1106=ORIENTED_EDGE('',*,*,#1087,.T.);
#1108=ORIENTED_EDGE('',*,*,#1107,.T.);
#1109=EDGE_LOOP('',(#1103,#1105,#1106,#1108));
#1110=FACE_OUTER_BOUND('',#1109,.F.);
#1111=ADVANCED_FACE('',(#1110),#1101,.T.);
#1112=CARTESIAN_POINT('',(0.E0,2.658658885239E1,-5.586582985061E0));
#1113=DIRECTION('',(0.E0,9.978778322235E-1,6.511399202186E-2));
#1114=DIRECTION('',(1.E0,0.E0,0.E0));
#1115=AXIS2_PLACEMENT_3D('',#1112,#1113,#1114);
#1116=PLANE('',#1115);
#1118=ORIENTED_EDGE('',*,*,#1117,.F.);
#1120=ORIENTED_EDGE('',*,*,#1119,.T.);
#1122=ORIENTED_EDGE('',*,*,#1121,.F.);
#1124=ORIENTED_EDGE('',*,*,#1123,.T.);
#1125=ORIENTED_EDGE('',*,*,#1102,.F.);
#1127=ORIENTED_EDGE('',*,*,#1126,.T.);
#1129=ORIENTED_EDGE('',*,*,#1128,.F.);
#1131=ORIENTED_EDGE('',*,*,#1130,.T.);
#1132=EDGE_LOOP('',(#1118,#1120,#1122,#1124,#1125,#1127,#1129,#1131));
#1133=FACE_OUTER_BOUND('',#1132,.F.);
#1135=ORIENTED_EDGE('',*,*,#1134,.F.);
#1137=ORIENTED_EDGE('',*,*,#1136,.T.);
#1139=ORIENTED_EDGE('',*,*,#1138,.F.);
#1141=ORIENTED_EDGE('',*,*,#1140,.T.);
#1143=ORIENTED_EDGE('',*,*,#1142,.F.);
#1145=ORIENTED_EDGE('',*,*,#1144,.T.);
#1147=ORIENTED_EDGE('',*,*,#1146,.F.);
#1149=ORIENTED_EDGE('',*,*,#1148,.T.);
#1150=EDGE_LOOP('',(#1135,#1137,#1139,#1141,#1143,#1145,#1147,#1149));
#1151=FACE_BOUND('',#1150,.F.);
#1152=ADVANCED_FACE('',(#1133,#1151),#1116,.F.);
#1153=CARTESIAN_POINT('',(-4.625E1,2.582615265834E1,9.906591208976E0));
#1154=DIRECTION('',(0.E0,-7.516487272697E-1,6.595636366521E-1));
#1155=DIRECTION('',(1.E0,0.E0,0.E0));
#1156=AXIS2_PLACEMENT_3D('',#1153,#1154,#1155);
#1157=PLANE('',#1156);
#1159=ORIENTED_EDGE('',*,*,#1158,.T.);
#1161=ORIENTED_EDGE('',*,*,#1160,.T.);
#1162=ORIENTED_EDGE('',*,*,#1117,.T.);
#1164=ORIENTED_EDGE('',*,*,#1163,.T.);
#1165=EDGE_LOOP('',(#1159,#1161,#1162,#1164));
#1166=FACE_OUTER_BOUND('',#1165,.F.);
#1167=ADVANCED_FACE('',(#1166),#1157,.T.);
#1168=CARTESIAN_POINT('',(-9.25E1,2.406358795394E1,1.004211118099E1));
#1169=DIRECTION('',(0.E0,-6.511399202186E-2,9.978778322235E-1));
#1170=DIRECTION('',(1.E0,0.E0,0.E0));
#1171=AXIS2_PLACEMENT_3D('',#1168,#1169,#1170);
#1172=PLANE('',#1171);
#1174=ORIENTED_EDGE('',*,*,#1173,.F.);
#1176=ORIENTED_EDGE('',*,*,#1175,.T.);
#1177=ORIENTED_EDGE('',*,*,#1158,.F.);
#1179=ORIENTED_EDGE('',*,*,#1178,.T.);
#1180=EDGE_LOOP('',(#1174,#1176,#1177,#1179));
#1181=FACE_OUTER_BOUND('',#1180,.F.);
#1182=ADVANCED_FACE('',(#1181),#1172,.T.);
#1183=CARTESIAN_POINT('',(0.E0,2.865573805860E1,1.033192933374E1));
#1184=DIRECTION('',(1.E0,0.E0,0.E0));
#1185=DIRECTION('',(0.E0,0.E0,-1.E0));
#1186=AXIS2_PLACEMENT_3D('',#1183,#1184,#1185);
#1187=CYLINDRICAL_SURFACE('',#1186,1.1E0);
#1189=ORIENTED_EDGE('',*,*,#1188,.T.);
#1191=ORIENTED_EDGE('',*,*,#1190,.F.);
#1192=ORIENTED_EDGE('',*,*,#1173,.T.);
#1194=ORIENTED_EDGE('',*,*,#1193,.F.);
#1195=EDGE_LOOP('',(#1189,#1191,#1192,#1194));
#1196=FACE_OUTER_BOUND('',#1195,.F.);
#1197=ADVANCED_FACE('',(#1196),#1187,.F.);
#1198=CARTESIAN_POINT('',(0.E0,2.908128343295E1,-5.423798005006E0));
#1199=DIRECTION('',(0.E0,9.978778322235E-1,6.511399202186E-2));
#1200=DIRECTION('',(1.E0,0.E0,0.E0));
#1201=AXIS2_PLACEMENT_3D('',#1198,#1199,#1200);
#1202=PLANE('',#1201);
#1204=ORIENTED_EDGE('',*,*,#1203,.F.);
#1206=ORIENTED_EDGE('',*,*,#1205,.T.);
#1207=ORIENTED_EDGE('',*,*,#1188,.F.);
#1209=ORIENTED_EDGE('',*,*,#1208,.T.);
#1210=EDGE_LOOP('',(#1204,#1206,#1207,#1209));
#1211=FACE_OUTER_BOUND('',#1210,.F.);
#1212=ADVANCED_FACE('',(#1211),#1202,.T.);
#1213=CARTESIAN_POINT('',(0.E0,2.886084713347E1,7.188614162234E0));
#1214=DIRECTION('',(1.E0,0.E0,0.E0));
#1215=DIRECTION('',(0.E0,0.E0,-1.E0));
#1216=AXIS2_PLACEMENT_3D('',#1213,#1214,#1215);
#1217=CYLINDRICAL_SURFACE('',#1216,1.1E0);
#1219=ORIENTED_EDGE('',*,*,#1218,.T.);
#1221=ORIENTED_EDGE('',*,*,#1220,.F.);
#1222=ORIENTED_EDGE('',*,*,#1203,.T.);
#1224=ORIENTED_EDGE('',*,*,#1223,.F.);
#1225=EDGE_LOOP('',(#1219,#1221,#1222,#1224));
#1226=FACE_OUTER_BOUND('',#1225,.F.);
#1227=ADVANCED_FACE('',(#1226),#1217,.F.);
#1228=CARTESIAN_POINT('',(0.E0,2.908128343295E1,-5.423798005006E0));
#1229=DIRECTION('',(0.E0,9.978778322235E-1,6.511399202186E-2));
#1230=DIRECTION('',(1.E0,0.E0,0.E0));
#1231=AXIS2_PLACEMENT_3D('',#1228,#1229,#1230);
#1232=PLANE('',#1231);
#1234=ORIENTED_EDGE('',*,*,#1233,.F.);
#1236=ORIENTED_EDGE('',*,*,#1235,.T.);
#1237=ORIENTED_EDGE('',*,*,#1218,.F.);
#1239=ORIENTED_EDGE('',*,*,#1238,.T.);
#1240=EDGE_LOOP('',(#1234,#1236,#1237,#1239));
#1241=FACE_OUTER_BOUND('',#1240,.F.);
#1242=ADVANCED_FACE('',(#1241),#1232,.T.);
#1243=CARTESIAN_POINT('',(0.E0,2.906595620834E1,4.045298990730E0));
#1244=DIRECTION('',(1.E0,0.E0,0.E0));
#1245=DIRECTION('',(0.E0,0.E0,-1.E0));
#1246=AXIS2_PLACEMENT_3D('',#1243,#1244,#1245);
#1247=CYLINDRICAL_SURFACE('',#1246,1.1E0);
#1249=ORIENTED_EDGE('',*,*,#1248,.T.);
#1251=ORIENTED_EDGE('',*,*,#1250,.F.);
#1252=ORIENTED_EDGE('',*,*,#1233,.T.);
#1254=ORIENTED_EDGE('',*,*,#1253,.F.);
#1255=EDGE_LOOP('',(#1249,#1251,#1252,#1254));
#1256=FACE_OUTER_BOUND('',#1255,.F.);
#1257=ADVANCED_FACE('',(#1256),#1247,.F.);
#1258=CARTESIAN_POINT('',(0.E0,2.908128343295E1,-5.423798005006E0));
#1259=DIRECTION('',(0.E0,9.978778322235E-1,6.511399202186E-2));
#1260=DIRECTION('',(1.E0,0.E0,0.E0));
#1261=AXIS2_PLACEMENT_3D('',#1258,#1259,#1260);
#1262=PLANE('',#1261);
#1264=ORIENTED_EDGE('',*,*,#1263,.F.);
#1266=ORIENTED_EDGE('',*,*,#1265,.T.);
#1267=ORIENTED_EDGE('',*,*,#1248,.F.);
#1269=ORIENTED_EDGE('',*,*,#1268,.T.);
#1270=EDGE_LOOP('',(#1264,#1266,#1267,#1269));
#1271=FACE_OUTER_BOUND('',#1270,.F.);
#1272=ADVANCED_FACE('',(#1271),#1262,.T.);
#1273=CARTESIAN_POINT('',(0.E0,2.927106528321E1,9.019838192266E-1));
#1274=DIRECTION('',(1.E0,0.E0,0.E0));
#1275=DIRECTION('',(0.E0,0.E0,-1.E0));
#1276=AXIS2_PLACEMENT_3D('',#1273,#1274,#1275);
#1277=CYLINDRICAL_SURFACE('',#1276,1.1E0);
#1279=ORIENTED_EDGE('',*,*,#1278,.T.);
#1281=ORIENTED_EDGE('',*,*,#1280,.F.);
#1282=ORIENTED_EDGE('',*,*,#1263,.T.);
#1284=ORIENTED_EDGE('',*,*,#1283,.F.);
#1285=EDGE_LOOP('',(#1279,#1281,#1282,#1284));
#1286=FACE_OUTER_BOUND('',#1285,.F.);
#1287=ADVANCED_FACE('',(#1286),#1277,.F.);
#1288=CARTESIAN_POINT('',(0.E0,2.908128343295E1,-5.423798005006E0));
#1289=DIRECTION('',(0.E0,9.978778322235E-1,6.511399202186E-2));
#1290=DIRECTION('',(1.E0,0.E0,0.E0));
#1291=AXIS2_PLACEMENT_3D('',#1288,#1289,#1290);
#1292=PLANE('',#1291);
#1293=ORIENTED_EDGE('',*,*,#894,.F.);
#1295=ORIENTED_EDGE('',*,*,#1294,.T.);
#1296=ORIENTED_EDGE('',*,*,#1278,.F.);
#1298=ORIENTED_EDGE('',*,*,#1297,.T.);
#1299=EDGE_LOOP('',(#1293,#1295,#1296,#1298));
#1300=FACE_OUTER_BOUND('',#1299,.F.);
#1301=ADVANCED_FACE('',(#1300),#1292,.T.);
#1302=CARTESIAN_POINT('',(6.749843620788E1,2.787124817563E1,-2.237580219171E0));
#1303=DIRECTION('',(0.E0,9.978778322235E-1,6.511399202185E-2));
#1304=DIRECTION('',(1.250877192124E-4,-6.511399151243E-2,9.978778244166E-1));
#1305=AXIS2_PLACEMENT_3D('',#1302,#1303,#1304);
#1306=CYLINDRICAL_SURFACE('',#1305,1.250156388713E1);
#1307=ORIENTED_EDGE('',*,*,#892,.T.);
#1309=ORIENTED_EDGE('',*,*,#1308,.F.);
#1311=ORIENTED_EDGE('',*,*,#1310,.T.);
#1312=ORIENTED_EDGE('',*,*,#1175,.F.);
#1313=ORIENTED_EDGE('',*,*,#1190,.T.);
#1314=ORIENTED_EDGE('',*,*,#1205,.F.);
#1315=ORIENTED_EDGE('',*,*,#1220,.T.);
#1316=ORIENTED_EDGE('',*,*,#1235,.F.);
#1317=ORIENTED_EDGE('',*,*,#1250,.T.);
#1318=ORIENTED_EDGE('',*,*,#1265,.F.);
#1319=ORIENTED_EDGE('',*,*,#1280,.T.);
#1320=ORIENTED_EDGE('',*,*,#1294,.F.);
#1321=EDGE_LOOP('',(#1307,#1309,#1311,#1312,#1313,#1314,#1315,#1316,#1317,#1318,
#1319,#1320));
#1322=FACE_OUTER_BOUND('',#1321,.F.);
#1323=ADVANCED_FACE('',(#1322),#1306,.T.);
#1324=CARTESIAN_POINT('',(8.E1,2.487771647824E1,-2.434482278428E0));
#1325=DIRECTION('',(1.E0,0.E0,0.E0));
#1326=DIRECTION('',(0.E0,6.511399202186E-2,-9.978778322235E-1));
#1327=AXIS2_PLACEMENT_3D('',#1324,#1325,#1326);
#1328=PLANE('',#1327);
#1329=ORIENTED_EDGE('',*,*,#890,.T.);
#1330=ORIENTED_EDGE('',*,*,#909,.F.);
#1331=ORIENTED_EDGE('',*,*,#923,.T.);
#1332=ORIENTED_EDGE('',*,*,#937,.F.);
#1333=ORIENTED_EDGE('',*,*,#953,.T.);
#1335=ORIENTED_EDGE('',*,*,#1334,.T.);
#1337=ORIENTED_EDGE('',*,*,#1336,.F.);
#1338=ORIENTED_EDGE('',*,*,#1308,.T.);
#1339=EDGE_LOOP('',(#1329,#1330,#1331,#1332,#1333,#1335,#1337,#1338));
#1340=FACE_OUTER_BOUND('',#1339,.F.);
#1341=ADVANCED_FACE('',(#1340),#1328,.T.);
#1342=CARTESIAN_POINT('',(6.749843620788E1,2.829556302582E1,-8.740243774885E0));
#1343=DIRECTION('',(0.E0,9.978778322235E-1,6.511399202185E-2));
#1344=DIRECTION('',(9.999999921804E-1,-8.142923600771E-6,1.247910425761E-4));
#1345=AXIS2_PLACEMENT_3D('',#1342,#1343,#1344);
#1346=CYLINDRICAL_SURFACE('',#1345,1.250156388713E1);
#1347=ORIENTED_EDGE('',*,*,#1014,.T.);
#1348=ORIENTED_EDGE('',*,*,#1029,.F.);
#1349=ORIENTED_EDGE('',*,*,#1044,.T.);
#1350=ORIENTED_EDGE('',*,*,#1059,.F.);
#1351=ORIENTED_EDGE('',*,*,#1074,.T.);
#1352=ORIENTED_EDGE('',*,*,#1089,.F.);
#1354=ORIENTED_EDGE('',*,*,#1353,.T.);
#1355=ORIENTED_EDGE('',*,*,#1334,.F.);
#1356=ORIENTED_EDGE('',*,*,#951,.T.);
#1357=ORIENTED_EDGE('',*,*,#969,.F.);
#1358=ORIENTED_EDGE('',*,*,#984,.T.);
#1359=ORIENTED_EDGE('',*,*,#999,.F.);
#1360=EDGE_LOOP('',(#1347,#1348,#1349,#1350,#1351,#1352,#1354,#1355,#1356,#1357,
#1358,#1359));
#1361=FACE_OUTER_BOUND('',#1360,.F.);
#1362=ADVANCED_FACE('',(#1361),#1346,.T.);
#1363=CARTESIAN_POINT('',(6.749456980063E1,2.704480218318E1,-8.817879318384E0));
#1364=DIRECTION('',(-3.166300660860E-4,9.978559699630E-1,6.544740601957E-2));
#1365=DIRECTION('',(-9.999999305552E-1,-3.288154019261E-4,1.754136401775E-4));
#1366=AXIS2_PLACEMENT_3D('',#1363,#1364,#1365);
#1367=CONICAL_SURFACE('',#1366,1.225341009704E1,4.501223533121E1);
#1368=ORIENTED_EDGE('',*,*,#1104,.F.);
#1369=ORIENTED_EDGE('',*,*,#1123,.F.);
#1371=ORIENTED_EDGE('',*,*,#1370,.F.);
#1372=ORIENTED_EDGE('',*,*,#1353,.F.);
#1373=EDGE_LOOP('',(#1368,#1369,#1371,#1372));
#1374=FACE_OUTER_BOUND('',#1373,.F.);
#1375=ADVANCED_FACE('',(#1374),#1367,.T.);
#1376=CARTESIAN_POINT('',(7.975E1,2.673003049754E1,-3.945418639723E0));
#1377=DIRECTION('',(7.071067811865E-1,-7.056061819609E-1,-4.604254530878E-2));
#1378=DIRECTION('',(-6.497639322232E-2,0.E0,-9.978868013577E-1));
#1379=AXIS2_PLACEMENT_3D('',#1376,#1377,#1378);
#1380=PLANE('',#1379);
#1381=ORIENTED_EDGE('',*,*,#1370,.T.);
#1382=ORIENTED_EDGE('',*,*,#1121,.T.);
#1384=ORIENTED_EDGE('',*,*,#1383,.T.);
#1385=ORIENTED_EDGE('',*,*,#1336,.T.);
#1386=EDGE_LOOP('',(#1381,#1382,#1384,#1385));
#1387=FACE_OUTER_BOUND('',#1386,.F.);
#1388=ADVANCED_FACE('',(#1387),#1380,.T.);
#1389=CARTESIAN_POINT('',(6.749444219042E1,2.662101206501E1,-2.322841922220E0));
#1390=DIRECTION('',(-3.218199605886E-4,9.978975379646E-1,6.481049418188E-2));
#1391=DIRECTION('',(-4.534892038627E-4,6.481034523875E-2,-9.978974964883E-1));
#1392=AXIS2_PLACEMENT_3D('',#1389,#1390,#1391);
#1393=CONICAL_SURFACE('',#1392,1.225346419162E1,4.501145443537E1);
#1394=ORIENTED_EDGE('',*,*,#1383,.F.);
#1395=ORIENTED_EDGE('',*,*,#1119,.F.);
#1396=ORIENTED_EDGE('',*,*,#1160,.F.);
#1397=ORIENTED_EDGE('',*,*,#1310,.F.);
#1398=EDGE_LOOP('',(#1394,#1395,#1396,#1397));
#1399=FACE_OUTER_BOUND('',#1398,.F.);
#1400=ADVANCED_FACE('',(#1399),#1393,.T.);
#1401=CARTESIAN_POINT('',(-6.749843620788E1,2.787124817563E1,
-2.237580219171E0));
#1402=DIRECTION('',(5.684341886081E-14,9.978778322235E-1,6.511399202184E-2));
#1403=DIRECTION('',(-9.999999921804E-1,8.142923647620E-6,-1.247910424211E-4));
#1404=AXIS2_PLACEMENT_3D('',#1401,#1402,#1403);
#1405=CYLINDRICAL_SURFACE('',#1404,1.250156388713E1);
#1406=ORIENTED_EDGE('',*,*,#896,.T.);
#1407=ORIENTED_EDGE('',*,*,#1297,.F.);
#1408=ORIENTED_EDGE('',*,*,#1283,.T.);
#1409=ORIENTED_EDGE('',*,*,#1268,.F.);
#1410=ORIENTED_EDGE('',*,*,#1253,.T.);
#1411=ORIENTED_EDGE('',*,*,#1238,.F.);
#1412=ORIENTED_EDGE('',*,*,#1223,.T.);
#1413=ORIENTED_EDGE('',*,*,#1208,.F.);
#1414=ORIENTED_EDGE('',*,*,#1193,.T.);
#1415=ORIENTED_EDGE('',*,*,#1178,.F.);
#1417=ORIENTED_EDGE('',*,*,#1416,.T.);
#1418=ORIENTED_EDGE('',*,*,#866,.F.);
#1419=EDGE_LOOP('',(#1406,#1407,#1408,#1409,#1410,#1411,#1412,#1413,#1414,#1415,
#1417,#1418));
#1420=FACE_OUTER_BOUND('',#1419,.F.);
#1421=ADVANCED_FACE('',(#1420),#1405,.T.);
#1422=CARTESIAN_POINT('',(-6.749483755967E1,2.662131773541E1,
-2.322858451504E0));
#1423=DIRECTION('',(2.950807726655E-4,9.978980947167E-1,6.480204848761E-2));
#1424=DIRECTION('',(9.999999411208E-1,-2.831089422395E-4,-1.939272218484E-4));
#1425=AXIS2_PLACEMENT_3D('',#1422,#1423,#1424);
#1426=CONICAL_SURFACE('',#1425,1.225315740993E1,4.501087512887E1);
#1427=ORIENTED_EDGE('',*,*,#1163,.F.);
#1428=ORIENTED_EDGE('',*,*,#1130,.F.);
#1430=ORIENTED_EDGE('',*,*,#1429,.F.);
#1431=ORIENTED_EDGE('',*,*,#1416,.F.);
#1432=EDGE_LOOP('',(#1427,#1428,#1430,#1431));
#1433=FACE_OUTER_BOUND('',#1432,.F.);
#1434=ADVANCED_FACE('',(#1433),#1426,.T.);
#1435=CARTESIAN_POINT('',(-7.975E1,2.694208612335E1,-7.195190334388E0));
#1436=DIRECTION('',(-7.071067811865E-1,-7.056061819609E-1,-4.604254530878E-2));
#1437=DIRECTION('',(-6.497639322232E-2,0.E0,9.978868013577E-1));
#1438=AXIS2_PLACEMENT_3D('',#1435,#1436,#1437);
#1439=PLANE('',#1438);
#1440=ORIENTED_EDGE('',*,*,#1429,.T.);
#1441=ORIENTED_EDGE('',*,*,#1128,.T.);
#1443=ORIENTED_EDGE('',*,*,#1442,.T.);
#1444=ORIENTED_EDGE('',*,*,#868,.T.);
#1445=EDGE_LOOP('',(#1440,#1441,#1443,#1444));
#1446=FACE_OUTER_BOUND('',#1445,.F.);
#1447=ADVANCED_FACE('',(#1446),#1439,.T.);
#1448=CARTESIAN_POINT('',(-6.749418187788E1,2.704457957636E1,
-8.817920204558E0));
#1449=DIRECTION('',(3.376147833636E-4,9.978568317101E-1,6.543416099919E-2));
#1450=DIRECTION('',(4.747200994103E-4,-6.543431728436E-2,9.978567656544E-1));
#1451=AXIS2_PLACEMENT_3D('',#1448,#1449,#1450);
#1452=CONICAL_SURFACE('',#1451,1.225372327280E1,4.501243413372E1);
#1453=ORIENTED_EDGE('',*,*,#1442,.F.);
#1454=ORIENTED_EDGE('',*,*,#1126,.F.);
#1455=ORIENTED_EDGE('',*,*,#1107,.F.);
#1457=ORIENTED_EDGE('',*,*,#1456,.F.);
#1458=EDGE_LOOP('',(#1453,#1454,#1455,#1457));
#1459=FACE_OUTER_BOUND('',#1458,.F.);
#1460=ADVANCED_FACE('',(#1459),#1452,.T.);
#1461=CARTESIAN_POINT('',(-6.749843620788E1,2.829556302582E1,
-8.740243774885E0));
#1462=DIRECTION('',(0.E0,9.978778322235E-1,6.511399202185E-2));
#1463=DIRECTION('',(-1.250877193545E-4,6.511399151243E-2,-9.978778244166E-1));
#1464=AXIS2_PLACEMENT_3D('',#1461,#1462,#1463);
#1465=CYLINDRICAL_SURFACE('',#1464,1.250156388713E1);
#1466=ORIENTED_EDGE('',*,*,#1017,.T.);
#1467=ORIENTED_EDGE('',*,*,#1002,.F.);
#1468=ORIENTED_EDGE('',*,*,#987,.T.);
#1469=ORIENTED_EDGE('',*,*,#972,.F.);
#1470=ORIENTED_EDGE('',*,*,#957,.T.);
#1471=ORIENTED_EDGE('',*,*,#870,.F.);
#1472=ORIENTED_EDGE('',*,*,#1456,.T.);
#1473=ORIENTED_EDGE('',*,*,#1092,.F.);
#1474=ORIENTED_EDGE('',*,*,#1077,.T.);
#1475=ORIENTED_EDGE('',*,*,#1062,.F.);
#1476=ORIENTED_EDGE('',*,*,#1047,.T.);
#1477=ORIENTED_EDGE('',*,*,#1032,.F.);
#1478=EDGE_LOOP('',(#1466,#1467,#1468,#1469,#1470,#1471,#1472,#1473,#1474,#1475,
#1476,#1477));
#1479=FACE_OUTER_BOUND('',#1478,.F.);
#1480=ADVANCED_FACE('',(#1479),#1465,.T.);
#1481=CARTESIAN_POINT('',(9.25E1,4.255793491122E0,6.444712326443E0));
#1482=DIRECTION('',(0.E0,6.511399202186E-2,-9.978778322235E-1));
#1483=DIRECTION('',(-1.E0,0.E0,0.E0));
#1484=AXIS2_PLACEMENT_3D('',#1481,#1482,#1483);
#1485=PLANE('',#1484);
#1486=ORIENTED_EDGE('',*,*,#1134,.T.);
#1488=ORIENTED_EDGE('',*,*,#1487,.F.);
#1490=ORIENTED_EDGE('',*,*,#1489,.F.);
#1492=ORIENTED_EDGE('',*,*,#1491,.T.);
#1493=EDGE_LOOP('',(#1486,#1488,#1490,#1492));
#1494=FACE_OUTER_BOUND('',#1493,.F.);
#1495=ADVANCED_FACE('',(#1494),#1485,.F.);
#1496=CARTESIAN_POINT('',(6.749847461448E1,2.562601644925E1,-2.383985496228E0));
#1497=DIRECTION('',(0.E0,9.978778322235E-1,6.511399202185E-2));
#1498=DIRECTION('',(9.999999866840E-1,1.062617105540E-5,-1.628470349973E-4));
#1499=AXIS2_PLACEMENT_3D('',#1496,#1497,#1498);
#1500=CYLINDRICAL_SURFACE('',#1499,1.019750554421E1);
#1502=ORIENTED_EDGE('',*,*,#1501,.F.);
#1503=ORIENTED_EDGE('',*,*,#1487,.T.);
#1504=ORIENTED_EDGE('',*,*,#1148,.F.);
#1506=ORIENTED_EDGE('',*,*,#1505,.F.);
#1507=EDGE_LOOP('',(#1502,#1503,#1504,#1506));
#1508=FACE_OUTER_BOUND('',#1507,.F.);
#1509=ADVANCED_FACE('',(#1508),#1500,.T.);
#1510=CARTESIAN_POINT('',(0.E0,2.508977210405E1,-5.684253973094E0));
#1511=DIRECTION('',(0.E0,9.978778322235E-1,6.511399202186E-2));
#1512=DIRECTION('',(1.E0,0.E0,0.E0));
#1513=AXIS2_PLACEMENT_3D('',#1510,#1511,#1512);
#1514=PLANE('',#1513);
#1515=ORIENTED_EDGE('',*,*,#1489,.T.);
#1516=ORIENTED_EDGE('',*,*,#1501,.T.);
#1518=ORIENTED_EDGE('',*,*,#1517,.T.);
#1520=ORIENTED_EDGE('',*,*,#1519,.T.);
#1522=ORIENTED_EDGE('',*,*,#1521,.T.);
#1524=ORIENTED_EDGE('',*,*,#1523,.T.);
#1526=ORIENTED_EDGE('',*,*,#1525,.T.);
#1528=ORIENTED_EDGE('',*,*,#1527,.T.);
#1529=EDGE_LOOP('',(#1515,#1516,#1518,#1520,#1522,#1524,#1526,#1528));
#1530=FACE_OUTER_BOUND('',#1529,.F.);
#1531=ADVANCED_FACE('',(#1530),#1514,.F.);
#1532=CARTESIAN_POINT('',(7.77E1,5.344271085399E0,-1.023630550820E1));
#1533=DIRECTION('',(-1.E0,0.E0,0.E0));
#1534=DIRECTION('',(0.E0,-6.511399202186E-2,9.978778322235E-1));
#1535=AXIS2_PLACEMENT_3D('',#1532,#1533,#1534);
#1536=PLANE('',#1535);
#1537=ORIENTED_EDGE('',*,*,#1517,.F.);
#1538=ORIENTED_EDGE('',*,*,#1505,.T.);
#1539=ORIENTED_EDGE('',*,*,#1146,.T.);
#1541=ORIENTED_EDGE('',*,*,#1540,.T.);
#1542=EDGE_LOOP('',(#1537,#1538,#1539,#1541));
#1543=FACE_OUTER_BOUND('',#1542,.F.);
#1544=ADVANCED_FACE('',(#1543),#1536,.F.);
#1545=CARTESIAN_POINT('',(6.749833686087E1,2.605033542297E1,-8.886712245480E0));
#1546=DIRECTION('',(0.E0,9.978778322235E-1,6.511399202186E-2));
#1547=DIRECTION('',(1.630272511472E-4,6.511399115656E-2,-9.978778189627E-1));
#1548=AXIS2_PLACEMENT_3D('',#1545,#1546,#1547);
#1549=CYLINDRICAL_SURFACE('',#1548,1.019748279634E1);
#1550=ORIENTED_EDGE('',*,*,#1519,.F.);
#1551=ORIENTED_EDGE('',*,*,#1540,.F.);
#1552=ORIENTED_EDGE('',*,*,#1144,.F.);
#1554=ORIENTED_EDGE('',*,*,#1553,.F.);
#1555=EDGE_LOOP('',(#1550,#1551,#1552,#1554));
#1556=FACE_OUTER_BOUND('',#1555,.F.);
#1557=ADVANCED_FACE('',(#1556),#1549,.T.);
#1558=CARTESIAN_POINT('',(-9.25E1,6.008637428046E0,-2.041777995350E1));
#1559=DIRECTION('',(0.E0,-6.511399202186E-2,9.978778322235E-1));
#1560=DIRECTION('',(1.E0,0.E0,0.E0));
#1561=AXIS2_PLACEMENT_3D('',#1558,#1559,#1560);
#1562=PLANE('',#1561);
#1563=ORIENTED_EDGE('',*,*,#1521,.F.);
#1564=ORIENTED_EDGE('',*,*,#1553,.T.);
#1565=ORIENTED_EDGE('',*,*,#1142,.T.);
#1567=ORIENTED_EDGE('',*,*,#1566,.F.);
#1568=EDGE_LOOP('',(#1563,#1564,#1565,#1567));
#1569=FACE_OUTER_BOUND('',#1568,.F.);
#1570=ADVANCED_FACE('',(#1569),#1562,.F.);
#1571=CARTESIAN_POINT('',(-6.749847471298E1,2.605034449391E1,
-8.886851258349E0));
#1572=DIRECTION('',(0.E0,9.978778322235E-1,6.511399202187E-2));
#1573=DIRECTION('',(-9.999999866872E-1,-1.062486900864E-5,1.628270810126E-4));
#1574=AXIS2_PLACEMENT_3D('',#1571,#1572,#1573);
#1575=CYLINDRICAL_SURFACE('',#1574,1.019750548846E1);
#1576=ORIENTED_EDGE('',*,*,#1523,.F.);
#1577=ORIENTED_EDGE('',*,*,#1566,.T.);
#1578=ORIENTED_EDGE('',*,*,#1140,.F.);
#1580=ORIENTED_EDGE('',*,*,#1579,.F.);
#1581=EDGE_LOOP('',(#1576,#1577,#1578,#1580));
#1582=FACE_OUTER_BOUND('',#1581,.F.);
#1583=ADVANCED_FACE('',(#1582),#1575,.T.);
#1584=CARTESIAN_POINT('',(-7.77E1,4.920159833769E0,-3.736762118865E0));
#1585=DIRECTION('',(1.E0,0.E0,0.E0));
#1586=DIRECTION('',(0.E0,6.511399202186E-2,-9.978778322235E-1));
#1587=AXIS2_PLACEMENT_3D('',#1584,#1585,#1586);
#1588=PLANE('',#1587);
#1589=ORIENTED_EDGE('',*,*,#1525,.F.);
#1590=ORIENTED_EDGE('',*,*,#1579,.T.);
#1591=ORIENTED_EDGE('',*,*,#1138,.T.);
#1593=ORIENTED_EDGE('',*,*,#1592,.F.);
#1594=EDGE_LOOP('',(#1589,#1590,#1591,#1593));
#1595=FACE_OUTER_BOUND('',#1594,.F.);
#1596=ADVANCED_FACE('',(#1595),#1588,.F.);
#1597=CARTESIAN_POINT('',(-6.749833499581E1,2.562602541296E1,
-2.384122865870E0));
#1598=DIRECTION('',(0.E0,9.978778322235E-1,6.511399202186E-2));
#1599=DIRECTION('',(-1.632101003451E-4,-6.511399115462E-2,9.978778189329E-1));
#1600=AXIS2_PLACEMENT_3D('',#1597,#1598,#1599);
#1601=CYLINDRICAL_SURFACE('',#1600,1.019748423650E1);
#1602=ORIENTED_EDGE('',*,*,#1527,.F.);
#1603=ORIENTED_EDGE('',*,*,#1592,.T.);
#1604=ORIENTED_EDGE('',*,*,#1136,.F.);
#1605=ORIENTED_EDGE('',*,*,#1491,.F.);
#1606=EDGE_LOOP('',(#1602,#1603,#1604,#1605));
#1607=FACE_OUTER_BOUND('',#1606,.F.);
#1608=ADVANCED_FACE('',(#1607),#1601,.T.);
#1612=DIMENSIONAL_EXPONENTS(0.E0,0.E0,0.E0,0.E0,0.E0,0.E0,0.E0);
#1614=PLANE_ANGLE_MEASURE_WITH_UNIT(PLANE_ANGLE_MEASURE(1.745329251994E-2),
#1613);
#1615=(CONVERSION_BASED_UNIT('DEGREE',#1614)NAMED_UNIT(*)PLANE_ANGLE_UNIT());
#1617=UNCERTAINTY_MEASURE_WITH_UNIT(LENGTH_MEASURE(1.640136356173E-2),#1611,
'closure',
'Maximum model space distance between geometric entities at asserted connectivities');
#1618=(GEOMETRIC_REPRESENTATION_CONTEXT(3)GLOBAL_UNCERTAINTY_ASSIGNED_CONTEXT((
#1617))GLOBAL_UNIT_ASSIGNED_CONTEXT((#1611,#1615,#1616))REPRESENTATION_CONTEXT(
'ID1','3'));
#1619=CARTESIAN_POINT('',(0.E0,0.E0,0.E0));
#1620=DIRECTION('',(0.E0,0.E0,1.E0));
#1621=DIRECTION('',(1.E0,0.E0,0.E0));
#1624=APPLICATION_CONTEXT(
'CONFIGURATION CONTROLLED 3D DESIGNS OF MECHANICAL PARTS AND ASSEMBLIES');
#1625=APPLICATION_PROTOCOL_DEFINITION('international standard',
'config_control_design',1994,#1624);
#1626=DESIGN_CONTEXT('',#1624,'design');
#1627=MECHANICAL_CONTEXT('',#1624,'mechanical');
#1628=PRODUCT('_X2_5B9E4F53_X0_6_1_1_1','_X2_5B9E4F53_X0_6_1_1_1',
'NOT SPECIFIED',(#1627));
#1629=PRODUCT_DEFINITION_FORMATION_WITH_SPECIFIED_SOURCE('1','LAST_VERSION',
#1628,.MADE.);
#1638=CARTESIAN_POINT('',(0.E0,1.801020600606E1,-1.836383578386E1));
#1639=DIRECTION('',(0.E0,-9.978778322235E-1,6.511399202186E-2));
#1640=DIRECTION('',(1.E0,0.E0,0.E0));
#1641=AXIS2_PLACEMENT_3D('',#1638,#1639,#1640);
#1642=ITEM_DEFINED_TRANSFORMATION('','',#1622,#1641);
#1643=CARTESIAN_POINT('',(0.E0,0.E0,0.E0));
#1644=DIRECTION('',(0.E0,0.E0,1.E0));
#1645=DIRECTION('',(1.E0,0.E0,0.E0));
#1647=(REPRESENTATION_RELATIONSHIP('','',#1623,#1635)REPRESENTATION_RELATIONSHIP_WITH_TRANSFORMATION(#1642)SHAPE_REPRESENTATION_RELATIONSHIP());
#1648=CONTEXT_DEPENDENT_SHAPE_REPRESENTATION(#1647,#1637);
#1649=CARTESIAN_POINT('',(6.E1,3.635398711249E0,-7.084204801564E0));
#1650=DIRECTION('',(0.E0,-9.978778322235E-1,-6.511399202186E-2));
#1651=DIRECTION('',(1.E0,0.E0,-3.043491384839E-14));
#1652=AXIS2_PLACEMENT_3D('',#1649,#1650,#1651);
#1654=CARTESIAN_POINT('',(6.E1,3.635398711249E0,-7.084204801564E0));
#1655=DIRECTION('',(0.E0,-9.978778322235E-1,-6.511399202186E-2));
#1656=DIRECTION('',(-1.E0,0.E0,-3.031649005910E-14));
#1657=AXIS2_PLACEMENT_3D('',#1654,#1655,#1656);
#1659=DIRECTION('',(-1.894780628694E-14,9.978778322234E-1,6.511399202191E-2));
#1660=VECTOR('',#1659,1.5E0);
#1661=CARTESIAN_POINT('',(5.25E1,3.635398711249E0,-7.084204801564E0));
#1662=LINE('',#1661,#1660);
#1663=DIRECTION('',(1.894780628694E-14,-9.978778322234E-1,-6.511399202191E-2));
#1664=VECTOR('',#1663,1.5E0);
#1665=CARTESIAN_POINT('',(6.75E1,5.132215459584E0,-6.986533813531E0));
#1666=LINE('',#1665,#1664);
#1667=DIRECTION('',(-1.E0,0.E0,0.E0));
#1668=VECTOR('',#1667,1.35E2);
#1669=CARTESIAN_POINT('',(6.75E1,4.106031309471E0,8.739831340557E0));
#1670=LINE('',#1669,#1668);
#1671=DIRECTION('',(1.E0,0.E0,0.E0));
#1672=VECTOR('',#1671,1.349999999999E2);
#1673=CARTESIAN_POINT('',(-6.749999999997E1,6.158399609696E0,
-2.271289896762E1));
#1674=LINE('',#1673,#1672);
#1675=CARTESIAN_POINT('',(6.E1,5.132215459584E0,-6.986533813531E0));
#1676=DIRECTION('',(0.E0,9.978778322235E-1,6.511399202186E-2));
#1677=DIRECTION('',(-1.E0,0.E0,0.E0));
#1678=AXIS2_PLACEMENT_3D('',#1675,#1676,#1677);
#1680=CARTESIAN_POINT('',(6.E1,5.132215459584E0,-6.986533813531E0));
#1681=DIRECTION('',(0.E0,9.978778322235E-1,6.511399202186E-2));
#1682=DIRECTION('',(1.E0,0.E0,0.E0));
#1683=AXIS2_PLACEMENT_3D('',#1680,#1681,#1682);
#1685=CARTESIAN_POINT('',(-6.E1,5.132215459584E0,-6.986533813531E0));
#1686=DIRECTION('',(0.E0,9.978778322235E-1,6.511399202186E-2));
#1687=DIRECTION('',(-1.E0,0.E0,0.E0));
#1688=AXIS2_PLACEMENT_3D('',#1685,#1686,#1687);
#1690=CARTESIAN_POINT('',(-6.E1,5.132215459584E0,-6.986533813531E0));
#1691=DIRECTION('',(0.E0,9.978778322235E-1,6.511399202186E-2));
#1692=DIRECTION('',(1.E0,0.E0,0.E0));
#1693=AXIS2_PLACEMENT_3D('',#1690,#1691,#1692);
#1695=CARTESIAN_POINT('',(0.E0,5.132215459584E0,-6.986533813531E0));
#1696=DIRECTION('',(0.E0,9.978778322235E-1,6.511399202186E-2));
#1697=DIRECTION('',(1.E0,0.E0,0.E0));
#1698=AXIS2_PLACEMENT_3D('',#1695,#1696,#1697);
#1700=CARTESIAN_POINT('',(0.E0,5.132215459584E0,-6.986533813531E0));
#1701=DIRECTION('',(0.E0,9.978778322235E-1,6.511399202186E-2));
#1702=DIRECTION('',(-1.E0,0.E0,0.E0));
#1703=AXIS2_PLACEMENT_3D('',#1700,#1701,#1702);
#1705=DIRECTION('',(-1.E0,0.E0,0.E0));
#1706=VECTOR('',#1705,1.35E2);
#1707=CARTESIAN_POINT('',(6.75E1,1.129181337077E0,8.478611323802E0));
#1708=LINE('',#1707,#1706);
#1709=DIRECTION('',(-1.E0,0.E0,0.E0));
#1710=VECTOR('',#1709,1.35E2);
#1711=CARTESIAN_POINT('',(6.75E1,3.147314762980E0,-2.297712311106E1));
#1712=LINE('',#1711,#1710);
#1713=DIRECTION('',(-1.E0,0.E0,0.E0));
#1714=VECTOR('',#1713,1.58E2);
#1715=CARTESIAN_POINT('',(7.9E1,1.883518908306E0,-3.278907782841E0));
#1716=LINE('',#1715,#1714);
#1717=DIRECTION('',(1.E0,0.E0,0.E0));
#1718=VECTOR('',#1717,1.58E2);
#1719=CARTESIAN_POINT('',(-7.9E1,2.075102730076E0,-6.265038304380E0));
#1720=LINE('',#1719,#1718);
#1721=CARTESIAN_POINT('',(-7.633883476483E1,2.912839589704E0,
-1.932246446091E1));
#1722=CARTESIAN_POINT('',(-7.511853029786E1,2.990992604650E0,
-2.054060021539E1));
#1723=CARTESIAN_POINT('',(-7.239510835493E1,3.103591872125E0,
-2.229563415408E1));
#1724=CARTESIAN_POINT('',(-6.922600857536E1,3.147314762980E0,
-2.297712311106E1));
#1725=CARTESIAN_POINT('',(-6.75E1,3.147314762980E0,-2.297712311106E1));
#1727=DIRECTION('',(1.125996558097E-11,9.961720194260E-1,8.741457380043E-2));
#1728=VECTOR('',#1727,3.022655513303E0);
#1729=CARTESIAN_POINT('',(-6.75E1,3.147314762980E0,-2.297712311106E1));
#1730=LINE('',#1729,#1728);
#1731=CARTESIAN_POINT('',(-6.749999999990E1,6.158399609695E0,
-2.271289896761E1));
#1732=CARTESIAN_POINT('',(-6.922599779370E1,6.158399609696E0,
-2.271289896763E1));
#1733=CARTESIAN_POINT('',(-7.239509104454E1,6.113935486836E0,
-2.203148225283E1));
#1734=CARTESIAN_POINT('',(-7.511852267612E1,5.999426156083E0,
-2.027661637541E1));
#1735=CARTESIAN_POINT('',(-7.633883476483E1,5.919946885686E0,
-1.905858934946E1));
#1737=CARTESIAN_POINT('',(-7.633883476483E1,5.919946885686E0,
-1.905858934946E1));
#1738=CARTESIAN_POINT('',(-7.755929949004E1,5.840457674031E0,
-1.784040997282E1));
#1739=CARTESIAN_POINT('',(-7.931744850044E1,5.663067169350E0,
-1.512188440294E1));
#1740=CARTESIAN_POINT('',(-8.E1,5.456671749279E0,-1.195885587456E1));
#1741=CARTESIAN_POINT('',(-8.E1,5.344271085399E0,-1.023630550820E1));
#1743=CARTESIAN_POINT('',(-8.E1,2.346766446342E0,-1.049933798188E1));
#1744=CARTESIAN_POINT('',(-8.E1,2.457291502110E0,-1.222204211928E1));
#1745=CARTESIAN_POINT('',(-7.931745566618E1,2.660243690561E0,
-1.538536623895E1));
#1746=CARTESIAN_POINT('',(-7.755930710976E1,2.834675823206E0,
-1.810416112682E1));
#1747=CARTESIAN_POINT('',(-7.633883476483E1,2.912839589704E0,
-1.932246446091E1));
#1749=DIRECTION('',(0.E0,6.402624786717E-2,-9.979482148809E-1));
#1750=VECTOR('',#1749,6.513528537440E0);
#1751=CARTESIAN_POINT('',(-8.E1,1.929729653715E0,-3.999173805373E0));
#1752=LINE('',#1751,#1750);
#1753=DIRECTION('',(0.E0,9.961720194261E-1,8.741457379940E-2));
#1754=VECTOR('',#1753,3.009023121110E0);
#1755=CARTESIAN_POINT('',(-8.E1,2.346766446343E0,-1.049933798189E1));
#1756=LINE('',#1755,#1754);
#1757=DIRECTION('',(0.E0,-6.511399202185E-2,9.978778322235E-1));
#1758=VECTOR('',#1757,6.513365844450E0);
#1759=CARTESIAN_POINT('',(-8.E1,5.344271085399E0,-1.023630550820E1));
#1760=LINE('',#1759,#1758);
#1761=DIRECTION('',(0.E0,-9.961720194260E-1,-8.741457380087E-2));
#1762=VECTOR('',#1761,3.001921477153E0);
#1763=CARTESIAN_POINT('',(-8.E1,4.920159833768E0,-3.736762118864E0));
#1764=LINE('',#1763,#1762);
#1765=CARTESIAN_POINT('',(-7.633883476483E1,4.344484033480E0,5.085521722401E0));
#1766=CARTESIAN_POINT('',(-7.511852267614E1,4.265004763084E0,6.303548748341E0));
#1767=CARTESIAN_POINT('',(-7.239509104458E1,4.150495432332E0,8.058414625743E0));
#1768=CARTESIAN_POINT('',(-6.922599779379E1,4.106031309471E0,8.739831340557E0));
#1769=CARTESIAN_POINT('',(-6.75E1,4.106031309471E0,8.739831340557E0));
#1771=DIRECTION('',(5.706618460732E-14,-9.961720194260E-1,-8.741457380058E-2));
#1772=VECTOR('',#1771,2.988289084961E0);
#1773=CARTESIAN_POINT('',(-6.75E1,4.106031309471E0,8.739831340557E0));
#1774=LINE('',#1773,#1772);
#1775=CARTESIAN_POINT('',(-6.75E1,1.129181337077E0,8.478611323802E0));
#1776=CARTESIAN_POINT('',(-6.922600857536E1,1.129181337077E0,8.478611323802E0));
#1777=CARTESIAN_POINT('',(-7.239510835493E1,1.172904227932E0,7.797122366827E0));
#1778=CARTESIAN_POINT('',(-7.511853029786E1,1.285503495407E0,6.042088428141E0));
#1779=CARTESIAN_POINT('',(-7.633883476483E1,1.363656510353E0,4.823952673657E0));
#1781=CARTESIAN_POINT('',(-7.633883476483E1,1.363656510353E0,4.823952673657E0));
#1782=CARTESIAN_POINT('',(-7.755930710976E1,1.441820276851E0,3.605649339570E0));
#1783=CARTESIAN_POINT('',(-7.931745566618E1,1.616252409496E0,
8.868544517003E-1));
#1784=CARTESIAN_POINT('',(-8.E1,1.819204597947E0,-2.276469667973E0));
#1785=CARTESIAN_POINT('',(-8.E1,1.929729653715E0,-3.999173805374E0));
#1787=CARTESIAN_POINT('',(-8.E1,4.920159833768E0,-3.736762118864E0));
#1788=CARTESIAN_POINT('',(-8.E1,4.807759169888E0,-2.014211752498E0));
#1789=CARTESIAN_POINT('',(-7.931744850044E1,4.601363749817E0,1.148816775883E0));
#1790=CARTESIAN_POINT('',(-7.755929949004E1,4.423973245135E0,3.867342345764E0));
#1791=CARTESIAN_POINT('',(-7.633883476483E1,4.344484033480E0,5.085521722401E0));
#1793=CARTESIAN_POINT('',(7.633883476483E1,5.919946885686E0,-1.905858934946E1));
#1794=CARTESIAN_POINT('',(7.511852267612E1,5.999426156083E0,-2.027661637541E1));
#1795=CARTESIAN_POINT('',(7.239509104454E1,6.113935486836E0,-2.203148225283E1));
#1796=CARTESIAN_POINT('',(6.922599779370E1,6.158399609696E0,-2.271289896763E1));
#1797=CARTESIAN_POINT('',(6.749999999990E1,6.158399609695E0,-2.271289896761E1));
#1799=DIRECTION('',(1.124586123995E-11,-9.961720194260E-1,-8.741457380043E-2));
#1800=VECTOR('',#1799,3.022655513303E0);
#1801=CARTESIAN_POINT('',(6.749999999997E1,6.158399609696E0,-2.271289896762E1));
#1802=LINE('',#1801,#1800);
#1803=CARTESIAN_POINT('',(6.75E1,3.147314762980E0,-2.297712311106E1));
#1804=CARTESIAN_POINT('',(6.922600857536E1,3.147314762980E0,-2.297712311106E1));
#1805=CARTESIAN_POINT('',(7.239510835493E1,3.103591872125E0,-2.229563415408E1));
#1806=CARTESIAN_POINT('',(7.511853029786E1,2.990992604650E0,-2.054060021539E1));
#1807=CARTESIAN_POINT('',(7.633883476483E1,2.912839589704E0,-1.932246446091E1));
#1809=CARTESIAN_POINT('',(7.633883476483E1,2.912839589704E0,-1.932246446091E1));
#1810=CARTESIAN_POINT('',(7.755930710976E1,2.834675823206E0,-1.810416112682E1));
#1811=CARTESIAN_POINT('',(7.931745566618E1,2.660243690561E0,-1.538536623895E1));
#1812=CARTESIAN_POINT('',(8.E1,2.457291502110E0,-1.222204211928E1));
#1813=CARTESIAN_POINT('',(8.E1,2.346766446342E0,-1.049933798188E1));
#1815=CARTESIAN_POINT('',(8.E1,5.344271085399E0,-1.023630550820E1));
#1816=CARTESIAN_POINT('',(8.E1,5.456671749279E0,-1.195885587456E1));
#1817=CARTESIAN_POINT('',(7.931744850044E1,5.663067169350E0,-1.512188440294E1));
#1818=CARTESIAN_POINT('',(7.755929949004E1,5.840457674031E0,-1.784040997282E1));
#1819=CARTESIAN_POINT('',(7.633883476483E1,5.919946885686E0,-1.905858934946E1));
#1821=DIRECTION('',(0.E0,-6.402624786722E-2,9.979482148809E-1));
#1822=VECTOR('',#1821,6.513528537432E0);
#1823=CARTESIAN_POINT('',(8.E1,2.346766446342E0,-1.049933798188E1));
#1824=LINE('',#1823,#1822);
#1825=DIRECTION('',(0.E0,9.961720194260E-1,8.741457380024E-2));
#1826=VECTOR('',#1825,3.001921477153E0);
#1827=CARTESIAN_POINT('',(8.E1,1.929729653714E0,-3.999173805371E0));
#1828=LINE('',#1827,#1826);
#1829=DIRECTION('',(0.E0,6.511399202187E-2,-9.978778322235E-1));
#1830=VECTOR('',#1829,6.513365844440E0);
#1831=CARTESIAN_POINT('',(8.E1,4.920159833768E0,-3.736762118864E0));
#1832=LINE('',#1831,#1830);
#1833=DIRECTION('',(0.E0,-9.961720194261E-1,-8.741457379940E-2));
#1834=VECTOR('',#1833,3.009023121110E0);
#1835=CARTESIAN_POINT('',(8.E1,5.344271085398E0,-1.023630550819E1));
#1836=LINE('',#1835,#1834);
#1837=CARTESIAN_POINT('',(7.633883476483E1,1.363656510353E0,4.823952673657E0));
#1838=CARTESIAN_POINT('',(7.511853029786E1,1.285503495407E0,6.042088428141E0));
#1839=CARTESIAN_POINT('',(7.239510835493E1,1.172904227932E0,7.797122366827E0));
#1840=CARTESIAN_POINT('',(6.922600857536E1,1.129181337077E0,8.478611323802E0));
#1841=CARTESIAN_POINT('',(6.75E1,1.129181337077E0,8.478611323802E0));
#1843=DIRECTION('',(1.093768538307E-13,9.961720194260E-1,8.741457380058E-2));
#1844=VECTOR('',#1843,2.988289084961E0);
#1845=CARTESIAN_POINT('',(6.75E1,1.129181337077E0,8.478611323802E0));
#1846=LINE('',#1845,#1844);
#1847=CARTESIAN_POINT('',(6.75E1,4.106031309471E0,8.739831340557E0));
#1848=CARTESIAN_POINT('',(6.922599779379E1,4.106031309471E0,8.739831340557E0));
#1849=CARTESIAN_POINT('',(7.239509104458E1,4.150495432332E0,8.058414625743E0));
#1850=CARTESIAN_POINT('',(7.511852267614E1,4.265004763084E0,6.303548748341E0));
#1851=CARTESIAN_POINT('',(7.633883476483E1,4.344484033480E0,5.085521722401E0));
#1853=CARTESIAN_POINT('',(7.633883476483E1,4.344484033480E0,5.085521722401E0));
#1854=CARTESIAN_POINT('',(7.755929949004E1,4.423973245135E0,3.867342345764E0));
#1855=CARTESIAN_POINT('',(7.931744850044E1,4.601363749817E0,1.148816775883E0));
#1856=CARTESIAN_POINT('',(8.E1,4.807759169888E0,-2.014211752498E0));
#1857=CARTESIAN_POINT('',(8.E1,4.920159833768E0,-3.736762118864E0));
#1859=CARTESIAN_POINT('',(8.E1,1.929729653714E0,-3.999173805370E0));
#1860=CARTESIAN_POINT('',(8.E1,1.819204597947E0,-2.276469667970E0));
#1861=CARTESIAN_POINT('',(7.931745566618E1,1.616252409496E0,8.868544517022E-1));
#1862=CARTESIAN_POINT('',(7.755930710976E1,1.441820276851E0,3.605649339570E0));
#1863=CARTESIAN_POINT('',(7.633883476483E1,1.363656510353E0,4.823952673657E0));
#1865=CARTESIAN_POINT('',(-4.75E1,-3.356430136872E0,-3.738715831640E0));
#1866=DIRECTION('',(0.E0,-8.741457380055E-2,9.961720194260E-1));
#1867=DIRECTION('',(1.E0,-2.564885972988E-13,-2.252940381678E-14));
#1868=AXIS2_PLACEMENT_3D('',#1865,#1866,#1867);
#1870=CARTESIAN_POINT('',(-4.75E1,-3.356430136872E0,-3.738715831640E0));
#1871=DIRECTION('',(0.E0,-8.741457380055E-2,9.961720194260E-1));
#1872=DIRECTION('',(-1.E0,-2.560553395331E-13,-2.252940381678E-14));
#1873=AXIS2_PLACEMENT_3D('',#1870,#1871,#1872);
#1875=CARTESIAN_POINT('',(4.75E1,-3.356430136872E0,-3.738715831640E0));
#1876=DIRECTION('',(0.E0,-8.741457380055E-2,9.961720194260E-1));
#1877=DIRECTION('',(1.E0,-2.564885972988E-13,-2.252940381678E-14));
#1878=AXIS2_PLACEMENT_3D('',#1875,#1876,#1877);
#1880=CARTESIAN_POINT('',(4.75E1,-3.356430136872E0,-3.738715831640E0));
#1881=DIRECTION('',(0.E0,-8.741457380055E-2,9.961720194260E-1));
#1882=DIRECTION('',(-1.E0,-2.560553395331E-13,-2.252940381678E-14));
#1883=AXIS2_PLACEMENT_3D('',#1880,#1881,#1882);
#1885=DIRECTION('',(-1.E0,-2.983234574404E-12,3.827829556592E-11));
#1886=VECTOR('',#1885,1.7E1);
#1887=CARTESIAN_POINT('',(7.7E1,-8.547901277596E0,-4.684419172973E0));
#1888=LINE('',#1887,#1886);
#1889=DIRECTION('',(-1.E0,-7.622939316813E-13,1.551825334900E-12));
#1890=VECTOR('',#1889,1.2E2);
#1891=CARTESIAN_POINT('',(6.E1,-8.547901277647E0,-4.684419172322E0));
#1892=LINE('',#1891,#1890);
#1893=DIRECTION('',(-1.E0,-1.398306307344E-12,1.280199475840E-11));
#1894=VECTOR('',#1893,1.7E1);
#1895=CARTESIAN_POINT('',(-6.E1,-8.547901277738E0,-4.684419172136E0));
#1896=LINE('',#1895,#1894);
#1897=DIRECTION('',(1.E0,1.959655966911E-11,1.116335781984E-12));
#1898=VECTOR('',#1897,1.7E1);
#1899=CARTESIAN_POINT('',(-7.7E1,-8.092634457579E0,-4.154320038564E0));
#1900=LINE('',#1899,#1898);
#1901=DIRECTION('',(1.E0,1.652914842036E-12,-5.331883083196E-13));
#1902=VECTOR('',#1901,1.2E2);
#1903=CARTESIAN_POINT('',(-6.E1,-8.092634457246E0,-4.154320038545E0));
#1904=LINE('',#1903,#1902);
#1905=DIRECTION('',(1.E0,2.640867916505E-11,1.778394425187E-12));
#1906=VECTOR('',#1905,1.7E1);
#1907=CARTESIAN_POINT('',(6.E1,-8.092634457048E0,-4.154320038609E0));
#1908=LINE('',#1907,#1906);
#1909=DIRECTION('',(-1.E0,-1.177004965514E-11,-9.995236430927E-11));
#1910=VECTOR('',#1909,1.369999999997E2);
#1911=CARTESIAN_POINT('',(7.700000000019E1,-8.420361320706E0,
-6.672326870814E0));
#1912=LINE('',#1911,#1910);
#1913=DIRECTION('',(-1.E0,4.207980369300E-11,-8.892976289832E-10));
#1914=VECTOR('',#1913,1.700000000033E1);
#1915=CARTESIAN_POINT('',(-5.999999999948E1,-8.420361322319E0,
-6.672326884508E0));
#1916=LINE('',#1915,#1914);
#1917=DIRECTION('',(1.E0,4.499718558454E-9,4.097554713753E-10));
#1918=VECTOR('',#1917,1.700000000034E1);
#1919=CARTESIAN_POINT('',(-7.699999999981E1,-7.877680004355E0,
-7.138399777352E0));
#1920=LINE('',#1919,#1918);
#1921=DIRECTION('',(1.E0,8.014422604901E-10,8.840016472302E-11));
#1922=VECTOR('',#1921,1.369999999997E2);
#1923=CARTESIAN_POINT('',(-5.999999999947E1,-7.877679927859E0,
-7.138399770386E0));
#1924=LINE('',#1923,#1922);
#1925=CARTESIAN_POINT('',(-1.046225018588E1,-5.000700558247E0,
-6.885943445946E0));
#1926=CARTESIAN_POINT('',(-1.046214358238E1,-5.033271619347E0,
-6.888801572222E0));
#1927=CARTESIAN_POINT('',(-1.048197708479E1,-5.082126679851E0,
-6.893088627278E0));
#1928=CARTESIAN_POINT('',(-1.052300531520E1,-5.133177153313E0,
-6.897568330877E0));
#1929=CARTESIAN_POINT('',(-1.056210732022E1,-5.164780116621E0,
-6.900341506106E0));
#1930=CARTESIAN_POINT('',(-1.059976625996E1,-5.184193984769E0,
-6.902045082373E0));
#1931=CARTESIAN_POINT('',(-1.063120595099E1,-5.192950734748E0,
-6.902813491395E0));
#1932=CARTESIAN_POINT('',(-1.064752535998E1,-5.194645849622E0,
-6.902962238540E0));
#1933=CARTESIAN_POINT('',(-1.065569988267E1,-5.194672468839E0,
-6.902964574389E0));
#1935=CARTESIAN_POINT('',(-1.163349508274E1,-5.197856518660E0,
-6.903243976292E0));
#1936=CARTESIAN_POINT('',(-1.164166529905E1,-5.197883070118E0,
-6.903246306195E0));
#1937=CARTESIAN_POINT('',(-1.165798772373E1,-5.196294656379E0,
-6.903106922126E0));
#1938=CARTESIAN_POINT('',(-1.168946380604E1,-5.187758621789E0,
-6.902357880985E0));
#1939=CARTESIAN_POINT('',(-1.174297122668E1,-5.160576234624E0,
-6.899972613439E0));
#1940=CARTESIAN_POINT('',(-1.180096950074E1,-5.103400835030E0,
-6.894955444627E0));
#1941=CARTESIAN_POINT('',(-1.182810604786E1,-5.037736969658E0,
-6.889193408860E0));
#1942=CARTESIAN_POINT('',(-1.182821292389E1,-5.005148619903E0,
-6.886333765496E0));
#1944=CARTESIAN_POINT('',(-1.191016785764E1,-4.408991964885E0,
-6.834020732304E0));
#1945=DIRECTION('',(1.073215590471E-13,-8.741457380071E-2,9.961720194260E-1));
#1946=DIRECTION('',(9.999946615657E-1,3.255035340458E-3,2.856309164883E-4));
#1947=AXIS2_PLACEMENT_3D('',#1944,#1945,#1946);
#1949=DIRECTION('',(-8.676426047165E-1,4.952851778591E-1,4.346151255782E-2));
#1950=VECTOR('',#1949,9.848702501555E-1);
#1951=CARTESIAN_POINT('',(-1.187039316865E1,-4.339846767243E0,
-6.827953207957E0));
#1952=LINE('',#1951,#1950);
#1953=CARTESIAN_POINT('',(-1.272490855780E1,-3.852055130227E0,
-6.785149257212E0));
#1954=CARTESIAN_POINT('',(-1.275063429211E1,-3.837368397556E0,
-6.783860489357E0));
#1955=CARTESIAN_POINT('',(-1.279645166584E1,-3.796191444909E0,
-6.780247191958E0));
#1956=CARTESIAN_POINT('',(-1.284166016049E1,-3.718770116971E0,
-6.773453433197E0));
#1957=CARTESIAN_POINT('',(-1.285494355652E1,-3.658740101189E0,
-6.768185770441E0));
#1958=CARTESIAN_POINT('',(-1.285504042558E1,-3.629203051869E0,
-6.765593880158E0));
#1960=CARTESIAN_POINT('',(-1.286214553820E1,-1.462726171637E0,
-6.575484491979E0));
#1961=CARTESIAN_POINT('',(-1.286225215311E1,-1.430151199898E0,
-6.572626022542E0));
#1962=CARTESIAN_POINT('',(-1.283689567909E1,-1.366289179479E0,
-6.567022099537E0));
#1963=CARTESIAN_POINT('',(-1.277759921487E1,-1.306424329893E0,
-6.561768930194E0));
#1964=CARTESIAN_POINT('',(-1.272462648011E1,-1.279223703251E0,
-6.559382062126E0));
#1965=CARTESIAN_POINT('',(-1.269712533306E1,-1.271554006821E0,
-6.558709042575E0));
#1966=CARTESIAN_POINT('',(-1.268093881644E1,-1.269181812313E0,
-6.558500881367E0));
#1967=CARTESIAN_POINT('',(-1.267277333503E1,-1.268746719413E0,
-6.558462701755E0));
#1968=CARTESIAN_POINT('',(-1.266868546040E1,-1.268733407827E0,
-6.558461533657E0));
#1970=CARTESIAN_POINT('',(-1.169089025255E1,-1.265549384267E0,
-6.558182134058E0));
#1971=CARTESIAN_POINT('',(-1.168272024707E1,-1.265522780876E0,
-6.558179799597E0));
#1972=CARTESIAN_POINT('',(-1.166639824851E1,-1.267111301263E0,
-6.558319193025E0));
#1973=CARTESIAN_POINT('',(-1.163492312291E1,-1.275647621230E0,
-6.559068259208E0));
#1974=CARTESIAN_POINT('',(-1.158141516377E1,-1.302832130829E0,-6.561453713E0));
#1975=CARTESIAN_POINT('',(-1.152341649947E1,-1.360015398908E0,
-6.566471572274E0));
#1976=CARTESIAN_POINT('',(-1.149627924297E1,-1.425685355767E0,
-6.572234142572E0));
#1977=CARTESIAN_POINT('',(-1.149617235207E1,-1.458278073393E0,
-6.575094169219E0));
#1979=CARTESIAN_POINT('',(-1.149151821339E1,-2.877207302917E0,
-6.699605891525E0));
#1980=CARTESIAN_POINT('',(-1.149134511979E1,-2.929963766997E0,
-6.704235296620E0));
#1981=CARTESIAN_POINT('',(-1.145650471886E1,-3.032855118508E0,
-6.713264062200E0));
#1982=CARTESIAN_POINT('',(-1.134643834810E1,-3.115130885666E0,
-6.720483800337E0));
#1983=CARTESIAN_POINT('',(-1.124262952558E1,-3.135413414016E0,
-6.722263601955E0));
#1984=CARTESIAN_POINT('',(-1.115782938637E1,-3.137021279166E0,
-6.722404692895E0));
#1985=CARTESIAN_POINT('',(-1.107218863103E1,-3.136516153523E0,
-6.722360367877E0));
#1986=CARTESIAN_POINT('',(-1.096469641861E1,-3.117357538590E0,
-6.720679190202E0));
#1987=CARTESIAN_POINT('',(-1.084853545932E1,-3.035880452227E0,
-6.713529536689E0));
#1988=CARTESIAN_POINT('',(-1.081260275575E1,-2.928868762471E0,
-6.704139209447E0));
#1989=CARTESIAN_POINT('',(-1.081277943100E1,-2.874997083643E0,
-6.699411943721E0));
#1991=CARTESIAN_POINT('',(-1.081743270575E1,-1.456067849579E0,
-6.574900221016E0));
#1992=CARTESIAN_POINT('',(-1.081753952204E1,-1.423492884671E0,
-6.572041752179E0));
#1993=CARTESIAN_POINT('',(-1.079085282256E1,-1.357661407626E0,
-6.566265008407E0));
#1994=CARTESIAN_POINT('',(-1.073324205403E1,-1.300097791727E0,
-6.561213773428E0));
#1995=CARTESIAN_POINT('',(-1.067990460714E1,-1.272548208471E0,
-6.558796284248E0));
#1996=CARTESIAN_POINT('',(-1.064846860286E1,-1.263798180606E0,
-6.558028465094E0));
#1997=CARTESIAN_POINT('',(-1.063214772296E1,-1.262101715087E0,
-6.557879599429E0));
#1998=CARTESIAN_POINT('',(-1.062397287245E1,-1.262075094557E0,
-6.557877263464E0));
#2000=CARTESIAN_POINT('',(-9.646198514730E0,-1.258891138891E0,
-6.557597869823E0));
#2001=CARTESIAN_POINT('',(-9.638028512663E0,-1.258864535713E0,
-6.557595535382E0));
#2002=CARTESIAN_POINT('',(-9.621706521848E0,-1.260453055237E0,
-6.557734928734E0));
#2003=CARTESIAN_POINT('',(-9.590231405030E0,-1.268989369918E0,
-6.558483994452E0));
#2004=CARTESIAN_POINT('',(-9.536723457561E0,-1.296173867117E0,
-6.560869447156E0));
#2005=CARTESIAN_POINT('',(-9.478724823675E0,-1.353357103775E0,
-6.565887303675E0));
#2006=CARTESIAN_POINT('',(-9.451587510296E0,-1.419027020985E0,
-6.571649870492E0));
#2007=CARTESIAN_POINT('',(-9.451480619413E0,-1.451619730213E0,
-6.574509896402E0));
#2009=CARTESIAN_POINT('',(-9.444376576161E0,-3.618117534109E0,
-6.764621120643E0));
#2010=CARTESIAN_POINT('',(-9.444282632599E0,-3.646776521158E0,
-6.767135960539E0));
#2011=CARTESIAN_POINT('',(-9.456440414734E0,-3.705256773233E0,
-6.772267630785E0));
#2012=CARTESIAN_POINT('',(-9.499137043519E0,-3.781534356468E0,
-6.778961025398E0));
#2013=CARTESIAN_POINT('',(-9.542612682335E0,-3.822981421971E0,
-6.782598025330E0));
#2014=CARTESIAN_POINT('',(-9.567247081423E0,-3.838307396579E0,
-6.783942886972E0));
#2016=DIRECTION('',(-8.642723256602E-1,-5.010986344334E-1,-4.397164616882E-2));
#2017=VECTOR('',#2016,9.918181579715E-1);
#2018=CARTESIAN_POINT('',(-9.567247081423E0,-3.838307396579E0,
-6.783942886972E0));
#2019=LINE('',#2018,#2017);
#2020=CARTESIAN_POINT('',(-1.038420635980E1,-4.404183043636E0,
-6.833598747152E0));
#2021=DIRECTION('',(0.E0,-8.741457380048E-2,9.961720194260E-1));
#2022=DIRECTION('',(-5.030231105200E-1,8.609645404146E-1,7.555005249097E-2));
#2023=AXIS2_PLACEMENT_3D('',#2020,#2021,#2022);
#2025=CARTESIAN_POINT('',(-8.562184222627E0,-5.187855208712E0,
-6.902366356534E0));
#2026=CARTESIAN_POINT('',(-8.570354978715E0,-5.187881814509E0,
-6.902368691206E0));
#2027=CARTESIAN_POINT('',(-8.586678481927E0,-5.186293311338E0,
-6.902229299289E0));
#2028=CARTESIAN_POINT('',(-8.618156729517E0,-5.177756992908E0,
-6.901480233240E0));
#2029=CARTESIAN_POINT('',(-8.671666769204E0,-5.150574187079E0,
-6.899094928956E0));
#2030=CARTESIAN_POINT('',(-8.729667975334E0,-5.093399651968E0,
-6.894077836003E0));
#2031=CARTESIAN_POINT('',(-8.756805626611E0,-5.027735285857E0,
-6.888315756296E0));
#2032=CARTESIAN_POINT('',(-8.756912502246E0,-4.995147373594E0,
-6.885456151322E0));
#2034=CARTESIAN_POINT('',(-8.768540970019E0,-1.449354293968E0,
-6.574311103282E0));
#2035=CARTESIAN_POINT('',(-8.768647780226E0,-1.416783655510E0,
-6.571453014093E0));
#2036=CARTESIAN_POINT('',(-8.741961725732E0,-1.350958300630E0,
-6.565676807545E0));
#2037=CARTESIAN_POINT('',(-8.684351307193E0,-1.293402577761E0,
-6.560626265182E0));
#2038=CARTESIAN_POINT('',(-8.631014421997E0,-1.265855121154E0,
-6.558208962616E0));
#2039=CARTESIAN_POINT('',(-8.599577423437E0,-1.257105381908E0,
-6.557441168789E0));
#2040=CARTESIAN_POINT('',(-8.583256103961E0,-1.255408980702E0,
-6.557292308768E0));
#2041=CARTESIAN_POINT('',(-8.575081035588E0,-1.255382359442E0,
-6.557289972739E0));
#2043=CARTESIAN_POINT('',(-7.597306720320E0,-1.252198404139E0,
-6.557010579130E0));
#2044=CARTESIAN_POINT('',(-7.589136506337E0,-1.252171800103E0,
-6.557008244613E0));
#2045=CARTESIAN_POINT('',(-7.572814087891E0,-1.253760252462E0,
-6.557147632071E0));
#2046=CARTESIAN_POINT('',(-7.541338005744E0,-1.262296267799E0,
-6.557896671523E0));
#2047=CARTESIAN_POINT('',(-7.487830586506E0,-1.289478667147E0,
-6.560281940139E0));
#2048=CARTESIAN_POINT('',(-7.429832312422E0,-1.346654058583E0,
-6.565299108236E0));
#2049=CARTESIAN_POINT('',(-7.402695765573E0,-1.412317926219E0,
-6.571061144200E0));
#2050=CARTESIAN_POINT('',(-7.402588888938E0,-1.444906275132E0,
-6.573920787490E0));
#2052=CARTESIAN_POINT('',(-7.399189536793E0,-2.481235649414E0,
-6.664859188492E0));
#2053=CARTESIAN_POINT('',(-7.399016420398E0,-2.533991830949E0,
-6.669488568794E0));
#2054=CARTESIAN_POINT('',(-7.364176483490E0,-2.636882391766E0,
-6.678517264990E0));
#2055=CARTESIAN_POINT('',(-7.254111546459E0,-2.719158260157E0,
-6.685737012011E0));
#2056=CARTESIAN_POINT('',(-7.150303717472E0,-2.739441272202E0,
-6.687516856073E0));
#2057=CARTESIAN_POINT('',(-7.065503283389E0,-2.741049631747E0,
-6.687657990396E0));
#2058=CARTESIAN_POINT('',(-6.979861263879E0,-2.740544849780E0,
-6.687613695536E0));
#2059=CARTESIAN_POINT('',(-6.872365430336E0,-2.721386504051E0,
-6.685932541484E0));
#2060=CARTESIAN_POINT('',(-6.756200867879E0,-2.639910733608E0,
-6.678783003444E0));
#2061=CARTESIAN_POINT('',(-6.720263606218E0,-2.532897509047E0,
-6.669392541521E0));
#2062=CARTESIAN_POINT('',(-6.720440282868E0,-2.479025387349E0,
-6.664665236933E0));
#2064=CARTESIAN_POINT('',(-6.723838800590E0,-1.442696019825E0,
-6.573726836524E0));
#2065=CARTESIAN_POINT('',(-6.723945600221E0,-1.410124960509E0,
-6.570868710404E0));
#2066=CARTESIAN_POINT('',(-6.697260652551E0,-1.344300089103E0,
-6.565092546281E0));
#2067=CARTESIAN_POINT('',(-6.639653158136E0,-1.286743518804E0,
-6.560041929556E0));
#2068=CARTESIAN_POINT('',(-6.586318867602E0,-1.259196488182E0,
-6.557624664371E0));
#2069=CARTESIAN_POINT('',(-6.554884046891E0,-1.250447075133E0,
-6.556856899168E0));
#2070=CARTESIAN_POINT('',(-6.538563823036E0,-1.248750733244E0,
-6.556708044351E0));
#2071=CARTESIAN_POINT('',(-6.530389300041E0,-1.248724114083E0,
-6.556705708507E0));
#2073=CARTESIAN_POINT('',(-5.552594090862E0,-1.245540090744E0,
-6.556426308927E0));
#2074=CARTESIAN_POINT('',(-5.544423876877E0,-1.245513486708E0,
-6.556423974410E0));
#2075=CARTESIAN_POINT('',(-5.528101458428E0,-1.247101939090E0,
-6.556563361870E0));
#2076=CARTESIAN_POINT('',(-5.496625376284E0,-1.255637954451E0,
-6.557312401325E0));
#2077=CARTESIAN_POINT('',(-5.443117957114E0,-1.282820353864E0,
-6.559697669946E0));
#2078=CARTESIAN_POINT('',(-5.385119683454E0,-1.339995744287E0,
-6.564714837953E0));
#2079=CARTESIAN_POINT('',(-5.357983136648E0,-1.405659612129E0,
-6.570476873936E0));
#2080=CARTESIAN_POINT('',(-5.357876259584E0,-1.438247960333E0,
-6.573336517164E0));
#2082=CARTESIAN_POINT('',(-5.346247792701E0,-4.984041039962E0,
-6.884481565205E0));
#2083=CARTESIAN_POINT('',(-5.346140981142E0,-5.016612098061E0,
-6.887339691217E0));
#2084=CARTESIAN_POINT('',(-5.372825929284E0,-5.082436965665E0,
-6.893115855007E0));
#2085=CARTESIAN_POINT('',(-5.430433422272E0,-5.139993535822E0,
-6.898166471720E0));
#2086=CARTESIAN_POINT('',(-5.483767713770E0,-5.167540566167E0,
-6.900583736881E0));
#2087=CARTESIAN_POINT('',(-5.515202531361E0,-5.176289978711E0,
-6.901351502040E0));
#2088=CARTESIAN_POINT('',(-5.531522756632E0,-5.177986320684E0,
-6.901500356864E0));
#2089=CARTESIAN_POINT('',(-5.539697277999E0,-5.178012940163E0,
-6.901502692736E0));
#2091=CARTESIAN_POINT('',(-6.517471593169E0,-5.181196895311E0,
-6.901782086331E0));
#2092=CARTESIAN_POINT('',(-6.525642349262E0,-5.181223501108E0,
-6.901784421003E0));
#2093=CARTESIAN_POINT('',(-6.541965852472E0,-5.179634997930E0,
-6.901645029085E0));
#2094=CARTESIAN_POINT('',(-6.573444100086E0,-5.171098679518E0,
-6.900895963039E0));
#2095=CARTESIAN_POINT('',(-6.626954139819E0,-5.143915873741E0,
-6.898510658758E0));
#2096=CARTESIAN_POINT('',(-6.684955345880E0,-5.086741338586E0,
-6.893493565801E0));
#2097=CARTESIAN_POINT('',(-6.712092997153E0,-5.021076972458E0,
-6.887731486093E0));
#2098=CARTESIAN_POINT('',(-6.712199872788E0,-4.988489060195E0,
-6.884871881119E0));
#2100=CARTESIAN_POINT('',(-6.715599224234E0,-3.952159683812E0,
-6.793933479933E0));
#2101=CARTESIAN_POINT('',(-6.715772345826E0,-3.899401885617E0,
-6.789303957768E0));
#2102=CARTESIAN_POINT('',(-6.750610988998E0,-3.796507755203E0,
-6.780274948339E0));
#2103=CARTESIAN_POINT('',(-6.860675751471E0,-3.714223920722E0,
-6.773054502289E0));
#2104=CARTESIAN_POINT('',(-6.964486691669E0,-3.693934693892E0,
-6.771274112877E0));
#2105=CARTESIAN_POINT('',(-7.049289055900E0,-3.692324124358E0,
-6.771132784627E0));
#2106=CARTESIAN_POINT('',(-7.134931974137E0,-3.692831655751E0,
-6.771177320750E0));
#2107=CARTESIAN_POINT('',(-7.242426068804E0,-3.711997127990E0,
-6.772859100157E0));
#2108=CARTESIAN_POINT('',(-7.358584233075E0,-3.793483329292E0,
-6.780009553510E0));
#2109=CARTESIAN_POINT('',(-7.394514710016E0,-3.900497045041E0,
-6.789400058534E0));
#2110=CARTESIAN_POINT('',(-7.394338030920E0,-3.954369912555E0,
-6.794127428568E0));
#2112=CARTESIAN_POINT('',(-7.390939512363E0,-4.990699280177E0,
-6.885065828986E0));
#2113=CARTESIAN_POINT('',(-7.390832714029E0,-5.023269919843E0,
-6.887923918281E0));
#2114=CARTESIAN_POINT('',(-7.417518768482E0,-5.089095278312E0,
-6.893700125144E0));
#2115=CARTESIAN_POINT('',(-7.475129188245E0,-5.146651001228E0,
-6.898750667511E0));
#2116=CARTESIAN_POINT('',(-7.528466072532E0,-5.174198457894E0,
-6.901167970081E0));
#2117=CARTESIAN_POINT('',(-7.559903074168E0,-5.182948197528E0,
-6.901935763943E0));
#2118=CARTESIAN_POINT('',(-7.576224392206E0,-5.184644598613E0,
-6.902084623954E0));
#2119=CARTESIAN_POINT('',(-7.584399462190E0,-5.184671219546E0,
-6.902086959953E0));
#2121=CARTESIAN_POINT('',(-4.537665703178E0,-3.825357779646E0,
-6.782806551858E0));
#2122=CARTESIAN_POINT('',(-4.563390035625E0,-3.810671890073E0,
-6.781517857985E0));
#2123=CARTESIAN_POINT('',(-4.609204133529E0,-3.769499984428E0,
-6.777905003464E0));
#2124=CARTESIAN_POINT('',(-4.654410868063E0,-3.692090380061E0,
-6.771112273451E0));
#2125=CARTESIAN_POINT('',(-4.667693748563E0,-3.632069779082E0,
-6.765845436849E0));
#2126=CARTESIAN_POINT('',(-4.667790599103E0,-3.602538364304E0,-6.763254041E0));
#2128=CARTESIAN_POINT('',(-4.673118022670E0,-1.978110913391E0,
-6.620709750935E0));
#2129=CARTESIAN_POINT('',(-4.673213651688E0,-1.948565619361E0,
-6.618117137174E0));
#2130=CARTESIAN_POINT('',(-4.660327059767E0,-1.888438643435E0,
-6.612840966120E0));
#2131=CARTESIAN_POINT('',(-4.615629854814E0,-1.810712357013E0,
-6.606020447105E0));
#2132=CARTESIAN_POINT('',(-4.570082778582E0,-1.769233358542E0,
-6.602380645040E0));
#2133=CARTESIAN_POINT('',(-4.544453199474E0,-1.754383310866E0,
-6.601077546215E0));
#2135=DIRECTION('',(8.644055430986E-1,5.008705532477E-1,4.395163193443E-2));
#2136=VECTOR('',#2135,8.924095581675E-1);
#2137=CARTESIAN_POINT('',(-4.544453199474E0,-1.754383310866E0,
-6.601077546215E0));
#2138=LINE('',#2137,#2136);
#2139=CARTESIAN_POINT('',(-3.773049430680E0,-1.307401641743E0,
-6.561854689779E0));
#2140=CARTESIAN_POINT('',(-3.747093813305E0,-1.292361943534E0,
-6.560534949028E0));
#2141=CARTESIAN_POINT('',(-3.692118912715E0,-1.266941304849E0,
-6.558304275759E0));
#2142=CARTESIAN_POINT('',(-3.619286019944E0,-1.247238862594E0,
-6.556575376975E0));
#2143=CARTESIAN_POINT('',(-3.559501159479E0,-1.238986801500E0,
-6.555851254645E0));
#2144=CARTESIAN_POINT('',(-3.529496177092E0,-1.237501956535E0,
-6.555720958785E0));
#2145=CARTESIAN_POINT('',(-3.514490496818E0,-1.237453092685E0,
-6.555716670959E0));
#2147=CARTESIAN_POINT('',(-2.425898056599E0,-1.233908251240E0,
-6.555405609417E0));
#2148=CARTESIAN_POINT('',(-2.410889665696E0,-1.233859378930E0,
-6.555401320848E0));
#2149=CARTESIAN_POINT('',(-2.380870054176E0,-1.235147493620E0,
-6.555514353532E0));
#2150=CARTESIAN_POINT('',(-2.321025755415E0,-1.243006066583E0,
-6.556203947089E0));
#2151=CARTESIAN_POINT('',(-2.248065799486E0,-1.262231453120E0,
-6.557890984003E0));
#2152=CARTESIAN_POINT('',(-2.192927682598E0,-1.287289204735E0,
-6.560089813759E0));
#2153=CARTESIAN_POINT('',(-2.166878612036E0,-1.302158694264E0,
-6.561394618616E0));
#2155=DIRECTION('',(8.678740068732E-1,-4.948826869942E-1,-4.342619379086E-2));
#2156=VECTOR('',#2155,8.891995167174E-1);
#2157=CARTESIAN_POINT('',(-2.166878612036E0,-1.302158694264E0,
-6.561394618616E0));
#2158=LINE('',#2157,#2156);
#2159=CARTESIAN_POINT('',(-1.395165464552E0,-1.742208140371E0,
-6.600009169148E0));
#2160=CARTESIAN_POINT('',(-1.369162119443E0,-1.757004591587E0,
-6.601307564859E0));
#2161=CARTESIAN_POINT('',(-1.322346853181E0,-1.798208475987E0,
-6.604923225532E0));
#2162=CARTESIAN_POINT('',(-1.276202968381E0,-1.876295477551E0,
-6.611775397473E0));
#2163=CARTESIAN_POINT('',(-1.262551188722E0,-1.937082366276E0,
-6.617109476193E0));
#2164=CARTESIAN_POINT('',(-1.262453056258E0,-1.967004571245E0,
-6.619735164070E0));
#2166=CARTESIAN_POINT('',(-1.252602381934E0,-4.970716323704E0,
-6.883312314945E0));
#2167=CARTESIAN_POINT('',(-1.252495568509E0,-5.003288278893E0,
-6.886170519678E0));
#2168=CARTESIAN_POINT('',(-1.279181254748E0,-5.069114972806E0,
-6.891946843727E0));
#2169=CARTESIAN_POINT('',(-1.336790348746E0,-5.126673138189E0,
-6.896997600421E0));
#2170=CARTESIAN_POINT('',(-1.390126124070E0,-5.154220932580E0,
-6.899414932628E0));
#2171=CARTESIAN_POINT('',(-1.421561813268E0,-5.162970586317E0,
-6.900182718951E0));
#2172=CARTESIAN_POINT('',(-1.437882485954E0,-5.164666975056E0,
-6.900331577879E0));
#2173=CARTESIAN_POINT('',(-1.446057233198E0,-5.164693595326E0,
-6.900333913820E0));
#2175=CARTESIAN_POINT('',(-2.423831834464E0,-5.167877578070E0,
-6.900613309837E0));
#2176=CARTESIAN_POINT('',(-2.432002275979E0,-5.167904130256E0,
-6.900615639804E0));
#2177=CARTESIAN_POINT('',(-2.448325150599E0,-5.166315671205E0,
-6.900476251760E0));
#2178=CARTESIAN_POINT('',(-2.479802100775E0,-5.157779412584E0,
-6.899727190960E0));
#2179=CARTESIAN_POINT('',(-2.533311008550E0,-5.130596161287E0,
-6.897341847584E0));
#2180=CARTESIAN_POINT('',(-2.591313397927E0,-5.073417640415E0,
-6.892324404879E0));
#2181=CARTESIAN_POINT('',(-2.618451114107E0,-5.007744907226E0,
-6.886561590957E0));
#2182=CARTESIAN_POINT('',(-2.618555108475E0,-4.975151793899E0,
-6.883701529587E0));
#2184=CARTESIAN_POINT('',(-2.700399927820E0,-4.412647622818E0,
-6.834341518046E0));
#2185=DIRECTION('',(8.437694987163E-14,-8.741457380051E-2,9.961720194260E-1));
#2186=DIRECTION('',(9.999947032173E-1,3.242312260457E-3,2.845144601157E-4));
#2187=AXIS2_PLACEMENT_3D('',#2184,#2185,#2186);
#2189=CARTESIAN_POINT('',(-3.504323456685E0,-4.335571675296E0,
-6.827578066582E0));
#2190=CARTESIAN_POINT('',(-3.519343028973E0,-4.335620719742E0,
-6.827582370256E0));
#2191=CARTESIAN_POINT('',(-3.549386438177E0,-4.334332846283E0,
-6.827469358740E0));
#2192=CARTESIAN_POINT('',(-3.609247753918E0,-4.326477295127E0,
-6.826780030349E0));
#2193=CARTESIAN_POINT('',(-3.682197511015E0,-4.307272580599E0,
-6.825094807413E0));
#2194=CARTESIAN_POINT('',(-3.737315084676E0,-4.282229083085E0,
-6.822897228461E0));
#2195=CARTESIAN_POINT('',(-3.763344212926E0,-4.267370220875E0,
-6.821593356156E0));
#2197=DIRECTION('',(-8.676432373371E-1,4.952840780985E-1,4.346141605349E-2));
#2198=VECTOR('',#2197,8.924422584435E-1);
#2199=CARTESIAN_POINT('',(-3.763344212926E0,-4.267370220875E0,
-6.821593356156E0));
#2200=LINE('',#2199,#2198);
#2201=CARTESIAN_POINT('',(1.588485688218E0,-3.626739605202E0,
-6.765377711528E0));
#2202=CARTESIAN_POINT('',(1.612531297630E0,-3.640407468310E0,
-6.766577073089E0));
#2203=CARTESIAN_POINT('',(1.655369445343E0,-3.678801865025E0,
-6.769946199866E0));
#2204=CARTESIAN_POINT('',(1.697648065905E0,-3.751050005479E0,
-6.776286008938E0));
#2205=CARTESIAN_POINT('',(1.710081529594E0,-3.807101785516E0,
-6.781204579594E0));
#2206=CARTESIAN_POINT('',(1.710171975952E0,-3.834680391015E0,
-6.783624615490E0));
#2208=CARTESIAN_POINT('',(1.713495602811E0,-4.848132631197E0,
-6.872555536972E0));
#2209=CARTESIAN_POINT('',(1.713630228814E0,-4.889185194299E0,
-6.876157919128E0));
#2210=CARTESIAN_POINT('',(1.682346522917E0,-4.972266193870E0,
-6.883448316798E0));
#2211=CARTESIAN_POINT('',(1.589256837895E0,-5.028004612966E0,
-6.888339389879E0));
#2212=CARTESIAN_POINT('',(1.503133311598E0,-5.029645685914E0,
-6.888483394820E0));
#2213=CARTESIAN_POINT('',(1.461383807732E0,-5.015810736754E0,
-6.887269371377E0));
#2214=CARTESIAN_POINT('',(1.442621201106E0,-5.005100980659E0,
-6.886329585129E0));
#2216=DIRECTION('',(-8.676561944824E-1,4.952615524166E-1,4.345943941418E-2));
#2217=VECTOR('',#2216,2.184093289169E0);
#2218=CARTESIAN_POINT('',(1.442621201106E0,-5.005100980659E0,
-6.886329585129E0));
#2219=LINE('',#2218,#2217);
#2220=CARTESIAN_POINT('',(-4.524208705689E-1,-3.923403547642E0,
-6.791410115154E0));
#2221=CARTESIAN_POINT('',(-4.764008345526E-1,-3.909715657006E0,
-6.790208996167E0));
#2222=CARTESIAN_POINT('',(-5.191082219529E-1,-3.871335134498E0,
-6.786841086859E0));
#2223=CARTESIAN_POINT('',(-5.612481375100E-1,-3.799170721231E0,
-6.780508624889E0));
#2224=CARTESIAN_POINT('',(-5.736300687722E-1,-3.743216233346E0,
-6.775598591665E0));
#2225=CARTESIAN_POINT('',(-5.737203614129E-1,-3.715684461126E0,
-6.773182665412E0));
#2227=CARTESIAN_POINT('',(-5.771353701340E-1,-2.674056509367E0,
-6.681779311688E0));
#2228=CARTESIAN_POINT('',(-5.772255759026E-1,-2.646524876898E0,
-6.679363397698E0));
#2229=CARTESIAN_POINT('',(-5.652127565988E-1,-2.590490633400E0,
-6.674446365882E0));
#2230=CARTESIAN_POINT('',(-5.235459115584E-1,-2.518053980725E0,
-6.668090014772E0));
#2231=CARTESIAN_POINT('',(-4.810923753849E-1,-2.479394717233E0,
-6.664697645808E0));
#2232=CARTESIAN_POINT('',(-4.572025592414E-1,-2.465550912261E0,
-6.663482845264E0));
#2234=DIRECTION('',(8.643880865252E-1,5.009004485105E-1,4.395425525823E-2));
#2235=VECTOR('',#2234,2.184096795178E0);
#2236=CARTESIAN_POINT('',(-4.572025592414E-1,-2.465550912261E0,
-6.663482845264E0));
#2237=LINE('',#2236,#2235);
#2238=CARTESIAN_POINT('',(1.430704690328E0,-1.371535847966E0,
-6.567482497220E0));
#2239=CARTESIAN_POINT('',(1.448611214200E0,-1.361159276772E0,
-6.566571948107E0));
#2240=CARTESIAN_POINT('',(1.488336627324E0,-1.347323755756E0,
-6.565357874484E0));
#2241=CARTESIAN_POINT('',(1.572459104646E0,-1.346647121025E0,
-6.565298499461E0));
#2242=CARTESIAN_POINT('',(1.668430127679E0,-1.399026326571E0,
-6.569894799938E0));
#2243=CARTESIAN_POINT('',(1.702462510804E0,-1.483925713178E0,
-6.577344761944E0));
#2244=CARTESIAN_POINT('',(1.702602912980E0,-1.526736715959E0,
-6.581101448028E0));
#2246=CARTESIAN_POINT('',(1.705925515363E0,-2.540189161829E0,
-6.670032387560E0));
#2247=CARTESIAN_POINT('',(1.706015871558E0,-2.567767585881E0,
-6.672452407533E0));
#2248=CARTESIAN_POINT('',(1.693952177410E0,-2.623899367550E0,
-6.677377998371E0));
#2249=CARTESIAN_POINT('',(1.652147268215E0,-2.696420566590E0,
-6.683741768465E0));
#2250=CARTESIAN_POINT('',(1.609563146629E0,-2.735094529336E0,
-6.687135427296E0));
#2251=CARTESIAN_POINT('',(1.585607035301E0,-2.748917771744E0,
-6.688348423465E0));
#2253=DIRECTION('',(-8.653165108478E-1,-4.993071506332E-1,-4.381444260359E-2));
#2254=VECTOR('',#2253,6.742286146109E-1);
#2255=CARTESIAN_POINT('',(1.585607035301E0,-2.748917771744E0,
-6.688348423465E0));
#2256=LINE('',#2255,#2254);
#2257=CARTESIAN_POINT('',(1.002185882992E0,-3.085564940180E0,
-6.717889374402E0));
#2258=CARTESIAN_POINT('',(9.858896428174E-1,-3.094968205483E0,
-6.718714515454E0));
#2259=CARTESIAN_POINT('',(9.623643121999E-1,-3.131032118590E0,
-6.721879141174E0));
#2260=CARTESIAN_POINT('',(9.542228073649E-1,-3.190124338241E0,
-6.727064511868E0));
#2261=CARTESIAN_POINT('',(9.628929514201E-1,-3.249086028609E0,
-6.732238428554E0));
#2262=CARTESIAN_POINT('',(9.867130815787E-1,-3.284768464572E0,
-6.735369579471E0));
#2263=CARTESIAN_POINT('',(1.002984657199E0,-3.294012609433E0,
-6.736180757629E0));
#2265=DIRECTION('',(8.686049078907E-1,-4.936085270581E-1,-4.331438564342E-2));
#2266=VECTOR('',#2265,6.740705995328E-1);
#2267=CARTESIAN_POINT('',(1.002984657199E0,-3.294012609433E0,
-6.736180757629E0));
#2268=LINE('',#2267,#2266);
#2269=CARTESIAN_POINT('',(2.528704528239E0,-4.641680206078E0,
-6.854439237377E0));
#2270=CARTESIAN_POINT('',(2.502381067780E0,-4.627295329588E0,
-6.853176957547E0));
#2271=CARTESIAN_POINT('',(2.455311348628E0,-4.586106847870E0,
-6.849562648467E0));
#2272=CARTESIAN_POINT('',(2.408919771910E0,-4.507875335523E0,
-6.842697795635E0));
#2273=CARTESIAN_POINT('',(2.395177626308E0,-4.446917040176E0,
-6.837348675900E0));
#2274=CARTESIAN_POINT('',(2.395079200598E0,-4.416905506093E0,
-6.834715149351E0));
#2276=CARTESIAN_POINT('',(2.385233273953E0,-1.414641317606E0,
-6.571265022911E0));
#2277=CARTESIAN_POINT('',(2.385126461565E0,-1.382069363327E0,
-6.568406818258E0));
#2278=CARTESIAN_POINT('',(2.411812146047E0,-1.316242674171E0,
-6.562630494627E0));
#2279=CARTESIAN_POINT('',(2.469421235598E0,-1.258684507302E0,
-6.557579737802E0));
#2280=CARTESIAN_POINT('',(2.522757009277E0,-1.231136713896E0,
-6.555162405682E0));
#2281=CARTESIAN_POINT('',(2.554192695458E0,-1.222387060492E0,
-6.554394619387E0));
#2282=CARTESIAN_POINT('',(2.570513370729E0,-1.220690671910E0,
-6.554245760474E0));
#2283=CARTESIAN_POINT('',(2.578688118130E0,-1.220664051784E0,
-6.554243424545E0));
#2285=CARTESIAN_POINT('',(3.556478536450E0,-1.217480044049E0,
-6.553964026335E0));
#2286=CARTESIAN_POINT('',(3.564648974268E0,-1.217453439557E0,
-6.553961691778E0));
#2287=CARTESIAN_POINT('',(3.580971838589E0,-1.219041935573E0,
-6.554101083068E0));
#2288=CARTESIAN_POINT('',(3.612448788588E0,-1.227578184769E0,
-6.554850143039E0));
#2289=CARTESIAN_POINT('',(3.665957693926E0,-1.254761335991E0,
-6.557235477633E0));
#2290=CARTESIAN_POINT('',(3.723957577407E0,-1.311938312943E0,
-6.562252784859E0));
#2291=CARTESIAN_POINT('',(3.751094875027E0,-1.377604003090E0,
-6.568014980750E0));
#2292=CARTESIAN_POINT('',(3.751201754688E0,-1.410193251167E0,
-6.570874702942E0));
#2294=CARTESIAN_POINT('',(3.758596890745E0,-3.664894218866E0,
-6.768725797227E0));
#2295=CARTESIAN_POINT('',(3.758769957985E0,-3.717650363962E0,
-6.773355174332E0));
#2296=CARTESIAN_POINT('',(3.793609051494E0,-3.820541072800E0,
-6.782383883516E0));
#2297=CARTESIAN_POINT('',(3.903672201550E0,-3.902819358290E0,
-6.789603842638E0));
#2298=CARTESIAN_POINT('',(4.007479975280E0,-3.923105321068E0,
-6.791383945628E0));
#2299=CARTESIAN_POINT('',(4.092280533511E0,-3.924714978321E0,
-6.791525193827E0));
#2300=CARTESIAN_POINT('',(4.177922613490E0,-3.924208984198E0,
-6.791480792599E0));
#2301=CARTESIAN_POINT('',(4.285418143955E0,-3.905047548421E0,
-6.789799367395E0));
#2302=CARTESIAN_POINT('',(4.401580090349E0,-3.823568813408E0,
-6.782649569211E0));
#2303=CARTESIAN_POINT('',(4.437516261957E0,-3.716555958070E0,
-6.773259139688E0));
#2304=CARTESIAN_POINT('',(4.437339586261E0,-3.662683982953E0,
-6.768531847963E0));
#2306=CARTESIAN_POINT('',(4.429945343279E0,-1.407983013901E0,
-6.570680753559E0));
#2307=CARTESIAN_POINT('',(4.429838531638E0,-1.375411057719E0,
-6.567822548739E0));
#2308=CARTESIAN_POINT('',(4.456524216196E0,-1.309584362634E0,
-6.562046224587E0));
#2309=CARTESIAN_POINT('',(4.514133307542E0,-1.252026196047E0,
-6.556995467787E0));
#2310=CARTESIAN_POINT('',(4.567469080516E0,-1.224478402375E0,
-6.554578135644E0));
#2311=CARTESIAN_POINT('',(4.598904768927E0,-1.215728748614E0,
-6.553810349318E0));
#2312=CARTESIAN_POINT('',(4.615225443155E0,-1.214032360086E0,
-6.553661490409E0));
#2313=CARTESIAN_POINT('',(4.623400191733E0,-1.214005740200E0,
-6.553659154501E0));
#2315=CARTESIAN_POINT('',(5.601174802785E0,-1.210821783934E0,
-6.553379760808E0));
#2316=CARTESIAN_POINT('',(5.609345243121E0,-1.210795178933E0,
-6.553377426206E0));
#2317=CARTESIAN_POINT('',(5.625668114879E0,-1.212383674776E0,
-6.553516817480E0));
#2318=CARTESIAN_POINT('',(5.657145064995E0,-1.220919924718E0,
-6.554265877519E0));
#2319=CARTESIAN_POINT('',(5.710653971751E0,-1.248103076036E0,
-6.556651212120E0));
#2320=CARTESIAN_POINT('',(5.768653854649E0,-1.305280053518E0,
-6.561668519392E0));
#2321=CARTESIAN_POINT('',(5.795791152112E0,-1.370945743257E0,
-6.567430715248E0));
#2322=CARTESIAN_POINT('',(5.795898031438E0,-1.403534991622E0,
-6.570290437465E0));
#2324=CARTESIAN_POINT('',(5.805742982125E0,-4.405799215918E0,
-6.833740567047E0));
#2325=CARTESIAN_POINT('',(5.805837956942E0,-4.434769275332E0,
-6.836282703693E0));
#2326=CARTESIAN_POINT('',(5.793420848969E0,-4.493831802614E0,
-6.841465468868E0));
#2327=CARTESIAN_POINT('',(5.750008670128E0,-4.570619123108E0,
-6.848203593171E0));
#2328=CARTESIAN_POINT('',(5.705801953748E0,-4.612086228681E0,
-6.851842351628E0));
#2329=CARTESIAN_POINT('',(5.680812778487E0,-4.627249307547E0,
-6.853172919091E0));
#2331=CARTESIAN_POINT('',(4.909164796035E0,-5.074536015416E0,
-6.892422542823E0));
#2332=CARTESIAN_POINT('',(4.882361974105E0,-5.089000141502E0,
-6.893691776844E0));
#2333=CARTESIAN_POINT('',(4.827398208721E0,-5.116645999304E0,
-6.896117714162E0));
#2334=CARTESIAN_POINT('',(4.753183754239E0,-5.136361911871E0,
-6.897847794972E0));
#2335=CARTESIAN_POINT('',(4.692663673227E0,-5.144794802486E0,
-6.898587785179E0));
#2336=CARTESIAN_POINT('',(4.662313474434E0,-5.146344557447E0,
-6.898723776922E0));
#2337=CARTESIAN_POINT('',(4.647132231351E0,-5.146393993028E0,
-6.898728114918E0));
#2339=CARTESIAN_POINT('',(3.558539794926E0,-5.149938833378E0,
-6.899039176363E0));
#2340=CARTESIAN_POINT('',(3.543517804011E0,-5.149987750087E0,
-6.899043468828E0));
#2341=CARTESIAN_POINT('',(3.513470813281E0,-5.148701801286E0,
-6.898930626203E0));
#2342=CARTESIAN_POINT('',(3.453599521597E0,-5.140852521896E0,
-6.898241848160E0));
#2343=CARTESIAN_POINT('',(3.380652092160E0,-5.121651278824E0,
-6.896556929847E0));
#2344=CARTESIAN_POINT('',(3.325538046891E0,-5.096615195050E0,
-6.894360001455E0));
#2345=CARTESIAN_POINT('',(3.299516332868E0,-5.081758656272E0,
-6.893056333032E0));
#2347=DIRECTION('',(-8.676093731857E-1,4.953429436762E-1,4.346658153640E-2));
#2348=VECTOR('',#2347,8.884318547632E-1);
#2349=CARTESIAN_POINT('',(3.299516332868E0,-5.081758656272E0,
-6.893056333032E0));
#2350=LINE('',#2349,#2348);
#2351=CARTESIAN_POINT('',(9.678047102654E0,-1.197513372769E0,
-6.552211941327E0));
#2352=CARTESIAN_POINT('',(9.686217104236E0,-1.197486770065E0,
-6.552209606927E0));
#2353=CARTESIAN_POINT('',(9.702539091224E0,-1.199075290812E0,
-6.552349000387E0));
#2354=CARTESIAN_POINT('',(9.734014216829E0,-1.207611609641E0,
-6.553098066469E0));
#2355=CARTESIAN_POINT('',(9.787522173571E0,-1.234796119170E0,
-6.555483520255E0));
#2356=CARTESIAN_POINT('',(9.845520837847E0,-1.291979383407E0,
-6.560501379193E0));
#2357=CARTESIAN_POINT('',(9.872658093787E0,-1.357649341070E0,
-6.566263949561E0));
#2358=CARTESIAN_POINT('',(9.872764986263E0,-1.390242056096E0,
-6.569123975980E0));
#2360=CARTESIAN_POINT('',(9.884393589714E0,-4.936076777513E0,
-6.880272678107E0));
#2361=CARTESIAN_POINT('',(9.884500399513E0,-4.968647742234E0,
-6.883130795926E0));
#2362=CARTESIAN_POINT('',(9.857815490370E0,-5.034472457378E0,
-6.888906946338E0));
#2363=CARTESIAN_POINT('',(9.800208069253E0,-5.092028869764E0,
-6.893957549206E0));
#2364=CARTESIAN_POINT('',(9.746873848203E0,-5.119575868498E0,
-6.896374811593E0));
#2365=CARTESIAN_POINT('',(9.715439053069E0,-5.128325285108E0,
-6.897142577107E0));
#2366=CARTESIAN_POINT('',(9.699118833568E0,-5.130021633249E0,
-6.897291432473E0));
#2367=CARTESIAN_POINT('',(9.690944317118E0,-5.130048257103E0,
-6.897293768729E0));
#2369=CARTESIAN_POINT('',(8.908977485896E0,-5.132595006339E0,
-6.897517247199E0));
#2370=CARTESIAN_POINT('',(8.900806734444E0,-5.132621615910E0,
-6.897519582202E0));
#2371=CARTESIAN_POINT('',(8.884483241423E0,-5.131033120402E0,
-6.897380190957E0));
#2372=CARTESIAN_POINT('',(8.853005002249E0,-5.122496815052E0,
-6.896631126058E0));
#2373=CARTESIAN_POINT('',(8.799494962899E0,-5.095314021032E0,
-6.894245822809E0));
#2374=CARTESIAN_POINT('',(8.741493754824E0,-5.038139479553E0,
-6.889228729297E0));
#2375=CARTESIAN_POINT('',(8.714356091048E0,-4.972475098457E0,
-6.883466648275E0));
#2376=CARTESIAN_POINT('',(8.714249214282E0,-4.939887173110E0,
-6.880607042153E0));
#2378=CARTESIAN_POINT('',(8.710163688034E0,-3.694106156854E0,
-6.771289158835E0));
#2379=CARTESIAN_POINT('',(8.710048626826E0,-3.659020487752E0,
-6.768210374497E0));
#2380=CARTESIAN_POINT('',(8.688204449441E0,-3.587860730782E0,
-6.761966071600E0));
#2381=CARTESIAN_POINT('',(8.614829685045E0,-3.535045333329E0,
-6.757331495072E0));
#2382=CARTESIAN_POINT('',(8.556301085764E0,-3.522608923117E0,
-6.756240194095E0));
#2383=CARTESIAN_POINT('',(8.522772766661E0,-3.522259860509E0,
-6.756209563683E0));
#2384=CARTESIAN_POINT('',(8.474743168288E0,-3.528093325819E0,
-6.756721453070E0));
#2385=CARTESIAN_POINT('',(8.403571121551E0,-3.560657698113E0,
-6.759578992399E0));
#2386=CARTESIAN_POINT('',(8.371629570995E0,-3.624986624476E0,
-6.765223886626E0));
#2387=CARTESIAN_POINT('',(8.365063158286E0,-3.658800301620E0,
-6.768191053057E0));
#2389=DIRECTION('',(-1.899304294458E-1,-9.780392494636E-1,-8.582341451572E-2));
#2390=VECTOR('',#2389,1.296845614439E0);
#2391=CARTESIAN_POINT('',(8.365063158286E0,-3.658800301620E0,
-6.768191053057E0));
#2392=LINE('',#2391,#2390);
#2393=CARTESIAN_POINT('',(8.118752713811E0,-4.927166213037E0,
-6.879490771788E0));
#2394=CARTESIAN_POINT('',(8.111452709680E0,-4.964756824163E0,
-6.882789365993E0));
#2395=CARTESIAN_POINT('',(8.071468377747E0,-5.036504891363E0,
-6.889085293396E0));
#2396=CARTESIAN_POINT('',(7.996478069749E0,-5.098239771834E0,
-6.894502558849E0));
#2397=CARTESIAN_POINT('',(7.931854574014E0,-5.125786671641E0,
-6.896919812555E0));
#2398=CARTESIAN_POINT('',(7.894345270909E0,-5.134337579604E0,
-6.897670158842E0));
#2399=CARTESIAN_POINT('',(7.875129198060E0,-5.135961614719E0,
-6.897812668704E0));
#2400=CARTESIAN_POINT('',(7.865499031125E0,-5.135992970928E0,
-6.897815420226E0));
#2402=CARTESIAN_POINT('',(6.685236787048E0,-5.139835874902E0,
-6.898152636898E0));
#2403=CARTESIAN_POINT('',(6.677075734539E0,-5.139862445763E0,
-6.898154968504E0));
#2404=CARTESIAN_POINT('',(6.660771852936E0,-5.138271937263E0,
-6.898015400618E0));
#2405=CARTESIAN_POINT('',(6.629336176548E0,-5.129730140398E0,
-6.897265853836E0));
#2406=CARTESIAN_POINT('',(6.575819987403E0,-5.102507674976E0,
-6.894877069402E0));
#2407=CARTESIAN_POINT('',(6.517839360186E0,-5.045356579692E0,
-6.889862033305E0));
#2408=CARTESIAN_POINT('',(6.490625752114E0,-4.979689177497E0,
-6.884099687180E0));
#2409=CARTESIAN_POINT('',(6.490518964789E0,-4.947128287116E0,
-6.881242453390E0));
#2411=CARTESIAN_POINT('',(6.478890364056E0,-1.401293701172E0,
-6.570093763150E0));
#2412=CARTESIAN_POINT('',(6.478783541444E0,-1.368718317552E0,
-6.567235257571E0));
#2413=CARTESIAN_POINT('',(6.505469138990E0,-1.302887337250E0,
-6.561458557389E0));
#2414=CARTESIAN_POINT('',(6.563076988695E0,-1.245322865051E0,
-6.556407247269E0));
#2415=CARTESIAN_POINT('',(6.616411855753E0,-1.217773720159E0,
-6.553989796554E0));
#2416=CARTESIAN_POINT('',(6.647845684257E0,-1.209024024995E0,
-6.553222006596E0));
#2417=CARTESIAN_POINT('',(6.664165472503E0,-1.207327620064E0,
-6.553073146248E0));
#2418=CARTESIAN_POINT('',(6.672339776541E0,-1.207301001217E0,
-6.553070810431E0));
#2420=CARTESIAN_POINT('',(7.454306405549E0,-1.204754665376E0,
-6.552847368237E0));
#2421=CARTESIAN_POINT('',(7.462476949186E0,-1.204728061192E0,
-6.552845033707E0));
#2422=CARTESIAN_POINT('',(7.478800020807E0,-1.206316632445E0,
-6.552984431599E0));
#2423=CARTESIAN_POINT('',(7.510277311778E0,-1.214853254554E0,
-6.553733524294E0));
#2424=CARTESIAN_POINT('',(7.563787889061E0,-1.242038170878E0,
-6.556119013776E0));
#2425=CARTESIAN_POINT('',(7.621789486969E0,-1.299220581454E0,
-6.561136797804E0));
#2426=CARTESIAN_POINT('',(7.648927847192E0,-1.364891037221E0,
-6.566899411881E0));
#2427=CARTESIAN_POINT('',(7.649034737448E0,-1.397483317336E0,
-6.569759400136E0));
#2429=CARTESIAN_POINT('',(7.653119822175E0,-2.643133473151E0,
-6.679065800388E0));
#2430=CARTESIAN_POINT('',(7.653237106324E0,-2.678898077763E0,
-6.682204161643E0));
#2431=CARTESIAN_POINT('',(7.675346884797E0,-2.749532699278E0,
-6.688402383652E0));
#2432=CARTESIAN_POINT('',(7.747468222857E0,-2.801534567467E0,
-6.692965572595E0));
#2433=CARTESIAN_POINT('',(7.811871837548E0,-2.816049316762E0,
-6.694239248827E0));
#2434=CARTESIAN_POINT('',(7.876956665276E0,-2.813825487365E0,
-6.694044106727E0));
#2435=CARTESIAN_POINT('',(7.956468408851E0,-2.779681319482E0,
-6.691047939575E0));
#2436=CARTESIAN_POINT('',(7.990090512456E0,-2.716279378359E0,
-6.685484388748E0));
#2437=CARTESIAN_POINT('',(7.997258039635E0,-2.683226391318E0,
-6.682583973239E0));
#2439=CARTESIAN_POINT('',(8.243831595737E0,-1.414119609490E0,
-6.571219242773E0));
#2440=CARTESIAN_POINT('',(8.250400354079E0,-1.376108795698E0,
-6.567883775582E0));
#2441=CARTESIAN_POINT('',(8.288607896490E0,-1.304348635252E0,
-6.561586786991E0));
#2442=CARTESIAN_POINT('',(8.365351063364E0,-1.239908044886E0,
-6.555932094195E0));
#2443=CARTESIAN_POINT('',(8.430445092723E0,-1.211871665294E0,
-6.553471888402E0));
#2444=CARTESIAN_POINT('',(8.468496981762E0,-1.203058907747E0,
-6.552698564689E0));
#2445=CARTESIAN_POINT('',(8.487997180949E0,-1.201388573312E0,
-6.552551992039E0));
#2446=CARTESIAN_POINT('',(8.497771692508E0,-1.201356744012E0,
-6.552549199002E0));
#2448=CARTESIAN_POINT('',(1.083892869511E1,-4.979097767839E0,
-6.884047790698E0));
#2449=CARTESIAN_POINT('',(1.082102215321E1,-4.989474311968E0,
-6.884958337436E0));
#2450=CARTESIAN_POINT('',(1.078129673521E1,-5.003309835953E0,
-6.886172411320E0));
#2451=CARTESIAN_POINT('',(1.069717425722E1,-5.003986469651E0,
-6.886231786253E0));
#2452=CARTESIAN_POINT('',(1.060120323337E1,-4.951607264181E0,
-6.881635485781E0));
#2453=CARTESIAN_POINT('',(1.056717085133E1,-4.866707876932E0,
-6.874185523719E0));
#2454=CARTESIAN_POINT('',(1.056703044902E1,-4.823896874400E0,
-6.870428837657E0));
#2456=CARTESIAN_POINT('',(1.056370784681E1,-3.810444427462E0,
-6.781497898032E0));
#2457=CARTESIAN_POINT('',(1.056361749080E1,-3.782866003810E0,
-6.779077878093E0));
#2458=CARTESIAN_POINT('',(1.057568118481E1,-3.726734223404E0,
-6.774152287367E0));
#2459=CARTESIAN_POINT('',(1.061748609448E1,-3.654213023609E0,
-6.767788517206E0));
#2460=CARTESIAN_POINT('',(1.066007021612E1,-3.615539061340E0,
-6.764394858418E0));
#2461=CARTESIAN_POINT('',(1.068402632794E1,-3.601715818821E0,
-6.763181862238E0));
#2463=DIRECTION('',(8.653165108369E-1,4.993071506520E-1,4.381444260514E-2));
#2464=VECTOR('',#2463,6.742286134842E-1);
#2465=CARTESIAN_POINT('',(1.068402632794E1,-3.601715818821E0,
-6.763181862238E0));
#2466=LINE('',#2465,#2464);
#2467=CARTESIAN_POINT('',(1.126744747926E1,-3.265068650934E0,
-6.733640911350E0));
#2468=CARTESIAN_POINT('',(1.128374371926E1,-3.255665385869E0,
-6.732815770318E0));
#2469=CARTESIAN_POINT('',(1.130726904945E1,-3.219601473107E0,
-6.729651144629E0));
#2470=CARTESIAN_POINT('',(1.131541055441E1,-3.160509254493E0,
-6.724465774026E0));
#2471=CARTESIAN_POINT('',(1.130674041139E1,-3.101547564235E0,
-6.719291857349E0));
#2472=CARTESIAN_POINT('',(1.128292028089E1,-3.065865126820E0,
-6.716160706305E0));
#2473=CARTESIAN_POINT('',(1.126664870438E1,-3.056620982115E0,
-6.715349528161E0));
#2475=DIRECTION('',(-8.686041385573E-1,4.936098705100E-1,4.331450353283E-2));
#2476=VECTOR('',#2475,6.740706051839E-1);
#2477=CARTESIAN_POINT('',(1.126664870438E1,-3.056620982115E0,
-6.715349528161E0));
#2478=LINE('',#2477,#2476);
#2479=CARTESIAN_POINT('',(1.068114818704E1,-2.723893077975E0,
-6.686152494552E0));
#2480=CARTESIAN_POINT('',(1.065710206091E1,-2.710226119897E0,
-6.684953212407E0));
#2481=CARTESIAN_POINT('',(1.061426391756E1,-2.671831725638E0,
-6.681584085846E0));
#2482=CARTESIAN_POINT('',(1.057198529617E1,-2.599583585883E0,
-6.675244276836E0));
#2483=CARTESIAN_POINT('',(1.055955183255E1,-2.543531806241E0,
-6.670325706214E0));
#2484=CARTESIAN_POINT('',(1.055946138622E1,-2.515953200749E0,
-6.667905670319E0));
#2486=CARTESIAN_POINT('',(1.055613775929E1,-1.502500965325E0,
-6.578974749254E0));
#2487=CARTESIAN_POINT('',(1.055600313232E1,-1.461448400918E0,
-6.575372366984E0));
#2488=CARTESIAN_POINT('',(1.058728683819E1,-1.378367396738E0,
-6.568081968911E0));
#2489=CARTESIAN_POINT('',(1.068037652535E1,-1.322628977303E0,
-6.563190895798E0));
#2490=CARTESIAN_POINT('',(1.076650005431E1,-1.320987906257E0,
-6.563046891025E0));
#2491=CARTESIAN_POINT('',(1.080824955792E1,-1.334822855961E0,
-6.564260914515E0));
#2492=CARTESIAN_POINT('',(1.082701216537E1,-1.345532612984E0,
-6.565200700844E0));
#2494=DIRECTION('',(8.676561944695E-1,-4.952615524391E-1,-4.345943941605E-2));
#2495=VECTOR('',#2494,2.184093285772E0);
#2496=CARTESIAN_POINT('',(1.082701216537E1,-1.345532612984E0,
-6.565200700844E0));
#2497=LINE('',#2496,#2495);
#2498=CARTESIAN_POINT('',(1.272205423407E1,-2.427230044367E0,
-6.660120170676E0));
#2499=CARTESIAN_POINT('',(1.274603419775E1,-2.440917934895E0,
-6.661321289653E0));
#2500=CARTESIAN_POINT('',(1.278874158444E1,-2.479298457319E0,
-6.664689198955E0));
#2501=CARTESIAN_POINT('',(1.283088149940E1,-2.551462869553E0,
-6.671021660835E0));
#2502=CARTESIAN_POINT('',(1.284326343078E1,-2.607417357595E0,
-6.675931694071E0));
#2503=CARTESIAN_POINT('',(1.284335372358E1,-2.634949129334E0,
-6.678347620282E0));
#2505=CARTESIAN_POINT('',(1.284676873212E1,-3.676577084740E0,
-6.769750974326E0));
#2506=CARTESIAN_POINT('',(1.284685893758E1,-3.704108716349E0,
-6.772166888242E0));
#2507=CARTESIAN_POINT('',(1.283484611847E1,-3.760142957553E0,
-6.777083919856E0));
#2508=CARTESIAN_POINT('',(1.279317927504E1,-3.832579608297E0,
-6.783440270796E0));
#2509=CARTESIAN_POINT('',(1.275072574029E1,-3.871238871399E0,
-6.786832639725E0));
#2510=CARTESIAN_POINT('',(1.272683592598E1,-3.885082676070E0,
-6.788047440244E0));
#2512=DIRECTION('',(-8.643880788728E-1,-5.009004616151E-1,-4.395425640815E-2));
#2513=VECTOR('',#2512,2.184096792887E0);
#2514=CARTESIAN_POINT('',(1.272683592598E1,-3.885082676070E0,
-6.788047440244E0));
#2515=LINE('',#2514,#2513);
#2516=CARTESIAN_POINT('',(-4.946299091524E1,-3.094934081932E0,
-6.718711521096E0));
#2517=DIRECTION('',(0.E0,8.741457380056E-2,-9.961720194260E-1));
#2518=DIRECTION('',(-8.660254036971E-1,-4.980860098637E-1,-4.370728691351E-2));
#2519=AXIS2_PLACEMENT_3D('',#2516,#2517,#2518);
#2521=CARTESIAN_POINT('',(-4.946299091524E1,-3.094934081932E0,
-6.718711521096E0));
#2522=DIRECTION('',(0.E0,8.741457380056E-2,-9.961720194260E-1));
#2523=DIRECTION('',(-1.E0,0.E0,0.E0));
#2524=AXIS2_PLACEMENT_3D('',#2521,#2522,#2523);
#2526=DIRECTION('',(4.999999999996E-1,8.627102753624E-1,7.570324157231E-2));
#2527=VECTOR('',#2526,1.962990915170E0);
#2528=CARTESIAN_POINT('',(-4.980940107673E1,-2.895699678009E0,
-6.701228606333E0));
#2529=LINE('',#2528,#2527);
#2530=CARTESIAN_POINT('',(-4.848149545762E1,-1.401441648908E0,
-6.570106745635E0));
#2531=DIRECTION('',(0.E0,8.741457380056E-2,-9.961720194260E-1));
#2532=DIRECTION('',(-8.660254038452E-1,4.980860096082E-1,4.370728689108E-2));
#2533=AXIS2_PLACEMENT_3D('',#2530,#2531,#2532);
#2535=CARTESIAN_POINT('',(-4.848149545762E1,-1.401441648908E0,
-6.570106745635E0));
#2536=DIRECTION('',(0.E0,8.741457380056E-2,-9.961720194260E-1));
#2537=DIRECTION('',(-4.999999999999E-1,8.627102753622E-1,7.570324157228E-2));
#2538=AXIS2_PLACEMENT_3D('',#2535,#2536,#2537);
#2540=DIRECTION('',(1.E0,0.E0,0.E0));
#2541=VECTOR('',#2540,1.962990915245E0);
#2542=CARTESIAN_POINT('',(-4.848149545762E1,-1.002972841138E0,
-6.535140916115E0));
#2543=LINE('',#2542,#2541);
#2544=CARTESIAN_POINT('',(-4.651850454238E1,-1.401441648908E0,
-6.570106745635E0));
#2545=DIRECTION('',(0.E0,8.741457380056E-2,-9.961720194260E-1));
#2546=DIRECTION('',(2.376765451118E-11,9.961720194260E-1,8.741457380056E-2));
#2547=AXIS2_PLACEMENT_3D('',#2544,#2545,#2546);
#2549=CARTESIAN_POINT('',(-4.651850454238E1,-1.401441648908E0,
-6.570106745635E0));
#2550=DIRECTION('',(0.E0,8.741457380056E-2,-9.961720194260E-1));
#2551=DIRECTION('',(4.999999999999E-1,8.627102753622E-1,7.570324157228E-2));
#2552=AXIS2_PLACEMENT_3D('',#2549,#2550,#2551);
#2554=DIRECTION('',(4.999999999996E-1,-8.627102753624E-1,-7.570324157231E-2));
#2555=VECTOR('',#2554,1.962990915188E0);
#2556=CARTESIAN_POINT('',(-4.617209438085E1,-1.202207245041E0,
-6.552623830876E0));
#2557=LINE('',#2556,#2555);
#2558=CARTESIAN_POINT('',(-4.553700908476E1,-3.094934081932E0,
-6.718711521096E0));
#2559=DIRECTION('',(0.E0,8.741457380056E-2,-9.961720194260E-1));
#2560=DIRECTION('',(8.660254037049E-1,4.980860098502E-1,4.370728691232E-2));
#2561=AXIS2_PLACEMENT_3D('',#2558,#2559,#2560);
#2563=CARTESIAN_POINT('',(-4.553700908476E1,-3.094934081932E0,
-6.718711521096E0));
#2564=DIRECTION('',(0.E0,8.741457380056E-2,-9.961720194260E-1));
#2565=DIRECTION('',(1.E0,0.E0,0.E0));
#2566=AXIS2_PLACEMENT_3D('',#2563,#2564,#2565);
#2568=DIRECTION('',(-4.999999999996E-1,-8.627102753624E-1,-7.570324157230E-2));
#2569=VECTOR('',#2568,1.962990915158E0);
#2570=CARTESIAN_POINT('',(-4.519059892327E1,-3.294168485861E0,
-6.736194435860E0));
#2571=LINE('',#2570,#2569);
#2572=CARTESIAN_POINT('',(-4.651850454238E1,-4.788426514956E0,
-6.867316296557E0));
#2573=DIRECTION('',(0.E0,8.741457380056E-2,-9.961720194260E-1));
#2574=DIRECTION('',(8.660254038658E-1,-4.980860095727E-1,-4.370728688796E-2));
#2575=AXIS2_PLACEMENT_3D('',#2572,#2573,#2574);
#2577=CARTESIAN_POINT('',(-4.651850454238E1,-4.788426514956E0,
-6.867316296557E0));
#2578=DIRECTION('',(0.E0,8.741457380056E-2,-9.961720194260E-1));
#2579=DIRECTION('',(4.999999999999E-1,-8.627102753622E-1,-7.570324157228E-2));
#2580=AXIS2_PLACEMENT_3D('',#2577,#2578,#2579);
#2582=DIRECTION('',(-1.E0,2.081324319397E-14,-2.370899876878E-13));
#2583=VECTOR('',#2582,1.962990915229E0);
#2584=CARTESIAN_POINT('',(-4.651850454239E1,-5.186895322727E0,
-6.902282126077E0));
#2585=LINE('',#2584,#2583);
#2586=CARTESIAN_POINT('',(-4.848149545762E1,-4.788426514956E0,
-6.867316296558E0));
#2587=DIRECTION('',(0.E0,8.741457380056E-2,-9.961720194260E-1));
#2588=DIRECTION('',(3.058886477447E-11,-9.961720194260E-1,-8.741457380056E-2));
#2589=AXIS2_PLACEMENT_3D('',#2586,#2587,#2588);
#2591=CARTESIAN_POINT('',(-4.848149545762E1,-4.788426514956E0,
-6.867316296558E0));
#2592=DIRECTION('',(0.E0,8.741457380056E-2,-9.961720194260E-1));
#2593=DIRECTION('',(-4.999999999998E-1,-8.627102753622E-1,-7.570324157228E-2));
#2594=AXIS2_PLACEMENT_3D('',#2591,#2592,#2593);
#2596=DIRECTION('',(-4.999999999996E-1,8.627102753624E-1,7.570324157254E-2));
#2597=VECTOR('',#2596,1.962990915185E0);
#2598=CARTESIAN_POINT('',(-4.882790561915E1,-4.987660918822E0,
-6.884799211316E0));
#2599=LINE('',#2598,#2597);
#2600=CARTESIAN_POINT('',(4.553700908476E1,-3.094934081932E0,
-6.718711521096E0));
#2601=DIRECTION('',(0.E0,8.741457380056E-2,-9.961720194260E-1));
#2602=DIRECTION('',(-8.660254036978E-1,-4.980860098624E-1,-4.370728691339E-2));
#2603=AXIS2_PLACEMENT_3D('',#2600,#2601,#2602);
#2605=CARTESIAN_POINT('',(4.553700908476E1,-3.094934081932E0,
-6.718711521096E0));
#2606=DIRECTION('',(0.E0,8.741457380056E-2,-9.961720194260E-1));
#2607=DIRECTION('',(-1.E0,0.E0,0.E0));
#2608=AXIS2_PLACEMENT_3D('',#2605,#2606,#2607);
#2610=DIRECTION('',(4.999999999996E-1,8.627102753624E-1,7.570324157231E-2));
#2611=VECTOR('',#2610,1.962990915170E0);
#2612=CARTESIAN_POINT('',(4.519059892327E1,-2.895699678009E0,
-6.701228606333E0));
#2613=LINE('',#2612,#2611);
#2614=CARTESIAN_POINT('',(4.651850454238E1,-1.401441648908E0,
-6.570106745635E0));
#2615=DIRECTION('',(0.E0,8.741457380056E-2,-9.961720194260E-1));
#2616=DIRECTION('',(-8.660254038456E-1,4.980860096075E-1,4.370728689102E-2));
#2617=AXIS2_PLACEMENT_3D('',#2614,#2615,#2616);
#2619=CARTESIAN_POINT('',(4.651850454238E1,-1.401441648908E0,
-6.570106745635E0));
#2620=DIRECTION('',(0.E0,8.741457380056E-2,-9.961720194260E-1));
#2621=DIRECTION('',(-4.999999999999E-1,8.627102753622E-1,7.570324157228E-2));
#2622=AXIS2_PLACEMENT_3D('',#2619,#2620,#2621);
#2624=DIRECTION('',(1.E0,0.E0,0.E0));
#2625=VECTOR('',#2624,1.962990915245E0);
#2626=CARTESIAN_POINT('',(4.651850454238E1,-1.002972841138E0,
-6.535140916115E0));
#2627=LINE('',#2626,#2625);
#2628=CARTESIAN_POINT('',(4.848149545762E1,-1.401441648908E0,
-6.570106745635E0));
#2629=DIRECTION('',(0.E0,8.741457380056E-2,-9.961720194260E-1));
#2630=DIRECTION('',(2.378541807957E-11,9.961720194260E-1,8.741457380056E-2));
#2631=AXIS2_PLACEMENT_3D('',#2628,#2629,#2630);
#2633=CARTESIAN_POINT('',(4.848149545762E1,-1.401441648908E0,
-6.570106745635E0));
#2634=DIRECTION('',(0.E0,8.741457380056E-2,-9.961720194260E-1));
#2635=DIRECTION('',(4.999999999999E-1,8.627102753622E-1,7.570324157228E-2));
#2636=AXIS2_PLACEMENT_3D('',#2633,#2634,#2635);
#2638=DIRECTION('',(4.999999999996E-1,-8.627102753624E-1,-7.570324157231E-2));
#2639=VECTOR('',#2638,1.962990915184E0);
#2640=CARTESIAN_POINT('',(4.882790561915E1,-1.202207245042E0,
-6.552623830877E0));
#2641=LINE('',#2640,#2639);
#2642=CARTESIAN_POINT('',(4.946299091524E1,-3.094934081932E0,
-6.718711521096E0));
#2643=DIRECTION('',(0.E0,8.741457380056E-2,-9.961720194260E-1));
#2644=DIRECTION('',(8.660254036978E-1,4.980860098624E-1,4.370728691339E-2));
#2645=AXIS2_PLACEMENT_3D('',#2642,#2643,#2644);
#2647=CARTESIAN_POINT('',(4.946299091524E1,-3.094934081932E0,
-6.718711521096E0));
#2648=DIRECTION('',(0.E0,8.741457380056E-2,-9.961720194260E-1));
#2649=DIRECTION('',(1.E0,0.E0,0.E0));
#2650=AXIS2_PLACEMENT_3D('',#2647,#2648,#2649);
#2652=DIRECTION('',(-4.999999999996E-1,-8.627102753624E-1,-7.570324157231E-2));
#2653=VECTOR('',#2652,1.962990915158E0);
#2654=CARTESIAN_POINT('',(4.980940107673E1,-3.294168485860E0,
-6.736194435860E0));
#2655=LINE('',#2654,#2653);
#2656=CARTESIAN_POINT('',(4.848149545762E1,-4.788426514956E0,
-6.867316296557E0));
#2657=DIRECTION('',(0.E0,8.741457380056E-2,-9.961720194260E-1));
#2658=DIRECTION('',(8.660254038659E-1,-4.980860095725E-1,-4.370728688795E-2));
#2659=AXIS2_PLACEMENT_3D('',#2656,#2657,#2658);
#2661=CARTESIAN_POINT('',(4.848149545762E1,-4.788426514956E0,
-6.867316296557E0));
#2662=DIRECTION('',(0.E0,8.741457380056E-2,-9.961720194260E-1));
#2663=DIRECTION('',(4.999999999999E-1,-8.627102753622E-1,-7.570324157228E-2));
#2664=AXIS2_PLACEMENT_3D('',#2661,#2662,#2663);
#2666=DIRECTION('',(-1.E0,0.E0,0.E0));
#2667=VECTOR('',#2666,1.962990915229E0);
#2668=CARTESIAN_POINT('',(4.848149545761E1,-5.186895322727E0,
-6.902282126077E0));
#2669=LINE('',#2668,#2667);
#2670=CARTESIAN_POINT('',(4.651850454238E1,-4.788426514956E0,
-6.867316296557E0));
#2671=DIRECTION('',(0.E0,8.741457380056E-2,-9.961720194260E-1));
#2672=DIRECTION('',(3.323563646518E-11,-9.961720194260E-1,-8.741457380056E-2));
#2673=AXIS2_PLACEMENT_3D('',#2670,#2671,#2672);
#2675=CARTESIAN_POINT('',(4.651850454238E1,-4.788426514956E0,
-6.867316296557E0));
#2676=DIRECTION('',(0.E0,8.741457380056E-2,-9.961720194260E-1));
#2677=DIRECTION('',(-4.999999999999E-1,-8.627102753622E-1,-7.570324157228E-2));
#2678=AXIS2_PLACEMENT_3D('',#2675,#2676,#2677);
#2680=DIRECTION('',(-4.999999999996E-1,8.627102753624E-1,7.570324157231E-2));
#2681=VECTOR('',#2680,1.962990915185E0);
#2682=CARTESIAN_POINT('',(4.617209438085E1,-4.987660918822E0,
-6.884799211315E0));
#2683=LINE('',#2682,#2681);
#2684=CARTESIAN_POINT('',(-7.758578643763E1,1.491398103560E0,
-6.316258666082E0));
#2685=CARTESIAN_POINT('',(-7.797628386706E1,1.880507754383E0,
-6.282114107086E0));
#2686=CARTESIAN_POINT('',(-7.844767725589E1,2.075102730076E0,
-6.265038304381E0));
#2687=CARTESIAN_POINT('',(-7.9E1,2.075102730076E0,-6.265038304380E0));
#2689=DIRECTION('',(-6.173945207845E-14,-6.402624786715E-2,9.979482148809E-1));
#2690=VECTOR('',#2689,2.992270016632E0);
#2691=CARTESIAN_POINT('',(-7.9E1,2.075102730076E0,-6.265038304380E0));
#2692=LINE('',#2691,#2690);
#2693=CARTESIAN_POINT('',(-7.9E1,1.883518908306E0,-3.278907782841E0));
#2694=CARTESIAN_POINT('',(-7.844767725589E1,1.883518908306E0,
-3.278907782841E0));
#2695=CARTESIAN_POINT('',(-7.797628386706E1,1.688923932612E0,
-3.295983585546E0));
#2696=CARTESIAN_POINT('',(-7.758578643763E1,1.299814281789E0,
-3.330128144543E0));
#2698=CARTESIAN_POINT('',(-7.758578643763E1,1.299814281789E0,
-3.330128144543E0));
#2699=CARTESIAN_POINT('',(-7.719523528726E1,9.106511009401E-1,
-3.364277400825E0));
#2700=CARTESIAN_POINT('',(-7.7E1,4.409108118927E-1,-3.405497337105E0));
#2701=CARTESIAN_POINT('',(-7.7E1,-1.093733439622E-1,-3.453785036433E0));
#2703=CARTESIAN_POINT('',(-7.7E1,8.221047776161E-2,-6.439915557977E0));
#2704=CARTESIAN_POINT('',(-7.699999999999E1,6.324946336348E-1,
-6.391627858647E0));
#2705=CARTESIAN_POINT('',(-7.719523528724E1,1.102234922698E0,
-6.350407922366E0));
#2706=CARTESIAN_POINT('',(-7.758578643763E1,1.491398103560E0,
-6.316258666082E0));
#2708=DIRECTION('',(-4.939156166275E-13,-6.402624786150E-2,9.979482148813E-1));
#2709=VECTOR('',#2708,2.992270016632E0);
#2710=CARTESIAN_POINT('',(-7.7E1,8.221047778425E-2,-6.439915557975E0));
#2711=LINE('',#2710,#2709);
#2712=DIRECTION('',(6.206435532153E-14,-9.961720194264E-1,-8.741457379633E-2));
#2713=VECTOR('',#2712,8.013938313794E0);
#2714=CARTESIAN_POINT('',(-7.7E1,-1.093733439692E-1,-3.453785036434E0));
#2715=LINE('',#2714,#2713);
#2716=CARTESIAN_POINT('',(-7.7E1,-8.048927170343E0,-4.652406048211E0));
#2717=DIRECTION('',(1.E0,1.404589897574E-12,-1.233219937679E-12));
#2718=DIRECTION('',(1.364242052660E-12,-8.741457524476E-2,9.961720192993E-1));
#2719=AXIS2_PLACEMENT_3D('',#2716,#2717,#2718);
#2721=DIRECTION('',(9.505317046049E-11,6.402624719754E-2,-9.979482149239E-1));
#2722=VECTOR('',#2721,1.991994873060E0);
#2723=CARTESIAN_POINT('',(-7.7E1,-8.547901277762E0,-4.684419171919E0));
#2724=LINE('',#2723,#2722);
#2725=CARTESIAN_POINT('',(-7.699999999962E1,-7.921387216484E0,
-6.640313762547E0));
#2726=DIRECTION('',(1.E0,2.602357627337E-11,3.007239912844E-11));
#2727=DIRECTION('',(2.788169695122E-11,-9.979482111445E-1,-6.402630610610E-2));
#2728=AXIS2_PLACEMENT_3D('',#2725,#2726,#2727);
#2730=CARTESIAN_POINT('',(-7.699999999962E1,-7.921387216484E0,
-6.640313762547E0));
#2731=DIRECTION('',(1.E0,2.602357627337E-11,3.007239912844E-11));
#2732=DIRECTION('',(3.007016857736E-11,8.100187187664E-13,-1.E0));
#2733=AXIS2_PLACEMENT_3D('',#2730,#2731,#2732);
#2735=DIRECTION('',(-2.375329467317E-11,9.961720194111E-1,8.741457397E-2));
#2736=VECTOR('',#2735,7.990477876345E0);
#2737=CARTESIAN_POINT('',(-7.699999999981E1,-7.877680004355E0,
-7.138399777352E0));
#2738=LINE('',#2737,#2736);
#2739=CARTESIAN_POINT('',(-5.999999999946E1,-7.921387216042E0,
-6.640313762036E0));
#2740=DIRECTION('',(1.E0,2.602357627337E-11,3.007239912844E-11));
#2741=DIRECTION('',(3.007016857736E-11,0.E0,-1.E0));
#2742=AXIS2_PLACEMENT_3D('',#2739,#2740,#2741);
#2744=CARTESIAN_POINT('',(-5.999999999947E1,-7.921387216042E0,
-6.640313762036E0));
#2745=DIRECTION('',(1.E0,2.602357627337E-11,3.007239912844E-11));
#2746=DIRECTION('',(2.789590780594E-11,-9.979482144941E-1,-6.402625389662E-2));
#2747=AXIS2_PLACEMENT_3D('',#2744,#2745,#2746);
#2749=DIRECTION('',(9.023458380696E-14,6.402624786441E-2,-9.979482148811E-1));
#2750=VECTOR('',#2749,2.992270016632E0);
#2751=CARTESIAN_POINT('',(7.7E1,-1.093733439792E-1,-3.453785036435E0));
#2752=LINE('',#2751,#2750);
#2753=DIRECTION('',(2.374973828233E-11,-9.961720194409E-1,-8.741457363102E-2));
#2754=VECTOR('',#2753,7.990477689097E0);
#2755=CARTESIAN_POINT('',(7.7E1,8.221047778289E-2,-6.439915557975E0));
#2756=LINE('',#2755,#2754);
#2757=CARTESIAN_POINT('',(7.700000000038E1,-7.921387211176E0,
-6.640313756413E0));
#2758=DIRECTION('',(-1.E0,-2.602357627337E-11,-3.007239912844E-11));
#2759=DIRECTION('',(2.768274498521E-11,8.741506698640E-2,-9.961719761486E-1));
#2760=AXIS2_PLACEMENT_3D('',#2757,#2758,#2759);
#2762=CARTESIAN_POINT('',(7.700000000038E1,-7.921387211176E0,
-6.640313756413E0));
#2763=DIRECTION('',(-1.E0,-2.602357627337E-11,-3.007239912844E-11));
#2764=DIRECTION('',(3.007016857736E-11,-8.100187187664E-13,-1.E0));
#2765=AXIS2_PLACEMENT_3D('',#2762,#2763,#2764);
#2767=DIRECTION('',(-9.506030586214E-11,-6.402624852107E-2,9.979482148390E-1));
#2768=VECTOR('',#2767,1.991994843302E0);
#2769=CARTESIAN_POINT('',(7.700000000019E1,-8.420361320706E0,
-6.672326870814E0));
#2770=LINE('',#2769,#2768);
#2771=CARTESIAN_POINT('',(7.7E1,-8.048927170127E0,-4.652406048401E0));
#2772=DIRECTION('',(-1.E0,-1.404589897574E-12,1.233219937679E-12));
#2773=DIRECTION('',(1.335820343229E-12,-9.979482147041E-1,-6.402625062387E-2));
#2774=AXIS2_PLACEMENT_3D('',#2771,#2772,#2773);
#2776=DIRECTION('',(-6.206435532916E-14,9.961720194253E-1,8.741457380879E-2));
#2777=VECTOR('',#2776,8.013938312808E0);
#2778=CARTESIAN_POINT('',(7.7E1,-8.092634456599E0,-4.154320038579E0));
#2779=LINE('',#2778,#2777);
#2780=CARTESIAN_POINT('',(7.758578643763E1,1.299814281789E0,-3.330128144543E0));
#2781=CARTESIAN_POINT('',(7.797628386706E1,1.688923932612E0,-3.295983585546E0));
#2782=CARTESIAN_POINT('',(7.844767725589E1,1.883518908306E0,-3.278907782841E0));
#2783=CARTESIAN_POINT('',(7.9E1,1.883518908306E0,-3.278907782841E0));
#2785=DIRECTION('',(-8.548539518555E-14,6.402624786715E-2,-9.979482148809E-1));
#2786=VECTOR('',#2785,2.992270016632E0);
#2787=CARTESIAN_POINT('',(7.9E1,1.883518908306E0,-3.278907782841E0));
#2788=LINE('',#2787,#2786);
#2789=CARTESIAN_POINT('',(7.9E1,2.075102730076E0,-6.265038304380E0));
#2790=CARTESIAN_POINT('',(7.844767725589E1,2.075102730076E0,-6.265038304381E0));
#2791=CARTESIAN_POINT('',(7.797628386706E1,1.880507754383E0,-6.282114107086E0));
#2792=CARTESIAN_POINT('',(7.758578643763E1,1.491398103560E0,-6.316258666082E0));
#2794=CARTESIAN_POINT('',(7.758578643763E1,1.491398103560E0,-6.316258666082E0));
#2795=CARTESIAN_POINT('',(7.719523528725E1,1.102234922701E0,-6.350407922366E0));
#2796=CARTESIAN_POINT('',(7.699999999999E1,6.324946336409E-1,
-6.391627858646E0));
#2797=CARTESIAN_POINT('',(7.7E1,8.221047777149E-2,-6.439915557976E0));
#2799=CARTESIAN_POINT('',(7.7E1,-1.093733439817E-1,-3.453785036435E0));
#2800=CARTESIAN_POINT('',(7.7E1,4.409108118808E-1,-3.405497337106E0));
#2801=CARTESIAN_POINT('',(7.719523528725E1,9.106511009347E-1,
-3.364277400826E0));
#2802=CARTESIAN_POINT('',(7.758578643763E1,1.299814281789E0,-3.330128144543E0));
#2804=DIRECTION('',(4.543032616767E-12,8.741457380119E-2,-9.961720194259E-1));
#2805=VECTOR('',#2804,4.E-1);
#2806=CARTESIAN_POINT('',(-1.065569988267E1,-5.229638298360E0,
-6.504495766619E0));
#2807=LINE('',#2806,#2805);
#2808=DIRECTION('',(-8.082423619267E-13,-8.741457380356E-2,9.961720194257E-1));
#2809=VECTOR('',#2808,4.000000000002E-1);
#2810=CARTESIAN_POINT('',(-1.046225018588E1,-5.000700558247E0,
-6.885943445946E0));
#2811=LINE('',#2810,#2809);
#2812=DIRECTION('',(9.999946572881E-1,3.256339169164E-3,2.857453282857E-4));
#2813=VECTOR('',#2812,9.778004241788E-1);
#2814=CARTESIAN_POINT('',(-1.163349508274E1,-5.197856518660E0,
-6.903243976292E0));
#2815=LINE('',#2814,#2813);
#2816=CARTESIAN_POINT('',(-1.065569988267E1,-5.229638298360E0,
-6.504495766619E0));
#2817=CARTESIAN_POINT('',(-1.064752535998E1,-5.229611679142E0,
-6.504493430770E0));
#2818=CARTESIAN_POINT('',(-1.063120595099E1,-5.227916564268E0,
-6.504344683624E0));
#2819=CARTESIAN_POINT('',(-1.059976625996E1,-5.219159814289E0,
-6.503576274602E0));
#2820=CARTESIAN_POINT('',(-1.056210732022E1,-5.199745946141E0,
-6.501872698335E0));
#2821=CARTESIAN_POINT('',(-1.052300531520E1,-5.168142982833E0,
-6.499099523106E0));
#2822=CARTESIAN_POINT('',(-1.048197708479E1,-5.117092509371E0,
-6.494619819507E0));
#2823=CARTESIAN_POINT('',(-1.046214358238E1,-5.068237448869E0,
-6.490332764452E0));
#2824=CARTESIAN_POINT('',(-1.046225018588E1,-5.035666387769E0,
-6.487474638176E0));
#2826=DIRECTION('',(-3.266998455831E-3,9.961667032009E-1,8.741410729891E-2));
#2827=VECTOR('',#2826,5.985516782578E-1);
#2828=CARTESIAN_POINT('',(-1.046225018588E1,-5.035666387769E0,
-6.487474638176E0));
#2829=LINE('',#2828,#2827);
#2830=CARTESIAN_POINT('',(-1.038420635980E1,-4.439148873156E0,
-6.435129939382E0));
#2831=DIRECTION('',(0.E0,8.741457380048E-2,-9.961720194260E-1));
#2832=DIRECTION('',(-9.999946673084E-1,-3.253284110591E-3,-2.854772453242E-4));
#2833=AXIS2_PLACEMENT_3D('',#2830,#2831,#2832);
#2835=DIRECTION('',(8.642723256602E-1,5.010986344334E-1,4.397164616872E-2));
#2836=VECTOR('',#2835,9.918181567932E-1);
#2837=CARTESIAN_POINT('',(-1.042444806643E1,-4.370271950076E0,
-6.429085956256E0));
#2838=LINE('',#2837,#2836);
#2839=CARTESIAN_POINT('',(-9.567247081425E0,-3.873273226101E0,
-6.385474079202E0));
#2840=CARTESIAN_POINT('',(-9.542612682337E0,-3.857947251493E0,
-6.384129217560E0));
#2841=CARTESIAN_POINT('',(-9.499137043519E0,-3.816500185617E0,
-6.380492217596E0));
#2842=CARTESIAN_POINT('',(-9.456440414730E0,-3.740222604073E0,
-6.373798823131E0));
#2843=CARTESIAN_POINT('',(-9.444282632608E0,-3.681742347975E0,
-6.368667152532E0));
#2844=CARTESIAN_POINT('',(-9.444376576170E0,-3.653083360926E0,
-6.366152312636E0));
#2846=DIRECTION('',(-3.266475204801E-3,9.961667049037E-1,8.741410744879E-2));
#2847=VECTOR('',#2846,2.174834586654E0);
#2848=CARTESIAN_POINT('',(-9.444376576170E0,-3.653083360926E0,
-6.366152312636E0));
#2849=LINE('',#2848,#2847);
#2850=CARTESIAN_POINT('',(-9.451480619422E0,-1.486585557028E0,
-6.176041088394E0));
#2851=CARTESIAN_POINT('',(-9.451587510305E0,-1.453992847801E0,
-6.173181062485E0));
#2852=CARTESIAN_POINT('',(-9.478724824210E0,-1.388322934693E0,
-6.167418496027E0));
#2853=CARTESIAN_POINT('',(-9.536723455985E0,-1.331139696459E0,
-6.162400639370E0));
#2854=CARTESIAN_POINT('',(-9.590231407072E0,-1.303955199459E0,
-6.160015186684E0));
#2855=CARTESIAN_POINT('',(-9.621706518241E0,-1.295418884743E0,
-6.159266120962E0));
#2856=CARTESIAN_POINT('',(-9.638028520659E0,-1.293830365259E0,
-6.159126727614E0));
#2857=CARTESIAN_POINT('',(-9.646198522725E0,-1.293856968437E0,
-6.159129062055E0));
#2859=DIRECTION('',(-9.999946573763E-1,-3.256312287698E-3,-2.857429696057E-4));
#2860=VECTOR('',#2859,9.777795776274E-1);
#2861=CARTESIAN_POINT('',(-9.646198522725E0,-1.293856968437E0,
-6.159129062055E0));
#2862=LINE('',#2861,#2860);
#2863=CARTESIAN_POINT('',(-1.062397287644E1,-1.297040924091E0,
-6.159408455695E0));
#2864=CARTESIAN_POINT('',(-1.063214772696E1,-1.297067544620E0,
-6.159410791660E0));
#2865=CARTESIAN_POINT('',(-1.064846860105E1,-1.298764010126E0,
-6.159559657324E0));
#2866=CARTESIAN_POINT('',(-1.067990460816E1,-1.307514037966E0,
-6.160327476475E0));
#2867=CARTESIAN_POINT('',(-1.073324205325E1,-1.335063621591E0,
-6.162744965688E0));
#2868=CARTESIAN_POINT('',(-1.079085282284E1,-1.392627234351E0,
-6.167796200392E0));
#2869=CARTESIAN_POINT('',(-1.081753952202E1,-1.458458719608E0,
-6.173572944884E0));
#2870=CARTESIAN_POINT('',(-1.081743270574E1,-1.491033684515E0,
-6.176431413721E0));
#2872=DIRECTION('',(3.266855924740E-3,-9.961667036648E-1,-8.741410733997E-2));
#2873=VECTOR('',#2872,1.424389337781E0);
#2874=CARTESIAN_POINT('',(-1.081743270574E1,-1.491033684515E0,
-6.176431413721E0));
#2875=LINE('',#2874,#2873);
#2876=CARTESIAN_POINT('',(-1.081277943099E1,-2.909962915868E0,
-6.300943136188E0));
#2877=CARTESIAN_POINT('',(-1.081260275574E1,-2.963834594696E0,
-6.305670401914E0));
#2878=CARTESIAN_POINT('',(-1.084853545932E1,-3.070846280512E0,
-6.315060728810E0));
#2879=CARTESIAN_POINT('',(-1.096469641861E1,-3.152323368278E0,
-6.322210382447E0));
#2880=CARTESIAN_POINT('',(-1.107218863103E1,-3.171481983015E0,
-6.323891560104E0));
#2881=CARTESIAN_POINT('',(-1.115782938637E1,-3.171987108676E0,
-6.323935885124E0));
#2882=CARTESIAN_POINT('',(-1.124262952558E1,-3.170379243600E0,
-6.323794794190E0));
#2883=CARTESIAN_POINT('',(-1.134643834810E1,-3.150096714855E0,
-6.322014992538E0));
#2884=CARTESIAN_POINT('',(-1.145650471885E1,-3.067820950442E0,
-6.314795254641E0));
#2885=CARTESIAN_POINT('',(-1.149134511981E1,-2.964929591125E0,
-6.305766488377E0));
#2886=CARTESIAN_POINT('',(-1.149151821340E1,-2.912173127045E0,
-6.301137083281E0));
#2888=DIRECTION('',(-3.267462452894E-3,9.961667016907E-1,8.741410716666E-2));
#2889=VECTOR('',#2888,1.424389336065E0);
#2890=CARTESIAN_POINT('',(-1.149151821340E1,-2.912173127045E0,
-6.301137083281E0));
#2891=LINE('',#2890,#2889);
#2892=CARTESIAN_POINT('',(-1.149617235208E1,-1.493243900213E0,
-6.176625361211E0));
#2893=CARTESIAN_POINT('',(-1.149627924298E1,-1.460651182587E0,
-6.173765334564E0));
#2894=CARTESIAN_POINT('',(-1.152341649982E1,-1.394981229823E0,
-6.168002764627E0));
#2895=CARTESIAN_POINT('',(-1.158141516273E1,-1.337797960173E0,
-6.162984905214E0));
#2896=CARTESIAN_POINT('',(-1.163492312427E1,-1.310613450769E0,
-6.160599451439E0));
#2897=CARTESIAN_POINT('',(-1.166639824611E1,-1.302077130773E0,
-6.159850385254E0));
#2898=CARTESIAN_POINT('',(-1.168272025239E1,-1.300488610413E0,
-6.159710991828E0));
#2899=CARTESIAN_POINT('',(-1.169089025787E1,-1.300515213804E0,
-6.159713326289E0));
#2901=DIRECTION('',(-9.999946573764E-1,-3.256312286851E-3,-2.857429694457E-4));
#2902=VECTOR('',#2901,9.778004265465E-1);
#2903=CARTESIAN_POINT('',(-1.169089025787E1,-1.300515213804E0,
-6.159713326289E0));
#2904=LINE('',#2903,#2902);
#2905=CARTESIAN_POINT('',(-1.266868546040E1,-1.303699237347E0,
-6.159992725886E0));
#2906=CARTESIAN_POINT('',(-1.267277333503E1,-1.303712548933E0,
-6.159993893984E0));
#2907=CARTESIAN_POINT('',(-1.268093881644E1,-1.304147641833E0,
-6.160032073596E0));
#2908=CARTESIAN_POINT('',(-1.269712533306E1,-1.306519836341E0,
-6.160240234805E0));
#2909=CARTESIAN_POINT('',(-1.272462648011E1,-1.314189532771E0,
-6.160913254355E0));
#2910=CARTESIAN_POINT('',(-1.277759921487E1,-1.341390159413E0,
-6.163300122424E0));
#2911=CARTESIAN_POINT('',(-1.283689567909E1,-1.401255008999E0,
-6.168553291767E0));
#2912=CARTESIAN_POINT('',(-1.286225215311E1,-1.465117029419E0,
-6.174157214772E0));
#2913=CARTESIAN_POINT('',(-1.286214553820E1,-1.497692001158E0,
-6.177015684208E0));
#2915=DIRECTION('',(3.266998454583E-3,-9.961667032009E-1,-8.741410729929E-2));
#2916=VECTOR('',#2915,2.174813586190E0);
#2917=CARTESIAN_POINT('',(-1.286214553820E1,-1.497692001158E0,
-6.177015684208E0));
#2918=LINE('',#2917,#2916);
#2919=CARTESIAN_POINT('',(-1.285504042558E1,-3.664168881389E0,
-6.367125072388E0));
#2920=CARTESIAN_POINT('',(-1.285494355652E1,-3.693705930709E0,
-6.369716962671E0));
#2921=CARTESIAN_POINT('',(-1.284166016049E1,-3.753735946491E0,
-6.374984625426E0));
#2922=CARTESIAN_POINT('',(-1.279645166584E1,-3.831157274431E0,
-6.381778384188E0));
#2923=CARTESIAN_POINT('',(-1.275063429211E1,-3.872334227073E0,
-6.385391681586E0));
#2924=CARTESIAN_POINT('',(-1.272490855780E1,-3.887020959744E0,
-6.386680449441E0));
#2926=DIRECTION('',(8.676426047165E-1,-4.952851778591E-1,-4.346151255792E-2));
#2927=VECTOR('',#2926,9.848702481284E-1);
#2928=CARTESIAN_POINT('',(-1.272490855780E1,-3.887020959744E0,
-6.386680449441E0));
#2929=LINE('',#2928,#2927);
#2930=CARTESIAN_POINT('',(-1.191016785764E1,-4.443957794405E0,
-6.435551924534E0));
#2931=DIRECTION('',(-1.073215590471E-13,8.741457380071E-2,-9.961720194260E-1));
#2932=DIRECTION('',(4.971875157482E-1,8.643217935383E-1,7.584465306734E-2));
#2933=AXIS2_PLACEMENT_3D('',#2930,#2931,#2932);
#2935=DIRECTION('',(3.266998455208E-3,-9.961667032009E-1,-8.741410729929E-2));
#2936=VECTOR('',#2935,5.987120958728E-1);
#2937=CARTESIAN_POINT('',(-1.183016891537E1,-4.443697395599E0,
-6.435529074413E0));
#2938=LINE('',#2937,#2936);
#2939=CARTESIAN_POINT('',(-1.182821292388E1,-5.040114450311E0,
-6.487864957803E0));
#2940=CARTESIAN_POINT('',(-1.182810604785E1,-5.072702800066E0,
-6.490724601167E0));
#2941=CARTESIAN_POINT('',(-1.180096950074E1,-5.138366664092E0,
-6.496486636817E0));
#2942=CARTESIAN_POINT('',(-1.174297122668E1,-5.195542064201E0,
-6.501503805673E0));
#2943=CARTESIAN_POINT('',(-1.168946380604E1,-5.222724451305E0,
-6.503889073215E0));
#2944=CARTESIAN_POINT('',(-1.165798772373E1,-5.231260485900E0,
-6.504638114356E0));
#2945=CARTESIAN_POINT('',(-1.164166529905E1,-5.232848899638E0,
-6.504777498425E0));
#2946=CARTESIAN_POINT('',(-1.163349508274E1,-5.232822348181E0,
-6.504775168522E0));
#2948=DIRECTION('',(9.999946572881E-1,3.256339169208E-3,2.857453283117E-4));
#2949=VECTOR('',#2948,9.778004241769E-1);
#2950=CARTESIAN_POINT('',(-1.163349508274E1,-5.232822348181E0,
-6.504775168522E0));
#2951=LINE('',#2950,#2949);
#2952=DIRECTION('',(-3.266998455824E-3,9.961667032009E-1,8.741410729932E-2));
#2953=VECTOR('',#2952,5.985516788679E-1);
#2954=CARTESIAN_POINT('',(-1.046225018588E1,-5.000700558247E0,
-6.885943445946E0));
#2955=LINE('',#2954,#2953);
#2956=DIRECTION('',(-4.165556788394E-12,8.741457532301E-2,-9.961720192924E-1));
#2957=VECTOR('',#2956,4.E-1);
#2958=CARTESIAN_POINT('',(-1.046420565329E1,-4.439409135743E0,
-6.435152777549E0));
#2959=LINE('',#2958,#2957);
#2960=DIRECTION('',(2.539914945032E-9,-8.741457232920E-2,9.961720195551E-1));
#2961=VECTOR('',#2960,4.000000000001E-1);
#2962=CARTESIAN_POINT('',(-1.042444806744E1,-4.335306121145E0,
-6.827554764078E0));
#2963=LINE('',#2962,#2961);
#2964=DIRECTION('',(6.132871988030E-12,8.741457380538E-2,-9.961720194256E-1));
#2965=VECTOR('',#2964,4.E-1);
#2966=CARTESIAN_POINT('',(-9.567247081425E0,-3.873273226101E0,
-6.385474079202E0));
#2967=LINE('',#2966,#2965);
#2968=DIRECTION('',(2.271072219175E-11,8.741456704309E-2,-9.961720200190E-1));
#2969=VECTOR('',#2968,3.999999999996E-1);
#2970=CARTESIAN_POINT('',(-9.444376576170E0,-3.653083360926E0,
-6.366152312636E0));
#2971=LINE('',#2970,#2969);
#2972=DIRECTION('',(-3.266475204798E-3,9.961667049037E-1,8.741410744867E-2));
#2973=VECTOR('',#2972,2.174834586652E0);
#2974=CARTESIAN_POINT('',(-9.444376576161E0,-3.618117534109E0,
-6.764621120643E0));
#2975=LINE('',#2974,#2973);
#2976=DIRECTION('',(2.273736754433E-11,8.741456703875E-2,-9.961720200193E-1));
#2977=VECTOR('',#2976,3.999999999999E-1);
#2978=CARTESIAN_POINT('',(-9.451480619422E0,-1.486585557028E0,
-6.176041088394E0));
#2979=LINE('',#2978,#2977);
#2980=DIRECTION('',(1.998841980823E-8,8.741457386586E-2,-9.961720194203E-1));
#2981=VECTOR('',#2980,3.999999999998E-1);
#2982=CARTESIAN_POINT('',(-9.646198522725E0,-1.293856968437E0,
-6.159129062055E0));
#2983=LINE('',#2982,#2981);
#2984=DIRECTION('',(-9.999946573763E-1,-3.256312287706E-3,-2.857429695067E-4));
#2985=VECTOR('',#2984,9.777795816278E-1);
#2986=CARTESIAN_POINT('',(-9.646198514730E0,-1.258891138891E0,
-6.557597869823E0));
#2987=LINE('',#2986,#2985);
#2988=DIRECTION('',(9.987397575636E-9,8.741457383330E-2,-9.961720194231E-1));
#2989=VECTOR('',#2988,3.999999999997E-1);
#2990=CARTESIAN_POINT('',(-1.062397287644E1,-1.297040924091E0,
-6.159408455695E0));
#2991=LINE('',#2990,#2989);
#2992=DIRECTION('',(-4.166000877606E-11,8.741458734033E-2,-9.961720182379E-1));
#2993=VECTOR('',#2992,3.999999999998E-1);
#2994=CARTESIAN_POINT('',(-1.081743270574E1,-1.491033684515E0,
-6.176431413721E0));
#2995=LINE('',#2994,#2993);
#2996=DIRECTION('',(3.266855924744E-3,-9.961667036648E-1,-8.741410734001E-2));
#2997=VECTOR('',#2996,1.424389340503E0);
#2998=CARTESIAN_POINT('',(-1.081743270575E1,-1.456067849579E0,
-6.574900221016E0));
#2999=LINE('',#2998,#2997);
#3000=DIRECTION('',(-1.942446203885E-11,8.741458056197E-2,-9.961720188327E-1));
#3001=VECTOR('',#3000,3.999999999998E-1);
#3002=CARTESIAN_POINT('',(-1.081277943099E1,-2.909962915868E0,
-6.300943136188E0));
#3003=LINE('',#3002,#3001);
#3004=DIRECTION('',(4.149569576839E-11,8.741456031995E-2,-9.961720206089E-1));
#3005=VECTOR('',#3004,4.E-1);
#3006=CARTESIAN_POINT('',(-1.149151821340E1,-2.912173127045E0,
-6.301137083281E0));
#3007=LINE('',#3006,#3005);
#3008=DIRECTION('',(-3.267462452899E-3,9.961667016907E-1,8.741410716665E-2));
#3009=VECTOR('',#3008,1.424389338768E0);
#3010=CARTESIAN_POINT('',(-1.149151821339E1,-2.877207302917E0,
-6.699605891525E0));
#3011=LINE('',#3010,#3009);
#3012=DIRECTION('',(1.939781668625E-11,8.741456705001E-2,-9.961720200184E-1));
#3013=VECTOR('',#3012,4.E-1);
#3014=CARTESIAN_POINT('',(-1.149617235208E1,-1.493243900213E0,
-6.176625361211E0));
#3015=LINE('',#3014,#3013);
#3016=DIRECTION('',(1.330680454714E-8,8.741457384360E-2,-9.961720194222E-1));
#3017=VECTOR('',#3016,4.000000000001E-1);
#3018=CARTESIAN_POINT('',(-1.169089025787E1,-1.300515213804E0,
-6.159713326289E0));
#3019=LINE('',#3018,#3017);
#3020=DIRECTION('',(-9.999946573764E-1,-3.256312286837E-3,-2.857429696124E-4));
#3021=VECTOR('',#3020,9.778004318692E-1);
#3022=CARTESIAN_POINT('',(-1.169089025255E1,-1.265549384267E0,
-6.558182134058E0));
#3023=LINE('',#3022,#3021);
#3024=DIRECTION('',(0.E0,-8.741457380057E-2,9.961720194260E-1));
#3025=VECTOR('',#3024,4.E-1);
#3026=CARTESIAN_POINT('',(-1.286214553820E1,-1.462726171637E0,
-6.575484491979E0));
#3027=LINE('',#3026,#3025);
#3028=DIRECTION('',(-5.329070518197E-14,8.741457380027E-2,-9.961720194260E-1));
#3029=VECTOR('',#3028,4.000000000003E-1);
#3030=CARTESIAN_POINT('',(-1.266868546040E1,-1.303699237347E0,
-6.159992725886E0));
#3031=LINE('',#3030,#3029);
#3032=DIRECTION('',(3.266998454583E-3,-9.961667032009E-1,-8.741410729920E-2));
#3033=VECTOR('',#3032,2.174813586190E0);
#3034=CARTESIAN_POINT('',(-1.286214553820E1,-1.462726171637E0,
-6.575484491979E0));
#3035=LINE('',#3034,#3033);
#3036=DIRECTION('',(0.E0,8.741457380058E-2,-9.961720194260E-1));
#3037=VECTOR('',#3036,3.999999999998E-1);
#3038=CARTESIAN_POINT('',(-1.285504042558E1,-3.664168881389E0,
-6.367125072388E0));
#3039=LINE('',#3038,#3037);
#3040=DIRECTION('',(-7.722711359291E-12,-8.741457379214E-2,9.961720194267E-1));
#3041=VECTOR('',#3040,4.000000000001E-1);
#3042=CARTESIAN_POINT('',(-1.272490855780E1,-3.852055130227E0,
-6.785149257212E0));
#3043=LINE('',#3042,#3041);
#3044=DIRECTION('',(4.404623332732E-9,8.741457128227E-2,-9.961720196470E-1));
#3045=VECTOR('',#3044,4.E-1);
#3046=CARTESIAN_POINT('',(-1.187039317041E1,-4.374812595756E0,
-6.429484400098E0));
#3047=LINE('',#3046,#3045);
#3048=DIRECTION('',(1.625366508053E-11,-8.741457730565E-2,9.961720191184E-1));
#3049=VECTOR('',#3048,3.999999999996E-1);
#3050=CARTESIAN_POINT('',(-1.183016891538E1,-4.408731564677E0,
-6.833997882060E0));
#3051=LINE('',#3050,#3049);
#3052=DIRECTION('',(3.266998455210E-3,-9.961667032009E-1,-8.741410729956E-2));
#3053=VECTOR('',#3052,5.987120963890E-1);
#3054=CARTESIAN_POINT('',(-1.183016891538E1,-4.408731564677E0,
-6.833997882060E0));
#3055=LINE('',#3054,#3053);
#3056=DIRECTION('',(-1.203481758694E-11,8.741457602004E-2,-9.961720192312E-1));
#3057=VECTOR('',#3056,3.999999999998E-1);
#3058=CARTESIAN_POINT('',(-1.182821292388E1,-5.040114450311E0,
-6.487864957803E0));
#3059=LINE('',#3058,#3057);
#3060=DIRECTION('',(1.243449787580E-13,-8.741457380129E-2,9.961720194259E-1));
#3061=VECTOR('',#3060,3.999999999999E-1);
#3062=CARTESIAN_POINT('',(-1.163349508274E1,-5.197856518660E0,
-6.903243976292E0));
#3063=LINE('',#3062,#3061);
#3064=DIRECTION('',(-1.426184059739E-8,8.741457375390E-2,-9.961720194301E-1));
#3065=VECTOR('',#3064,3.999999999998E-1);
#3066=CARTESIAN_POINT('',(-8.562184216922E0,-5.222821038214E0,
-6.503897548762E0));
#3067=LINE('',#3066,#3065);
#3068=DIRECTION('',(9.999946573776E-1,3.256311904862E-3,2.857429359861E-4));
#3069=VECTOR('',#3068,9.777899843992E-1);
#3070=CARTESIAN_POINT('',(-8.562184222627E0,-5.187855208712E0,
-6.902366356534E0));
#3071=LINE('',#3070,#3069);
#3072=DIRECTION('',(-3.531397396728E-11,8.741458465228E-2,-9.961720184738E-1));
#3073=VECTOR('',#3072,4.E-1);
#3074=CARTESIAN_POINT('',(-8.756912502231E0,-5.030113207455E0,
-6.486987343933E0));
#3075=LINE('',#3074,#3073);
#3076=DIRECTION('',(-4.718891943865E-11,8.741458827298E-2,-9.961720181560E-1));
#3077=VECTOR('',#3076,4.000000000002E-1);
#3078=CARTESIAN_POINT('',(-8.76854097E0,-1.484320129277E0,-6.175842296020E0));
#3079=LINE('',#3078,#3077);
#3080=DIRECTION('',(3.266939764085E-3,-9.961667033919E-1,-8.741410731602E-2));
#3081=VECTOR('',#3080,3.559437459166E0);
#3082=CARTESIAN_POINT('',(-8.768540970019E0,-1.449354293968E0,
-6.574311103282E0));
#3083=LINE('',#3082,#3081);
#3084=DIRECTION('',(1.069668353892E-8,8.741457383521E-2,-9.961720194230E-1));
#3085=VECTOR('',#3084,4.000000000003E-1);
#3086=CARTESIAN_POINT('',(-8.575081039866E0,-1.290348188976E0,
-6.158821164970E0));
#3087=LINE('',#3086,#3085);
#3088=DIRECTION('',(1.426142315352E-8,8.741457384682E-2,-9.961720194219E-1));
#3089=VECTOR('',#3088,4.000000000001E-1);
#3090=CARTESIAN_POINT('',(-7.597306726024E0,-1.287164233678E0,
-6.158541771361E0));
#3091=LINE('',#3090,#3089);
#3092=DIRECTION('',(-9.999946573771E-1,-3.256312058058E-3,-2.857429493190E-4));
#3093=VECTOR('',#3092,9.777795391752E-1);
#3094=CARTESIAN_POINT('',(-7.597306720320E0,-1.252198404139E0,
-6.557010579130E0));
#3095=LINE('',#3094,#3093);
#3096=DIRECTION('',(2.351896455367E-11,8.741456656416E-2,-9.961720200610E-1));
#3097=VECTOR('',#3096,3.999999999999E-1);
#3098=CARTESIAN_POINT('',(-7.402588888948E0,-1.479872101758E0,
-6.175451979466E0));
#3099=LINE('',#3098,#3097);
#3100=DIRECTION('',(4.726441460435E-11,8.741455932595E-2,-9.961720206961E-1));
#3101=VECTOR('',#3100,4.E-1);
#3102=CARTESIAN_POINT('',(-7.399189536812E0,-2.516201473144E0,
-6.266390380214E0));
#3103=LINE('',#3102,#3101);
#3104=DIRECTION('',(-3.267611144790E-3,9.961667012067E-1,8.741410712426E-2));
#3105=VECTOR('',#3104,1.040317221029E0);
#3106=CARTESIAN_POINT('',(-7.399189536793E0,-2.481235649414E0,
-6.664859188492E0));
#3107=LINE('',#3106,#3105);
#3108=DIRECTION('',(-2.440714297335E-11,8.741458104736E-2,-9.961720187901E-1));
#3109=VECTOR('',#3108,4.000000000001E-1);
#3110=CARTESIAN_POINT('',(-6.720440282858E0,-2.513991219768E0,
-6.266196429417E0));
#3111=LINE('',#3110,#3109);
#3112=DIRECTION('',(-2.440492252730E-11,8.741458104603E-2,-9.961720187902E-1));
#3113=VECTOR('',#3112,4.000000000001E-1);
#3114=CARTESIAN_POINT('',(-6.723838800580E0,-1.477661852243E0,
-6.175258029008E0));
#3115=LINE('',#3114,#3113);
#3116=DIRECTION('',(3.266809089073E-3,-9.961667038172E-1,-8.741410735347E-2));
#3117=VECTOR('',#3116,1.040317211520E0);
#3118=CARTESIAN_POINT('',(-6.723838800590E0,-1.442696019825E0,
-6.573726836524E0));
#3119=LINE('',#3118,#3117);
#3120=DIRECTION('',(1.003641614261E-12,8.741457380039E-2,-9.961720194260E-1));
#3121=VECTOR('',#3120,3.999999999999E-1);
#3122=CARTESIAN_POINT('',(-6.530389300041E0,-1.283689943603E0,
-6.158236900737E0));
#3123=LINE('',#3122,#3121);
#3124=DIRECTION('',(9.999946573776E-1,3.256311904825E-3,2.857429361571E-4));
#3125=VECTOR('',#3124,9.777899786945E-1);
#3126=CARTESIAN_POINT('',(-8.562184216922E0,-5.222821038214E0,
-6.503897548762E0));
#3127=LINE('',#3126,#3125);
#3128=CARTESIAN_POINT('',(-7.584399462190E0,-5.219637049066E0,
-6.503618152183E0));
#3129=CARTESIAN_POINT('',(-7.576224392206E0,-5.219610428133E0,
-6.503615816183E0));
#3130=CARTESIAN_POINT('',(-7.559903074168E0,-5.217914027045E0,
-6.503466956172E0));
#3131=CARTESIAN_POINT('',(-7.528466072532E0,-5.209164287430E0,
-6.502699162312E0));
#3132=CARTESIAN_POINT('',(-7.475129188245E0,-5.181616830563E0,
-6.500281859724E0));
#3133=CARTESIAN_POINT('',(-7.417518768478E0,-5.124061109329E0,
-6.495231317505E0));
#3134=CARTESIAN_POINT('',(-7.390832714039E0,-5.058235746464E0,
-6.489455110256E0));
#3135=CARTESIAN_POINT('',(-7.390939512372E0,-5.025665106797E0,
-6.486597020960E0));
#3137=DIRECTION('',(-3.266809891852E-3,9.961667038146E-1,8.741410735294E-2));
#3138=VECTOR('',#3137,1.040317211621E0);
#3139=CARTESIAN_POINT('',(-7.390939512372E0,-5.025665106797E0,
-6.486597020960E0));
#3140=LINE('',#3139,#3138);
#3141=CARTESIAN_POINT('',(-7.394338030930E0,-3.989335739176E0,
-6.395658620543E0));
#3142=CARTESIAN_POINT('',(-7.394514710025E0,-3.935462871662E0,
-6.390931250509E0));
#3143=CARTESIAN_POINT('',(-7.358584233071E0,-3.828449160136E0,
-6.381540745856E0));
#3144=CARTESIAN_POINT('',(-7.242426068804E0,-3.746962957331E0,
-6.374390292371E0));
#3145=CARTESIAN_POINT('',(-7.134931974137E0,-3.727797485302E0,
-6.372708512982E0));
#3146=CARTESIAN_POINT('',(-7.049289055900E0,-3.727289953888E0,
-6.372663976857E0));
#3147=CARTESIAN_POINT('',(-6.964486691669E0,-3.728900523344E0,
-6.372805305100E0));
#3148=CARTESIAN_POINT('',(-6.860675751469E0,-3.749189750598E0,
-6.374585694550E0));
#3149=CARTESIAN_POINT('',(-6.750610989007E0,-3.831473582133E0,
-6.381806140341E0));
#3150=CARTESIAN_POINT('',(-6.715772345807E0,-3.934367720926E0,
-6.390835150505E0));
#3151=CARTESIAN_POINT('',(-6.715599224215E0,-3.987125519121E0,
-6.395464672670E0));
#3153=DIRECTION('',(3.267610466222E-3,-9.961667012089E-1,-8.741410712443E-2));
#3154=VECTOR('',#3153,1.040317221685E0);
#3155=CARTESIAN_POINT('',(-6.715599224215E0,-3.987125519121E0,
-6.395464672670E0));
#3156=LINE('',#3155,#3154);
#3157=CARTESIAN_POINT('',(-6.712199872774E0,-5.023454894058E0,
-6.486403073730E0));
#3158=CARTESIAN_POINT('',(-6.712092997139E0,-5.056042806320E0,
-6.489262678704E0));
#3159=CARTESIAN_POINT('',(-6.684955345503E0,-5.121707165865E0,
-6.495024757834E0));
#3160=CARTESIAN_POINT('',(-6.626954140943E0,-5.178881703542E0,
-6.500041851013E0));
#3161=CARTESIAN_POINT('',(-6.573444098630E0,-5.206064509010E0,
-6.502427155266E0));
#3162=CARTESIAN_POINT('',(-6.541965855046E0,-5.214600827463E0,
-6.503176221316E0));
#3163=CARTESIAN_POINT('',(-6.525642343557E0,-5.216189330609E0,
-6.503315613230E0));
#3164=CARTESIAN_POINT('',(-6.517471587465E0,-5.216162724812E0,
-6.503313278559E0));
#3166=DIRECTION('',(9.999946573776E-1,3.256311899630E-3,2.857429350429E-4));
#3167=VECTOR('',#3166,9.777795376503E-1);
#3168=CARTESIAN_POINT('',(-6.517471587465E0,-5.216162724812E0,
-6.503313278559E0));
#3169=LINE('',#3168,#3167);
#3170=CARTESIAN_POINT('',(-5.539697273721E0,-5.212978769669E0,
-6.503033884964E0));
#3171=CARTESIAN_POINT('',(-5.531522752354E0,-5.212952150190E0,
-6.503031549092E0));
#3172=CARTESIAN_POINT('',(-5.515202533291E0,-5.211255808231E0,
-6.502882694270E0));
#3173=CARTESIAN_POINT('',(-5.483767712678E0,-5.202506395715E0,
-6.502114929113E0));
#3174=CARTESIAN_POINT('',(-5.430433423116E0,-5.174959364975E0,
-6.499697663918E0));
#3175=CARTESIAN_POINT('',(-5.372825928986E0,-5.117402798173E0,
-6.494647047499E0));
#3176=CARTESIAN_POINT('',(-5.346140981161E0,-5.051577921791E0,
-6.488870882939E0));
#3177=CARTESIAN_POINT('',(-5.346247792720E0,-5.019006863693E0,
-6.486012756926E0));
#3179=DIRECTION('',(-3.266939514135E-3,9.961667033927E-1,8.741410731617E-2));
#3180=VECTOR('',#3179,3.559437457712E0);
#3181=CARTESIAN_POINT('',(-5.346247792720E0,-5.019006863693E0,
-6.486012756926E0));
#3182=LINE('',#3181,#3180);
#3183=CARTESIAN_POINT('',(-5.357876259599E0,-1.473213785511E0,
-6.174867709012E0));
#3184=CARTESIAN_POINT('',(-5.357983136662E0,-1.440625437307E0,
-6.172008065785E0));
#3185=CARTESIAN_POINT('',(-5.385119683832E0,-1.374961576048E0,
-6.166246030380E0));
#3186=CARTESIAN_POINT('',(-5.443117955990E0,-1.317786183104E0,
-6.161228862151E0));
#3187=CARTESIAN_POINT('',(-5.496625377740E0,-1.290603783999E0,
-6.158843593557E0));
#3188=CARTESIAN_POINT('',(-5.528101455854E0,-1.282067768597E0,
-6.158094554099E0));
#3189=CARTESIAN_POINT('',(-5.544423882582E0,-1.280479316247E0,
-6.157955166642E0));
#3190=CARTESIAN_POINT('',(-5.552594096566E0,-1.280505920283E0,
-6.157957501159E0));
#3192=DIRECTION('',(-9.999946573771E-1,-3.256312055793E-3,-2.857429493952E-4));
#3193=VECTOR('',#3192,9.778004274936E-1);
#3194=CARTESIAN_POINT('',(-5.552594096566E0,-1.280505920283E0,
-6.157957501159E0));
#3195=LINE('',#3194,#3193);
#3196=CARTESIAN_POINT('',(-6.530389300041E0,-1.283689943603E0,
-6.158236900737E0));
#3197=CARTESIAN_POINT('',(-6.538563823037E0,-1.283716562764E0,
-6.158239236581E0));
#3198=CARTESIAN_POINT('',(-6.554884046891E0,-1.285412904657E0,
-6.158388091398E0));
#3199=CARTESIAN_POINT('',(-6.586318867602E0,-1.294162317686E0,
-6.159155856599E0));
#3200=CARTESIAN_POINT('',(-6.639653158136E0,-1.321709348510E0,
-6.161573121802E0));
#3201=CARTESIAN_POINT('',(-6.697260652557E0,-1.379265917127E0,
-6.166623738379E0));
#3202=CARTESIAN_POINT('',(-6.723945600211E0,-1.445090792927E0,
-6.172399902888E0));
#3203=CARTESIAN_POINT('',(-6.723838800580E0,-1.477661852243E0,
-6.175258029008E0));
#3205=DIRECTION('',(3.266809089072E-3,-9.961667038172E-1,-8.741410735344E-2));
#3206=VECTOR('',#3205,1.040317211520E0);
#3207=CARTESIAN_POINT('',(-6.723838800580E0,-1.477661852243E0,
-6.175258029008E0));
#3208=LINE('',#3207,#3206);
#3209=CARTESIAN_POINT('',(-6.720440282858E0,-2.513991219768E0,
-6.266196429417E0));
#3210=CARTESIAN_POINT('',(-6.720263606208E0,-2.567863341466E0,
-6.270923734005E0));
#3211=CARTESIAN_POINT('',(-6.756200867883E0,-2.674876561805E0,
-6.280314195557E0));
#3212=CARTESIAN_POINT('',(-6.872365430336E0,-2.756352333751E0,
-6.287463733729E0));
#3213=CARTESIAN_POINT('',(-6.979861263879E0,-2.775510679270E0,
-6.289144887763E0));
#3214=CARTESIAN_POINT('',(-7.065503283389E0,-2.776015461257E0,
-6.289189182625E0));
#3215=CARTESIAN_POINT('',(-7.150303717472E0,-2.774407101791E0,
-6.289048048308E0));
#3216=CARTESIAN_POINT('',(-7.254111546461E0,-2.754124089321E0,
-6.287268204210E0));
#3217=CARTESIAN_POINT('',(-7.364176483481E0,-2.671848223878E0,
-6.280048457447E0));
#3218=CARTESIAN_POINT('',(-7.399016420417E0,-2.568957654680E0,
-6.271019760516E0));
#3219=CARTESIAN_POINT('',(-7.399189536812E0,-2.516201473144E0,
-6.266390380214E0));
#3221=DIRECTION('',(-3.267611144786E-3,9.961667012067E-1,8.741410712420E-2));
#3222=VECTOR('',#3221,1.040317218123E0);
#3223=CARTESIAN_POINT('',(-7.399189536812E0,-2.516201473144E0,
-6.266390380214E0));
#3224=LINE('',#3223,#3222);
#3225=CARTESIAN_POINT('',(-7.402588888948E0,-1.479872101758E0,
-6.175451979466E0));
#3226=CARTESIAN_POINT('',(-7.402695765583E0,-1.447283752845E0,
-6.172592336176E0));
#3227=CARTESIAN_POINT('',(-7.429832312802E0,-1.381619889598E0,
-6.166830300596E0));
#3228=CARTESIAN_POINT('',(-7.487830585382E0,-1.324444496479E0,
-6.161813132352E0));
#3229=CARTESIAN_POINT('',(-7.541338007200E0,-1.297262097339E0,
-6.159427863754E0));
#3230=CARTESIAN_POINT('',(-7.572814085317E0,-1.288726081971E0,
-6.158678824300E0));
#3231=CARTESIAN_POINT('',(-7.589136512042E0,-1.287137629642E0,
-6.158539436844E0));
#3232=CARTESIAN_POINT('',(-7.597306726024E0,-1.287164233678E0,
-6.158541771361E0));
#3234=DIRECTION('',(-9.999946573771E-1,-3.256312058075E-3,-2.857429491253E-4));
#3235=VECTOR('',#3234,9.777795377493E-1);
#3236=CARTESIAN_POINT('',(-7.597306726024E0,-1.287164233678E0,
-6.158541771361E0));
#3237=LINE('',#3236,#3235);
#3238=CARTESIAN_POINT('',(-8.575081039866E0,-1.290348188976E0,
-6.158821164970E0));
#3239=CARTESIAN_POINT('',(-8.583256108240E0,-1.290374810237E0,
-6.158823500998E0));
#3240=CARTESIAN_POINT('',(-8.599577421507E0,-1.292071211429E0,
-6.158972361019E0));
#3241=CARTESIAN_POINT('',(-8.631014423089E0,-1.300820950647E0,
-6.159740154842E0));
#3242=CARTESIAN_POINT('',(-8.684351306349E0,-1.328368407649E0,
-6.162157457444E0));
#3243=CARTESIAN_POINT('',(-8.741961726030E0,-1.385924127163E0,
-6.167207999511E0));
#3244=CARTESIAN_POINT('',(-8.768647780207E0,-1.451749490819E0,
-6.172984206831E0));
#3245=CARTESIAN_POINT('',(-8.76854097E0,-1.484320129277E0,-6.175842296020E0));
#3247=DIRECTION('',(3.266939764085E-3,-9.961667033919E-1,-8.741410731608E-2));
#3248=VECTOR('',#3247,3.559437457712E0);
#3249=CARTESIAN_POINT('',(-8.76854097E0,-1.484320129277E0,-6.175842296020E0));
#3250=LINE('',#3249,#3248);
#3251=CARTESIAN_POINT('',(-8.756912502231E0,-5.030113207455E0,
-6.486987343933E0));
#3252=CARTESIAN_POINT('',(-8.756805626597E0,-5.062701119717E0,
-6.489846948907E0));
#3253=CARTESIAN_POINT('',(-8.729667974957E0,-5.128365479247E0,
-6.495609028036E0));
#3254=CARTESIAN_POINT('',(-8.671666770328E0,-5.185540016880E0,
-6.500626121210E0));
#3255=CARTESIAN_POINT('',(-8.618156728061E0,-5.212722822400E0,
-6.503011425468E0));
#3256=CARTESIAN_POINT('',(-8.586678484501E0,-5.221259140871E0,
-6.503760491520E0));
#3257=CARTESIAN_POINT('',(-8.570354973010E0,-5.222847644011E0,
-6.503899883434E0));
#3258=CARTESIAN_POINT('',(-8.562184216922E0,-5.222821038214E0,
-6.503897548762E0));
#3260=DIRECTION('',(-1.265654248073E-13,8.741457380039E-2,-9.961720194260E-1));
#3261=VECTOR('',#3260,4.E-1);
#3262=CARTESIAN_POINT('',(-7.584399462190E0,-5.219637049066E0,
-6.503618152183E0));
#3263=LINE('',#3262,#3261);
#3264=DIRECTION('',(2.352784633783E-11,8.741456655233E-2,-9.961720200620E-1));
#3265=VECTOR('',#3264,4.000000000004E-1);
#3266=CARTESIAN_POINT('',(-7.390939512372E0,-5.025665106797E0,
-6.486597020960E0));
#3267=LINE('',#3266,#3265);
#3268=DIRECTION('',(-3.266809891848E-3,9.961667038146E-1,8.741410735299E-2));
#3269=VECTOR('',#3268,1.040317211620E0);
#3270=CARTESIAN_POINT('',(-7.390939512363E0,-4.990699280177E0,
-6.885065828986E0));
#3271=LINE('',#3270,#3269);
#3272=DIRECTION('',(2.353894856808E-11,8.741456655151E-2,-9.961720200621E-1));
#3273=VECTOR('',#3272,4.000000000004E-1);
#3274=CARTESIAN_POINT('',(-7.394338030930E0,-3.989335739176E0,
-6.395658620543E0));
#3275=LINE('',#3274,#3273);
#3276=DIRECTION('',(-4.719336033075E-11,8.741458827226E-2,-9.961720181561E-1));
#3277=VECTOR('',#3276,4.000000000001E-1);
#3278=CARTESIAN_POINT('',(-6.715599224215E0,-3.987125519121E0,
-6.395464672670E0));
#3279=LINE('',#3278,#3277);
#3280=DIRECTION('',(3.267610466224E-3,-9.961667012089E-1,-8.741410712440E-2));
#3281=VECTOR('',#3280,1.040317223138E0);
#3282=CARTESIAN_POINT('',(-6.715599224234E0,-3.952159683812E0,
-6.793933479933E0));
#3283=LINE('',#3282,#3281);
#3284=DIRECTION('',(-3.532285575147E-11,8.741458465515E-2,-9.961720184735E-1));
#3285=VECTOR('',#3284,4.000000000001E-1);
#3286=CARTESIAN_POINT('',(-6.712199872774E0,-5.023454894058E0,
-6.486403073730E0));
#3287=LINE('',#3286,#3285);
#3288=DIRECTION('',(-1.426168516616E-8,8.741457375389E-2,-9.961720194301E-1));
#3289=VECTOR('',#3288,4.E-1);
#3290=CARTESIAN_POINT('',(-6.517471587465E0,-5.216162724812E0,
-6.503313278559E0));
#3291=LINE('',#3290,#3289);
#3292=DIRECTION('',(9.999946573776E-1,3.256311899617E-3,2.857429351928E-4));
#3293=VECTOR('',#3292,9.777795390768E-1);
#3294=CARTESIAN_POINT('',(-6.517471593169E0,-5.181196895311E0,
-6.901782086331E0));
#3295=LINE('',#3294,#3293);
#3296=DIRECTION('',(-1.069535571219E-8,8.741457376550E-2,-9.961720194291E-1));
#3297=VECTOR('',#3296,3.999999999999E-1);
#3298=CARTESIAN_POINT('',(-5.539697273721E0,-5.212978769669E0,
-6.503033884964E0));
#3299=LINE('',#3298,#3297);
#3300=DIRECTION('',(4.714673096374E-11,8.741455932643E-2,-9.961720206961E-1));
#3301=VECTOR('',#3300,3.999999999999E-1);
#3302=CARTESIAN_POINT('',(-5.346247792720E0,-5.019006863693E0,
-6.486012756926E0));
#3303=LINE('',#3302,#3301);
#3304=DIRECTION('',(-3.266939514135E-3,9.961667033927E-1,8.741410731613E-2));
#3305=VECTOR('',#3304,3.559437459166E0);
#3306=CARTESIAN_POINT('',(-5.346247792701E0,-4.984041039962E0,
-6.884481565205E0));
#3307=LINE('',#3306,#3305);
#3308=DIRECTION('',(3.527844683048E-11,8.741456294579E-2,-9.961720203785E-1));
#3309=VECTOR('',#3308,4.000000000001E-1);
#3310=CARTESIAN_POINT('',(-5.357876259599E0,-1.473213785511E0,
-6.174867709012E0));
#3311=LINE('',#3310,#3309);
#3312=DIRECTION('',(1.426161411189E-8,8.741457384688E-2,-9.961720194219E-1));
#3313=VECTOR('',#3312,4.E-1);
#3314=CARTESIAN_POINT('',(-5.552594096566E0,-1.280505920283E0,
-6.157957501159E0));
#3315=LINE('',#3314,#3313);
#3316=DIRECTION('',(-9.999946573771E-1,-3.256312055819E-3,-2.857429493632E-4));
#3317=VECTOR('',#3316,9.778004331979E-1);
#3318=CARTESIAN_POINT('',(-5.552594090862E0,-1.245540090744E0,
-6.556426308927E0));
#3319=LINE('',#3318,#3317);
#3320=DIRECTION('',(1.956212969389E-12,8.741457310612E-2,-9.961720194869E-1));
#3321=VECTOR('',#3320,4.000000000001E-1);
#3322=CARTESIAN_POINT('',(-4.667790599104E0,-3.637504193547E0,
-6.364785233205E0));
#3323=LINE('',#3322,#3321);
#3324=DIRECTION('',(4.440892098502E-13,-8.741457380051E-2,9.961720194260E-1));
#3325=VECTOR('',#3324,3.999999999999E-1);
#3326=CARTESIAN_POINT('',(-4.537665703178E0,-3.825357779646E0,
-6.782806551858E0));
#3327=LINE('',#3326,#3325);
#3328=DIRECTION('',(3.266998454142E-3,-9.961667032009E-1,-8.741410729926E-2));
#3329=VECTOR('',#3328,1.630678324916E0);
#3330=CARTESIAN_POINT('',(-4.673118022670E0,-1.978110913391E0,
-6.620709750935E0));
#3331=LINE('',#3330,#3329);
#3332=CARTESIAN_POINT('',(-4.667790599104E0,-3.637504193547E0,
-6.364785233205E0));
#3333=CARTESIAN_POINT('',(-4.667693748564E0,-3.667035608324E0,
-6.367376629054E0));
#3334=CARTESIAN_POINT('',(-4.654410868062E0,-3.727056209716E0,
-6.372643465693E0));
#3335=CARTESIAN_POINT('',(-4.609204133529E0,-3.804465813911E0,
-6.379436195690E0));
#3336=CARTESIAN_POINT('',(-4.563390035625E0,-3.845637719593E0,
-6.383049050215E0));
#3337=CARTESIAN_POINT('',(-4.537665703178E0,-3.860323609166E0,
-6.384337744088E0));
#3339=DIRECTION('',(8.676432373371E-1,-4.952840780985E-1,-4.346141605302E-2));
#3340=VECTOR('',#3339,8.924422584449E-1);
#3341=CARTESIAN_POINT('',(-4.537665703178E0,-3.860323609166E0,
-6.384337744088E0));
#3342=LINE('',#3341,#3340);
#3343=CARTESIAN_POINT('',(-3.763344212925E0,-4.302336050396E0,
-6.423124548385E0));
#3344=CARTESIAN_POINT('',(-3.737315084675E0,-4.317194912605E0,
-6.424428420690E0));
#3345=CARTESIAN_POINT('',(-3.682197127055E0,-4.342238408868E0,
-6.426625999532E0));
#3346=CARTESIAN_POINT('',(-3.609248817583E0,-4.361443128113E0,
-6.428311222882E0));
#3347=CARTESIAN_POINT('',(-3.549384616570E0,-4.369298669868E0,
-6.429000550449E0));
#3348=CARTESIAN_POINT('',(-3.519347057429E0,-4.370586562388E0,
-6.429113563637E0));
#3349=CARTESIAN_POINT('',(-3.504327485141E0,-4.370537517941E0,
-6.429109259963E0));
#3351=DIRECTION('',(9.999946572882E-1,3.256339158254E-3,2.857453272053E-4));
#3352=VECTOR('',#3351,8.036699539080E-1);
#3353=CARTESIAN_POINT('',(-3.504327485141E0,-4.370537517941E0,
-6.429109259963E0));
#3354=LINE('',#3353,#3352);
#3355=CARTESIAN_POINT('',(-2.700399927820E0,-4.447613452338E0,
-6.435872710275E0));
#3356=DIRECTION('',(-8.437694987163E-14,8.741457380051E-2,-9.961720194260E-1));
#3357=DIRECTION('',(-3.271566007920E-3,9.961666883254E-1,8.741410599387E-2));
#3358=AXIS2_PLACEMENT_3D('',#3355,#3356,#3357);
#3360=DIRECTION('',(3.266998836782E-3,-9.961667031997E-1,-8.741410729900E-2));
#3361=VECTOR('',#3360,5.649332282878E-1);
#3362=CARTESIAN_POINT('',(-2.620400734055E0,-4.447353190093E0,
-6.435849872138E0));
#3363=LINE('',#3362,#3361);
#3364=CARTESIAN_POINT('',(-2.618555097855E0,-5.010120861644E0,
-6.485233005972E0));
#3365=CARTESIAN_POINT('',(-2.618451103487E0,-5.042713974971E0,
-6.488093067342E0));
#3366=CARTESIAN_POINT('',(-2.591313403406E0,-5.108381799254E0,
-6.493855450505E0));
#3367=CARTESIAN_POINT('',(-2.533311007872E0,-5.165562197545E0,
-6.498873057955E0));
#3368=CARTESIAN_POINT('',(-2.479802100832E0,-5.192745224877E0,
-6.501258381677E0));
#3369=CARTESIAN_POINT('',(-2.448325150588E0,-5.201281504185E0,
-6.502007444292E0));
#3370=CARTESIAN_POINT('',(-2.432002275979E0,-5.202869959776E0,
-6.502146832034E0));
#3371=CARTESIAN_POINT('',(-2.423831834464E0,-5.202843407590E0,
-6.502144502067E0));
#3373=DIRECTION('',(9.999946572881E-1,3.256339169354E-3,2.857453283781E-4));
#3374=VECTOR('',#3373,9.777798242454E-1);
#3375=CARTESIAN_POINT('',(-2.423831834464E0,-5.202843407590E0,
-6.502144502067E0));
#3376=LINE('',#3375,#3374);
#3377=CARTESIAN_POINT('',(-1.446057234215E0,-5.199659424849E0,
-6.501865106050E0));
#3378=CARTESIAN_POINT('',(-1.437882486970E0,-5.199632804579E0,
-6.501862770108E0));
#3379=CARTESIAN_POINT('',(-1.421561812810E0,-5.197936415830E0,
-6.501713911180E0));
#3380=CARTESIAN_POINT('',(-1.390126124330E0,-5.189186762133E0,
-6.500946124859E0));
#3381=CARTESIAN_POINT('',(-1.336790348546E0,-5.161638967324E0,
-6.498528792616E0));
#3382=CARTESIAN_POINT('',(-1.279181254806E0,-5.104080805436E0,
-6.493478036229E0));
#3383=CARTESIAN_POINT('',(-1.252495568529E0,-5.038254102391E0,
-6.487701711378E0));
#3384=CARTESIAN_POINT('',(-1.252602381954E0,-5.005682147203E0,
-6.484843506645E0));
#3386=DIRECTION('',(-3.266929245077E-3,9.961667034261E-1,8.741410731904E-2));
#3387=VECTOR('',#3386,3.015270174277E0);
#3388=CARTESIAN_POINT('',(-1.252602381954E0,-5.005682147203E0,
-6.484843506645E0));
#3389=LINE('',#3388,#3387);
#3390=CARTESIAN_POINT('',(-1.262453056268E0,-2.001970397754E0,
-6.221266356035E0));
#3391=CARTESIAN_POINT('',(-1.262551188732E0,-1.972048192785E0,
-6.218640668158E0));
#3392=CARTESIAN_POINT('',(-1.276202968853E0,-1.911261308262E0,
-6.213306589807E0));
#3393=CARTESIAN_POINT('',(-1.322346851473E0,-1.833174306075E0,
-6.206454417810E0));
#3394=CARTESIAN_POINT('',(-1.369162122949E0,-1.791970419109E0,
-6.202838756913E0));
#3395=CARTESIAN_POINT('',(-1.395165468058E0,-1.777173967893E0,
-6.201540361202E0));
#3397=DIRECTION('',(-8.678740068728E-1,4.948826869950E-1,4.342619379097E-2));
#3398=VECTOR('',#3397,8.891995156814E-1);
#3399=CARTESIAN_POINT('',(-1.395165468058E0,-1.777173967893E0,
-6.201540361202E0));
#3400=LINE('',#3399,#3398);
#3401=CARTESIAN_POINT('',(-2.166878614642E0,-1.337124522298E0,
-6.162925810715E0));
#3402=CARTESIAN_POINT('',(-2.192927685205E0,-1.322255032769E0,
-6.161621005858E0));
#3403=CARTESIAN_POINT('',(-2.248065797657E0,-1.297197283353E0,
-6.159422176295E0));
#3404=CARTESIAN_POINT('',(-2.321025757168E0,-1.277971896020E0,
-6.157735139311E0));
#3405=CARTESIAN_POINT('',(-2.380870051411E0,-1.270113323149E0,
-6.157045545762E0));
#3406=CARTESIAN_POINT('',(-2.410889671742E0,-1.268825208470E0,
-6.156932513079E0));
#3407=CARTESIAN_POINT('',(-2.425898062644E0,-1.268874080780E0,
-6.156936801648E0));
#3409=DIRECTION('',(-9.999946572993E-1,-3.256335773077E-3,-2.857450300436E-4));
#3410=VECTOR('',#3409,1.088598250230E0);
#3411=CARTESIAN_POINT('',(-2.425898062644E0,-1.268874080780E0,
-6.156936801648E0));
#3412=LINE('',#3411,#3410);
#3413=CARTESIAN_POINT('',(-3.514490496820E0,-1.272418922205E0,
-6.157247863188E0));
#3414=CARTESIAN_POINT('',(-3.529496177094E0,-1.272467786056E0,
-6.157252151014E0));
#3415=CARTESIAN_POINT('',(-3.559501159814E0,-1.273952631215E0,
-6.157382446891E0));
#3416=CARTESIAN_POINT('',(-3.619286018257E0,-1.282204691136E0,
-6.158106569118E0));
#3417=CARTESIAN_POINT('',(-3.692118926294E0,-1.301907142238E0,
-6.159835468678E0));
#3418=CARTESIAN_POINT('',(-3.747093785036E0,-1.327327756675E0,
-6.162066139820E0));
#3419=CARTESIAN_POINT('',(-3.773049402411E0,-1.342367454883E0,
-6.163385880571E0));
#3421=DIRECTION('',(-8.644055430986E-1,-5.008705532477E-1,-4.395163193473E-2));
#3422=VECTOR('',#3421,8.924109048925E-1);
#3423=CARTESIAN_POINT('',(-3.773049402411E0,-1.342367454883E0,
-6.163385880571E0));
#3424=LINE('',#3423,#3422);
#3425=CARTESIAN_POINT('',(-4.544454335322E0,-1.789349798541E0,
-6.202608796198E0));
#3426=CARTESIAN_POINT('',(-4.570083914430E0,-1.804199846217E0,
-6.203911895023E0));
#3427=CARTESIAN_POINT('',(-4.615629302722E0,-1.845677866629E0,
-6.207551611263E0));
#3428=CARTESIAN_POINT('',(-4.660327213751E0,-1.923404562180E0,
-6.214372166179E0));
#3429=CARTESIAN_POINT('',(-4.673213651688E0,-1.983531448882E0,
-6.219648329404E0));
#3430=CARTESIAN_POINT('',(-4.673118022670E0,-2.013076742912E0,
-6.222240943165E0));
#3432=DIRECTION('',(3.266998454142E-3,-9.961667032009E-1,-8.741410729932E-2));
#3433=VECTOR('',#3432,1.630678324637E0);
#3434=CARTESIAN_POINT('',(-4.673118022670E0,-2.013076742912E0,
-6.222240943165E0));
#3435=LINE('',#3434,#3433);
#3436=CARTESIAN_POINT('',(-2.587577204298E0,-2.818376124880E0,
-6.292906351231E0));
#3437=CARTESIAN_POINT('',(-2.587204224591E0,-2.883533026183E0,
-6.298623900656E0));
#3438=CARTESIAN_POINT('',(-2.623773874671E0,-3.014613191366E0,
-6.310126248193E0));
#3439=CARTESIAN_POINT('',(-2.740664353335E0,-3.136176590529E0,
-6.320793494933E0));
#3440=CARTESIAN_POINT('',(-2.849128756582E0,-3.180824389975E0,
-6.324711360807E0));
#3441=CARTESIAN_POINT('',(-2.913121223623E0,-3.193635520983E0,
-6.325835543714E0));
#3442=CARTESIAN_POINT('',(-2.961934543888E0,-3.197156549034E0,
-6.326144515619E0));
#3443=CARTESIAN_POINT('',(-3.010762195907E0,-3.194455290430E0,
-6.325907478877E0));
#3444=CARTESIAN_POINT('',(-3.074812415680E0,-3.182759888582E0,
-6.324881201741E0));
#3445=CARTESIAN_POINT('',(-3.184029389269E0,-3.140000797606E0,
-6.321129070943E0));
#3446=CARTESIAN_POINT('',(-3.304028882211E0,-3.019593449087E0,
-6.310563268203E0));
#3447=CARTESIAN_POINT('',(-3.342376099566E0,-2.887481227801E0,
-6.298970357247E0));
#3448=CARTESIAN_POINT('',(-3.342613887354E0,-2.821154463461E0,
-6.293150151777E0));
#3450=CARTESIAN_POINT('',(-2.965098585430E0,-2.819297713098E0,
-6.292987221040E0));
#3451=DIRECTION('',(-2.827132740882E-14,8.741457380041E-2,-9.961720194260E-1));
#3452=DIRECTION('',(-9.999878120321E-1,-4.918284697955E-3,-4.315818476005E-4));
#3453=AXIS2_PLACEMENT_3D('',#3450,#3451,#3452);
#3455=CARTESIAN_POINT('',(-2.965098585430E0,-2.819297713098E0,
-6.292987221040E0));
#3456=DIRECTION('',(-2.827132740882E-14,8.741457380041E-2,-9.961720194260E-1));
#3457=DIRECTION('',(-3.458142260061E-3,9.961660629232E-1,8.741405111442E-2));
#3458=AXIS2_PLACEMENT_3D('',#3455,#3456,#3457);
#3460=DIRECTION('',(-3.279598814740E-12,8.741457380215E-2,-9.961720194259E-1));
#3461=VECTOR('',#3460,4.000000000003E-1);
#3462=CARTESIAN_POINT('',(-3.763344212925E0,-4.302336050396E0,
-6.423124548385E0));
#3463=LINE('',#3462,#3461);
#3464=DIRECTION('',(1.007113965393E-5,8.741460660871E-2,-9.961720164962E-1));
#3465=VECTOR('',#3464,4.000000000209E-1);
#3466=CARTESIAN_POINT('',(-3.504327485141E0,-4.370537517941E0,
-6.429109259963E0));
#3467=LINE('',#3466,#3465);
#3468=DIRECTION('',(9.999946572882E-1,3.256339149697E-3,2.857453264849E-4));
#3469=VECTOR('',#3468,8.036652327743E-1);
#3470=CARTESIAN_POINT('',(-3.504323456685E0,-4.335571675296E0,
-6.827578066582E0));
#3471=LINE('',#3470,#3469);
#3472=DIRECTION('',(-1.731631448227E-6,8.741456816179E-2,-9.961720199193E-1));
#3473=VECTOR('',#3472,4.000000000012E-1);
#3474=CARTESIAN_POINT('',(-2.700661825010E0,-4.367920496E0,-6.428879615029E0));
#3475=LINE('',#3474,#3473);
#3476=DIRECTION('',(5.143304671040E-9,8.741300507741E-2,-9.961721570810E-1));
#3477=VECTOR('',#3476,4.000000000009E-1);
#3478=CARTESIAN_POINT('',(-2.620400734055E0,-4.447353190093E0,
-6.435849872138E0));
#3479=LINE('',#3478,#3477);
#3480=DIRECTION('',(3.266998837775E-3,-9.961667031997E-1,-8.741410729898E-2));
#3481=VECTOR('',#3480,5.649293476985E-1);
#3482=CARTESIAN_POINT('',(-2.620400731998E0,-4.412387988061E0,
-6.834318734971E0));
#3483=LINE('',#3482,#3481);
#3484=DIRECTION('',(-2.654999442429E-8,8.742266935921E-2,-9.961713090037E-1));
#3485=VECTOR('',#3484,4.000000000136E-1);
#3486=CARTESIAN_POINT('',(-2.618555097855E0,-5.010120861644E0,
-6.485233005972E0));
#3487=LINE('',#3486,#3485);
#3488=DIRECTION('',(1.854072451122E-13,-8.741457380038E-2,9.961720194260E-1));
#3489=VECTOR('',#3488,4.000000000003E-1);
#3490=CARTESIAN_POINT('',(-2.423831834464E0,-5.167877578070E0,
-6.900613309837E0));
#3491=LINE('',#3490,#3489);
#3492=DIRECTION('',(9.999946572881E-1,3.256339169371E-3,2.857453283898E-4));
#3493=VECTOR('',#3492,9.777798252620E-1);
#3494=CARTESIAN_POINT('',(-2.423831834464E0,-5.167877578070E0,
-6.900613309837E0));
#3495=LINE('',#3494,#3493);
#3496=DIRECTION('',(2.541469257265E-9,8.741457380870E-2,-9.961720194253E-1));
#3497=VECTOR('',#3496,4.000000000003E-1);
#3498=CARTESIAN_POINT('',(-1.446057234215E0,-5.199659424849E0,
-6.501865106050E0));
#3499=LINE('',#3498,#3497);
#3500=DIRECTION('',(4.952371845941E-11,8.741455874626E-2,-9.961720207470E-1));
#3501=VECTOR('',#3500,4.000000000004E-1);
#3502=CARTESIAN_POINT('',(-1.252602381954E0,-5.005682147203E0,
-6.484843506645E0));
#3503=LINE('',#3502,#3501);
#3504=DIRECTION('',(-3.266929245078E-3,9.961667034261E-1,8.741410731905E-2));
#3505=VECTOR('',#3504,3.015270177299E0);
#3506=CARTESIAN_POINT('',(-1.252602381934E0,-4.970716323704E0,
-6.883312314945E0));
#3507=LINE('',#3506,#3505);
#3508=DIRECTION('',(2.483957484143E-11,8.741456627161E-2,-9.961720200867E-1));
#3509=VECTOR('',#3508,4.000000000004E-1);
#3510=CARTESIAN_POINT('',(-1.262453056268E0,-2.001970397754E0,
-6.221266356035E0));
#3511=LINE('',#3510,#3509);
#3512=DIRECTION('',(8.764514114458E-9,8.741456880343E-2,-9.961720198645E-1));
#3513=VECTOR('',#3512,4.000000000004E-1);
#3514=CARTESIAN_POINT('',(-1.395165468058E0,-1.777173967893E0,
-6.201540361202E0));
#3515=LINE('',#3514,#3513);
#3516=DIRECTION('',(6.515743500294E-9,8.741457008341E-2,-9.961720197522E-1));
#3517=VECTOR('',#3516,4.000000000005E-1);
#3518=CARTESIAN_POINT('',(-2.166878614642E0,-1.337124522298E0,
-6.162925810715E0));
#3519=LINE('',#3518,#3517);
#3520=DIRECTION('',(1.511450631318E-8,8.741457384957E-2,-9.961720194217E-1));
#3521=VECTOR('',#3520,4.000000000005E-1);
#3522=CARTESIAN_POINT('',(-2.425898062644E0,-1.268874080780E0,
-6.156936801648E0));
#3523=LINE('',#3522,#3521);
#3524=DIRECTION('',(-9.999946572993E-1,-3.256335773083E-3,-2.857450300709E-4));
#3525=VECTOR('',#3524,1.088598256274E0);
#3526=CARTESIAN_POINT('',(-2.425898056599E0,-1.233908251240E0,
-6.555405609417E0));
#3527=LINE('',#3526,#3525);
#3528=DIRECTION('',(4.681810494838E-12,8.741457380035E-2,-9.961720194260E-1));
#3529=VECTOR('',#3528,4.000000000006E-1);
#3530=CARTESIAN_POINT('',(-3.514490496820E0,-1.272418922205E0,
-6.157247863188E0));
#3531=LINE('',#3530,#3529);
#3532=DIRECTION('',(-7.067244234264E-8,8.741453285014E-2,-9.961720230194E-1));
#3533=VECTOR('',#3532,4.000000000004E-1);
#3534=CARTESIAN_POINT('',(-3.773049402411E0,-1.342367454883E0,
-6.163385880571E0));
#3535=LINE('',#3534,#3533);
#3536=DIRECTION('',(2.839618928869E-6,8.741621918697E-2,-9.961718750371E-1));
#3537=VECTOR('',#3536,4.000000000023E-1);
#3538=CARTESIAN_POINT('',(-4.544454335322E0,-1.789349798541E0,
-6.202608796198E0));
#3539=LINE('',#3538,#3537);
#3540=DIRECTION('',(3.286260152889E-13,-8.741457380294E-2,9.961720194258E-1));
#3541=VECTOR('',#3540,4.000000000002E-1);
#3542=CARTESIAN_POINT('',(-4.673118022670E0,-1.978110913391E0,
-6.620709750935E0));
#3543=LINE('',#3542,#3541);
#3544=DIRECTION('',(1.443289932013E-13,-8.741457380086E-2,9.961720194260E-1));
#3545=VECTOR('',#3544,3.999999999999E-1);
#3546=CARTESIAN_POINT('',(-3.342613887354E0,-2.786188633941E0,
-6.691618959547E0));
#3547=LINE('',#3546,#3545);
#3548=DIRECTION('',(5.543360241556E-6,-8.697131180422E-2,9.962108164903E-1));
#3549=VECTOR('',#3548,4.000000396033E-1);
#3550=CARTESIAN_POINT('',(-2.587579421643E0,-2.783587596714E0,
-6.691390717280E0));
#3551=LINE('',#3550,#3549);
#3552=CARTESIAN_POINT('',(-2.965098585430E0,-2.784331883578E0,
-6.691456028810E0));
#3553=DIRECTION('',(2.827132740882E-14,-8.741457380041E-2,9.961720194260E-1));
#3554=DIRECTION('',(-3.458142260055E-3,9.961660629232E-1,8.741405111442E-2));
#3555=AXIS2_PLACEMENT_3D('',#3552,#3553,#3554);
#3557=CARTESIAN_POINT('',(-3.342613887354E0,-2.786188633941E0,
-6.691618959547E0));
#3558=CARTESIAN_POINT('',(-3.342376099566E0,-2.852515398280E0,
-6.697439165017E0));
#3559=CARTESIAN_POINT('',(-3.304028882177E0,-2.984627619713E0,
-6.709032075986E0));
#3560=CARTESIAN_POINT('',(-3.184029389362E0,-3.105034967690E0,
-6.719597878679E0));
#3561=CARTESIAN_POINT('',(-3.074812415556E0,-3.147794059592E0,
-6.723350009558E0));
#3562=CARTESIAN_POINT('',(-3.010762196125E0,-3.159489459979E0,
-6.724376286566E0));
#3563=CARTESIAN_POINT('',(-2.961934543054E0,-3.162190723075E0,
-6.724613323702E0));
#3564=CARTESIAN_POINT('',(-2.913121226748E0,-3.158669678114E0,
-6.724304350313E0));
#3565=CARTESIAN_POINT('',(-2.849128739989E0,-3.145858631347E0,
-6.723180174798E0));
#3566=CARTESIAN_POINT('',(-2.740664550668E0,-3.101209917905E0,
-6.719262228721E0));
#3567=CARTESIAN_POINT('',(-2.623817925020E0,-2.979701546092E0,
-6.708599810656E0));
#3568=CARTESIAN_POINT('',(-2.587243026560E0,-2.848680655023E0,
-6.697102664452E0));
#3569=CARTESIAN_POINT('',(-2.587579421643E0,-2.783587596714E0,
-6.691390717280E0));
#3571=CARTESIAN_POINT('',(-2.965098585430E0,-2.784331883578E0,
-6.691456028810E0));
#3572=DIRECTION('',(2.827132740882E-14,-8.741457380041E-2,9.961720194260E-1));
#3573=DIRECTION('',(9.999980415939E-1,1.971516888358E-3,1.730015550999E-4));
#3574=AXIS2_PLACEMENT_3D('',#3571,#3572,#3573);
#3576=DIRECTION('',(1.893263323893E-11,8.741456783211E-2,-9.961720199497E-1));
#3577=VECTOR('',#3576,4.000000000002E-1);
#3578=CARTESIAN_POINT('',(1.710171975945E0,-3.869646218148E0,
-6.385155807510E0));
#3579=LINE('',#3578,#3577);
#3580=DIRECTION('',(1.562638907160E-12,-8.741457380184E-2,9.961720194259E-1));
#3581=VECTOR('',#3580,4.E-1);
#3582=CARTESIAN_POINT('',(1.588485688218E0,-3.626739605202E0,
-6.765377711528E0));
#3583=LINE('',#3582,#3581);
#3584=DIRECTION('',(3.849642826734E-11,8.741456186476E-2,-9.961720204734E-1));
#3585=VECTOR('',#3584,4.000000000003E-1);
#3586=CARTESIAN_POINT('',(1.713495602796E0,-4.883098455943E0,
-6.474086728782E0));
#3587=LINE('',#3586,#3585);
#3588=DIRECTION('',(-3.266938766335E-3,9.961667033952E-1,8.741410731614E-2));
#3589=VECTOR('',#3588,1.017352052350E0);
#3590=CARTESIAN_POINT('',(1.713495602811E0,-4.848132631197E0,
-6.872555536972E0));
#3591=LINE('',#3590,#3589);
#3592=DIRECTION('',(-5.182911877453E-9,8.741457675873E-2,-9.961720191664E-1));
#3593=VECTOR('',#3592,4.000000000002E-1);
#3594=CARTESIAN_POINT('',(1.442621203179E0,-5.040066811362E0,
-6.487860777462E0));
#3595=LINE('',#3594,#3593);
#3596=DIRECTION('',(-6.909434968614E-9,8.741457774425E-2,-9.961720190799E-1));
#3597=VECTOR('',#3596,4.000000000001E-1);
#3598=CARTESIAN_POINT('',(-4.524208678052E-1,-3.958369378740E0,
-6.392941307521E0));
#3599=LINE('',#3598,#3597);
#3600=DIRECTION('',(-1.302319363461E-11,8.741457776822E-2,-9.961720190778E-1));
#3601=VECTOR('',#3600,3.999999999999E-1);
#3602=CARTESIAN_POINT('',(-5.737203614077E-1,-3.750650292233E0,
-6.374713857781E0));
#3603=LINE('',#3602,#3601);
#3604=DIRECTION('',(-1.301875274251E-11,8.741457776708E-2,-9.961720190779E-1));
#3605=VECTOR('',#3604,3.999999999999E-1);
#3606=CARTESIAN_POINT('',(-5.771353701288E-1,-2.709022340473E0,
-6.283310504057E0));
#3607=LINE('',#3606,#3605);
#3608=DIRECTION('',(3.265962654761E-3,-9.961667065714E-1,-8.741410759515E-2));
#3609=VECTOR('',#3608,1.045636182064E0);
#3610=CARTESIAN_POINT('',(-5.771353701340E-1,-2.674056509367E0,
-6.681779311688E0));
#3611=LINE('',#3610,#3609);
#3612=DIRECTION('',(1.572075802869E-12,8.741457380169E-2,-9.961720194259E-1));
#3613=VECTOR('',#3612,4.000000000001E-1);
#3614=CARTESIAN_POINT('',(-4.572025592420E-1,-2.500516741782E0,
-6.265014037493E0));
#3615=LINE('',#3614,#3613);
#3616=CARTESIAN_POINT('',(1.710171975945E0,-3.869646218148E0,
-6.385155807510E0));
#3617=CARTESIAN_POINT('',(1.710081529587E0,-3.842067612649E0,
-6.382735771614E0));
#3618=CARTESIAN_POINT('',(1.697648065908E0,-3.786015836160E0,
-6.377817201270E0));
#3619=CARTESIAN_POINT('',(1.655369445341E0,-3.713767694221E0,
-6.371477392067E0));
#3620=CARTESIAN_POINT('',(1.612531297631E0,-3.675373297831E0,
-6.368108265319E0));
#3621=CARTESIAN_POINT('',(1.588485688219E0,-3.661705434723E0,
-6.366908903758E0));
#3623=DIRECTION('',(-8.686049078908E-1,4.936085270581E-1,4.331438564333E-2));
#3624=VECTOR('',#3623,6.740705995326E-1);
#3625=CARTESIAN_POINT('',(1.588485688219E0,-3.661705434723E0,
-6.366908903758E0));
#3626=LINE('',#3625,#3624);
#3627=CARTESIAN_POINT('',(1.002984657200E0,-3.328978438954E0,
-6.337711949859E0));
#3628=CARTESIAN_POINT('',(9.867130815795E-1,-3.319734294093E0,
-6.336900771701E0));
#3629=CARTESIAN_POINT('',(9.628929513144E-1,-3.284051858190E0,
-6.333769620789E0));
#3630=CARTESIAN_POINT('',(9.542228078018E-1,-3.225090167509E0,
-6.328595704075E0));
#3631=CARTESIAN_POINT('',(9.623643106810E-1,-3.165997948987E0,
-6.323410333481E0));
#3632=CARTESIAN_POINT('',(9.858896456035E-1,-3.129934033395E0,
-6.320245707543E0));
#3633=CARTESIAN_POINT('',(1.002185885778E0,-3.120530768093E0,
-6.319420566490E0));
#3635=DIRECTION('',(8.653165108478E-1,4.993071506332E-1,4.381444260344E-2));
#3636=VECTOR('',#3635,6.742286138064E-1);
#3637=CARTESIAN_POINT('',(1.002185885778E0,-3.120530768093E0,
-6.319420566490E0));
#3638=LINE('',#3637,#3636);
#3639=CARTESIAN_POINT('',(1.585607037390E0,-2.783883600058E0,
-6.289879615589E0));
#3640=CARTESIAN_POINT('',(1.609563148719E0,-2.770060357650E0,
-6.288666619419E0));
#3641=CARTESIAN_POINT('',(1.652147267197E0,-2.731386396262E0,
-6.285272960709E0));
#3642=CARTESIAN_POINT('',(1.693952177698E0,-2.658865198466E0,
-6.278909190723E0));
#3643=CARTESIAN_POINT('',(1.706015871547E0,-2.602733412194E0,
-6.273983599482E0));
#3644=CARTESIAN_POINT('',(1.705925515353E0,-2.575154988142E0,
-6.271563579508E0));
#3646=DIRECTION('',(-3.265931112563E-3,9.961667066740E-1,8.741410760451E-2));
#3647=VECTOR('',#3646,1.017352253871E0);
#3648=CARTESIAN_POINT('',(1.705925515353E0,-2.575154988142E0,
-6.271563579508E0));
#3649=LINE('',#3648,#3647);
#3650=CARTESIAN_POINT('',(1.702602912975E0,-1.561702543876E0,
-6.182632640117E0));
#3651=CARTESIAN_POINT('',(1.702462510799E0,-1.518891541094E0,
-6.178875954033E0));
#3652=CARTESIAN_POINT('',(1.668430128091E0,-1.433992156590E0,
-6.171425992211E0));
#3653=CARTESIAN_POINT('',(1.572459103562E0,-1.381612951083E0,
-6.166829691738E0));
#3654=CARTESIAN_POINT('',(1.488336629205E0,-1.382289584204E0,
-6.166889066620E0));
#3655=CARTESIAN_POINT('',(1.448611210041E0,-1.396125108702E0,
-6.168103140548E0));
#3656=CARTESIAN_POINT('',(1.430704686170E0,-1.406501679896E0,
-6.169013689661E0));
#3658=DIRECTION('',(-8.643880865252E-1,-5.009004485105E-1,-4.395425525821E-2));
#3659=VECTOR('',#3658,2.184096790368E0);
#3660=CARTESIAN_POINT('',(1.430704686170E0,-1.406501679896E0,
-6.169013689661E0));
#3661=LINE('',#3660,#3659);
#3662=CARTESIAN_POINT('',(-4.572025592420E-1,-2.500516741782E0,
-6.265014037493E0));
#3663=CARTESIAN_POINT('',(-4.810923753856E-1,-2.514360546753E0,
-6.266228838038E0));
#3664=CARTESIAN_POINT('',(-5.235459115573E-1,-2.553019810460E0,
-6.269621207020E0));
#3665=CARTESIAN_POINT('',(-5.652127566014E-1,-2.625456462149E0,
-6.275977558044E0));
#3666=CARTESIAN_POINT('',(-5.772255758974E-1,-2.681490708004E0,
-6.280894590067E0));
#3667=CARTESIAN_POINT('',(-5.771353701288E-1,-2.709022340473E0,
-6.283310504057E0));
#3669=DIRECTION('',(3.265962654761E-3,-9.961667065714E-1,-8.741410759519E-2));
#3670=VECTOR('',#3669,1.045636182065E0);
#3671=CARTESIAN_POINT('',(-5.771353701288E-1,-2.709022340473E0,
-6.283310504057E0));
#3672=LINE('',#3671,#3670);
#3673=CARTESIAN_POINT('',(-5.737203614077E-1,-3.750650292233E0,
-6.374713857781E0));
#3674=CARTESIAN_POINT('',(-5.736300687670E-1,-3.778182064453E0,
-6.377129784034E0));
#3675=CARTESIAN_POINT('',(-5.612481371380E-1,-3.834136550194E0,
-6.382039817069E0));
#3676=CARTESIAN_POINT('',(-5.191082232954E-1,-3.906300963467E0,
-6.388372279040E0));
#3677=CARTESIAN_POINT('',(-4.764008317889E-1,-3.944681488104E0,
-6.391740188535E0));
#3678=CARTESIAN_POINT('',(-4.524208678052E-1,-3.958369378740E0,
-6.392941307521E0));
#3680=DIRECTION('',(8.676561944824E-1,-4.952615524166E-1,-4.345943941416E-2));
#3681=VECTOR('',#3680,2.184093288373E0);
#3682=CARTESIAN_POINT('',(-4.524208678052E-1,-3.958369378740E0,
-6.392941307521E0));
#3683=LINE('',#3682,#3681);
#3684=CARTESIAN_POINT('',(1.442621203179E0,-5.040066811362E0,
-6.487860777462E0));
#3685=CARTESIAN_POINT('',(1.461383809805E0,-5.050776567457E0,
-6.488800563710E0));
#3686=CARTESIAN_POINT('',(1.503133310659E0,-5.064611514960E0,
-6.490014587008E0));
#3687=CARTESIAN_POINT('',(1.589256838411E0,-5.062970442481E0,
-6.489870582108E0));
#3688=CARTESIAN_POINT('',(1.682346522740E0,-5.007232025568E0,
-6.484979509218E0));
#3689=CARTESIAN_POINT('',(1.713630228799E0,-4.924151019045E0,
-6.477689110939E0));
#3690=CARTESIAN_POINT('',(1.713495602796E0,-4.883098455943E0,
-6.474086728782E0));
#3692=DIRECTION('',(-3.266938766338E-3,9.961667033952E-1,8.741410731601E-2));
#3693=VECTOR('',#3692,1.017352049954E0);
#3694=CARTESIAN_POINT('',(1.713495602796E0,-4.883098455943E0,
-6.474086728782E0));
#3695=LINE('',#3694,#3693);
#3696=DIRECTION('',(-1.953992523341E-12,8.741457380216E-2,-9.961720194259E-1));
#3697=VECTOR('',#3696,4.E-1);
#3698=CARTESIAN_POINT('',(1.002984657200E0,-3.328978438954E0,
-6.337711949859E0));
#3699=LINE('',#3698,#3697);
#3700=DIRECTION('',(-6.965245602507E-9,8.741456978105E-2,-9.961720197787E-1));
#3701=VECTOR('',#3700,4.000000000001E-1);
#3702=CARTESIAN_POINT('',(1.002185885778E0,-3.120530768093E0,
-6.319420566490E0));
#3703=LINE('',#3702,#3701);
#3704=DIRECTION('',(-5.224980448305E-9,8.741457078522E-2,-9.961720196906E-1));
#3705=VECTOR('',#3704,4.E-1);
#3706=CARTESIAN_POINT('',(1.585607037390E0,-2.783883600058E0,
-6.289879615589E0));
#3707=LINE('',#3706,#3705);
#3708=DIRECTION('',(2.636779683487E-11,8.741456578159E-2,-9.961720201297E-1));
#3709=VECTOR('',#3708,3.999999999997E-1);
#3710=CARTESIAN_POINT('',(1.705925515353E0,-2.575154988142E0,
-6.271563579508E0));
#3711=LINE('',#3710,#3709);
#3712=DIRECTION('',(-3.265931112561E-3,9.961667066740E-1,8.741410760431E-2));
#3713=VECTOR('',#3712,1.017352255481E0);
#3714=CARTESIAN_POINT('',(1.705925515363E0,-2.540189161829E0,
-6.670032387560E0));
#3715=LINE('',#3714,#3713);
#3716=DIRECTION('',(1.322664200388E-11,8.741456979142E-2,-9.961720197778E-1));
#3717=VECTOR('',#3716,3.999999999999E-1);
#3718=CARTESIAN_POINT('',(1.702602912975E0,-1.561702543876E0,
-6.182632640117E0));
#3719=LINE('',#3718,#3717);
#3720=DIRECTION('',(1.039562880223E-8,8.741457982475E-2,-9.961720188974E-1));
#3721=VECTOR('',#3720,4.E-1);
#3722=CARTESIAN_POINT('',(1.430704686170E0,-1.406501679896E0,
-6.169013689661E0));
#3723=LINE('',#3722,#3721);
#3724=DIRECTION('',(-3.857136832145E-11,8.741458562041E-2,-9.961720183888E-1));
#3725=VECTOR('',#3724,4.000000000008E-1);
#3726=CARTESIAN_POINT('',(2.395079200613E0,-4.451871340341E0,
-6.436246341995E0));
#3727=LINE('',#3726,#3725);
#3728=DIRECTION('',(-1.376676550532E-12,-8.741457379975E-2,9.961720194261E-1));
#3729=VECTOR('',#3728,4.000000000008E-1);
#3730=CARTESIAN_POINT('',(2.528704528239E0,-4.641680206078E0,
-6.854439237377E0));
#3731=LINE('',#3730,#3729);
#3732=DIRECTION('',(-7.733813589525E-11,8.741459744333E-2,-9.961720173513E-1));
#3733=VECTOR('',#3732,4.000000000007E-1);
#3734=CARTESIAN_POINT('',(2.385233273984E0,-1.449607156584E0,
-6.172796215970E0));
#3735=LINE('',#3734,#3733);
#3736=DIRECTION('',(3.266929114996E-3,-9.961667034266E-1,-8.741410731904E-2));
#3737=VECTOR('',#3736,3.013817043031E0);
#3738=CARTESIAN_POINT('',(2.385233273953E0,-1.414641317606E0,
-6.571265022911E0));
#3739=LINE('',#3738,#3737);
#3740=DIRECTION('',(7.766546294959E-9,8.741457382623E-2,-9.961720194237E-1));
#3741=VECTOR('',#3740,4.000000000008E-1);
#3742=CARTESIAN_POINT('',(2.578688115024E0,-1.255629881314E0,
-6.155774616775E0));
#3743=LINE('',#3742,#3741);
#3744=DIRECTION('',(2.329607617919E-8,8.741457387680E-2,-9.961720194193E-1));
#3745=VECTOR('',#3744,4.000000000007E-1);
#3746=CARTESIAN_POINT('',(3.556478527131E0,-1.252445873600E0,
-6.155495218567E0));
#3747=LINE('',#3746,#3745);
#3748=DIRECTION('',(-9.999946573771E-1,-3.256312051868E-3,-2.857429484183E-4));
#3749=VECTOR('',#3748,9.777956423129E-1);
#3750=CARTESIAN_POINT('',(3.556478536450E0,-1.217480044049E0,
-6.553964026335E0));
#3751=LINE('',#3750,#3749);
#3752=DIRECTION('',(2.540301302641E-11,8.741456592035E-2,-9.961720201175E-1));
#3753=VECTOR('',#3752,4.000000000006E-1);
#3754=CARTESIAN_POINT('',(3.751201754677E0,-1.445159077535E0,
-6.172405894895E0));
#3755=LINE('',#3754,#3753);
#3756=DIRECTION('',(5.125566637778E-11,8.741455803840E-2,-9.961720208091E-1));
#3757=VECTOR('',#3756,4.000000000007E-1);
#3758=CARTESIAN_POINT('',(3.758596890725E0,-3.699860042082E0,
-6.370256988903E0));
#3759=LINE('',#3758,#3757);
#3760=DIRECTION('',(-3.267301697455E-3,9.961667022140E-1,8.741410721268E-2));
#3761=VECTOR('',#3760,2.263377166380E0);
#3762=CARTESIAN_POINT('',(3.758596890745E0,-3.664894218866E0,
-6.768725797227E0));
#3763=LINE('',#3762,#3761);
#3764=DIRECTION('',(-3.860245456614E-11,8.741458564001E-2,-9.961720183871E-1));
#3765=VECTOR('',#3764,4.000000000008E-1);
#3766=CARTESIAN_POINT('',(4.437339586276E0,-3.697649817209E0,
-6.370063040607E0));
#3767=LINE('',#3766,#3765);
#3768=DIRECTION('',(-3.859801367405E-11,8.741458564257E-2,-9.961720183869E-1));
#3769=VECTOR('',#3768,4.000000000007E-1);
#3770=CARTESIAN_POINT('',(4.429945343295E0,-1.442948848158E0,
-6.172211946204E0));
#3771=LINE('',#3770,#3769);
#3772=DIRECTION('',(3.266907122854E-3,-9.961667034981E-1,-8.741410732538E-2));
#3773=VECTOR('',#3772,2.263377164820E0);
#3774=CARTESIAN_POINT('',(4.429945343279E0,-1.407983013901E0,
-6.570680753559E0));
#3775=LINE('',#3774,#3773);
#3776=DIRECTION('',(4.041211809629E-13,8.741457380028E-2,-9.961720194260E-1));
#3777=VECTOR('',#3776,4.000000000006E-1);
#3778=CARTESIAN_POINT('',(4.623400191733E0,-1.248971569720E0,
-6.155190346730E0));
#3779=LINE('',#3778,#3777);
#3780=CARTESIAN_POINT('',(2.395079200613E0,-4.451871340341E0,
-6.436246341995E0));
#3781=CARTESIAN_POINT('',(2.395177626323E0,-4.481882874424E0,
-6.438879868544E0));
#3782=CARTESIAN_POINT('',(2.408919771902E0,-4.542841162746E0,
-6.444228987662E0));
#3783=CARTESIAN_POINT('',(2.455311348630E0,-4.621072678028E0,
-6.451093840752E0));
#3784=CARTESIAN_POINT('',(2.502381067779E0,-4.662261159108E0,
-6.454708149776E0));
#3785=CARTESIAN_POINT('',(2.528704528238E0,-4.676646035598E0,
-6.455970429606E0));
#3787=DIRECTION('',(8.676093731857E-1,-4.953429436762E-1,-4.346658153640E-2));
#3788=VECTOR('',#3787,8.884318551355E-1);
#3789=CARTESIAN_POINT('',(2.528704528238E0,-4.676646035598E0,
-6.455970429606E0));
#3790=LINE('',#3789,#3788);
#3791=CARTESIAN_POINT('',(3.299516333191E0,-5.116724485977E0,
-6.494587525277E0));
#3792=CARTESIAN_POINT('',(3.325538047213E0,-5.131581024754E0,
-6.495891193699E0));
#3793=CARTESIAN_POINT('',(3.380652091863E0,-5.156617108256E0,
-6.498088122068E0));
#3794=CARTESIAN_POINT('',(3.453599522011E0,-5.175818351426E0,
-6.499773040390E0));
#3795=CARTESIAN_POINT('',(3.513470812601E0,-5.183667630806E0,
-6.500461818431E0));
#3796=CARTESIAN_POINT('',(3.543517805507E0,-5.184953579602E0,
-6.500574661056E0));
#3797=CARTESIAN_POINT('',(3.558539796421E0,-5.184904662894E0,
-6.500570368592E0));
#3799=DIRECTION('',(9.999946573025E-1,3.256334779021E-3,2.857449430860E-4));
#3800=VECTOR('',#3799,1.088598252100E0);
#3801=CARTESIAN_POINT('',(3.558539796421E0,-5.184904662894E0,
-6.500570368592E0));
#3802=LINE('',#3801,#3800);
#3803=CARTESIAN_POINT('',(4.647132232470E0,-5.181359822545E0,
-6.500259307146E0));
#3804=CARTESIAN_POINT('',(4.662313475553E0,-5.181310386964E0,
-6.500254969150E0));
#3805=CARTESIAN_POINT('',(4.692663672721E0,-5.179760632008E0,
-6.500118977407E0));
#3806=CARTESIAN_POINT('',(4.753183754535E0,-5.171327741390E0,
-6.499378987200E0));
#3807=CARTESIAN_POINT('',(4.827398208613E0,-5.151611828824E0,
-6.497648906390E0));
#3808=CARTESIAN_POINT('',(4.882361974106E0,-5.123965971023E0,
-6.495222969072E0));
#3809=CARTESIAN_POINT('',(4.909164796035E0,-5.109501844937E0,
-6.493953735052E0));
#3811=DIRECTION('',(8.643256160187E-1,5.010074128454E-1,4.396364143012E-2));
#3812=VECTOR('',#3811,8.927746304760E-1);
#3813=CARTESIAN_POINT('',(4.909164796035E0,-5.109501844937E0,
-6.493953735052E0));
#3814=LINE('',#3813,#3812);
#3815=CARTESIAN_POINT('',(5.680812778487E0,-4.662215137068E0,
-6.454704111320E0));
#3816=CARTESIAN_POINT('',(5.705801953748E0,-4.647052058202E0,
-6.453373543857E0));
#3817=CARTESIAN_POINT('',(5.750008670128E0,-4.605584952444E0,
-6.449734785384E0));
#3818=CARTESIAN_POINT('',(5.793420848971E0,-4.528797632792E0,
-6.442996661155E0));
#3819=CARTESIAN_POINT('',(5.805837956938E0,-4.469735103502E0,
-6.437813895804E0));
#3820=CARTESIAN_POINT('',(5.805742982121E0,-4.440765044088E0,
-6.435271759157E0));
#3822=DIRECTION('',(-3.266605251591E-3,9.961667044805E-1,8.741410741153E-2));
#3823=VECTOR('',#3822,3.013817076468E0);
#3824=CARTESIAN_POINT('',(5.805742982121E0,-4.440765044088E0,
-6.435271759157E0));
#3825=LINE('',#3824,#3823);
#3826=CARTESIAN_POINT('',(5.795898031431E0,-1.438500819115E0,
-6.171821629516E0));
#3827=CARTESIAN_POINT('',(5.795791152105E0,-1.405911570750E0,
-6.168961907299E0));
#3828=CARTESIAN_POINT('',(5.768653854472E0,-1.340245884085E0,
-6.163199711713E0));
#3829=CARTESIAN_POINT('',(5.710653972276E0,-1.283068905425E0,
-6.158182404337E0));
#3830=CARTESIAN_POINT('',(5.657145064315E0,-1.255885754252E0,
-6.155797069749E0));
#3831=CARTESIAN_POINT('',(5.625668116081E0,-1.247349504291E0,
-6.155048009709E0));
#3832=CARTESIAN_POINT('',(5.609345240457E0,-1.245761008461E0,
-6.154908618436E0));
#3833=CARTESIAN_POINT('',(5.601174800121E0,-1.245787613463E0,
-6.154910953037E0));
#3835=DIRECTION('',(-9.999946573771E-1,-3.256312056767E-3,-2.857429491569E-4));
#3836=VECTOR('',#3835,9.777798322969E-1);
#3837=CARTESIAN_POINT('',(5.601174800121E0,-1.245787613463E0,
-6.154910953037E0));
#3838=LINE('',#3837,#3836);
#3839=CARTESIAN_POINT('',(4.623400191733E0,-1.248971569720E0,
-6.155190346730E0));
#3840=CARTESIAN_POINT('',(4.615225443155E0,-1.248998189606E0,
-6.155192682638E0));
#3841=CARTESIAN_POINT('',(4.598904768927E0,-1.250694578139E0,
-6.155341541548E0));
#3842=CARTESIAN_POINT('',(4.567469080516E0,-1.259444231870E0,
-6.156109327871E0));
#3843=CARTESIAN_POINT('',(4.514133307543E0,-1.286992025870E0,
-6.158526660043E0));
#3844=CARTESIAN_POINT('',(4.456524216188E0,-1.344550189709E0,
-6.163577416602E0));
#3845=CARTESIAN_POINT('',(4.429838531654E0,-1.410376891976E0,
-6.169353741384E0));
#3846=CARTESIAN_POINT('',(4.429945343295E0,-1.442948848158E0,
-6.172211946204E0));
#3848=DIRECTION('',(3.266907122856E-3,-9.961667034981E-1,-8.741410732536E-2));
#3849=VECTOR('',#3848,2.263377164819E0);
#3850=CARTESIAN_POINT('',(4.429945343295E0,-1.442948848158E0,
-6.172211946204E0));
#3851=LINE('',#3850,#3849);
#3852=CARTESIAN_POINT('',(4.437339586276E0,-3.697649817209E0,
-6.370063040607E0));
#3853=CARTESIAN_POINT('',(4.437516261972E0,-3.751521792326E0,
-6.374790332332E0));
#3854=CARTESIAN_POINT('',(4.401580090342E0,-3.858534640766E0,
-6.384180761250E0));
#3855=CARTESIAN_POINT('',(4.285418143955E0,-3.940013378236E0,
-6.391330559649E0));
#3856=CARTESIAN_POINT('',(4.177922613490E0,-3.959174813665E0,
-6.393011984823E0));
#3857=CARTESIAN_POINT('',(4.092280533511E0,-3.959680807835E0,
-6.393056386055E0));
#3858=CARTESIAN_POINT('',(4.007479975280E0,-3.958071150662E0,
-6.392915137864E0));
#3859=CARTESIAN_POINT('',(3.903672201548E0,-3.937785187424E0,
-6.391135034833E0));
#3860=CARTESIAN_POINT('',(3.793609051503E0,-3.855506905142E0,
-6.383915075993E0));
#3861=CARTESIAN_POINT('',(3.758769957965E0,-3.752616187178E0,
-6.374886366007E0));
#3862=CARTESIAN_POINT('',(3.758596890725E0,-3.699860042082E0,
-6.370256988903E0));
#3864=DIRECTION('',(-3.267301697455E-3,9.961667022140E-1,8.741410721264E-2));
#3865=VECTOR('',#3864,2.263377163215E0);
#3866=CARTESIAN_POINT('',(3.758596890725E0,-3.699860042082E0,
-6.370256988903E0));
#3867=LINE('',#3866,#3865);
#3868=CARTESIAN_POINT('',(3.751201754677E0,-1.445159077535E0,
-6.172405894895E0));
#3869=CARTESIAN_POINT('',(3.751094875017E0,-1.412569829458E0,
-6.169546172703E0));
#3870=CARTESIAN_POINT('',(3.723957576784E0,-1.346904144092E0,
-6.163783977231E0));
#3871=CARTESIAN_POINT('',(3.665957695764E0,-1.289727165304E0,
-6.158766669844E0));
#3872=CARTESIAN_POINT('',(3.612448786209E0,-1.262544014314E0,
-6.156381335271E0));
#3873=CARTESIAN_POINT('',(3.580971842793E0,-1.254007765076E0,
-6.155632275295E0));
#3874=CARTESIAN_POINT('',(3.564648964950E0,-1.252419269108E0,
-6.155492884010E0));
#3875=CARTESIAN_POINT('',(3.556478527131E0,-1.252445873600E0,
-6.155495218567E0));
#3877=DIRECTION('',(-9.999946573771E-1,-3.256312051874E-3,-2.857429483433E-4));
#3878=VECTOR('',#3877,9.777956361011E-1);
#3879=CARTESIAN_POINT('',(3.556478527131E0,-1.252445873600E0,
-6.155495218567E0));
#3880=LINE('',#3879,#3878);
#3881=CARTESIAN_POINT('',(2.578688115024E0,-1.255629881314E0,
-6.155774616775E0));
#3882=CARTESIAN_POINT('',(2.570513367622E0,-1.255656501441E0,
-6.155776952704E0));
#3883=CARTESIAN_POINT('',(2.554192696859E0,-1.257352890017E0,
-6.155925811617E0));
#3884=CARTESIAN_POINT('',(2.522757008483E0,-1.266102543368E0,
-6.156693597907E0));
#3885=CARTESIAN_POINT('',(2.469421236212E0,-1.293650337425E0,
-6.159110930084E0));
#3886=CARTESIAN_POINT('',(2.411812145822E0,-1.351208498810E0,
-6.164161686427E0));
#3887=CARTESIAN_POINT('',(2.385126461596E0,-1.417035202304E0,
-6.169938011317E0));
#3888=CARTESIAN_POINT('',(2.385233273984E0,-1.449607156584E0,
-6.172796215970E0));
#3890=DIRECTION('',(3.266929114997E-3,-9.961667034266E-1,-8.741410731901E-2));
#3891=VECTOR('',#3890,3.013817038283E0);
#3892=CARTESIAN_POINT('',(2.385233273984E0,-1.449607156584E0,
-6.172796215970E0));
#3893=LINE('',#3892,#3891);
#3894=DIRECTION('',(-8.060518918979E-10,8.741457426072E-2,-9.961720193856E-1));
#3895=VECTOR('',#3894,4.000000000008E-1);
#3896=CARTESIAN_POINT('',(3.299516333191E0,-5.116724485977E0,
-6.494587525277E0));
#3897=LINE('',#3896,#3895);
#3898=DIRECTION('',(-3.738175324833E-9,8.741457378845E-2,-9.961720194271E-1));
#3899=VECTOR('',#3898,4.000000000009E-1);
#3900=CARTESIAN_POINT('',(3.558539796421E0,-5.184904662894E0,
-6.500570368592E0));
#3901=LINE('',#3900,#3899);
#3902=DIRECTION('',(9.999946573025E-1,3.256334779029E-3,2.857449429955E-4));
#3903=VECTOR('',#3902,1.088598252476E0);
#3904=CARTESIAN_POINT('',(3.558539794926E0,-5.149938833378E0,
-6.899039176363E0));
#3905=LINE('',#3904,#3903);
#3906=DIRECTION('',(-2.798095088956E-9,8.741457379152E-2,-9.961720194268E-1));
#3907=VECTOR('',#3906,4.000000000010E-1);
#3908=CARTESIAN_POINT('',(4.647132232470E0,-5.181359822545E0,
-6.500259307146E0));
#3909=LINE('',#3908,#3907);
#3910=DIRECTION('',(2.153832667768E-13,-8.741457380105E-2,9.961720194260E-1));
#3911=VECTOR('',#3910,4.000000000009E-1);
#3912=CARTESIAN_POINT('',(4.909164796035E0,-5.074536015416E0,
-6.892422542823E0));
#3913=LINE('',#3912,#3911);
#3914=DIRECTION('',(8.643256160187E-1,5.010074128454E-1,4.396364143047E-2));
#3915=VECTOR('',#3914,8.927746304762E-1);
#3916=CARTESIAN_POINT('',(4.909164796035E0,-5.074536015416E0,
-6.892422542823E0));
#3917=LINE('',#3916,#3915);
#3918=DIRECTION('',(-3.308464613378E-13,-8.741457380133E-2,9.961720194259E-1));
#3919=VECTOR('',#3918,4.000000000006E-1);
#3920=CARTESIAN_POINT('',(5.680812778487E0,-4.627249307547E0,
-6.853172919091E0));
#3921=LINE('',#3920,#3919);
#3922=DIRECTION('',(1.107114400154E-11,8.741457042460E-2,-9.961720197222E-1));
#3923=VECTOR('',#3922,4.000000000006E-1);
#3924=CARTESIAN_POINT('',(5.805742982121E0,-4.440765044088E0,
-6.435271759157E0));
#3925=LINE('',#3924,#3923);
#3926=DIRECTION('',(-3.266605251590E-3,9.961667044805E-1,8.741410741151E-2));
#3927=VECTOR('',#3926,3.013817075789E0);
#3928=CARTESIAN_POINT('',(5.805742982125E0,-4.405799215918E0,
-6.833740567047E0));
#3929=LINE('',#3928,#3927);
#3930=DIRECTION('',(1.662670001676E-11,8.741456873219E-2,-9.961720198707E-1));
#3931=VECTOR('',#3930,4.000000000007E-1);
#3932=CARTESIAN_POINT('',(5.795898031431E0,-1.438500819115E0,
-6.171821629516E0));
#3933=LINE('',#3932,#3931);
#3934=DIRECTION('',(6.658706919171E-9,8.741457382196E-2,-9.961720194241E-1));
#3935=VECTOR('',#3934,4.000000000007E-1);
#3936=CARTESIAN_POINT('',(5.601174800121E0,-1.245787613463E0,
-6.154910953037E0));
#3937=LINE('',#3936,#3935);
#3938=DIRECTION('',(-9.999946573771E-1,-3.256312056772E-3,-2.857429490735E-4));
#3939=VECTOR('',#3938,9.777798349602E-1);
#3940=CARTESIAN_POINT('',(5.601174802785E0,-1.210821783934E0,
-6.553379760808E0));
#3941=LINE('',#3940,#3939);
#3942=DIRECTION('',(3.938253723133E-8,8.741457392941E-2,-9.961720194147E-1));
#3943=VECTOR('',#3942,4.000000000002E-1);
#3944=CARTESIAN_POINT('',(9.678047086901E0,-1.232479202340E0,
-6.153743133561E0));
#3945=LINE('',#3944,#3943);
#3946=DIRECTION('',(-9.999946573614E-1,-3.256316853561E-3,-2.857433698508E-4));
#3947=VECTOR('',#3946,1.180281715964E0);
#3948=CARTESIAN_POINT('',(9.678047102654E0,-1.197513372769E0,
-6.552211941327E0));
#3949=LINE('',#3948,#3947);
#3950=DIRECTION('',(6.609379710193E-11,8.741455381506E-2,-9.961720211797E-1));
#3951=VECTOR('',#3950,4.000000000003E-1);
#3952=CARTESIAN_POINT('',(9.872764986237E0,-1.425207877623E0,
-6.170655167507E0));
#3953=LINE('',#3952,#3951);
#3954=DIRECTION('',(8.792078176605E-11,8.741454715952E-2,-9.961720217638E-1));
#3955=VECTOR('',#3954,4.000000000003E-1);
#3956=CARTESIAN_POINT('',(9.884393589679E0,-4.971042596377E0,
-6.481803869401E0));
#3957=LINE('',#3956,#3955);
#3958=DIRECTION('',(-3.266939514774E-3,9.961667033927E-1,8.741410731607E-2));
#3959=VECTOR('',#3958,3.559479261192E0);
#3960=CARTESIAN_POINT('',(9.884393589714E0,-4.936076777513E0,
-6.880272678107E0));
#3961=LINE('',#3960,#3959);
#3962=DIRECTION('',(-2.625680561862E-8,8.741457371505E-2,-9.961720194335E-1));
#3963=VECTOR('',#3962,4.000000000002E-1);
#3964=CARTESIAN_POINT('',(9.690944327620E0,-5.165014086589E0,
-6.498824960955E0));
#3965=LINE('',#3964,#3963);
#3966=DIRECTION('',(-2.625673456434E-8,8.741457371504E-2,-9.961720194335E-1));
#3967=VECTOR('',#3966,4.000000000003E-1);
#3968=CARTESIAN_POINT('',(8.908977496399E0,-5.167560835825E0,
-6.499048439426E0));
#3969=LINE('',#3968,#3967);
#3970=DIRECTION('',(9.999946556665E-1,3.256833313141E-3,2.857886896441E-4));
#3971=VECTOR('',#3970,7.819710103354E-1);
#3972=CARTESIAN_POINT('',(8.908977485896E0,-5.132595006339E0,
-6.897517247199E0));
#3973=LINE('',#3972,#3971);
#3974=DIRECTION('',(-6.527223206369E-11,8.741459378352E-2,-9.961720176725E-1));
#3975=VECTOR('',#3974,4.000000000004E-1);
#3976=CARTESIAN_POINT('',(8.714249214308E0,-4.974853010624E0,
-6.482138235084E0));
#3977=LINE('',#3976,#3975);
#3978=DIRECTION('',(-1.307975949770E-10,8.741461376506E-2,-9.961720159191E-1));
#3979=VECTOR('',#3978,4.000000000004E-1);
#3980=CARTESIAN_POINT('',(8.710163688086E0,-3.729072002360E0,
-6.372820352467E0));
#3981=LINE('',#3980,#3979);
#3982=DIRECTION('',(3.266918632317E-3,-9.961667034607E-1,-8.741410732196E-2));
#3983=VECTOR('',#3982,1.250574840465E0);
#3984=CARTESIAN_POINT('',(8.710163688034E0,-3.694106156854E0,
-6.771289158835E0));
#3985=LINE('',#3984,#3983);
#3986=DIRECTION('',(-3.802167469756E-9,8.741455422125E-2,-9.961720211441E-1));
#3987=VECTOR('',#3986,4.000000000002E-1);
#3988=CARTESIAN_POINT('',(8.365063159807E0,-3.693766123309E0,
-6.369722244600E0));
#3989=LINE('',#3988,#3987);
#3990=DIRECTION('',(-7.602714013896E-9,8.741453465054E-2,-9.961720228614E-1));
#3991=VECTOR('',#3990,4.000000000002E-1);
#3992=CARTESIAN_POINT('',(8.118752716852E0,-4.962132026897E0,
-6.481021962644E0));
#3993=LINE('',#3992,#3991);
#3994=DIRECTION('',(-1.320502818203E-8,8.741457375720E-2,-9.961720194298E-1));
#3995=VECTOR('',#3994,3.999999999999E-1);
#3996=CARTESIAN_POINT('',(7.865499036407E0,-5.170958800430E0,
-6.499346612454E0));
#3997=LINE('',#3996,#3995);
#3998=DIRECTION('',(-2.640766494365E-8,8.741457371421E-2,-9.961720194336E-1));
#3999=VECTOR('',#3998,4.000000000001E-1);
#4000=CARTESIAN_POINT('',(6.685236797611E0,-5.174801704388E0,
-6.499683829124E0));
#4001=LINE('',#4000,#3999);
#4002=DIRECTION('',(9.999946585412E-1,3.255957281752E-3,2.857118174328E-4));
#4003=VECTOR('',#4002,1.180268548432E0);
#4004=CARTESIAN_POINT('',(6.685236787048E0,-5.139835874902E0,
-6.898152636898E0));
#4005=LINE('',#4004,#4003);
#4006=DIRECTION('',(-4.448663659669E-11,8.741458720166E-2,-9.961720182500E-1));
#4007=VECTOR('',#4006,4.000000000004E-1);
#4008=CARTESIAN_POINT('',(6.490518964807E0,-4.982094121997E0,
-6.482773646089E0));
#4009=LINE('',#4008,#4007);
#4010=DIRECTION('',(-1.323785525641E-10,8.741461400311E-2,-9.961720158982E-1));
#4011=VECTOR('',#4010,4.000000000002E-1);
#4012=CARTESIAN_POINT('',(6.478890364109E0,-1.436259546773E0,
-6.171624956791E0));
#4013=LINE('',#4012,#4011);
#4014=DIRECTION('',(3.266938876261E-3,-9.961667033948E-1,-8.741410731632E-2));
#4015=VECTOR('',#4014,3.559479125191E0);
#4016=CARTESIAN_POINT('',(6.478890364056E0,-1.401293701172E0,
-6.570093763150E0));
#4017=LINE('',#4016,#4015);
#4018=DIRECTION('',(1.320663134406E-8,8.741457384342E-2,-9.961720194222E-1));
#4019=VECTOR('',#4018,4.000000000004E-1);
#4020=CARTESIAN_POINT('',(6.672339771259E0,-1.242266830755E0,
-6.154602002662E0));
#4021=LINE('',#4020,#4019);
#4022=DIRECTION('',(3.962247419047E-8,8.741457392943E-2,-9.961720194147E-1));
#4023=VECTOR('',#4022,4.000000000007E-1);
#4024=CARTESIAN_POINT('',(7.454306389700E0,-1.239720494948E0,
-6.154378560470E0));
#4025=LINE('',#4024,#4023);
#4026=DIRECTION('',(-9.999946573986E-1,-3.256305502931E-3,-2.857423736848E-4));
#4027=VECTOR('',#4026,7.819708067661E-1);
#4028=CARTESIAN_POINT('',(7.454306405549E0,-1.204754665376E0,
-6.552847368237E0));
#4029=LINE('',#4028,#4027);
#4030=DIRECTION('',(4.362954442164E-11,8.74145604E-2,-9.961720206019E-1));
#4031=VECTOR('',#4030,4.000000000007E-1);
#4032=CARTESIAN_POINT('',(7.649034737430E0,-1.432449141496E0,
-6.171290591895E0));
#4033=LINE('',#4032,#4031);
#4034=DIRECTION('',(4.364508754402E-11,8.741456039834E-2,-9.961720206020E-1));
#4035=VECTOR('',#4034,4.000000000004E-1);
#4036=CARTESIAN_POINT('',(7.653119822158E0,-2.678099297311E0,
-6.280596992147E0));
#4037=LINE('',#4036,#4035);
#4038=DIRECTION('',(-3.266908744516E-3,9.961667034929E-1,8.741410732494E-2));
#4039=VECTOR('',#4038,1.250443476426E0);
#4040=CARTESIAN_POINT('',(7.653119822175E0,-2.643133473151E0,
-6.679065800388E0));
#4041=LINE('',#4040,#4039);
#4042=DIRECTION('',(-9.999946573614E-1,-3.256316853551E-3,-2.857433699615E-4));
#4043=VECTOR('',#4042,1.180281700212E0);
#4044=CARTESIAN_POINT('',(9.678047086901E0,-1.232479202340E0,
-6.153743133561E0));
#4045=LINE('',#4044,#4043);
#4046=CARTESIAN_POINT('',(8.497771692508E0,-1.236322573533E0,
-6.154080391232E0));
#4047=CARTESIAN_POINT('',(8.487997180949E0,-1.236354402833E0,
-6.154083184268E0));
#4048=CARTESIAN_POINT('',(8.468496981762E0,-1.238024737267E0,
-6.154229756918E0));
#4049=CARTESIAN_POINT('',(8.430445092723E0,-1.246837494814E0,
-6.155003080631E0));
#4050=CARTESIAN_POINT('',(8.365351063364E0,-1.274873874406E0,
-6.157463286424E0));
#4051=CARTESIAN_POINT('',(8.288607896490E0,-1.339314464772E0,
-6.163117979220E0));
#4052=CARTESIAN_POINT('',(8.250400354079E0,-1.411074625219E0,
-6.169414967812E0));
#4053=CARTESIAN_POINT('',(8.243831595737E0,-1.449085439010E0,
-6.172750435003E0));
#4055=DIRECTION('',(-1.900190034204E-1,-9.780221761380E-1,-8.582191632320E-2));
#4056=VECTOR('',#4055,1.297625772495E0);
#4057=CARTESIAN_POINT('',(8.243831595737E0,-1.449085439010E0,
-6.172750435003E0));
#4058=LINE('',#4057,#4056);
#4059=CARTESIAN_POINT('',(7.997258039635E0,-2.718192220838E0,
-6.284115165469E0));
#4060=CARTESIAN_POINT('',(7.990090512456E0,-2.751245207879E0,
-6.287015580978E0));
#4061=CARTESIAN_POINT('',(7.956468408851E0,-2.814647149014E0,
-6.292579131805E0));
#4062=CARTESIAN_POINT('',(7.876956665276E0,-2.848791316857E0,
-6.295575298954E0));
#4063=CARTESIAN_POINT('',(7.811871837548E0,-2.851015146332E0,
-6.295770441061E0));
#4064=CARTESIAN_POINT('',(7.747468222857E0,-2.836500396713E0,
-6.294496764800E0));
#4065=CARTESIAN_POINT('',(7.675346884805E0,-2.784498531152E0,
-6.289933576088E0));
#4066=CARTESIAN_POINT('',(7.653237106307E0,-2.713863901922E0,
-6.283735353402E0));
#4067=CARTESIAN_POINT('',(7.653119822158E0,-2.678099297311E0,
-6.280596992147E0));
#4069=DIRECTION('',(-3.266908744513E-3,9.961667034928E-1,8.741410732515E-2));
#4070=VECTOR('',#4069,1.250443476425E0);
#4071=CARTESIAN_POINT('',(7.653119822158E0,-2.678099297311E0,
-6.280596992147E0));
#4072=LINE('',#4071,#4070);
#4073=CARTESIAN_POINT('',(7.649034737430E0,-1.432449141496E0,
-6.171290591895E0));
#4074=CARTESIAN_POINT('',(7.648927847175E0,-1.399856861381E0,
-6.168430603640E0));
#4075=CARTESIAN_POINT('',(7.621789485909E0,-1.334186413743E0,
-6.162667990276E0));
#4076=CARTESIAN_POINT('',(7.563787892185E0,-1.277004000046E0,
-6.157650205974E0));
#4077=CARTESIAN_POINT('',(7.510277307732E0,-1.249819084116E0,
-6.155264716526E0));
#4078=CARTESIAN_POINT('',(7.478800027957E0,-1.241282461936E0,
-6.154515623825E0));
#4079=CARTESIAN_POINT('',(7.462476933337E0,-1.239693890764E0,
-6.154376225940E0));
#4080=CARTESIAN_POINT('',(7.454306389700E0,-1.239720494948E0,
-6.154378560470E0));
#4082=DIRECTION('',(-9.999946573986E-1,-3.256305502906E-3,-2.857423739658E-4));
#4083=VECTOR('',#4082,7.819707961997E-1);
#4084=CARTESIAN_POINT('',(7.454306389700E0,-1.239720494948E0,
-6.154378560470E0));
#4085=LINE('',#4084,#4083);
#4086=CARTESIAN_POINT('',(6.672339771259E0,-1.242266830755E0,
-6.154602002662E0));
#4087=CARTESIAN_POINT('',(6.664165467220E0,-1.242293449602E0,
-6.154604338478E0));
#4088=CARTESIAN_POINT('',(6.647845686640E0,-1.243989854525E0,
-6.154753198827E0));
#4089=CARTESIAN_POINT('',(6.616411854404E0,-1.252739549598E0,
-6.155520988777E0));
#4090=CARTESIAN_POINT('',(6.563076989739E0,-1.280288695595E0,
-6.157938439588E0));
#4091=CARTESIAN_POINT('',(6.505469138607E0,-1.337853158471E0,
-6.162989748890E0));
#4092=CARTESIAN_POINT('',(6.478783541497E0,-1.403684163153E0,
-6.168766451211E0));
#4093=CARTESIAN_POINT('',(6.478890364109E0,-1.436259546773E0,
-6.171624956791E0));
#4095=DIRECTION('',(3.266938876262E-3,-9.961667033948E-1,-8.741410731626E-2));
#4096=VECTOR('',#4095,3.559479114429E0);
#4097=CARTESIAN_POINT('',(6.478890364109E0,-1.436259546773E0,
-6.171624956791E0));
#4098=LINE('',#4097,#4096);
#4099=CARTESIAN_POINT('',(6.490518964807E0,-4.982094121997E0,
-6.482773646089E0));
#4100=CARTESIAN_POINT('',(6.490625752132E0,-5.014655012377E0,
-6.485630879880E0));
#4101=CARTESIAN_POINT('',(6.517839360890E0,-5.080322406436E0,
-6.491393225290E0));
#4102=CARTESIAN_POINT('',(6.575819985315E0,-5.137473504846E0,
-6.496408261661E0));
#4103=CARTESIAN_POINT('',(6.629336179244E0,-5.164695969881E0,
-6.498797046062E0));
#4104=CARTESIAN_POINT('',(6.660771848170E0,-5.173237766805E0,
-6.499546592849E0));
#4105=CARTESIAN_POINT('',(6.677075745102E0,-5.174828275249E0,
-6.499686160730E0));
#4106=CARTESIAN_POINT('',(6.685236797611E0,-5.174801704388E0,
-6.499683829124E0));
#4108=DIRECTION('',(9.999946585412E-1,3.255957281768E-3,2.857118172468E-4));
#4109=VECTOR('',#4108,1.180268543151E0);
#4110=CARTESIAN_POINT('',(6.685236797611E0,-5.174801704388E0,
-6.499683829124E0));
#4111=LINE('',#4110,#4109);
#4112=CARTESIAN_POINT('',(7.865499036407E0,-5.170958800430E0,
-6.499346612454E0));
#4113=CARTESIAN_POINT('',(7.875129203342E0,-5.170927444222E0,
-6.499343860932E0));
#4114=CARTESIAN_POINT('',(7.894345268529E0,-5.169303409115E0,
-6.499201351070E0));
#4115=CARTESIAN_POINT('',(7.931854575350E0,-5.160752501240E0,
-6.498451004792E0));
#4116=CARTESIAN_POINT('',(7.996478068905E0,-5.133205600364E0,
-6.496033750992E0));
#4117=CARTESIAN_POINT('',(8.071468376550E0,-5.071470728888E0,
-6.490616486328E0));
#4118=CARTESIAN_POINT('',(8.111452712721E0,-4.999722638023E0,
-6.484320556849E0));
#4119=CARTESIAN_POINT('',(8.118752716852E0,-4.962132026897E0,
-6.481021962644E0));
#4121=DIRECTION('',(1.899304294458E-1,9.780392494636E-1,8.582341451571E-2));
#4122=VECTOR('',#4121,1.296845606435E0);
#4123=CARTESIAN_POINT('',(8.118752716852E0,-4.962132026897E0,
-6.481021962644E0));
#4124=LINE('',#4123,#4122);
#4125=CARTESIAN_POINT('',(8.365063159807E0,-3.693766123309E0,
-6.369722244600E0));
#4126=CARTESIAN_POINT('',(8.371629572516E0,-3.659952446165E0,
-6.366755078168E0));
#4127=CARTESIAN_POINT('',(8.403571120877E0,-3.595623531113E0,
-6.361110184934E0));
#4128=CARTESIAN_POINT('',(8.474743168328E0,-3.563059155118E0,
-6.358252645280E0));
#4129=CARTESIAN_POINT('',(8.522772766657E0,-3.557225690068E0,
-6.357740755916E0));
#4130=CARTESIAN_POINT('',(8.556301085766E0,-3.557574752546E0,
-6.357771386316E0));
#4131=CARTESIAN_POINT('',(8.614829685046E0,-3.570011163779E0,
-6.358862687383E0));
#4132=CARTESIAN_POINT('',(8.688204449417E0,-3.622826552841E0,
-6.363497263174E0));
#4133=CARTESIAN_POINT('',(8.710048626879E0,-3.693986333258E0,
-6.369741568129E0));
#4134=CARTESIAN_POINT('',(8.710163688086E0,-3.729072002360E0,
-6.372820352467E0));
#4136=DIRECTION('',(3.266918632318E-3,-9.961667034607E-1,-8.741410732193E-2));
#4137=VECTOR('',#4136,1.250574832441E0);
#4138=CARTESIAN_POINT('',(8.710163688086E0,-3.729072002360E0,
-6.372820352467E0));
#4139=LINE('',#4138,#4137);
#4140=CARTESIAN_POINT('',(8.714249214308E0,-4.974853010624E0,
-6.482138235084E0));
#4141=CARTESIAN_POINT('',(8.714356091074E0,-5.007440935970E0,
-6.484997841206E0));
#4142=CARTESIAN_POINT('',(8.741493755518E0,-5.073105304946E0,
-6.490759921164E0));
#4143=CARTESIAN_POINT('',(8.799494960829E0,-5.130279851070E0,
-6.495777015083E0));
#4144=CARTESIAN_POINT('',(8.853005004931E0,-5.157462644521E0,
-6.498162318283E0));
#4145=CARTESIAN_POINT('',(8.884483236685E0,-5.165998949946E0,
-6.498911383188E0));
#4146=CARTESIAN_POINT('',(8.900806744946E0,-5.167587445396E0,
-6.499050774428E0));
#4147=CARTESIAN_POINT('',(8.908977496399E0,-5.167560835825E0,
-6.499048439426E0));
#4149=DIRECTION('',(9.999946556665E-1,3.256833313148E-3,2.857886895486E-4));
#4150=VECTOR('',#4149,7.819710103354E-1);
#4151=CARTESIAN_POINT('',(8.908977496399E0,-5.167560835825E0,
-6.499048439426E0));
#4152=LINE('',#4151,#4150);
#4153=CARTESIAN_POINT('',(9.690944327620E0,-5.165014086589E0,
-6.498824960955E0));
#4154=CARTESIAN_POINT('',(9.699118844071E0,-5.164987462735E0,
-6.498822624699E0));
#4155=CARTESIAN_POINT('',(9.715439048330E0,-5.163291114632E0,
-6.498673769337E0));
#4156=CARTESIAN_POINT('',(9.746873850885E0,-5.154541698066E0,
-6.497906003827E0));
#4157=CARTESIAN_POINT('',(9.800208067181E0,-5.126994698610E0,
-6.495488741376E0));
#4158=CARTESIAN_POINT('',(9.857815491096E0,-5.069438292397E0,
-6.490438139050E0));
#4159=CARTESIAN_POINT('',(9.884500399478E0,-5.003613561098E0,
-6.484661987220E0));
#4160=CARTESIAN_POINT('',(9.884393589679E0,-4.971042596377E0,
-6.481803869401E0));
#4162=DIRECTION('',(-3.266939514774E-3,9.961667033927E-1,8.741410731608E-2));
#4163=VECTOR('',#4162,3.559479258520E0);
#4164=CARTESIAN_POINT('',(9.884393589679E0,-4.971042596377E0,
-6.481803869401E0));
#4165=LINE('',#4164,#4163);
#4166=CARTESIAN_POINT('',(9.872764986237E0,-1.425207877623E0,
-6.170655167507E0));
#4167=CARTESIAN_POINT('',(9.872658093760E0,-1.392615162597E0,
-6.167795141089E0));
#4168=CARTESIAN_POINT('',(9.845520836798E0,-1.326945217055E0,
-6.162032571785E0));
#4169=CARTESIAN_POINT('',(9.787522176677E0,-1.269761948170E0,
-6.157014712438E0));
#4170=CARTESIAN_POINT('',(9.734014212807E0,-1.242577439217E0,
-6.154629258704E0));
#4171=CARTESIAN_POINT('',(9.702539098331E0,-1.234041120300E0,
-6.153880192614E0));
#4172=CARTESIAN_POINT('',(9.686217088483E0,-1.232452599637E0,
-6.153740799161E0));
#4173=CARTESIAN_POINT('',(9.678047086901E0,-1.232479202340E0,
-6.153743133561E0));
#4175=DIRECTION('',(4.529709940470E-13,8.741457380117E-2,-9.961720194259E-1));
#4176=VECTOR('',#4175,4.000000000001E-1);
#4177=CARTESIAN_POINT('',(8.497771692508E0,-1.236322573533E0,
-6.154080391232E0));
#4178=LINE('',#4177,#4176);
#4179=DIRECTION('',(-1.900190034204E-1,-9.780221761380E-1,-8.582191632326E-2));
#4180=VECTOR('',#4179,1.297625772495E0);
#4181=CARTESIAN_POINT('',(8.243831595737E0,-1.414119609490E0,
-6.571219242773E0));
#4182=LINE('',#4181,#4180);
#4183=DIRECTION('',(2.220446049250E-14,-8.741457380031E-2,9.961720194260E-1));
#4184=VECTOR('',#4183,4.E-1);
#4185=CARTESIAN_POINT('',(7.997258039635E0,-2.683226391318E0,
-6.682583973239E0));
#4186=LINE('',#4185,#4184);
#4187=DIRECTION('',(-1.332267629550E-14,8.741457380034E-2,-9.961720194260E-1));
#4188=VECTOR('',#4187,3.999999999999E-1);
#4189=CARTESIAN_POINT('',(8.243831595737E0,-1.449085439010E0,
-6.172750435003E0));
#4190=LINE('',#4189,#4188);
#4191=DIRECTION('',(-1.717292974488E-11,8.741457919473E-2,-9.961720189527E-1));
#4192=VECTOR('',#4191,4.000000000006E-1);
#4193=CARTESIAN_POINT('',(1.056703044902E1,-4.858862706078E0,
-6.471960030076E0));
#4194=LINE('',#4193,#4192);
#4195=DIRECTION('',(3.441691376332E-12,-8.741457380076E-2,9.961720194260E-1));
#4196=VECTOR('',#4195,4.000000000007E-1);
#4197=CARTESIAN_POINT('',(1.083892869511E1,-4.979097767839E0,
-6.884047790698E0));
#4198=LINE('',#4197,#4196);
#4199=DIRECTION('',(-3.492761635465E-11,8.741458460927E-2,-9.961720184775E-1));
#4200=VECTOR('',#4199,4.000000000007E-1);
#4201=CARTESIAN_POINT('',(1.056370784682E1,-3.845410261305E0,
-6.383029090640E0));
#4202=LINE('',#4201,#4200);
#4203=DIRECTION('',(3.265930937443E-3,-9.961667066746E-1,-8.741410760387E-2));
#4204=VECTOR('',#4203,1.017352256553E0);
#4205=CARTESIAN_POINT('',(1.056370784681E1,-3.810444427462E0,
-6.781497898032E0));
#4206=LINE('',#4205,#4204);
#4207=DIRECTION('',(3.129407843964E-9,8.741457560261E-2,-9.961720192679E-1));
#4208=VECTOR('',#4207,4.000000000009E-1);
#4209=CARTESIAN_POINT('',(1.068402632668E1,-3.636681649062E0,
-6.364713054530E0));
#4210=LINE('',#4209,#4208);
#4211=DIRECTION('',(6.262643736920E-9,8.741457741055E-2,-9.961720191092E-1));
#4212=VECTOR('',#4211,4.000000000008E-1);
#4213=CARTESIAN_POINT('',(1.126744747676E1,-3.300034481898E0,
-6.335172103706E0));
#4214=LINE('',#4213,#4212);
#4215=DIRECTION('',(-3.148294958063E-9,8.741457558884E-2,-9.961720192691E-1));
#4216=VECTOR('',#4215,4.000000000005E-1);
#4217=CARTESIAN_POINT('',(1.126664870564E1,-3.091586812350E0,
-6.316880720453E0));
#4218=LINE('',#4217,#4216);
#4219=DIRECTION('',(-9.417968627178E-9,8.741457915205E-2,-9.961720189564E-1));
#4220=VECTOR('',#4219,4.000000000005E-1);
#4221=CARTESIAN_POINT('',(1.068114819081E1,-2.758858909636E0,
-6.287683686969E0));
#4222=LINE('',#4221,#4220);
#4223=DIRECTION('',(-1.717737063698E-11,8.741457919209E-2,-9.961720189529E-1));
#4224=VECTOR('',#4223,4.000000000005E-1);
#4225=CARTESIAN_POINT('',(1.055946138623E1,-2.550919032426E0,
-6.269436862738E0));
#4226=LINE('',#4225,#4224);
#4227=DIRECTION('',(-1.133759752746E-11,8.741457741486E-2,-9.961720191088E-1));
#4228=VECTOR('',#4227,4.000000000005E-1);
#4229=CARTESIAN_POINT('',(1.055613775930E1,-1.537466796291E0,
-6.180505941610E0));
#4230=LINE('',#4229,#4228);
#4231=DIRECTION('',(3.266938850759E-3,-9.961667033949E-1,-8.741410731638E-2));
#4232=VECTOR('',#4231,1.017352047575E0);
#4233=CARTESIAN_POINT('',(1.055613775929E1,-1.502500965325E0,
-6.578974749254E0));
#4234=LINE('',#4233,#4232);
#4235=DIRECTION('',(-5.160316618450E-12,8.741457380256E-2,-9.961720194258E-1));
#4236=VECTOR('',#4235,4.000000000006E-1);
#4237=CARTESIAN_POINT('',(1.082701216537E1,-1.380498442505E0,
-6.166731893073E0));
#4238=LINE('',#4237,#4236);
#4239=CARTESIAN_POINT('',(1.056703044902E1,-4.858862706078E0,
-6.471960030076E0));
#4240=CARTESIAN_POINT('',(1.056717085134E1,-4.901673708610E0,
-6.475716716137E0));
#4241=CARTESIAN_POINT('',(1.060120323336E1,-4.986573092711E0,
-6.483166677923E0));
#4242=CARTESIAN_POINT('',(1.069717425722E1,-5.038952299293E0,
-6.487762978492E0));
#4243=CARTESIAN_POINT('',(1.078129673521E1,-5.038275665449E0,
-6.487703603547E0));
#4244=CARTESIAN_POINT('',(1.082102215321E1,-5.024440141488E0,
-6.486489529665E0));
#4245=CARTESIAN_POINT('',(1.083892869511E1,-5.014063597360E0,
-6.485578982927E0));
#4247=DIRECTION('',(8.643880788728E-1,5.009004616151E-1,4.395425640815E-2));
#4248=VECTOR('',#4247,2.184096793763E0);
#4249=CARTESIAN_POINT('',(1.083892869511E1,-5.014063597360E0,
-6.485578982927E0));
#4250=LINE('',#4249,#4248);
#4251=CARTESIAN_POINT('',(1.272683592674E1,-3.920048505152E0,
-6.389578632434E0));
#4252=CARTESIAN_POINT('',(1.275072574105E1,-3.906204700481E0,
-6.388363831916E0));
#4253=CARTESIAN_POINT('',(1.279317927467E1,-3.867545437558E0,
-6.384971463002E0));
#4254=CARTESIAN_POINT('',(1.283484611857E1,-3.795108788708E0,
-6.378615112229E0));
#4255=CARTESIAN_POINT('',(1.284685893756E1,-3.739074542383E0,
-6.373698080164E0));
#4256=CARTESIAN_POINT('',(1.284676873211E1,-3.711542910774E0,
-6.371282166249E0));
#4258=DIRECTION('',(-3.265962478960E-3,9.961667065720E-1,8.741410759485E-2));
#4259=VECTOR('',#4258,1.045636184859E0);
#4260=CARTESIAN_POINT('',(1.284676873211E1,-3.711542910774E0,
-6.371282166249E0));
#4261=LINE('',#4260,#4259);
#4262=CARTESIAN_POINT('',(1.284335372356E1,-2.669914956231E0,
-6.279878812281E0));
#4263=CARTESIAN_POINT('',(1.284326343077E1,-2.642383184492E0,
-6.277462886069E0));
#4264=CARTESIAN_POINT('',(1.283088149899E1,-2.586428700112E0,
-6.272552853155E0));
#4265=CARTESIAN_POINT('',(1.278874158592E1,-2.514264287329E0,
-6.266220391227E0));
#4266=CARTESIAN_POINT('',(1.274603419470E1,-2.475883762676E0,
-6.262852481730E0));
#4267=CARTESIAN_POINT('',(1.272205423102E1,-2.462195872148E0,
-6.261651362752E0));
#4269=DIRECTION('',(-8.676561944695E-1,4.952615524391E-1,4.345943941600E-2));
#4270=VECTOR('',#4269,2.184093282258E0);
#4271=CARTESIAN_POINT('',(1.272205423102E1,-2.462195872148E0,
-6.261651362752E0));
#4272=LINE('',#4271,#4270);
#4273=CARTESIAN_POINT('',(1.082701216537E1,-1.380498442505E0,
-6.166731893073E0));
#4274=CARTESIAN_POINT('',(1.080824955792E1,-1.369788685482E0,
-6.165792106744E0));
#4275=CARTESIAN_POINT('',(1.076650005431E1,-1.355953735758E0,
-6.164578083252E0));
#4276=CARTESIAN_POINT('',(1.068037652535E1,-1.357594806915E0,
-6.164722088035E0));
#4277=CARTESIAN_POINT('',(1.058728683819E1,-1.413333225567E0,
-6.169613161079E0));
#4278=CARTESIAN_POINT('',(1.055600313232E1,-1.496414231884E0,
-6.176903559340E0));
#4279=CARTESIAN_POINT('',(1.055613775930E1,-1.537466796291E0,
-6.180505941610E0));
#4281=DIRECTION('',(3.266938850766E-3,-9.961667033949E-1,-8.741410731639E-2));
#4282=VECTOR('',#4281,1.017352048288E0);
#4283=CARTESIAN_POINT('',(1.055613775930E1,-1.537466796291E0,
-6.180505941610E0));
#4284=LINE('',#4283,#4282);
#4285=CARTESIAN_POINT('',(1.055946138623E1,-2.550919032426E0,
-6.269436862738E0));
#4286=CARTESIAN_POINT('',(1.055955183256E1,-2.578497637918E0,
-6.271856898632E0));
#4287=CARTESIAN_POINT('',(1.057198529668E1,-2.634549414645E0,
-6.276775468999E0));
#4288=CARTESIAN_POINT('',(1.061426391573E1,-2.706797554410E0,
-6.283115278010E0));
#4289=CARTESIAN_POINT('',(1.065710206468E1,-2.745191951558E0,
-6.286484404824E0));
#4290=CARTESIAN_POINT('',(1.068114819081E1,-2.758858909636E0,
-6.287683686969E0));
#4292=DIRECTION('',(8.686041385574E-1,-4.936098705098E-1,-4.331450353290E-2));
#4293=VECTOR('',#4292,6.740706022966E-1);
#4294=CARTESIAN_POINT('',(1.068114819081E1,-2.758858909636E0,
-6.287683686969E0));
#4295=LINE('',#4294,#4293);
#4296=CARTESIAN_POINT('',(1.126664870564E1,-3.091586812350E0,
-6.316880720453E0));
#4297=CARTESIAN_POINT('',(1.128292028215E1,-3.100830957055E0,
-6.317691898597E0));
#4298=CARTESIAN_POINT('',(1.130674041080E1,-3.136513393309E0,
-6.320823049539E0));
#4299=CARTESIAN_POINT('',(1.131541055421E1,-3.195475084353E0,
-6.325996966285E0));
#4300=CARTESIAN_POINT('',(1.130726905077E1,-3.254567301813E0,
-6.331182336787E0));
#4301=CARTESIAN_POINT('',(1.128374371676E1,-3.290631216834E0,
-6.334346962673E0));
#4302=CARTESIAN_POINT('',(1.126744747676E1,-3.300034481898E0,
-6.335172103706E0));
#4304=DIRECTION('',(-8.653165108369E-1,-4.993071506520E-1,-4.381444260494E-2));
#4305=VECTOR('',#4304,6.742286120358E-1);
#4306=CARTESIAN_POINT('',(1.126744747676E1,-3.300034481898E0,
-6.335172103706E0));
#4307=LINE('',#4306,#4305);
#4308=CARTESIAN_POINT('',(1.068402632668E1,-3.636681649062E0,
-6.364713054530E0));
#4309=CARTESIAN_POINT('',(1.066007021487E1,-3.650504891581E0,
-6.365926050710E0));
#4310=CARTESIAN_POINT('',(1.061748609509E1,-3.689178853365E0,
-6.369319709456E0));
#4311=CARTESIAN_POINT('',(1.057568118463E1,-3.761700050920E0,
-6.375683479420E0));
#4312=CARTESIAN_POINT('',(1.056361749081E1,-3.817831837654E0,
-6.380609070701E0));
#4313=CARTESIAN_POINT('',(1.056370784682E1,-3.845410261305E0,
-6.383029090640E0));
#4315=DIRECTION('',(3.265930937443E-3,-9.961667066746E-1,-8.741410760390E-2));
#4316=VECTOR('',#4315,1.017352254379E0);
#4317=CARTESIAN_POINT('',(1.056370784682E1,-3.845410261305E0,
-6.383029090640E0));
#4318=LINE('',#4317,#4316);
#4319=DIRECTION('',(-1.896318657654E-9,8.741457270385E-2,-9.961720195222E-1));
#4320=VECTOR('',#4319,4.000000000007E-1);
#4321=CARTESIAN_POINT('',(1.272683592674E1,-3.920048505152E0,
-6.389578632434E0));
#4322=LINE('',#4321,#4320);
#4323=DIRECTION('',(3.448352714478E-11,8.741456508485E-2,-9.961720201908E-1));
#4324=VECTOR('',#4323,4.000000000008E-1);
#4325=CARTESIAN_POINT('',(1.284676873211E1,-3.711542910774E0,
-6.371282166249E0));
#4326=LINE('',#4325,#4324);
#4327=DIRECTION('',(-3.265962478962E-3,9.961667065720E-1,8.741410759489E-2));
#4328=VECTOR('',#4327,1.045636185725E0);
#4329=CARTESIAN_POINT('',(1.284676873212E1,-3.676577084740E0,
-6.769750974326E0));
#4330=LINE('',#4329,#4328);
#4331=DIRECTION('',(2.742250870819E-11,8.741456724122E-2,-9.961720200016E-1));
#4332=VECTOR('',#4331,4.000000000008E-1);
#4333=CARTESIAN_POINT('',(1.284335372356E1,-2.669914956231E0,
-6.279878812281E0));
#4334=LINE('',#4333,#4332);
#4335=DIRECTION('',(7.617542152603E-9,8.741456945147E-2,-9.961720198076E-1));
#4336=VECTOR('',#4335,4.000000000007E-1);
#4337=CARTESIAN_POINT('',(1.272205423102E1,-2.462195872148E0,
-6.261651362752E0));
#4338=LINE('',#4337,#4336);
#4339=DIRECTION('',(1.414556330083E-12,8.741457380280E-2,-9.961720194258E-1));
#4340=VECTOR('',#4339,2.491446890038E0);
#4341=CARTESIAN_POINT('',(-4.980940107674E1,-3.113488446054E0,
-4.219318926591E0));
#4342=LINE('',#4341,#4340);
#4343=DIRECTION('',(7.577572921435E-12,-8.741457381575E-2,9.961720194247E-1));
#4344=VECTOR('',#4343,2.491446890038E0);
#4345=CARTESIAN_POINT('',(-4.980940107674E1,-3.294168485849E0,
-6.736194435859E0));
#4346=LINE('',#4345,#4344);
#4347=CARTESIAN_POINT('',(-4.651850454238E1,-5.006215282995E0,
-4.385406616815E0));
#4348=DIRECTION('',(0.E0,-8.741457380056E-2,9.961720194260E-1));
#4349=DIRECTION('',(-4.618527782441E-12,-9.961720194260E-1,-8.741457380056E-2));
#4350=AXIS2_PLACEMENT_3D('',#4347,#4348,#4349);
#4352=CARTESIAN_POINT('',(-4.651850454238E1,-5.006215282995E0,
-4.385406616815E0));
#4353=DIRECTION('',(0.E0,-8.741457380056E-2,9.961720194260E-1));
#4354=DIRECTION('',(5.000000000004E-1,-8.627102753619E-1,-7.570324157226E-2));
#4355=AXIS2_PLACEMENT_3D('',#4352,#4353,#4354);
#4357=DIRECTION('',(4.999999999996E-1,8.627102753624E-1,7.570324157230E-2));
#4358=VECTOR('',#4357,1.962990915185E0);
#4359=CARTESIAN_POINT('',(-4.617209438085E1,-5.205449686862E0,
-4.402889531573E0));
#4360=LINE('',#4359,#4358);
#4361=CARTESIAN_POINT('',(-4.553700908476E1,-3.312722849971E0,
-4.236801841354E0));
#4362=DIRECTION('',(0.E0,-8.741457380056E-2,9.961720194260E-1));
#4363=DIRECTION('',(8.660254036977E-1,-4.980860098626E-1,-4.370728691341E-2));
#4364=AXIS2_PLACEMENT_3D('',#4361,#4362,#4363);
#4366=CARTESIAN_POINT('',(-4.553700908476E1,-3.312722849971E0,
-4.236801841354E0));
#4367=DIRECTION('',(0.E0,-8.741457380056E-2,9.961720194260E-1));
#4368=DIRECTION('',(1.E0,1.055822096419E-12,9.325873406851E-14));
#4369=AXIS2_PLACEMENT_3D('',#4366,#4367,#4368);
#4371=DIRECTION('',(-4.999999999996E-1,8.627102753624E-1,7.570324157230E-2));
#4372=VECTOR('',#4371,1.962990915163E0);
#4373=CARTESIAN_POINT('',(-4.519059892327E1,-3.113488446045E0,
-4.219318926590E0));
#4374=LINE('',#4373,#4372);
#4375=CARTESIAN_POINT('',(-4.651850454238E1,-1.619230416947E0,
-4.088197065893E0));
#4376=DIRECTION('',(0.E0,-8.741457380056E-2,9.961720194260E-1));
#4377=DIRECTION('',(8.660254038517E-1,4.980860095969E-1,4.370728689009E-2));
#4378=AXIS2_PLACEMENT_3D('',#4375,#4376,#4377);
#4380=CARTESIAN_POINT('',(-4.651850454238E1,-1.619230416947E0,
-4.088197065893E0));
#4381=DIRECTION('',(0.E0,-8.741457380056E-2,9.961720194260E-1));
#4382=DIRECTION('',(5.E-1,8.627102753622E-1,7.570324157228E-2));
#4383=AXIS2_PLACEMENT_3D('',#4380,#4381,#4382);
#4385=CARTESIAN_POINT('',(-4.848149545762E1,-1.619230416947E0,
-4.088197065893E0));
#4386=DIRECTION('',(0.E0,-8.741457380056E-2,9.961720194260E-1));
#4387=DIRECTION('',(-2.382094521636E-11,9.961720194260E-1,8.741457380056E-2));
#4388=AXIS2_PLACEMENT_3D('',#4385,#4386,#4387);
#4390=CARTESIAN_POINT('',(-4.848149545762E1,-1.619230416947E0,
-4.088197065893E0));
#4391=DIRECTION('',(0.E0,-8.741457380056E-2,9.961720194260E-1));
#4392=DIRECTION('',(-5.E-1,8.627102753622E-1,7.570324157227E-2));
#4393=AXIS2_PLACEMENT_3D('',#4390,#4391,#4392);
#4395=DIRECTION('',(-4.999999999996E-1,-8.627102753624E-1,-7.570324157230E-2));
#4396=VECTOR('',#4395,1.962990915186E0);
#4397=CARTESIAN_POINT('',(-4.882790561915E1,-1.419996013080E0,
-4.070714151135E0));
#4398=LINE('',#4397,#4396);
#4399=CARTESIAN_POINT('',(-4.946299091524E1,-3.312722849971E0,
-4.236801841354E0));
#4400=DIRECTION('',(0.E0,-8.741457380056E-2,9.961720194260E-1));
#4401=DIRECTION('',(-8.660254036969E-1,4.980860098641E-1,4.370728691354E-2));
#4402=AXIS2_PLACEMENT_3D('',#4399,#4400,#4401);
#4404=CARTESIAN_POINT('',(-4.946299091524E1,-3.312722849971E0,
-4.236801841354E0));
#4405=DIRECTION('',(0.E0,-8.741457380056E-2,9.961720194260E-1));
#4406=DIRECTION('',(-1.E0,1.045830089197E-12,9.103828801926E-14));
#4407=AXIS2_PLACEMENT_3D('',#4404,#4405,#4406);
#4409=DIRECTION('',(4.999999999996E-1,-8.627102753624E-1,-7.570324157231E-2));
#4410=VECTOR('',#4409,1.962990915100E0);
#4411=CARTESIAN_POINT('',(-4.980940107672E1,-3.511957253927E0,
-4.254284756120E0));
#4412=LINE('',#4411,#4410);
#4413=CARTESIAN_POINT('',(-4.848149545762E1,-5.006215282995E0,
-4.385406616815E0));
#4414=DIRECTION('',(0.E0,-8.741457380056E-2,9.961720194260E-1));
#4415=DIRECTION('',(-8.660254039762E-1,-4.980860093821E-1,-4.370728687124E-2));
#4416=AXIS2_PLACEMENT_3D('',#4413,#4414,#4415);
#4418=CARTESIAN_POINT('',(-4.848149545762E1,-5.006215282995E0,
-4.385406616815E0));
#4419=DIRECTION('',(0.E0,-8.741457380056E-2,9.961720194260E-1));
#4420=DIRECTION('',(-5.000000000004E-1,-8.627102753619E-1,-7.570324157225E-2));
#4421=AXIS2_PLACEMENT_3D('',#4418,#4419,#4420);
#4423=CARTESIAN_POINT('',(-4.75E1,-3.312722849971E0,-4.236801841354E0));
#4424=DIRECTION('',(0.E0,8.741457380056E-2,-9.961720194260E-1));
#4425=DIRECTION('',(-1.E0,3.649254811377E-13,3.166549148496E-14));
#4426=AXIS2_PLACEMENT_3D('',#4423,#4424,#4425);
#4428=CARTESIAN_POINT('',(-4.75E1,-3.312722849971E0,-4.236801841354E0));
#4429=DIRECTION('',(0.E0,8.741457380056E-2,-9.961720194260E-1));
#4430=DIRECTION('',(1.E0,3.649254811377E-13,3.166549148496E-14));
#4431=AXIS2_PLACEMENT_3D('',#4428,#4429,#4430);
#4433=DIRECTION('',(-2.629477694227E-12,8.741457380049E-2,-9.961720194260E-1));
#4434=VECTOR('',#4433,2.491446890038E0);
#4435=CARTESIAN_POINT('',(-4.651850454238E1,-5.404684090766E0,
-4.420372446335E0));
#4436=LINE('',#4435,#4434);
#4437=DIRECTION('',(-2.792037595064E-12,-8.741457380533E-2,9.961720194256E-1));
#4438=VECTOR('',#4437,2.491446890038E0);
#4439=CARTESIAN_POINT('',(-4.617209438085E1,-4.987660918810E0,
-6.884799211314E0));
#4440=LINE('',#4439,#4438);
#4441=DIRECTION('',(-1.E0,0.E0,0.E0));
#4442=VECTOR('',#4441,1.962990915238E0);
#4443=CARTESIAN_POINT('',(-4.651850454238E1,-5.404684090766E0,
-4.420372446335E0));
#4444=LINE('',#4443,#4442);
#4445=DIRECTION('',(9.494068594449E-12,8.741457378629E-2,-9.961720194272E-1));
#4446=VECTOR('',#4445,2.491446890039E0);
#4447=CARTESIAN_POINT('',(-4.882790561917E1,-5.205449686826E0,
-4.402889531570E0));
#4448=LINE('',#4447,#4446);
#4449=DIRECTION('',(-1.212069436059E-12,-8.741457380049E-2,9.961720194260E-1));
#4450=VECTOR('',#4449,2.491446890039E0);
#4451=CARTESIAN_POINT('',(-4.848149545762E1,-5.186895322727E0,
-6.902282126078E0));
#4452=LINE('',#4451,#4450);
#4453=DIRECTION('',(-2.669404687416E-12,8.741457379592E-2,-9.961720194264E-1));
#4454=VECTOR('',#4453,2.491446890038E0);
#4455=CARTESIAN_POINT('',(-4.519059892326E1,-3.511957253888E0,
-4.254284756117E0));
#4456=LINE('',#4455,#4454);
#4457=DIRECTION('',(-2.623773838058E-12,-8.741457379598E-2,9.961720194264E-1));
#4458=VECTOR('',#4457,2.491446890038E0);
#4459=CARTESIAN_POINT('',(-4.519059892326E1,-2.895699678016E0,
-6.701228606333E0));
#4460=LINE('',#4459,#4458);
#4461=DIRECTION('',(-2.267282827452E-12,8.741457380442E-2,-9.961720194257E-1));
#4462=VECTOR('',#4461,2.491446890038E0);
#4463=CARTESIAN_POINT('',(-4.617209438085E1,-1.419996013090E0,
-4.070714151135E0));
#4464=LINE('',#4463,#4462);
#4465=DIRECTION('',(-6.388318910054E-13,-8.741457380050E-2,9.961720194260E-1));
#4466=VECTOR('',#4465,2.491446890038E0);
#4467=CARTESIAN_POINT('',(-4.651850454238E1,-1.002972841138E0,
-6.535140916115E0));
#4468=LINE('',#4467,#4466);
#4469=DIRECTION('',(1.E0,0.E0,0.E0));
#4470=VECTOR('',#4469,1.962990915245E0);
#4471=CARTESIAN_POINT('',(-4.848149545762E1,-1.220761609177E0,
-4.053231236373E0));
#4472=LINE('',#4471,#4470);
#4473=DIRECTION('',(6.416838190902E-13,8.741457380050E-2,-9.961720194260E-1));
#4474=VECTOR('',#4473,2.491446890038E0);
#4475=CARTESIAN_POINT('',(-4.848149545762E1,-1.220761609177E0,
-4.053231236373E0));
#4476=LINE('',#4475,#4474);
#4477=DIRECTION('',(1.830937830471E-12,-8.741457379720E-2,9.961720194263E-1));
#4478=VECTOR('',#4477,2.491446890038E0);
#4479=CARTESIAN_POINT('',(-4.882790561915E1,-1.202207245049E0,
-6.552623830877E0));
#4480=LINE('',#4479,#4478);
#4481=DIRECTION('',(-1.671865260611E-14,-8.741457380061E-2,9.961720194260E-1));
#4482=VECTOR('',#4481,1.700000000001E0);
#4483=CARTESIAN_POINT('',(-4.865E1,-3.312722849972E0,-4.236801841354E0));
#4484=LINE('',#4483,#4482);
#4485=DIRECTION('',(2.089831575764E-14,8.741457380081E-2,-9.961720194260E-1));
#4486=VECTOR('',#4485,1.700000000001E0);
#4487=CARTESIAN_POINT('',(-4.635E1,-3.461327625433E0,-2.543309408329E0));
#4488=LINE('',#4487,#4486);
#4489=CARTESIAN_POINT('',(-4.75E1,-3.461327625432E0,-2.543309408329E0));
#4490=DIRECTION('',(0.E0,8.741457380056E-2,-9.961720194260E-1));
#4491=DIRECTION('',(1.E0,-2.475314639251E-13,-2.162521369705E-14));
#4492=AXIS2_PLACEMENT_3D('',#4489,#4490,#4491);
#4494=CARTESIAN_POINT('',(-4.75E1,-3.461327625432E0,-2.543309408329E0));
#4495=DIRECTION('',(0.E0,8.741457380056E-2,-9.961720194260E-1));
#4496=DIRECTION('',(-1.E0,-2.471452993948E-13,-2.162521369705E-14));
#4497=AXIS2_PLACEMENT_3D('',#4494,#4495,#4496);
#4499=CARTESIAN_POINT('',(4.75E1,-3.461327625432E0,-2.543309408329E0));
#4500=DIRECTION('',(0.E0,8.741457380056E-2,-9.961720194260E-1));
#4501=DIRECTION('',(1.E0,-2.475314639251E-13,-2.162521369705E-14));
#4502=AXIS2_PLACEMENT_3D('',#4499,#4500,#4501);
#4504=CARTESIAN_POINT('',(4.75E1,-3.461327625432E0,-2.543309408329E0));
#4505=DIRECTION('',(0.E0,8.741457380056E-2,-9.961720194260E-1));
#4506=DIRECTION('',(-1.E0,-2.471452993948E-13,-2.162521369705E-14));
#4507=AXIS2_PLACEMENT_3D('',#4504,#4505,#4506);
#4509=CARTESIAN_POINT('',(-4.75E1,-3.461327625432E0,-2.543309408329E0));
#4510=DIRECTION('',(0.E0,-8.741457380055E-2,9.961720194260E-1));
#4511=DIRECTION('',(1.E0,-2.569218550645E-13,-2.252940381678E-14));
#4512=AXIS2_PLACEMENT_3D('',#4509,#4510,#4511);
#4514=CARTESIAN_POINT('',(-4.75E1,-3.461327625432E0,-2.543309408329E0));
#4515=DIRECTION('',(0.E0,-8.741457380055E-2,9.961720194260E-1));
#4516=DIRECTION('',(-1.E0,-2.567052261816E-13,-2.252940381678E-14));
#4517=AXIS2_PLACEMENT_3D('',#4514,#4515,#4516);
#4519=CARTESIAN_POINT('',(4.75E1,-3.461327625432E0,-2.543309408329E0));
#4520=DIRECTION('',(0.E0,-8.741457380055E-2,9.961720194260E-1));
#4521=DIRECTION('',(1.E0,-2.569218550645E-13,-2.252940381678E-14));
#4522=AXIS2_PLACEMENT_3D('',#4519,#4520,#4521);
#4524=CARTESIAN_POINT('',(4.75E1,-3.461327625432E0,-2.543309408329E0));
#4525=DIRECTION('',(0.E0,-8.741457380055E-2,9.961720194260E-1));
#4526=DIRECTION('',(-1.E0,-2.567052261816E-13,-2.252940381678E-14));
#4527=AXIS2_PLACEMENT_3D('',#4524,#4525,#4526);
#4529=DIRECTION('',(-1.671865260611E-14,-8.741457380081E-2,9.961720194260E-1));
#4530=VECTOR('',#4529,1.700000000001E0);
#4531=CARTESIAN_POINT('',(4.635E1,-3.312722849971E0,-4.236801841354E0));
#4532=LINE('',#4531,#4530);
#4533=DIRECTION('',(2.507797890917E-14,8.741457380068E-2,-9.961720194260E-1));
#4534=VECTOR('',#4533,1.700000000001E0);
#4535=CARTESIAN_POINT('',(4.865E1,-3.461327625433E0,-2.543309408329E0));
#4536=LINE('',#4535,#4534);
#4537=CARTESIAN_POINT('',(4.651850454238E1,-5.006215282995E0,
-4.385406616815E0));
#4538=DIRECTION('',(0.E0,-8.741457380056E-2,9.961720194260E-1));
#4539=DIRECTION('',(-8.660254039834E-1,-4.980860093698E-1,-4.370728687016E-2));
#4540=AXIS2_PLACEMENT_3D('',#4537,#4538,#4539);
#4542=CARTESIAN_POINT('',(4.651850454238E1,-5.006215282995E0,
-4.385406616815E0));
#4543=DIRECTION('',(0.E0,-8.741457380056E-2,9.961720194260E-1));
#4544=DIRECTION('',(-5.000000000004E-1,-8.627102753619E-1,-7.570324157225E-2));
#4545=AXIS2_PLACEMENT_3D('',#4542,#4543,#4544);
#4547=CARTESIAN_POINT('',(4.848149545762E1,-5.006215282995E0,
-4.385406616815E0));
#4548=DIRECTION('',(0.E0,-8.741457380056E-2,9.961720194260E-1));
#4549=DIRECTION('',(-4.618527782441E-12,-9.961720194260E-1,-8.741457380056E-2));
#4550=AXIS2_PLACEMENT_3D('',#4547,#4548,#4549);
#4552=CARTESIAN_POINT('',(4.848149545762E1,-5.006215282995E0,
-4.385406616815E0));
#4553=DIRECTION('',(0.E0,-8.741457380056E-2,9.961720194260E-1));
#4554=DIRECTION('',(5.000000000004E-1,-8.627102753619E-1,-7.570324157226E-2));
#4555=AXIS2_PLACEMENT_3D('',#4552,#4553,#4554);
#4557=DIRECTION('',(4.999999999996E-1,8.627102753624E-1,7.570324157230E-2));
#4558=VECTOR('',#4557,1.962990915185E0);
#4559=CARTESIAN_POINT('',(4.882790561915E1,-5.205449686862E0,
-4.402889531573E0));
#4560=LINE('',#4559,#4558);
#4561=CARTESIAN_POINT('',(4.946299091524E1,-3.312722849971E0,
-4.236801841354E0));
#4562=DIRECTION('',(0.E0,-8.741457380056E-2,9.961720194260E-1));
#4563=DIRECTION('',(8.660254036977E-1,-4.980860098626E-1,-4.370728691341E-2));
#4564=AXIS2_PLACEMENT_3D('',#4561,#4562,#4563);
#4566=CARTESIAN_POINT('',(4.946299091524E1,-3.312722849971E0,
-4.236801841354E0));
#4567=DIRECTION('',(0.E0,-8.741457380056E-2,9.961720194260E-1));
#4568=DIRECTION('',(1.E0,1.045830089197E-12,9.103828801926E-14));
#4569=AXIS2_PLACEMENT_3D('',#4566,#4567,#4568);
#4571=DIRECTION('',(-4.999999999996E-1,8.627102753624E-1,7.570324157230E-2));
#4572=VECTOR('',#4571,1.962990915160E0);
#4573=CARTESIAN_POINT('',(4.980940107673E1,-3.113488446043E0,
-4.219318926590E0));
#4574=LINE('',#4573,#4572);
#4575=CARTESIAN_POINT('',(4.848149545762E1,-1.619230416947E0,
-4.088197065893E0));
#4576=DIRECTION('',(0.E0,-8.741457380056E-2,9.961720194260E-1));
#4577=DIRECTION('',(8.660254038588E-1,4.980860095846E-1,4.370728688901E-2));
#4578=AXIS2_PLACEMENT_3D('',#4575,#4576,#4577);
#4580=CARTESIAN_POINT('',(4.848149545762E1,-1.619230416947E0,
-4.088197065893E0));
#4581=DIRECTION('',(0.E0,-8.741457380056E-2,9.961720194260E-1));
#4582=DIRECTION('',(5.E-1,8.627102753622E-1,7.570324157228E-2));
#4583=AXIS2_PLACEMENT_3D('',#4580,#4581,#4582);
#4585=CARTESIAN_POINT('',(4.651850454238E1,-1.619230416947E0,
-4.088197065893E0));
#4586=DIRECTION('',(0.E0,-8.741457380056E-2,9.961720194260E-1));
#4587=DIRECTION('',(-2.382094521636E-11,9.961720194260E-1,8.741457380056E-2));
#4588=AXIS2_PLACEMENT_3D('',#4585,#4586,#4587);
#4590=CARTESIAN_POINT('',(4.651850454238E1,-1.619230416947E0,
-4.088197065893E0));
#4591=DIRECTION('',(0.E0,-8.741457380056E-2,9.961720194260E-1));
#4592=DIRECTION('',(-5.E-1,8.627102753622E-1,7.570324157227E-2));
#4593=AXIS2_PLACEMENT_3D('',#4590,#4591,#4592);
#4595=DIRECTION('',(-4.999999999996E-1,-8.627102753624E-1,-7.570324157230E-2));
#4596=VECTOR('',#4595,1.962990915186E0);
#4597=CARTESIAN_POINT('',(4.617209438085E1,-1.419996013080E0,
-4.070714151134E0));
#4598=LINE('',#4597,#4596);
#4599=CARTESIAN_POINT('',(4.553700908476E1,-3.312722849971E0,
-4.236801841354E0));
#4600=DIRECTION('',(0.E0,-8.741457380056E-2,9.961720194260E-1));
#4601=DIRECTION('',(-8.660254036969E-1,4.980860098641E-1,4.370728691354E-2));
#4602=AXIS2_PLACEMENT_3D('',#4599,#4600,#4601);
#4604=CARTESIAN_POINT('',(4.553700908476E1,-3.312722849971E0,
-4.236801841354E0));
#4605=DIRECTION('',(0.E0,-8.741457380056E-2,9.961720194260E-1));
#4606=DIRECTION('',(-1.E0,1.045830089197E-12,9.103828801926E-14));
#4607=AXIS2_PLACEMENT_3D('',#4604,#4605,#4606);
#4609=DIRECTION('',(4.999999999996E-1,-8.627102753624E-1,-7.570324157231E-2));
#4610=VECTOR('',#4609,1.962990915095E0);
#4611=CARTESIAN_POINT('',(4.519059892328E1,-3.511957253929E0,
-4.254284756120E0));
#4612=LINE('',#4611,#4610);
#4613=CARTESIAN_POINT('',(4.75E1,-3.312722849971E0,-4.236801841354E0));
#4614=DIRECTION('',(0.E0,8.741457380056E-2,-9.961720194260E-1));
#4615=DIRECTION('',(-1.E0,3.649254811377E-13,3.166549148496E-14));
#4616=AXIS2_PLACEMENT_3D('',#4613,#4614,#4615);
#4618=CARTESIAN_POINT('',(4.75E1,-3.312722849971E0,-4.236801841354E0));
#4619=DIRECTION('',(0.E0,8.741457380056E-2,-9.961720194260E-1));
#4620=DIRECTION('',(1.E0,3.649254811377E-13,3.166549148496E-14));
#4621=AXIS2_PLACEMENT_3D('',#4618,#4619,#4620);
#4623=DIRECTION('',(9.873375029735E-12,8.741457378576E-2,-9.961720194273E-1));
#4624=VECTOR('',#4623,2.491446890038E0);
#4625=CARTESIAN_POINT('',(4.617209438083E1,-5.205449686825E0,
-4.402889531570E0));
#4626=LINE('',#4625,#4624);
#4627=DIRECTION('',(-1.403148617744E-12,-8.741457380050E-2,9.961720194260E-1));
#4628=VECTOR('',#4627,2.491446890038E0);
#4629=CARTESIAN_POINT('',(4.651850454238E1,-5.186895322727E0,
-6.902282126077E0));
#4630=LINE('',#4629,#4628);
#4631=DIRECTION('',(1.417408258168E-12,8.741457380280E-2,-9.961720194258E-1));
#4632=VECTOR('',#4631,2.491446890038E0);
#4633=CARTESIAN_POINT('',(4.519059892326E1,-3.113488446054E0,
-4.219318926591E0));
#4634=LINE('',#4633,#4632);
#4635=DIRECTION('',(8.053844911603E-12,-8.741457381670E-2,9.961720194246E-1));
#4636=VECTOR('',#4635,2.491446890038E0);
#4637=CARTESIAN_POINT('',(4.519059892326E1,-3.294168485849E0,
-6.736194435859E0));
#4638=LINE('',#4637,#4636);
#4639=DIRECTION('',(6.388318910054E-13,8.741457380050E-2,-9.961720194260E-1));
#4640=VECTOR('',#4639,2.491446890038E0);
#4641=CARTESIAN_POINT('',(4.651850454238E1,-1.220761609177E0,
-4.053231236373E0));
#4642=LINE('',#4641,#4640);
#4643=DIRECTION('',(1.865160967489E-12,-8.741457379714E-2,9.961720194263E-1));
#4644=VECTOR('',#4643,2.491446890038E0);
#4645=CARTESIAN_POINT('',(4.617209438085E1,-1.202207245049E0,
-6.552623830877E0));
#4646=LINE('',#4645,#4644);
#4647=DIRECTION('',(1.E0,0.E0,0.E0));
#4648=VECTOR('',#4647,1.962990915245E0);
#4649=CARTESIAN_POINT('',(4.651850454238E1,-1.220761609177E0,
-4.053231236373E0));
#4650=LINE('',#4649,#4648);
#4651=DIRECTION('',(-2.258727043198E-12,8.741457380441E-2,-9.961720194257E-1));
#4652=VECTOR('',#4651,2.491446890038E0);
#4653=CARTESIAN_POINT('',(4.882790561915E1,-1.419996013091E0,
-4.070714151136E0));
#4654=LINE('',#4653,#4652);
#4655=DIRECTION('',(-6.359799629206E-13,-8.741457380050E-2,9.961720194260E-1));
#4656=VECTOR('',#4655,2.491446890038E0);
#4657=CARTESIAN_POINT('',(4.848149545762E1,-1.002972841138E0,
-6.535140916115E0));
#4658=LINE('',#4657,#4656);
#4659=DIRECTION('',(-2.652293118906E-12,8.741457379595E-2,-9.961720194264E-1));
#4660=VECTOR('',#4659,2.491446890038E0);
#4661=CARTESIAN_POINT('',(4.980940107674E1,-3.511957253888E0,
-4.254284756117E0));
#4662=LINE('',#4661,#4660);
#4663=DIRECTION('',(-2.632329622313E-12,-8.741457379598E-2,9.961720194264E-1));
#4664=VECTOR('',#4663,2.491446890038E0);
#4665=CARTESIAN_POINT('',(4.980940107674E1,-2.895699678015E0,
-6.701228606333E0));
#4666=LINE('',#4665,#4664);
#4667=DIRECTION('',(-2.486881289985E-12,8.741457380050E-2,-9.961720194260E-1));
#4668=VECTOR('',#4667,2.491446890038E0);
#4669=CARTESIAN_POINT('',(4.848149545762E1,-5.404684090766E0,
-4.420372446335E0));
#4670=LINE('',#4669,#4668);
#4671=DIRECTION('',(-2.797741451234E-12,-8.741457380535E-2,9.961720194256E-1));
#4672=VECTOR('',#4671,2.491446890038E0);
#4673=CARTESIAN_POINT('',(4.882790561915E1,-4.987660918810E0,
-6.884799211314E0));
#4674=LINE('',#4673,#4672);
#4675=DIRECTION('',(-1.E0,0.E0,0.E0));
#4676=VECTOR('',#4675,1.962990915238E0);
#4677=CARTESIAN_POINT('',(4.848149545762E1,-5.404684090766E0,
-4.420372446335E0));
#4678=LINE('',#4677,#4676);
#4679=DIRECTION('',(0.E0,-8.741457380055E-2,9.961720194260E-1));
#4680=VECTOR('',#4679,1.2E0);
#4681=CARTESIAN_POINT('',(-4.545E1,-3.356430136872E0,-3.738715831640E0));
#4682=LINE('',#4681,#4680);
#4683=DIRECTION('',(0.E0,-8.741457380055E-2,9.961720194260E-1));
#4684=VECTOR('',#4683,1.2E0);
#4685=CARTESIAN_POINT('',(-4.955E1,-3.356430136872E0,-3.738715831640E0));
#4686=LINE('',#4685,#4684);
#4687=DIRECTION('',(0.E0,-8.741457380055E-2,9.961720194260E-1));
#4688=VECTOR('',#4687,1.2E0);
#4689=CARTESIAN_POINT('',(4.955E1,-3.356430136872E0,-3.738715831640E0));
#4690=LINE('',#4689,#4688);
#4691=DIRECTION('',(0.E0,-8.741457380055E-2,9.961720194260E-1));
#4692=VECTOR('',#4691,1.2E0);
#4693=CARTESIAN_POINT('',(4.545E1,-3.356430136872E0,-3.738715831640E0));
#4694=LINE('',#4693,#4692);
#4695=DIRECTION('',(0.E0,9.978778322234E-1,6.511399202191E-2));
#4696=VECTOR('',#4695,1.5E0);
#4697=CARTESIAN_POINT('',(-6.75E1,3.635398711249E0,-7.084204801564E0));
#4698=LINE('',#4697,#4696);
#4699=DIRECTION('',(0.E0,-9.978778322234E-1,-6.511399202191E-2));
#4700=VECTOR('',#4699,1.5E0);
#4701=CARTESIAN_POINT('',(-5.25E1,5.132215459584E0,-6.986533813531E0));
#4702=LINE('',#4701,#4700);
#4703=CARTESIAN_POINT('',(-6.E1,3.635398711249E0,-7.084204801564E0));
#4704=DIRECTION('',(0.E0,-9.978778322235E-1,-6.511399202186E-2));
#4705=DIRECTION('',(1.E0,0.E0,-3.007964248051E-14));
#4706=AXIS2_PLACEMENT_3D('',#4703,#4704,#4705);
#4708=CARTESIAN_POINT('',(-6.E1,3.635398711249E0,-7.084204801564E0));
#4709=DIRECTION('',(0.E0,-9.978778322235E-1,-6.511399202186E-2));
#4710=DIRECTION('',(-1.E0,0.E0,-2.996121869122E-14));
#4711=AXIS2_PLACEMENT_3D('',#4708,#4709,#4710);
#4713=DIRECTION('',(0.E0,9.978778322234E-1,6.511399202191E-2));
#4714=VECTOR('',#4713,1.5E0);
#4715=CARTESIAN_POINT('',(7.5E0,3.635398711249E0,-7.084204801564E0));
#4716=LINE('',#4715,#4714);
#4717=DIRECTION('',(0.E0,-9.978778322234E-1,-6.511399202191E-2));
#4718=VECTOR('',#4717,1.5E0);
#4719=CARTESIAN_POINT('',(-7.5E0,5.132215459584E0,-6.986533813531E0));
#4720=LINE('',#4719,#4718);
#4721=CARTESIAN_POINT('',(0.E0,3.635398711249E0,-7.084204801564E0));
#4722=DIRECTION('',(0.E0,-9.978778322235E-1,-6.511399202186E-2));
#4723=DIRECTION('',(-1.E0,0.E0,-2.996121869122E-14));
#4724=AXIS2_PLACEMENT_3D('',#4721,#4722,#4723);
#4726=CARTESIAN_POINT('',(0.E0,3.635398711249E0,-7.084204801564E0));
#4727=DIRECTION('',(0.E0,-9.978778322235E-1,-6.511399202186E-2));
#4728=DIRECTION('',(1.E0,0.E0,-3.007964248051E-14));
#4729=AXIS2_PLACEMENT_3D('',#4726,#4727,#4728);
#4731=CARTESIAN_POINT('',(6.75E1,3.635398711249E0,-7.084204801564E0));
#4732=CARTESIAN_POINT('',(5.25E1,3.635398711249E0,-7.084204801564E0));
#4733=VERTEX_POINT('',#4731);
#4734=VERTEX_POINT('',#4732);
#4735=CARTESIAN_POINT('',(5.25E1,5.132215459584E0,-6.986533813531E0));
#4736=VERTEX_POINT('',#4735);
#4737=CARTESIAN_POINT('',(6.75E1,5.132215459584E0,-6.986533813531E0));
#4738=VERTEX_POINT('',#4737);
#4739=CARTESIAN_POINT('',(6.75E1,4.106031309471E0,8.739831340557E0));
#4740=CARTESIAN_POINT('',(-6.75E1,4.106031309471E0,8.739831340557E0));
#4741=VERTEX_POINT('',#4739);
#4742=VERTEX_POINT('',#4740);
#4743=VERTEX_POINT('',#1765);
#4744=VERTEX_POINT('',#1787);
#4745=CARTESIAN_POINT('',(-8.E1,5.344271085399E0,-1.023630550820E1));
#4746=VERTEX_POINT('',#4745);
#4747=VERTEX_POINT('',#1737);
#4748=VERTEX_POINT('',#1731);
#4749=CARTESIAN_POINT('',(6.749999999997E1,6.158399609696E0,-2.271289896762E1));
#4750=VERTEX_POINT('',#4749);
#4751=VERTEX_POINT('',#1793);
#4752=VERTEX_POINT('',#1815);
#4753=CARTESIAN_POINT('',(8.E1,4.920159833768E0,-3.736762118864E0));
#4754=VERTEX_POINT('',#4753);
#4755=VERTEX_POINT('',#1853);
#4756=CARTESIAN_POINT('',(-6.75E1,5.132215459584E0,-6.986533813531E0));
#4757=CARTESIAN_POINT('',(-5.25E1,5.132215459584E0,-6.986533813531E0));
#4758=VERTEX_POINT('',#4756);
#4759=VERTEX_POINT('',#4757);
#4760=CARTESIAN_POINT('',(7.5E0,5.132215459584E0,-6.986533813531E0));
#4761=CARTESIAN_POINT('',(-7.5E0,5.132215459584E0,-6.986533813531E0));
#4762=VERTEX_POINT('',#4760);
#4763=VERTEX_POINT('',#4761);
#4764=CARTESIAN_POINT('',(6.75E1,1.129181337077E0,8.478611323802E0));
#4765=CARTESIAN_POINT('',(-6.75E1,1.129181337077E0,8.478611323802E0));
#4766=VERTEX_POINT('',#4764);
#4767=VERTEX_POINT('',#4765);
#4768=CARTESIAN_POINT('',(6.75E1,3.147314762980E0,-2.297712311106E1));
#4769=CARTESIAN_POINT('',(-6.75E1,3.147314762980E0,-2.297712311106E1));
#4770=VERTEX_POINT('',#4768);
#4771=VERTEX_POINT('',#4769);
#4772=VERTEX_POINT('',#1721);
#4773=VERTEX_POINT('',#1743);
#4774=CARTESIAN_POINT('',(-8.E1,1.929729653715E0,-3.999173805373E0));
#4775=VERTEX_POINT('',#4774);
#4776=VERTEX_POINT('',#1781);
#4777=VERTEX_POINT('',#1837);
#4778=VERTEX_POINT('',#1859);
#4779=CARTESIAN_POINT('',(8.E1,2.346766446342E0,-1.049933798188E1));
#4780=VERTEX_POINT('',#4779);
#4781=VERTEX_POINT('',#1809);
#4782=CARTESIAN_POINT('',(7.9E1,1.883518908306E0,-3.278907782841E0));
#4783=CARTESIAN_POINT('',(-7.9E1,1.883518908306E0,-3.278907782841E0));
#4784=VERTEX_POINT('',#4782);
#4785=VERTEX_POINT('',#4783);
#4786=CARTESIAN_POINT('',(-7.9E1,2.075102730076E0,-6.265038304380E0));
#4787=VERTEX_POINT('',#4786);
#4788=CARTESIAN_POINT('',(7.9E1,2.075102730076E0,-6.265038304380E0));
#4789=VERTEX_POINT('',#4788);
#4790=CARTESIAN_POINT('',(6.E1,-8.092634457048E0,-4.154320038609E0));
#4791=CARTESIAN_POINT('',(7.7E1,-8.092634456599E0,-4.154320038579E0));
#4792=VERTEX_POINT('',#4790);
#4793=VERTEX_POINT('',#4791);
#4794=CARTESIAN_POINT('',(-6.E1,-8.092634457246E0,-4.154320038545E0));
#4795=VERTEX_POINT('',#4794);
#4796=CARTESIAN_POINT('',(-7.7E1,-8.092634457579E0,-4.154320038564E0));
#4797=VERTEX_POINT('',#4796);
#4798=CARTESIAN_POINT('',(-7.7E1,-1.093733439692E-1,-3.453785036434E0));
#4799=VERTEX_POINT('',#4798);
#4800=VERTEX_POINT('',#2698);
#4801=VERTEX_POINT('',#2780);
#4802=VERTEX_POINT('',#2799);
#4803=CARTESIAN_POINT('',(7.7E1,-8.547901277596E0,-4.684419172973E0));
#4804=CARTESIAN_POINT('',(6.E1,-8.547901277647E0,-4.684419172322E0));
#4805=VERTEX_POINT('',#4803);
#4806=VERTEX_POINT('',#4804);
#4807=CARTESIAN_POINT('',(-6.E1,-8.547901277738E0,-4.684419172136E0));
#4808=VERTEX_POINT('',#4807);
#4809=CARTESIAN_POINT('',(-7.7E1,-8.547901277762E0,-4.684419171919E0));
#4810=VERTEX_POINT('',#4809);
#4811=CARTESIAN_POINT('',(7.700000000019E1,-8.420361320706E0,
-6.672326870814E0));
#4812=CARTESIAN_POINT('',(-5.999999999948E1,-8.420361322319E0,
-6.672326884508E0));
#4813=VERTEX_POINT('',#4811);
#4814=VERTEX_POINT('',#4812);
#4815=CARTESIAN_POINT('',(-7.699999999981E1,-8.420361321603E0,
-6.672326899626E0));
#4816=VERTEX_POINT('',#4815);
#4817=CARTESIAN_POINT('',(-5.999999999947E1,-7.877679927859E0,
-7.138399770386E0));
#4818=CARTESIAN_POINT('',(7.700000000019E1,-7.877679818062E0,
-7.138399758276E0));
#4819=VERTEX_POINT('',#4817);
#4820=VERTEX_POINT('',#4818);
#4821=CARTESIAN_POINT('',(-5.999999999944E1,-7.921387216042E0,
-7.140313762036E0));
#4822=VERTEX_POINT('',#4821);
#4823=CARTESIAN_POINT('',(7.700000000040E1,-7.921387211176E0,
-7.140313756413E0));
#4824=VERTEX_POINT('',#4823);
#4825=VERTEX_POINT('',#2684);
#4826=VERTEX_POINT('',#2703);
#4827=CARTESIAN_POINT('',(-7.699999999981E1,-7.877680004355E0,
-7.138399777352E0));
#4828=VERTEX_POINT('',#4827);
#4829=CARTESIAN_POINT('',(7.7E1,8.221047778289E-2,-6.439915557975E0));
#4830=VERTEX_POINT('',#4829);
#4831=VERTEX_POINT('',#2794);
#4832=VERTEX_POINT('',#1925);
#4833=VERTEX_POINT('',#1933);
#4834=CARTESIAN_POINT('',(-1.163349508274E1,-5.197856518660E0,
-6.903243976292E0));
#4835=VERTEX_POINT('',#4834);
#4836=VERTEX_POINT('',#1942);
#4837=CARTESIAN_POINT('',(-1.183016891538E1,-4.408731564677E0,
-6.833997882060E0));
#4838=VERTEX_POINT('',#4837);
#4839=CARTESIAN_POINT('',(-1.187039316611E1,-4.339846768693E0,
-6.827953208084E0));
#4840=VERTEX_POINT('',#4839);
#4841=CARTESIAN_POINT('',(-1.272490855780E1,-3.852055130227E0,
-6.785149257212E0));
#4842=VERTEX_POINT('',#4841);
#4843=VERTEX_POINT('',#1958);
#4844=CARTESIAN_POINT('',(-1.286214553820E1,-1.462726171637E0,
-6.575484491979E0));
#4845=VERTEX_POINT('',#4844);
#4846=VERTEX_POINT('',#1968);
#4847=CARTESIAN_POINT('',(-1.169089025255E1,-1.265549384267E0,
-6.558182134058E0));
#4848=VERTEX_POINT('',#4847);
#4849=VERTEX_POINT('',#1977);
#4850=CARTESIAN_POINT('',(-1.149151821339E1,-2.877207302917E0,
-6.699605891525E0));
#4851=VERTEX_POINT('',#4850);
#4852=VERTEX_POINT('',#1989);
#4853=CARTESIAN_POINT('',(-1.081743270575E1,-1.456067849579E0,
-6.574900221016E0));
#4854=VERTEX_POINT('',#4853);
#4855=VERTEX_POINT('',#1998);
#4856=CARTESIAN_POINT('',(-9.646198514730E0,-1.258891138891E0,
-6.557597869823E0));
#4857=VERTEX_POINT('',#4856);
#4858=VERTEX_POINT('',#2007);
#4859=CARTESIAN_POINT('',(-9.444376576161E0,-3.618117534109E0,
-6.764621120643E0));
#4860=VERTEX_POINT('',#4859);
#4861=VERTEX_POINT('',#2014);
#4862=CARTESIAN_POINT('',(-1.042444806744E1,-4.335306121145E0,
-6.827554764078E0));
#4863=VERTEX_POINT('',#4862);
#4864=CARTESIAN_POINT('',(-1.046420565330E1,-4.404443303931E0,
-6.833621585118E0));
#4865=VERTEX_POINT('',#4864);
#4866=CARTESIAN_POINT('',(-8.562184222627E0,-5.187855208712E0,
-6.902366356534E0));
#4867=CARTESIAN_POINT('',(-7.584399462190E0,-5.184671219546E0,
-6.902086959953E0));
#4868=VERTEX_POINT('',#4866);
#4869=VERTEX_POINT('',#4867);
#4870=VERTEX_POINT('',#2032);
#4871=CARTESIAN_POINT('',(-8.768540970019E0,-1.449354293968E0,
-6.574311103282E0));
#4872=VERTEX_POINT('',#4871);
#4873=VERTEX_POINT('',#2041);
#4874=CARTESIAN_POINT('',(-7.597306720320E0,-1.252198404139E0,
-6.557010579130E0));
#4875=VERTEX_POINT('',#4874);
#4876=VERTEX_POINT('',#2050);
#4877=CARTESIAN_POINT('',(-7.399189536793E0,-2.481235649414E0,
-6.664859188492E0));
#4878=VERTEX_POINT('',#4877);
#4879=VERTEX_POINT('',#2062);
#4880=CARTESIAN_POINT('',(-6.723838800590E0,-1.442696019825E0,
-6.573726836524E0));
#4881=VERTEX_POINT('',#4880);
#4882=VERTEX_POINT('',#2071);
#4883=CARTESIAN_POINT('',(-5.552594090862E0,-1.245540090744E0,
-6.556426308927E0));
#4884=VERTEX_POINT('',#4883);
#4885=VERTEX_POINT('',#2080);
#4886=CARTESIAN_POINT('',(-5.346247792701E0,-4.984041039962E0,
-6.884481565205E0));
#4887=VERTEX_POINT('',#4886);
#4888=VERTEX_POINT('',#2089);
#4889=CARTESIAN_POINT('',(-6.517471593169E0,-5.181196895311E0,
-6.901782086331E0));
#4890=VERTEX_POINT('',#4889);
#4891=VERTEX_POINT('',#2098);
#4892=CARTESIAN_POINT('',(-6.715599224234E0,-3.952159683812E0,
-6.793933479933E0));
#4893=VERTEX_POINT('',#4892);
#4894=VERTEX_POINT('',#2110);
#4895=CARTESIAN_POINT('',(-7.390939512363E0,-4.990699280177E0,
-6.885065828986E0));
#4896=VERTEX_POINT('',#4895);
#4897=VERTEX_POINT('',#2121);
#4898=VERTEX_POINT('',#2126);
#4899=CARTESIAN_POINT('',(-4.673118022670E0,-1.978110913391E0,
-6.620709750935E0));
#4900=VERTEX_POINT('',#4899);
#4901=VERTEX_POINT('',#2133);
#4902=CARTESIAN_POINT('',(-3.773049430680E0,-1.307401641743E0,
-6.561854689779E0));
#4903=VERTEX_POINT('',#4902);
#4904=VERTEX_POINT('',#2145);
#4905=CARTESIAN_POINT('',(-2.425898056599E0,-1.233908251240E0,
-6.555405609417E0));
#4906=VERTEX_POINT('',#4905);
#4907=VERTEX_POINT('',#2153);
#4908=CARTESIAN_POINT('',(-1.395165464552E0,-1.742208140371E0,
-6.600009169148E0));
#4909=VERTEX_POINT('',#4908);
#4910=VERTEX_POINT('',#2164);
#4911=CARTESIAN_POINT('',(-1.252602381934E0,-4.970716323704E0,
-6.883312314945E0));
#4912=VERTEX_POINT('',#4911);
#4913=VERTEX_POINT('',#2173);
#4914=CARTESIAN_POINT('',(-2.423831834464E0,-5.167877578070E0,
-6.900613309837E0));
#4915=VERTEX_POINT('',#4914);
#4916=VERTEX_POINT('',#2182);
#4917=CARTESIAN_POINT('',(-2.620400731998E0,-4.412387988061E0,
-6.834318734971E0));
#4918=VERTEX_POINT('',#4917);
#4919=CARTESIAN_POINT('',(-2.700661651863E0,-4.332954665916E0,
-6.827348422751E0));
#4920=VERTEX_POINT('',#4919);
#4921=CARTESIAN_POINT('',(-3.504323456685E0,-4.335571675296E0,
-6.827578066582E0));
#4922=VERTEX_POINT('',#4921);
#4923=VERTEX_POINT('',#2195);
#4924=VERTEX_POINT('',#2201);
#4925=VERTEX_POINT('',#2206);
#4926=CARTESIAN_POINT('',(1.713495602811E0,-4.848132631197E0,
-6.872555536972E0));
#4927=VERTEX_POINT('',#4926);
#4928=VERTEX_POINT('',#2214);
#4929=CARTESIAN_POINT('',(-4.524208705689E-1,-3.923403547642E0,
-6.791410115154E0));
#4930=VERTEX_POINT('',#4929);
#4931=VERTEX_POINT('',#2225);
#4932=CARTESIAN_POINT('',(-5.771353701340E-1,-2.674056509367E0,
-6.681779311688E0));
#4933=VERTEX_POINT('',#4932);
#4934=VERTEX_POINT('',#2232);
#4935=CARTESIAN_POINT('',(1.430704690328E0,-1.371535847966E0,
-6.567482497220E0));
#4936=VERTEX_POINT('',#4935);
#4937=VERTEX_POINT('',#2244);
#4938=CARTESIAN_POINT('',(1.705925515363E0,-2.540189161829E0,
-6.670032387560E0));
#4939=VERTEX_POINT('',#4938);
#4940=VERTEX_POINT('',#2251);
#4941=CARTESIAN_POINT('',(1.002185882992E0,-3.085564940180E0,
-6.717889374402E0));
#4942=VERTEX_POINT('',#4941);
#4943=VERTEX_POINT('',#2263);
#4944=VERTEX_POINT('',#2269);
#4945=VERTEX_POINT('',#2274);
#4946=CARTESIAN_POINT('',(2.385233273953E0,-1.414641317606E0,
-6.571265022911E0));
#4947=VERTEX_POINT('',#4946);
#4948=VERTEX_POINT('',#2283);
#4949=CARTESIAN_POINT('',(3.556478536450E0,-1.217480044049E0,
-6.553964026335E0));
#4950=VERTEX_POINT('',#4949);
#4951=VERTEX_POINT('',#2292);
#4952=CARTESIAN_POINT('',(3.758596890745E0,-3.664894218866E0,
-6.768725797227E0));
#4953=VERTEX_POINT('',#4952);
#4954=VERTEX_POINT('',#2304);
#4955=CARTESIAN_POINT('',(4.429945343279E0,-1.407983013901E0,
-6.570680753559E0));
#4956=VERTEX_POINT('',#4955);
#4957=VERTEX_POINT('',#2313);
#4958=CARTESIAN_POINT('',(5.601174802785E0,-1.210821783934E0,
-6.553379760808E0));
#4959=VERTEX_POINT('',#4958);
#4960=VERTEX_POINT('',#2322);
#4961=CARTESIAN_POINT('',(5.805742982125E0,-4.405799215918E0,
-6.833740567047E0));
#4962=VERTEX_POINT('',#4961);
#4963=VERTEX_POINT('',#2329);
#4964=CARTESIAN_POINT('',(4.909164796035E0,-5.074536015416E0,
-6.892422542823E0));
#4965=VERTEX_POINT('',#4964);
#4966=VERTEX_POINT('',#2337);
#4967=CARTESIAN_POINT('',(3.558539794926E0,-5.149938833378E0,
-6.899039176363E0));
#4968=VERTEX_POINT('',#4967);
#4969=VERTEX_POINT('',#2345);
#4970=CARTESIAN_POINT('',(9.678047102654E0,-1.197513372769E0,
-6.552211941327E0));
#4971=CARTESIAN_POINT('',(8.497771692508E0,-1.201356744012E0,
-6.552549199002E0));
#4972=VERTEX_POINT('',#4970);
#4973=VERTEX_POINT('',#4971);
#4974=VERTEX_POINT('',#2358);
#4975=CARTESIAN_POINT('',(9.884393589714E0,-4.936076777513E0,
-6.880272678107E0));
#4976=VERTEX_POINT('',#4975);
#4977=VERTEX_POINT('',#2367);
#4978=CARTESIAN_POINT('',(8.908977485896E0,-5.132595006339E0,
-6.897517247199E0));
#4979=VERTEX_POINT('',#4978);
#4980=VERTEX_POINT('',#2376);
#4981=CARTESIAN_POINT('',(8.710163688034E0,-3.694106156854E0,
-6.771289158835E0));
#4982=VERTEX_POINT('',#4981);
#4983=VERTEX_POINT('',#2387);
#4984=CARTESIAN_POINT('',(8.118752713811E0,-4.927166213037E0,
-6.879490771788E0));
#4985=VERTEX_POINT('',#4984);
#4986=VERTEX_POINT('',#2400);
#4987=CARTESIAN_POINT('',(6.685236787048E0,-5.139835874902E0,
-6.898152636898E0));
#4988=VERTEX_POINT('',#4987);
#4989=VERTEX_POINT('',#2409);
#4990=CARTESIAN_POINT('',(6.478890364056E0,-1.401293701172E0,
-6.570093763150E0));
#4991=VERTEX_POINT('',#4990);
#4992=VERTEX_POINT('',#2418);
#4993=CARTESIAN_POINT('',(7.454306405549E0,-1.204754665376E0,
-6.552847368237E0));
#4994=VERTEX_POINT('',#4993);
#4995=VERTEX_POINT('',#2427);
#4996=CARTESIAN_POINT('',(7.653119822175E0,-2.643133473151E0,
-6.679065800388E0));
#4997=VERTEX_POINT('',#4996);
#4998=VERTEX_POINT('',#2437);
#4999=CARTESIAN_POINT('',(8.243831595737E0,-1.414119609490E0,
-6.571219242773E0));
#5000=VERTEX_POINT('',#4999);
#5001=VERTEX_POINT('',#2448);
#5002=VERTEX_POINT('',#2454);
#5003=CARTESIAN_POINT('',(1.056370784681E1,-3.810444427462E0,
-6.781497898032E0));
#5004=VERTEX_POINT('',#5003);
#5005=VERTEX_POINT('',#2461);
#5006=CARTESIAN_POINT('',(1.126744747926E1,-3.265068650934E0,
-6.733640911350E0));
#5007=VERTEX_POINT('',#5006);
#5008=VERTEX_POINT('',#2473);
#5009=CARTESIAN_POINT('',(1.068114818704E1,-2.723893077975E0,
-6.686152494552E0));
#5010=VERTEX_POINT('',#5009);
#5011=VERTEX_POINT('',#2484);
#5012=CARTESIAN_POINT('',(1.055613775929E1,-1.502500965325E0,
-6.578974749254E0));
#5013=VERTEX_POINT('',#5012);
#5014=VERTEX_POINT('',#2492);
#5015=CARTESIAN_POINT('',(1.272205423407E1,-2.427230044367E0,
-6.660120170676E0));
#5016=VERTEX_POINT('',#5015);
#5017=VERTEX_POINT('',#2503);
#5018=CARTESIAN_POINT('',(1.284676873212E1,-3.676577084740E0,
-6.769750974326E0));
#5019=VERTEX_POINT('',#5018);
#5020=VERTEX_POINT('',#2510);
#5021=CARTESIAN_POINT('',(-4.980940107672E1,-3.294168485878E0,
-6.736194435861E0));
#5022=CARTESIAN_POINT('',(-4.986299091524E1,-3.094934081932E0,
-6.718711521096E0));
#5023=VERTEX_POINT('',#5021);
#5024=VERTEX_POINT('',#5022);
#5025=CARTESIAN_POINT('',(-4.980940107671E1,-2.895699677975E0,
-6.701228606330E0));
#5026=VERTEX_POINT('',#5025);
#5027=CARTESIAN_POINT('',(-4.882790561915E1,-1.202207245049E0,
-6.552623830877E0));
#5028=VERTEX_POINT('',#5027);
#5029=CARTESIAN_POINT('',(-4.868149545762E1,-1.056357538763E0,
-6.539825449006E0));
#5030=VERTEX_POINT('',#5029);
#5031=CARTESIAN_POINT('',(-4.848149545762E1,-1.002972841138E0,
-6.535140916115E0));
#5032=VERTEX_POINT('',#5031);
#5033=CARTESIAN_POINT('',(-4.651850454238E1,-1.002972841138E0,
-6.535140916115E0));
#5034=VERTEX_POINT('',#5033);
#5035=CARTESIAN_POINT('',(-4.631850454238E1,-1.056357538763E0,
-6.539825449006E0));
#5036=VERTEX_POINT('',#5035);
#5037=CARTESIAN_POINT('',(-4.617209438085E1,-1.202207245047E0,
-6.552623830877E0));
#5038=VERTEX_POINT('',#5037);
#5039=CARTESIAN_POINT('',(-4.519059892326E1,-2.895699678016E0,
-6.701228606333E0));
#5040=VERTEX_POINT('',#5039);
#5041=CARTESIAN_POINT('',(-4.513700908476E1,-3.094934081932E0,
-6.718711521096E0));
#5042=VERTEX_POINT('',#5041);
#5043=CARTESIAN_POINT('',(-4.519059892330E1,-3.294168485903E0,
-6.736194435864E0));
#5044=VERTEX_POINT('',#5043);
#5045=CARTESIAN_POINT('',(-4.617209438085E1,-4.987660918810E0,
-6.884799211314E0));
#5046=VERTEX_POINT('',#5045);
#5047=CARTESIAN_POINT('',(-4.631850454238E1,-5.133510625101E0,
-6.897597593186E0));
#5048=VERTEX_POINT('',#5047);
#5049=CARTESIAN_POINT('',(-4.651850454240E1,-5.186895322726E0,
-6.902282126077E0));
#5050=VERTEX_POINT('',#5049);
#5051=CARTESIAN_POINT('',(-4.848149545762E1,-5.186895322727E0,
-6.902282126078E0));
#5052=VERTEX_POINT('',#5051);
#5053=CARTESIAN_POINT('',(-4.868149545762E1,-5.133510625101E0,
-6.897597593187E0));
#5054=VERTEX_POINT('',#5053);
#5055=CARTESIAN_POINT('',(-4.882790561915E1,-4.987660918812E0,
-6.884799211316E0));
#5056=VERTEX_POINT('',#5055);
#5057=CARTESIAN_POINT('',(4.519059892328E1,-3.294168485877E0,
-6.736194435861E0));
#5058=CARTESIAN_POINT('',(4.513700908476E1,-3.094934081932E0,
-6.718711521096E0));
#5059=VERTEX_POINT('',#5057);
#5060=VERTEX_POINT('',#5058);
#5061=CARTESIAN_POINT('',(4.519059892329E1,-2.895699677975E0,
-6.701228606330E0));
#5062=VERTEX_POINT('',#5061);
#5063=CARTESIAN_POINT('',(4.617209438085E1,-1.202207245049E0,
-6.552623830877E0));
#5064=VERTEX_POINT('',#5063);
#5065=CARTESIAN_POINT('',(4.631850454238E1,-1.056357538763E0,
-6.539825449006E0));
#5066=VERTEX_POINT('',#5065);
#5067=CARTESIAN_POINT('',(4.651850454238E1,-1.002972841138E0,
-6.535140916115E0));
#5068=VERTEX_POINT('',#5067);
#5069=CARTESIAN_POINT('',(4.848149545762E1,-1.002972841138E0,
-6.535140916115E0));
#5070=VERTEX_POINT('',#5069);
#5071=CARTESIAN_POINT('',(4.868149545762E1,-1.056357538763E0,
-6.539825449006E0));
#5072=VERTEX_POINT('',#5071);
#5073=CARTESIAN_POINT('',(4.882790561915E1,-1.202207245052E0,
-6.552623830877E0));
#5074=VERTEX_POINT('',#5073);
#5075=CARTESIAN_POINT('',(4.980940107674E1,-2.895699678015E0,
-6.701228606333E0));
#5076=VERTEX_POINT('',#5075);
#5077=CARTESIAN_POINT('',(4.986299091524E1,-3.094934081932E0,
-6.718711521096E0));
#5078=VERTEX_POINT('',#5077);
#5079=CARTESIAN_POINT('',(4.980940107670E1,-3.294168485903E0,
-6.736194435864E0));
#5080=VERTEX_POINT('',#5079);
#5081=CARTESIAN_POINT('',(4.882790561915E1,-4.987660918810E0,
-6.884799211314E0));
#5082=VERTEX_POINT('',#5081);
#5083=CARTESIAN_POINT('',(4.868149545762E1,-5.133510625101E0,
-6.897597593186E0));
#5084=VERTEX_POINT('',#5083);
#5085=CARTESIAN_POINT('',(4.848149545760E1,-5.186895322726E0,
-6.902282126077E0));
#5086=VERTEX_POINT('',#5085);
#5087=CARTESIAN_POINT('',(4.651850454238E1,-5.186895322727E0,
-6.902282126077E0));
#5088=VERTEX_POINT('',#5087);
#5089=CARTESIAN_POINT('',(4.631850454238E1,-5.133510625101E0,
-6.897597593186E0));
#5090=VERTEX_POINT('',#5089);
#5091=CARTESIAN_POINT('',(4.617209438085E1,-4.987660918812E0,
-6.884799211315E0));
#5092=VERTEX_POINT('',#5091);
#5093=CARTESIAN_POINT('',(-7.699999999960E1,-7.921387216484E0,
-7.140313762547E0));
#5094=VERTEX_POINT('',#5093);
#5095=CARTESIAN_POINT('',(-1.065569988267E1,-5.229638298360E0,
-6.504495766619E0));
#5096=VERTEX_POINT('',#5095);
#5097=CARTESIAN_POINT('',(-1.046225018588E1,-5.035666387769E0,
-6.487474638176E0));
#5098=VERTEX_POINT('',#5097);
#5099=CARTESIAN_POINT('',(-1.163349508274E1,-5.232822348181E0,
-6.504775168522E0));
#5100=VERTEX_POINT('',#5099);
#5101=CARTESIAN_POINT('',(-1.046420565329E1,-4.439409135743E0,
-6.435152777549E0));
#5102=VERTEX_POINT('',#5101);
#5103=CARTESIAN_POINT('',(-1.042444806603E1,-4.370271949843E0,
-6.429085956236E0));
#5104=VERTEX_POINT('',#5103);
#5105=CARTESIAN_POINT('',(-9.567247081425E0,-3.873273226101E0,
-6.385474079202E0));
#5106=VERTEX_POINT('',#5105);
#5107=VERTEX_POINT('',#2844);
#5108=CARTESIAN_POINT('',(-9.451480619422E0,-1.486585557028E0,
-6.176041088394E0));
#5109=VERTEX_POINT('',#5108);
#5110=VERTEX_POINT('',#2857);
#5111=CARTESIAN_POINT('',(-1.062397287644E1,-1.297040924091E0,
-6.159408455695E0));
#5112=VERTEX_POINT('',#5111);
#5113=VERTEX_POINT('',#2870);
#5114=CARTESIAN_POINT('',(-1.081277943099E1,-2.909962915868E0,
-6.300943136188E0));
#5115=VERTEX_POINT('',#5114);
#5116=VERTEX_POINT('',#2886);
#5117=CARTESIAN_POINT('',(-1.149617235208E1,-1.493243900213E0,
-6.176625361211E0));
#5118=VERTEX_POINT('',#5117);
#5119=VERTEX_POINT('',#2899);
#5120=CARTESIAN_POINT('',(-1.266868546040E1,-1.303699237347E0,
-6.159992725886E0));
#5121=VERTEX_POINT('',#5120);
#5122=VERTEX_POINT('',#2913);
#5123=CARTESIAN_POINT('',(-1.285504042558E1,-3.664168881389E0,
-6.367125072388E0));
#5124=VERTEX_POINT('',#5123);
#5125=VERTEX_POINT('',#2924);
#5126=CARTESIAN_POINT('',(-1.187039317041E1,-4.374812595756E0,
-6.429484400098E0));
#5127=VERTEX_POINT('',#5126);
#5128=CARTESIAN_POINT('',(-1.183016891537E1,-4.443697396169E0,
-6.435529074464E0));
#5129=VERTEX_POINT('',#5128);
#5130=CARTESIAN_POINT('',(-1.182821292388E1,-5.040114450311E0,
-6.487864957803E0));
#5131=VERTEX_POINT('',#5130);
#5132=CARTESIAN_POINT('',(-8.562184216922E0,-5.222821038214E0,
-6.503897548762E0));
#5133=VERTEX_POINT('',#5132);
#5134=CARTESIAN_POINT('',(-7.584399462190E0,-5.219637049066E0,
-6.503618152183E0));
#5135=VERTEX_POINT('',#5134);
#5136=CARTESIAN_POINT('',(-8.756912502231E0,-5.030113207455E0,
-6.486987343933E0));
#5137=VERTEX_POINT('',#5136);
#5138=CARTESIAN_POINT('',(-8.76854097E0,-1.484320129277E0,-6.175842296020E0));
#5139=VERTEX_POINT('',#5138);
#5140=CARTESIAN_POINT('',(-8.575081039866E0,-1.290348188976E0,
-6.158821164970E0));
#5141=VERTEX_POINT('',#5140);
#5142=CARTESIAN_POINT('',(-7.597306726024E0,-1.287164233678E0,
-6.158541771361E0));
#5143=VERTEX_POINT('',#5142);
#5144=CARTESIAN_POINT('',(-7.402588888948E0,-1.479872101758E0,
-6.175451979466E0));
#5145=VERTEX_POINT('',#5144);
#5146=CARTESIAN_POINT('',(-7.399189536812E0,-2.516201473144E0,
-6.266390380214E0));
#5147=VERTEX_POINT('',#5146);
#5148=CARTESIAN_POINT('',(-6.720440282858E0,-2.513991219768E0,
-6.266196429417E0));
#5149=VERTEX_POINT('',#5148);
#5150=CARTESIAN_POINT('',(-6.723838800580E0,-1.477661852243E0,
-6.175258029008E0));
#5151=VERTEX_POINT('',#5150);
#5152=VERTEX_POINT('',#3196);
#5153=VERTEX_POINT('',#3135);
#5154=CARTESIAN_POINT('',(-7.394338030930E0,-3.989335739176E0,
-6.395658620543E0));
#5155=VERTEX_POINT('',#5154);
#5156=VERTEX_POINT('',#3151);
#5157=CARTESIAN_POINT('',(-6.712199872774E0,-5.023454894058E0,
-6.486403073730E0));
#5158=VERTEX_POINT('',#5157);
#5159=VERTEX_POINT('',#3164);
#5160=CARTESIAN_POINT('',(-5.539697273721E0,-5.212978769669E0,
-6.503033884964E0));
#5161=VERTEX_POINT('',#5160);
#5162=VERTEX_POINT('',#3177);
#5163=CARTESIAN_POINT('',(-5.357876259599E0,-1.473213785511E0,
-6.174867709012E0));
#5164=VERTEX_POINT('',#5163);
#5165=VERTEX_POINT('',#3190);
#5166=CARTESIAN_POINT('',(-4.667790599104E0,-3.637504193547E0,
-6.364785233205E0));
#5167=VERTEX_POINT('',#5166);
#5168=CARTESIAN_POINT('',(-4.537665703178E0,-3.860323609166E0,
-6.384337744088E0));
#5169=VERTEX_POINT('',#5168);
#5170=CARTESIAN_POINT('',(-4.673118022670E0,-2.013076742912E0,
-6.222240943165E0));
#5171=VERTEX_POINT('',#5170);
#5172=CARTESIAN_POINT('',(-3.763344212925E0,-4.302336050396E0,
-6.423124548385E0));
#5173=VERTEX_POINT('',#5172);
#5174=VERTEX_POINT('',#3349);
#5175=CARTESIAN_POINT('',(-2.700661825010E0,-4.367920496E0,-6.428879615029E0));
#5176=VERTEX_POINT('',#5175);
#5177=CARTESIAN_POINT('',(-2.620400734878E0,-4.447352939100E0,
-6.435849850113E0));
#5178=VERTEX_POINT('',#5177);
#5179=CARTESIAN_POINT('',(-2.618555097855E0,-5.010120861644E0,
-6.485233005972E0));
#5180=VERTEX_POINT('',#5179);
#5181=VERTEX_POINT('',#3371);
#5182=CARTESIAN_POINT('',(-1.446057234215E0,-5.199659424849E0,
-6.501865106050E0));
#5183=VERTEX_POINT('',#5182);
#5184=VERTEX_POINT('',#3384);
#5185=CARTESIAN_POINT('',(-1.262453056268E0,-2.001970397754E0,
-6.221266356035E0));
#5186=VERTEX_POINT('',#5185);
#5187=VERTEX_POINT('',#3395);
#5188=CARTESIAN_POINT('',(-2.166878614642E0,-1.337124522298E0,
-6.162925810715E0));
#5189=VERTEX_POINT('',#5188);
#5190=VERTEX_POINT('',#3407);
#5191=CARTESIAN_POINT('',(-3.514490496820E0,-1.272418922205E0,
-6.157247863188E0));
#5192=VERTEX_POINT('',#5191);
#5193=VERTEX_POINT('',#3419);
#5194=CARTESIAN_POINT('',(-4.544454335322E0,-1.789349798541E0,
-6.202608796198E0));
#5195=VERTEX_POINT('',#5194);
#5196=VERTEX_POINT('',#3436);
#5197=VERTEX_POINT('',#3448);
#5198=CARTESIAN_POINT('',(-2.966404102961E0,-2.443225197527E0,
-6.259986676932E0));
#5199=VERTEX_POINT('',#5198);
#5200=CARTESIAN_POINT('',(-2.587579421643E0,-2.783587596714E0,
-6.691390717280E0));
#5201=VERTEX_POINT('',#5200);
#5202=VERTEX_POINT('',#3557);
#5203=CARTESIAN_POINT('',(-2.966404102961E0,-2.408259368007E0,
-6.658455484702E0));
#5204=VERTEX_POINT('',#5203);
#5205=CARTESIAN_POINT('',(1.710171975945E0,-3.869646218148E0,
-6.385155807510E0));
#5206=VERTEX_POINT('',#5205);
#5207=CARTESIAN_POINT('',(1.588485688219E0,-3.661705434723E0,
-6.366908903758E0));
#5208=VERTEX_POINT('',#5207);
#5209=CARTESIAN_POINT('',(1.713495602796E0,-4.883098455943E0,
-6.474086728782E0));
#5210=VERTEX_POINT('',#5209);
#5211=CARTESIAN_POINT('',(1.442621203179E0,-5.040066811362E0,
-6.487860777462E0));
#5212=VERTEX_POINT('',#5211);
#5213=CARTESIAN_POINT('',(-4.524208678052E-1,-3.958369378740E0,
-6.392941307521E0));
#5214=VERTEX_POINT('',#5213);
#5215=CARTESIAN_POINT('',(-5.737203614077E-1,-3.750650292233E0,
-6.374713857781E0));
#5216=VERTEX_POINT('',#5215);
#5217=CARTESIAN_POINT('',(-5.771353701288E-1,-2.709022340473E0,
-6.283310504057E0));
#5218=VERTEX_POINT('',#5217);
#5219=VERTEX_POINT('',#3662);
#5220=CARTESIAN_POINT('',(1.002984657200E0,-3.328978438954E0,
-6.337711949859E0));
#5221=VERTEX_POINT('',#5220);
#5222=VERTEX_POINT('',#3633);
#5223=CARTESIAN_POINT('',(1.585607037390E0,-2.783883600058E0,
-6.289879615589E0));
#5224=VERTEX_POINT('',#5223);
#5225=VERTEX_POINT('',#3644);
#5226=CARTESIAN_POINT('',(1.702602912975E0,-1.561702543876E0,
-6.182632640117E0));
#5227=VERTEX_POINT('',#5226);
#5228=VERTEX_POINT('',#3656);
#5229=CARTESIAN_POINT('',(2.395079200613E0,-4.451871340341E0,
-6.436246341995E0));
#5230=VERTEX_POINT('',#5229);
#5231=CARTESIAN_POINT('',(2.528704528238E0,-4.676646035598E0,
-6.455970429606E0));
#5232=VERTEX_POINT('',#5231);
#5233=CARTESIAN_POINT('',(2.385233273984E0,-1.449607156584E0,
-6.172796215970E0));
#5234=VERTEX_POINT('',#5233);
#5235=CARTESIAN_POINT('',(2.578688115024E0,-1.255629881314E0,
-6.155774616775E0));
#5236=VERTEX_POINT('',#5235);
#5237=CARTESIAN_POINT('',(3.556478527131E0,-1.252445873600E0,
-6.155495218567E0));
#5238=VERTEX_POINT('',#5237);
#5239=CARTESIAN_POINT('',(3.751201754677E0,-1.445159077535E0,
-6.172405894895E0));
#5240=VERTEX_POINT('',#5239);
#5241=CARTESIAN_POINT('',(3.758596890725E0,-3.699860042082E0,
-6.370256988903E0));
#5242=VERTEX_POINT('',#5241);
#5243=CARTESIAN_POINT('',(4.437339586276E0,-3.697649817209E0,
-6.370063040607E0));
#5244=VERTEX_POINT('',#5243);
#5245=CARTESIAN_POINT('',(4.429945343295E0,-1.442948848158E0,
-6.172211946204E0));
#5246=VERTEX_POINT('',#5245);
#5247=VERTEX_POINT('',#3839);
#5248=CARTESIAN_POINT('',(3.299516333191E0,-5.116724485977E0,
-6.494587525277E0));
#5249=VERTEX_POINT('',#5248);
#5250=VERTEX_POINT('',#3797);
#5251=CARTESIAN_POINT('',(4.647132232470E0,-5.181359822545E0,
-6.500259307146E0));
#5252=VERTEX_POINT('',#5251);
#5253=VERTEX_POINT('',#3809);
#5254=CARTESIAN_POINT('',(5.680812778487E0,-4.662215137068E0,
-6.454704111320E0));
#5255=VERTEX_POINT('',#5254);
#5256=VERTEX_POINT('',#3820);
#5257=CARTESIAN_POINT('',(5.795898031431E0,-1.438500819115E0,
-6.171821629516E0));
#5258=VERTEX_POINT('',#5257);
#5259=VERTEX_POINT('',#3833);
#5260=CARTESIAN_POINT('',(9.678047086901E0,-1.232479202340E0,
-6.153743133561E0));
#5261=VERTEX_POINT('',#5260);
#5262=CARTESIAN_POINT('',(8.497771692508E0,-1.236322573533E0,
-6.154080391232E0));
#5263=VERTEX_POINT('',#5262);
#5264=CARTESIAN_POINT('',(9.872764986237E0,-1.425207877623E0,
-6.170655167507E0));
#5265=VERTEX_POINT('',#5264);
#5266=CARTESIAN_POINT('',(9.884393589679E0,-4.971042596377E0,
-6.481803869401E0));
#5267=VERTEX_POINT('',#5266);
#5268=CARTESIAN_POINT('',(9.690944327620E0,-5.165014086589E0,
-6.498824960955E0));
#5269=VERTEX_POINT('',#5268);
#5270=CARTESIAN_POINT('',(8.908977496399E0,-5.167560835825E0,
-6.499048439426E0));
#5271=VERTEX_POINT('',#5270);
#5272=CARTESIAN_POINT('',(8.714249214308E0,-4.974853010624E0,
-6.482138235084E0));
#5273=VERTEX_POINT('',#5272);
#5274=CARTESIAN_POINT('',(8.710163688086E0,-3.729072002360E0,
-6.372820352467E0));
#5275=VERTEX_POINT('',#5274);
#5276=CARTESIAN_POINT('',(8.365063159807E0,-3.693766123309E0,
-6.369722244600E0));
#5277=VERTEX_POINT('',#5276);
#5278=CARTESIAN_POINT('',(8.118752716852E0,-4.962132026897E0,
-6.481021962644E0));
#5279=VERTEX_POINT('',#5278);
#5280=CARTESIAN_POINT('',(7.865499036407E0,-5.170958800430E0,
-6.499346612454E0));
#5281=VERTEX_POINT('',#5280);
#5282=CARTESIAN_POINT('',(6.685236797611E0,-5.174801704388E0,
-6.499683829124E0));
#5283=VERTEX_POINT('',#5282);
#5284=CARTESIAN_POINT('',(6.490518964807E0,-4.982094121997E0,
-6.482773646089E0));
#5285=VERTEX_POINT('',#5284);
#5286=CARTESIAN_POINT('',(6.478890364109E0,-1.436259546773E0,
-6.171624956791E0));
#5287=VERTEX_POINT('',#5286);
#5288=CARTESIAN_POINT('',(6.672339771259E0,-1.242266830755E0,
-6.154602002662E0));
#5289=VERTEX_POINT('',#5288);
#5290=CARTESIAN_POINT('',(7.454306389700E0,-1.239720494948E0,
-6.154378560470E0));
#5291=VERTEX_POINT('',#5290);
#5292=CARTESIAN_POINT('',(7.649034737430E0,-1.432449141496E0,
-6.171290591895E0));
#5293=VERTEX_POINT('',#5292);
#5294=CARTESIAN_POINT('',(7.653119822158E0,-2.678099297311E0,
-6.280596992147E0));
#5295=VERTEX_POINT('',#5294);
#5296=VERTEX_POINT('',#4059);
#5297=VERTEX_POINT('',#4053);
#5298=CARTESIAN_POINT('',(1.056703044902E1,-4.858862706078E0,
-6.471960030076E0));
#5299=VERTEX_POINT('',#5298);
#5300=CARTESIAN_POINT('',(1.083892869511E1,-5.014063597360E0,
-6.485578982927E0));
#5301=VERTEX_POINT('',#5300);
#5302=CARTESIAN_POINT('',(1.056370784682E1,-3.845410261305E0,
-6.383029090640E0));
#5303=VERTEX_POINT('',#5302);
#5304=CARTESIAN_POINT('',(1.068402632668E1,-3.636681649062E0,
-6.364713054530E0));
#5305=VERTEX_POINT('',#5304);
#5306=CARTESIAN_POINT('',(1.126744747676E1,-3.300034481898E0,
-6.335172103706E0));
#5307=VERTEX_POINT('',#5306);
#5308=CARTESIAN_POINT('',(1.126664870564E1,-3.091586812350E0,
-6.316880720453E0));
#5309=VERTEX_POINT('',#5308);
#5310=CARTESIAN_POINT('',(1.068114819081E1,-2.758858909636E0,
-6.287683686969E0));
#5311=VERTEX_POINT('',#5310);
#5312=CARTESIAN_POINT('',(1.055946138623E1,-2.550919032426E0,
-6.269436862738E0));
#5313=VERTEX_POINT('',#5312);
#5314=CARTESIAN_POINT('',(1.055613775930E1,-1.537466796291E0,
-6.180505941610E0));
#5315=VERTEX_POINT('',#5314);
#5316=VERTEX_POINT('',#4273);
#5317=CARTESIAN_POINT('',(1.272683592674E1,-3.920048505152E0,
-6.389578632434E0));
#5318=VERTEX_POINT('',#5317);
#5319=VERTEX_POINT('',#4256);
#5320=CARTESIAN_POINT('',(1.284335372356E1,-2.669914956231E0,
-6.279878812281E0));
#5321=VERTEX_POINT('',#5320);
#5322=VERTEX_POINT('',#4267);
#5323=CARTESIAN_POINT('',(-4.986299091524E1,-3.312722849971E0,
-4.236801841354E0));
#5324=CARTESIAN_POINT('',(-4.980940107666E1,-3.511957254019E0,
-4.254284756128E0));
#5325=VERTEX_POINT('',#5323);
#5326=VERTEX_POINT('',#5324);
#5327=CARTESIAN_POINT('',(-4.980940107672E1,-3.113488446026E0,
-4.219318926589E0));
#5328=VERTEX_POINT('',#5327);
#5329=CARTESIAN_POINT('',(-4.651850454238E1,-5.404684090766E0,
-4.420372446335E0));
#5330=CARTESIAN_POINT('',(-4.631850454238E1,-5.351299393140E0,
-4.415687913444E0));
#5331=VERTEX_POINT('',#5329);
#5332=VERTEX_POINT('',#5330);
#5333=CARTESIAN_POINT('',(-4.617209438085E1,-5.205449686852E0,
-4.402889531573E0));
#5334=VERTEX_POINT('',#5333);
#5335=CARTESIAN_POINT('',(-4.519059892326E1,-3.511957253888E0,
-4.254284756117E0));
#5336=VERTEX_POINT('',#5335);
#5337=CARTESIAN_POINT('',(-4.513700908476E1,-3.312722849971E0,
-4.236801841354E0));
#5338=VERTEX_POINT('',#5337);
#5339=CARTESIAN_POINT('',(-4.519059892329E1,-3.113488446006E0,
-4.219318926587E0));
#5340=VERTEX_POINT('',#5339);
#5341=CARTESIAN_POINT('',(-4.617209438085E1,-1.419996013090E0,
-4.070714151135E0));
#5342=VERTEX_POINT('',#5341);
#5343=CARTESIAN_POINT('',(-4.631850454238E1,-1.274146306803E0,
-4.057915769264E0));
#5344=VERTEX_POINT('',#5343);
#5345=CARTESIAN_POINT('',(-4.651850454238E1,-1.220761609177E0,
-4.053231236373E0));
#5346=VERTEX_POINT('',#5345);
#5347=CARTESIAN_POINT('',(-4.848149545762E1,-1.220761609177E0,
-4.053231236373E0));
#5348=VERTEX_POINT('',#5347);
#5349=CARTESIAN_POINT('',(-4.868149545762E1,-1.274146306803E0,
-4.057915769264E0));
#5350=VERTEX_POINT('',#5349);
#5351=CARTESIAN_POINT('',(-4.882790561915E1,-1.419996013087E0,
-4.070714151135E0));
#5352=VERTEX_POINT('',#5351);
#5353=CARTESIAN_POINT('',(-4.882790561917E1,-5.205449686826E0,
-4.402889531570E0));
#5354=VERTEX_POINT('',#5353);
#5355=CARTESIAN_POINT('',(-4.868149545762E1,-5.351299393140E0,
-4.415687913444E0));
#5356=VERTEX_POINT('',#5355);
#5357=CARTESIAN_POINT('',(-4.848149545761E1,-5.404684090766E0,
-4.420372446335E0));
#5358=VERTEX_POINT('',#5357);
#5359=CARTESIAN_POINT('',(-4.865E1,-3.312722849971E0,-4.236801841354E0));
#5360=CARTESIAN_POINT('',(-4.635E1,-3.312722849971E0,-4.236801841354E0));
#5361=VERTEX_POINT('',#5359);
#5362=VERTEX_POINT('',#5360);
#5363=CARTESIAN_POINT('',(4.513700908476E1,-3.312722849971E0,
-4.236801841354E0));
#5364=CARTESIAN_POINT('',(4.519059892334E1,-3.511957254025E0,
-4.254284756129E0));
#5365=VERTEX_POINT('',#5363);
#5366=VERTEX_POINT('',#5364);
#5367=CARTESIAN_POINT('',(4.519059892328E1,-3.113488446026E0,
-4.219318926589E0));
#5368=VERTEX_POINT('',#5367);
#5369=CARTESIAN_POINT('',(4.617209438079E1,-5.205449686743E0,
-4.402889531563E0));
#5370=CARTESIAN_POINT('',(4.631850454238E1,-5.351299393140E0,
-4.415687913444E0));
#5371=VERTEX_POINT('',#5369);
#5372=VERTEX_POINT('',#5370);
#5373=CARTESIAN_POINT('',(4.651850454239E1,-5.404684090766E0,
-4.420372446335E0));
#5374=VERTEX_POINT('',#5373);
#5375=CARTESIAN_POINT('',(4.848149545762E1,-5.404684090766E0,
-4.420372446335E0));
#5376=VERTEX_POINT('',#5375);
#5377=CARTESIAN_POINT('',(4.868149545762E1,-5.351299393140E0,
-4.415687913444E0));
#5378=VERTEX_POINT('',#5377);
#5379=CARTESIAN_POINT('',(4.882790561915E1,-5.205449686852E0,
-4.402889531573E0));
#5380=VERTEX_POINT('',#5379);
#5381=CARTESIAN_POINT('',(4.980940107674E1,-3.511957253888E0,
-4.254284756117E0));
#5382=VERTEX_POINT('',#5381);
#5383=CARTESIAN_POINT('',(4.986299091524E1,-3.312722849971E0,
-4.236801841354E0));
#5384=VERTEX_POINT('',#5383);
#5385=CARTESIAN_POINT('',(4.980940107670E1,-3.113488446001E0,
-4.219318926586E0));
#5386=VERTEX_POINT('',#5385);
#5387=CARTESIAN_POINT('',(4.882790561915E1,-1.419996013091E0,
-4.070714151136E0));
#5388=VERTEX_POINT('',#5387);
#5389=CARTESIAN_POINT('',(4.868149545762E1,-1.274146306803E0,
-4.057915769264E0));
#5390=VERTEX_POINT('',#5389);
#5391=CARTESIAN_POINT('',(4.848149545762E1,-1.220761609177E0,
-4.053231236373E0));
#5392=VERTEX_POINT('',#5391);
#5393=CARTESIAN_POINT('',(4.651850454238E1,-1.220761609177E0,
-4.053231236373E0));
#5394=VERTEX_POINT('',#5393);
#5395=CARTESIAN_POINT('',(4.631850454238E1,-1.274146306803E0,
-4.057915769264E0));
#5396=VERTEX_POINT('',#5395);
#5397=CARTESIAN_POINT('',(4.617209438085E1,-1.419996013087E0,
-4.070714151135E0));
#5398=VERTEX_POINT('',#5397);
#5399=CARTESIAN_POINT('',(4.635E1,-3.312722849971E0,-4.236801841354E0));
#5400=CARTESIAN_POINT('',(4.865E1,-3.312722849971E0,-4.236801841354E0));
#5401=VERTEX_POINT('',#5399);
#5402=VERTEX_POINT('',#5400);
#5403=CARTESIAN_POINT('',(-6.75E1,3.635398711249E0,-7.084204801564E0));
#5404=VERTEX_POINT('',#5403);
#5405=CARTESIAN_POINT('',(-5.25E1,3.635398711249E0,-7.084204801564E0));
#5406=VERTEX_POINT('',#5405);
#5407=CARTESIAN_POINT('',(7.5E0,3.635398711249E0,-7.084204801564E0));
#5408=VERTEX_POINT('',#5407);
#5409=CARTESIAN_POINT('',(-7.5E0,3.635398711249E0,-7.084204801564E0));
#5410=VERTEX_POINT('',#5409);
#5411=CARTESIAN_POINT('',(-4.635E1,-3.461327625433E0,-2.543309408329E0));
#5412=CARTESIAN_POINT('',(-4.865E1,-3.461327625433E0,-2.543309408329E0));
#5413=VERTEX_POINT('',#5411);
#5414=VERTEX_POINT('',#5412);
#5415=CARTESIAN_POINT('',(4.865E1,-3.461327625433E0,-2.543309408329E0));
#5416=CARTESIAN_POINT('',(4.635E1,-3.461327625433E0,-2.543309408329E0));
#5417=VERTEX_POINT('',#5415);
#5418=VERTEX_POINT('',#5416);
#5419=CARTESIAN_POINT('',(-4.545E1,-3.461327625433E0,-2.543309408329E0));
#5420=CARTESIAN_POINT('',(-4.955E1,-3.461327625433E0,-2.543309408329E0));
#5421=VERTEX_POINT('',#5419);
#5422=VERTEX_POINT('',#5420);
#5423=CARTESIAN_POINT('',(4.955E1,-3.461327625433E0,-2.543309408329E0));
#5424=CARTESIAN_POINT('',(4.545E1,-3.461327625433E0,-2.543309408329E0));
#5425=VERTEX_POINT('',#5423);
#5426=VERTEX_POINT('',#5424);
#5427=CARTESIAN_POINT('',(-4.545E1,-3.356430136872E0,-3.738715831640E0));
#5428=CARTESIAN_POINT('',(-4.955E1,-3.356430136872E0,-3.738715831640E0));
#5429=VERTEX_POINT('',#5427);
#5430=VERTEX_POINT('',#5428);
#5431=CARTESIAN_POINT('',(4.955E1,-3.356430136872E0,-3.738715831640E0));
#5432=CARTESIAN_POINT('',(4.545E1,-3.356430136872E0,-3.738715831640E0));
#5433=VERTEX_POINT('',#5431);
#5434=VERTEX_POINT('',#5432);
#5435=CARTESIAN_POINT('',(6.E1,3.635398711249E0,-7.084204801563E0));
#5436=DIRECTION('',(0.E0,-9.978778322235E-1,-6.511399202186E-2));
#5437=DIRECTION('',(-1.E0,0.E0,0.E0));
#5438=AXIS2_PLACEMENT_3D('',#5435,#5436,#5437);
#5439=PLANE('',#5438);
#5441=ORIENTED_EDGE('',*,*,#5440,.T.);
#5443=ORIENTED_EDGE('',*,*,#5442,.T.);
#5444=EDGE_LOOP('',(#5441,#5443));
#5445=FACE_OUTER_BOUND('',#5444,.F.);
#5446=ADVANCED_FACE('',(#5445),#5439,.F.);
#5447=CARTESIAN_POINT('',(6.E1,5.132215459584E0,-6.986533813531E0));
#5448=DIRECTION('',(0.E0,9.978778322235E-1,6.511399202186E-2));
#5449=DIRECTION('',(-1.E0,0.E0,0.E0));
#5450=AXIS2_PLACEMENT_3D('',#5447,#5448,#5449);
#5451=CYLINDRICAL_SURFACE('',#5450,7.5E0);
#5453=ORIENTED_EDGE('',*,*,#5452,.F.);
#5454=ORIENTED_EDGE('',*,*,#5440,.F.);
#5456=ORIENTED_EDGE('',*,*,#5455,.F.);
#5458=ORIENTED_EDGE('',*,*,#5457,.F.);
#5459=EDGE_LOOP('',(#5453,#5454,#5456,#5458));
#5460=FACE_OUTER_BOUND('',#5459,.F.);
#5461=ADVANCED_FACE('',(#5460),#5451,.F.);
#5462=CARTESIAN_POINT('',(6.E1,5.132215459584E0,-6.986533813531E0));
#5463=DIRECTION('',(0.E0,9.978778322235E-1,6.511399202186E-2));
#5464=DIRECTION('',(-1.E0,0.E0,0.E0));
#5465=AXIS2_PLACEMENT_3D('',#5462,#5463,#5464);
#5466=CYLINDRICAL_SURFACE('',#5465,7.5E0);
#5467=ORIENTED_EDGE('',*,*,#5452,.T.);
#5469=ORIENTED_EDGE('',*,*,#5468,.F.);
#5470=ORIENTED_EDGE('',*,*,#5455,.T.);
#5471=ORIENTED_EDGE('',*,*,#5442,.F.);
#5472=EDGE_LOOP('',(#5467,#5469,#5470,#5471));
#5473=FACE_OUTER_BOUND('',#5472,.F.);
#5474=ADVANCED_FACE('',(#5473),#5466,.F.);
#5475=CARTESIAN_POINT('',(8.4E1,4.449697402565E0,3.473117300508E0));
#5476=DIRECTION('',(0.E0,9.978778322235E-1,6.511399202186E-2));
#5477=DIRECTION('',(0.E0,6.511399202186E-2,-9.978778322235E-1));
#5478=AXIS2_PLACEMENT_3D('',#5475,#5476,#5477);
#5479=PLANE('',#5478);
#5481=ORIENTED_EDGE('',*,*,#5480,.T.);
#5483=ORIENTED_EDGE('',*,*,#5482,.F.);
#5485=ORIENTED_EDGE('',*,*,#5484,.F.);
#5487=ORIENTED_EDGE('',*,*,#5486,.F.);
#5489=ORIENTED_EDGE('',*,*,#5488,.F.);
#5491=ORIENTED_EDGE('',*,*,#5490,.F.);
#5493=ORIENTED_EDGE('',*,*,#5492,.T.);
#5495=ORIENTED_EDGE('',*,*,#5494,.F.);
#5497=ORIENTED_EDGE('',*,*,#5496,.F.);
#5499=ORIENTED_EDGE('',*,*,#5498,.F.);
#5501=ORIENTED_EDGE('',*,*,#5500,.F.);
#5503=ORIENTED_EDGE('',*,*,#5502,.F.);
#5504=EDGE_LOOP('',(#5481,#5483,#5485,#5487,#5489,#5491,#5493,#5495,#5497,#5499,
#5501,#5503));
#5505=FACE_OUTER_BOUND('',#5504,.F.);
#5506=ORIENTED_EDGE('',*,*,#5457,.T.);
#5507=ORIENTED_EDGE('',*,*,#5468,.T.);
#5508=EDGE_LOOP('',(#5506,#5507));
#5509=FACE_BOUND('',#5508,.F.);
#5511=ORIENTED_EDGE('',*,*,#5510,.T.);
#5513=ORIENTED_EDGE('',*,*,#5512,.T.);
#5514=EDGE_LOOP('',(#5511,#5513));
#5515=FACE_BOUND('',#5514,.F.);
#5517=ORIENTED_EDGE('',*,*,#5516,.T.);
#5519=ORIENTED_EDGE('',*,*,#5518,.T.);
#5520=EDGE_LOOP('',(#5517,#5519));
#5521=FACE_BOUND('',#5520,.F.);
#5522=ADVANCED_FACE('',(#5505,#5509,#5515,#5521),#5479,.T.);
#5523=CARTESIAN_POINT('',(1.E2,7.106251990179E0,9.003102148206E0));
#5524=DIRECTION('',(0.E0,-8.741457380056E-2,9.961720194260E-1));
#5525=DIRECTION('',(0.E0,9.961720194260E-1,8.741457380056E-2));
#5526=AXIS2_PLACEMENT_3D('',#5523,#5524,#5525);
#5527=PLANE('',#5526);
#5529=ORIENTED_EDGE('',*,*,#5528,.T.);
#5531=ORIENTED_EDGE('',*,*,#5530,.F.);
#5532=ORIENTED_EDGE('',*,*,#5480,.F.);
#5534=ORIENTED_EDGE('',*,*,#5533,.F.);
#5535=EDGE_LOOP('',(#5529,#5531,#5532,#5534));
#5536=FACE_OUTER_BOUND('',#5535,.F.);
#5537=ADVANCED_FACE('',(#5536),#5527,.T.);
#5538=CARTESIAN_POINT('',(1.E2,1.129181337077E0,8.478611323803E0));
#5539=DIRECTION('',(0.E0,-9.979482148809E-1,-6.402624786720E-2));
#5540=DIRECTION('',(1.E0,0.E0,0.E0));
#5541=AXIS2_PLACEMENT_3D('',#5538,#5539,#5540);
#5542=PLANE('',#5541);
#5544=ORIENTED_EDGE('',*,*,#5543,.T.);
#5546=ORIENTED_EDGE('',*,*,#5545,.F.);
#5548=ORIENTED_EDGE('',*,*,#5547,.F.);
#5550=ORIENTED_EDGE('',*,*,#5549,.F.);
#5552=ORIENTED_EDGE('',*,*,#5551,.F.);
#5554=ORIENTED_EDGE('',*,*,#5553,.F.);
#5555=ORIENTED_EDGE('',*,*,#5528,.F.);
#5557=ORIENTED_EDGE('',*,*,#5556,.F.);
#5559=ORIENTED_EDGE('',*,*,#5558,.F.);
#5561=ORIENTED_EDGE('',*,*,#5560,.F.);
#5563=ORIENTED_EDGE('',*,*,#5562,.F.);
#5565=ORIENTED_EDGE('',*,*,#5564,.F.);
#5566=EDGE_LOOP('',(#5544,#5546,#5548,#5550,#5552,#5554,#5555,#5557,#5559,#5561,
#5563,#5565));
#5567=FACE_OUTER_BOUND('',#5566,.F.);
#5569=ORIENTED_EDGE('',*,*,#5568,.T.);
#5571=ORIENTED_EDGE('',*,*,#5570,.F.);
#5573=ORIENTED_EDGE('',*,*,#5572,.T.);
#5575=ORIENTED_EDGE('',*,*,#5574,.F.);
#5576=EDGE_LOOP('',(#5569,#5571,#5573,#5575));
#5577=FACE_BOUND('',#5576,.F.);
#5578=ADVANCED_FACE('',(#5567,#5577),#5542,.T.);
#5579=CARTESIAN_POINT('',(1.E2,3.381021847676E0,-2.295661520198E1));
#5580=DIRECTION('',(0.E0,8.741457380057E-2,-9.961720194260E-1));
#5581=DIRECTION('',(0.E0,-9.961720194260E-1,-8.741457380057E-2));
#5582=AXIS2_PLACEMENT_3D('',#5579,#5580,#5581);
#5583=PLANE('',#5582);
#5584=ORIENTED_EDGE('',*,*,#5492,.F.);
#5586=ORIENTED_EDGE('',*,*,#5585,.F.);
#5587=ORIENTED_EDGE('',*,*,#5543,.F.);
#5589=ORIENTED_EDGE('',*,*,#5588,.F.);
#5590=EDGE_LOOP('',(#5584,#5586,#5587,#5589));
#5591=FACE_OUTER_BOUND('',#5590,.F.);
#5592=ADVANCED_FACE('',(#5591),#5583,.T.);
#5593=CARTESIAN_POINT('',(-6.75E1,1.531519725690E0,-1.057087627370E1));
#5594=DIRECTION('',(0.E0,-9.961720194260E-1,-8.741457380057E-2));
#5595=DIRECTION('',(-7.071067811865E-1,6.181143790892E-2,-7.043999901644E-1));
#5596=AXIS2_PLACEMENT_3D('',#5593,#5594,#5595);
#5597=CYLINDRICAL_SURFACE('',#5596,1.25E1);
#5598=ORIENTED_EDGE('',*,*,#5545,.T.);
#5599=ORIENTED_EDGE('',*,*,#5585,.T.);
#5600=ORIENTED_EDGE('',*,*,#5490,.T.);
#5601=ORIENTED_EDGE('',*,*,#5488,.T.);
#5603=ORIENTED_EDGE('',*,*,#5602,.F.);
#5604=ORIENTED_EDGE('',*,*,#5547,.T.);
#5605=EDGE_LOOP('',(#5598,#5599,#5600,#5601,#5603,#5604));
#5606=FACE_OUTER_BOUND('',#5605,.F.);
#5607=ADVANCED_FACE('',(#5606),#5597,.T.);
#5608=CARTESIAN_POINT('',(-8.E1,1.641354608861E-2,-1.995896429757E0));
#5609=DIRECTION('',(-1.E0,0.E0,0.E0));
#5610=DIRECTION('',(0.E0,1.E0,0.E0));
#5611=AXIS2_PLACEMENT_3D('',#5608,#5609,#5610);
#5612=PLANE('',#5611);
#5613=ORIENTED_EDGE('',*,*,#5549,.T.);
#5614=ORIENTED_EDGE('',*,*,#5602,.T.);
#5615=ORIENTED_EDGE('',*,*,#5486,.T.);
#5617=ORIENTED_EDGE('',*,*,#5616,.T.);
#5618=EDGE_LOOP('',(#5613,#5614,#5615,#5617));
#5619=FACE_OUTER_BOUND('',#5618,.F.);
#5620=ADVANCED_FACE('',(#5619),#5612,.T.);
#5621=CARTESIAN_POINT('',(-6.75E1,4.202206622319E0,-3.799762858460E0));
#5622=DIRECTION('',(0.E0,9.961720194260E-1,8.741457380056E-2));
#5623=DIRECTION('',(-7.071067811865E-1,-6.181143790891E-2,7.043999901644E-1));
#5624=AXIS2_PLACEMENT_3D('',#5621,#5622,#5623);
#5625=CYLINDRICAL_SURFACE('',#5624,1.25E1);
#5626=ORIENTED_EDGE('',*,*,#5482,.T.);
#5627=ORIENTED_EDGE('',*,*,#5530,.T.);
#5628=ORIENTED_EDGE('',*,*,#5553,.T.);
#5629=ORIENTED_EDGE('',*,*,#5551,.T.);
#5630=ORIENTED_EDGE('',*,*,#5616,.F.);
#5631=ORIENTED_EDGE('',*,*,#5484,.T.);
#5632=EDGE_LOOP('',(#5626,#5627,#5628,#5629,#5630,#5631));
#5633=FACE_OUTER_BOUND('',#5632,.F.);
#5634=ADVANCED_FACE('',(#5633),#5625,.T.);
#5635=CARTESIAN_POINT('',(6.75E1,1.531519725690E0,-1.057087627370E1));
#5636=DIRECTION('',(0.E0,9.961720194260E-1,8.741457380057E-2));
#5637=DIRECTION('',(7.071067811865E-1,6.181143790892E-2,-7.043999901644E-1));
#5638=AXIS2_PLACEMENT_3D('',#5635,#5636,#5637);
#5639=CYLINDRICAL_SURFACE('',#5638,1.25E1);
#5640=ORIENTED_EDGE('',*,*,#5494,.T.);
#5641=ORIENTED_EDGE('',*,*,#5588,.T.);
#5642=ORIENTED_EDGE('',*,*,#5564,.T.);
#5643=ORIENTED_EDGE('',*,*,#5562,.T.);
#5645=ORIENTED_EDGE('',*,*,#5644,.F.);
#5646=ORIENTED_EDGE('',*,*,#5496,.T.);
#5647=EDGE_LOOP('',(#5640,#5641,#5642,#5643,#5645,#5646));
#5648=FACE_OUTER_BOUND('',#5647,.F.);
#5649=ADVANCED_FACE('',(#5648),#5639,.T.);
#5650=CARTESIAN_POINT('',(8.E1,1.641354608861E-2,-1.995896429757E0));
#5651=DIRECTION('',(1.E0,0.E0,0.E0));
#5652=DIRECTION('',(0.E0,-1.E0,0.E0));
#5653=AXIS2_PLACEMENT_3D('',#5650,#5651,#5652);
#5654=PLANE('',#5653);
#5655=ORIENTED_EDGE('',*,*,#5560,.T.);
#5657=ORIENTED_EDGE('',*,*,#5656,.T.);
#5658=ORIENTED_EDGE('',*,*,#5498,.T.);
#5659=ORIENTED_EDGE('',*,*,#5644,.T.);
#5660=EDGE_LOOP('',(#5655,#5657,#5658,#5659));
#5661=FACE_OUTER_BOUND('',#5660,.F.);
#5662=ADVANCED_FACE('',(#5661),#5654,.T.);
#5663=CARTESIAN_POINT('',(6.75E1,4.202206622319E0,-3.799762858460E0));
#5664=DIRECTION('',(0.E0,-9.961720194260E-1,-8.741457380056E-2));
#5665=DIRECTION('',(7.071067811865E-1,-6.181143790891E-2,7.043999901644E-1));
#5666=AXIS2_PLACEMENT_3D('',#5663,#5664,#5665);
#5667=CYLINDRICAL_SURFACE('',#5666,1.25E1);
#5668=ORIENTED_EDGE('',*,*,#5556,.T.);
#5669=ORIENTED_EDGE('',*,*,#5533,.T.);
#5670=ORIENTED_EDGE('',*,*,#5502,.T.);
#5671=ORIENTED_EDGE('',*,*,#5500,.T.);
#5672=ORIENTED_EDGE('',*,*,#5656,.F.);
#5673=ORIENTED_EDGE('',*,*,#5558,.T.);
#5674=EDGE_LOOP('',(#5668,#5669,#5670,#5671,#5672,#5673));
#5675=FACE_OUTER_BOUND('',#5674,.F.);
#5676=ADVANCED_FACE('',(#5675),#5667,.T.);
#5677=CARTESIAN_POINT('',(1.E2,1.883518908306E0,-3.278907782841E0));
#5678=DIRECTION('',(0.E0,-8.741457380055E-2,9.961720194260E-1));
#5679=DIRECTION('',(0.E0,9.961720194260E-1,8.741457380055E-2));
#5680=AXIS2_PLACEMENT_3D('',#5677,#5678,#5679);
#5681=PLANE('',#5680);
#5683=ORIENTED_EDGE('',*,*,#5682,.F.);
#5685=ORIENTED_EDGE('',*,*,#5684,.F.);
#5687=ORIENTED_EDGE('',*,*,#5686,.F.);
#5689=ORIENTED_EDGE('',*,*,#5688,.F.);
#5691=ORIENTED_EDGE('',*,*,#5690,.F.);
#5693=ORIENTED_EDGE('',*,*,#5692,.F.);
#5694=ORIENTED_EDGE('',*,*,#5568,.F.);
#5696=ORIENTED_EDGE('',*,*,#5695,.F.);
#5698=ORIENTED_EDGE('',*,*,#5697,.F.);
#5700=ORIENTED_EDGE('',*,*,#5699,.F.);
#5701=EDGE_LOOP('',(#5683,#5685,#5687,#5689,#5691,#5693,#5694,#5696,#5698,
#5700));
#5702=FACE_OUTER_BOUND('',#5701,.F.);
#5704=ORIENTED_EDGE('',*,*,#5703,.T.);
#5706=ORIENTED_EDGE('',*,*,#5705,.T.);
#5707=EDGE_LOOP('',(#5704,#5706));
#5708=FACE_BOUND('',#5707,.F.);
#5710=ORIENTED_EDGE('',*,*,#5709,.T.);
#5712=ORIENTED_EDGE('',*,*,#5711,.T.);
#5713=EDGE_LOOP('',(#5710,#5712));
#5714=FACE_BOUND('',#5713,.F.);
#5715=ADVANCED_FACE('',(#5702,#5708,#5714),#5681,.T.);
#5716=CARTESIAN_POINT('',(-2.5E1,-8.048927170270E0,-4.652406048275E0));
#5717=DIRECTION('',(-1.E0,-1.404589897574E-12,1.233219937679E-12));
#5718=DIRECTION('',(-1.233219937679E-12,0.E0,-1.E0));
#5719=AXIS2_PLACEMENT_3D('',#5716,#5717,#5718);
#5720=CYLINDRICAL_SURFACE('',#5719,4.999999999999E-1);
#5722=ORIENTED_EDGE('',*,*,#5721,.T.);
#5724=ORIENTED_EDGE('',*,*,#5723,.T.);
#5726=ORIENTED_EDGE('',*,*,#5725,.T.);
#5728=ORIENTED_EDGE('',*,*,#5727,.F.);
#5729=ORIENTED_EDGE('',*,*,#5686,.T.);
#5730=ORIENTED_EDGE('',*,*,#5684,.T.);
#5731=ORIENTED_EDGE('',*,*,#5682,.T.);
#5733=ORIENTED_EDGE('',*,*,#5732,.F.);
#5734=EDGE_LOOP('',(#5722,#5724,#5726,#5728,#5729,#5730,#5731,#5733));
#5735=FACE_OUTER_BOUND('',#5734,.F.);
#5736=ADVANCED_FACE('',(#5735),#5720,.T.);
#5737=CARTESIAN_POINT('',(1.E2,-8.579172166006E0,-4.197013956506E0));
#5738=DIRECTION('',(0.E0,-9.979482148809E-1,-6.402624786720E-2));
#5739=DIRECTION('',(1.E0,0.E0,0.E0));
#5740=AXIS2_PLACEMENT_3D('',#5737,#5738,#5739);
#5741=PLANE('',#5740);
#5743=ORIENTED_EDGE('',*,*,#5742,.T.);
#5745=ORIENTED_EDGE('',*,*,#5744,.T.);
#5747=ORIENTED_EDGE('',*,*,#5746,.F.);
#5748=ORIENTED_EDGE('',*,*,#5725,.F.);
#5749=ORIENTED_EDGE('',*,*,#5723,.F.);
#5750=ORIENTED_EDGE('',*,*,#5721,.F.);
#5752=ORIENTED_EDGE('',*,*,#5751,.F.);
#5753=EDGE_LOOP('',(#5743,#5745,#5747,#5748,#5749,#5750,#5752));
#5754=FACE_OUTER_BOUND('',#5753,.F.);
#5755=ADVANCED_FACE('',(#5754),#5741,.T.);
#5756=CARTESIAN_POINT('',(-2.500000000001E1,-7.921387213830E0,
-6.640313759480E0));
#5757=DIRECTION('',(-1.E0,-2.602357627337E-11,-3.007239912844E-11));
#5758=DIRECTION('',(3.007239912844E-11,0.E0,-1.E0));
#5759=AXIS2_PLACEMENT_3D('',#5756,#5757,#5758);
#5760=CYLINDRICAL_SURFACE('',#5759,5.000000000001E-1);
#5762=ORIENTED_EDGE('',*,*,#5761,.F.);
#5764=ORIENTED_EDGE('',*,*,#5763,.F.);
#5766=ORIENTED_EDGE('',*,*,#5765,.F.);
#5767=ORIENTED_EDGE('',*,*,#5742,.F.);
#5769=ORIENTED_EDGE('',*,*,#5768,.F.);
#5771=ORIENTED_EDGE('',*,*,#5770,.F.);
#5772=EDGE_LOOP('',(#5762,#5764,#5766,#5767,#5769,#5771));
#5773=FACE_OUTER_BOUND('',#5772,.F.);
#5774=ADVANCED_FACE('',(#5773),#5760,.T.);
#5775=CARTESIAN_POINT('',(1.E2,-8.387588344235E0,-7.183144478046E0));
#5776=DIRECTION('',(0.E0,8.741457380056E-2,-9.961720194260E-1));
#5777=DIRECTION('',(0.E0,-9.961720194260E-1,-8.741457380056E-2));
#5778=AXIS2_PLACEMENT_3D('',#5775,#5776,#5777);
#5779=PLANE('',#5778);
#5780=ORIENTED_EDGE('',*,*,#5572,.F.);
#5782=ORIENTED_EDGE('',*,*,#5781,.F.);
#5784=ORIENTED_EDGE('',*,*,#5783,.F.);
#5786=ORIENTED_EDGE('',*,*,#5785,.F.);
#5788=ORIENTED_EDGE('',*,*,#5787,.T.);
#5789=ORIENTED_EDGE('',*,*,#5761,.T.);
#5791=ORIENTED_EDGE('',*,*,#5790,.F.);
#5793=ORIENTED_EDGE('',*,*,#5792,.F.);
#5795=ORIENTED_EDGE('',*,*,#5794,.F.);
#5796=EDGE_LOOP('',(#5780,#5782,#5784,#5786,#5788,#5789,#5791,#5793,#5795));
#5797=FACE_OUTER_BOUND('',#5796,.F.);
#5799=ORIENTED_EDGE('',*,*,#5798,.T.);
#5801=ORIENTED_EDGE('',*,*,#5800,.F.);
#5803=ORIENTED_EDGE('',*,*,#5802,.T.);
#5805=ORIENTED_EDGE('',*,*,#5804,.F.);
#5807=ORIENTED_EDGE('',*,*,#5806,.T.);
#5809=ORIENTED_EDGE('',*,*,#5808,.T.);
#5811=ORIENTED_EDGE('',*,*,#5810,.T.);
#5813=ORIENTED_EDGE('',*,*,#5812,.F.);
#5815=ORIENTED_EDGE('',*,*,#5814,.T.);
#5817=ORIENTED_EDGE('',*,*,#5816,.F.);
#5819=ORIENTED_EDGE('',*,*,#5818,.T.);
#5821=ORIENTED_EDGE('',*,*,#5820,.F.);
#5823=ORIENTED_EDGE('',*,*,#5822,.T.);
#5825=ORIENTED_EDGE('',*,*,#5824,.F.);
#5827=ORIENTED_EDGE('',*,*,#5826,.T.);
#5829=ORIENTED_EDGE('',*,*,#5828,.F.);
#5831=ORIENTED_EDGE('',*,*,#5830,.T.);
#5833=ORIENTED_EDGE('',*,*,#5832,.F.);
#5835=ORIENTED_EDGE('',*,*,#5834,.T.);
#5837=ORIENTED_EDGE('',*,*,#5836,.T.);
#5839=ORIENTED_EDGE('',*,*,#5838,.T.);
#5841=ORIENTED_EDGE('',*,*,#5840,.F.);
#5842=EDGE_LOOP('',(#5799,#5801,#5803,#5805,#5807,#5809,#5811,#5813,#5815,#5817,
#5819,#5821,#5823,#5825,#5827,#5829,#5831,#5833,#5835,#5837,#5839,#5841));
#5843=FACE_BOUND('',#5842,.F.);
#5845=ORIENTED_EDGE('',*,*,#5844,.F.);
#5847=ORIENTED_EDGE('',*,*,#5846,.T.);
#5849=ORIENTED_EDGE('',*,*,#5848,.F.);
#5851=ORIENTED_EDGE('',*,*,#5850,.T.);
#5853=ORIENTED_EDGE('',*,*,#5852,.F.);
#5855=ORIENTED_EDGE('',*,*,#5854,.T.);
#5857=ORIENTED_EDGE('',*,*,#5856,.F.);
#5859=ORIENTED_EDGE('',*,*,#5858,.T.);
#5861=ORIENTED_EDGE('',*,*,#5860,.F.);
#5863=ORIENTED_EDGE('',*,*,#5862,.T.);
#5865=ORIENTED_EDGE('',*,*,#5864,.F.);
#5867=ORIENTED_EDGE('',*,*,#5866,.T.);
#5869=ORIENTED_EDGE('',*,*,#5868,.F.);
#5871=ORIENTED_EDGE('',*,*,#5870,.T.);
#5873=ORIENTED_EDGE('',*,*,#5872,.F.);
#5875=ORIENTED_EDGE('',*,*,#5874,.T.);
#5877=ORIENTED_EDGE('',*,*,#5876,.F.);
#5879=ORIENTED_EDGE('',*,*,#5878,.T.);
#5881=ORIENTED_EDGE('',*,*,#5880,.F.);
#5883=ORIENTED_EDGE('',*,*,#5882,.T.);
#5884=EDGE_LOOP('',(#5845,#5847,#5849,#5851,#5853,#5855,#5857,#5859,#5861,#5863,
#5865,#5867,#5869,#5871,#5873,#5875,#5877,#5879,#5881,#5883));
#5885=FACE_BOUND('',#5884,.F.);
#5887=ORIENTED_EDGE('',*,*,#5886,.T.);
#5889=ORIENTED_EDGE('',*,*,#5888,.F.);
#5891=ORIENTED_EDGE('',*,*,#5890,.T.);
#5893=ORIENTED_EDGE('',*,*,#5892,.T.);
#5895=ORIENTED_EDGE('',*,*,#5894,.T.);
#5897=ORIENTED_EDGE('',*,*,#5896,.F.);
#5899=ORIENTED_EDGE('',*,*,#5898,.T.);
#5901=ORIENTED_EDGE('',*,*,#5900,.T.);
#5903=ORIENTED_EDGE('',*,*,#5902,.T.);
#5905=ORIENTED_EDGE('',*,*,#5904,.F.);
#5907=ORIENTED_EDGE('',*,*,#5906,.T.);
#5909=ORIENTED_EDGE('',*,*,#5908,.F.);
#5911=ORIENTED_EDGE('',*,*,#5910,.T.);
#5913=ORIENTED_EDGE('',*,*,#5912,.F.);
#5915=ORIENTED_EDGE('',*,*,#5914,.T.);
#5917=ORIENTED_EDGE('',*,*,#5916,.F.);
#5919=ORIENTED_EDGE('',*,*,#5918,.T.);
#5921=ORIENTED_EDGE('',*,*,#5920,.T.);
#5922=EDGE_LOOP('',(#5887,#5889,#5891,#5893,#5895,#5897,#5899,#5901,#5903,#5905,
#5907,#5909,#5911,#5913,#5915,#5917,#5919,#5921));
#5923=FACE_BOUND('',#5922,.F.);
#5925=ORIENTED_EDGE('',*,*,#5924,.T.);
#5927=ORIENTED_EDGE('',*,*,#5926,.F.);
#5929=ORIENTED_EDGE('',*,*,#5928,.T.);
#5931=ORIENTED_EDGE('',*,*,#5930,.T.);
#5933=ORIENTED_EDGE('',*,*,#5932,.T.);
#5935=ORIENTED_EDGE('',*,*,#5934,.F.);
#5937=ORIENTED_EDGE('',*,*,#5936,.T.);
#5939=ORIENTED_EDGE('',*,*,#5938,.T.);
#5941=ORIENTED_EDGE('',*,*,#5940,.T.);
#5943=ORIENTED_EDGE('',*,*,#5942,.F.);
#5945=ORIENTED_EDGE('',*,*,#5944,.T.);
#5947=ORIENTED_EDGE('',*,*,#5946,.T.);
#5949=ORIENTED_EDGE('',*,*,#5948,.T.);
#5951=ORIENTED_EDGE('',*,*,#5950,.T.);
#5952=EDGE_LOOP('',(#5925,#5927,#5929,#5931,#5933,#5935,#5937,#5939,#5941,#5943,
#5945,#5947,#5949,#5951));
#5953=FACE_BOUND('',#5952,.F.);
#5955=ORIENTED_EDGE('',*,*,#5954,.T.);
#5957=ORIENTED_EDGE('',*,*,#5956,.F.);
#5959=ORIENTED_EDGE('',*,*,#5958,.T.);
#5961=ORIENTED_EDGE('',*,*,#5960,.F.);
#5963=ORIENTED_EDGE('',*,*,#5962,.T.);
#5965=ORIENTED_EDGE('',*,*,#5964,.F.);
#5967=ORIENTED_EDGE('',*,*,#5966,.T.);
#5969=ORIENTED_EDGE('',*,*,#5968,.F.);
#5971=ORIENTED_EDGE('',*,*,#5970,.T.);
#5973=ORIENTED_EDGE('',*,*,#5972,.F.);
#5975=ORIENTED_EDGE('',*,*,#5974,.T.);
#5977=ORIENTED_EDGE('',*,*,#5976,.F.);
#5979=ORIENTED_EDGE('',*,*,#5978,.T.);
#5981=ORIENTED_EDGE('',*,*,#5980,.F.);
#5983=ORIENTED_EDGE('',*,*,#5982,.T.);
#5985=ORIENTED_EDGE('',*,*,#5984,.F.);
#5987=ORIENTED_EDGE('',*,*,#5986,.T.);
#5989=ORIENTED_EDGE('',*,*,#5988,.T.);
#5990=EDGE_LOOP('',(#5955,#5957,#5959,#5961,#5963,#5965,#5967,#5969,#5971,#5973,
#5975,#5977,#5979,#5981,#5983,#5985,#5987,#5989));
#5991=FACE_BOUND('',#5990,.F.);
#5993=ORIENTED_EDGE('',*,*,#5992,.F.);
#5995=ORIENTED_EDGE('',*,*,#5994,.T.);
#5997=ORIENTED_EDGE('',*,*,#5996,.F.);
#5999=ORIENTED_EDGE('',*,*,#5998,.T.);
#6001=ORIENTED_EDGE('',*,*,#6000,.F.);
#6003=ORIENTED_EDGE('',*,*,#6002,.T.);
#6005=ORIENTED_EDGE('',*,*,#6004,.F.);
#6007=ORIENTED_EDGE('',*,*,#6006,.T.);
#6009=ORIENTED_EDGE('',*,*,#6008,.T.);
#6011=ORIENTED_EDGE('',*,*,#6010,.T.);
#6013=ORIENTED_EDGE('',*,*,#6012,.F.);
#6015=ORIENTED_EDGE('',*,*,#6014,.T.);
#6017=ORIENTED_EDGE('',*,*,#6016,.F.);
#6019=ORIENTED_EDGE('',*,*,#6018,.T.);
#6021=ORIENTED_EDGE('',*,*,#6020,.F.);
#6023=ORIENTED_EDGE('',*,*,#6022,.T.);
#6025=ORIENTED_EDGE('',*,*,#6024,.F.);
#6027=ORIENTED_EDGE('',*,*,#6026,.T.);
#6029=ORIENTED_EDGE('',*,*,#6028,.F.);
#6031=ORIENTED_EDGE('',*,*,#6030,.T.);
#6032=EDGE_LOOP('',(#5993,#5995,#5997,#5999,#6001,#6003,#6005,#6007,#6009,#6011,
#6013,#6015,#6017,#6019,#6021,#6023,#6025,#6027,#6029,#6031));
#6033=FACE_BOUND('',#6032,.F.);
#6035=ORIENTED_EDGE('',*,*,#6034,.T.);
#6037=ORIENTED_EDGE('',*,*,#6036,.F.);
#6039=ORIENTED_EDGE('',*,*,#6038,.T.);
#6041=ORIENTED_EDGE('',*,*,#6040,.T.);
#6043=ORIENTED_EDGE('',*,*,#6042,.T.);
#6045=ORIENTED_EDGE('',*,*,#6044,.T.);
#6047=ORIENTED_EDGE('',*,*,#6046,.T.);
#6049=ORIENTED_EDGE('',*,*,#6048,.F.);
#6051=ORIENTED_EDGE('',*,*,#6050,.T.);
#6053=ORIENTED_EDGE('',*,*,#6052,.T.);
#6055=ORIENTED_EDGE('',*,*,#6054,.T.);
#6057=ORIENTED_EDGE('',*,*,#6056,.F.);
#6059=ORIENTED_EDGE('',*,*,#6058,.T.);
#6061=ORIENTED_EDGE('',*,*,#6060,.T.);
#6062=EDGE_LOOP('',(#6035,#6037,#6039,#6041,#6043,#6045,#6047,#6049,#6051,#6053,
#6055,#6057,#6059,#6061));
#6063=FACE_BOUND('',#6062,.F.);
#6065=ORIENTED_EDGE('',*,*,#6064,.T.);
#6067=ORIENTED_EDGE('',*,*,#6066,.T.);
#6069=ORIENTED_EDGE('',*,*,#6068,.T.);
#6071=ORIENTED_EDGE('',*,*,#6070,.T.);
#6073=ORIENTED_EDGE('',*,*,#6072,.T.);
#6075=ORIENTED_EDGE('',*,*,#6074,.T.);
#6077=ORIENTED_EDGE('',*,*,#6076,.T.);
#6079=ORIENTED_EDGE('',*,*,#6078,.T.);
#6081=ORIENTED_EDGE('',*,*,#6080,.T.);
#6083=ORIENTED_EDGE('',*,*,#6082,.T.);
#6085=ORIENTED_EDGE('',*,*,#6084,.T.);
#6087=ORIENTED_EDGE('',*,*,#6086,.T.);
#6089=ORIENTED_EDGE('',*,*,#6088,.T.);
#6091=ORIENTED_EDGE('',*,*,#6090,.T.);
#6093=ORIENTED_EDGE('',*,*,#6092,.T.);
#6095=ORIENTED_EDGE('',*,*,#6094,.T.);
#6097=ORIENTED_EDGE('',*,*,#6096,.T.);
#6099=ORIENTED_EDGE('',*,*,#6098,.T.);
#6100=EDGE_LOOP('',(#6065,#6067,#6069,#6071,#6073,#6075,#6077,#6079,#6081,#6083,
#6085,#6087,#6089,#6091,#6093,#6095,#6097,#6099));
#6101=FACE_BOUND('',#6100,.F.);
#6103=ORIENTED_EDGE('',*,*,#6102,.T.);
#6105=ORIENTED_EDGE('',*,*,#6104,.T.);
#6107=ORIENTED_EDGE('',*,*,#6106,.T.);
#6109=ORIENTED_EDGE('',*,*,#6108,.T.);
#6111=ORIENTED_EDGE('',*,*,#6110,.T.);
#6113=ORIENTED_EDGE('',*,*,#6112,.T.);
#6115=ORIENTED_EDGE('',*,*,#6114,.T.);
#6117=ORIENTED_EDGE('',*,*,#6116,.T.);
#6119=ORIENTED_EDGE('',*,*,#6118,.T.);
#6121=ORIENTED_EDGE('',*,*,#6120,.T.);
#6123=ORIENTED_EDGE('',*,*,#6122,.T.);
#6125=ORIENTED_EDGE('',*,*,#6124,.T.);
#6127=ORIENTED_EDGE('',*,*,#6126,.T.);
#6129=ORIENTED_EDGE('',*,*,#6128,.T.);
#6131=ORIENTED_EDGE('',*,*,#6130,.T.);
#6133=ORIENTED_EDGE('',*,*,#6132,.T.);
#6135=ORIENTED_EDGE('',*,*,#6134,.T.);
#6137=ORIENTED_EDGE('',*,*,#6136,.T.);
#6138=EDGE_LOOP('',(#6103,#6105,#6107,#6109,#6111,#6113,#6115,#6117,#6119,#6121,
#6123,#6125,#6127,#6129,#6131,#6133,#6135,#6137));
#6139=FACE_BOUND('',#6138,.F.);
#6140=ADVANCED_FACE('',(#5797,#5843,#5885,#5923,#5953,#5991,#6033,#6063,#6101,
#6139),#5779,.T.);
#6141=CARTESIAN_POINT('',(-7.9E1,-5.983884519157E-1,4.168272639506E0));
#6142=DIRECTION('',(0.E0,-6.402624786720E-2,9.979482148809E-1));
#6143=DIRECTION('',(7.071067811865E-1,7.056559500153E-1,4.527339404083E-2));
#6144=AXIS2_PLACEMENT_3D('',#6141,#6142,#6143);
#6145=CYLINDRICAL_SURFACE('',#6144,2.E0);
#6146=ORIENTED_EDGE('',*,*,#5781,.T.);
#6147=ORIENTED_EDGE('',*,*,#5570,.T.);
#6148=ORIENTED_EDGE('',*,*,#5692,.T.);
#6149=ORIENTED_EDGE('',*,*,#5690,.T.);
#6151=ORIENTED_EDGE('',*,*,#6150,.F.);
#6152=ORIENTED_EDGE('',*,*,#5783,.T.);
#6153=EDGE_LOOP('',(#6146,#6147,#6148,#6149,#6151,#6152));
#6154=FACE_OUTER_BOUND('',#6153,.F.);
#6155=ADVANCED_FACE('',(#6154),#6145,.F.);
#6156=CARTESIAN_POINT('',(-7.7E1,-1.116389496458E-1,5.328102834759E-12));
#6157=DIRECTION('',(-1.E0,0.E0,0.E0));
#6158=DIRECTION('',(0.E0,1.E0,0.E0));
#6159=AXIS2_PLACEMENT_3D('',#6156,#6157,#6158);
#6160=PLANE('',#6159);
#6161=ORIENTED_EDGE('',*,*,#6150,.T.);
#6162=ORIENTED_EDGE('',*,*,#5688,.T.);
#6163=ORIENTED_EDGE('',*,*,#5727,.T.);
#6164=ORIENTED_EDGE('',*,*,#5746,.T.);
#6166=ORIENTED_EDGE('',*,*,#6165,.T.);
#6168=ORIENTED_EDGE('',*,*,#6167,.T.);
#6169=ORIENTED_EDGE('',*,*,#5785,.T.);
#6170=EDGE_LOOP('',(#6161,#6162,#6163,#6164,#6166,#6168,#6169));
#6171=FACE_OUTER_BOUND('',#6170,.F.);
#6172=ADVANCED_FACE('',(#6171),#6160,.T.);
#6173=CARTESIAN_POINT('',(2.499999999999E1,-7.921387213830E0,
-6.640313759480E0));
#6174=DIRECTION('',(-1.E0,-2.602357627337E-11,-3.007239912844E-11));
#6175=DIRECTION('',(3.007239912844E-11,0.E0,-1.E0));
#6176=AXIS2_PLACEMENT_3D('',#6173,#6174,#6175);
#6177=CYLINDRICAL_SURFACE('',#6176,5.000000000001E-1);
#6178=ORIENTED_EDGE('',*,*,#5763,.T.);
#6179=ORIENTED_EDGE('',*,*,#5787,.F.);
#6180=ORIENTED_EDGE('',*,*,#6167,.F.);
#6181=ORIENTED_EDGE('',*,*,#6165,.F.);
#6182=ORIENTED_EDGE('',*,*,#5744,.F.);
#6183=ORIENTED_EDGE('',*,*,#5765,.T.);
#6184=EDGE_LOOP('',(#6178,#6179,#6180,#6181,#6182,#6183));
#6185=FACE_OUTER_BOUND('',#6184,.F.);
#6186=ADVANCED_FACE('',(#6185),#6177,.T.);
#6187=CARTESIAN_POINT('',(7.7E1,-1.116389496458E-1,5.331703536179E-12));
#6188=DIRECTION('',(1.E0,0.E0,0.E0));
#6189=DIRECTION('',(0.E0,-1.E0,0.E0));
#6190=AXIS2_PLACEMENT_3D('',#6187,#6188,#6189);
#6191=PLANE('',#6190);
#6193=ORIENTED_EDGE('',*,*,#6192,.T.);
#6194=ORIENTED_EDGE('',*,*,#5790,.T.);
#6195=ORIENTED_EDGE('',*,*,#5770,.T.);
#6196=ORIENTED_EDGE('',*,*,#5768,.T.);
#6197=ORIENTED_EDGE('',*,*,#5751,.T.);
#6198=ORIENTED_EDGE('',*,*,#5732,.T.);
#6199=ORIENTED_EDGE('',*,*,#5699,.T.);
#6200=EDGE_LOOP('',(#6193,#6194,#6195,#6196,#6197,#6198,#6199));
#6201=FACE_OUTER_BOUND('',#6200,.F.);
#6202=ADVANCED_FACE('',(#6201),#6191,.T.);
#6203=CARTESIAN_POINT('',(7.9E1,-5.983884519157E-1,4.168272639506E0));
#6204=DIRECTION('',(0.E0,6.402624786720E-2,-9.979482148809E-1));
#6205=DIRECTION('',(-7.071067811865E-1,7.056559500153E-1,4.527339404083E-2));
#6206=AXIS2_PLACEMENT_3D('',#6203,#6204,#6205);
#6207=CYLINDRICAL_SURFACE('',#6206,2.E0);
#6208=ORIENTED_EDGE('',*,*,#5695,.T.);
#6209=ORIENTED_EDGE('',*,*,#5574,.T.);
#6210=ORIENTED_EDGE('',*,*,#5794,.T.);
#6211=ORIENTED_EDGE('',*,*,#5792,.T.);
#6212=ORIENTED_EDGE('',*,*,#6192,.F.);
#6213=ORIENTED_EDGE('',*,*,#5697,.T.);
#6214=EDGE_LOOP('',(#6208,#6209,#6210,#6211,#6212,#6213));
#6215=FACE_OUTER_BOUND('',#6214,.F.);
#6216=ADVANCED_FACE('',(#6215),#6207,.F.);
#6217=CARTESIAN_POINT('',(-1.074618026274E1,-5.181257906204E0,
-6.500250363949E0));
#6218=CARTESIAN_POINT('',(-1.072121711816E1,-5.216738397198E0,
-6.503363794088E0));
#6219=CARTESIAN_POINT('',(-1.068014211603E1,-5.232999617294E0,
-6.504790723971E0));
#6220=CARTESIAN_POINT('',(-1.063120595099E1,-5.227916564268E0,
-6.504344683624E0));
#6221=CARTESIAN_POINT('',(-1.059976625996E1,-5.219159814289E0,
-6.503576274602E0));
#6222=CARTESIAN_POINT('',(-1.056210732022E1,-5.199745946141E0,
-6.501872698335E0));
#6223=CARTESIAN_POINT('',(-1.052300531520E1,-5.168142982833E0,
-6.499099523106E0));
#6224=CARTESIAN_POINT('',(-1.048197708479E1,-5.117092509371E0,
-6.494619819507E0));
#6225=CARTESIAN_POINT('',(-1.044884534125E1,-5.035480431887E0,
-6.487458320458E0));
#6226=CARTESIAN_POINT('',(-1.047630858042E1,-4.967548418108E0,
-6.481497253578E0));
#6227=CARTESIAN_POINT('',(-1.051348250620E1,-4.936371936645E0,
-6.478761502335E0));
#6229=DIRECTION('',(0.E0,8.741457380048E-2,-9.961720194260E-1));
#6230=VECTOR('',#6229,1.E0);
#6231=SURFACE_OF_LINEAR_EXTRUSION('',#6228,#6230);
#6233=ORIENTED_EDGE('',*,*,#6232,.T.);
#6234=ORIENTED_EDGE('',*,*,#5798,.F.);
#6236=ORIENTED_EDGE('',*,*,#6235,.T.);
#6238=ORIENTED_EDGE('',*,*,#6237,.F.);
#6239=EDGE_LOOP('',(#6233,#6234,#6236,#6238));
#6240=FACE_OUTER_BOUND('',#6239,.F.);
#6241=ADVANCED_FACE('',(#6240),#6231,.T.);
#6242=CARTESIAN_POINT('',(-1.114459748313E1,-5.189271327847E0,
-6.982798036895E0));
#6243=DIRECTION('',(3.268852272374E-3,-9.961666971659E-1,-8.741410676960E-2));
#6244=DIRECTION('',(9.999946572881E-1,3.256339169342E-3,2.857453285905E-4));
#6245=AXIS2_PLACEMENT_3D('',#6242,#6243,#6244);
#6246=PLANE('',#6245);
#6247=ORIENTED_EDGE('',*,*,#6232,.F.);
#6249=ORIENTED_EDGE('',*,*,#6248,.F.);
#6251=ORIENTED_EDGE('',*,*,#6250,.F.);
#6252=ORIENTED_EDGE('',*,*,#5800,.T.);
#6253=EDGE_LOOP('',(#6247,#6249,#6251,#6252));
#6254=FACE_OUTER_BOUND('',#6253,.F.);
#6255=ADVANCED_FACE('',(#6254),#6246,.F.);
#6256=CARTESIAN_POINT('',(-1.286225215310E1,-1.293843665102E0,
-6.159127894681E0));
#6257=DIRECTION('',(0.E0,8.741457380056E-2,-9.961720194260E-1));
#6258=DIRECTION('',(0.E0,-9.961720194260E-1,-8.741457380056E-2));
#6259=AXIS2_PLACEMENT_3D('',#6256,#6257,#6258);
#6260=PLANE('',#6259);
#6261=ORIENTED_EDGE('',*,*,#6237,.T.);
#6263=ORIENTED_EDGE('',*,*,#6262,.T.);
#6265=ORIENTED_EDGE('',*,*,#6264,.T.);
#6267=ORIENTED_EDGE('',*,*,#6266,.T.);
#6269=ORIENTED_EDGE('',*,*,#6268,.T.);
#6271=ORIENTED_EDGE('',*,*,#6270,.T.);
#6273=ORIENTED_EDGE('',*,*,#6272,.T.);
#6275=ORIENTED_EDGE('',*,*,#6274,.T.);
#6277=ORIENTED_EDGE('',*,*,#6276,.T.);
#6279=ORIENTED_EDGE('',*,*,#6278,.T.);
#6281=ORIENTED_EDGE('',*,*,#6280,.T.);
#6283=ORIENTED_EDGE('',*,*,#6282,.T.);
#6285=ORIENTED_EDGE('',*,*,#6284,.T.);
#6287=ORIENTED_EDGE('',*,*,#6286,.T.);
#6289=ORIENTED_EDGE('',*,*,#6288,.T.);
#6291=ORIENTED_EDGE('',*,*,#6290,.T.);
#6293=ORIENTED_EDGE('',*,*,#6292,.T.);
#6295=ORIENTED_EDGE('',*,*,#6294,.T.);
#6297=ORIENTED_EDGE('',*,*,#6296,.T.);
#6299=ORIENTED_EDGE('',*,*,#6298,.T.);
#6301=ORIENTED_EDGE('',*,*,#6300,.T.);
#6302=ORIENTED_EDGE('',*,*,#6248,.T.);
#6303=EDGE_LOOP('',(#6261,#6263,#6265,#6267,#6269,#6271,#6273,#6275,#6277,#6279,
#6281,#6283,#6285,#6287,#6289,#6291,#6293,#6295,#6297,#6299,#6301,#6302));
#6304=FACE_OUTER_BOUND('',#6303,.F.);
#6305=ADVANCED_FACE('',(#6304),#6260,.T.);
#6306=CARTESIAN_POINT('',(-1.046322791959E1,-4.695578766803E0,
-6.939476277228E0));
#6307=DIRECTION('',(9.999946633463E-1,3.254492447293E-3,2.855832774210E-4));
#6308=DIRECTION('',(-3.266998453907E-3,9.961667032009E-1,8.741410729951E-2));
#6309=AXIS2_PLACEMENT_3D('',#6306,#6307,#6308);
#6310=PLANE('',#6309);
#6312=ORIENTED_EDGE('',*,*,#6311,.F.);
#6313=ORIENTED_EDGE('',*,*,#6262,.F.);
#6314=ORIENTED_EDGE('',*,*,#6235,.F.);
#6315=ORIENTED_EDGE('',*,*,#5840,.T.);
#6316=EDGE_LOOP('',(#6312,#6313,#6314,#6315));
#6317=FACE_OUTER_BOUND('',#6316,.F.);
#6318=ADVANCED_FACE('',(#6317),#6310,.F.);
#6319=CARTESIAN_POINT('',(-1.038420635980E1,-4.397189877732E0,
-6.913292508707E0));
#6320=DIRECTION('',(0.E0,8.741457380048E-2,-9.961720194260E-1));
#6321=DIRECTION('',(-9.999946672382E-1,-3.253305523981E-3,-2.854791243639E-4));
#6322=AXIS2_PLACEMENT_3D('',#6319,#6320,#6321);
#6323=CYLINDRICAL_SURFACE('',#6322,7.999972010880E-2);
#6324=ORIENTED_EDGE('',*,*,#6311,.T.);
#6325=ORIENTED_EDGE('',*,*,#5838,.F.);
#6327=ORIENTED_EDGE('',*,*,#6326,.T.);
#6328=ORIENTED_EDGE('',*,*,#6264,.F.);
#6329=EDGE_LOOP('',(#6324,#6325,#6327,#6328));
#6330=FACE_OUTER_BOUND('',#6329,.F.);
#6331=ADVANCED_FACE('',(#6330),#6323,.T.);
#6332=CARTESIAN_POINT('',(-9.995847573719E0,-4.079813592544E0,
-6.885442587043E0));
#6333=DIRECTION('',(5.030242013045E-1,-8.609639079869E-1,-7.554999699514E-2));
#6334=DIRECTION('',(8.642723256601E-1,5.010986344336E-1,4.397164616836E-2));
#6335=AXIS2_PLACEMENT_3D('',#6332,#6333,#6334);
#6336=PLANE('',#6335);
#6337=ORIENTED_EDGE('',*,*,#6326,.F.);
#6338=ORIENTED_EDGE('',*,*,#5836,.F.);
#6340=ORIENTED_EDGE('',*,*,#6339,.F.);
#6341=ORIENTED_EDGE('',*,*,#6266,.F.);
#6342=EDGE_LOOP('',(#6337,#6338,#6340,#6341));
#6343=FACE_OUTER_BOUND('',#6342,.F.);
#6344=ADVANCED_FACE('',(#6343),#6336,.F.);
#6345=CARTESIAN_POINT('',(-9.571750752349E0,-3.875996897231E0,
-6.385713082653E0));
#6346=CARTESIAN_POINT('',(-9.570237711551E0,-3.875107914138E0,
-6.385635073959E0));
#6347=CARTESIAN_POINT('',(-9.543905810212E0,-3.859180042026E0,
-6.384237395522E0));
#6348=CARTESIAN_POINT('',(-9.499137043519E0,-3.816500185803E0,
-6.380492217612E0));
#6349=CARTESIAN_POINT('',(-9.456440414402E0,-3.740222602824E0,
-6.373798823021E0));
#6350=CARTESIAN_POINT('',(-9.443919279635E0,-3.679994582006E0,
-6.368513785228E0));
#6351=CARTESIAN_POINT('',(-9.444410580659E0,-3.649583866130E0,
-6.365845230285E0));
#6352=CARTESIAN_POINT('',(-9.444461863849E0,-3.647834341315E0,
-6.365691708641E0));
#6354=DIRECTION('',(-3.053113317716E-14,8.741457380047E-2,-9.961720194260E-1));
#6355=VECTOR('',#6354,1.E0);
#6356=SURFACE_OF_LINEAR_EXTRUSION('',#6353,#6355);
#6358=ORIENTED_EDGE('',*,*,#6357,.F.);
#6359=ORIENTED_EDGE('',*,*,#6268,.F.);
#6360=ORIENTED_EDGE('',*,*,#6339,.T.);
#6361=ORIENTED_EDGE('',*,*,#5834,.F.);
#6362=EDGE_LOOP('',(#6358,#6359,#6360,#6361));
#6363=FACE_OUTER_BOUND('',#6362,.F.);
#6364=ADVANCED_FACE('',(#6363),#6356,.T.);
#6365=CARTESIAN_POINT('',(-9.447928597792E0,-2.527875464913E0,
-6.749259269959E0));
#6366=DIRECTION('',(9.999946650556E-1,3.253971201256E-3,2.855375378533E-4));
#6367=DIRECTION('',(-3.266475204885E-3,9.961667049037E-1,8.741410744891E-2));
#6368=AXIS2_PLACEMENT_3D('',#6365,#6366,#6367);
#6369=PLANE('',#6368);
#6370=ORIENTED_EDGE('',*,*,#6357,.T.);
#6371=ORIENTED_EDGE('',*,*,#5832,.T.);
#6373=ORIENTED_EDGE('',*,*,#6372,.F.);
#6374=ORIENTED_EDGE('',*,*,#6270,.F.);
#6375=EDGE_LOOP('',(#6370,#6371,#6373,#6374));
#6376=FACE_OUTER_BOUND('',#6375,.F.);
#6377=ADVANCED_FACE('',(#6376),#6369,.F.);
#6378=CARTESIAN_POINT('',(-9.495947202802E0,-1.581452501880E0,
-6.184365708430E0));
#6379=CARTESIAN_POINT('',(-9.463591078474E0,-1.551096060274E0,
-6.181701916080E0));
#6380=CARTESIAN_POINT('',(-9.438851277092E0,-1.484813415026E0,
-6.175885582082E0));
#6381=CARTESIAN_POINT('',(-9.478724823477E0,-1.388322934453E0,
-6.167418496006E0));
#6382=CARTESIAN_POINT('',(-9.536723456773E0,-1.331139696548E0,
-6.162400639378E0));
#6383=CARTESIAN_POINT('',(-9.590231406051E0,-1.303955199449E0,
-6.160015186683E0));
#6384=CARTESIAN_POINT('',(-9.621706521976E0,-1.295418884226E0,
-6.159266120917E0));
#6385=CARTESIAN_POINT('',(-9.670957162105E0,-1.290625623468E0,
-6.158845509980E0));
#6386=CARTESIAN_POINT('',(-9.712202595061E0,-1.307430406087E0,
-6.160320137737E0));
#6387=CARTESIAN_POINT('',(-9.736909819023E0,-1.343942295805E0,
-6.163524073623E0));
#6389=DIRECTION('',(-3.238150488487E-14,8.741457380047E-2,-9.961720194260E-1));
#6390=VECTOR('',#6389,1.E0);
#6391=SURFACE_OF_LINEAR_EXTRUSION('',#6388,#6390);
#6392=ORIENTED_EDGE('',*,*,#6372,.T.);
#6393=ORIENTED_EDGE('',*,*,#5830,.F.);
#6395=ORIENTED_EDGE('',*,*,#6394,.F.);
#6396=ORIENTED_EDGE('',*,*,#6272,.F.);
#6397=EDGE_LOOP('',(#6392,#6393,#6395,#6396));
#6398=FACE_OUTER_BOUND('',#6397,.F.);
#6399=ADVANCED_FACE('',(#6398),#6391,.T.);
#6400=CARTESIAN_POINT('',(-1.013508569883E1,-1.253489950837E0,
-6.637431328200E0));
#6401=DIRECTION('',(-3.268825287442E-3,9.961666972538E-1,8.741410677730E-2));
#6402=DIRECTION('',(-9.999946573763E-1,-3.256312287765E-3,-2.857429690633E-4));
#6403=AXIS2_PLACEMENT_3D('',#6400,#6401,#6402);
#6404=PLANE('',#6403);
#6405=ORIENTED_EDGE('',*,*,#6394,.T.);
#6406=ORIENTED_EDGE('',*,*,#5828,.T.);
#6408=ORIENTED_EDGE('',*,*,#6407,.F.);
#6409=ORIENTED_EDGE('',*,*,#6274,.F.);
#6410=EDGE_LOOP('',(#6405,#6406,#6408,#6409));
#6411=FACE_OUTER_BOUND('',#6410,.F.);
#6412=ADVANCED_FACE('',(#6411),#6404,.F.);
#6413=CARTESIAN_POINT('',(-1.053357325808E1,-1.345591391490E0,
-6.163668782545E0));
#6414=CARTESIAN_POINT('',(-1.055844756296E1,-1.309956312863E0,
-6.160541787271E0));
#6415=CARTESIAN_POINT('',(-1.059952210674E1,-1.293676291149E0,
-6.159113207537E0));
#6416=CARTESIAN_POINT('',(-1.064846860099E1,-1.298764009858E0,
-6.159559657300E0));
#6417=CARTESIAN_POINT('',(-1.067990460765E1,-1.307514037979E0,
-6.160327476476E0));
#6418=CARTESIAN_POINT('',(-1.073324205364E1,-1.335063621419E0,
-6.162744965672E0));
#6419=CARTESIAN_POINT('',(-1.079085282363E1,-1.392627236675E0,
-6.167796200595E0));
#6420=CARTESIAN_POINT('',(-1.083082075417E1,-1.491221224937E0,
-6.176447870483E0));
#6421=CARTESIAN_POINT('',(-1.080335908466E1,-1.559391651788E0,
-6.182429858225E0));
#6422=CARTESIAN_POINT('',(-1.076624634355E1,-1.591011955438E0,
-6.185204555079E0));
#6424=DIRECTION('',(0.E0,8.741457380047E-2,-9.961720194260E-1));
#6425=VECTOR('',#6424,1.E0);
#6426=SURFACE_OF_LINEAR_EXTRUSION('',#6423,#6425);
#6427=ORIENTED_EDGE('',*,*,#6407,.T.);
#6428=ORIENTED_EDGE('',*,*,#5826,.F.);
#6430=ORIENTED_EDGE('',*,*,#6429,.F.);
#6431=ORIENTED_EDGE('',*,*,#6276,.F.);
#6432=EDGE_LOOP('',(#6427,#6428,#6430,#6431));
#6433=FACE_OUTER_BOUND('',#6432,.F.);
#6434=ADVANCED_FACE('',(#6433),#6426,.T.);
#6435=CARTESIAN_POINT('',(-1.081510606836E1,-2.158539304253E0,
-6.716849844233E0));
#6436=DIRECTION('',(-9.999946638119E-1,-3.254350465874E-3,-2.855708185060E-4));
#6437=DIRECTION('',(3.266855926899E-3,-9.961667036648E-1,-8.741410734E-2));
#6438=AXIS2_PLACEMENT_3D('',#6435,#6436,#6437);
#6439=PLANE('',#6438);
#6440=ORIENTED_EDGE('',*,*,#6429,.T.);
#6441=ORIENTED_EDGE('',*,*,#5824,.T.);
#6443=ORIENTED_EDGE('',*,*,#6442,.F.);
#6444=ORIENTED_EDGE('',*,*,#6278,.F.);
#6445=EDGE_LOOP('',(#6440,#6441,#6443,#6444));
#6446=FACE_OUTER_BOUND('',#6445,.F.);
#6447=ADVANCED_FACE('',(#6446),#6439,.F.);
#6448=CARTESIAN_POINT('',(-1.083467362658E1,-2.814700292278E0,
-6.292583795152E0));
#6449=CARTESIAN_POINT('',(-1.081987202679E1,-2.844446565413E0,
-6.295194044926E0));
#6450=CARTESIAN_POINT('',(-1.080144019751E1,-2.930591221893E0,
-6.302753279962E0));
#6451=CARTESIAN_POINT('',(-1.084853545873E1,-3.070846280721E0,
-6.315060728828E0));
#6452=CARTESIAN_POINT('',(-1.096469641861E1,-3.152323368194E0,
-6.322210382439E0));
#6453=CARTESIAN_POINT('',(-1.107218863103E1,-3.171481983029E0,
-6.323891560105E0));
#6454=CARTESIAN_POINT('',(-1.115782938637E1,-3.171987108681E0,
-6.323935885124E0));
#6455=CARTESIAN_POINT('',(-1.124262952558E1,-3.170379243568E0,
-6.323794794187E0));
#6456=CARTESIAN_POINT('',(-1.134643834810E1,-3.150096715021E0,
-6.322014992552E0));
#6457=CARTESIAN_POINT('',(-1.145650471999E1,-3.067820948384E0,
-6.314795254460E0));
#6458=CARTESIAN_POINT('',(-1.150240929298E1,-2.932254659791E0,
-6.302899247437E0));
#6459=CARTESIAN_POINT('',(-1.148496193165E1,-2.847027705582E0,
-6.295420541216E0));
#6460=CARTESIAN_POINT('',(-1.147056186639E1,-2.816941384301E0,
-6.292780452054E0));
#6462=DIRECTION('',(0.E0,8.741457380047E-2,-9.961720194260E-1));
#6463=VECTOR('',#6462,1.E0);
#6464=SURFACE_OF_LINEAR_EXTRUSION('',#6461,#6463);
#6465=ORIENTED_EDGE('',*,*,#6442,.T.);
#6466=ORIENTED_EDGE('',*,*,#5822,.F.);
#6468=ORIENTED_EDGE('',*,*,#6467,.F.);
#6469=ORIENTED_EDGE('',*,*,#6280,.F.);
#6470=EDGE_LOOP('',(#6465,#6466,#6468,#6469));
#6471=FACE_OUTER_BOUND('',#6470,.F.);
#6472=ADVANCED_FACE('',(#6471),#6464,.T.);
#6473=CARTESIAN_POINT('',(-1.149384528274E1,-2.160749518710E0,
-6.717043791615E0));
#6474=DIRECTION('',(9.999946618303E-1,3.254954669938E-3,2.856238377032E-4));
#6475=DIRECTION('',(-3.267462452732E-3,9.961667016907E-1,8.741410716687E-2));
#6476=AXIS2_PLACEMENT_3D('',#6473,#6474,#6475);
#6477=PLANE('',#6476);
#6478=ORIENTED_EDGE('',*,*,#6467,.T.);
#6479=ORIENTED_EDGE('',*,*,#5820,.T.);
#6481=ORIENTED_EDGE('',*,*,#6480,.F.);
#6482=ORIENTED_EDGE('',*,*,#6282,.F.);
#6483=EDGE_LOOP('',(#6478,#6479,#6481,#6482));
#6484=FACE_OUTER_BOUND('',#6483,.F.);
#6485=ADVANCED_FACE('',(#6484),#6477,.F.);
#6486=CARTESIAN_POINT('',(-1.154063882460E1,-1.588110828614E0,
-6.184949979803E0));
#6487=CARTESIAN_POINT('',(-1.150828278775E1,-1.557754414191E0,
-6.182286189838E0));
#6488=CARTESIAN_POINT('',(-1.148354303479E1,-1.491471772589E0,
-6.176469856160E0));
#6489=CARTESIAN_POINT('',(-1.152341649918E1,-1.394981229584E0,
-6.168002764605E0));
#6490=CARTESIAN_POINT('',(-1.158141516325E1,-1.337797960261E0,
-6.162984905221E0));
#6491=CARTESIAN_POINT('',(-1.163492312359E1,-1.310613450760E0,
-6.160599451438E0));
#6492=CARTESIAN_POINT('',(-1.166639824860E1,-1.302077130430E0,
-6.159850385223E0));
#6493=CARTESIAN_POINT('',(-1.171564889462E1,-1.297283867838E0,
-6.159429774126E0));
#6494=CARTESIAN_POINT('',(-1.175689433163E1,-1.314088652666E0,
-6.160904402077E0));
#6495=CARTESIAN_POINT('',(-1.178160156004E1,-1.350600541447E0,
-6.164108337875E0));
#6497=DIRECTION('',(0.E0,8.741457380047E-2,-9.961720194260E-1));
#6498=VECTOR('',#6497,1.E0);
#6499=SURFACE_OF_LINEAR_EXTRUSION('',#6496,#6498);
#6500=ORIENTED_EDGE('',*,*,#6480,.T.);
#6501=ORIENTED_EDGE('',*,*,#5818,.F.);
#6503=ORIENTED_EDGE('',*,*,#6502,.F.);
#6504=ORIENTED_EDGE('',*,*,#6284,.F.);
#6505=EDGE_LOOP('',(#6500,#6501,#6503,#6504));
#6506=FACE_OUTER_BOUND('',#6505,.F.);
#6507=ADVANCED_FACE('',(#6506),#6499,.T.);
#6508=CARTESIAN_POINT('',(-1.217978786080E1,-1.260148230157E0,
-6.638015595412E0));
#6509=DIRECTION('',(-3.268825286640E-3,9.961666972538E-1,8.741410677730E-2));
#6510=DIRECTION('',(-9.999946573764E-1,-3.256312286928E-3,-2.857429694273E-4));
#6511=AXIS2_PLACEMENT_3D('',#6508,#6509,#6510);
#6512=PLANE('',#6511);
#6513=ORIENTED_EDGE('',*,*,#6502,.T.);
#6514=ORIENTED_EDGE('',*,*,#5816,.T.);
#6516=ORIENTED_EDGE('',*,*,#6515,.F.);
#6517=ORIENTED_EDGE('',*,*,#6286,.F.);
#6518=EDGE_LOOP('',(#6513,#6514,#6516,#6517));
#6519=FACE_OUTER_BOUND('',#6518,.F.);
#6520=ADVANCED_FACE('',(#6519),#6512,.F.);
#6521=CARTESIAN_POINT('',(-1.257628248303E1,-1.350798032486E0,
-6.164125667819E0));
#6522=CARTESIAN_POINT('',(-1.260309143891E1,-1.316514886051E0,
-6.161117305222E0));
#6523=CARTESIAN_POINT('',(-1.264016320432E1,-1.301974937199E0,
-6.159841417718E0));
#6524=CARTESIAN_POINT('',(-1.268093881644E1,-1.304147641833E0,
-6.160032073595E0));
#6525=CARTESIAN_POINT('',(-1.269712533306E1,-1.306519836341E0,
-6.160240234804E0));
#6526=CARTESIAN_POINT('',(-1.272462648011E1,-1.314189532771E0,
-6.160913254354E0));
#6527=CARTESIAN_POINT('',(-1.277759921487E1,-1.341390159413E0,
-6.163300122423E0));
#6528=CARTESIAN_POINT('',(-1.283689567909E1,-1.401255009002E0,
-6.168553291766E0));
#6529=CARTESIAN_POINT('',(-1.287531204747E1,-1.498009269864E0,
-6.177043524689E0));
#6530=CARTESIAN_POINT('',(-1.284807334853E1,-1.567609804560E0,
-6.183151005082E0));
#6531=CARTESIAN_POINT('',(-1.281195883193E1,-1.601843234411E0,
-6.186155005016E0));
#6533=DIRECTION('',(0.E0,8.741457380047E-2,-9.961720194260E-1));
#6534=VECTOR('',#6533,1.E0);
#6535=SURFACE_OF_LINEAR_EXTRUSION('',#6532,#6534);
#6537=ORIENTED_EDGE('',*,*,#6536,.T.);
#6538=ORIENTED_EDGE('',*,*,#6288,.F.);
#6539=ORIENTED_EDGE('',*,*,#6515,.T.);
#6540=ORIENTED_EDGE('',*,*,#5814,.F.);
#6541=EDGE_LOOP('',(#6537,#6538,#6539,#6540));
#6542=FACE_OUTER_BOUND('',#6541,.F.);
#6543=ADVANCED_FACE('',(#6542),#6535,.T.);
#6544=CARTESIAN_POINT('',(-1.285859298189E1,-2.538971445035E0,
-6.750232947551E0));
#6545=DIRECTION('',(-9.999946633463E-1,-3.254492447370E-3,-2.855832774621E-4));
#6546=DIRECTION('',(3.266998453987E-3,-9.961667032009E-1,-8.741410729929E-2));
#6547=AXIS2_PLACEMENT_3D('',#6544,#6545,#6546);
#6548=PLANE('',#6547);
#6550=ORIENTED_EDGE('',*,*,#6549,.F.);
#6551=ORIENTED_EDGE('',*,*,#6290,.F.);
#6552=ORIENTED_EDGE('',*,*,#6536,.F.);
#6553=ORIENTED_EDGE('',*,*,#5812,.T.);
#6554=EDGE_LOOP('',(#6550,#6551,#6552,#6553));
#6555=FACE_OUTER_BOUND('',#6554,.F.);
#6556=ADVANCED_FACE('',(#6555),#6548,.F.);
#6557=CARTESIAN_POINT('',(-1.282886722702E1,-3.568676955734E0,
-6.358745609985E0));
#6558=CARTESIAN_POINT('',(-1.284745674682E1,-3.598956463419E0,
-6.361402651348E0));
#6559=CARTESIAN_POINT('',(-1.286212521741E1,-3.661250735122E0,
-6.366869003649E0));
#6560=CARTESIAN_POINT('',(-1.284166016049E1,-3.753735946491E0,
-6.374984625426E0));
#6561=CARTESIAN_POINT('',(-1.279645166584E1,-3.831157274430E0,
-6.381778384188E0));
#6562=CARTESIAN_POINT('',(-1.272573841719E1,-3.894708627416E0,
-6.387355045977E0));
#6563=CARTESIAN_POINT('',(-1.266393271954E1,-3.912791949961E0,
-6.388941866227E0));
#6564=CARTESIAN_POINT('',(-1.262811498489E1,-3.911559178754E0,
-6.388833689960E0));
#6566=DIRECTION('',(0.E0,8.741457380047E-2,-9.961720194260E-1));
#6567=VECTOR('',#6566,1.E0);
#6568=SURFACE_OF_LINEAR_EXTRUSION('',#6565,#6567);
#6569=ORIENTED_EDGE('',*,*,#6549,.T.);
#6570=ORIENTED_EDGE('',*,*,#5810,.F.);
#6572=ORIENTED_EDGE('',*,*,#6571,.T.);
#6573=ORIENTED_EDGE('',*,*,#6292,.F.);
#6574=EDGE_LOOP('',(#6569,#6570,#6572,#6573));
#6575=FACE_OUTER_BOUND('',#6574,.F.);
#6576=ADVANCED_FACE('',(#6575),#6568,.T.);
#6577=CARTESIAN_POINT('',(-1.229765086440E1,-4.088957782158E0,
-6.886244994079E0));
#6578=DIRECTION('',(-4.971884054155E-1,-8.643212856811E-1,-7.584460850264E-2));
#6579=DIRECTION('',(8.676426047172E-1,-4.952851778580E-1,-4.346151255756E-2));
#6580=AXIS2_PLACEMENT_3D('',#6577,#6578,#6579);
#6581=PLANE('',#6580);
#6583=ORIENTED_EDGE('',*,*,#6582,.F.);
#6584=ORIENTED_EDGE('',*,*,#6294,.F.);
#6585=ORIENTED_EDGE('',*,*,#6571,.F.);
#6586=ORIENTED_EDGE('',*,*,#5808,.F.);
#6587=EDGE_LOOP('',(#6583,#6584,#6585,#6586));
#6588=FACE_OUTER_BOUND('',#6587,.F.);
#6589=ADVANCED_FACE('',(#6588),#6581,.F.);
#6590=CARTESIAN_POINT('',(-1.191016785764E1,-4.401998798981E0,
-6.913714493857E0));
#6591=DIRECTION('',(-1.073215590471E-13,8.741457380071E-2,-9.961720194260E-1));
#6592=DIRECTION('',(4.971875024715E-1,8.643218011171E-1,7.584465373239E-2));
#6593=AXIS2_PLACEMENT_3D('',#6590,#6591,#6592);
#6594=CYLINDRICAL_SURFACE('',#6593,7.999936933023E-2);
#6595=ORIENTED_EDGE('',*,*,#6582,.T.);
#6596=ORIENTED_EDGE('',*,*,#5806,.F.);
#6598=ORIENTED_EDGE('',*,*,#6597,.T.);
#6599=ORIENTED_EDGE('',*,*,#6296,.F.);
#6600=EDGE_LOOP('',(#6595,#6596,#6598,#6599));
#6601=FACE_OUTER_BOUND('',#6600,.F.);
#6602=ADVANCED_FACE('',(#6601),#6594,.T.);
#6603=CARTESIAN_POINT('',(-1.182919091963E1,-4.699946927097E0,
-6.939859585395E0));
#6604=DIRECTION('',(-9.999946633463E-1,-3.254492447552E-3,-2.855832773739E-4));
#6605=DIRECTION('',(3.266998454161E-3,-9.961667032009E-1,-8.741410729942E-2));
#6606=AXIS2_PLACEMENT_3D('',#6603,#6604,#6605);
#6607=PLANE('',#6606);
#6608=ORIENTED_EDGE('',*,*,#6597,.F.);
#6609=ORIENTED_EDGE('',*,*,#5804,.T.);
#6611=ORIENTED_EDGE('',*,*,#6610,.F.);
#6612=ORIENTED_EDGE('',*,*,#6298,.F.);
#6613=EDGE_LOOP('',(#6608,#6609,#6611,#6612));
#6614=FACE_OUTER_BOUND('',#6613,.F.);
#6615=ADVANCED_FACE('',(#6614),#6607,.F.);
#6616=CARTESIAN_POINT('',(-1.178373665394E1,-4.945248458327E0,
-6.479540421383E0));
#6617=CARTESIAN_POINT('',(-1.181610013790E1,-4.975603953277E0,
-6.482204130664E0));
#6618=CARTESIAN_POINT('',(-1.184084301653E1,-5.041882423423E0,
-6.488020098294E0));
#6619=CARTESIAN_POINT('',(-1.180096950090E1,-5.138366664170E0,
-6.496486636823E0));
#6620=CARTESIAN_POINT('',(-1.174297122668E1,-5.195542064173E0,
-6.501503805671E0));
#6621=CARTESIAN_POINT('',(-1.168946380604E1,-5.222724451307E0,
-6.503889073215E0));
#6622=CARTESIAN_POINT('',(-1.165798772373E1,-5.231260485900E0,
-6.504638114356E0));
#6623=CARTESIAN_POINT('',(-1.160873667110E1,-5.236053342975E0,
-6.505058689869E0));
#6624=CARTESIAN_POINT('',(-1.156749106492E1,-5.219251752380E0,
-6.503584342214E0));
#6625=CARTESIAN_POINT('',(-1.154278240307E1,-5.182751963044E0,
-6.500381468151E0));
#6627=DIRECTION('',(-1.051627920548E-13,8.741457380072E-2,-9.961720194260E-1));
#6628=VECTOR('',#6627,1.E0);
#6629=SURFACE_OF_LINEAR_EXTRUSION('',#6626,#6628);
#6630=ORIENTED_EDGE('',*,*,#6610,.T.);
#6631=ORIENTED_EDGE('',*,*,#5802,.F.);
#6632=ORIENTED_EDGE('',*,*,#6250,.T.);
#6633=ORIENTED_EDGE('',*,*,#6300,.F.);
#6634=EDGE_LOOP('',(#6630,#6631,#6632,#6633));
#6635=FACE_OUTER_BOUND('',#6634,.F.);
#6636=ADVANCED_FACE('',(#6635),#6629,.T.);
#6637=CARTESIAN_POINT('',(-8.073291837773E0,-5.179270048210E0,
-6.981920419797E0));
#6638=DIRECTION('',(3.268824903082E-3,-9.961666972551E-1,-8.741410677743E-2));
#6639=DIRECTION('',(9.999946573776E-1,3.256311904931E-3,2.857429348435E-4));
#6640=AXIS2_PLACEMENT_3D('',#6637,#6638,#6639);
#6641=PLANE('',#6640);
#6643=ORIENTED_EDGE('',*,*,#6642,.T.);
#6644=ORIENTED_EDGE('',*,*,#5844,.T.);
#6646=ORIENTED_EDGE('',*,*,#6645,.F.);
#6648=ORIENTED_EDGE('',*,*,#6647,.F.);
#6649=EDGE_LOOP('',(#6643,#6644,#6646,#6648));
#6650=FACE_OUTER_BOUND('',#6649,.F.);
#6651=ADVANCED_FACE('',(#6650),#6641,.F.);
#6652=CARTESIAN_POINT('',(-8.712434026715E0,-4.935247348901E0,
-6.478662819218E0));
#6653=CARTESIAN_POINT('',(-8.744799170121E0,-4.965602671212E0,
-6.481326513351E0));
#6654=CARTESIAN_POINT('',(-8.769542992480E0,-5.031880800279E0,
-6.487142451053E0));
#6655=CARTESIAN_POINT('',(-8.729667975893E0,-5.128365479631E0,
-6.495609028068E0));
#6656=CARTESIAN_POINT('',(-8.671666769766E0,-5.185540016740E0,
-6.500626121197E0));
#6657=CARTESIAN_POINT('',(-8.618156728789E0,-5.212722822414E0,
-6.503011425468E0));
#6658=CARTESIAN_POINT('',(-8.586678481836E0,-5.221259141238E0,
-6.503760491551E0));
#6659=CARTESIAN_POINT('',(-8.537426229932E0,-5.226052066196E0,
-6.504181073021E0));
#6660=CARTESIAN_POINT('',(-8.496179993099E0,-5.209250079572E0,
-6.502706690614E0));
#6661=CARTESIAN_POINT('',(-8.471469726612E0,-5.172746370980E0,
-6.499503472627E0));
#6663=DIRECTION('',(-2.960594732331E-14,8.741457380049E-2,-9.961720194260E-1));
#6664=VECTOR('',#6663,1.E0);
#6665=SURFACE_OF_LINEAR_EXTRUSION('',#6662,#6664);
#6667=ORIENTED_EDGE('',*,*,#6666,.T.);
#6668=ORIENTED_EDGE('',*,*,#5846,.F.);
#6669=ORIENTED_EDGE('',*,*,#6642,.F.);
#6671=ORIENTED_EDGE('',*,*,#6670,.F.);
#6672=EDGE_LOOP('',(#6667,#6668,#6669,#6671));
#6673=FACE_OUTER_BOUND('',#6672,.F.);
#6674=ADVANCED_FACE('',(#6673),#6665,.T.);
#6675=CARTESIAN_POINT('',(-8.762726736121E0,-3.215257671223E0,
-6.809577389150E0));
#6676=DIRECTION('',(-9.999946635380E-1,-3.254433982116E-3,-2.855781470781E-4));
#6677=DIRECTION('',(3.266939764067E-3,-9.961667033919E-1,-8.741410731603E-2));
#6678=AXIS2_PLACEMENT_3D('',#6675,#6676,#6677);
#6679=PLANE('',#6678);
#6681=ORIENTED_EDGE('',*,*,#6680,.T.);
#6682=ORIENTED_EDGE('',*,*,#5848,.T.);
#6683=ORIENTED_EDGE('',*,*,#6666,.F.);
#6685=ORIENTED_EDGE('',*,*,#6684,.F.);
#6686=EDGE_LOOP('',(#6681,#6682,#6683,#6685));
#6687=FACE_OUTER_BOUND('',#6686,.F.);
#6688=ADVANCED_FACE('',(#6687),#6679,.F.);
#6689=CARTESIAN_POINT('',(-8.484679820612E0,-1.338893823698E0,
-6.163081067761E0));
#6690=CARTESIAN_POINT('',(-8.509555516620E0,-1.303262446677E0,
-6.159954397294E0));
#6691=CARTESIAN_POINT('',(-8.550630362114E0,-1.286983763571E0,
-6.158525935023E0));
#6692=CARTESIAN_POINT('',(-8.599577421440E0,-1.292071211141E0,
-6.158972360994E0));
#6693=CARTESIAN_POINT('',(-8.631014422543E0,-1.300820950661E0,
-6.159740154844E0));
#6694=CARTESIAN_POINT('',(-8.684351306771E0,-1.328368407465E0,
-6.162157457428E0));
#6695=CARTESIAN_POINT('',(-8.741961726872E0,-1.385924129646E0,
-6.167207999730E0));
#6696=CARTESIAN_POINT('',(-8.781930027581E0,-1.484512245317E0,
-6.175859154295E0));
#6697=CARTESIAN_POINT('',(-8.754464281275E0,-1.552679070467E0,
-6.181840825985E0));
#6698=CARTESIAN_POINT('',(-8.717341761250E0,-1.584298572715E0,
-6.184615452513E0));
#6700=DIRECTION('',(-3.022273789255E-14,8.741457380049E-2,-9.961720194260E-1));
#6701=VECTOR('',#6700,1.E0);
#6702=SURFACE_OF_LINEAR_EXTRUSION('',#6699,#6701);
#6704=ORIENTED_EDGE('',*,*,#6703,.T.);
#6705=ORIENTED_EDGE('',*,*,#5850,.F.);
#6706=ORIENTED_EDGE('',*,*,#6680,.F.);
#6708=ORIENTED_EDGE('',*,*,#6707,.F.);
#6709=EDGE_LOOP('',(#6704,#6705,#6706,#6708));
#6710=FACE_OUTER_BOUND('',#6709,.F.);
#6711=ADVANCED_FACE('',(#6710),#6702,.T.);
#6712=CARTESIAN_POINT('',(-8.086193881252E0,-1.246797215897E0,
-6.636844037490E0));
#6713=DIRECTION('',(-3.268825056781E-3,9.961666972546E-1,8.741410677738E-2));
#6714=DIRECTION('',(-9.999946573771E-1,-3.256312057948E-3,-2.857429493449E-4));
#6715=AXIS2_PLACEMENT_3D('',#6712,#6713,#6714);
#6716=PLANE('',#6715);
#6718=ORIENTED_EDGE('',*,*,#6717,.T.);
#6719=ORIENTED_EDGE('',*,*,#5852,.T.);
#6720=ORIENTED_EDGE('',*,*,#6703,.F.);
#6722=ORIENTED_EDGE('',*,*,#6721,.F.);
#6723=EDGE_LOOP('',(#6718,#6719,#6720,#6722));
#6724=FACE_OUTER_BOUND('',#6723,.F.);
#6725=ADVANCED_FACE('',(#6724),#6716,.F.);
#6726=CARTESIAN_POINT('',(-7.447065159104E0,-1.574738092265E0,
-6.183776515757E0));
#6727=CARTESIAN_POINT('',(-7.414701674698E0,-1.544382601074E0,
-6.181112806806E0));
#6728=CARTESIAN_POINT('',(-7.389958796328E0,-1.478104132547E0,
-6.175296839317E0));
#6729=CARTESIAN_POINT('',(-7.429832312113E0,-1.381619889342E0,
-6.166830300573E0));
#6730=CARTESIAN_POINT('',(-7.487830585944E0,-1.324444496573E0,
-6.161813132360E0));
#6731=CARTESIAN_POINT('',(-7.541338006472E0,-1.297262097329E0,
-6.159427863753E0));
#6732=CARTESIAN_POINT('',(-7.572814087982E0,-1.288726081603E0,
-6.158678824267E0));
#6733=CARTESIAN_POINT('',(-7.622065226692E0,-1.283933099770E0,
-6.158258237807E0));
#6734=CARTESIAN_POINT('',(-7.663310913769E0,-1.300736501888E0,
-6.159732744424E0));
#6735=CARTESIAN_POINT('',(-7.688019570088E0,-1.337244597491E0,
-6.162936347367E0));
#6737=DIRECTION('',(-2.760137797330E-14,8.741457380049E-2,-9.961720194260E-1));
#6738=VECTOR('',#6737,1.E0);
#6739=SURFACE_OF_LINEAR_EXTRUSION('',#6736,#6738);
#6741=ORIENTED_EDGE('',*,*,#6740,.T.);
#6742=ORIENTED_EDGE('',*,*,#5854,.F.);
#6743=ORIENTED_EDGE('',*,*,#6717,.F.);
#6745=ORIENTED_EDGE('',*,*,#6744,.F.);
#6746=EDGE_LOOP('',(#6741,#6742,#6743,#6745));
#6747=FACE_OUTER_BOUND('',#6746,.F.);
#6748=ADVANCED_FACE('',(#6747),#6739,.T.);
#6749=CARTESIAN_POINT('',(-7.400889212878E0,-1.956077792571E0,
-6.699083749213E0));
#6750=DIRECTION('',(9.999946613445E-1,3.255102792649E-3,2.856368355240E-4));
#6751=DIRECTION('',(-3.267611144631E-3,9.961667012067E-1,8.741410712454E-2));
#6752=AXIS2_PLACEMENT_3D('',#6749,#6750,#6751);
#6753=PLANE('',#6752);
#6755=ORIENTED_EDGE('',*,*,#6754,.T.);
#6756=ORIENTED_EDGE('',*,*,#5856,.T.);
#6757=ORIENTED_EDGE('',*,*,#6740,.F.);
#6759=ORIENTED_EDGE('',*,*,#6758,.F.);
#6760=EDGE_LOOP('',(#6755,#6756,#6757,#6759));
#6761=FACE_OUTER_BOUND('',#6760,.F.);
#6762=ADVANCED_FACE('',(#6761),#6753,.F.);
#6763=CARTESIAN_POINT('',(-6.742336744216E0,-2.418728358491E0,
-6.257837067526E0));
#6764=CARTESIAN_POINT('',(-6.727533420964E0,-2.448475066648E0,
-6.260447355472E0));
#6765=CARTESIAN_POINT('',(-6.709099989858E0,-2.534620557436E0,
-6.268006663718E0));
#6766=CARTESIAN_POINT('',(-6.756200867256E0,-2.674876562028E0,
-6.280314195576E0));
#6767=CARTESIAN_POINT('',(-6.872365430336E0,-2.756352333661E0,
-6.287463733721E0));
#6768=CARTESIAN_POINT('',(-6.979861263879E0,-2.775510679285E0,
-6.289144887764E0));
#6769=CARTESIAN_POINT('',(-7.065503283389E0,-2.776015461262E0,
-6.289189182625E0));
#6770=CARTESIAN_POINT('',(-7.150303717472E0,-2.774407101757E0,
-6.289048048305E0));
#6771=CARTESIAN_POINT('',(-7.254111546460E0,-2.754124089499E0,
-6.287268204225E0));
#6772=CARTESIAN_POINT('',(-7.364176484704E0,-2.671848221671E0,
-6.280048457253E0));
#6773=CARTESIAN_POINT('',(-7.410080534248E0,-2.536282714543E0,
-6.268152518804E0));
#6774=CARTESIAN_POINT('',(-7.392633288569E0,-2.451055988736E0,
-6.260673832626E0));
#6775=CARTESIAN_POINT('',(-7.378233254887E0,-2.420969610820E0,
-6.258033738494E0));
#6777=DIRECTION('',(-3.011993946434E-14,8.741457380049E-2,-9.961720194260E-1));
#6778=VECTOR('',#6777,1.E0);
#6779=SURFACE_OF_LINEAR_EXTRUSION('',#6776,#6778);
#6781=ORIENTED_EDGE('',*,*,#6780,.T.);
#6782=ORIENTED_EDGE('',*,*,#5858,.F.);
#6783=ORIENTED_EDGE('',*,*,#6754,.F.);
#6785=ORIENTED_EDGE('',*,*,#6784,.F.);
#6786=EDGE_LOOP('',(#6781,#6782,#6783,#6785));
#6787=FACE_OUTER_BOUND('',#6786,.F.);
#6788=ADVANCED_FACE('',(#6787),#6779,.T.);
#6789=CARTESIAN_POINT('',(-6.722139541724E0,-1.953867539132E0,
-6.698889798410E0));
#6790=DIRECTION('',(-9.999946639650E-1,-3.254303807531E-3,-2.855667241956E-4));
#6791=DIRECTION('',(3.266809089261E-3,-9.961667038172E-1,-8.741410735359E-2));
#6792=AXIS2_PLACEMENT_3D('',#6789,#6790,#6791);
#6793=PLANE('',#6792);
#6795=ORIENTED_EDGE('',*,*,#6794,.T.);
#6796=ORIENTED_EDGE('',*,*,#5860,.T.);
#6797=ORIENTED_EDGE('',*,*,#6780,.F.);
#6799=ORIENTED_EDGE('',*,*,#6798,.F.);
#6800=EDGE_LOOP('',(#6795,#6796,#6797,#6799));
#6801=FACE_OUTER_BOUND('',#6800,.F.);
#6802=ADVANCED_FACE('',(#6801),#6793,.F.);
#6803=CARTESIAN_POINT('',(-6.439989743012E0,-1.332241086513E0,
-6.162497286884E0));
#6804=CARTESIAN_POINT('',(-6.464863889192E0,-1.296605462740E0,
-6.159370243753E0));
#6805=CARTESIAN_POINT('',(-6.505938149742E0,-1.280325414652E0,
-6.157941661703E0));
#6806=CARTESIAN_POINT('',(-6.554884046891E0,-1.285412904655E0,
-6.158388091398E0));
#6807=CARTESIAN_POINT('',(-6.586318867602E0,-1.294162317694E0,
-6.159155856600E0));
#6808=CARTESIAN_POINT('',(-6.639653158136E0,-1.321709348417E0,
-6.161573121794E0));
#6809=CARTESIAN_POINT('',(-6.697260653050E0,-1.379265918370E0,
-6.166623738488E0));
#6810=CARTESIAN_POINT('',(-6.737227365451E0,-1.477853476219E0,
-6.175274844104E0));
#6811=CARTESIAN_POINT('',(-6.709762880416E0,-1.546020473427E0,
-6.181256530893E0));
#6812=CARTESIAN_POINT('',(-6.672642656950E0,-1.577640094590E0,
-6.184031167858E0));
#6814=DIRECTION('',(-2.976014496563E-14,8.741457380048E-2,-9.961720194260E-1));
#6815=VECTOR('',#6814,1.E0);
#6816=SURFACE_OF_LINEAR_EXTRUSION('',#6813,#6815);
#6817=ORIENTED_EDGE('',*,*,#6794,.F.);
#6819=ORIENTED_EDGE('',*,*,#6818,.F.);
#6821=ORIENTED_EDGE('',*,*,#6820,.T.);
#6822=ORIENTED_EDGE('',*,*,#5862,.F.);
#6823=EDGE_LOOP('',(#6817,#6819,#6821,#6822));
#6824=FACE_OUTER_BOUND('',#6823,.F.);
#6825=ADVANCED_FACE('',(#6824),#6816,.T.);
#6826=CARTESIAN_POINT('',(-8.768647781928E0,-1.280492616602E0,
-6.157956333754E0));
#6827=DIRECTION('',(0.E0,8.741457380056E-2,-9.961720194260E-1));
#6828=DIRECTION('',(0.E0,-9.961720194260E-1,-8.741457380056E-2));
#6829=AXIS2_PLACEMENT_3D('',#6826,#6827,#6828);
#6830=PLANE('',#6829);
#6831=ORIENTED_EDGE('',*,*,#6647,.T.);
#6833=ORIENTED_EDGE('',*,*,#6832,.T.);
#6835=ORIENTED_EDGE('',*,*,#6834,.T.);
#6837=ORIENTED_EDGE('',*,*,#6836,.T.);
#6839=ORIENTED_EDGE('',*,*,#6838,.T.);
#6841=ORIENTED_EDGE('',*,*,#6840,.T.);
#6843=ORIENTED_EDGE('',*,*,#6842,.T.);
#6845=ORIENTED_EDGE('',*,*,#6844,.T.);
#6847=ORIENTED_EDGE('',*,*,#6846,.T.);
#6849=ORIENTED_EDGE('',*,*,#6848,.T.);
#6851=ORIENTED_EDGE('',*,*,#6850,.T.);
#6852=ORIENTED_EDGE('',*,*,#6818,.T.);
#6853=ORIENTED_EDGE('',*,*,#6798,.T.);
#6854=ORIENTED_EDGE('',*,*,#6784,.T.);
#6855=ORIENTED_EDGE('',*,*,#6758,.T.);
#6856=ORIENTED_EDGE('',*,*,#6744,.T.);
#6857=ORIENTED_EDGE('',*,*,#6721,.T.);
#6858=ORIENTED_EDGE('',*,*,#6707,.T.);
#6859=ORIENTED_EDGE('',*,*,#6684,.T.);
#6860=ORIENTED_EDGE('',*,*,#6670,.T.);
#6861=EDGE_LOOP('',(#6831,#6833,#6835,#6837,#6839,#6841,#6843,#6845,#6847,#6849,
#6851,#6852,#6853,#6854,#6855,#6856,#6857,#6858,#6859,#6860));
#6862=FACE_OUTER_BOUND('',#6861,.F.);
#6863=ADVANCED_FACE('',(#6862),#6830,.T.);
#6864=CARTESIAN_POINT('',(-7.674800678247E0,-5.171091407895E0,
-6.499358248833E0));
#6865=CARTESIAN_POINT('',(-7.649924982511E0,-5.206722789188E0,
-6.502484919667E0));
#6866=CARTESIAN_POINT('',(-7.608850135398E0,-5.223001474497E0,
-6.503913382132E0));
#6867=CARTESIAN_POINT('',(-7.559903074168E0,-5.217914027047E0,
-6.503466956172E0));
#6868=CARTESIAN_POINT('',(-7.528466072532E0,-5.209164287422E0,
-6.502699162311E0));
#6869=CARTESIAN_POINT('',(-7.475129188245E0,-5.181616830656E0,
-6.500281859732E0));
#6870=CARTESIAN_POINT('',(-7.417518767984E0,-5.124061108085E0,
-6.495231317396E0));
#6871=CARTESIAN_POINT('',(-7.377550469158E0,-5.025472996459E0,
-6.486580163186E0));
#6872=CARTESIAN_POINT('',(-7.405016157868E0,-4.957306175901E0,
-6.480598491897E0));
#6873=CARTESIAN_POINT('',(-7.442138612120E0,-4.925686677082E0,
-6.477823865667E0));
#6875=DIRECTION('',(-2.760137797331E-14,8.741457380060E-2,-9.961720194260E-1));
#6876=VECTOR('',#6875,1.E0);
#6877=SURFACE_OF_LINEAR_EXTRUSION('',#6874,#6876);
#6879=ORIENTED_EDGE('',*,*,#6878,.F.);
#6880=ORIENTED_EDGE('',*,*,#6832,.F.);
#6881=ORIENTED_EDGE('',*,*,#6645,.T.);
#6882=ORIENTED_EDGE('',*,*,#5882,.F.);
#6883=EDGE_LOOP('',(#6879,#6880,#6881,#6882));
#6884=FACE_OUTER_BOUND('',#6883,.F.);
#6885=ADVANCED_FACE('',(#6884),#6877,.T.);
#6886=CARTESIAN_POINT('',(-7.392638771646E0,-4.465541429012E0,
-6.919290390203E0));
#6887=DIRECTION('',(9.999946639623E-1,3.254304607242E-3,2.855667943721E-4));
#6888=DIRECTION('',(-3.266809892045E-3,9.961667038146E-1,8.741410735224E-2));
#6889=AXIS2_PLACEMENT_3D('',#6886,#6887,#6888);
#6890=PLANE('',#6889);
#6891=ORIENTED_EDGE('',*,*,#6878,.T.);
#6892=ORIENTED_EDGE('',*,*,#5880,.T.);
#6894=ORIENTED_EDGE('',*,*,#6893,.F.);
#6895=ORIENTED_EDGE('',*,*,#6834,.F.);
#6896=EDGE_LOOP('',(#6891,#6892,#6894,#6895));
#6897=FACE_OUTER_BOUND('',#6896,.F.);
#6898=ADVANCED_FACE('',(#6897),#6890,.F.);
#6899=CARTESIAN_POINT('',(-7.372446373916E0,-4.084598960481E0,
-6.404018014028E0));
#6900=CARTESIAN_POINT('',(-7.387246172947E0,-4.054852078899E0,
-6.401407710863E0));
#6901=CARTESIAN_POINT('',(-7.405676321034E0,-3.968706112893E0,
-6.393848360915E0));
#6902=CARTESIAN_POINT('',(-7.358584233698E0,-3.828449159913E0,
-6.381540745836E0));
#6903=CARTESIAN_POINT('',(-7.242426068804E0,-3.746962957421E0,
-6.374390292378E0));
#6904=CARTESIAN_POINT('',(-7.134931974137E0,-3.727797485287E0,
-6.372708512980E0));
#6905=CARTESIAN_POINT('',(-7.049289055900E0,-3.727289953883E0,
-6.372663976856E0));
#6906=CARTESIAN_POINT('',(-6.964486691669E0,-3.728900523378E0,
-6.372805305103E0));
#6907=CARTESIAN_POINT('',(-6.860675751470E0,-3.749189750420E0,
-6.374585694534E0));
#6908=CARTESIAN_POINT('',(-6.750610987784E0,-3.831473584339E0,
-6.381806140534E0));
#6909=CARTESIAN_POINT('',(-6.704709022060E0,-3.967042674616E0,
-6.393702393406E0));
#6910=CARTESIAN_POINT('',(-6.722154777108E0,-4.052270997886E0,
-6.401181219762E0));
#6911=CARTESIAN_POINT('',(-6.736553109036E0,-4.082357763834E0,
-6.403821347944E0));
#6913=DIRECTION('',(-3.001714103616E-14,8.741457380060E-2,-9.961720194260E-1));
#6914=VECTOR('',#6913,1.E0);
#6915=SURFACE_OF_LINEAR_EXTRUSION('',#6912,#6914);
#6916=ORIENTED_EDGE('',*,*,#6893,.T.);
#6917=ORIENTED_EDGE('',*,*,#5878,.F.);
#6919=ORIENTED_EDGE('',*,*,#6918,.F.);
#6920=ORIENTED_EDGE('',*,*,#6836,.F.);
#6921=EDGE_LOOP('',(#6916,#6917,#6919,#6920));
#6922=FACE_OUTER_BOUND('',#6921,.F.);
#6923=ADVANCED_FACE('',(#6922),#6915,.T.);
#6924=CARTESIAN_POINT('',(-6.713899548500E0,-4.463331209446E0,
-6.919096442374E0));
#6925=DIRECTION('',(-9.999946613467E-1,-3.255102117013E-3,-2.856367762380E-4));
#6926=DIRECTION('',(3.267610466399E-3,-9.961667012089E-1,-8.741410712483E-2));
#6927=AXIS2_PLACEMENT_3D('',#6924,#6925,#6926);
#6928=PLANE('',#6927);
#6929=ORIENTED_EDGE('',*,*,#6918,.T.);
#6930=ORIENTED_EDGE('',*,*,#5876,.T.);
#6932=ORIENTED_EDGE('',*,*,#6931,.F.);
#6933=ORIENTED_EDGE('',*,*,#6838,.F.);
#6934=EDGE_LOOP('',(#6929,#6930,#6932,#6933));
#6935=FACE_OUTER_BOUND('',#6934,.F.);
#6936=ADVANCED_FACE('',(#6935),#6928,.F.);
#6937=CARTESIAN_POINT('',(-6.667721397232E0,-4.928589035512E0,
-6.478078549016E0));
#6938=CARTESIAN_POINT('',(-6.700086540660E0,-4.958944357807E0,
-6.480742243148E0));
#6939=CARTESIAN_POINT('',(-6.724830363023E0,-5.025222486865E0,
-6.486558180849E0));
#6940=CARTESIAN_POINT('',(-6.684955346439E0,-5.121707166249E0,
-6.495024757867E0));
#6941=CARTESIAN_POINT('',(-6.626954140381E0,-5.178881703402E0,-6.500041851E0));
#6942=CARTESIAN_POINT('',(-6.573444099358E0,-5.206064509024E0,
-6.502427155267E0));
#6943=CARTESIAN_POINT('',(-6.541965852381E0,-5.214600827830E0,
-6.503176221348E0));
#6944=CARTESIAN_POINT('',(-6.492713600434E0,-5.219393752812E0,
-6.503596802819E0));
#6945=CARTESIAN_POINT('',(-6.451467363464E0,-5.202591766085E0,
-6.502122420404E0));
#6946=CARTESIAN_POINT('',(-6.426757096376E0,-5.166088056831E0,
-6.498919202368E0));
#6948=DIRECTION('',(-3.222730724258E-14,8.741457380060E-2,-9.961720194260E-1));
#6949=VECTOR('',#6948,1.E0);
#6950=SURFACE_OF_LINEAR_EXTRUSION('',#6947,#6949);
#6951=ORIENTED_EDGE('',*,*,#6931,.T.);
#6952=ORIENTED_EDGE('',*,*,#5874,.F.);
#6954=ORIENTED_EDGE('',*,*,#6953,.F.);
#6955=ORIENTED_EDGE('',*,*,#6840,.F.);
#6956=EDGE_LOOP('',(#6951,#6952,#6954,#6955));
#6957=FACE_OUTER_BOUND('',#6956,.F.);
#6958=ADVANCED_FACE('',(#6957),#6950,.T.);
#6959=CARTESIAN_POINT('',(-6.028584432286E0,-5.172611751822E0,
-6.981336151086E0));
#6960=DIRECTION('',(3.268824897763E-3,-9.961666972551E-1,-8.741410677754E-2));
#6961=DIRECTION('',(9.999946573776E-1,3.256311899499E-3,2.857429359011E-4));
#6962=AXIS2_PLACEMENT_3D('',#6959,#6960,#6961);
#6963=PLANE('',#6962);
#6964=ORIENTED_EDGE('',*,*,#6953,.T.);
#6965=ORIENTED_EDGE('',*,*,#5872,.T.);
#6967=ORIENTED_EDGE('',*,*,#6966,.F.);
#6968=ORIENTED_EDGE('',*,*,#6842,.F.);
#6969=EDGE_LOOP('',(#6964,#6965,#6967,#6968));
#6970=FACE_OUTER_BOUND('',#6969,.F.);
#6971=ADVANCED_FACE('',(#6970),#6963,.F.);
#6972=CARTESIAN_POINT('',(-5.630096833338E0,-5.164427633235E0,
-6.498773499410E0));
#6973=CARTESIAN_POINT('',(-5.605222687557E0,-5.200063252650E0,
-6.501900542134E0));
#6974=CARTESIAN_POINT('',(-5.564148428688E0,-5.216343298544E0,
-6.503329123990E0));
#6975=CARTESIAN_POINT('',(-5.515202533358E0,-5.211255808518E0,
-6.502882694294E0));
#6976=CARTESIAN_POINT('',(-5.483767713224E0,-5.202506395701E0,
-6.502114929111E0));
#6977=CARTESIAN_POINT('',(-5.430433422694E0,-5.174959365159E0,
-6.499697663933E0));
#6978=CARTESIAN_POINT('',(-5.372825928145E0,-5.117402795690E0,
-6.494647047280E0));
#6979=CARTESIAN_POINT('',(-5.332859213157E0,-5.018815233979E0,
-6.485995941327E0));
#6980=CARTESIAN_POINT('',(-5.360323756618E0,-4.950648231849E0,
-6.480014254106E0));
#6981=CARTESIAN_POINT('',(-5.397444047257E0,-4.919028606818E0,
-6.477239616801E0));
#6983=DIRECTION('',(-2.821816854255E-14,8.741457380060E-2,-9.961720194260E-1));
#6984=VECTOR('',#6983,1.E0);
#6985=SURFACE_OF_LINEAR_EXTRUSION('',#6982,#6984);
#6986=ORIENTED_EDGE('',*,*,#6966,.T.);
#6987=ORIENTED_EDGE('',*,*,#5870,.F.);
#6989=ORIENTED_EDGE('',*,*,#6988,.F.);
#6990=ORIENTED_EDGE('',*,*,#6844,.F.);
#6991=EDGE_LOOP('',(#6986,#6987,#6989,#6990));
#6992=FACE_OUTER_BOUND('',#6991,.F.);
#6993=ADVANCED_FACE('',(#6992),#6985,.T.);
#6994=CARTESIAN_POINT('',(-5.352062026154E0,-3.204151330896E0,
-6.808602802444E0));
#6995=DIRECTION('',(9.999946635389E-1,3.254433733172E-3,2.855781252346E-4));
#6996=DIRECTION('',(-3.266939514166E-3,9.961667033927E-1,8.741410731608E-2));
#6997=AXIS2_PLACEMENT_3D('',#6994,#6995,#6996);
#6998=PLANE('',#6997);
#6999=ORIENTED_EDGE('',*,*,#6988,.T.);
#7000=ORIENTED_EDGE('',*,*,#5868,.T.);
#7002=ORIENTED_EDGE('',*,*,#7001,.F.);
#7003=ORIENTED_EDGE('',*,*,#6846,.F.);
#7004=EDGE_LOOP('',(#6999,#7000,#7002,#7003));
#7005=FACE_OUTER_BOUND('',#7004,.F.);
#7006=ADVANCED_FACE('',(#7005),#6998,.F.);
#7007=CARTESIAN_POINT('',(-5.402352528560E0,-1.568079776924E0,
-6.183192245384E0));
#7008=CARTESIAN_POINT('',(-5.369989044851E0,-1.537724285960E0,
-6.180528536452E0));
#7009=CARTESIAN_POINT('',(-5.345246167183E0,-1.471445818069E0,
-6.174712569019E0));
#7010=CARTESIAN_POINT('',(-5.385119682896E0,-1.374961575665E0,
-6.166246030346E0));
#7011=CARTESIAN_POINT('',(-5.443117956552E0,-1.317786183244E0,
-6.161228862163E0));
#7012=CARTESIAN_POINT('',(-5.496625377012E0,-1.290603783985E0,
-6.158843593555E0));
#7013=CARTESIAN_POINT('',(-5.528101458519E0,-1.282067768230E0,
-6.158094554066E0));
#7014=CARTESIAN_POINT('',(-5.577352597236E0,-1.277274786332E0,
-6.157673967600E0));
#7015=CARTESIAN_POINT('',(-5.618598284314E0,-1.294078188665E0,
-6.159148474236E0));
#7016=CARTESIAN_POINT('',(-5.643306940544E0,-1.330586285437E0,
-6.162352077279E0));
#7018=DIRECTION('',(-2.451742512713E-14,8.741457380060E-2,-9.961720194260E-1));
#7019=VECTOR('',#7018,1.E0);
#7020=SURFACE_OF_LINEAR_EXTRUSION('',#7017,#7019);
#7021=ORIENTED_EDGE('',*,*,#7001,.T.);
#7022=ORIENTED_EDGE('',*,*,#5866,.F.);
#7024=ORIENTED_EDGE('',*,*,#7023,.F.);
#7025=ORIENTED_EDGE('',*,*,#6848,.F.);
#7026=EDGE_LOOP('',(#7021,#7022,#7024,#7025));
#7027=FACE_OUTER_BOUND('',#7026,.F.);
#7028=ADVANCED_FACE('',(#7027),#7020,.T.);
#7029=CARTESIAN_POINT('',(-6.041491700087E0,-1.240138936524E0,
-6.636259770273E0));
#7030=DIRECTION('',(-3.268825054675E-3,9.961666972546E-1,8.741410677750E-2));
#7031=DIRECTION('',(-9.999946573771E-1,-3.256312055914E-3,-2.857429484282E-4));
#7032=AXIS2_PLACEMENT_3D('',#7029,#7030,#7031);
#7033=PLANE('',#7032);
#7034=ORIENTED_EDGE('',*,*,#7023,.T.);
#7035=ORIENTED_EDGE('',*,*,#5864,.T.);
#7036=ORIENTED_EDGE('',*,*,#6820,.F.);
#7037=ORIENTED_EDGE('',*,*,#6850,.F.);
#7038=EDGE_LOOP('',(#7034,#7035,#7036,#7037));
#7039=FACE_OUTER_BOUND('',#7038,.F.);
#7040=ADVANCED_FACE('',(#7039),#7033,.F.);
#7041=CARTESIAN_POINT('',(-4.641608223353E0,-3.542013488508E0,
-6.356405877914E0));
#7042=CARTESIAN_POINT('',(-4.660204551357E0,-3.572291848541E0,
-6.359062818568E0));
#7043=CARTESIAN_POINT('',(-4.674876225630E0,-3.634580555027E0,
-6.364528682519E0));
#7044=CARTESIAN_POINT('',(-4.654410868062E0,-3.727056209750E0,
-6.372643465696E0));
#7045=CARTESIAN_POINT('',(-4.609204133529E0,-3.804465813901E0,
-6.379436195689E0));
#7046=CARTESIAN_POINT('',(-4.538493722021E0,-3.868011371431E0,
-6.385012348924E0));
#7047=CARTESIAN_POINT('',(-4.476690237014E0,-3.886094863693E0,
-6.386599184067E0));
#7048=CARTESIAN_POINT('',(-4.440873402829E0,-3.884863335287E0,
-6.386491116857E0));
#7050=DIRECTION('',(-2.590520390788E-14,8.741457380049E-2,-9.961720194260E-1));
#7051=VECTOR('',#7050,1.E0);
#7052=SURFACE_OF_LINEAR_EXTRUSION('',#7049,#7051);
#7054=ORIENTED_EDGE('',*,*,#7053,.T.);
#7055=ORIENTED_EDGE('',*,*,#5886,.F.);
#7057=ORIENTED_EDGE('',*,*,#7056,.T.);
#7059=ORIENTED_EDGE('',*,*,#7058,.F.);
#7060=EDGE_LOOP('',(#7054,#7055,#7057,#7059));
#7061=FACE_OUTER_BOUND('',#7060,.F.);
#7062=ADVANCED_FACE('',(#7061),#7052,.T.);
#7063=CARTESIAN_POINT('',(-4.670454310889E0,-2.783331472090E0,
-6.771675657447E0));
#7064=DIRECTION('',(-9.999946633463E-1,-3.254492447401E-3,-2.855832774376E-4));
#7065=DIRECTION('',(3.266998454016E-3,-9.961667032009E-1,-8.741410729928E-2));
#7066=AXIS2_PLACEMENT_3D('',#7063,#7064,#7065);
#7067=PLANE('',#7066);
#7068=ORIENTED_EDGE('',*,*,#7053,.F.);
#7070=ORIENTED_EDGE('',*,*,#7069,.F.);
#7072=ORIENTED_EDGE('',*,*,#7071,.F.);
#7073=ORIENTED_EDGE('',*,*,#5888,.T.);
#7074=EDGE_LOOP('',(#7068,#7070,#7072,#7073));
#7075=FACE_OUTER_BOUND('',#7074,.F.);
#7076=ADVANCED_FACE('',(#7075),#7067,.F.);
#7077=CARTESIAN_POINT('',(-4.673213651688E0,-1.268825208266E0,
-6.156932513061E0));
#7078=DIRECTION('',(0.E0,8.741457380056E-2,-9.961720194260E-1));
#7079=DIRECTION('',(0.E0,-9.961720194260E-1,-8.741457380056E-2));
#7080=AXIS2_PLACEMENT_3D('',#7077,#7078,#7079);
#7081=PLANE('',#7080);
#7082=ORIENTED_EDGE('',*,*,#7058,.T.);
#7084=ORIENTED_EDGE('',*,*,#7083,.T.);
#7086=ORIENTED_EDGE('',*,*,#7085,.T.);
#7088=ORIENTED_EDGE('',*,*,#7087,.T.);
#7090=ORIENTED_EDGE('',*,*,#7089,.T.);
#7092=ORIENTED_EDGE('',*,*,#7091,.T.);
#7094=ORIENTED_EDGE('',*,*,#7093,.T.);
#7096=ORIENTED_EDGE('',*,*,#7095,.T.);
#7098=ORIENTED_EDGE('',*,*,#7097,.T.);
#7100=ORIENTED_EDGE('',*,*,#7099,.T.);
#7102=ORIENTED_EDGE('',*,*,#7101,.T.);
#7104=ORIENTED_EDGE('',*,*,#7103,.T.);
#7106=ORIENTED_EDGE('',*,*,#7105,.T.);
#7108=ORIENTED_EDGE('',*,*,#7107,.T.);
#7110=ORIENTED_EDGE('',*,*,#7109,.T.);
#7112=ORIENTED_EDGE('',*,*,#7111,.T.);
#7114=ORIENTED_EDGE('',*,*,#7113,.T.);
#7115=ORIENTED_EDGE('',*,*,#7069,.T.);
#7116=EDGE_LOOP('',(#7082,#7084,#7086,#7088,#7090,#7092,#7094,#7096,#7098,#7100,
#7102,#7104,#7106,#7108,#7110,#7112,#7114,#7115));
#7117=FACE_OUTER_BOUND('',#7116,.F.);
#7119=ORIENTED_EDGE('',*,*,#7118,.T.);
#7121=ORIENTED_EDGE('',*,*,#7120,.T.);
#7123=ORIENTED_EDGE('',*,*,#7122,.T.);
#7124=EDGE_LOOP('',(#7119,#7121,#7123));
#7125=FACE_BOUND('',#7124,.F.);
#7126=ADVANCED_FACE('',(#7117,#7125),#7081,.T.);
#7127=CARTESIAN_POINT('',(-4.150502293464E0,-4.046365521320E0,
-6.802200087481E0));
#7128=DIRECTION('',(-4.971873014467E-1,-8.643219158698E-1,-7.584466380184E-2));
#7129=DIRECTION('',(8.676432373275E-1,-4.952840781152E-1,-4.346141605469E-2));
#7130=AXIS2_PLACEMENT_3D('',#7127,#7128,#7129);
#7131=PLANE('',#7130);
#7133=ORIENTED_EDGE('',*,*,#7132,.F.);
#7134=ORIENTED_EDGE('',*,*,#7083,.F.);
#7135=ORIENTED_EDGE('',*,*,#7056,.F.);
#7136=ORIENTED_EDGE('',*,*,#5920,.F.);
#7137=EDGE_LOOP('',(#7133,#7134,#7135,#7136));
#7138=FACE_OUTER_BOUND('',#7137,.F.);
#7139=ADVANCED_FACE('',(#7138),#7131,.F.);
#7140=CARTESIAN_POINT('',(-3.842888285864E0,-4.245032671693E0,
-6.418096149347E0));
#7141=CARTESIAN_POINT('',(-3.818569248055E0,-4.266991960217E0,
-6.420023087474E0));
#7142=CARTESIAN_POINT('',(-3.767303466131E0,-4.303569288792E0,
-6.423232765647E0));
#7143=CARTESIAN_POINT('',(-3.682197319040E0,-4.342238409503E0,
-6.426625999588E0));
#7144=CARTESIAN_POINT('',(-3.609248285750E0,-4.361443126377E0,
-6.428311222730E0));
#7145=CARTESIAN_POINT('',(-3.549384527607E0,-4.369298804034E0,
-6.429000562222E0));
#7146=CARTESIAN_POINT('',(-3.453815562055E0,-4.373395715434E0,
-6.429360068168E0));
#7147=CARTESIAN_POINT('',(-3.373322881719E0,-4.356920841268E0,
-6.427914390036E0));
#7148=CARTESIAN_POINT('',(-3.312676405995E0,-4.327284549865E0,
-6.425313791201E0));
#7150=DIRECTION('',(-2.398081733190E-14,8.741457380052E-2,-9.961720194260E-1));
#7151=VECTOR('',#7150,1.E0);
#7152=SURFACE_OF_LINEAR_EXTRUSION('',#7149,#7151);
#7153=ORIENTED_EDGE('',*,*,#7132,.T.);
#7154=ORIENTED_EDGE('',*,*,#5918,.F.);
#7156=ORIENTED_EDGE('',*,*,#7155,.F.);
#7157=ORIENTED_EDGE('',*,*,#7085,.F.);
#7158=EDGE_LOOP('',(#7153,#7154,#7156,#7157));
#7159=FACE_OUTER_BOUND('',#7158,.F.);
#7160=ADVANCED_FACE('',(#7159),#7152,.T.);
#7161=CARTESIAN_POINT('',(-3.102495827396E0,-4.334263181272E0,
-6.827463245602E0));
#7162=DIRECTION('',(3.268852272177E-3,-9.961666971659E-1,-8.741410676959E-2));
#7163=DIRECTION('',(9.999946572881E-1,3.256339169228E-3,2.857453276391E-4));
#7164=AXIS2_PLACEMENT_3D('',#7161,#7162,#7163);
#7165=PLANE('',#7164);
#7166=ORIENTED_EDGE('',*,*,#7155,.T.);
#7167=ORIENTED_EDGE('',*,*,#5916,.T.);
#7169=ORIENTED_EDGE('',*,*,#7168,.F.);
#7170=ORIENTED_EDGE('',*,*,#7087,.F.);
#7171=EDGE_LOOP('',(#7166,#7167,#7169,#7170));
#7172=FACE_OUTER_BOUND('',#7171,.F.);
#7173=ADVANCED_FACE('',(#7172),#7165,.F.);
#7174=CARTESIAN_POINT('',(-2.700399927820E0,-4.412647622818E0,
-6.834341518046E0));
#7175=DIRECTION('',(-8.437694987163E-14,8.741457380051E-2,-9.961720194260E-1));
#7176=DIRECTION('',(-3.271566074634E-3,9.961666883252E-1,8.741410599385E-2));
#7177=AXIS2_PLACEMENT_3D('',#7174,#7175,#7176);
#7178=CYLINDRICAL_SURFACE('',#7177,7.999962038103E-2);
#7179=ORIENTED_EDGE('',*,*,#7168,.T.);
#7180=ORIENTED_EDGE('',*,*,#5914,.F.);
#7182=ORIENTED_EDGE('',*,*,#7181,.F.);
#7183=ORIENTED_EDGE('',*,*,#7089,.F.);
#7184=EDGE_LOOP('',(#7179,#7180,#7182,#7183));
#7185=FACE_OUTER_BOUND('',#7184,.F.);
#7186=ADVANCED_FACE('',(#7185),#7178,.T.);
#7187=CARTESIAN_POINT('',(-2.619477901208E0,-4.693775725801E0,
-6.859010644287E0));
#7188=DIRECTION('',(-9.999946633463E-1,-3.254492447212E-3,-2.855832774232E-4));
#7189=DIRECTION('',(3.266998453826E-3,-9.961667032009E-1,-8.741410729895E-2));
#7190=AXIS2_PLACEMENT_3D('',#7187,#7188,#7189);
#7191=PLANE('',#7190);
#7192=ORIENTED_EDGE('',*,*,#7181,.T.);
#7193=ORIENTED_EDGE('',*,*,#5912,.T.);
#7195=ORIENTED_EDGE('',*,*,#7194,.F.);
#7196=ORIENTED_EDGE('',*,*,#7091,.F.);
#7197=EDGE_LOOP('',(#7192,#7193,#7195,#7196));
#7198=FACE_OUTER_BOUND('',#7197,.F.);
#7199=ADVANCED_FACE('',(#7198),#7191,.F.);
#7200=CARTESIAN_POINT('',(-2.574072223376E0,-4.915256543274E0,
-6.476908616412E0));
#7201=CARTESIAN_POINT('',(-2.606436067533E0,-4.945610036078E0,
-6.479572150003E0));
#7202=CARTESIAN_POINT('',(-2.631187391612E0,-5.011891571216E0,
-6.485388386588E0));
#7203=CARTESIAN_POINT('',(-2.591313958453E0,-5.108382084859E0,
-6.493855475567E0));
#7204=CARTESIAN_POINT('',(-2.533311008194E0,-5.165562094176E0,
-6.498873048884E0));
#7205=CARTESIAN_POINT('',(-2.479802100805E0,-5.192745233491E0,
-6.501258382433E0));
#7206=CARTESIAN_POINT('',(-2.448325150593E0,-5.201281502455E0,
-6.502007444140E0));
#7207=CARTESIAN_POINT('',(-2.399073626365E0,-5.206074404814E0,
-6.502428023627E0));
#7208=CARTESIAN_POINT('',(-2.357827776014E0,-5.189273163966E0,
-6.500953706663E0));
#7209=CARTESIAN_POINT('',(-2.333118647805E0,-5.152774596141E0,
-6.497750939786E0));
#7211=DIRECTION('',(-2.673787117638E-14,8.741457380050E-2,-9.961720194260E-1));
#7212=VECTOR('',#7211,1.E0);
#7213=SURFACE_OF_LINEAR_EXTRUSION('',#7210,#7212);
#7214=ORIENTED_EDGE('',*,*,#7194,.T.);
#7215=ORIENTED_EDGE('',*,*,#5910,.F.);
#7217=ORIENTED_EDGE('',*,*,#7216,.T.);
#7218=ORIENTED_EDGE('',*,*,#7093,.F.);
#7219=EDGE_LOOP('',(#7214,#7215,#7217,#7218));
#7220=FACE_OUTER_BOUND('',#7219,.F.);
#7221=ADVANCED_FACE('',(#7220),#7213,.T.);
#7222=CARTESIAN_POINT('',(-1.934944536945E0,-5.159292420804E0,
-6.980167373384E0));
#7223=DIRECTION('',(3.268852272296E-3,-9.961666971659E-1,-8.741410676972E-2));
#7224=DIRECTION('',(9.999946572881E-1,3.256339169333E-3,2.857453278031E-4));
#7225=AXIS2_PLACEMENT_3D('',#7222,#7223,#7224);
#7226=PLANE('',#7225);
#7228=ORIENTED_EDGE('',*,*,#7227,.F.);
#7229=ORIENTED_EDGE('',*,*,#7095,.F.);
#7230=ORIENTED_EDGE('',*,*,#7216,.F.);
#7231=ORIENTED_EDGE('',*,*,#5908,.T.);
#7232=EDGE_LOOP('',(#7228,#7229,#7230,#7231));
#7233=FACE_OUTER_BOUND('',#7232,.F.);
#7234=ADVANCED_FACE('',(#7233),#7226,.F.);
#7235=CARTESIAN_POINT('',(-1.536457238540E0,-5.151109896579E0,
-6.497604861607E0));
#7236=CARTESIAN_POINT('',(-1.511582647665E0,-5.186744270683E0,
-6.500731795061E0));
#7237=CARTESIAN_POINT('',(-1.470508163690E0,-5.203023953262E0,
-6.502160345036E0));
#7238=CARTESIAN_POINT('',(-1.421561813284E0,-5.197936415902E0,
-6.501713911186E0));
#7239=CARTESIAN_POINT('',(-1.390126124200E0,-5.189186762117E0,
-6.500946124858E0));
#7240=CARTESIAN_POINT('',(-1.336790348646E0,-5.161638967517E0,
-6.498528792633E0));
#7241=CARTESIAN_POINT('',(-1.279181253747E0,-5.104080802852E0,
-6.493478036002E0));
#7242=CARTESIAN_POINT('',(-1.239213813463E0,-5.005491443915E0,
-6.484826772341E0));
#7243=CARTESIAN_POINT('',(-1.266677934862E0,-4.937323603994E0,
-6.478845011602E0));
#7244=CARTESIAN_POINT('',(-1.303796867338E0,-4.905703833440E0,
-6.476070361528E0));
#7246=DIRECTION('',(-1.206596551067E-14,8.741457380060E-2,-9.961720194260E-1));
#7247=VECTOR('',#7246,1.E0);
#7248=SURFACE_OF_LINEAR_EXTRUSION('',#7245,#7247);
#7249=ORIENTED_EDGE('',*,*,#7227,.T.);
#7250=ORIENTED_EDGE('',*,*,#5906,.F.);
#7252=ORIENTED_EDGE('',*,*,#7251,.F.);
#7253=ORIENTED_EDGE('',*,*,#7097,.F.);
#7254=EDGE_LOOP('',(#7249,#7250,#7252,#7253));
#7255=FACE_OUTER_BOUND('',#7254,.F.);
#7256=ADVANCED_FACE('',(#7255),#7248,.T.);
#7257=CARTESIAN_POINT('',(-1.257527719109E0,-3.461867277619E0,
-6.831217500715E0));
#7258=DIRECTION('',(9.999946635724E-1,3.254423503387E-3,2.855772275801E-4));
#7259=DIRECTION('',(-3.266929245073E-3,9.961667034262E-1,8.741410731892E-2));
#7260=AXIS2_PLACEMENT_3D('',#7257,#7258,#7259);
#7261=PLANE('',#7260);
#7262=ORIENTED_EDGE('',*,*,#7251,.T.);
#7263=ORIENTED_EDGE('',*,*,#5904,.T.);
#7265=ORIENTED_EDGE('',*,*,#7264,.F.);
#7266=ORIENTED_EDGE('',*,*,#7099,.F.);
#7267=EDGE_LOOP('',(#7262,#7263,#7265,#7266));
#7268=FACE_OUTER_BOUND('',#7267,.F.);
#7269=ADVANCED_FACE('',(#7268),#7261,.F.);
#7270=CARTESIAN_POINT('',(-1.288671462367E0,-2.097494193063E0,
-6.229648615015E0));
#7271=CARTESIAN_POINT('',(-1.270045325634E0,-2.067172232032E0,
-6.226987848352E0));
#7272=CARTESIAN_POINT('',(-1.255267134738E0,-2.004481691992E0,
-6.221486723313E0));
#7273=CARTESIAN_POINT('',(-1.276202968234E0,-1.911261308314E0,
-6.213306589812E0));
#7274=CARTESIAN_POINT('',(-1.322346852838E0,-1.833174304927E0,
-6.206454417710E0));
#7275=CARTESIAN_POINT('',(-1.394234824035E0,-1.769902987914E0,
-6.200902329213E0));
#7276=CARTESIAN_POINT('',(-1.455702807202E0,-1.751256062948E0,
-6.199266052578E0));
#7277=CARTESIAN_POINT('',(-1.490518815810E0,-1.751497461031E0,
-6.199287235375E0));
#7279=DIRECTION('',(-1.023486850825E-14,8.741457380060E-2,-9.961720194260E-1));
#7280=VECTOR('',#7279,1.E0);
#7281=SURFACE_OF_LINEAR_EXTRUSION('',#7278,#7280);
#7282=ORIENTED_EDGE('',*,*,#7264,.T.);
#7283=ORIENTED_EDGE('',*,*,#5902,.F.);
#7285=ORIENTED_EDGE('',*,*,#7284,.F.);
#7286=ORIENTED_EDGE('',*,*,#7101,.F.);
#7287=EDGE_LOOP('',(#7282,#7283,#7285,#7286));
#7288=FACE_OUTER_BOUND('',#7287,.F.);
#7289=ADVANCED_FACE('',(#7288),#7281,.T.);
#7290=CARTESIAN_POINT('',(-1.781021120612E0,-1.515190774699E0,
-6.660395701355E0));
#7291=DIRECTION('',(4.967843679056E-1,8.645518020333E-1,7.586483642336E-2));
#7292=DIRECTION('',(-8.678740068723E-1,4.948826869958E-1,4.342619379099E-2));
#7293=AXIS2_PLACEMENT_3D('',#7290,#7291,#7292);
#7294=PLANE('',#7293);
#7295=ORIENTED_EDGE('',*,*,#7284,.T.);
#7296=ORIENTED_EDGE('',*,*,#5900,.F.);
#7298=ORIENTED_EDGE('',*,*,#7297,.F.);
#7299=ORIENTED_EDGE('',*,*,#7103,.F.);
#7300=EDGE_LOOP('',(#7295,#7296,#7298,#7299));
#7301=FACE_OUTER_BOUND('',#7300,.F.);
#7302=ADVANCED_FACE('',(#7301),#7294,.F.);
#7303=CARTESIAN_POINT('',(-2.087320993935E0,-1.394408970755E0,
-6.167952548615E0));
#7304=CARTESIAN_POINT('',(-2.111650141532E0,-1.372461915088E0,
-6.166026683927E0));
#7305=CARTESIAN_POINT('',(-2.162941015681E0,-1.335882602384E0,
-6.162816831645E0));
#7306=CARTESIAN_POINT('',(-2.248065797843E0,-1.297197283189E0,
-6.159422176280E0));
#7307=CARTESIAN_POINT('',(-2.321025756292E0,-1.277971896062E0,
-6.157735139314E0));
#7308=CARTESIAN_POINT('',(-2.380870054293E0,-1.270113322948E0,
-6.157045545744E0));
#7309=CARTESIAN_POINT('',(-2.476418100076E0,-1.266013442775E0,
-6.156685779287E0));
#7310=CARTESIAN_POINT('',(-2.556899823338E0,-1.282507081235E0,
-6.158133103994E0));
#7311=CARTESIAN_POINT('',(-2.617536085112E0,-1.312189682056E0,
-6.160737766484E0));
#7313=DIRECTION('',(-1.905882858937E-14,8.741457380060E-2,-9.961720194260E-1));
#7314=VECTOR('',#7313,1.E0);
#7315=SURFACE_OF_LINEAR_EXTRUSION('',#7312,#7314);
#7316=ORIENTED_EDGE('',*,*,#7297,.T.);
#7317=ORIENTED_EDGE('',*,*,#5898,.F.);
#7319=ORIENTED_EDGE('',*,*,#7318,.F.);
#7320=ORIENTED_EDGE('',*,*,#7105,.F.);
#7321=EDGE_LOOP('',(#7316,#7317,#7319,#7320));
#7322=FACE_OUTER_BOUND('',#7321,.F.);
#7323=ADVANCED_FACE('',(#7322),#7315,.T.);
#7324=CARTESIAN_POINT('',(-2.970194281621E0,-1.228687506074E0,
-6.635254901744E0));
#7325=DIRECTION('',(-3.268848863100E-3,9.961666971770E-1,8.741410677069E-2));
#7326=DIRECTION('',(-9.999946572993E-1,-3.256335773106E-3,-2.857450307226E-4));
#7327=AXIS2_PLACEMENT_3D('',#7324,#7325,#7326);
#7328=PLANE('',#7327);
#7329=ORIENTED_EDGE('',*,*,#7318,.T.);
#7330=ORIENTED_EDGE('',*,*,#5896,.T.);
#7332=ORIENTED_EDGE('',*,*,#7331,.F.);
#7333=ORIENTED_EDGE('',*,*,#7107,.F.);
#7334=EDGE_LOOP('',(#7329,#7330,#7332,#7333));
#7335=FACE_OUTER_BOUND('',#7334,.F.);
#7336=ADVANCED_FACE('',(#7335),#7328,.F.);
#7337=CARTESIAN_POINT('',(-3.322572244677E0,-1.314583179390E0,
-6.160947797016E0));
#7338=CARTESIAN_POINT('',(-3.383401163881E0,-1.285215348340E0,
-6.158370755735E0));
#7339=CARTESIAN_POINT('',(-3.463987804723E0,-1.269225998360E0,
-6.156967682585E0));
#7340=CARTESIAN_POINT('',(-3.559501159646E0,-1.273952631118E0,
-6.157382446882E0));
#7341=CARTESIAN_POINT('',(-3.619286019101E0,-1.282204691625E0,
-6.158106569161E0));
#7342=CARTESIAN_POINT('',(-3.692118927411E0,-1.301907140442E0,
-6.159835468520E0));
#7343=CARTESIAN_POINT('',(-3.776935995018E0,-1.341126928524E0,
-6.163277023786E0));
#7344=CARTESIAN_POINT('',(-3.827952566719E0,-1.377987839962E0,
-6.166511586493E0));
#7345=CARTESIAN_POINT('',(-3.852109538176E0,-1.400030042123E0,
-6.168445800334E0));
#7347=DIRECTION('',(-2.353672812205E-14,8.741457380055E-2,-9.961720194260E-1));
#7348=VECTOR('',#7347,1.E0);
#7349=SURFACE_OF_LINEAR_EXTRUSION('',#7346,#7348);
#7351=ORIENTED_EDGE('',*,*,#7350,.F.);
#7352=ORIENTED_EDGE('',*,*,#7109,.F.);
#7353=ORIENTED_EDGE('',*,*,#7331,.T.);
#7354=ORIENTED_EDGE('',*,*,#5894,.F.);
#7355=EDGE_LOOP('',(#7351,#7352,#7353,#7354));
#7356=FACE_OUTER_BOUND('',#7355,.F.);
#7357=ADVANCED_FACE('',(#7356),#7349,.T.);
#7358=CARTESIAN_POINT('',(-4.158753492817E0,-1.530893738160E0,
-6.581466228725E0));
#7359=DIRECTION('',(-5.027952436524E-1,8.610966154836E-1,7.556164214188E-2));
#7360=DIRECTION('',(-8.644055431107E-1,-5.008705532270E-1,-4.395163193331E-2));
#7361=AXIS2_PLACEMENT_3D('',#7358,#7359,#7360);
#7362=PLANE('',#7361);
#7363=ORIENTED_EDGE('',*,*,#7350,.T.);
#7364=ORIENTED_EDGE('',*,*,#5892,.F.);
#7366=ORIENTED_EDGE('',*,*,#7365,.F.);
#7367=ORIENTED_EDGE('',*,*,#7111,.F.);
#7368=EDGE_LOOP('',(#7363,#7364,#7366,#7367));
#7369=FACE_OUTER_BOUND('',#7368,.F.);
#7370=ADVANCED_FACE('',(#7369),#7362,.F.);
#7371=CARTESIAN_POINT('',(-4.448343773959E0,-1.764202242156E0,
-6.200402086030E0));
#7372=CARTESIAN_POINT('',(-4.483966068708E0,-1.763292705309E0,
-6.200322273734E0));
#7373=CARTESIAN_POINT('',(-4.545459719653E0,-1.781775093389E0,
-6.201944112177E0));
#7374=CARTESIAN_POINT('',(-4.615629415814E0,-1.845677743190E0,
-6.207551600430E0));
#7375=CARTESIAN_POINT('',(-4.660327136757E0,-1.923404517571E0,
-6.214372162264E0));
#7376=CARTESIAN_POINT('',(-4.680214501636E0,-2.016196574106E0,
-6.222514709852E0));
#7377=CARTESIAN_POINT('',(-4.665036776929E0,-2.078565676452E0,
-6.227987628579E0));
#7378=CARTESIAN_POINT('',(-4.646067426181E0,-2.108850504894E0,
-6.230645136840E0));
#7380=DIRECTION('',(-2.720046410332E-14,8.741457380059E-2,-9.961720194260E-1));
#7381=VECTOR('',#7380,1.E0);
#7382=SURFACE_OF_LINEAR_EXTRUSION('',#7379,#7381);
#7383=ORIENTED_EDGE('',*,*,#7365,.T.);
#7384=ORIENTED_EDGE('',*,*,#5890,.F.);
#7385=ORIENTED_EDGE('',*,*,#7071,.T.);
#7386=ORIENTED_EDGE('',*,*,#7113,.F.);
#7387=EDGE_LOOP('',(#7383,#7384,#7385,#7386));
#7388=FACE_OUTER_BOUND('',#7387,.F.);
#7389=ADVANCED_FACE('',(#7388),#7382,.T.);
#7390=CARTESIAN_POINT('',(-2.602762544181E0,-2.721065335466E0,
-6.284367282659E0));
#7391=CARTESIAN_POINT('',(-2.592642703780E0,-2.752814405053E0,
-6.287153278785E0));
#7392=CARTESIAN_POINT('',(-2.578075052487E0,-2.850775350995E0,
-6.295749398905E0));
#7393=CARTESIAN_POINT('',(-2.623772297893E0,-3.014619928133E0,
-6.310126839347E0));
#7394=CARTESIAN_POINT('',(-2.740664550668E0,-3.136175747425E0,
-6.320793420951E0));
#7395=CARTESIAN_POINT('',(-2.849128739989E0,-3.180824460867E0,
-6.324711367028E0));
#7396=CARTESIAN_POINT('',(-2.913121226748E0,-3.193635507634E0,
-6.325835542543E0));
#7397=CARTESIAN_POINT('',(-2.961934543054E0,-3.197156552595E0,
-6.326144515932E0));
#7398=CARTESIAN_POINT('',(-3.010762196125E0,-3.194455289499E0,
-6.325907478796E0));
#7399=CARTESIAN_POINT('',(-3.074812415556E0,-3.182759889112E0,
-6.324881201788E0));
#7400=CARTESIAN_POINT('',(-3.184029389362E0,-3.140000797210E0,
-6.321129070909E0));
#7401=CARTESIAN_POINT('',(-3.304028882177E0,-3.019593449233E0,
-6.310563268216E0));
#7402=CARTESIAN_POINT('',(-3.351881110878E0,-2.854734962366E0,
-6.296096856706E0));
#7403=CARTESIAN_POINT('',(-3.338202334021E0,-2.755444009829E0,
-6.287384027869E0));
#7404=CARTESIAN_POINT('',(-3.328498685561E0,-2.723571285241E0,
-6.284587180957E0));
#7406=DIRECTION('',(-1.526556658858E-14,8.741457380047E-2,-9.961720194260E-1));
#7407=VECTOR('',#7406,1.E0);
#7408=SURFACE_OF_LINEAR_EXTRUSION('',#7405,#7407);
#7409=ORIENTED_EDGE('',*,*,#7118,.F.);
#7411=ORIENTED_EDGE('',*,*,#7410,.F.);
#7413=ORIENTED_EDGE('',*,*,#7412,.F.);
#7415=ORIENTED_EDGE('',*,*,#7414,.T.);
#7416=EDGE_LOOP('',(#7409,#7411,#7413,#7415));
#7417=FACE_OUTER_BOUND('',#7416,.F.);
#7418=ADVANCED_FACE('',(#7417),#7408,.T.);
#7419=CARTESIAN_POINT('',(-2.965098585430E0,-2.784331883578E0,
-6.691456028810E0));
#7420=DIRECTION('',(-2.827132740882E-14,8.741457380041E-2,-9.961720194260E-1));
#7421=DIRECTION('',(-3.458142259970E-3,9.961660629232E-1,8.741405111442E-2));
#7422=AXIS2_PLACEMENT_3D('',#7419,#7420,#7421);
#7423=CYLINDRICAL_SURFACE('',#7422,3.775199031248E-1);
#7424=ORIENTED_EDGE('',*,*,#7410,.T.);
#7425=ORIENTED_EDGE('',*,*,#7122,.F.);
#7426=ORIENTED_EDGE('',*,*,#7120,.F.);
#7427=ORIENTED_EDGE('',*,*,#7414,.F.);
#7429=ORIENTED_EDGE('',*,*,#7428,.F.);
#7431=ORIENTED_EDGE('',*,*,#7430,.F.);
#7432=EDGE_LOOP('',(#7424,#7425,#7426,#7427,#7429,#7431));
#7433=FACE_OUTER_BOUND('',#7432,.F.);
#7434=ADVANCED_FACE('',(#7433),#7423,.T.);
#7435=CARTESIAN_POINT('',(1.25E2,-8.387588344235E0,-7.183144478046E0));
#7436=DIRECTION('',(0.E0,8.741457380056E-2,-9.961720194260E-1));
#7437=DIRECTION('',(0.E0,-9.961720194260E-1,-8.741457380056E-2));
#7438=AXIS2_PLACEMENT_3D('',#7435,#7436,#7437);
#7439=PLANE('',#7438);
#7440=ORIENTED_EDGE('',*,*,#7428,.T.);
#7441=ORIENTED_EDGE('',*,*,#7412,.T.);
#7442=ORIENTED_EDGE('',*,*,#7430,.T.);
#7443=EDGE_LOOP('',(#7440,#7441,#7442));
#7444=FACE_OUTER_BOUND('',#7443,.F.);
#7445=ADVANCED_FACE('',(#7444),#7439,.T.);
#7446=CARTESIAN_POINT('',(1.710121404240E0,-3.874674796684E0,
-6.385597067695E0));
#7447=CARTESIAN_POINT('',(1.710160778063E0,-3.872998556699E0,
-6.385449976830E0));
#7448=CARTESIAN_POINT('',(1.710452178658E0,-3.843738551254E0,
-6.382882397280E0));
#7449=CARTESIAN_POINT('',(1.697648066208E0,-3.786015836094E0,
-6.377817201263E0));
#7450=CARTESIAN_POINT('',(1.655369445342E0,-3.713767694383E0,
-6.371477392081E0));
#7451=CARTESIAN_POINT('',(1.611254267065E0,-3.674228738120E0,
-6.368007829653E0));
#7452=CARTESIAN_POINT('',(1.585551877814E0,-3.660063259538E0,
-6.366764802095E0));
#7453=CARTESIAN_POINT('',(1.584068275457E0,-3.659271404770E0,
-6.366695316458E0));
#7455=DIRECTION('',(-3.105155021997E-14,8.741457380059E-2,-9.961720194260E-1));
#7456=VECTOR('',#7455,1.E0);
#7457=SURFACE_OF_LINEAR_EXTRUSION('',#7454,#7456);
#7459=ORIENTED_EDGE('',*,*,#7458,.T.);
#7460=ORIENTED_EDGE('',*,*,#5924,.F.);
#7462=ORIENTED_EDGE('',*,*,#7461,.T.);
#7464=ORIENTED_EDGE('',*,*,#7463,.F.);
#7465=EDGE_LOOP('',(#7459,#7460,#7462,#7464));
#7466=FACE_OUTER_BOUND('',#7465,.F.);
#7467=ADVANCED_FACE('',(#7466),#7457,.T.);
#7468=CARTESIAN_POINT('',(1.711833789371E0,-4.334413342068E0,
-6.907783837510E0));
#7469=DIRECTION('',(9.999946635413E-1,3.254432988212E-3,2.855780598650E-4));
#7470=DIRECTION('',(-3.266938766344E-3,9.961667033951E-1,8.741410731696E-2));
#7471=AXIS2_PLACEMENT_3D('',#7468,#7469,#7470);
#7472=PLANE('',#7471);
#7474=ORIENTED_EDGE('',*,*,#7473,.T.);
#7475=ORIENTED_EDGE('',*,*,#5926,.T.);
#7476=ORIENTED_EDGE('',*,*,#7458,.F.);
#7478=ORIENTED_EDGE('',*,*,#7477,.F.);
#7479=EDGE_LOOP('',(#7474,#7475,#7476,#7478));
#7480=FACE_OUTER_BOUND('',#7479,.F.);
#7481=ADVANCED_FACE('',(#7480),#7472,.F.);
#7482=CARTESIAN_POINT('',(1.377355971220E0,-4.965105315932E0,
-6.481282870189E0));
#7483=CARTESIAN_POINT('',(1.390737354440E0,-4.999034307812E0,
-6.484260155542E0));
#7484=CARTESIAN_POINT('',(1.429831842465E0,-5.040320877443E0,
-6.487883071883E0));
#7485=CARTESIAN_POINT('',(1.503133310520E0,-5.064611515208E0,
-6.490014587029E0));
#7486=CARTESIAN_POINT('',(1.589256838153E0,-5.062970442484E0,
-6.489870582108E0));
#7487=CARTESIAN_POINT('',(1.682346523898E0,-5.007232023839E0,
-6.484979509066E0));
#7488=CARTESIAN_POINT('',(1.725974293196E0,-4.891368547419E0,
-6.474812433287E0));
#7489=CARTESIAN_POINT('',(1.703430753434E0,-4.818367401397E0,
-6.468406547614E0));
#7490=CARTESIAN_POINT('',(1.681056052470E0,-4.791339247052E0,
-6.466034814071E0));
#7492=DIRECTION('',(-3.141005973833E-14,8.741457380059E-2,-9.961720194260E-1));
#7493=VECTOR('',#7492,1.E0);
#7494=SURFACE_OF_LINEAR_EXTRUSION('',#7491,#7493);
#7496=ORIENTED_EDGE('',*,*,#7495,.T.);
#7497=ORIENTED_EDGE('',*,*,#5928,.F.);
#7498=ORIENTED_EDGE('',*,*,#7473,.F.);
#7500=ORIENTED_EDGE('',*,*,#7499,.F.);
#7501=EDGE_LOOP('',(#7496,#7497,#7498,#7500));
#7502=FACE_OUTER_BOUND('',#7501,.F.);
#7503=ADVANCED_FACE('',(#7502),#7494,.T.);
#7504=CARTESIAN_POINT('',(4.951001668589E-1,-4.457259099154E0,
-6.918563611775E0));
#7505=DIRECTION('',(-4.971646891889E-1,-8.643348234250E-1,-7.584579644611E-2));
#7506=DIRECTION('',(8.676561944824E-1,-4.952615524166E-1,-4.345943941373E-2));
#7507=AXIS2_PLACEMENT_3D('',#7504,#7505,#7506);
#7508=PLANE('',#7507);
#7510=ORIENTED_EDGE('',*,*,#7509,.T.);
#7511=ORIENTED_EDGE('',*,*,#5930,.F.);
#7512=ORIENTED_EDGE('',*,*,#7495,.F.);
#7514=ORIENTED_EDGE('',*,*,#7513,.F.);
#7515=EDGE_LOOP('',(#7510,#7511,#7512,#7514));
#7516=FACE_OUTER_BOUND('',#7515,.F.);
#7517=ADVANCED_FACE('',(#7516),#7508,.F.);
#7518=CARTESIAN_POINT('',(-5.736700443027E-1,-3.745630518748E0,
-6.374273370243E0));
#7519=CARTESIAN_POINT('',(-5.737092376234E-1,-3.747303820884E0,
-6.374420203310E0));
#7520=CARTESIAN_POINT('',(-5.739991908244E-1,-3.776513985021E0,
-6.376983409261E0));
#7521=CARTESIAN_POINT('',(-5.612481375238E-1,-3.834136550130E0,
-6.382039817063E0));
#7522=CARTESIAN_POINT('',(-5.191082222246E-1,-3.906300964426E0,
-6.388372279124E0));
#7523=CARTESIAN_POINT('',(-4.751276682751E-1,-3.945825662492E0,
-6.391840590387E0));
#7524=CARTESIAN_POINT('',(-4.494951981828E-1,-3.960013998634E0,
-6.393085623707E0));
#7525=CARTESIAN_POINT('',(-4.480156842372E-1,-3.960807222751E0,
-6.393155229505E0));
#7527=DIRECTION('',(-2.386690382363E-14,8.741457380059E-2,-9.961720194260E-1));
#7528=VECTOR('',#7527,1.E0);
#7529=SURFACE_OF_LINEAR_EXTRUSION('',#7526,#7528);
#7531=ORIENTED_EDGE('',*,*,#7530,.T.);
#7532=ORIENTED_EDGE('',*,*,#5932,.F.);
#7533=ORIENTED_EDGE('',*,*,#7509,.F.);
#7535=ORIENTED_EDGE('',*,*,#7534,.F.);
#7536=EDGE_LOOP('',(#7531,#7532,#7533,#7535));
#7537=FACE_OUTER_BOUND('',#7536,.F.);
#7538=ADVANCED_FACE('',(#7537),#7529,.T.);
#7539=CARTESIAN_POINT('',(-5.754278657709E-1,-3.187877320127E0,
-6.807174750173E0));
#7540=DIRECTION('',(-9.999946667297E-1,-3.253460613164E-3,-2.854927334869E-4));
#7541=DIRECTION('',(3.265962654760E-3,-9.961667065715E-1,-8.741410759405E-2));
#7542=AXIS2_PLACEMENT_3D('',#7539,#7540,#7541);
#7543=PLANE('',#7542);
#7545=ORIENTED_EDGE('',*,*,#7544,.T.);
#7546=ORIENTED_EDGE('',*,*,#5934,.T.);
#7547=ORIENTED_EDGE('',*,*,#7530,.F.);
#7549=ORIENTED_EDGE('',*,*,#7548,.F.);
#7550=EDGE_LOOP('',(#7545,#7546,#7547,#7549));
#7551=FACE_OUTER_BOUND('',#7550,.F.);
#7552=ADVANCED_FACE('',(#7551),#7543,.F.);
#7553=CARTESIAN_POINT('',(-4.528134222571E-1,-2.498050260308E0,
-6.264797602558E0));
#7554=CARTESIAN_POINT('',(-4.542877174358E-1,-2.498853100573E0,
-6.264868052177E0));
#7555=CARTESIAN_POINT('',(-4.798267785983E-1,-2.513208062315E0,
-6.266127706974E0));
#7556=CARTESIAN_POINT('',(-5.235459115580E-1,-2.553019810353E0,
-6.269621207011E0));
#7557=CARTESIAN_POINT('',(-5.652127567976E-1,-2.625456462878E0,
-6.275977558108E0));
#7558=CARTESIAN_POINT('',(-5.775836941687E-1,-2.683161163279E0,
-6.281041173321E0));
#7559=CARTESIAN_POINT('',(-5.771023110047E-1,-2.712368647117E0,
-6.283604144074E0));
#7560=CARTESIAN_POINT('',(-5.770521561477E-1,-2.714041646902E0,
-6.283750950609E0));
#7562=DIRECTION('',(-2.350550309947E-14,8.741457380059E-2,-9.961720194260E-1));
#7563=VECTOR('',#7562,1.E0);
#7564=SURFACE_OF_LINEAR_EXTRUSION('',#7561,#7563);
#7565=ORIENTED_EDGE('',*,*,#7544,.F.);
#7567=ORIENTED_EDGE('',*,*,#7566,.F.);
#7569=ORIENTED_EDGE('',*,*,#7568,.T.);
#7570=ORIENTED_EDGE('',*,*,#5936,.F.);
#7571=EDGE_LOOP('',(#7565,#7567,#7569,#7570));
#7572=FACE_OUTER_BOUND('',#7571,.F.);
#7573=ADVANCED_FACE('',(#7572),#7564,.T.);
#7574=CARTESIAN_POINT('',(-1.116798947872E0,-2.882743363842E0,
-6.298554607406E0));
#7575=DIRECTION('',(0.E0,8.741457380057E-2,-9.961720194260E-1));
#7576=DIRECTION('',(0.E0,-9.961720194260E-1,-8.741457380057E-2));
#7577=AXIS2_PLACEMENT_3D('',#7574,#7575,#7576);
#7578=PLANE('',#7577);
#7579=ORIENTED_EDGE('',*,*,#7463,.T.);
#7581=ORIENTED_EDGE('',*,*,#7580,.T.);
#7583=ORIENTED_EDGE('',*,*,#7582,.T.);
#7585=ORIENTED_EDGE('',*,*,#7584,.T.);
#7587=ORIENTED_EDGE('',*,*,#7586,.T.);
#7589=ORIENTED_EDGE('',*,*,#7588,.T.);
#7591=ORIENTED_EDGE('',*,*,#7590,.T.);
#7593=ORIENTED_EDGE('',*,*,#7592,.T.);
#7594=ORIENTED_EDGE('',*,*,#7566,.T.);
#7595=ORIENTED_EDGE('',*,*,#7548,.T.);
#7596=ORIENTED_EDGE('',*,*,#7534,.T.);
#7597=ORIENTED_EDGE('',*,*,#7513,.T.);
#7598=ORIENTED_EDGE('',*,*,#7499,.T.);
#7599=ORIENTED_EDGE('',*,*,#7477,.T.);
#7600=EDGE_LOOP('',(#7579,#7581,#7583,#7585,#7587,#7589,#7591,#7593,#7594,#7595,
#7596,#7597,#7598,#7599));
#7601=FACE_OUTER_BOUND('',#7600,.F.);
#7602=ADVANCED_FACE('',(#7601),#7578,.T.);
#7603=CARTESIAN_POINT('',(1.295735159128E0,-3.453382933696E0,
-6.830472995455E0));
#7604=DIRECTION('',(4.955053117660E-1,8.652799051767E-1,7.592872782426E-2));
#7605=DIRECTION('',(-8.686049078906E-1,4.936085270583E-1,4.331438564402E-2));
#7606=AXIS2_PLACEMENT_3D('',#7603,#7604,#7605);
#7607=PLANE('',#7606);
#7609=ORIENTED_EDGE('',*,*,#7608,.F.);
#7610=ORIENTED_EDGE('',*,*,#7580,.F.);
#7611=ORIENTED_EDGE('',*,*,#7461,.F.);
#7612=ORIENTED_EDGE('',*,*,#5950,.F.);
#7613=EDGE_LOOP('',(#7609,#7610,#7611,#7612));
#7614=FACE_OUTER_BOUND('',#7613,.F.);
#7615=ADVANCED_FACE('',(#7614),#7607,.F.);
#7616=CARTESIAN_POINT('',(1.007350784504E0,-3.331222487659E0,
-6.337908866212E0));
#7617=CARTESIAN_POINT('',(1.005854718976E0,-3.330531796243E0,
-6.337848257708E0));
#7618=CARTESIAN_POINT('',(9.876674180448E-1,-3.321163885346E0,
-6.337026219021E0));
#7619=CARTESIAN_POINT('',(9.628929513674E-1,-3.284051858160E0,
-6.333769620786E0));
#7620=CARTESIAN_POINT('',(9.542228075833E-1,-3.225090167635E0,
-6.328595704086E0));
#7621=CARTESIAN_POINT('',(9.623643115450E-1,-3.165997947790E0,
-6.323410333375E0));
#7622=CARTESIAN_POINT('',(9.868291505384E-1,-3.128493787827E0,
-6.320119325301E0));
#7623=CARTESIAN_POINT('',(1.005046288748E0,-3.118957958015E0,
-6.319282551649E0));
#7624=CARTESIAN_POINT('',(1.006538532767E0,-3.118257248699E0,
-6.319221064070E0));
#7626=DIRECTION('',(-2.899156609224E-14,8.741457380049E-2,-9.961720194260E-1));
#7627=VECTOR('',#7626,1.E0);
#7628=SURFACE_OF_LINEAR_EXTRUSION('',#7625,#7627);
#7629=ORIENTED_EDGE('',*,*,#7608,.T.);
#7630=ORIENTED_EDGE('',*,*,#5948,.F.);
#7632=ORIENTED_EDGE('',*,*,#7631,.F.);
#7633=ORIENTED_EDGE('',*,*,#7582,.F.);
#7634=EDGE_LOOP('',(#7629,#7630,#7632,#7633));
#7635=FACE_OUTER_BOUND('',#7634,.F.);
#7636=ADVANCED_FACE('',(#7635),#7628,.T.);
#7637=CARTESIAN_POINT('',(1.293896460754E0,-2.910248189130E0,
-6.782812660406E0));
#7638=DIRECTION('',(5.012258333871E-1,-8.620040960537E-1,-7.564127399828E-2));
#7639=DIRECTION('',(8.653165108476E-1,4.993071506338E-1,4.381444260255E-2));
#7640=AXIS2_PLACEMENT_3D('',#7637,#7638,#7639);
#7641=PLANE('',#7640);
#7642=ORIENTED_EDGE('',*,*,#7631,.T.);
#7643=ORIENTED_EDGE('',*,*,#5946,.F.);
#7645=ORIENTED_EDGE('',*,*,#7644,.F.);
#7646=ORIENTED_EDGE('',*,*,#7584,.F.);
#7647=EDGE_LOOP('',(#7642,#7643,#7645,#7646));
#7648=FACE_OUTER_BOUND('',#7647,.F.);
#7649=ADVANCED_FACE('',(#7648),#7641,.F.);
#7650=CARTESIAN_POINT('',(1.581205546364E0,-2.786346160318E0,
-6.290095706436E0));
#7651=CARTESIAN_POINT('',(1.582683973233E0,-2.785544729298E0,
-6.290025380478E0));
#7652=CARTESIAN_POINT('',(1.608293689224E0,-2.771213252516E0,
-6.288767786498E0));
#7653=CARTESIAN_POINT('',(1.652147267406E0,-2.731386396706E0,
-6.285272960747E0));
#7654=CARTESIAN_POINT('',(1.693952177954E0,-2.658865197074E0,
-6.278909190600E0));
#7655=CARTESIAN_POINT('',(1.706375497573E0,-2.601060091303E0,
-6.273836764769E0));
#7656=CARTESIAN_POINT('',(1.705892344057E0,-2.571802820617E0,
-6.271269425196E0));
#7657=CARTESIAN_POINT('',(1.705841989704E0,-2.570126886772E0,
-6.271122361195E0));
#7659=DIRECTION('',(-2.899156609224E-14,8.741457380049E-2,-9.961720194260E-1));
#7660=VECTOR('',#7659,1.E0);
#7661=SURFACE_OF_LINEAR_EXTRUSION('',#7658,#7660);
#7662=ORIENTED_EDGE('',*,*,#7644,.T.);
#7663=ORIENTED_EDGE('',*,*,#5944,.F.);
#7665=ORIENTED_EDGE('',*,*,#7664,.F.);
#7666=ORIENTED_EDGE('',*,*,#7586,.F.);
#7667=EDGE_LOOP('',(#7662,#7663,#7665,#7666));
#7668=FACE_OUTER_BOUND('',#7667,.F.);
#7669=ADVANCED_FACE('',(#7668),#7661,.T.);
#7670=CARTESIAN_POINT('',(1.704264214165E0,-2.026469770893E0,
-6.705260679164E0));
#7671=DIRECTION('',(9.999946668328E-1,3.253429192066E-3,2.854899762687E-4));
#7672=DIRECTION('',(-3.265931112920E-3,9.961667066741E-1,8.741410760350E-2));
#7673=AXIS2_PLACEMENT_3D('',#7670,#7671,#7672);
#7674=PLANE('',#7673);
#7675=ORIENTED_EDGE('',*,*,#7664,.T.);
#7676=ORIENTED_EDGE('',*,*,#5942,.T.);
#7678=ORIENTED_EDGE('',*,*,#7677,.F.);
#7679=ORIENTED_EDGE('',*,*,#7588,.F.);
#7680=EDGE_LOOP('',(#7675,#7676,#7678,#7679));
#7681=FACE_OUTER_BOUND('',#7680,.F.);
#7682=ADVANCED_FACE('',(#7681),#7674,.F.);
#7683=CARTESIAN_POINT('',(1.669541534294E0,-1.654697028646E0,
-6.190792950880E0));
#7684=CARTESIAN_POINT('',(1.692613500170E0,-1.627451346770E0,
-6.188402129192E0));
#7685=CARTESIAN_POINT('',(1.715813083754E0,-1.552196745731E0,
-6.181798501758E0));
#7686=CARTESIAN_POINT('',(1.668430128252E0,-1.433992156541E0,
-6.171425992207E0));
#7687=CARTESIAN_POINT('',(1.572459104104E0,-1.381612950814E0,
-6.166829691714E0));
#7688=CARTESIAN_POINT('',(1.488336627042E0,-1.382289584750E0,
-6.166889066668E0));
#7689=CARTESIAN_POINT('',(1.416986213140E0,-1.407139426508E0,
-6.169069652233E0));
#7690=CARTESIAN_POINT('',(1.378659019647E0,-1.448301336231E0,
-6.172681629608E0));
#7691=CARTESIAN_POINT('',(1.365564735237E0,-1.482677105420E0,
-6.175698119887E0));
#7693=DIRECTION('',(-2.899156609224E-14,8.741457380049E-2,-9.961720194260E-1));
#7694=VECTOR('',#7693,1.E0);
#7695=SURFACE_OF_LINEAR_EXTRUSION('',#7692,#7694);
#7696=ORIENTED_EDGE('',*,*,#7677,.T.);
#7697=ORIENTED_EDGE('',*,*,#5940,.F.);
#7699=ORIENTED_EDGE('',*,*,#7698,.F.);
#7700=ORIENTED_EDGE('',*,*,#7590,.F.);
#7701=EDGE_LOOP('',(#7696,#7697,#7699,#7700));
#7702=FACE_OUTER_BOUND('',#7701,.F.);
#7703=ADVANCED_FACE('',(#7702),#7695,.T.);
#7704=CARTESIAN_POINT('',(4.867510621644E-1,-1.911550216168E0,
-6.695176432968E0));
#7705=DIRECTION('',(-5.028252538141E-1,8.610792257217E-1,7.556011618184E-2));
#7706=DIRECTION('',(-8.643880865253E-1,-5.009004485104E-1,-4.395425525828E-2));
#7707=AXIS2_PLACEMENT_3D('',#7704,#7705,#7706);
#7708=PLANE('',#7707);
#7709=ORIENTED_EDGE('',*,*,#7698,.T.);
#7710=ORIENTED_EDGE('',*,*,#5938,.F.);
#7711=ORIENTED_EDGE('',*,*,#7568,.F.);
#7712=ORIENTED_EDGE('',*,*,#7592,.F.);
#7713=EDGE_LOOP('',(#7709,#7710,#7711,#7712));
#7714=FACE_OUTER_BOUND('',#7713,.F.);
#7715=ADVANCED_FACE('',(#7714),#7708,.F.);
#7716=CARTESIAN_POINT('',(2.421315761826E0,-4.356343378455E0,
-6.427863717398E0));
#7717=CARTESIAN_POINT('',(2.402676472002E0,-4.386671780632E0,
-6.430525049274E0));
#7718=CARTESIAN_POINT('',(2.387867045450E0,-4.449454127145E0,
-6.436034230374E0));
#7719=CARTESIAN_POINT('',(2.408919771304E0,-4.542841162880E0,
-6.444228987674E0));
#7720=CARTESIAN_POINT('',(2.455311348629E0,-4.621072677709E0,
-6.451093840724E0));
#7721=CARTESIAN_POINT('',(2.527602002756E0,-4.684330804517E0,
-6.456644771775E0));
#7722=CARTESIAN_POINT('',(2.590218030588E0,-4.701194360565E0,
-6.458124556928E0));
#7723=CARTESIAN_POINT('',(2.626115254170E0,-4.699036302135E0,
-6.457935186263E0));
#7725=DIRECTION('',(-3.076242964060E-14,8.741457380049E-2,-9.961720194260E-1));
#7726=VECTOR('',#7725,1.E0);
#7727=SURFACE_OF_LINEAR_EXTRUSION('',#7724,#7726);
#7729=ORIENTED_EDGE('',*,*,#7728,.T.);
#7730=ORIENTED_EDGE('',*,*,#5954,.F.);
#7732=ORIENTED_EDGE('',*,*,#7731,.T.);
#7734=ORIENTED_EDGE('',*,*,#7733,.F.);
#7735=EDGE_LOOP('',(#7729,#7730,#7732,#7734));
#7736=FACE_OUTER_BOUND('',#7735,.F.);
#7737=ADVANCED_FACE('',(#7736),#7727,.T.);
#7738=CARTESIAN_POINT('',(2.390156237296E0,-2.908780252151E0,
-6.782683848230E0));
#7739=DIRECTION('',(-9.999946635728E-1,-3.254423373894E-3,-2.855772162005E-4));
#7740=DIRECTION('',(3.266929115081E-3,-9.961667034266E-1,-8.741410731889E-2));
#7741=AXIS2_PLACEMENT_3D('',#7738,#7739,#7740);
#7742=PLANE('',#7741);
#7744=ORIENTED_EDGE('',*,*,#7743,.T.);
#7745=ORIENTED_EDGE('',*,*,#5956,.T.);
#7746=ORIENTED_EDGE('',*,*,#7728,.F.);
#7748=ORIENTED_EDGE('',*,*,#7747,.F.);
#7749=EDGE_LOOP('',(#7744,#7745,#7746,#7748));
#7750=FACE_OUTER_BOUND('',#7749,.F.);
#7751=ADVANCED_FACE('',(#7750),#7742,.F.);
#7752=CARTESIAN_POINT('',(2.669088119115E0,-1.304179414497E0,
-6.160034861652E0));
#7753=CARTESIAN_POINT('',(2.644213530425E0,-1.268545038162E0,-6.156907928E0));
#7754=CARTESIAN_POINT('',(2.603139046847E0,-1.252265353125E0,
-6.155479377808E0));
#7755=CARTESIAN_POINT('',(2.554192696907E0,-1.257352889806E0,
-6.155925811598E0));
#7756=CARTESIAN_POINT('',(2.522757008880E0,-1.266102543392E0,
-6.156693597909E0));
#7757=CARTESIAN_POINT('',(2.469421235905E0,-1.293650337124E0,
-6.159110930057E0));
#7758=CARTESIAN_POINT('',(2.411812144317E0,-1.351208502867E0,
-6.164161686783E0));
#7759=CARTESIAN_POINT('',(2.371844706962E0,-1.449797859677E0,
-6.172812950258E0));
#7760=CARTESIAN_POINT('',(2.399308824164E0,-1.517965698267E0,
-6.178794710879E0));
#7761=CARTESIAN_POINT('',(2.436427750132E0,-1.549585468274E0,
-6.181569360904E0));
#7763=DIRECTION('',(-3.091662728290E-14,8.741457380049E-2,-9.961720194260E-1));
#7764=VECTOR('',#7763,1.E0);
#7765=SURFACE_OF_LINEAR_EXTRUSION('',#7762,#7764);
#7767=ORIENTED_EDGE('',*,*,#7766,.T.);
#7768=ORIENTED_EDGE('',*,*,#5958,.F.);
#7769=ORIENTED_EDGE('',*,*,#7743,.F.);
#7771=ORIENTED_EDGE('',*,*,#7770,.F.);
#7772=EDGE_LOOP('',(#7767,#7768,#7769,#7771));
#7773=FACE_OUTER_BOUND('',#7772,.F.);
#7774=ADVANCED_FACE('',(#7773),#7765,.T.);
#7775=CARTESIAN_POINT('',(3.067583320690E0,-1.212078882034E0,
-6.633797486996E0));
#7776=DIRECTION('',(-3.268825050713E-3,9.961666972546E-1,8.741410677738E-2));
#7777=DIRECTION('',(-9.999946573771E-1,-3.256312051967E-3,-2.857429480878E-4));
#7778=AXIS2_PLACEMENT_3D('',#7775,#7776,#7777);
#7779=PLANE('',#7778);
#7781=ORIENTED_EDGE('',*,*,#7780,.T.);
#7782=ORIENTED_EDGE('',*,*,#5960,.T.);
#7783=ORIENTED_EDGE('',*,*,#7766,.F.);
#7785=ORIENTED_EDGE('',*,*,#7784,.F.);
#7786=EDGE_LOOP('',(#7781,#7782,#7783,#7785));
#7787=FACE_OUTER_BOUND('',#7786,.F.);
#7788=ADVANCED_FACE('',(#7787),#7779,.F.);
#7789=CARTESIAN_POINT('',(3.706726869570E0,-1.540025241186E0,
-6.180730446380E0));
#7790=CARTESIAN_POINT('',(3.739089292134E0,-1.509669599279E0,
-6.178066724203E0));
#7791=CARTESIAN_POINT('',(3.763831852573E0,-1.443390231909E0,
-6.172250677840E0));
#7792=CARTESIAN_POINT('',(3.723957577639E0,-1.346904143812E0,
-6.163783977206E0));
#7793=CARTESIAN_POINT('',(3.665957694845E0,-1.289727165408E0,
-6.158766669852E0));
#7794=CARTESIAN_POINT('',(3.612448787399E0,-1.262544014302E0,
-6.156381335269E0));
#7795=CARTESIAN_POINT('',(3.580971838440E0,-1.254007764474E0,
-6.155632275242E0));
#7796=CARTESIAN_POINT('',(3.531720255302E0,-1.249214739844E0,
-6.155211685026E0));
#7797=CARTESIAN_POINT('',(3.490474351087E0,-1.266017766876E0,
-6.156686158729E0));
#7798=CARTESIAN_POINT('',(3.465765233701E0,-1.302524573124E0,
-6.159889648536E0));
#7800=DIRECTION('',(-2.883495911174E-14,8.741457380049E-2,-9.961720194260E-1));
#7801=VECTOR('',#7800,1.E0);
#7802=SURFACE_OF_LINEAR_EXTRUSION('',#7799,#7801);
#7804=ORIENTED_EDGE('',*,*,#7803,.T.);
#7805=ORIENTED_EDGE('',*,*,#5962,.F.);
#7806=ORIENTED_EDGE('',*,*,#7780,.F.);
#7808=ORIENTED_EDGE('',*,*,#7807,.F.);
#7809=EDGE_LOOP('',(#7804,#7805,#7806,#7808));
#7810=FACE_OUTER_BOUND('',#7809,.F.);
#7811=ADVANCED_FACE('',(#7810),#7802,.T.);
#7812=CARTESIAN_POINT('',(3.754899322703E0,-2.530550564977E0,
-6.749494011276E0));
#7813=DIRECTION('',(9.999946623556E-1,3.254794530007E-3,2.856097853279E-4));
#7814=DIRECTION('',(-3.267301697431E-3,9.961667022139E-1,8.741410721279E-2));
#7815=AXIS2_PLACEMENT_3D('',#7812,#7813,#7814);
#7816=PLANE('',#7815);
#7818=ORIENTED_EDGE('',*,*,#7817,.T.);
#7819=ORIENTED_EDGE('',*,*,#5964,.T.);
#7820=ORIENTED_EDGE('',*,*,#7803,.F.);
#7822=ORIENTED_EDGE('',*,*,#7821,.F.);
#7823=EDGE_LOOP('',(#7818,#7819,#7820,#7822));
#7824=FACE_OUTER_BOUND('',#7823,.F.);
#7825=ADVANCED_FACE('',(#7824),#7816,.F.);
#7826=CARTESIAN_POINT('',(4.415443791377E0,-3.602386791212E0,
-6.361703664261E0));
#7827=CARTESIAN_POINT('',(4.430246649786E0,-3.632133720908E0,
-6.364313971648E0));
#7828=CARTESIAN_POINT('',(4.448679536529E0,-3.718279131664E0,
-6.371873272872E0));
#7829=CARTESIAN_POINT('',(4.401580091366E0,-3.858534641131E0,
-6.384180761281E0));
#7830=CARTESIAN_POINT('',(4.285418143955E0,-3.940013378089E0,
-6.391330559636E0));
#7831=CARTESIAN_POINT('',(4.177922613490E0,-3.959174813692E0,
-6.393011984825E0));
#7832=CARTESIAN_POINT('',(4.092280533511E0,-3.959680807838E0,
-6.393056386055E0));
#7833=CARTESIAN_POINT('',(4.007479975280E0,-3.958071150625E0,
-6.392915137860E0));
#7834=CARTESIAN_POINT('',(3.903672201549E0,-3.937785187617E0,
-6.391135034850E0));
#7835=CARTESIAN_POINT('',(3.793609050171E0,-3.855506902739E0,
-6.383915075782E0));
#7836=CARTESIAN_POINT('',(3.747706130438E0,-3.719941254632E0,
-6.372019124962E0));
#7837=CARTESIAN_POINT('',(3.765153048131E0,-3.634714526563E0,
-6.364540438585E0));
#7838=CARTESIAN_POINT('',(3.779552762288E0,-3.604627995547E0,
-6.361900331019E0));
#7840=DIRECTION('',(-3.191891195791E-14,8.741457380049E-2,-9.961720194260E-1));
#7841=VECTOR('',#7840,1.E0);
#7842=SURFACE_OF_LINEAR_EXTRUSION('',#7839,#7841);
#7844=ORIENTED_EDGE('',*,*,#7843,.T.);
#7845=ORIENTED_EDGE('',*,*,#5966,.F.);
#7846=ORIENTED_EDGE('',*,*,#7817,.F.);
#7848=ORIENTED_EDGE('',*,*,#7847,.F.);
#7849=EDGE_LOOP('',(#7844,#7845,#7846,#7848));
#7850=FACE_OUTER_BOUND('',#7849,.F.);
#7851=ADVANCED_FACE('',(#7850),#7842,.T.);
#7852=CARTESIAN_POINT('',(4.433642464778E0,-2.528340334890E0,
-6.749300062523E0));
#7853=DIRECTION('',(-9.999946636447E-1,-3.254401465840E-3,-2.855752937582E-4));
#7854=DIRECTION('',(3.266907122841E-3,-9.961667034981E-1,-8.741410732557E-2));
#7855=AXIS2_PLACEMENT_3D('',#7852,#7853,#7854);
#7856=PLANE('',#7855);
#7858=ORIENTED_EDGE('',*,*,#7857,.T.);
#7859=ORIENTED_EDGE('',*,*,#5968,.T.);
#7860=ORIENTED_EDGE('',*,*,#7843,.F.);
#7862=ORIENTED_EDGE('',*,*,#7861,.F.);
#7863=EDGE_LOOP('',(#7858,#7859,#7860,#7862));
#7864=FACE_OUTER_BOUND('',#7863,.F.);
#7865=ADVANCED_FACE('',(#7864),#7856,.F.);
#7866=CARTESIAN_POINT('',(4.713800193759E0,-1.297521108779E0,
-6.159450592125E0));
#7867=CARTESIAN_POINT('',(4.688925604639E0,-1.261886728271E0,
-6.156323658105E0));
#7868=CARTESIAN_POINT('',(4.647851119984E0,-1.245607041469E0,
-6.154895107758E0));
#7869=CARTESIAN_POINT('',(4.598904768927E0,-1.250694578137E0,
-6.155341541547E0));
#7870=CARTESIAN_POINT('',(4.567469080516E0,-1.259444231883E0,
-6.156109327872E0));
#7871=CARTESIAN_POINT('',(4.514133307542E0,-1.286992025719E0,
-6.158526660029E0));
#7872=CARTESIAN_POINT('',(4.456524215382E0,-1.344550191741E0,
-6.163577416779E0));
#7873=CARTESIAN_POINT('',(4.416556777936E0,-1.443139549814E0,
-6.172228680366E0));
#7874=CARTESIAN_POINT('',(4.444020888045E0,-1.511307389249E0,
-6.178210441061E0));
#7875=CARTESIAN_POINT('',(4.481139806205E0,-1.542927159258E0,
-6.180985091086E0));
#7877=DIRECTION('',(-3.176471431561E-14,8.741457380049E-2,-9.961720194260E-1));
#7878=VECTOR('',#7877,1.E0);
#7879=SURFACE_OF_LINEAR_EXTRUSION('',#7876,#7878);
#7880=ORIENTED_EDGE('',*,*,#7857,.F.);
#7882=ORIENTED_EDGE('',*,*,#7881,.F.);
#7884=ORIENTED_EDGE('',*,*,#7883,.T.);
#7885=ORIENTED_EDGE('',*,*,#5970,.F.);
#7886=EDGE_LOOP('',(#7880,#7882,#7884,#7885));
#7887=FACE_OUTER_BOUND('',#7886,.F.);
#7888=ADVANCED_FACE('',(#7887),#7879,.T.);
#7889=CARTESIAN_POINT('',(2.385126458785E0,-1.245774309410E0,
-6.154909785600E0));
#7890=DIRECTION('',(0.E0,8.741457380056E-2,-9.961720194260E-1));
#7891=DIRECTION('',(0.E0,-9.961720194260E-1,-8.741457380056E-2));
#7892=AXIS2_PLACEMENT_3D('',#7889,#7890,#7891);
#7893=PLANE('',#7892);
#7894=ORIENTED_EDGE('',*,*,#7733,.T.);
#7896=ORIENTED_EDGE('',*,*,#7895,.T.);
#7898=ORIENTED_EDGE('',*,*,#7897,.T.);
#7900=ORIENTED_EDGE('',*,*,#7899,.T.);
#7902=ORIENTED_EDGE('',*,*,#7901,.T.);
#7904=ORIENTED_EDGE('',*,*,#7903,.T.);
#7906=ORIENTED_EDGE('',*,*,#7905,.T.);
#7908=ORIENTED_EDGE('',*,*,#7907,.T.);
#7910=ORIENTED_EDGE('',*,*,#7909,.T.);
#7912=ORIENTED_EDGE('',*,*,#7911,.T.);
#7913=ORIENTED_EDGE('',*,*,#7881,.T.);
#7914=ORIENTED_EDGE('',*,*,#7861,.T.);
#7915=ORIENTED_EDGE('',*,*,#7847,.T.);
#7916=ORIENTED_EDGE('',*,*,#7821,.T.);
#7917=ORIENTED_EDGE('',*,*,#7807,.T.);
#7918=ORIENTED_EDGE('',*,*,#7784,.T.);
#7919=ORIENTED_EDGE('',*,*,#7770,.T.);
#7920=ORIENTED_EDGE('',*,*,#7747,.T.);
#7921=EDGE_LOOP('',(#7894,#7896,#7898,#7900,#7902,#7904,#7906,#7908,#7910,#7912,
#7913,#7914,#7915,#7916,#7917,#7918,#7919,#7920));
#7922=FACE_OUTER_BOUND('',#7921,.F.);
#7923=ADVANCED_FACE('',(#7922),#7893,.T.);
#7924=CARTESIAN_POINT('',(2.914110429721E0,-4.854726264796E0,
-6.953441546718E0));
#7925=DIRECTION('',(-4.972463932102E-1,-8.642881813592E-1,-7.584170358230E-2));
#7926=DIRECTION('',(8.676093731856E-1,-4.953429436765E-1,-4.346658153668E-2));
#7927=AXIS2_PLACEMENT_3D('',#7924,#7925,#7926);
#7928=PLANE('',#7927);
#7930=ORIENTED_EDGE('',*,*,#7929,.F.);
#7931=ORIENTED_EDGE('',*,*,#7895,.F.);
#7932=ORIENTED_EDGE('',*,*,#7731,.F.);
#7933=ORIENTED_EDGE('',*,*,#5988,.F.);
#7934=EDGE_LOOP('',(#7930,#7931,#7932,#7933));
#7935=FACE_OUTER_BOUND('',#7934,.F.);
#7936=ADVANCED_FACE('',(#7935),#7928,.F.);
#7937=CARTESIAN_POINT('',(3.219987362944E0,-5.059395261416E0,
-6.489556858253E0));
#7938=CARTESIAN_POINT('',(3.244296588980E0,-5.081372580836E0,
-6.491485378600E0));
#7939=CARTESIAN_POINT('',(3.295549101163E0,-5.117958258295E0,
-6.494695789391E0));
#7940=CARTESIAN_POINT('',(3.380652091921E0,-5.156617108276E0,
-6.498088122070E0));
#7941=CARTESIAN_POINT('',(3.453599521804E0,-5.175818351421E0,
-6.499773040390E0));
#7942=CARTESIAN_POINT('',(3.513470813312E0,-5.183667630855E0,
-6.500461818436E0));
#7943=CARTESIAN_POINT('',(3.609046535815E0,-5.187758073025E0,
-6.500820756703E0));
#7944=CARTESIAN_POINT('',(3.689540280318E0,-5.171315335395E0,
-6.499377898568E0));
#7945=CARTESIAN_POINT('',(3.750189695560E0,-5.141802440598E0,
-6.496788127862E0));
#7947=DIRECTION('',(-3.095167220164E-14,8.741457380048E-2,-9.961720194260E-1));
#7948=VECTOR('',#7947,1.E0);
#7949=SURFACE_OF_LINEAR_EXTRUSION('',#7946,#7948);
#7950=ORIENTED_EDGE('',*,*,#7929,.T.);
#7951=ORIENTED_EDGE('',*,*,#5986,.F.);
#7953=ORIENTED_EDGE('',*,*,#7952,.F.);
#7954=ORIENTED_EDGE('',*,*,#7897,.F.);
#7955=EDGE_LOOP('',(#7950,#7951,#7953,#7954));
#7956=FACE_OUTER_BOUND('',#7955,.F.);
#7957=ADVANCED_FACE('',(#7956),#7949,.T.);
#7958=CARTESIAN_POINT('',(4.102836014003E0,-5.141173247296E0,
-6.978577407194E0));
#7959=DIRECTION('',(3.268847865313E-3,-9.961666971803E-1,-8.741410677086E-2));
#7960=DIRECTION('',(9.999946573025E-1,3.256334779172E-3,2.857449431148E-4));
#7961=AXIS2_PLACEMENT_3D('',#7958,#7959,#7960);
#7962=PLANE('',#7961);
#7963=ORIENTED_EDGE('',*,*,#7952,.T.);
#7964=ORIENTED_EDGE('',*,*,#5984,.T.);
#7966=ORIENTED_EDGE('',*,*,#7965,.F.);
#7967=ORIENTED_EDGE('',*,*,#7899,.F.);
#7968=EDGE_LOOP('',(#7963,#7964,#7966,#7967));
#7969=FACE_OUTER_BOUND('',#7968,.F.);
#7970=ADVANCED_FACE('',(#7969),#7962,.F.);
#7971=CARTESIAN_POINT('',(4.549293176952E0,-5.170869899318E0,
-6.499338811339E0));
#7972=CARTESIAN_POINT('',(4.581518406891E0,-5.178187689263E0,
-6.499980950926E0));
#7973=CARTESIAN_POINT('',(4.629528719727E0,-5.182984456317E0,
-6.500401869542E0));
#7974=CARTESIAN_POINT('',(4.692663672696E0,-5.179760632046E0,
-6.500118977411E0));
#7975=CARTESIAN_POINT('',(4.753183754387E0,-5.171327741391E0,
-6.499378987201E0));
#7976=CARTESIAN_POINT('',(4.827398208667E0,-5.151611828824E0,
-6.497648906391E0));
#7977=CARTESIAN_POINT('',(4.911647641223E0,-5.109235768637E0,
-6.493930386729E0));
#7978=CARTESIAN_POINT('',(4.965797082062E0,-5.077792320256E0,
-6.491171209011E0));
#7979=CARTESIAN_POINT('',(4.993745884279E0,-5.063520334077E0,
-6.489918835360E0));
#7981=DIRECTION('',(-3.095167220164E-14,8.741457380048E-2,-9.961720194260E-1));
#7982=VECTOR('',#7981,1.E0);
#7983=SURFACE_OF_LINEAR_EXTRUSION('',#7980,#7982);
#7984=ORIENTED_EDGE('',*,*,#7965,.T.);
#7985=ORIENTED_EDGE('',*,*,#5982,.F.);
#7987=ORIENTED_EDGE('',*,*,#7986,.T.);
#7988=ORIENTED_EDGE('',*,*,#7901,.F.);
#7989=EDGE_LOOP('',(#7984,#7985,#7987,#7988));
#7990=FACE_OUTER_BOUND('',#7989,.F.);
#7991=ADVANCED_FACE('',(#7990),#7983,.T.);
#7992=CARTESIAN_POINT('',(4.909164796035E0,-5.109501844937E0,
-6.493953735052E0));
#7993=DIRECTION('',(-5.029326291802E-1,8.610169943508E-1,7.555465534914E-2));
#7994=DIRECTION('',(-8.634851267187E-1,-5.043743014226E-1,0.E0));
#7995=AXIS2_PLACEMENT_3D('',#7992,#7993,#7994);
#7996=PLANE('',#7995);
#7997=ORIENTED_EDGE('',*,*,#5980,.T.);
#7999=ORIENTED_EDGE('',*,*,#7998,.T.);
#8000=ORIENTED_EDGE('',*,*,#7903,.F.);
#8001=ORIENTED_EDGE('',*,*,#7986,.F.);
#8002=EDGE_LOOP('',(#7997,#7999,#8000,#8001));
#8003=FACE_OUTER_BOUND('',#8002,.F.);
#8004=ADVANCED_FACE('',(#8003),#7996,.T.);
#8005=CARTESIAN_POINT('',(5.676236119144E0,-4.664912417419E0,
-6.454940798967E0));
#8006=CARTESIAN_POINT('',(5.677773591383E0,-4.664032870930E0,
-6.454863618340E0));
#8007=CARTESIAN_POINT('',(5.704486029825E0,-4.648286430732E0,
-6.453481860640E0));
#8008=CARTESIAN_POINT('',(5.750008670128E0,-4.605584952536E0,
-6.449734785392E0));
#8009=CARTESIAN_POINT('',(5.793420849136E0,-4.528797632169E0,
-6.442996661100E0));
#8010=CARTESIAN_POINT('',(5.806208724180E0,-4.467971533237E0,
-6.437659141665E0));
#8011=CARTESIAN_POINT('',(5.805708452405E0,-4.437233338049E0,
-6.434961850254E0));
#8012=CARTESIAN_POINT('',(5.805656266178E0,-4.435467689087E0,
-6.434806913708E0));
#8014=DIRECTION('',(-3.168761549448E-14,8.741457380049E-2,-9.961720194260E-1));
#8015=VECTOR('',#8014,1.E0);
#8016=SURFACE_OF_LINEAR_EXTRUSION('',#8013,#8015);
#8018=ORIENTED_EDGE('',*,*,#8017,.F.);
#8019=ORIENTED_EDGE('',*,*,#7905,.F.);
#8020=ORIENTED_EDGE('',*,*,#7998,.F.);
#8021=ORIENTED_EDGE('',*,*,#5978,.F.);
#8022=EDGE_LOOP('',(#8018,#8019,#8020,#8021));
#8023=FACE_OUTER_BOUND('',#8022,.F.);
#8024=ADVANCED_FACE('',(#8023),#8016,.T.);
#8025=CARTESIAN_POINT('',(5.800820506780E0,-2.897673937411E0,
-6.781709263770E0));
#8026=DIRECTION('',(9.999946646308E-1,3.254100750175E-3,2.855489058136E-4));
#8027=DIRECTION('',(-3.266605251618E-3,9.961667044805E-1,8.741410741145E-2));
#8028=AXIS2_PLACEMENT_3D('',#8025,#8026,#8027);
#8029=PLANE('',#8028);
#8030=ORIENTED_EDGE('',*,*,#8017,.T.);
#8031=ORIENTED_EDGE('',*,*,#5976,.T.);
#8033=ORIENTED_EDGE('',*,*,#8032,.F.);
#8034=ORIENTED_EDGE('',*,*,#7907,.F.);
#8035=EDGE_LOOP('',(#8030,#8031,#8033,#8034));
#8036=FACE_OUTER_BOUND('',#8035,.F.);
#8037=ADVANCED_FACE('',(#8036),#8029,.F.);
#8038=CARTESIAN_POINT('',(5.751423145419E0,-1.533366981926E0,
-6.180146180927E0));
#8039=CARTESIAN_POINT('',(5.783785568495E0,-1.503011340014E0,
-6.177482458750E0));
#8040=CARTESIAN_POINT('',(5.808528129377E0,-1.436731972464E0,
-6.171666412372E0));
#8041=CARTESIAN_POINT('',(5.768653854910E0,-1.340245883906E0,
-6.163199711697E0));
#8042=CARTESIAN_POINT('',(5.710653972014E0,-1.283068905491E0,
-6.158182404343E0));
#8043=CARTESIAN_POINT('',(5.657145064655E0,-1.255885754245E0,
-6.155797069748E0));
#8044=CARTESIAN_POINT('',(5.625668114837E0,-1.247349504119E0,
-6.155048009694E0));
#8045=CARTESIAN_POINT('',(5.576416529040E0,-1.242556479621E0,
-6.154627419488E0));
#8046=CARTESIAN_POINT('',(5.535170622483E0,-1.259359509782E0,
-6.156101893467E0));
#8047=CARTESIAN_POINT('',(5.510461505027E0,-1.295866321546E0,
-6.159305383759E0));
#8049=DIRECTION('',(-3.099372610410E-14,8.741457380048E-2,-9.961720194260E-1));
#8050=VECTOR('',#8049,1.E0);
#8051=SURFACE_OF_LINEAR_EXTRUSION('',#8048,#8050);
#8052=ORIENTED_EDGE('',*,*,#8032,.T.);
#8053=ORIENTED_EDGE('',*,*,#5974,.F.);
#8055=ORIENTED_EDGE('',*,*,#8054,.F.);
#8056=ORIENTED_EDGE('',*,*,#7909,.F.);
#8057=EDGE_LOOP('',(#8052,#8053,#8055,#8056));
#8058=FACE_OUTER_BOUND('',#8057,.F.);
#8059=ADVANCED_FACE('',(#8058),#8051,.T.);
#8060=CARTESIAN_POINT('',(5.112287495094E0,-1.205420596170E0,
-6.633213219209E0));
#8061=DIRECTION('',(-3.268825055495E-3,9.961666972546E-1,8.741410677738E-2));
#8062=DIRECTION('',(-9.999946573771E-1,-3.256312056689E-3,-2.857429489795E-4));
#8063=AXIS2_PLACEMENT_3D('',#8060,#8061,#8062);
#8064=PLANE('',#8063);
#8065=ORIENTED_EDGE('',*,*,#8054,.T.);
#8066=ORIENTED_EDGE('',*,*,#5972,.T.);
#8067=ORIENTED_EDGE('',*,*,#7883,.F.);
#8068=ORIENTED_EDGE('',*,*,#7911,.F.);
#8069=EDGE_LOOP('',(#8065,#8066,#8067,#8068));
#8070=FACE_OUTER_BOUND('',#8069,.F.);
#8071=ADVANCED_FACE('',(#8070),#8064,.F.);
#8072=CARTESIAN_POINT('',(9.087909384781E0,-1.192441892528E0,
-6.632074331723E0));
#8073=DIRECTION('',(-3.268829870733E-3,9.961666972389E-1,8.741410677599E-2));
#8074=DIRECTION('',(-9.999946573614E-1,-3.256316853518E-3,-2.857433696302E-4));
#8075=AXIS2_PLACEMENT_3D('',#8072,#8073,#8074);
#8076=PLANE('',#8075);
#8078=ORIENTED_EDGE('',*,*,#8077,.T.);
#8079=ORIENTED_EDGE('',*,*,#5992,.T.);
#8081=ORIENTED_EDGE('',*,*,#8080,.F.);
#8083=ORIENTED_EDGE('',*,*,#8082,.F.);
#8084=EDGE_LOOP('',(#8078,#8079,#8081,#8083));
#8085=FACE_OUTER_BOUND('',#8084,.F.);
#8086=ADVANCED_FACE('',(#8085),#8076,.F.);
#8087=CARTESIAN_POINT('',(9.828298518088E0,-1.520074809280E0,
-6.178979786383E0));
#8088=CARTESIAN_POINT('',(9.860654552379E0,-1.489718395796E0,
-6.176315996502E0));
#8089=CARTESIAN_POINT('',(9.885394302773E0,-1.423435756553E0,
-6.170499663032E0));
#8090=CARTESIAN_POINT('',(9.845520838699E0,-1.326945216349E0,
-6.162032571722E0));
#8091=CARTESIAN_POINT('',(9.787522175124E0,-1.269761948430E0,
-6.157014712461E0));
#8092=CARTESIAN_POINT('',(9.734014214818E0,-1.242577439189E0,
-6.154629258701E0));
#8093=CARTESIAN_POINT('',(9.702539090972E0,-1.234041119284E0,
-6.153880192524E0));
#8094=CARTESIAN_POINT('',(9.653288448829E0,-1.229247856217E0,
-6.153459581385E0));
#8095=CARTESIAN_POINT('',(9.612043015273E0,-1.246052639890E0,
-6.154934209234E0));
#8096=CARTESIAN_POINT('',(9.587335786846E0,-1.282564536974E0,
-6.158138145770E0));
#8098=DIRECTION('',(-1.356939252318E-14,8.741457380047E-2,-9.961720194260E-1));
#8099=VECTOR('',#8098,1.E0);
#8100=SURFACE_OF_LINEAR_EXTRUSION('',#8097,#8099);
#8102=ORIENTED_EDGE('',*,*,#8101,.T.);
#8103=ORIENTED_EDGE('',*,*,#5994,.F.);
#8104=ORIENTED_EDGE('',*,*,#8077,.F.);
#8106=ORIENTED_EDGE('',*,*,#8105,.F.);
#8107=EDGE_LOOP('',(#8102,#8103,#8104,#8106));
#8108=FACE_OUTER_BOUND('',#8107,.F.);
#8109=ADVANCED_FACE('',(#8108),#8100,.T.);
#8110=CARTESIAN_POINT('',(9.878579287968E0,-3.156166244740E0,
-6.804392088057E0));
#8111=DIRECTION('',(9.999946635389E-1,3.254433733833E-3,2.855781253076E-4));
#8112=DIRECTION('',(-3.266939514831E-3,9.961667033927E-1,8.741410731619E-2));
#8113=AXIS2_PLACEMENT_3D('',#8110,#8111,#8112);
#8114=PLANE('',#8113);
#8116=ORIENTED_EDGE('',*,*,#8115,.T.);
#8117=ORIENTED_EDGE('',*,*,#5996,.T.);
#8118=ORIENTED_EDGE('',*,*,#8101,.F.);
#8120=ORIENTED_EDGE('',*,*,#8119,.F.);
#8121=EDGE_LOOP('',(#8116,#8117,#8118,#8120));
#8122=FACE_OUTER_BOUND('',#8121,.F.);
#8123=ADVANCED_FACE('',(#8122),#8114,.F.);
#8124=CARTESIAN_POINT('',(9.600544730345E0,-5.116463011640E0,
-6.494564580754E0));
#8125=CARTESIAN_POINT('',(9.625418899728E0,-5.152098607046E0,
-6.497691621413E0));
#8126=CARTESIAN_POINT('',(9.666493163243E0,-5.168378625167E0,
-6.499120200834E0));
#8127=CARTESIAN_POINT('',(9.715439048167E0,-5.163291115335E0,
-6.498673769398E0));
#8128=CARTESIAN_POINT('',(9.746873849544E0,-5.154541698042E0,
-6.497906003824E0));
#8129=CARTESIAN_POINT('',(9.800208068217E0,-5.126994698947E0,
-6.495488741405E0));
#8130=CARTESIAN_POINT('',(9.857815492556E0,-5.069438287826E0,
-6.490438138648E0));
#8131=CARTESIAN_POINT('',(9.897782179971E0,-4.970850870214E0,
-6.481787045338E0));
#8132=CARTESIAN_POINT('',(9.870317574638E0,-4.902683952414E0,
-6.475805365517E0));
#8133=CARTESIAN_POINT('',(9.833197113894E0,-4.871064347379E0,
-6.473030729970E0));
#8135=DIRECTION('',(-1.480297366165E-14,8.741457380047E-2,-9.961720194260E-1));
#8136=VECTOR('',#8135,1.E0);
#8137=SURFACE_OF_LINEAR_EXTRUSION('',#8134,#8136);
#8139=ORIENTED_EDGE('',*,*,#8138,.T.);
#8140=ORIENTED_EDGE('',*,*,#5998,.F.);
#8141=ORIENTED_EDGE('',*,*,#8115,.F.);
#8143=ORIENTED_EDGE('',*,*,#8142,.F.);
#8144=EDGE_LOOP('',(#8139,#8140,#8141,#8143));
#8145=FACE_OUTER_BOUND('',#8144,.F.);
#8146=ADVANCED_FACE('',(#8145),#8137,.T.);
#8147=CARTESIAN_POINT('',(9.299960909713E0,-5.124328465790E0,
-6.977099269516E0));
#8148=DIRECTION('',(3.269348315244E-3,-9.961666955505E-1,-8.741410662783E-2));
#8149=DIRECTION('',(9.999946556665E-1,3.256833313426E-3,2.857886893268E-4));
#8150=AXIS2_PLACEMENT_3D('',#8147,#8148,#8149);
#8151=PLANE('',#8150);
#8153=ORIENTED_EDGE('',*,*,#8152,.T.);
#8154=ORIENTED_EDGE('',*,*,#6000,.T.);
#8155=ORIENTED_EDGE('',*,*,#8138,.F.);
#8157=ORIENTED_EDGE('',*,*,#8156,.F.);
#8158=EDGE_LOOP('',(#8153,#8154,#8155,#8157));
#8159=FACE_OUTER_BOUND('',#8158,.F.);
#8160=ADVANCED_FACE('',(#8159),#8151,.F.);
#8161=CARTESIAN_POINT('',(8.758727672169E0,-4.879987146880E0,
-6.473813709916E0));
#8162=CARTESIAN_POINT('',(8.726362541566E0,-4.910342472798E0,
-6.476477404363E0));
#8163=CARTESIAN_POINT('',(8.701618722205E0,-4.976620615705E0,
-6.482293343279E0));
#8164=CARTESIAN_POINT('',(8.741493753794E0,-5.073105305652E0,
-6.490759921226E0));
#8165=CARTESIAN_POINT('',(8.799494961864E0,-5.130279850811E0,
-6.495777015060E0));
#8166=CARTESIAN_POINT('',(8.853005003590E0,-5.157462644547E0,
-6.498162318284E0));
#8167=CARTESIAN_POINT('',(8.884483241591E0,-5.165998950622E0,
-6.498911383247E0));
#8168=CARTESIAN_POINT('',(8.933735488199E0,-5.170791853263E0,
-6.499331962759E0));
#8169=CARTESIAN_POINT('',(8.974981711996E0,-5.153989832840E0,
-6.497857577386E0));
#8170=CARTESIAN_POINT('',(8.999691941276E0,-5.117486084491E0,
-6.494654355898E0));
#8172=DIRECTION('',(-1.418618309241E-14,8.741457380047E-2,-9.961720194260E-1));
#8173=VECTOR('',#8172,1.E0);
#8174=SURFACE_OF_LINEAR_EXTRUSION('',#8171,#8173);
#8176=ORIENTED_EDGE('',*,*,#8175,.T.);
#8177=ORIENTED_EDGE('',*,*,#6002,.F.);
#8178=ORIENTED_EDGE('',*,*,#8152,.F.);
#8180=ORIENTED_EDGE('',*,*,#8179,.F.);
#8181=EDGE_LOOP('',(#8176,#8177,#8178,#8180));
#8182=FACE_OUTER_BOUND('',#8181,.F.);
#8183=ADVANCED_FACE('',(#8182),#8174,.T.);
#8184=CARTESIAN_POINT('',(8.712206451192E0,-4.310003509569E0,
-6.905641862969E0));
#8185=DIRECTION('',(-9.999946636071E-1,-3.254412931350E-3,-2.855762998797E-4));
#8186=DIRECTION('',(3.266918632410E-3,-9.961667034607E-1,-8.741410732220E-2));
#8187=AXIS2_PLACEMENT_3D('',#8184,#8185,#8186);
#8188=PLANE('',#8187);
#8190=ORIENTED_EDGE('',*,*,#8189,.T.);
#8191=ORIENTED_EDGE('',*,*,#6004,.T.);
#8192=ORIENTED_EDGE('',*,*,#8175,.F.);
#8194=ORIENTED_EDGE('',*,*,#8193,.F.);
#8195=EDGE_LOOP('',(#8190,#8191,#8192,#8194));
#8196=FACE_OUTER_BOUND('',#8195,.F.);
#8197=ADVANCED_FACE('',(#8196),#8188,.F.);
#8198=CARTESIAN_POINT('',(8.377450828426E0,-3.786779663375E0,
-6.377884227474E0));
#8199=CARTESIAN_POINT('',(8.362064865321E0,-3.761889074926E0,
-6.375700066367E0));
#8200=CARTESIAN_POINT('',(8.354891902829E0,-3.693661404255E0,
-6.369713055452E0));
#8201=CARTESIAN_POINT('',(8.403571119304E0,-3.595623530247E0,
-6.361110184858E0));
#8202=CARTESIAN_POINT('',(8.474743168308E0,-3.563059155229E0,
-6.358252645289E0));
#8203=CARTESIAN_POINT('',(8.522772766659E0,-3.557225690049E0,
-6.357740755914E0));
#8204=CARTESIAN_POINT('',(8.556301085765E0,-3.557574752592E0,
-6.357771386320E0));
#8205=CARTESIAN_POINT('',(8.614829685046E0,-3.570011163314E0,
-6.358862687342E0));
#8206=CARTESIAN_POINT('',(8.688204452835E0,-3.622826559023E0,
-6.363497263716E0));
#8207=CARTESIAN_POINT('',(8.720153081083E0,-3.726902680923E0,
-6.372629993467E0));
#8208=CARTESIAN_POINT('',(8.701224808724E0,-3.792536964786E0,
-6.378389433442E0));
#8209=CARTESIAN_POINT('',(8.681963260498E0,-3.816878234912E0,
-6.380525391603E0));
#8211=DIRECTION('',(-1.179611963662E-14,8.741457380047E-2,-9.961720194260E-1));
#8212=VECTOR('',#8211,1.E0);
#8213=SURFACE_OF_LINEAR_EXTRUSION('',#8210,#8212);
#8215=ORIENTED_EDGE('',*,*,#8214,.T.);
#8216=ORIENTED_EDGE('',*,*,#6006,.F.);
#8217=ORIENTED_EDGE('',*,*,#8189,.F.);
#8219=ORIENTED_EDGE('',*,*,#8218,.F.);
#8220=EDGE_LOOP('',(#8215,#8216,#8217,#8219));
#8221=FACE_OUTER_BOUND('',#8220,.F.);
#8222=ADVANCED_FACE('',(#8221),#8213,.T.);
#8223=CARTESIAN_POINT('',(8.241907938042E0,-4.285990081157E0,
-6.903534673077E0));
#8224=DIRECTION('',(9.817975514181E-1,-1.892033794515E-1,-1.660268754176E-2));
#8225=DIRECTION('',(1.899304294458E-1,9.780392494636E-1,8.582341451631E-2));
#8226=AXIS2_PLACEMENT_3D('',#8223,#8224,#8225);
#8227=PLANE('',#8226);
#8229=ORIENTED_EDGE('',*,*,#8228,.T.);
#8230=ORIENTED_EDGE('',*,*,#6008,.F.);
#8231=ORIENTED_EDGE('',*,*,#8214,.F.);
#8233=ORIENTED_EDGE('',*,*,#8232,.F.);
#8234=EDGE_LOOP('',(#8229,#8230,#8231,#8233));
#8235=FACE_OUTER_BOUND('',#8234,.F.);
#8236=ADVANCED_FACE('',(#8235),#8227,.F.);
#8237=CARTESIAN_POINT('',(7.770481424344E0,-5.139945330471E0,
-6.496625165553E0));
#8238=CARTESIAN_POINT('',(7.800087904093E0,-5.162221479795E0,
-6.498579908366E0));
#8239=CARTESIAN_POINT('',(7.842591581120E0,-5.173677342276E0,
-6.499585165808E0));
#8240=CARTESIAN_POINT('',(7.894345268430E0,-5.169303409413E0,
-6.499201351096E0));
#8241=CARTESIAN_POINT('',(7.931854574682E0,-5.160752501201E0,
-6.498451004788E0));
#8242=CARTESIAN_POINT('',(7.996478069327E0,-5.133205600859E0,
-6.496033751035E0));
#8243=CARTESIAN_POINT('',(8.071468380184E0,-5.071470722387E0,
-6.490616485758E0));
#8244=CARTESIAN_POINT('',(8.128156837076E0,-4.969748681771E0,
-6.481690327772E0));
#8245=CARTESIAN_POINT('',(8.122385831116E0,-4.894994420232E0,
-6.475130605370E0));
#8246=CARTESIAN_POINT('',(8.106026552986E0,-4.859632414374E0,
-6.472027572349E0));
#8248=DIRECTION('',(-1.079383496162E-14,8.741457380047E-2,-9.961720194260E-1));
#8249=VECTOR('',#8248,1.E0);
#8250=SURFACE_OF_LINEAR_EXTRUSION('',#8247,#8249);
#8252=ORIENTED_EDGE('',*,*,#8251,.T.);
#8253=ORIENTED_EDGE('',*,*,#6010,.F.);
#8254=ORIENTED_EDGE('',*,*,#8228,.F.);
#8256=ORIENTED_EDGE('',*,*,#8255,.F.);
#8257=EDGE_LOOP('',(#8252,#8253,#8254,#8256));
#8258=FACE_OUTER_BOUND('',#8257,.F.);
#8259=ADVANCED_FACE('',(#8258),#8250,.T.);
#8260=CARTESIAN_POINT('',(7.275367916019E0,-5.130921256988E0,
-6.977677790114E0));
#8261=DIRECTION('',(3.268468917317E-3,-9.961666984142E-1,-8.741410687912E-2));
#8262=DIRECTION('',(9.999946585412E-1,3.255957281772E-3,2.857118176482E-4));
#8263=AXIS2_PLACEMENT_3D('',#8260,#8261,#8262);
#8264=PLANE('',#8263);
#8266=ORIENTED_EDGE('',*,*,#8265,.T.);
#8267=ORIENTED_EDGE('',*,*,#6012,.T.);
#8268=ORIENTED_EDGE('',*,*,#8251,.F.);
#8270=ORIENTED_EDGE('',*,*,#8269,.F.);
#8271=EDGE_LOOP('',(#8266,#8267,#8268,#8270));
#8272=FACE_OUTER_BOUND('',#8271,.F.);
#8273=ADVANCED_FACE('',(#8272),#8264,.F.);
#8274=CARTESIAN_POINT('',(6.535144362129E0,-4.887213193131E0,
-6.474447798950E0));
#8275=CARTESIAN_POINT('',(6.502662430304E0,-4.917595849434E0,
-6.477113891653E0));
#8276=CARTESIAN_POINT('',(6.477863278929E0,-4.983858710568E0,
-6.482928489585E0));
#8277=CARTESIAN_POINT('',(6.517839359615E0,-5.080322406915E0,
-6.491393225332E0));
#8278=CARTESIAN_POINT('',(6.575819986359E0,-5.137473504671E0,
-6.496408261646E0));
#8279=CARTESIAN_POINT('',(6.629336177896E0,-5.164695969900E0,
-6.498797046063E0));
#8280=CARTESIAN_POINT('',(6.660771853104E0,-5.173237767487E0,
-6.499546592909E0));
#8281=CARTESIAN_POINT('',(6.710005725395E0,-5.178040723876E0,
-6.499968054642E0));
#8282=CARTESIAN_POINT('',(6.751245975646E0,-5.161181839717E0,
-6.498488679449E0));
#8283=CARTESIAN_POINT('',(6.775912535899E0,-5.124494293046E0,
-6.495269329580E0));
#8285=DIRECTION('',(-1.249000902701E-14,8.741457380047E-2,-9.961720194260E-1));
#8286=VECTOR('',#8285,1.E0);
#8287=SURFACE_OF_LINEAR_EXTRUSION('',#8284,#8286);
#8289=ORIENTED_EDGE('',*,*,#8288,.T.);
#8290=ORIENTED_EDGE('',*,*,#6014,.F.);
#8291=ORIENTED_EDGE('',*,*,#8265,.F.);
#8293=ORIENTED_EDGE('',*,*,#8292,.F.);
#8294=EDGE_LOOP('',(#8289,#8290,#8291,#8293));
#8295=FACE_OUTER_BOUND('',#8294,.F.);
#8296=ADVANCED_FACE('',(#8295),#8287,.T.);
#8297=CARTESIAN_POINT('',(6.484704664460E0,-3.167217839631E0,
-6.805361870824E0));
#8298=DIRECTION('',(-9.999946635410E-1,-3.254433097753E-3,-2.855780694913E-4));
#8299=DIRECTION('',(3.266938876307E-3,-9.961667033948E-1,-8.741410731620E-2));
#8300=AXIS2_PLACEMENT_3D('',#8297,#8298,#8299);
#8301=PLANE('',#8300);
#8303=ORIENTED_EDGE('',*,*,#8302,.T.);
#8304=ORIENTED_EDGE('',*,*,#6016,.T.);
#8305=ORIENTED_EDGE('',*,*,#8288,.F.);
#8307=ORIENTED_EDGE('',*,*,#8306,.F.);
#8308=EDGE_LOOP('',(#8303,#8304,#8305,#8307));
#8309=FACE_OUTER_BOUND('',#8308,.F.);
#8310=ADVANCED_FACE('',(#8309),#8301,.F.);
#8311=CARTESIAN_POINT('',(6.762737743375E0,-1.290822735398E0,
-6.158862806645E0));
#8312=CARTESIAN_POINT('',(6.737864976579E0,-1.255183464449E0,
-6.155735443480E0));
#8313=CARTESIAN_POINT('',(6.696791019220E0,-1.238902097476E0,
-6.154306745699E0));
#8314=CARTESIAN_POINT('',(6.647845686722E0,-1.243989854165E0,
-6.154753198795E0));
#8315=CARTESIAN_POINT('',(6.616411855079E0,-1.252739549639E0,
-6.155520988780E0));
#8316=CARTESIAN_POINT('',(6.563076989217E0,-1.280288695083E0,
-6.157938439543E0));
#8317=CARTESIAN_POINT('',(6.505469136047E0,-1.337853165370E0,
-6.162989749495E0));
#8318=CARTESIAN_POINT('',(6.465502784479E0,-1.436446602087E0,
-6.171641370984E0));
#8319=CARTESIAN_POINT('',(6.492963285072E0,-1.504617213396E0,
-6.177623374913E0));
#8320=CARTESIAN_POINT('',(6.530073834411E0,-1.536237648307E0,
-6.180398083284E0));
#8322=DIRECTION('',(-1.156482317316E-14,8.741457380047E-2,-9.961720194260E-1));
#8323=VECTOR('',#8322,1.E0);
#8324=SURFACE_OF_LINEAR_EXTRUSION('',#8321,#8323);
#8326=ORIENTED_EDGE('',*,*,#8325,.T.);
#8327=ORIENTED_EDGE('',*,*,#6018,.F.);
#8328=ORIENTED_EDGE('',*,*,#8302,.F.);
#8330=ORIENTED_EDGE('',*,*,#8329,.F.);
#8331=EDGE_LOOP('',(#8326,#8327,#8328,#8330));
#8332=FACE_OUTER_BOUND('',#8331,.F.);
#8333=ADVANCED_FACE('',(#8332),#8324,.T.);
#8334=CARTESIAN_POINT('',(7.063323079819E0,-1.199034667429E0,
-6.632652850891E0));
#8335=DIRECTION('',(-3.268818476526E-3,9.961666972760E-1,8.741410677924E-2));
#8336=DIRECTION('',(-9.999946573986E-1,-3.256305503021E-3,-2.857423725535E-4));
#8337=AXIS2_PLACEMENT_3D('',#8334,#8335,#8336);
#8338=PLANE('',#8337);
#8340=ORIENTED_EDGE('',*,*,#8339,.T.);
#8341=ORIENTED_EDGE('',*,*,#6020,.T.);
#8342=ORIENTED_EDGE('',*,*,#8325,.F.);
#8344=ORIENTED_EDGE('',*,*,#8343,.F.);
#8345=EDGE_LOOP('',(#8340,#8341,#8342,#8344));
#8346=FACE_OUTER_BOUND('',#8345,.F.);
#8347=ADVANCED_FACE('',(#8346),#8338,.F.);
#8348=CARTESIAN_POINT('',(7.604566060898E0,-1.527315938515E0,
-6.179615198959E0));
#8349=CARTESIAN_POINT('',(7.636923755838E0,-1.496959693532E0,
-6.176951423861E0));
#8350=CARTESIAN_POINT('',(7.661664452084E0,-1.430677392305E0,
-6.171135120050E0));
#8351=CARTESIAN_POINT('',(7.621789487362E0,-1.334186413269E0,
-6.162667990234E0));
#8352=CARTESIAN_POINT('',(7.563787890623E0,-1.277004000222E0,
-6.157650205989E0));
#8353=CARTESIAN_POINT('',(7.510277309755E0,-1.249819084095E0,
-6.155264716524E0));
#8354=CARTESIAN_POINT('',(7.478800020553E0,-1.241282460912E0,
-6.154515623735E0));
#8355=CARTESIAN_POINT('',(7.429548265767E0,-1.236489255706E0,
-6.154095017672E0));
#8356=CARTESIAN_POINT('',(7.388302283025E0,-1.253292613174E0,
-6.155569520371E0));
#8357=CARTESIAN_POINT('',(7.363593444553E0,-1.289800071684E0,
-6.158773067417E0));
#8359=DIRECTION('',(-1.295260195394E-14,8.741457380047E-2,-9.961720194260E-1));
#8360=VECTOR('',#8359,1.E0);
#8361=SURFACE_OF_LINEAR_EXTRUSION('',#8358,#8360);
#8363=ORIENTED_EDGE('',*,*,#8362,.T.);
#8364=ORIENTED_EDGE('',*,*,#6022,.F.);
#8365=ORIENTED_EDGE('',*,*,#8339,.F.);
#8367=ORIENTED_EDGE('',*,*,#8366,.F.);
#8368=EDGE_LOOP('',(#8363,#8364,#8365,#8367));
#8369=FACE_OUTER_BOUND('',#8368,.F.);
#8370=ADVANCED_FACE('',(#8369),#8361,.T.);
#8371=CARTESIAN_POINT('',(7.651077279803E0,-2.013315226660E0,
-6.704106361581E0));
#8372=DIRECTION('',(9.999946636394E-1,3.254403081254E-3,2.855754355290E-4));
#8373=DIRECTION('',(-3.266908744464E-3,9.961667034928E-1,8.741410732545E-2));
#8374=AXIS2_PLACEMENT_3D('',#8371,#8372,#8373);
#8375=PLANE('',#8374);
#8377=ORIENTED_EDGE('',*,*,#8376,.T.);
#8378=ORIENTED_EDGE('',*,*,#6024,.T.);
#8379=ORIENTED_EDGE('',*,*,#8362,.F.);
#8381=ORIENTED_EDGE('',*,*,#8380,.F.);
#8382=EDGE_LOOP('',(#8377,#8378,#8379,#8381));
#8383=FACE_OUTER_BOUND('',#8382,.F.);
#8384=ADVANCED_FACE('',(#8383),#8375,.F.);
#8385=CARTESIAN_POINT('',(7.985808552982E0,-2.624687355341E0,
-6.275910068551E0));
#8386=CARTESIAN_POINT('',(8.001466912809E0,-2.650350556362E0,
-6.278162026783E0));
#8387=CARTESIAN_POINT('',(8.007570671130E0,-2.718282487753E0,
-6.284123086434E0));
#8388=CARTESIAN_POINT('',(7.956468408851E0,-2.814647149008E0,
-6.292579131804E0));
#8389=CARTESIAN_POINT('',(7.876956665276E0,-2.848791316871E0,
-6.295575298955E0));
#8390=CARTESIAN_POINT('',(7.811871837548E0,-2.851015146307E0,
-6.295770441058E0));
#8391=CARTESIAN_POINT('',(7.747468222857E0,-2.836500396850E0,
-6.294496764812E0));
#8392=CARTESIAN_POINT('',(7.675346883663E0,-2.784498529155E0,
-6.289933575912E0));
#8393=CARTESIAN_POINT('',(7.642944128677E0,-2.680980687391E0,
-6.280849835512E0));
#8394=CARTESIAN_POINT('',(7.662034842806E0,-2.614793024323E0,
-6.275041836246E0));
#8395=CARTESIAN_POINT('',(7.681310268044E0,-2.590501571430E0,
-6.272910249571E0));
#8397=DIRECTION('',(-1.599249833088E-14,8.741457380047E-2,-9.961720194260E-1));
#8398=VECTOR('',#8397,1.E0);
#8399=SURFACE_OF_LINEAR_EXTRUSION('',#8396,#8398);
#8400=ORIENTED_EDGE('',*,*,#8376,.F.);
#8402=ORIENTED_EDGE('',*,*,#8401,.F.);
#8404=ORIENTED_EDGE('',*,*,#8403,.F.);
#8405=ORIENTED_EDGE('',*,*,#6026,.F.);
#8406=EDGE_LOOP('',(#8400,#8402,#8404,#8405));
#8407=FACE_OUTER_BOUND('',#8406,.F.);
#8408=ADVANCED_FACE('',(#8407),#8399,.T.);
#8409=CARTESIAN_POINT('',(6.478783536717E0,-1.232465898961E0,
-6.153741966183E0));
#8410=DIRECTION('',(0.E0,8.741457380057E-2,-9.961720194260E-1));
#8411=DIRECTION('',(0.E0,-9.961720194260E-1,-8.741457380057E-2));
#8412=AXIS2_PLACEMENT_3D('',#8409,#8410,#8411);
#8413=PLANE('',#8412);
#8414=ORIENTED_EDGE('',*,*,#8082,.T.);
#8416=ORIENTED_EDGE('',*,*,#8415,.T.);
#8418=ORIENTED_EDGE('',*,*,#8417,.T.);
#8419=ORIENTED_EDGE('',*,*,#8401,.T.);
#8420=ORIENTED_EDGE('',*,*,#8380,.T.);
#8421=ORIENTED_EDGE('',*,*,#8366,.T.);
#8422=ORIENTED_EDGE('',*,*,#8343,.T.);
#8423=ORIENTED_EDGE('',*,*,#8329,.T.);
#8424=ORIENTED_EDGE('',*,*,#8306,.T.);
#8425=ORIENTED_EDGE('',*,*,#8292,.T.);
#8426=ORIENTED_EDGE('',*,*,#8269,.T.);
#8427=ORIENTED_EDGE('',*,*,#8255,.T.);
#8428=ORIENTED_EDGE('',*,*,#8232,.T.);
#8429=ORIENTED_EDGE('',*,*,#8218,.T.);
#8430=ORIENTED_EDGE('',*,*,#8193,.T.);
#8431=ORIENTED_EDGE('',*,*,#8179,.T.);
#8432=ORIENTED_EDGE('',*,*,#8156,.T.);
#8433=ORIENTED_EDGE('',*,*,#8142,.T.);
#8434=ORIENTED_EDGE('',*,*,#8119,.T.);
#8435=ORIENTED_EDGE('',*,*,#8105,.T.);
#8436=EDGE_LOOP('',(#8414,#8416,#8418,#8419,#8420,#8421,#8422,#8423,#8424,#8425,
#8426,#8427,#8428,#8429,#8430,#8431,#8432,#8433,#8434,#8435));
#8437=FACE_OUTER_BOUND('',#8436,.F.);
#8438=ADVANCED_FACE('',(#8437),#8413,.T.);
#8439=CARTESIAN_POINT('',(8.593201636841E0,-1.267340349716E0,
-6.156802216013E0));
#8440=CARTESIAN_POINT('',(8.563376168797E0,-1.245097616221E0,
-6.154850405448E0));
#8441=CARTESIAN_POINT('',(8.520616420336E0,-1.233560326821E0,
-6.153838002754E0));
#8442=CARTESIAN_POINT('',(8.468496981762E0,-1.238024737267E0,
-6.154229756918E0));
#8443=CARTESIAN_POINT('',(8.430445092723E0,-1.246837494814E0,
-6.155003080631E0));
#8444=CARTESIAN_POINT('',(8.365351063364E0,-1.274873874406E0,
-6.157463286424E0));
#8445=CARTESIAN_POINT('',(8.288607896490E0,-1.339314464772E0,
-6.163117979220E0));
#8446=CARTESIAN_POINT('',(8.234233512088E0,-1.441438660746E0,
-6.172079426532E0));
#8447=CARTESIAN_POINT('',(8.241518214310E0,-1.517271476037E0,
-6.178733792545E0));
#8448=CARTESIAN_POINT('',(8.258204920436E0,-1.553610026202E0,
-6.181922517799E0));
#8450=DIRECTION('',(-3.114792374639E-14,8.741457380047E-2,-9.961720194260E-1));
#8451=VECTOR('',#8450,1.E0);
#8452=SURFACE_OF_LINEAR_EXTRUSION('',#8449,#8451);
#8453=ORIENTED_EDGE('',*,*,#6030,.F.);
#8455=ORIENTED_EDGE('',*,*,#8454,.F.);
#8456=ORIENTED_EDGE('',*,*,#8415,.F.);
#8457=ORIENTED_EDGE('',*,*,#8080,.T.);
#8458=EDGE_LOOP('',(#8453,#8455,#8456,#8457));
#8459=FACE_OUTER_BOUND('',#8458,.F.);
#8460=ADVANCED_FACE('',(#8459),#8452,.T.);
#8461=CARTESIAN_POINT('',(8.243831595737E0,-1.449085439010E0,
-6.172750435003E0));
#8462=DIRECTION('',(9.817804124850E-1,-1.892916143666E-1,-1.661043019801E-2));
#8463=DIRECTION('',(1.691626070091E-2,0.E0,9.998569098246E-1));
#8464=AXIS2_PLACEMENT_3D('',#8461,#8462,#8463);
#8465=PLANE('',#8464);
#8466=ORIENTED_EDGE('',*,*,#6028,.T.);
#8467=ORIENTED_EDGE('',*,*,#8403,.T.);
#8468=ORIENTED_EDGE('',*,*,#8417,.F.);
#8469=ORIENTED_EDGE('',*,*,#8454,.T.);
#8470=EDGE_LOOP('',(#8466,#8467,#8468,#8469));
#8471=FACE_OUTER_BOUND('',#8470,.F.);
#8472=ADVANCED_FACE('',(#8471),#8465,.T.);
#8473=CARTESIAN_POINT('',(1.060009182702E1,-4.765868220446E0,
-6.463799719237E0));
#8474=CARTESIAN_POINT('',(1.057701986166E1,-4.793113902127E0,
-6.466190540908E0));
#8475=CARTESIAN_POINT('',(1.055382027853E1,-4.868368503033E0,
-6.472794168330E0));
#8476=CARTESIAN_POINT('',(1.060120323287E1,-4.986573092936E0,
-6.483166677943E0));
#8477=CARTESIAN_POINT('',(1.069717425722E1,-5.038952299232E0,
-6.487762978487E0));
#8478=CARTESIAN_POINT('',(1.078129673521E1,-5.038275665461E0,
-6.487703603548E0));
#8479=CARTESIAN_POINT('',(1.085264713564E1,-5.013425828122E0,
-6.485523018370E0));
#8480=CARTESIAN_POINT('',(1.089097443450E1,-4.972264127417E0,
-6.481911059337E0));
#8481=CARTESIAN_POINT('',(1.090406890075E1,-4.937888687623E0,
-6.478894597963E0));
#8483=DIRECTION('',(0.E0,8.741457380048E-2,-9.961720194260E-1));
#8484=VECTOR('',#8483,1.E0);
#8485=SURFACE_OF_LINEAR_EXTRUSION('',#8482,#8484);
#8487=ORIENTED_EDGE('',*,*,#8486,.T.);
#8488=ORIENTED_EDGE('',*,*,#6034,.F.);
#8490=ORIENTED_EDGE('',*,*,#8489,.T.);
#8492=ORIENTED_EDGE('',*,*,#8491,.F.);
#8493=EDGE_LOOP('',(#8487,#8488,#8490,#8492));
#8494=FACE_OUTER_BOUND('',#8493,.F.);
#8495=ADVANCED_FACE('',(#8494),#8485,.T.);
#8496=CARTESIAN_POINT('',(1.056536914792E1,-4.310177487855E0,
-6.905657129647E0));
#8497=DIRECTION('',(-9.999946668333E-1,-3.253429015933E-3,-2.854899608421E-4));
#8498=DIRECTION('',(3.265930936113E-3,-9.961667066746E-1,-8.741410760379E-2));
#8499=AXIS2_PLACEMENT_3D('',#8496,#8497,#8498);
#8500=PLANE('',#8499);
#8502=ORIENTED_EDGE('',*,*,#8501,.T.);
#8503=ORIENTED_EDGE('',*,*,#6036,.T.);
#8504=ORIENTED_EDGE('',*,*,#8486,.F.);
#8506=ORIENTED_EDGE('',*,*,#8505,.F.);
#8507=EDGE_LOOP('',(#8502,#8503,#8504,#8506));
#8508=FACE_OUTER_BOUND('',#8507,.F.);
#8509=ADVANCED_FACE('',(#8508),#8500,.F.);
#8510=CARTESIAN_POINT('',(1.068842781731E1,-3.634219089062E0,
-6.364496963706E0));
#8511=CARTESIAN_POINT('',(1.068694939022E1,-3.635020520191E0,
-6.364567289673E0));
#8512=CARTESIAN_POINT('',(1.066133967377E1,-3.649351997132E0,
-6.365824883667E0));
#8513=CARTESIAN_POINT('',(1.061748609497E1,-3.689178852937E0,
-6.369319709418E0));
#8514=CARTESIAN_POINT('',(1.057568118418E1,-3.761700052858E0,
-6.375683479589E0));
#8515=CARTESIAN_POINT('',(1.056325786473E1,-3.819505158267E0,
-6.380755905389E0));
#8516=CARTESIAN_POINT('',(1.056374101810E1,-3.848762428556E0,
-6.383323244929E0));
#8517=CARTESIAN_POINT('',(1.056379137244E1,-3.850438362126E0,
-6.383470308905E0));
#8519=DIRECTION('',(0.E0,8.741457380048E-2,-9.961720194260E-1));
#8520=VECTOR('',#8519,1.E0);
#8521=SURFACE_OF_LINEAR_EXTRUSION('',#8518,#8520);
#8523=ORIENTED_EDGE('',*,*,#8522,.T.);
#8524=ORIENTED_EDGE('',*,*,#6038,.F.);
#8525=ORIENTED_EDGE('',*,*,#8501,.F.);
#8527=ORIENTED_EDGE('',*,*,#8526,.F.);
#8528=EDGE_LOOP('',(#8523,#8524,#8525,#8527));
#8529=FACE_OUTER_BOUND('',#8528,.F.);
#8530=ADVANCED_FACE('',(#8529),#8521,.T.);
#8531=CARTESIAN_POINT('',(1.097573690196E1,-3.426399069919E0,
-6.828105148431E0));
#8532=DIRECTION('',(-5.012258334082E-1,8.620040960415E-1,7.564127399719E-2));
#8533=DIRECTION('',(-8.653165108353E-1,-4.993071506547E-1,-4.381444260602E-2));
#8534=AXIS2_PLACEMENT_3D('',#8531,#8532,#8533);
#8535=PLANE('',#8534);
#8537=ORIENTED_EDGE('',*,*,#8536,.T.);
#8538=ORIENTED_EDGE('',*,*,#6040,.F.);
#8539=ORIENTED_EDGE('',*,*,#8522,.F.);
#8541=ORIENTED_EDGE('',*,*,#8540,.F.);
#8542=EDGE_LOOP('',(#8537,#8538,#8539,#8541));
#8543=FACE_OUTER_BOUND('',#8542,.F.);
#8544=ADVANCED_FACE('',(#8543),#8535,.F.);
#8545=CARTESIAN_POINT('',(1.126228257763E1,-3.089342763428E0,
-6.316683804082E0));
#8546=CARTESIAN_POINT('',(1.126377864286E1,-3.090033454640E0,
-6.316744412568E0));
#8547=CARTESIAN_POINT('',(1.128196594487E1,-3.099401365110E0,
-6.317566451217E0));
#8548=CARTESIAN_POINT('',(1.130674041105E1,-3.136513393193E0,
-6.320823049529E0));
#8549=CARTESIAN_POINT('',(1.131541055431E1,-3.195475084183E0,
-6.325996966270E0));
#8550=CARTESIAN_POINT('',(1.130726905002E1,-3.254567302902E0,
-6.331182336882E0));
#8551=CARTESIAN_POINT('',(1.128280421175E1,-3.292071462415E0,
-6.334473344916E0));
#8552=CARTESIAN_POINT('',(1.126458707371E1,-3.301607292003E0,
-6.335310118549E0));
#8553=CARTESIAN_POINT('',(1.126309482961E1,-3.302308001341E0,
-6.335371606131E0));
#8555=DIRECTION('',(0.E0,8.741457380048E-2,-9.961720194260E-1));
#8556=VECTOR('',#8555,1.E0);
#8557=SURFACE_OF_LINEAR_EXTRUSION('',#8554,#8556);
#8559=ORIENTED_EDGE('',*,*,#8558,.T.);
#8560=ORIENTED_EDGE('',*,*,#6042,.F.);
#8561=ORIENTED_EDGE('',*,*,#8536,.F.);
#8563=ORIENTED_EDGE('',*,*,#8562,.F.);
#8564=EDGE_LOOP('',(#8559,#8560,#8561,#8563));
#8565=FACE_OUTER_BOUND('',#8564,.F.);
#8566=ADVANCED_FACE('',(#8565),#8557,.T.);
#8567=CARTESIAN_POINT('',(1.097389846353E1,-2.883263874266E0,
-6.780444773799E0));
#8568=DIRECTION('',(-4.955066603800E-1,-8.652791387885E-1,-7.592866057333E-2));
#8569=DIRECTION('',(8.686041385574E-1,-4.936098705099E-1,-4.331450353111E-2));
#8570=AXIS2_PLACEMENT_3D('',#8567,#8568,#8569);
#8571=PLANE('',#8570);
#8573=ORIENTED_EDGE('',*,*,#8572,.T.);
#8574=ORIENTED_EDGE('',*,*,#6044,.F.);
#8575=ORIENTED_EDGE('',*,*,#8558,.F.);
#8577=ORIENTED_EDGE('',*,*,#8576,.F.);
#8578=EDGE_LOOP('',(#8573,#8574,#8575,#8577));
#8579=FACE_OUTER_BOUND('',#8578,.F.);
#8580=ADVANCED_FACE('',(#8579),#8571,.F.);
#8581=CARTESIAN_POINT('',(1.055951195794E1,-2.545890454092E0,
-6.268995602571E0));
#8582=CARTESIAN_POINT('',(1.055947258411E1,-2.547566694106E0,
-6.269142693438E0));
#8583=CARTESIAN_POINT('',(1.055918118350E1,-2.576826699517E0,
-6.271710272984E0));
#8584=CARTESIAN_POINT('',(1.057198529616E1,-2.634549414559E0,
-6.276775468991E0));
#8585=CARTESIAN_POINT('',(1.061426391719E1,-2.706797555715E0,
-6.283115278124E0));
#8586=CARTESIAN_POINT('',(1.065837909416E1,-2.746336510913E0,
-6.286584840458E0));
#8587=CARTESIAN_POINT('',(1.068408206510E1,-2.760500970974E0,
-6.287827778640E0));
#8588=CARTESIAN_POINT('',(1.068556570190E1,-2.761292763375E0,
-6.287897258804E0));
#8590=DIRECTION('',(0.E0,8.741457380048E-2,-9.961720194260E-1));
#8591=VECTOR('',#8590,1.E0);
#8592=SURFACE_OF_LINEAR_EXTRUSION('',#8589,#8591);
#8594=ORIENTED_EDGE('',*,*,#8593,.T.);
#8595=ORIENTED_EDGE('',*,*,#6046,.F.);
#8596=ORIENTED_EDGE('',*,*,#8572,.F.);
#8598=ORIENTED_EDGE('',*,*,#8597,.F.);
#8599=EDGE_LOOP('',(#8594,#8595,#8596,#8598));
#8600=FACE_OUTER_BOUND('',#8599,.F.);
#8601=ADVANCED_FACE('',(#8600),#8592,.T.);
#8602=CARTESIAN_POINT('',(1.055779957276E1,-2.002233917626E0,
-6.703133971384E0));
#8603=DIRECTION('',(-9.999946635410E-1,-3.254433076683E-3,-2.855780676557E-4));
#8604=DIRECTION('',(3.266938855157E-3,-9.961667033949E-1,-8.741410731618E-2));
#8605=AXIS2_PLACEMENT_3D('',#8602,#8603,#8604);
#8606=PLANE('',#8605);
#8608=ORIENTED_EDGE('',*,*,#8607,.T.);
#8609=ORIENTED_EDGE('',*,*,#6048,.T.);
#8610=ORIENTED_EDGE('',*,*,#8593,.F.);
#8612=ORIENTED_EDGE('',*,*,#8611,.F.);
#8613=EDGE_LOOP('',(#8608,#8609,#8610,#8612));
#8614=FACE_OUTER_BOUND('',#8613,.F.);
#8615=ADVANCED_FACE('',(#8614),#8606,.F.);
#8616=CARTESIAN_POINT('',(1.089227739627E1,-1.455459936617E0,
-6.173309800232E0));
#8617=CARTESIAN_POINT('',(1.087889601256E1,-1.421530945458E0,
-6.170332514941E0));
#8618=CARTESIAN_POINT('',(1.083980152370E1,-1.380244375307E0,
-6.166709598555E0));
#8619=CARTESIAN_POINT('',(1.076650005431E1,-1.355953735768E0,
-6.164578083253E0));
#8620=CARTESIAN_POINT('',(1.068037652535E1,-1.357594806869E0,
-6.164722088031E0));
#8621=CARTESIAN_POINT('',(1.058728683786E1,-1.413333226107E0,
-6.169613161127E0));
#8622=CARTESIAN_POINT('',(1.054365906835E1,-1.529196704446E0,
-6.179780237073E0));
#8623=CARTESIAN_POINT('',(1.056620260973E1,-1.602197851774E0,
-6.186186122861E0));
#8624=CARTESIAN_POINT('',(1.058857731216E1,-1.629226006597E0,
-6.188557856445E0));
#8626=DIRECTION('',(0.E0,8.741457380048E-2,-9.961720194260E-1));
#8627=VECTOR('',#8626,1.E0);
#8628=SURFACE_OF_LINEAR_EXTRUSION('',#8625,#8627);
#8629=ORIENTED_EDGE('',*,*,#8607,.F.);
#8631=ORIENTED_EDGE('',*,*,#8630,.F.);
#8633=ORIENTED_EDGE('',*,*,#8632,.T.);
#8634=ORIENTED_EDGE('',*,*,#6050,.F.);
#8635=EDGE_LOOP('',(#8629,#8631,#8633,#8634));
#8636=FACE_OUTER_BOUND('',#8635,.F.);
#8637=ADVANCED_FACE('',(#8636),#8628,.T.);
#8638=CARTESIAN_POINT('',(1.338643230993E1,-3.537821886293E0,
-6.356038062802E0));
#8639=DIRECTION('',(1.131865480279E-14,8.741457380055E-2,-9.961720194260E-1));
#8640=DIRECTION('',(0.E0,-9.961720194260E-1,-8.741457380055E-2));
#8641=AXIS2_PLACEMENT_3D('',#8638,#8639,#8640);
#8642=PLANE('',#8641);
#8643=ORIENTED_EDGE('',*,*,#8491,.T.);
#8645=ORIENTED_EDGE('',*,*,#8644,.T.);
#8647=ORIENTED_EDGE('',*,*,#8646,.T.);
#8649=ORIENTED_EDGE('',*,*,#8648,.T.);
#8651=ORIENTED_EDGE('',*,*,#8650,.T.);
#8653=ORIENTED_EDGE('',*,*,#8652,.T.);
#8654=ORIENTED_EDGE('',*,*,#8630,.T.);
#8655=ORIENTED_EDGE('',*,*,#8611,.T.);
#8656=ORIENTED_EDGE('',*,*,#8597,.T.);
#8657=ORIENTED_EDGE('',*,*,#8576,.T.);
#8658=ORIENTED_EDGE('',*,*,#8562,.T.);
#8659=ORIENTED_EDGE('',*,*,#8540,.T.);
#8660=ORIENTED_EDGE('',*,*,#8526,.T.);
#8661=ORIENTED_EDGE('',*,*,#8505,.T.);
#8662=EDGE_LOOP('',(#8643,#8645,#8647,#8649,#8651,#8653,#8654,#8655,#8656,#8657,
#8658,#8659,#8660,#8661));
#8663=FACE_OUTER_BOUND('',#8662,.F.);
#8664=ADVANCED_FACE('',(#8663),#8642,.T.);
#8665=CARTESIAN_POINT('',(1.178288230861E1,-4.425097057174E0,
-6.915741377124E0));
#8666=DIRECTION('',(5.028252669693E-1,-8.610792180984E-1,-7.556011551288E-2));
#8667=DIRECTION('',(8.643880788727E-1,5.009004616152E-1,4.395425640844E-2));
#8668=AXIS2_PLACEMENT_3D('',#8665,#8666,#8667);
#8669=PLANE('',#8668);
#8671=ORIENTED_EDGE('',*,*,#8670,.F.);
#8672=ORIENTED_EDGE('',*,*,#8644,.F.);
#8673=ORIENTED_EDGE('',*,*,#8489,.F.);
#8674=ORIENTED_EDGE('',*,*,#6060,.F.);
#8675=EDGE_LOOP('',(#8671,#8672,#8673,#8674));
#8676=FACE_OUTER_BOUND('',#8675,.F.);
#8677=ADVANCED_FACE('',(#8676),#8669,.F.);
#8678=CARTESIAN_POINT('',(1.272244678958E1,-3.922514986873E0,
-6.389795067392E0));
#8679=CARTESIAN_POINT('',(1.272392108450E1,-3.921712146703E0,
-6.389724617781E0));
#8680=CARTESIAN_POINT('',(1.274946014377E1,-3.907357185272E0,
-6.388464963011E0));
#8681=CARTESIAN_POINT('',(1.279317927474E1,-3.867545437877E0,
-6.384971463030E0));
#8682=CARTESIAN_POINT('',(1.283484611895E1,-3.795108787138E0,
-6.378615112091E0));
#8683=CARTESIAN_POINT('',(1.284721705593E1,-3.737404087626E0,
-6.373551496956E0));
#8684=CARTESIAN_POINT('',(1.284673567302E1,-3.708196604704E0,
-6.370988526282E0));
#8685=CARTESIAN_POINT('',(1.284668551820E1,-3.706523605449E0,
-6.370841719793E0));
#8687=DIRECTION('',(0.E0,8.741457380048E-2,-9.961720194260E-1));
#8688=VECTOR('',#8687,1.E0);
#8689=SURFACE_OF_LINEAR_EXTRUSION('',#8686,#8688);
#8690=ORIENTED_EDGE('',*,*,#8670,.T.);
#8691=ORIENTED_EDGE('',*,*,#6058,.F.);
#8693=ORIENTED_EDGE('',*,*,#8692,.F.);
#8694=ORIENTED_EDGE('',*,*,#8646,.F.);
#8695=EDGE_LOOP('',(#8690,#8691,#8693,#8694));
#8696=FACE_OUTER_BOUND('',#8695,.F.);
#8697=ADVANCED_FACE('',(#8696),#8689,.T.);
#8698=CARTESIAN_POINT('',(1.284506122784E1,-3.148769939119E0,
-6.803743058682E0));
#8699=DIRECTION('',(9.999946667303E-1,3.253460435807E-3,2.854927179511E-4));
#8700=DIRECTION('',(-3.265962476723E-3,9.961667065720E-1,8.741410759502E-2));
#8701=AXIS2_PLACEMENT_3D('',#8698,#8699,#8700);
#8702=PLANE('',#8701);
#8703=ORIENTED_EDGE('',*,*,#8692,.T.);
#8704=ORIENTED_EDGE('',*,*,#6056,.T.);
#8706=ORIENTED_EDGE('',*,*,#8705,.F.);
#8707=ORIENTED_EDGE('',*,*,#8648,.F.);
#8708=EDGE_LOOP('',(#8703,#8704,#8706,#8707));
#8709=FACE_OUTER_BOUND('',#8708,.F.);
#8710=ADVANCED_FACE('',(#8709),#8702,.F.);
#8711=CARTESIAN_POINT('',(1.284330340649E1,-2.674934730183E0,
-6.280319299860E0));
#8712=CARTESIAN_POINT('',(1.284334259980E1,-2.673261428323E0,
-6.280172466817E0));
#8713=CARTESIAN_POINT('',(1.284363255289E1,-2.644051264684E0,
-6.277609260909E0));
#8714=CARTESIAN_POINT('',(1.283088149953E1,-2.586428700158E0,
-6.272552853159E0));
#8715=CARTESIAN_POINT('',(1.278874158474E1,-2.514264286330E0,
-6.266220391140E0));
#8716=CARTESIAN_POINT('',(1.274476103128E1,-2.474739588318E0,
-6.262752079880E0));
#8717=CARTESIAN_POINT('',(1.271912856150E1,-2.460551252308E0,
-6.261507046571E0));
#8718=CARTESIAN_POINT('',(1.271764904765E1,-2.459758028235E0,
-6.261437440777E0));
#8720=DIRECTION('',(0.E0,8.741457380048E-2,-9.961720194260E-1));
#8721=VECTOR('',#8720,1.E0);
#8722=SURFACE_OF_LINEAR_EXTRUSION('',#8719,#8721);
#8723=ORIENTED_EDGE('',*,*,#8705,.T.);
#8724=ORIENTED_EDGE('',*,*,#6054,.F.);
#8726=ORIENTED_EDGE('',*,*,#8725,.F.);
#8727=ORIENTED_EDGE('',*,*,#8650,.F.);
#8728=EDGE_LOOP('',(#8723,#8724,#8726,#8727));
#8729=FACE_OUTER_BOUND('',#8728,.F.);
#8730=ADVANCED_FACE('',(#8729),#8722,.T.);
#8731=CARTESIAN_POINT('',(1.177453319725E1,-1.879388161364E0,
-6.692354197191E0));
#8732=DIRECTION('',(4.971646892119E-1,8.643348234119E-1,7.584579644488E-2));
#8733=DIRECTION('',(-8.676561944692E-1,4.952615524395E-1,4.345943941631E-2));
#8734=AXIS2_PLACEMENT_3D('',#8731,#8732,#8733);
#8735=PLANE('',#8734);
#8736=ORIENTED_EDGE('',*,*,#8725,.T.);
#8737=ORIENTED_EDGE('',*,*,#6052,.F.);
#8738=ORIENTED_EDGE('',*,*,#8632,.F.);
#8739=ORIENTED_EDGE('',*,*,#8652,.F.);
#8740=EDGE_LOOP('',(#8736,#8737,#8738,#8739));
#8741=FACE_OUTER_BOUND('',#8740,.F.);
#8742=ADVANCED_FACE('',(#8741),#8735,.F.);
#8743=CARTESIAN_POINT('',(-4.946299091524E1,-3.094934081932E0,
-6.718711521096E0));
#8744=DIRECTION('',(0.E0,-8.741457380056E-2,9.961720194260E-1));
#8745=DIRECTION('',(-1.E0,0.E0,0.E0));
#8746=AXIS2_PLACEMENT_3D('',#8743,#8744,#8745);
#8747=CYLINDRICAL_SURFACE('',#8746,4.E-1);
#8749=ORIENTED_EDGE('',*,*,#8748,.F.);
#8751=ORIENTED_EDGE('',*,*,#8750,.F.);
#8753=ORIENTED_EDGE('',*,*,#8752,.T.);
#8754=ORIENTED_EDGE('',*,*,#6066,.F.);
#8755=ORIENTED_EDGE('',*,*,#6064,.F.);
#8757=ORIENTED_EDGE('',*,*,#8756,.T.);
#8758=EDGE_LOOP('',(#8749,#8751,#8753,#8754,#8755,#8757));
#8759=FACE_OUTER_BOUND('',#8758,.F.);
#8760=ADVANCED_FACE('',(#8759),#8747,.F.);
#8761=CARTESIAN_POINT('',(-4.75E1,-3.312722849972E0,-4.236801841354E0));
#8762=DIRECTION('',(0.E0,8.741457380055E-2,-9.961720194260E-1));
#8763=DIRECTION('',(1.E0,0.E0,0.E0));
#8764=AXIS2_PLACEMENT_3D('',#8761,#8762,#8763);
#8765=PLANE('',#8764);
#8767=ORIENTED_EDGE('',*,*,#8766,.T.);
#8769=ORIENTED_EDGE('',*,*,#8768,.T.);
#8771=ORIENTED_EDGE('',*,*,#8770,.T.);
#8773=ORIENTED_EDGE('',*,*,#8772,.T.);
#8775=ORIENTED_EDGE('',*,*,#8774,.T.);
#8777=ORIENTED_EDGE('',*,*,#8776,.T.);
#8779=ORIENTED_EDGE('',*,*,#8778,.T.);
#8781=ORIENTED_EDGE('',*,*,#8780,.T.);
#8783=ORIENTED_EDGE('',*,*,#8782,.F.);
#8785=ORIENTED_EDGE('',*,*,#8784,.T.);
#8787=ORIENTED_EDGE('',*,*,#8786,.T.);
#8789=ORIENTED_EDGE('',*,*,#8788,.T.);
#8790=ORIENTED_EDGE('',*,*,#8750,.T.);
#8791=ORIENTED_EDGE('',*,*,#8748,.T.);
#8793=ORIENTED_EDGE('',*,*,#8792,.T.);
#8795=ORIENTED_EDGE('',*,*,#8794,.T.);
#8797=ORIENTED_EDGE('',*,*,#8796,.T.);
#8799=ORIENTED_EDGE('',*,*,#8798,.F.);
#8800=EDGE_LOOP('',(#8767,#8769,#8771,#8773,#8775,#8777,#8779,#8781,#8783,#8785,
#8787,#8789,#8790,#8791,#8793,#8795,#8797,#8799));
#8801=FACE_OUTER_BOUND('',#8800,.F.);
#8803=ORIENTED_EDGE('',*,*,#8802,.T.);
#8805=ORIENTED_EDGE('',*,*,#8804,.T.);
#8806=EDGE_LOOP('',(#8803,#8805));
#8807=FACE_BOUND('',#8806,.F.);
#8808=ADVANCED_FACE('',(#8801,#8807),#8765,.T.);
#8809=CARTESIAN_POINT('',(-4.651850454238E1,-4.788426514956E0,
-6.867316296557E0));
#8810=DIRECTION('',(0.E0,-8.741457380056E-2,9.961720194260E-1));
#8811=DIRECTION('',(5.E-1,-8.627102753622E-1,-7.570324157228E-2));
#8812=AXIS2_PLACEMENT_3D('',#8809,#8810,#8811);
#8813=CYLINDRICAL_SURFACE('',#8812,4.E-1);
#8814=ORIENTED_EDGE('',*,*,#8768,.F.);
#8815=ORIENTED_EDGE('',*,*,#8766,.F.);
#8817=ORIENTED_EDGE('',*,*,#8816,.T.);
#8818=ORIENTED_EDGE('',*,*,#6090,.F.);
#8819=ORIENTED_EDGE('',*,*,#6088,.F.);
#8821=ORIENTED_EDGE('',*,*,#8820,.T.);
#8822=EDGE_LOOP('',(#8814,#8815,#8817,#8818,#8819,#8821));
#8823=FACE_OUTER_BOUND('',#8822,.F.);
#8824=ADVANCED_FACE('',(#8823),#8813,.F.);
#8825=CARTESIAN_POINT('',(-4.871243556530E1,-5.186895322727E0,
-6.902282126077E0));
#8826=DIRECTION('',(0.E0,-9.961720194260E-1,-8.741457380056E-2));
#8827=DIRECTION('',(1.E0,0.E0,0.E0));
#8828=AXIS2_PLACEMENT_3D('',#8825,#8826,#8827);
#8829=PLANE('',#8828);
#8830=ORIENTED_EDGE('',*,*,#8816,.F.);
#8831=ORIENTED_EDGE('',*,*,#8798,.T.);
#8833=ORIENTED_EDGE('',*,*,#8832,.F.);
#8834=ORIENTED_EDGE('',*,*,#6092,.F.);
#8835=EDGE_LOOP('',(#8830,#8831,#8833,#8834));
#8836=FACE_OUTER_BOUND('',#8835,.F.);
#8837=ADVANCED_FACE('',(#8836),#8829,.F.);
#8838=CARTESIAN_POINT('',(-4.848149545762E1,-4.788426514956E0,
-6.867316296557E0));
#8839=DIRECTION('',(0.E0,-8.741457380056E-2,9.961720194260E-1));
#8840=DIRECTION('',(-5.E-1,-8.627102753622E-1,-7.570324157228E-2));
#8841=AXIS2_PLACEMENT_3D('',#8838,#8839,#8840);
#8842=CYLINDRICAL_SURFACE('',#8841,4.E-1);
#8843=ORIENTED_EDGE('',*,*,#8796,.F.);
#8844=ORIENTED_EDGE('',*,*,#8794,.F.);
#8846=ORIENTED_EDGE('',*,*,#8845,.T.);
#8847=ORIENTED_EDGE('',*,*,#6096,.F.);
#8848=ORIENTED_EDGE('',*,*,#6094,.F.);
#8849=ORIENTED_EDGE('',*,*,#8832,.T.);
#8850=EDGE_LOOP('',(#8843,#8844,#8846,#8847,#8848,#8849));
#8851=FACE_OUTER_BOUND('',#8850,.F.);
#8852=ADVANCED_FACE('',(#8851),#8842,.F.);
#8853=CARTESIAN_POINT('',(-4.992487113060E1,-3.094934081932E0,
-6.718711521096E0));
#8854=DIRECTION('',(-8.660254037844E-1,-4.980860097130E-1,-4.370728690028E-2));
#8855=DIRECTION('',(5.E-1,-8.627102753621E-1,-7.570324157227E-2));
#8856=AXIS2_PLACEMENT_3D('',#8853,#8854,#8855);
#8857=PLANE('',#8856);
#8858=ORIENTED_EDGE('',*,*,#8845,.F.);
#8859=ORIENTED_EDGE('',*,*,#8792,.F.);
#8860=ORIENTED_EDGE('',*,*,#8756,.F.);
#8861=ORIENTED_EDGE('',*,*,#6098,.F.);
#8862=EDGE_LOOP('',(#8858,#8859,#8860,#8861));
#8863=FACE_OUTER_BOUND('',#8862,.F.);
#8864=ADVANCED_FACE('',(#8863),#8857,.F.);
#8865=CARTESIAN_POINT('',(-4.628756443470E1,-5.186895322727E0,
-6.902282126077E0));
#8866=DIRECTION('',(8.660254037844E-1,-4.980860097130E-1,-4.370728690028E-2));
#8867=DIRECTION('',(5.E-1,8.627102753621E-1,7.570324157227E-2));
#8868=AXIS2_PLACEMENT_3D('',#8865,#8866,#8867);
#8869=PLANE('',#8868);
#8870=ORIENTED_EDGE('',*,*,#8820,.F.);
#8871=ORIENTED_EDGE('',*,*,#6086,.F.);
#8873=ORIENTED_EDGE('',*,*,#8872,.F.);
#8874=ORIENTED_EDGE('',*,*,#8770,.F.);
#8875=EDGE_LOOP('',(#8870,#8871,#8873,#8874));
#8876=FACE_OUTER_BOUND('',#8875,.F.);
#8877=ADVANCED_FACE('',(#8876),#8869,.F.);
#8878=CARTESIAN_POINT('',(-4.553700908476E1,-3.094934081932E0,
-6.718711521096E0));
#8879=DIRECTION('',(0.E0,-8.741457380056E-2,9.961720194260E-1));
#8880=DIRECTION('',(1.E0,2.500676419402E-14,0.E0));
#8881=AXIS2_PLACEMENT_3D('',#8878,#8879,#8880);
#8882=CYLINDRICAL_SURFACE('',#8881,4.E-1);
#8883=ORIENTED_EDGE('',*,*,#8774,.F.);
#8884=ORIENTED_EDGE('',*,*,#8772,.F.);
#8885=ORIENTED_EDGE('',*,*,#8872,.T.);
#8886=ORIENTED_EDGE('',*,*,#6084,.F.);
#8887=ORIENTED_EDGE('',*,*,#6082,.F.);
#8889=ORIENTED_EDGE('',*,*,#8888,.T.);
#8890=EDGE_LOOP('',(#8883,#8884,#8885,#8886,#8887,#8889));
#8891=FACE_OUTER_BOUND('',#8890,.F.);
#8892=ADVANCED_FACE('',(#8891),#8882,.F.);
#8893=CARTESIAN_POINT('',(-4.568134291601E1,-2.048959907776E0,
-6.626926784267E0));
#8894=DIRECTION('',(8.660254037844E-1,4.980860097130E-1,4.370728690028E-2));
#8895=DIRECTION('',(-5.E-1,8.627102753621E-1,7.570324157227E-2));
#8896=AXIS2_PLACEMENT_3D('',#8893,#8894,#8895);
#8897=PLANE('',#8896);
#8898=ORIENTED_EDGE('',*,*,#8888,.F.);
#8899=ORIENTED_EDGE('',*,*,#6080,.F.);
#8901=ORIENTED_EDGE('',*,*,#8900,.F.);
#8902=ORIENTED_EDGE('',*,*,#8776,.F.);
#8903=EDGE_LOOP('',(#8898,#8899,#8901,#8902));
#8904=FACE_OUTER_BOUND('',#8903,.F.);
#8905=ADVANCED_FACE('',(#8904),#8897,.F.);
#8906=CARTESIAN_POINT('',(-4.651850454238E1,-1.401441648908E0,
-6.570106745635E0));
#8907=DIRECTION('',(0.E0,-8.741457380056E-2,9.961720194260E-1));
#8908=DIRECTION('',(5.E-1,8.627102753622E-1,7.570324157228E-2));
#8909=AXIS2_PLACEMENT_3D('',#8906,#8907,#8908);
#8910=CYLINDRICAL_SURFACE('',#8909,4.E-1);
#8911=ORIENTED_EDGE('',*,*,#8780,.F.);
#8912=ORIENTED_EDGE('',*,*,#8778,.F.);
#8913=ORIENTED_EDGE('',*,*,#8900,.T.);
#8914=ORIENTED_EDGE('',*,*,#6078,.F.);
#8915=ORIENTED_EDGE('',*,*,#6076,.F.);
#8917=ORIENTED_EDGE('',*,*,#8916,.T.);
#8918=EDGE_LOOP('',(#8911,#8912,#8913,#8914,#8915,#8917));
#8919=FACE_OUTER_BOUND('',#8918,.F.);
#8920=ADVANCED_FACE('',(#8919),#8910,.F.);
#8921=CARTESIAN_POINT('',(-4.628756443470E1,-1.002972841138E0,
-6.535140916115E0));
#8922=DIRECTION('',(0.E0,9.961720194260E-1,8.741457380056E-2));
#8923=DIRECTION('',(-1.E0,0.E0,0.E0));
#8924=AXIS2_PLACEMENT_3D('',#8921,#8922,#8923);
#8925=PLANE('',#8924);
#8927=ORIENTED_EDGE('',*,*,#8926,.F.);
#8928=ORIENTED_EDGE('',*,*,#8782,.T.);
#8929=ORIENTED_EDGE('',*,*,#8916,.F.);
#8930=ORIENTED_EDGE('',*,*,#6074,.F.);
#8931=EDGE_LOOP('',(#8927,#8928,#8929,#8930));
#8932=FACE_OUTER_BOUND('',#8931,.F.);
#8933=ADVANCED_FACE('',(#8932),#8925,.F.);
#8934=CARTESIAN_POINT('',(-4.848149545762E1,-1.401441648908E0,
-6.570106745635E0));
#8935=DIRECTION('',(0.E0,-8.741457380056E-2,9.961720194260E-1));
#8936=DIRECTION('',(-5.E-1,8.627102753622E-1,7.570324157228E-2));
#8937=AXIS2_PLACEMENT_3D('',#8934,#8935,#8936);
#8938=CYLINDRICAL_SURFACE('',#8937,4.E-1);
#8939=ORIENTED_EDGE('',*,*,#8786,.F.);
#8940=ORIENTED_EDGE('',*,*,#8784,.F.);
#8941=ORIENTED_EDGE('',*,*,#8926,.T.);
#8942=ORIENTED_EDGE('',*,*,#6072,.F.);
#8943=ORIENTED_EDGE('',*,*,#6070,.F.);
#8945=ORIENTED_EDGE('',*,*,#8944,.T.);
#8946=EDGE_LOOP('',(#8939,#8940,#8941,#8942,#8943,#8945));
#8947=FACE_OUTER_BOUND('',#8946,.F.);
#8948=ADVANCED_FACE('',(#8947),#8938,.F.);
#8949=CARTESIAN_POINT('',(-4.871243556530E1,-1.002972841138E0,
-6.535140916115E0));
#8950=DIRECTION('',(-8.660254037844E-1,4.980860097130E-1,4.370728690028E-2));
#8951=DIRECTION('',(-5.E-1,-8.627102753621E-1,-7.570324157227E-2));
#8952=AXIS2_PLACEMENT_3D('',#8949,#8950,#8951);
#8953=PLANE('',#8952);
#8954=ORIENTED_EDGE('',*,*,#8752,.F.);
#8955=ORIENTED_EDGE('',*,*,#8788,.F.);
#8956=ORIENTED_EDGE('',*,*,#8944,.F.);
#8957=ORIENTED_EDGE('',*,*,#6068,.F.);
#8958=EDGE_LOOP('',(#8954,#8955,#8956,#8957));
#8959=FACE_OUTER_BOUND('',#8958,.F.);
#8960=ADVANCED_FACE('',(#8959),#8953,.F.);
#8961=CARTESIAN_POINT('',(-4.75E1,-3.094934081932E0,-6.718711521096E0));
#8962=DIRECTION('',(0.E0,-8.741457380056E-2,9.961720194260E-1));
#8963=DIRECTION('',(1.E0,0.E0,0.E0));
#8964=AXIS2_PLACEMENT_3D('',#8961,#8962,#8963);
#8965=CYLINDRICAL_SURFACE('',#8964,1.15E0);
#8967=ORIENTED_EDGE('',*,*,#8966,.T.);
#8969=ORIENTED_EDGE('',*,*,#8968,.T.);
#8971=ORIENTED_EDGE('',*,*,#8970,.T.);
#8972=ORIENTED_EDGE('',*,*,#8802,.F.);
#8973=EDGE_LOOP('',(#8967,#8969,#8971,#8972));
#8974=FACE_OUTER_BOUND('',#8973,.F.);
#8975=ADVANCED_FACE('',(#8974),#8965,.F.);
#8976=CARTESIAN_POINT('',(-4.75E1,-3.094934081932E0,-6.718711521096E0));
#8977=DIRECTION('',(0.E0,-8.741457380056E-2,9.961720194260E-1));
#8978=DIRECTION('',(1.E0,0.E0,0.E0));
#8979=AXIS2_PLACEMENT_3D('',#8976,#8977,#8978);
#8980=CYLINDRICAL_SURFACE('',#8979,1.15E0);
#8981=ORIENTED_EDGE('',*,*,#8970,.F.);
#8983=ORIENTED_EDGE('',*,*,#8982,.T.);
#8984=ORIENTED_EDGE('',*,*,#8966,.F.);
#8985=ORIENTED_EDGE('',*,*,#8804,.F.);
#8986=EDGE_LOOP('',(#8981,#8983,#8984,#8985));
#8987=FACE_OUTER_BOUND('',#8986,.F.);
#8988=ADVANCED_FACE('',(#8987),#8980,.F.);
#8989=CARTESIAN_POINT('',(0.E0,1.950221930154E-1,-2.222462953287E0));
#8990=DIRECTION('',(0.E0,-8.741457380055E-2,9.961720194260E-1));
#8991=DIRECTION('',(1.E0,0.E0,0.E0));
#8992=AXIS2_PLACEMENT_3D('',#8989,#8990,#8991);
#8993=PLANE('',#8992);
#8995=ORIENTED_EDGE('',*,*,#8994,.F.);
#8997=ORIENTED_EDGE('',*,*,#8996,.F.);
#8998=EDGE_LOOP('',(#8995,#8997));
#8999=FACE_OUTER_BOUND('',#8998,.F.);
#9000=ORIENTED_EDGE('',*,*,#8982,.F.);
#9001=ORIENTED_EDGE('',*,*,#8968,.F.);
#9002=EDGE_LOOP('',(#9000,#9001));
#9003=FACE_BOUND('',#9002,.F.);
#9004=ADVANCED_FACE('',(#8999,#9003),#8993,.T.);
#9005=CARTESIAN_POINT('',(0.E0,1.950221930154E-1,-2.222462953287E0));
#9006=DIRECTION('',(0.E0,-8.741457380055E-2,9.961720194260E-1));
#9007=DIRECTION('',(1.E0,0.E0,0.E0));
#9008=AXIS2_PLACEMENT_3D('',#9005,#9006,#9007);
#9009=PLANE('',#9008);
#9011=ORIENTED_EDGE('',*,*,#9010,.F.);
#9013=ORIENTED_EDGE('',*,*,#9012,.F.);
#9014=EDGE_LOOP('',(#9011,#9013));
#9015=FACE_OUTER_BOUND('',#9014,.F.);
#9017=ORIENTED_EDGE('',*,*,#9016,.F.);
#9019=ORIENTED_EDGE('',*,*,#9018,.F.);
#9020=EDGE_LOOP('',(#9017,#9019));
#9021=FACE_BOUND('',#9020,.F.);
#9022=ADVANCED_FACE('',(#9015,#9021),#9009,.T.);
#9023=CARTESIAN_POINT('',(4.75E1,-3.094934081932E0,-6.718711521096E0));
#9024=DIRECTION('',(0.E0,8.741457380056E-2,-9.961720194260E-1));
#9025=DIRECTION('',(-1.E0,0.E0,0.E0));
#9026=AXIS2_PLACEMENT_3D('',#9023,#9024,#9025);
#9027=CYLINDRICAL_SURFACE('',#9026,1.15E0);
#9029=ORIENTED_EDGE('',*,*,#9028,.F.);
#9030=ORIENTED_EDGE('',*,*,#9016,.T.);
#9032=ORIENTED_EDGE('',*,*,#9031,.F.);
#9034=ORIENTED_EDGE('',*,*,#9033,.F.);
#9035=EDGE_LOOP('',(#9029,#9030,#9032,#9034));
#9036=FACE_OUTER_BOUND('',#9035,.F.);
#9037=ADVANCED_FACE('',(#9036),#9027,.F.);
#9038=CARTESIAN_POINT('',(4.75E1,-3.094934081932E0,-6.718711521096E0));
#9039=DIRECTION('',(0.E0,8.741457380056E-2,-9.961720194260E-1));
#9040=DIRECTION('',(-1.E0,0.E0,0.E0));
#9041=AXIS2_PLACEMENT_3D('',#9038,#9039,#9040);
#9042=CYLINDRICAL_SURFACE('',#9041,1.15E0);
#9043=ORIENTED_EDGE('',*,*,#9031,.T.);
#9044=ORIENTED_EDGE('',*,*,#9018,.T.);
#9045=ORIENTED_EDGE('',*,*,#9028,.T.);
#9047=ORIENTED_EDGE('',*,*,#9046,.F.);
#9048=EDGE_LOOP('',(#9043,#9044,#9045,#9047));
#9049=FACE_OUTER_BOUND('',#9048,.F.);
#9050=ADVANCED_FACE('',(#9049),#9042,.F.);
#9051=CARTESIAN_POINT('',(4.75E1,-3.312722849972E0,-4.236801841354E0));
#9052=DIRECTION('',(0.E0,-8.741457380055E-2,9.961720194260E-1));
#9053=DIRECTION('',(-1.E0,0.E0,0.E0));
#9054=AXIS2_PLACEMENT_3D('',#9051,#9052,#9053);
#9055=PLANE('',#9054);
#9057=ORIENTED_EDGE('',*,*,#9056,.T.);
#9059=ORIENTED_EDGE('',*,*,#9058,.T.);
#9061=ORIENTED_EDGE('',*,*,#9060,.F.);
#9063=ORIENTED_EDGE('',*,*,#9062,.T.);
#9065=ORIENTED_EDGE('',*,*,#9064,.T.);
#9067=ORIENTED_EDGE('',*,*,#9066,.T.);
#9069=ORIENTED_EDGE('',*,*,#9068,.T.);
#9071=ORIENTED_EDGE('',*,*,#9070,.T.);
#9073=ORIENTED_EDGE('',*,*,#9072,.T.);
#9075=ORIENTED_EDGE('',*,*,#9074,.T.);
#9077=ORIENTED_EDGE('',*,*,#9076,.T.);
#9079=ORIENTED_EDGE('',*,*,#9078,.F.);
#9081=ORIENTED_EDGE('',*,*,#9080,.T.);
#9083=ORIENTED_EDGE('',*,*,#9082,.T.);
#9085=ORIENTED_EDGE('',*,*,#9084,.T.);
#9087=ORIENTED_EDGE('',*,*,#9086,.T.);
#9089=ORIENTED_EDGE('',*,*,#9088,.T.);
#9091=ORIENTED_EDGE('',*,*,#9090,.T.);
#9092=EDGE_LOOP('',(#9057,#9059,#9061,#9063,#9065,#9067,#9069,#9071,#9073,#9075,
#9077,#9079,#9081,#9083,#9085,#9087,#9089,#9091));
#9093=FACE_OUTER_BOUND('',#9092,.F.);
#9094=ORIENTED_EDGE('',*,*,#9046,.T.);
#9095=ORIENTED_EDGE('',*,*,#9033,.T.);
#9096=EDGE_LOOP('',(#9094,#9095));
#9097=FACE_BOUND('',#9096,.F.);
#9098=ADVANCED_FACE('',(#9093,#9097),#9055,.F.);
#9099=CARTESIAN_POINT('',(4.651850454238E1,-4.788426514956E0,
-6.867316296557E0));
#9100=DIRECTION('',(0.E0,-8.741457380056E-2,9.961720194260E-1));
#9101=DIRECTION('',(-5.E-1,-8.627102753622E-1,-7.570324157228E-2));
#9102=AXIS2_PLACEMENT_3D('',#9099,#9100,#9101);
#9103=CYLINDRICAL_SURFACE('',#9102,4.E-1);
#9104=ORIENTED_EDGE('',*,*,#9058,.F.);
#9105=ORIENTED_EDGE('',*,*,#9056,.F.);
#9107=ORIENTED_EDGE('',*,*,#9106,.T.);
#9108=ORIENTED_EDGE('',*,*,#6134,.F.);
#9109=ORIENTED_EDGE('',*,*,#6132,.F.);
#9111=ORIENTED_EDGE('',*,*,#9110,.T.);
#9112=EDGE_LOOP('',(#9104,#9105,#9107,#9108,#9109,#9111));
#9113=FACE_OUTER_BOUND('',#9112,.F.);
#9114=ADVANCED_FACE('',(#9113),#9103,.F.);
#9115=CARTESIAN_POINT('',(4.568134015300E1,-4.140903488738E0,
-6.810495839589E0));
#9116=DIRECTION('',(-8.660254037844E-1,-4.980860097130E-1,-4.370728690028E-2));
#9117=DIRECTION('',(5.E-1,-8.627102753621E-1,-7.570324157227E-2));
#9118=AXIS2_PLACEMENT_3D('',#9115,#9116,#9117);
#9119=PLANE('',#9118);
#9120=ORIENTED_EDGE('',*,*,#9106,.F.);
#9121=ORIENTED_EDGE('',*,*,#9090,.F.);
#9123=ORIENTED_EDGE('',*,*,#9122,.F.);
#9124=ORIENTED_EDGE('',*,*,#6136,.F.);
#9125=EDGE_LOOP('',(#9120,#9121,#9123,#9124));
#9126=FACE_OUTER_BOUND('',#9125,.F.);
#9127=ADVANCED_FACE('',(#9126),#9119,.F.);
#9128=CARTESIAN_POINT('',(4.553700908476E1,-3.094934081932E0,
-6.718711521096E0));
#9129=DIRECTION('',(0.E0,-8.741457380056E-2,9.961720194260E-1));
#9130=DIRECTION('',(-1.E0,0.E0,0.E0));
#9131=AXIS2_PLACEMENT_3D('',#9128,#9129,#9130);
#9132=CYLINDRICAL_SURFACE('',#9131,4.E-1);
#9133=ORIENTED_EDGE('',*,*,#9088,.F.);
#9134=ORIENTED_EDGE('',*,*,#9086,.F.);
#9136=ORIENTED_EDGE('',*,*,#9135,.T.);
#9137=ORIENTED_EDGE('',*,*,#6104,.F.);
#9138=ORIENTED_EDGE('',*,*,#6102,.F.);
#9139=ORIENTED_EDGE('',*,*,#9122,.T.);
#9140=EDGE_LOOP('',(#9133,#9134,#9136,#9137,#9138,#9139));
#9141=FACE_OUTER_BOUND('',#9140,.F.);
#9142=ADVANCED_FACE('',(#9141),#9132,.F.);
#9143=CARTESIAN_POINT('',(4.628756443470E1,-1.002972841138E0,
-6.535140916115E0));
#9144=DIRECTION('',(-8.660254037844E-1,4.980860097130E-1,4.370728690028E-2));
#9145=DIRECTION('',(-5.E-1,-8.627102753621E-1,-7.570324157227E-2));
#9146=AXIS2_PLACEMENT_3D('',#9143,#9144,#9145);
#9147=PLANE('',#9146);
#9148=ORIENTED_EDGE('',*,*,#9135,.F.);
#9149=ORIENTED_EDGE('',*,*,#9084,.F.);
#9151=ORIENTED_EDGE('',*,*,#9150,.F.);
#9152=ORIENTED_EDGE('',*,*,#6106,.F.);
#9153=EDGE_LOOP('',(#9148,#9149,#9151,#9152));
#9154=FACE_OUTER_BOUND('',#9153,.F.);
#9155=ADVANCED_FACE('',(#9154),#9147,.F.);
#9156=CARTESIAN_POINT('',(4.651850454238E1,-1.401441648908E0,
-6.570106745635E0));
#9157=DIRECTION('',(0.E0,-8.741457380056E-2,9.961720194260E-1));
#9158=DIRECTION('',(-5.E-1,8.627102753622E-1,7.570324157228E-2));
#9159=AXIS2_PLACEMENT_3D('',#9156,#9157,#9158);
#9160=CYLINDRICAL_SURFACE('',#9159,4.E-1);
#9161=ORIENTED_EDGE('',*,*,#9082,.F.);
#9162=ORIENTED_EDGE('',*,*,#9080,.F.);
#9164=ORIENTED_EDGE('',*,*,#9163,.T.);
#9165=ORIENTED_EDGE('',*,*,#6110,.F.);
#9166=ORIENTED_EDGE('',*,*,#6108,.F.);
#9167=ORIENTED_EDGE('',*,*,#9150,.T.);
#9168=EDGE_LOOP('',(#9161,#9162,#9164,#9165,#9166,#9167));
#9169=FACE_OUTER_BOUND('',#9168,.F.);
#9170=ADVANCED_FACE('',(#9169),#9160,.F.);
#9171=CARTESIAN_POINT('',(4.871243556530E1,-1.002972841138E0,
-6.535140916115E0));
#9172=DIRECTION('',(0.E0,9.961720194260E-1,8.741457380056E-2));
#9173=DIRECTION('',(-1.E0,0.E0,0.E0));
#9174=AXIS2_PLACEMENT_3D('',#9171,#9172,#9173);
#9175=PLANE('',#9174);
#9176=ORIENTED_EDGE('',*,*,#9163,.F.);
#9177=ORIENTED_EDGE('',*,*,#9078,.T.);
#9179=ORIENTED_EDGE('',*,*,#9178,.F.);
#9180=ORIENTED_EDGE('',*,*,#6112,.F.);
#9181=EDGE_LOOP('',(#9176,#9177,#9179,#9180));
#9182=FACE_OUTER_BOUND('',#9181,.F.);
#9183=ADVANCED_FACE('',(#9182),#9175,.F.);
#9184=CARTESIAN_POINT('',(4.848149545762E1,-1.401441648908E0,
-6.570106745635E0));
#9185=DIRECTION('',(0.E0,-8.741457380056E-2,9.961720194260E-1));
#9186=DIRECTION('',(5.E-1,8.627102753622E-1,7.570324157228E-2));
#9187=AXIS2_PLACEMENT_3D('',#9184,#9185,#9186);
#9188=CYLINDRICAL_SURFACE('',#9187,4.E-1);
#9189=ORIENTED_EDGE('',*,*,#9076,.F.);
#9190=ORIENTED_EDGE('',*,*,#9074,.F.);
#9192=ORIENTED_EDGE('',*,*,#9191,.T.);
#9193=ORIENTED_EDGE('',*,*,#6116,.F.);
#9194=ORIENTED_EDGE('',*,*,#6114,.F.);
#9195=ORIENTED_EDGE('',*,*,#9178,.T.);
#9196=EDGE_LOOP('',(#9189,#9190,#9192,#9193,#9194,#9195));
#9197=FACE_OUTER_BOUND('',#9196,.F.);
#9198=ADVANCED_FACE('',(#9197),#9188,.F.);
#9199=CARTESIAN_POINT('',(4.992487113060E1,-3.094934081932E0,
-6.718711521096E0));
#9200=DIRECTION('',(8.660254037844E-1,4.980860097130E-1,4.370728690028E-2));
#9201=DIRECTION('',(-5.E-1,8.627102753621E-1,7.570324157227E-2));
#9202=AXIS2_PLACEMENT_3D('',#9199,#9200,#9201);
#9203=PLANE('',#9202);
#9204=ORIENTED_EDGE('',*,*,#9191,.F.);
#9205=ORIENTED_EDGE('',*,*,#9072,.F.);
#9207=ORIENTED_EDGE('',*,*,#9206,.F.);
#9208=ORIENTED_EDGE('',*,*,#6118,.F.);
#9209=EDGE_LOOP('',(#9204,#9205,#9207,#9208));
#9210=FACE_OUTER_BOUND('',#9209,.F.);
#9211=ADVANCED_FACE('',(#9210),#9203,.F.);
#9212=CARTESIAN_POINT('',(4.946299091524E1,-3.094934081932E0,
-6.718711521096E0));
#9213=DIRECTION('',(0.E0,-8.741457380056E-2,9.961720194260E-1));
#9214=DIRECTION('',(1.E0,0.E0,0.E0));
#9215=AXIS2_PLACEMENT_3D('',#9212,#9213,#9214);
#9216=CYLINDRICAL_SURFACE('',#9215,4.E-1);
#9217=ORIENTED_EDGE('',*,*,#9070,.F.);
#9218=ORIENTED_EDGE('',*,*,#9068,.F.);
#9220=ORIENTED_EDGE('',*,*,#9219,.T.);
#9221=ORIENTED_EDGE('',*,*,#6122,.F.);
#9222=ORIENTED_EDGE('',*,*,#6120,.F.);
#9223=ORIENTED_EDGE('',*,*,#9206,.T.);
#9224=EDGE_LOOP('',(#9217,#9218,#9220,#9221,#9222,#9223));
#9225=FACE_OUTER_BOUND('',#9224,.F.);
#9226=ADVANCED_FACE('',(#9225),#9216,.F.);
#9227=CARTESIAN_POINT('',(4.871243556530E1,-5.186895322727E0,
-6.902282126077E0));
#9228=DIRECTION('',(8.660254037844E-1,-4.980860097130E-1,-4.370728690028E-2));
#9229=DIRECTION('',(5.E-1,8.627102753621E-1,7.570324157227E-2));
#9230=AXIS2_PLACEMENT_3D('',#9227,#9228,#9229);
#9231=PLANE('',#9230);
#9233=ORIENTED_EDGE('',*,*,#9232,.F.);
#9234=ORIENTED_EDGE('',*,*,#6124,.F.);
#9235=ORIENTED_EDGE('',*,*,#9219,.F.);
#9236=ORIENTED_EDGE('',*,*,#9066,.F.);
#9237=EDGE_LOOP('',(#9233,#9234,#9235,#9236));
#9238=FACE_OUTER_BOUND('',#9237,.F.);
#9239=ADVANCED_FACE('',(#9238),#9231,.F.);
#9240=CARTESIAN_POINT('',(4.848149545762E1,-4.788426514956E0,
-6.867316296557E0));
#9241=DIRECTION('',(0.E0,-8.741457380056E-2,9.961720194260E-1));
#9242=DIRECTION('',(5.E-1,-8.627102753622E-1,-7.570324157228E-2));
#9243=AXIS2_PLACEMENT_3D('',#9240,#9241,#9242);
#9244=CYLINDRICAL_SURFACE('',#9243,4.E-1);
#9245=ORIENTED_EDGE('',*,*,#9064,.F.);
#9246=ORIENTED_EDGE('',*,*,#9062,.F.);
#9248=ORIENTED_EDGE('',*,*,#9247,.T.);
#9249=ORIENTED_EDGE('',*,*,#6128,.F.);
#9250=ORIENTED_EDGE('',*,*,#6126,.F.);
#9251=ORIENTED_EDGE('',*,*,#9232,.T.);
#9252=EDGE_LOOP('',(#9245,#9246,#9248,#9249,#9250,#9251));
#9253=FACE_OUTER_BOUND('',#9252,.F.);
#9254=ADVANCED_FACE('',(#9253),#9244,.F.);
#9255=CARTESIAN_POINT('',(4.628756443470E1,-5.186895322727E0,
-6.902282126077E0));
#9256=DIRECTION('',(0.E0,-9.961720194260E-1,-8.741457380056E-2));
#9257=DIRECTION('',(1.E0,0.E0,0.E0));
#9258=AXIS2_PLACEMENT_3D('',#9255,#9256,#9257);
#9259=PLANE('',#9258);
#9260=ORIENTED_EDGE('',*,*,#9110,.F.);
#9261=ORIENTED_EDGE('',*,*,#6130,.F.);
#9262=ORIENTED_EDGE('',*,*,#9247,.F.);
#9263=ORIENTED_EDGE('',*,*,#9060,.T.);
#9264=EDGE_LOOP('',(#9260,#9261,#9262,#9263));
#9265=FACE_OUTER_BOUND('',#9264,.F.);
#9266=ADVANCED_FACE('',(#9265),#9259,.F.);
#9267=CARTESIAN_POINT('',(-4.75E1,-3.356430136872E0,-3.738715831640E0));
#9268=DIRECTION('',(0.E0,-8.741457380055E-2,9.961720194260E-1));
#9269=DIRECTION('',(1.E0,0.E0,0.E0));
#9270=AXIS2_PLACEMENT_3D('',#9267,#9268,#9269);
#9271=CYLINDRICAL_SURFACE('',#9270,2.05E0);
#9272=ORIENTED_EDGE('',*,*,#5703,.F.);
#9274=ORIENTED_EDGE('',*,*,#9273,.T.);
#9275=ORIENTED_EDGE('',*,*,#8994,.T.);
#9277=ORIENTED_EDGE('',*,*,#9276,.F.);
#9278=EDGE_LOOP('',(#9272,#9274,#9275,#9277));
#9279=FACE_OUTER_BOUND('',#9278,.F.);
#9280=ADVANCED_FACE('',(#9279),#9271,.T.);
#9281=CARTESIAN_POINT('',(-4.75E1,-3.356430136872E0,-3.738715831640E0));
#9282=DIRECTION('',(0.E0,-8.741457380055E-2,9.961720194260E-1));
#9283=DIRECTION('',(1.E0,0.E0,0.E0));
#9284=AXIS2_PLACEMENT_3D('',#9281,#9282,#9283);
#9285=CYLINDRICAL_SURFACE('',#9284,2.05E0);
#9286=ORIENTED_EDGE('',*,*,#5705,.F.);
#9287=ORIENTED_EDGE('',*,*,#9276,.T.);
#9288=ORIENTED_EDGE('',*,*,#8996,.T.);
#9289=ORIENTED_EDGE('',*,*,#9273,.F.);
#9290=EDGE_LOOP('',(#9286,#9287,#9288,#9289));
#9291=FACE_OUTER_BOUND('',#9290,.F.);
#9292=ADVANCED_FACE('',(#9291),#9285,.T.);
#9293=CARTESIAN_POINT('',(4.75E1,-3.356430136872E0,-3.738715831640E0));
#9294=DIRECTION('',(0.E0,-8.741457380055E-2,9.961720194260E-1));
#9295=DIRECTION('',(1.E0,0.E0,0.E0));
#9296=AXIS2_PLACEMENT_3D('',#9293,#9294,#9295);
#9297=CYLINDRICAL_SURFACE('',#9296,2.05E0);
#9298=ORIENTED_EDGE('',*,*,#5709,.F.);
#9300=ORIENTED_EDGE('',*,*,#9299,.T.);
#9301=ORIENTED_EDGE('',*,*,#9010,.T.);
#9303=ORIENTED_EDGE('',*,*,#9302,.F.);
#9304=EDGE_LOOP('',(#9298,#9300,#9301,#9303));
#9305=FACE_OUTER_BOUND('',#9304,.F.);
#9306=ADVANCED_FACE('',(#9305),#9297,.T.);
#9307=CARTESIAN_POINT('',(4.75E1,-3.356430136872E0,-3.738715831640E0));
#9308=DIRECTION('',(0.E0,-8.741457380055E-2,9.961720194260E-1));
#9309=DIRECTION('',(1.E0,0.E0,0.E0));
#9310=AXIS2_PLACEMENT_3D('',#9307,#9308,#9309);
#9311=CYLINDRICAL_SURFACE('',#9310,2.05E0);
#9312=ORIENTED_EDGE('',*,*,#5711,.F.);
#9313=ORIENTED_EDGE('',*,*,#9302,.T.);
#9314=ORIENTED_EDGE('',*,*,#9012,.T.);
#9315=ORIENTED_EDGE('',*,*,#9299,.F.);
#9316=EDGE_LOOP('',(#9312,#9313,#9314,#9315));
#9317=FACE_OUTER_BOUND('',#9316,.F.);
#9318=ADVANCED_FACE('',(#9317),#9311,.T.);
#9319=CARTESIAN_POINT('',(-6.E1,5.132215459584E0,-6.986533813531E0));
#9320=DIRECTION('',(0.E0,9.978778322235E-1,6.511399202186E-2));
#9321=DIRECTION('',(-1.E0,0.E0,0.E0));
#9322=AXIS2_PLACEMENT_3D('',#9319,#9320,#9321);
#9323=CYLINDRICAL_SURFACE('',#9322,7.5E0);
#9325=ORIENTED_EDGE('',*,*,#9324,.F.);
#9327=ORIENTED_EDGE('',*,*,#9326,.F.);
#9329=ORIENTED_EDGE('',*,*,#9328,.F.);
#9330=ORIENTED_EDGE('',*,*,#5510,.F.);
#9331=EDGE_LOOP('',(#9325,#9327,#9329,#9330));
#9332=FACE_OUTER_BOUND('',#9331,.F.);
#9333=ADVANCED_FACE('',(#9332),#9323,.F.);
#9334=CARTESIAN_POINT('',(-6.E1,5.132215459584E0,-6.986533813531E0));
#9335=DIRECTION('',(0.E0,9.978778322235E-1,6.511399202186E-2));
#9336=DIRECTION('',(-1.E0,0.E0,0.E0));
#9337=AXIS2_PLACEMENT_3D('',#9334,#9335,#9336);
#9338=CYLINDRICAL_SURFACE('',#9337,7.5E0);
#9339=ORIENTED_EDGE('',*,*,#9324,.T.);
#9340=ORIENTED_EDGE('',*,*,#5512,.F.);
#9341=ORIENTED_EDGE('',*,*,#9328,.T.);
#9343=ORIENTED_EDGE('',*,*,#9342,.F.);
#9344=EDGE_LOOP('',(#9339,#9340,#9341,#9343));
#9345=FACE_OUTER_BOUND('',#9344,.F.);
#9346=ADVANCED_FACE('',(#9345),#9338,.F.);
#9347=CARTESIAN_POINT('',(-6.E1,3.635398711249E0,-7.084204801564E0));
#9348=DIRECTION('',(0.E0,-9.978778322235E-1,-6.511399202186E-2));
#9349=DIRECTION('',(-1.E0,0.E0,0.E0));
#9350=AXIS2_PLACEMENT_3D('',#9347,#9348,#9349);
#9351=PLANE('',#9350);
#9352=ORIENTED_EDGE('',*,*,#9326,.T.);
#9353=ORIENTED_EDGE('',*,*,#9342,.T.);
#9354=EDGE_LOOP('',(#9352,#9353));
#9355=FACE_OUTER_BOUND('',#9354,.F.);
#9356=ADVANCED_FACE('',(#9355),#9351,.F.);
#9357=CARTESIAN_POINT('',(0.E0,5.132215459584E0,-6.986533813531E0));
#9358=DIRECTION('',(0.E0,9.978778322235E-1,6.511399202186E-2));
#9359=DIRECTION('',(1.E0,0.E0,0.E0));
#9360=AXIS2_PLACEMENT_3D('',#9357,#9358,#9359);
#9361=CYLINDRICAL_SURFACE('',#9360,7.5E0);
#9363=ORIENTED_EDGE('',*,*,#9362,.F.);
#9365=ORIENTED_EDGE('',*,*,#9364,.F.);
#9367=ORIENTED_EDGE('',*,*,#9366,.F.);
#9368=ORIENTED_EDGE('',*,*,#5516,.F.);
#9369=EDGE_LOOP('',(#9363,#9365,#9367,#9368));
#9370=FACE_OUTER_BOUND('',#9369,.F.);
#9371=ADVANCED_FACE('',(#9370),#9361,.F.);
#9372=CARTESIAN_POINT('',(0.E0,5.132215459584E0,-6.986533813531E0));
#9373=DIRECTION('',(0.E0,9.978778322235E-1,6.511399202186E-2));
#9374=DIRECTION('',(1.E0,0.E0,0.E0));
#9375=AXIS2_PLACEMENT_3D('',#9372,#9373,#9374);
#9376=CYLINDRICAL_SURFACE('',#9375,7.5E0);
#9377=ORIENTED_EDGE('',*,*,#9362,.T.);
#9378=ORIENTED_EDGE('',*,*,#5518,.F.);
#9379=ORIENTED_EDGE('',*,*,#9366,.T.);
#9381=ORIENTED_EDGE('',*,*,#9380,.F.);
#9382=EDGE_LOOP('',(#9377,#9378,#9379,#9381));
#9383=FACE_OUTER_BOUND('',#9382,.F.);
#9384=ADVANCED_FACE('',(#9383),#9376,.F.);
#9385=CARTESIAN_POINT('',(0.E0,3.635398711249E0,-7.084204801564E0));
#9386=DIRECTION('',(0.E0,9.978778322235E-1,6.511399202186E-2));
#9387=DIRECTION('',(1.E0,0.E0,0.E0));
#9388=AXIS2_PLACEMENT_3D('',#9385,#9386,#9387);
#9389=PLANE('',#9388);
#9390=ORIENTED_EDGE('',*,*,#9364,.T.);
#9391=ORIENTED_EDGE('',*,*,#9380,.T.);
#9392=EDGE_LOOP('',(#9390,#9391));
#9393=FACE_OUTER_BOUND('',#9392,.F.);
#9394=ADVANCED_FACE('',(#9393),#9389,.T.);
#9398=DIMENSIONAL_EXPONENTS(0.E0,0.E0,0.E0,0.E0,0.E0,0.E0,0.E0);
#9400=PLANE_ANGLE_MEASURE_WITH_UNIT(PLANE_ANGLE_MEASURE(1.745329251994E-2),
#9399);
#9401=(CONVERSION_BASED_UNIT('DEGREE',#9400)NAMED_UNIT(*)PLANE_ANGLE_UNIT());
#9403=UNCERTAINTY_MEASURE_WITH_UNIT(LENGTH_MEASURE(1.637937587684E-2),#9397,
'closure',
'Maximum model space distance between geometric entities at asserted connectivities');
#9404=(GEOMETRIC_REPRESENTATION_CONTEXT(3)GLOBAL_UNCERTAINTY_ASSIGNED_CONTEXT((
#9403))GLOBAL_UNIT_ASSIGNED_CONTEXT((#9397,#9401,#9402))REPRESENTATION_CONTEXT(
'ID2','3'));
#9405=CARTESIAN_POINT('',(0.E0,0.E0,0.E0));
#9406=DIRECTION('',(0.E0,0.E0,1.E0));
#9407=DIRECTION('',(1.E0,0.E0,0.E0));
#9410=MECHANICAL_CONTEXT('',#1624,'mechanical');
#9411=PRODUCT('_X2_5B9E4F53_X0_11_1_1','_X2_5B9E4F53_X0_11_1_1','NOT SPECIFIED',
(#9410));
#9412=PRODUCT_DEFINITION_FORMATION_WITH_SPECIFIED_SOURCE('1','LAST_VERSION',
#9411,.MADE.);
#9418=CARTESIAN_POINT('',(3.979039320257E-13,-9.275100388401E1,
5.636164216144E0));
#9419=DIRECTION('',(0.E0,-9.978778322235E-1,6.511399202186E-2));
#9420=DIRECTION('',(1.E0,0.E0,0.E0));
#9421=AXIS2_PLACEMENT_3D('',#9418,#9419,#9420);
#9422=ITEM_DEFINED_TRANSFORMATION('','',#9408,#9421);
#9423=CARTESIAN_POINT('',(0.E0,0.E0,0.E0));
#9424=DIRECTION('',(0.E0,0.E0,1.E0));
#9425=DIRECTION('',(1.E0,0.E0,0.E0));
#9427=(REPRESENTATION_RELATIONSHIP('','',#9409,#1635)REPRESENTATION_RELATIONSHIP_WITH_TRANSFORMATION(#9422)SHAPE_REPRESENTATION_RELATIONSHIP());
#9428=CONTEXT_DEPENDENT_SHAPE_REPRESENTATION(#9427,#9417);
#9429=DIRECTION('',(0.E0,9.978778322234E-1,6.511399202191E-2));
#9430=VECTOR('',#9429,1.5E0);
#9431=CARTESIAN_POINT('',(5.25E1,5.132215459584E0,-6.986533813531E0));
#9432=LINE('',#9431,#9430);
#9433=DIRECTION('',(0.E0,-9.978778322234E-1,-6.511399202191E-2));
#9434=VECTOR('',#9433,1.5E0);
#9435=CARTESIAN_POINT('',(6.75E1,6.629032207919E0,-6.888862825498E0));
#9436=LINE('',#9435,#9434);
#9437=CARTESIAN_POINT('',(6.749843620789E1,4.920058034489E0,-3.735202035673E0));
#9438=DIRECTION('',(0.E0,9.978778322235E-1,6.511399202186E-2));
#9439=DIRECTION('',(1.250850075546E-4,-6.511399151246E-2,9.978778244169E-1));
#9440=AXIS2_PLACEMENT_3D('',#9437,#9438,#9439);
#9442=CARTESIAN_POINT('',(6.749843620788E1,5.344372884679E0,-1.023786559139E1));
#9443=DIRECTION('',(0.E0,9.978778322235E-1,6.511399202186E-2));
#9444=DIRECTION('',(9.999999921801E-1,-8.143101514383E-6,1.247937691186E-4));
#9445=AXIS2_PLACEMENT_3D('',#9442,#9443,#9444);
#9447=CARTESIAN_POINT('',(-6.749843620788E1,5.344372884679E0,
-1.023786559139E1));
#9448=DIRECTION('',(0.E0,9.978778322235E-1,6.511399202186E-2));
#9449=DIRECTION('',(-1.250850069748E-4,6.511399151246E-2,-9.978778244169E-1));
#9450=AXIS2_PLACEMENT_3D('',#9447,#9448,#9449);
#9452=CARTESIAN_POINT('',(-6.749843620789E1,4.920058034489E0,
-3.735202035673E0));
#9453=DIRECTION('',(0.E0,9.978778322235E-1,6.511399202186E-2));
#9454=DIRECTION('',(-9.999999921801E-1,8.143100852098E-6,-1.247937589693E-4));
#9455=AXIS2_PLACEMENT_3D('',#9452,#9453,#9454);
#9457=CARTESIAN_POINT('',(6.E1,5.132215459584E0,-6.986533813531E0));
#9458=DIRECTION('',(0.E0,-9.978778322235E-1,-6.511399202186E-2));
#9459=DIRECTION('',(-1.E0,0.E0,0.E0));
#9460=AXIS2_PLACEMENT_3D('',#9457,#9458,#9459);
#9462=CARTESIAN_POINT('',(6.E1,5.132215459584E0,-6.986533813531E0));
#9463=DIRECTION('',(0.E0,-9.978778322235E-1,-6.511399202186E-2));
#9464=DIRECTION('',(1.E0,0.E0,0.E0));
#9465=AXIS2_PLACEMENT_3D('',#9462,#9463,#9464);
#9467=CARTESIAN_POINT('',(-6.E1,5.132215459584E0,-6.986533813531E0));
#9468=DIRECTION('',(0.E0,-9.978778322235E-1,-6.511399202186E-2));
#9469=DIRECTION('',(-1.E0,0.E0,0.E0));
#9470=AXIS2_PLACEMENT_3D('',#9467,#9468,#9469);
#9472=CARTESIAN_POINT('',(-6.E1,5.132215459584E0,-6.986533813531E0));
#9473=DIRECTION('',(0.E0,-9.978778322235E-1,-6.511399202186E-2));
#9474=DIRECTION('',(1.E0,0.E0,0.E0));
#9475=AXIS2_PLACEMENT_3D('',#9472,#9473,#9474);
#9477=CARTESIAN_POINT('',(0.E0,5.132215459584E0,-6.986533813531E0));
#9478=DIRECTION('',(0.E0,-9.978778322235E-1,-6.511399202186E-2));
#9479=DIRECTION('',(1.E0,0.E0,0.E0));
#9480=AXIS2_PLACEMENT_3D('',#9477,#9478,#9479);
#9482=CARTESIAN_POINT('',(0.E0,5.132215459584E0,-6.986533813531E0));
#9483=DIRECTION('',(0.E0,-9.978778322235E-1,-6.511399202186E-2));
#9484=DIRECTION('',(-1.E0,0.E0,0.E0));
#9485=AXIS2_PLACEMENT_3D('',#9482,#9483,#9484);
#9487=DIRECTION('',(-2.343133453668E-6,-9.978792857164E-1,-6.509171324105E-2));
#9488=VECTOR('',#9487,2.049959252532E1);
#9489=CARTESIAN_POINT('',(6.750004801993E1,2.456215005620E1,1.007418493746E1));
#9490=LINE('',#9489,#9488);
#9491=DIRECTION('',(-1.E0,-1.187461669424E-13,1.832450268369E-12));
#9492=VECTOR('',#9491,1.349999979785E2);
#9493=CARTESIAN_POINT('',(6.749999998665E1,4.106031309558E0,8.739831339240E0));
#9494=LINE('',#9493,#9492);
#9495=DIRECTION('',(4.582381815746E-7,9.978795138001E-1,6.508821658255E-2));
#9496=VECTOR('',#9495,2.049932040067E1);
#9497=CARTESIAN_POINT('',(-6.749999799181E1,4.106031309542E0,8.739831339487E0));
#9498=LINE('',#9497,#9496);
#9499=DIRECTION('',(9.999999999988E-1,8.417221012820E-7,1.281055048346E-6));
#9500=VECTOR('',#9499,1.349849608700E2);
#9501=CARTESIAN_POINT('',(-6.749082191343E1,2.562535454751E1,9.140867151742E0));
#9502=LINE('',#9501,#9500);
#9503=DIRECTION('',(4.176835832668E-3,-7.516089808225E-1,6.595957049507E-1));
#9504=VECTOR('',#9503,1.414722466422E0);
#9505=CARTESIAN_POINT('',(6.749413895644E1,2.562546816734E1,9.141040074907E0));
#9506=LINE('',#9505,#9504);
#9507=DIRECTION('',(-9.999999999978E-1,-1.976829153243E-6,-6.621623044439E-7));
#9508=VECTOR('',#9507,1.350000366185E2);
#9509=CARTESIAN_POINT('',(6.750004801993E1,2.456215005620E1,1.007418493746E1));
#9510=LINE('',#9509,#9508);
#9511=DIRECTION('',(6.478634068201E-3,7.516176186571E-1,-6.595672692189E-1));
#9512=VECTOR('',#9511,1.414910104446E0);
#9513=CARTESIAN_POINT('',(-6.749998859824E1,2.456188318419E1,1.007409554552E1));
#9514=LINE('',#9513,#9512);
#9515=CARTESIAN_POINT('',(6.749483350339E1,2.680143484876E1,-8.834035843482E0));
#9516=DIRECTION('',(-3.143528854431E-4,-9.978993429336E-1,-6.478273346384E-2));
#9517=DIRECTION('',(-1.045359762591E-3,6.478302918971E-2,-9.978988257093E-1));
#9518=AXIS2_PLACEMENT_3D('',#9515,#9516,#9517);
#9520=CARTESIAN_POINT('',(6.749470950516E1,2.637751551968E1,-2.338474758550E0));
#9521=DIRECTION('',(-3.160953681240E-4,-9.978583157188E-1,-6.541163378557E-2));
#9522=DIRECTION('',(9.999990345688E-1,-2.269080442733E-4,-1.370902680215E-3));
#9523=AXIS2_PLACEMENT_3D('',#9520,#9521,#9522);
#9525=CARTESIAN_POINT('',(-6.749508938061E1,2.637726763563E1,
-2.338519151601E0));
#9526=DIRECTION('',(2.924327302751E-4,-9.978575518874E-1,-6.542339508441E-2));
#9527=DIRECTION('',(1.054219312196E-3,-6.542305389896E-2,9.978570602246E-1));
#9528=AXIS2_PLACEMENT_3D('',#9525,#9526,#9527);
#9530=CARTESIAN_POINT('',(-6.749446012804E1,2.680165529954E1,
-8.834038997706E0));
#9531=DIRECTION('',(3.354187694756E-4,-9.978984683605E-1,-6.479609817030E-2));
#9532=DIRECTION('',(-9.999989982594E-1,-4.238164551009E-4,1.350503508842E-3));
#9533=AXIS2_PLACEMENT_3D('',#9530,#9531,#9532);
#9535=DIRECTION('',(-9.999999999997E-1,4.959353267907E-8,-7.600250529458E-7));
#9536=VECTOR('',#9535,1.350001493238E2);
#9537=CARTESIAN_POINT('',(6.750011300131E1,2.746936340014E1,-1.911518297867E1));
#9538=LINE('',#9537,#9536);
#9539=CARTESIAN_POINT('',(-6.749847530252E1,2.679875303227E1,
-8.838018279777E0));
#9540=DIRECTION('',(-2.684860086193E-12,9.978778322238E-1,6.511399201694E-2));
#9541=DIRECTION('',(-1.519129122831E-4,6.511399126560E-2,-9.978778207095E-1));
#9542=AXIS2_PLACEMENT_3D('',#9539,#9540,#9541);
#9544=DIRECTION('',(1.559603141816E-5,-6.511399201618E-2,9.978778321019E-1));
#9545=VECTOR('',#9544,6.513224672725E0);
#9546=CARTESIAN_POINT('',(-7.779762539498E1,2.679863882791E1,
-8.836268088278E0));
#9547=LINE('',#9546,#9545);
#9548=CARTESIAN_POINT('',(-6.749832999842E1,2.637443391788E1,
-2.335289375983E0));
#9549=DIRECTION('',(1.551957528897E-12,9.978778322236E-1,6.511399202024E-2));
#9550=DIRECTION('',(-9.999999878598E-1,1.014615429827E-5,-1.554907108343E-4));
#9551=AXIS2_PLACEMENT_3D('',#9548,#9549,#9550);
#9553=DIRECTION('',(9.999999999997E-1,-4.810831895142E-8,7.372647340570E-7));
#9554=VECTOR('',#9553,1.350001765623E2);
#9555=CARTESIAN_POINT('',(-6.750014821779E1,2.570381409798E1,7.942020175593E0));
#9556=LINE('',#9555,#9554);
#9557=CARTESIAN_POINT('',(6.749847502082E1,2.637442468168E1,-2.335147830007E0));
#9558=DIRECTION('',(0.E0,9.978778322235E-1,6.511399202186E-2));
#9559=DIRECTION('',(1.518983691808E-4,-6.511399127067E-2,9.978778207114E-1));
#9560=AXIS2_PLACEMENT_3D('',#9557,#9558,#9559);
#9562=DIRECTION('',(-1.554266903962E-5,6.511399201364E-2,-9.978778321029E-1));
#9563=VECTOR('',#9562,6.513252296284E0);
#9564=CARTESIAN_POINT('',(7.779762540445E1,2.637453890791E1,-2.336898357313E0));
#9565=LINE('',#9564,#9563);
#9566=CARTESIAN_POINT('',(6.749833353526E1,2.679874362914E1,-8.837874176838E0));
#9567=DIRECTION('',(0.E0,9.978778322235E-1,6.511399202186E-2));
#9568=DIRECTION('',(9.999999885621E-1,-9.848329386405E-6,1.509265408881E-4));
#9569=AXIS2_PLACEMENT_3D('',#9566,#9567,#9568);
#9571=DIRECTION('',(9.999999999979E-1,-1.991092532381E-6,3.957614490103E-7));
#9572=VECTOR('',#9571,1.350000372288E2);
#9573=CARTESIAN_POINT('',(-6.750004683222E1,2.661449942167E1,
-2.137762098926E1));
#9574=LINE('',#9573,#9572);
#9575=DIRECTION('',(-6.541366641555E-3,6.595233756779E-1,7.516555909836E-1));
#9576=VECTOR('',#9575,1.414894650045E0);
#9577=CARTESIAN_POINT('',(6.749999039631E1,2.661423062411E1,-2.137756756145E1));
#9578=LINE('',#9577,#9576);
#9579=DIRECTION('',(-9.999999999989E-1,9.681995771991E-7,-1.153342815637E-6));
#9580=VECTOR('',#9579,1.349847763259E2);
#9581=CARTESIAN_POINT('',(6.749073505164E1,2.754738671993E1,-2.031405408709E1));
#9582=LINE('',#9581,#9580);
#9583=DIRECTION('',(-4.245083182319E-3,-6.595122201311E-1,-7.516818547541E-1));
#9584=VECTOR('',#9583,1.414709177456E0);
#9585=CARTESIAN_POINT('',(-6.749404127408E1,2.754751741214E1,
-2.031420977081E1));
#9586=LINE('',#9585,#9584);
#9587=DIRECTION('',(1.E0,9.767989007129E-14,-1.509561218905E-12));
#9588=VECTOR('',#9587,1.349999983381E2);
#9589=CARTESIAN_POINT('',(-6.749999998664E1,6.158399609610E0,
-2.271289896630E1));
#9590=LINE('',#9589,#9588);
#9591=DIRECTION('',(-3.880670405673E-7,9.978761268259E-1,6.514012212772E-2));
#9592=VECTOR('',#9591,2.049936907455E1);
#9593=CARTESIAN_POINT('',(6.749999835144E1,6.158399609624E0,-2.271289896651E1));
#9594=LINE('',#9593,#9592);
#9595=DIRECTION('',(2.285191261215E-6,-9.978763518696E-1,-6.513667457165E-2));
#9596=VECTOR('',#9595,2.049963382110E1);
#9597=CARTESIAN_POINT('',(-6.750004683222E1,2.661449942167E1,
-2.137762098926E1));
#9598=LINE('',#9597,#9596);
#9599=CARTESIAN_POINT('',(6.749843620788E1,2.579877862945E1,-8.903165120580E0));
#9600=DIRECTION('',(0.E0,9.978778322235E-1,6.511399202186E-2));
#9601=DIRECTION('',(9.999999921804E-1,-8.142923600753E-6,1.247910425750E-4));
#9602=AXIS2_PLACEMENT_3D('',#9599,#9600,#9601);
#9604=CARTESIAN_POINT('',(7.899901168333E1,2.679805371195E1,-8.829365629197E0));
#9605=CARTESIAN_POINT('',(7.933241328797E1,2.646531192234E1,-8.850871999811E0));
#9606=CARTESIAN_POINT('',(7.966607832714E1,2.613302335417E1,-8.879895042617E0));
#9607=CARTESIAN_POINT('',(7.999947994992E1,2.580028618599E1,-8.901472515588E0));
#9609=DIRECTION('',(-2.251732952012E-6,-6.512520472977E-2,9.978771005008E-1));
#9610=VECTOR('',#9609,6.513245819966E0);
#9611=CARTESIAN_POINT('',(7.999947994992E1,2.580028618599E1,-8.901472515588E0));
#9612=LINE('',#9611,#9610);
#9613=CARTESIAN_POINT('',(7.999946528383E1,2.537610971851E1,-2.402053661911E0));
#9614=CARTESIAN_POINT('',(7.966606051863E1,2.570883996614E1,-2.380219990566E0));
#9615=CARTESIAN_POINT('',(7.933238812382E1,2.604226742612E1,-2.368279967871E0));
#9616=CARTESIAN_POINT('',(7.899898337867E1,2.637499231104E1,-2.346364420443E0));
#9618=DIRECTION('',(4.356714258264E-6,6.511852380234E-2,-9.978775364937E-1));
#9619=VECTOR('',#9618,6.496790409305E0);
#9620=CARTESIAN_POINT('',(7.899898337867E1,2.637499231104E1,-2.346364420443E0));
#9621=LINE('',#9620,#9619);
#9622=DIRECTION('',(2.536882584033E-5,-9.978777447562E-1,-6.511532751050E-2));
#9623=VECTOR('',#9622,2.049952031595E1);
#9624=CARTESIAN_POINT('',(7.999947994992E1,2.580028618599E1,-8.901472515588E0));
#9625=LINE('',#9624,#9623);
#9626=DIRECTION('',(-3.401564592512E-10,-6.511399202186E-2,9.978778322235E-1));
#9627=VECTOR('',#9626,6.513348357710E0);
#9628=CARTESIAN_POINT('',(7.999999999868E1,5.344271084523E0,-1.023630549477E1));
#9629=LINE('',#9628,#9627);
#9630=DIRECTION('',(-2.608424666260E-5,9.978780704317E-1,6.511033613185E-2));
#9631=VECTOR('',#9630,2.049944712998E1);
#9632=CARTESIAN_POINT('',(7.999999999646E1,4.920160971523E0,-3.736779555061E0));
#9633=LINE('',#9632,#9631);
#9634=CARTESIAN_POINT('',(6.749843620789E1,2.537463760252E1,-2.400490222469E0));
#9635=DIRECTION('',(0.E0,9.978778322235E-1,6.511399202186E-2));
#9636=DIRECTION('',(1.250877191398E-4,-6.511399151244E-2,9.978778244166E-1));
#9637=AXIS2_PLACEMENT_3D('',#9634,#9635,#9636);
#9639=CARTESIAN_POINT('',(-6.749843620788E1,2.579894088466E1,
-8.903154533027E0));
#9640=DIRECTION('',(0.E0,9.978778322235E-1,6.511399202186E-2));
#9641=DIRECTION('',(-1.250877193592E-4,6.511399151244E-2,-9.978778244166E-1));
#9642=AXIS2_PLACEMENT_3D('',#9639,#9640,#9641);
#9644=CARTESIAN_POINT('',(-7.899902229055E1,2.637482117728E1,
-2.343689018639E0));
#9645=CARTESIAN_POINT('',(-7.933242599271E1,2.604210270551E1,
-2.365596380288E0));
#9646=CARTESIAN_POINT('',(-7.966608514279E1,2.570885302436E1,
-2.380148873309E0));
#9647=CARTESIAN_POINT('',(-7.999948886176E1,2.537613001644E1,
-2.401986976401E0));
#9649=DIRECTION('',(4.487145403394E-6,6.511778618557E-2,-9.978775846276E-1));
#9650=VECTOR('',#9649,6.513248824108E0);
#9651=CARTESIAN_POINT('',(-7.999948886176E1,2.537613001644E1,
-2.401986976401E0));
#9652=LINE('',#9651,#9650);
#9653=CARTESIAN_POINT('',(-7.999945963587E1,2.580025836075E1,
-8.901411981080E0));
#9654=CARTESIAN_POINT('',(-7.966605723493E1,2.613300178688E1,
-8.879828224876E0));
#9655=CARTESIAN_POINT('',(-7.933238256930E1,2.646510285625E1,
-8.847839910715E0));
#9656=CARTESIAN_POINT('',(-7.899898019134E1,2.679785203632E1,
-8.826344686882E0));
#9658=DIRECTION('',(-6.480348048183E-6,-6.511729866638E-2,9.978776164302E-1));
#9659=VECTOR('',#9658,6.496443613430E0);
#9660=CARTESIAN_POINT('',(-7.899898019134E1,2.679785203632E1,
-8.826344686882E0));
#9661=LINE('',#9660,#9659);
#9662=CARTESIAN_POINT('',(-6.749843620789E1,2.537447871147E1,
-2.400500590502E0));
#9663=DIRECTION('',(0.E0,9.978778322235E-1,6.511399202186E-2));
#9664=DIRECTION('',(-9.999999921804E-1,8.142923595922E-6,-1.247910425013E-4));
#9665=AXIS2_PLACEMENT_3D('',#9662,#9663,#9664);
#9667=DIRECTION('',(-2.493415097259E-5,-9.978779187551E-1,-6.511266112905E-2));
#9668=VECTOR('',#9667,2.049947172628E1);
#9669=CARTESIAN_POINT('',(-7.999948886176E1,2.537613001644E1,
-2.401986976401E0));
#9670=LINE('',#9669,#9668);
#9671=DIRECTION('',(3.301070371726E-10,6.511399202186E-2,-9.978778322235E-1));
#9672=VECTOR('',#9671,6.513348933200E0);
#9673=CARTESIAN_POINT('',(-7.999999999868E1,4.920159834641E0,
-3.736762132239E0));
#9674=LINE('',#9673,#9672);
#9675=DIRECTION('',(2.635970437182E-5,9.978776007292E-1,6.511753426009E-2));
#9676=VECTOR('',#9675,2.049949649204E1);
#9677=CARTESIAN_POINT('',(-7.999999999653E1,5.344269985113E0,
-1.023628864622E1));
#9678=LINE('',#9677,#9676);
#9679=DIRECTION('',(-4.080102919682E-7,-9.978715684088E-1,-6.520991459264E-2));
#9680=VECTOR('',#9679,1.499999958690E1);
#9681=CARTESIAN_POINT('',(6.750011300131E1,2.746936340014E1,-1.911518297867E1));
#9682=LINE('',#9681,#9680);
#9683=DIRECTION('',(-9.999999999995E-1,-6.513578561624E-8,9.852778189814E-7));
#9684=VECTOR('',#9683,1.350001482040E2);
#9685=CARTESIAN_POINT('',(6.750010688115E1,1.250129028622E1,-2.009333167062E1));
#9686=LINE('',#9685,#9684);
#9687=DIRECTION('',(3.333550708476E-7,9.978725947965E-1,6.519420644547E-2));
#9688=VECTOR('',#9687,1.499999967976E1);
#9689=CARTESIAN_POINT('',(-6.750004132278E1,1.250128149288E1,
-2.009319865797E1));
#9690=LINE('',#9689,#9688);
#9691=CARTESIAN_POINT('',(6.749979265268E1,1.227239685894E1,-1.660301722019E1));
#9692=DIRECTION('',(9.999999911743E-1,-5.024662301097E-5,1.229903974714E-4));
#9693=DIRECTION('',(5.930347335708E-5,-6.595715850430E-1,-7.516417502288E-1));
#9694=AXIS2_PLACEMENT_3D('',#9691,#9692,#9693);
#9696=CARTESIAN_POINT('',(6.749893571835E1,1.183143657995E1,-9.815677929878E0));
#9697=DIRECTION('',(-4.214099256191E-5,-9.978826846047E-1,-6.503957249488E-2));
#9698=DIRECTION('',(1.033004487430E-4,6.503956786164E-2,-9.978826804497E-1));
#9699=AXIS2_PLACEMENT_3D('',#9696,#9697,#9698);
#9701=CARTESIAN_POINT('',(7.43E1,1.140636585670E1,-3.313522909880E0));
#9702=DIRECTION('',(0.E0,6.511399202186E-2,-9.978778322235E-1));
#9703=DIRECTION('',(7.071067872358E-1,-7.056061759245E-1,-4.604254491489E-2));
#9704=AXIS2_PLACEMENT_3D('',#9701,#9702,#9703);
#9706=CARTESIAN_POINT('',(7.43E1,1.183047670300E1,-9.813060087466E0));
#9707=DIRECTION('',(0.E0,-6.511399202186E-2,9.978778322235E-1));
#9708=DIRECTION('',(-2.272227054537E-5,-9.978778319659E-1,-6.511399200505E-2));
#9709=AXIS2_PLACEMENT_3D('',#9706,#9707,#9708);
#9711=CARTESIAN_POINT('',(7.43E1,1.183047689436E1,-9.813063020123E0));
#9712=DIRECTION('',(0.E0,-6.511399202186E-2,9.978778322235E-1));
#9713=DIRECTION('',(7.071067756363E-1,-7.056061874994E-1,-4.604254567018E-2));
#9714=AXIS2_PLACEMENT_3D('',#9711,#9712,#9713);
#9716=CARTESIAN_POINT('',(7.43E1,1.140636570303E1,-3.313520554842E0));
#9717=DIRECTION('',(0.E0,6.511399202186E-2,-9.978778322235E-1));
#9718=DIRECTION('',(1.E0,6.086501309304E-8,3.971592324855E-9));
#9719=AXIS2_PLACEMENT_3D('',#9716,#9717,#9718);
#9721=CARTESIAN_POINT('',(6.749676478428E1,1.140481440730E1,-3.313288846620E0));
#9722=DIRECTION('',(1.243044183430E-4,-9.978845535665E-1,-6.501078604276E-2));
#9723=DIRECTION('',(9.999999917545E-1,1.261373486479E-4,-2.408976449569E-5));
#9724=AXIS2_PLACEMENT_3D('',#9721,#9722,#9723);
#9726=CARTESIAN_POINT('',(6.749885350170E1,1.096179460457E1,3.476257869395E0));
#9727=DIRECTION('',(9.999999451584E-1,1.439979340245E-4,-2.982413190606E-4));
#9728=DIRECTION('',(3.069307231605E-4,-6.468092602888E-2,9.979059492766E-1));
#9729=AXIS2_PLACEMENT_3D('',#9726,#9727,#9728);
#9731=CARTESIAN_POINT('',(6.750000515452E1,1.096338697345E1,3.475168645025E0));
#9732=DIRECTION('',(-1.E0,0.E0,0.E0));
#9733=DIRECTION('',(0.E0,-9.978799467398E-1,-6.508157876536E-2));
#9734=AXIS2_PLACEMENT_3D('',#9731,#9732,#9733);
#9736=CARTESIAN_POINT('',(-6.750000248733E1,1.096338697345E1,3.475168645025E0));
#9737=DIRECTION('',(1.E0,0.E0,0.E0));
#9738=DIRECTION('',(0.E0,-7.516487310756E-1,6.595636323149E-1));
#9739=AXIS2_PLACEMENT_3D('',#9736,#9737,#9738);
#9741=DIRECTION('',(9.999999999992E-1,-4.295679225968E-7,-1.179552761548E-6));
#9742=VECTOR('',#9741,1.350004375543E2);
#9743=CARTESIAN_POINT('',(-6.749972037102E1,8.780926869924E0,
-1.682965591705E1));
#9744=LINE('',#9743,#9742);
#9745=CARTESIAN_POINT('',(6.749878820991E1,8.338492846801E0,-1.004333952844E1));
#9746=DIRECTION('',(-4.214099256191E-5,-9.978826846047E-1,-6.503957249488E-2));
#9747=DIRECTION('',(5.551942886759E-4,6.503953918181E-2,-9.978825332184E-1));
#9748=AXIS2_PLACEMENT_3D('',#9745,#9746,#9747);
#9750=DIRECTION('',(3.963096233521E-6,-6.512420801954E-2,9.978771655440E-1));
#9751=VECTOR('',#9750,6.513022992419E0);
#9752=CARTESIAN_POINT('',(7.429987270906E1,8.337950852199E0,-1.004092594552E1));
#9753=LINE('',#9752,#9751);
#9754=CARTESIAN_POINT('',(6.749719977104E1,7.912850280262E0,-3.540785436201E0));
#9755=DIRECTION('',(1.243044183430E-4,-9.978845535665E-1,-6.501078604276E-2));
#9756=DIRECTION('',(9.999999534893E-1,1.421478323902E-4,-2.698431256018E-4));
#9757=AXIS2_PLACEMENT_3D('',#9754,#9755,#9756);
#9759=DIRECTION('',(-9.999999999999E-1,2.927499969838E-7,2.804324691765E-7));
#9760=VECTOR('',#9759,1.350010259034E2);
#9761=CARTESIAN_POINT('',(6.749996033263E1,7.470740261691E0,3.247405651599E0));
#9762=LINE('',#9761,#9760);
#9763=CARTESIAN_POINT('',(-6.749879716356E1,7.914102723260E0,
-3.538980039189E0));
#9764=DIRECTION('',(4.665457441777E-5,-9.978726796892E-1,-6.519289035772E-2));
#9765=DIRECTION('',(-7.074568174212E-4,-6.519290705019E-2,9.978724289082E-1));
#9766=AXIS2_PLACEMENT_3D('',#9763,#9764,#9765);
#9768=DIRECTION('',(-1.601362934055E-5,6.510233489725E-2,-9.978785926827E-1));
#9769=VECTOR('',#9768,6.512470498469E0);
#9770=CARTESIAN_POINT('',(-7.429989442288E1,7.913932904801E0,
-3.542788762203E0));
#9771=LINE('',#9770,#9769);
#9772=CARTESIAN_POINT('',(-6.749920668947E1,8.338402972242E0,
-1.004320137229E1));
#9773=DIRECTION('',(6.314374161035E-5,-9.978799533358E-1,-6.508144699784E-2));
#9774=DIRECTION('',(-9.999999722235E-1,-7.778864825027E-5,2.224903332278E-4));
#9775=AXIS2_PLACEMENT_3D('',#9772,#9773,#9774);
#9777=CARTESIAN_POINT('',(6.750000249664E1,1.227345576462E1,-1.660175437580E1));
#9778=DIRECTION('',(-1.E0,0.E0,0.E0));
#9779=DIRECTION('',(0.E0,-6.595636405921E-1,-7.516487238124E-1));
#9780=AXIS2_PLACEMENT_3D('',#9777,#9778,#9779);
#9782=CARTESIAN_POINT('',(-6.750007742006E1,1.227239329965E1,
-1.660248308176E1));
#9783=DIRECTION('',(-9.999999934425E-1,-6.922774895887E-5,9.122786874316E-5));
#9784=DIRECTION('',(-2.292140248626E-5,-6.594953264252E-1,-7.517086629127E-1));
#9785=AXIS2_PLACEMENT_3D('',#9782,#9783,#9784);
#9787=CARTESIAN_POINT('',(-6.749942771117E1,1.183127685062E1,
-9.815397130478E0));
#9788=DIRECTION('',(6.314374161035E-5,-9.978799533358E-1,-6.508144699784E-2));
#9789=DIRECTION('',(-9.999999713141E-1,-7.804701104443E-5,2.264517557587E-4));
#9790=AXIS2_PLACEMENT_3D('',#9787,#9788,#9789);
#9792=CARTESIAN_POINT('',(-6.749987349060E1,1.227239331356E1,
-1.660248309732E1));
#9793=DIRECTION('',(-9.999999958576E-1,-6.727638416582E-5,6.130800600266E-5));
#9794=DIRECTION('',(-6.557852134844E-5,6.542991359025E-2,-9.978571651830E-1));
#9795=AXIS2_PLACEMENT_3D('',#9792,#9793,#9794);
#9797=CARTESIAN_POINT('',(-7.43E1,1.183047672091E1,-9.813060361846E0));
#9798=DIRECTION('',(0.E0,-6.511399202186E-2,9.978778322235E-1));
#9799=DIRECTION('',(-7.071067858036E-1,-7.056061773537E-1,-4.604254500815E-2));
#9800=AXIS2_PLACEMENT_3D('',#9797,#9798,#9799);
#9802=CARTESIAN_POINT('',(-7.43E1,1.140636603198E1,-3.313525595966E0));
#9803=DIRECTION('',(0.E0,6.511399202186E-2,-9.978778322235E-1));
#9804=DIRECTION('',(8.694530862385E-6,-9.978778321857E-1,-6.511399201940E-2));
#9805=AXIS2_PLACEMENT_3D('',#9802,#9803,#9804);
#9807=CARTESIAN_POINT('',(-7.43E1,1.140636584635E1,-3.313522751180E0));
#9808=DIRECTION('',(0.E0,6.511399202186E-2,-9.978778322235E-1));
#9809=DIRECTION('',(-7.071067761813E-1,-7.056061869556E-1,-4.604254563469E-2));
#9810=AXIS2_PLACEMENT_3D('',#9807,#9808,#9809);
#9812=CARTESIAN_POINT('',(-7.43E1,1.183046761217E1,-9.812920769551E0));
#9813=DIRECTION('',(0.E0,-6.511399202186E-2,9.978778322235E-1));
#9814=DIRECTION('',(-1.E0,6.601733762831E-8,4.307794248299E-9));
#9815=AXIS2_PLACEMENT_3D('',#9812,#9813,#9814);
#9817=CARTESIAN_POINT('',(-6.749980743892E1,1.096207624458E1,3.476372215599E0));
#9818=DIRECTION('',(-9.999999911574E-1,-3.843666278909E-5,-1.273095618867E-4));
#9819=DIRECTION('',(-5.507650001796E-5,-7.516562965279E-1,6.595550082113E-1));
#9820=AXIS2_PLACEMENT_3D('',#9817,#9818,#9819);
#9822=CARTESIAN_POINT('',(-6.749896047232E1,1.140703681751E1,
-3.310780115423E0));
#9823=DIRECTION('',(4.665457441777E-5,-9.978726796892E-1,-6.519289035772E-2));
#9824=DIRECTION('',(-1.008964728381E-4,-6.519289479411E-2,9.978726753891E-1));
#9825=AXIS2_PLACEMENT_3D('',#9822,#9823,#9824);
#9827=DIRECTION('',(1.E0,1.119774348517E-8,-1.671060273906E-7));
#9828=VECTOR('',#9827,1.350000892467E2);
#9829=CARTESIAN_POINT('',(-6.750011095335E1,1.073555339737E1,6.966747262067E0));
#9830=LINE('',#9829,#9828);
#9831=DIRECTION('',(3.336740166224E-6,9.978835481316E-1,6.502633587403E-2));
#9832=VECTOR('',#9831,1.499999947119E1);
#9833=CARTESIAN_POINT('',(6.749997829335E1,1.073555490906E1,6.966724702739E0));
#9834=LINE('',#9833,#9832);
#9835=DIRECTION('',(2.484295713211E-6,-9.978840785095E-1,-6.501819630717E-2));
#9836=VECTOR('',#9835,1.499999952196E1);
#9837=CARTESIAN_POINT('',(-6.750014821779E1,2.570381409798E1,7.942020175593E0));
#9838=LINE('',#9837,#9836);
#9839=DIRECTION('',(-3.030745895826E-6,6.511397192360E-2,-9.978778335303E-1));
#9840=VECTOR('',#9839,6.513281450352E0);
#9841=CARTESIAN_POINT('',(7.779885515996E1,1.140637231786E1,-3.313614824432E0));
#9842=LINE('',#9841,#9840);
#9843=DIRECTION('',(-8.741658354965E-5,9.978776730641E-1,6.511637243034E-2));
#9844=VECTOR('',#9843,1.499999972602E1);
#9845=CARTESIAN_POINT('',(7.779883541986E1,1.183047794335E1,-9.813074007283E0));
#9846=LINE('',#9845,#9844);
#9847=DIRECTION('',(8.198370261942E-5,-9.978778000852E-1,-6.511443293020E-2));
#9848=VECTOR('',#9847,1.499999958790E1);
#9849=CARTESIAN_POINT('',(7.779762540445E1,2.637453890791E1,-2.336898357313E0));
#9850=LINE('',#9849,#9848);
#9851=DIRECTION('',(9.358732409079E-6,-6.511400791796E-2,9.978778311423E-1));
#9852=VECTOR('',#9851,6.513276081878E0);
#9853=CARTESIAN_POINT('',(-7.779889702418E1,1.183047101149E1,
-9.812965634721E0));
#9854=LINE('',#9853,#9852);
#9855=DIRECTION('',(8.748357805835E-5,9.978781050828E-1,6.510975151925E-2));
#9856=VECTOR('',#9855,1.499999969055E1);
#9857=CARTESIAN_POINT('',(-7.779883606817E1,1.140636550112E1,
-3.313511824506E0));
#9858=LINE('',#9857,#9856);
#9859=DIRECTION('',(-8.477528203028E-5,-9.978778821584E-1,-6.511317157233E-2));
#9860=VECTOR('',#9859,1.499999958316E1);
#9861=CARTESIAN_POINT('',(-7.779762539498E1,2.679863882791E1,
-8.836268088278E0));
#9862=LINE('',#9861,#9860);
#9863=DIRECTION('',(0.E0,9.978778322234E-1,6.511399202191E-2));
#9864=VECTOR('',#9863,1.5E0);
#9865=CARTESIAN_POINT('',(-6.75E1,5.132215459584E0,-6.986533813531E0));
#9866=LINE('',#9865,#9864);
#9867=DIRECTION('',(0.E0,-9.978778322234E-1,-6.511399202191E-2));
#9868=VECTOR('',#9867,1.5E0);
#9869=CARTESIAN_POINT('',(-5.25E1,6.629032207919E0,-6.888862825498E0));
#9870=LINE('',#9869,#9868);
#9871=CARTESIAN_POINT('',(-6.E1,6.629032207919E0,-6.888862825498E0));
#9872=DIRECTION('',(0.E0,9.978778322235E-1,6.511399202186E-2));
#9873=DIRECTION('',(1.E0,0.E0,2.996121869122E-14));
#9874=AXIS2_PLACEMENT_3D('',#9871,#9872,#9873);
#9876=CARTESIAN_POINT('',(-6.E1,6.629032207919E0,-6.888862825498E0));
#9877=DIRECTION('',(0.E0,9.978778322235E-1,6.511399202186E-2));
#9878=DIRECTION('',(-1.E0,0.E0,2.984279490192E-14));
#9879=AXIS2_PLACEMENT_3D('',#9876,#9877,#9878);
#9881=DIRECTION('',(0.E0,9.978778322234E-1,6.511399202191E-2));
#9882=VECTOR('',#9881,1.5E0);
#9883=CARTESIAN_POINT('',(7.5E0,5.132215459584E0,-6.986533813531E0));
#9884=LINE('',#9883,#9882);
#9885=DIRECTION('',(0.E0,-9.978778322234E-1,-6.511399202191E-2));
#9886=VECTOR('',#9885,1.5E0);
#9887=CARTESIAN_POINT('',(-7.5E0,6.629032207919E0,-6.888862825498E0));
#9888=LINE('',#9887,#9886);
#9889=CARTESIAN_POINT('',(0.E0,6.629032207919E0,-6.888862825498E0));
#9890=DIRECTION('',(0.E0,9.978778322235E-1,6.511399202186E-2));
#9891=DIRECTION('',(-1.E0,0.E0,2.984279490192E-14));
#9892=AXIS2_PLACEMENT_3D('',#9889,#9890,#9891);
#9894=CARTESIAN_POINT('',(0.E0,6.629032207919E0,-6.888862825498E0));
#9895=DIRECTION('',(0.E0,9.978778322235E-1,6.511399202186E-2));
#9896=DIRECTION('',(1.E0,0.E0,2.996121869122E-14));
#9897=AXIS2_PLACEMENT_3D('',#9894,#9895,#9896);
#9899=CARTESIAN_POINT('',(6.E1,6.629032207919E0,-6.888862825498E0));
#9900=DIRECTION('',(0.E0,9.978778322235E-1,6.511399202186E-2));
#9901=DIRECTION('',(1.E0,0.E0,2.996121869122E-14));
#9902=AXIS2_PLACEMENT_3D('',#9899,#9900,#9901);
#9904=CARTESIAN_POINT('',(6.E1,6.629032207919E0,-6.888862825498E0));
#9905=DIRECTION('',(0.E0,9.978778322235E-1,6.511399202186E-2));
#9906=DIRECTION('',(-1.E0,0.E0,2.984279490192E-14));
#9907=AXIS2_PLACEMENT_3D('',#9904,#9905,#9906);
#9909=CARTESIAN_POINT('',(5.25E1,5.132215459584E0,-6.986533813531E0));
#9910=CARTESIAN_POINT('',(5.25E1,6.629032207919E0,-6.888862825498E0));
#9911=VERTEX_POINT('',#9909);
#9912=VERTEX_POINT('',#9910);
#9913=CARTESIAN_POINT('',(6.75E1,6.629032207919E0,-6.888862825498E0));
#9914=VERTEX_POINT('',#9913);
#9915=CARTESIAN_POINT('',(6.75E1,5.132215459584E0,-6.986533813531E0));
#9916=VERTEX_POINT('',#9915);
#9917=CARTESIAN_POINT('',(6.749999998665E1,4.106031309558E0,8.739831339240E0));
#9918=CARTESIAN_POINT('',(-6.749999799181E1,4.106031309542E0,8.739831339487E0));
#9919=VERTEX_POINT('',#9917);
#9920=VERTEX_POINT('',#9918);
#9921=CARTESIAN_POINT('',(7.999999999726E1,4.920159835979E0,-3.736762152740E0));
#9922=VERTEX_POINT('',#9921);
#9923=CARTESIAN_POINT('',(7.999999999868E1,5.344271084523E0,-1.023630549477E1));
#9924=VERTEX_POINT('',#9923);
#9925=CARTESIAN_POINT('',(6.749999996603E1,6.158399609518E0,-2.271289896489E1));
#9926=VERTEX_POINT('',#9925);
#9927=CARTESIAN_POINT('',(-6.749999998664E1,6.158399609610E0,
-2.271289896630E1));
#9928=VERTEX_POINT('',#9927);
#9929=CARTESIAN_POINT('',(-7.999999999725E1,5.344271083176E0,
-1.023630547412E1));
#9930=VERTEX_POINT('',#9929);
#9931=CARTESIAN_POINT('',(-7.999999999868E1,4.920159834641E0,
-3.736762132239E0));
#9932=VERTEX_POINT('',#9931);
#9933=CARTESIAN_POINT('',(-6.75E1,5.132215459584E0,-6.986533813531E0));
#9934=CARTESIAN_POINT('',(-5.25E1,5.132215459584E0,-6.986533813531E0));
#9935=VERTEX_POINT('',#9933);
#9936=VERTEX_POINT('',#9934);
#9937=CARTESIAN_POINT('',(7.5E0,5.132215459584E0,-6.986533813531E0));
#9938=CARTESIAN_POINT('',(-7.5E0,5.132215459584E0,-6.986533813531E0));
#9939=VERTEX_POINT('',#9937);
#9940=VERTEX_POINT('',#9938);
#9941=CARTESIAN_POINT('',(6.750004801993E1,2.456215005620E1,1.007418493746E1));
#9942=CARTESIAN_POINT('',(-6.749998859824E1,2.456188318419E1,1.007409554552E1));
#9943=VERTEX_POINT('',#9941);
#9944=VERTEX_POINT('',#9942);
#9945=CARTESIAN_POINT('',(-6.749082191343E1,2.562535454751E1,9.140867151742E0));
#9946=CARTESIAN_POINT('',(6.749413895644E1,2.562546816734E1,9.141040074907E0));
#9947=VERTEX_POINT('',#9945);
#9948=VERTEX_POINT('',#9946);
#9949=CARTESIAN_POINT('',(6.749073505164E1,2.754738671993E1,-2.031405408709E1));
#9950=CARTESIAN_POINT('',(-6.749404127408E1,2.754751741214E1,
-2.031420977081E1));
#9951=VERTEX_POINT('',#9949);
#9952=VERTEX_POINT('',#9950);
#9953=CARTESIAN_POINT('',(7.899808820461E1,2.679722980020E1,-8.825080773954E0));
#9954=VERTEX_POINT('',#9953);
#9955=CARTESIAN_POINT('',(7.899898337867E1,2.637499231104E1,-2.346364420443E0));
#9956=VERTEX_POINT('',#9955);
#9957=CARTESIAN_POINT('',(-7.899810474453E1,2.637452080602E1,
-2.348040417260E0));
#9958=VERTEX_POINT('',#9957);
#9959=CARTESIAN_POINT('',(-7.899898019134E1,2.679785203632E1,
-8.826344686882E0));
#9960=VERTEX_POINT('',#9959);
#9961=CARTESIAN_POINT('',(6.750011300131E1,2.746936340014E1,-1.911518297867E1));
#9962=CARTESIAN_POINT('',(-6.750003632246E1,2.746937009527E1,
-1.911528558217E1));
#9963=VERTEX_POINT('',#9961);
#9964=VERTEX_POINT('',#9962);
#9965=CARTESIAN_POINT('',(-7.779599284678E1,2.679863883314E1,
-8.836268168160E0));
#9966=VERTEX_POINT('',#9965);
#9967=CARTESIAN_POINT('',(-7.779752381453E1,2.637453676857E1,
-2.336865571866E0));
#9968=VERTEX_POINT('',#9967);
#9969=CARTESIAN_POINT('',(-6.750026710863E1,2.570392314660E1,7.940348995531E0));
#9970=VERTEX_POINT('',#9969);
#9971=CARTESIAN_POINT('',(6.750002834445E1,2.570380760335E1,7.942119706463E0));
#9972=VERTEX_POINT('',#9971);
#9973=CARTESIAN_POINT('',(7.779599286272E1,2.637453890270E1,-2.336898277461E0));
#9974=VERTEX_POINT('',#9973);
#9975=CARTESIAN_POINT('',(7.779752417113E1,2.679864276591E1,-8.836328438669E0));
#9976=VERTEX_POINT('',#9975);
#9977=CARTESIAN_POINT('',(-6.750004683222E1,2.661449942167E1,
-2.137762098926E1));
#9978=CARTESIAN_POINT('',(6.749999039631E1,2.661423062411E1,-2.137756756145E1));
#9979=VERTEX_POINT('',#9977);
#9980=VERTEX_POINT('',#9978);
#9981=CARTESIAN_POINT('',(7.999999999725E1,2.579867683017E1,-8.901605037389E0));
#9982=VERTEX_POINT('',#9981);
#9983=CARTESIAN_POINT('',(7.999946528383E1,2.537610971851E1,-2.402053661911E0));
#9984=VERTEX_POINT('',#9983);
#9985=CARTESIAN_POINT('',(-7.999999999082E1,2.579883578979E1,
-8.901543944481E0));
#9986=VERTEX_POINT('',#9985);
#9987=VERTEX_POINT('',#9647);
#9988=CARTESIAN_POINT('',(6.750010688115E1,1.250129028622E1,-2.009333167062E1));
#9989=VERTEX_POINT('',#9988);
#9990=CARTESIAN_POINT('',(-6.750004132278E1,1.250128149288E1,
-2.009319865797E1));
#9991=VERTEX_POINT('',#9990);
#9992=CARTESIAN_POINT('',(7.779951951999E1,1.183082888566E1,-9.813028300307E0));
#9993=VERTEX_POINT('',#9992);
#9994=CARTESIAN_POINT('',(7.429992047205E1,8.337904291120E0,-1.004095905948E1));
#9995=CARTESIAN_POINT('',(7.677487371473E1,9.360855046752E0,-9.974208997312E0));
#9996=VERTEX_POINT('',#9994);
#9997=VERTEX_POINT('',#9995);
#9998=CARTESIAN_POINT('',(6.750256408191E1,8.780826242613E0,-1.682993080956E1));
#9999=VERTEX_POINT('',#9998);
#10000=CARTESIAN_POINT('',(6.750000249664E1,9.964983022548E0,
-1.923252490914E1));
#10001=VERTEX_POINT('',#10000);
#10002=CARTESIAN_POINT('',(7.677487375533E1,8.936744240966E0,
-3.474671817083E0));
#10003=CARTESIAN_POINT('',(7.429992047205E1,7.913793444821E0,
-3.541421881898E0));
#10004=VERTEX_POINT('',#10002);
#10005=VERTEX_POINT('',#10003);
#10006=CARTESIAN_POINT('',(7.779885515996E1,1.140637231786E1,
-3.313614824432E0));
#10007=VERTEX_POINT('',#10006);
#10008=CARTESIAN_POINT('',(6.750000515452E1,7.470807159861E0,3.247383119346E0));
#10009=CARTESIAN_POINT('',(6.750000515452E1,8.332616457437E0,5.783641406848E0));
#10010=VERTEX_POINT('',#10008);
#10011=VERTEX_POINT('',#10009);
#10012=CARTESIAN_POINT('',(6.750001123306E1,1.073503060772E1,6.967579176456E0));
#10013=VERTEX_POINT('',#10012);
#10014=CARTESIAN_POINT('',(-6.750106557076E1,7.470779783241E0,
3.247443510270E0));
#10015=VERTEX_POINT('',#10014);
#10016=CARTESIAN_POINT('',(-6.750011095335E1,1.073555339737E1,
6.966747262067E0));
#10017=VERTEX_POINT('',#10016);
#10018=CARTESIAN_POINT('',(-6.750000014282E1,8.332150586836E0,
5.784050135416E0));
#10019=VERTEX_POINT('',#10018);
#10020=CARTESIAN_POINT('',(-6.749972037102E1,8.780926869924E0,
-1.682965591705E1));
#10021=VERTEX_POINT('',#10020);
#10022=CARTESIAN_POINT('',(-7.429978062267E1,7.914260811986E0,
-3.546266867668E0));
#10023=VERTEX_POINT('',#10022);
#10024=CARTESIAN_POINT('',(-7.429999871117E1,8.337909940201E0,
-1.004144365810E1));
#10025=VERTEX_POINT('',#10024);
#10026=CARTESIAN_POINT('',(-6.750015761661E1,9.964975686994E0,
-1.923253327149E1));
#10027=VERTEX_POINT('',#10026);
#10028=CARTESIAN_POINT('',(-7.677487375031E1,9.360855100171E0,
-9.974209269374E0));
#10029=VERTEX_POINT('',#10028);
#10030=CARTESIAN_POINT('',(-7.78E1,1.183046784323E1,-9.812920754474E0));
#10031=VERTEX_POINT('',#10030);
#10032=CARTESIAN_POINT('',(-7.677487371663E1,8.936744377636E0,
-3.474674505687E0));
#10033=VERTEX_POINT('',#10032);
#10034=CARTESIAN_POINT('',(-7.78E1,1.140636607741E1,-3.313522736103E0));
#10035=VERTEX_POINT('',#10034);
#10036=CARTESIAN_POINT('',(-6.75E1,6.629032207919E0,-6.888862825498E0));
#10037=VERTEX_POINT('',#10036);
#10038=CARTESIAN_POINT('',(-5.25E1,6.629032207919E0,-6.888862825498E0));
#10039=VERTEX_POINT('',#10038);
#10040=CARTESIAN_POINT('',(7.5E0,6.629032207919E0,-6.888862825498E0));
#10041=VERTEX_POINT('',#10040);
#10042=CARTESIAN_POINT('',(-7.5E0,6.629032207919E0,-6.888862825498E0));
#10043=VERTEX_POINT('',#10042);
#10044=CARTESIAN_POINT('',(6.E1,5.132215459584E0,-6.986533813531E0));
#10045=DIRECTION('',(0.E0,9.978778322235E-1,6.511399202186E-2));
#10046=DIRECTION('',(-1.E0,0.E0,0.E0));
#10047=AXIS2_PLACEMENT_3D('',#10044,#10045,#10046);
#10048=CYLINDRICAL_SURFACE('',#10047,7.5E0);
#10050=ORIENTED_EDGE('',*,*,#10049,.T.);
#10052=ORIENTED_EDGE('',*,*,#10051,.F.);
#10054=ORIENTED_EDGE('',*,*,#10053,.T.);
#10056=ORIENTED_EDGE('',*,*,#10055,.F.);
#10057=EDGE_LOOP('',(#10050,#10052,#10054,#10056));
#10058=FACE_OUTER_BOUND('',#10057,.F.);
#10059=ADVANCED_FACE('',(#10058),#10048,.F.);
#10060=CARTESIAN_POINT('',(6.E1,5.132215459584E0,-6.986533813531E0));
#10061=DIRECTION('',(0.E0,9.978778322235E-1,6.511399202186E-2));
#10062=DIRECTION('',(-1.E0,0.E0,0.E0));
#10063=AXIS2_PLACEMENT_3D('',#10060,#10061,#10062);
#10064=CYLINDRICAL_SURFACE('',#10063,7.5E0);
#10065=ORIENTED_EDGE('',*,*,#10049,.F.);
#10067=ORIENTED_EDGE('',*,*,#10066,.F.);
#10068=ORIENTED_EDGE('',*,*,#10053,.F.);
#10070=ORIENTED_EDGE('',*,*,#10069,.F.);
#10071=EDGE_LOOP('',(#10065,#10067,#10068,#10070));
#10072=FACE_OUTER_BOUND('',#10071,.F.);
#10073=ADVANCED_FACE('',(#10072),#10064,.F.);
#10074=CARTESIAN_POINT('',(2.5E1,5.132215459584E0,-6.986533813531E0));
#10075=DIRECTION('',(0.E0,9.978778322235E-1,6.511399202186E-2));
#10076=DIRECTION('',(1.E0,0.E0,0.E0));
#10077=AXIS2_PLACEMENT_3D('',#10074,#10075,#10076);
#10078=PLANE('',#10077);
#10080=ORIENTED_EDGE('',*,*,#10079,.F.);
#10082=ORIENTED_EDGE('',*,*,#10081,.T.);
#10084=ORIENTED_EDGE('',*,*,#10083,.F.);
#10086=ORIENTED_EDGE('',*,*,#10085,.T.);
#10088=ORIENTED_EDGE('',*,*,#10087,.F.);
#10090=ORIENTED_EDGE('',*,*,#10089,.T.);
#10092=ORIENTED_EDGE('',*,*,#10091,.F.);
#10094=ORIENTED_EDGE('',*,*,#10093,.T.);
#10095=EDGE_LOOP('',(#10080,#10082,#10084,#10086,#10088,#10090,#10092,#10094));
#10096=FACE_OUTER_BOUND('',#10095,.F.);
#10097=ORIENTED_EDGE('',*,*,#10055,.T.);
#10098=ORIENTED_EDGE('',*,*,#10066,.T.);
#10099=EDGE_LOOP('',(#10097,#10098));
#10100=FACE_BOUND('',#10099,.F.);
#10102=ORIENTED_EDGE('',*,*,#10101,.T.);
#10104=ORIENTED_EDGE('',*,*,#10103,.T.);
#10105=EDGE_LOOP('',(#10102,#10104));
#10106=FACE_BOUND('',#10105,.F.);
#10108=ORIENTED_EDGE('',*,*,#10107,.T.);
#10110=ORIENTED_EDGE('',*,*,#10109,.T.);
#10111=EDGE_LOOP('',(#10108,#10110));
#10112=FACE_BOUND('',#10111,.F.);
#10113=ADVANCED_FACE('',(#10096,#10100,#10106,#10112),#10078,.F.);
#10114=CARTESIAN_POINT('',(-6.75E1,4.106031309472E0,8.739831340557E0));
#10115=DIRECTION('',(0.E0,-6.511399202186E-2,9.978778322235E-1));
#10116=DIRECTION('',(1.E0,0.E0,0.E0));
#10117=AXIS2_PLACEMENT_3D('',#10114,#10115,#10116);
#10118=PLANE('',#10117);
#10120=ORIENTED_EDGE('',*,*,#10119,.F.);
#10122=ORIENTED_EDGE('',*,*,#10121,.T.);
#10123=ORIENTED_EDGE('',*,*,#10079,.T.);
#10125=ORIENTED_EDGE('',*,*,#10124,.T.);
#10126=EDGE_LOOP('',(#10120,#10122,#10123,#10125));
#10127=FACE_OUTER_BOUND('',#10126,.F.);
#10128=ADVANCED_FACE('',(#10127),#10118,.T.);
#10129=CARTESIAN_POINT('',(-2.125E1,2.509402278217E1,9.608286256904E0));
#10130=DIRECTION('',(0.E0,6.595636366522E-1,7.516487272697E-1));
#10131=DIRECTION('',(1.E0,0.E0,0.E0));
#10132=AXIS2_PLACEMENT_3D('',#10129,#10130,#10131);
#10133=PLANE('',#10132);
#10135=ORIENTED_EDGE('',*,*,#10134,.T.);
#10137=ORIENTED_EDGE('',*,*,#10136,.T.);
#10138=ORIENTED_EDGE('',*,*,#10119,.T.);
#10140=ORIENTED_EDGE('',*,*,#10139,.T.);
#10141=EDGE_LOOP('',(#10135,#10137,#10138,#10140));
#10142=FACE_OUTER_BOUND('',#10141,.F.);
#10143=ADVANCED_FACE('',(#10142),#10133,.T.);
#10144=CARTESIAN_POINT('',(2.5E1,2.658658885239E1,-5.586582985061E0));
#10145=DIRECTION('',(0.E0,9.978778322235E-1,6.511399202186E-2));
#10146=DIRECTION('',(1.E0,0.E0,0.E0));
#10147=AXIS2_PLACEMENT_3D('',#10144,#10145,#10146);
#10148=PLANE('',#10147);
#10150=ORIENTED_EDGE('',*,*,#10149,.F.);
#10152=ORIENTED_EDGE('',*,*,#10151,.T.);
#10154=ORIENTED_EDGE('',*,*,#10153,.F.);
#10156=ORIENTED_EDGE('',*,*,#10155,.T.);
#10157=ORIENTED_EDGE('',*,*,#10134,.F.);
#10159=ORIENTED_EDGE('',*,*,#10158,.T.);
#10161=ORIENTED_EDGE('',*,*,#10160,.F.);
#10163=ORIENTED_EDGE('',*,*,#10162,.T.);
#10164=EDGE_LOOP('',(#10150,#10152,#10154,#10156,#10157,#10159,#10161,#10163));
#10165=FACE_OUTER_BOUND('',#10164,.F.);
#10167=ORIENTED_EDGE('',*,*,#10166,.T.);
#10169=ORIENTED_EDGE('',*,*,#10168,.T.);
#10171=ORIENTED_EDGE('',*,*,#10170,.T.);
#10173=ORIENTED_EDGE('',*,*,#10172,.T.);
#10175=ORIENTED_EDGE('',*,*,#10174,.T.);
#10177=ORIENTED_EDGE('',*,*,#10176,.T.);
#10179=ORIENTED_EDGE('',*,*,#10178,.T.);
#10181=ORIENTED_EDGE('',*,*,#10180,.T.);
#10182=EDGE_LOOP('',(#10167,#10169,#10171,#10173,#10175,#10177,#10179,#10181));
#10183=FACE_BOUND('',#10182,.F.);
#10184=ADVANCED_FACE('',(#10165,#10183),#10148,.T.);
#10185=CARTESIAN_POINT('',(7.125E1,2.708127709038E1,-2.084656621905E1));
#10186=DIRECTION('',(0.E0,7.516487272697E-1,-6.595636366521E-1));
#10187=DIRECTION('',(-1.E0,0.E0,0.E0));
#10188=AXIS2_PLACEMENT_3D('',#10185,#10186,#10187);
#10189=PLANE('',#10188);
#10191=ORIENTED_EDGE('',*,*,#10190,.T.);
#10193=ORIENTED_EDGE('',*,*,#10192,.T.);
#10194=ORIENTED_EDGE('',*,*,#10149,.T.);
#10196=ORIENTED_EDGE('',*,*,#10195,.T.);
#10197=EDGE_LOOP('',(#10191,#10193,#10194,#10196));
#10198=FACE_OUTER_BOUND('',#10197,.F.);
#10199=ADVANCED_FACE('',(#10198),#10189,.T.);
#10200=CARTESIAN_POINT('',(1.175E2,6.158399609696E0,-2.271289896762E1));
#10201=DIRECTION('',(0.E0,6.511399202186E-2,-9.978778322235E-1));
#10202=DIRECTION('',(-1.E0,0.E0,0.E0));
#10203=AXIS2_PLACEMENT_3D('',#10200,#10201,#10202);
#10204=PLANE('',#10203);
#10205=ORIENTED_EDGE('',*,*,#10087,.T.);
#10207=ORIENTED_EDGE('',*,*,#10206,.T.);
#10208=ORIENTED_EDGE('',*,*,#10190,.F.);
#10210=ORIENTED_EDGE('',*,*,#10209,.T.);
#10211=EDGE_LOOP('',(#10205,#10207,#10208,#10210));
#10212=FACE_OUTER_BOUND('',#10211,.F.);
#10213=ADVANCED_FACE('',(#10212),#10204,.T.);
#10214=CARTESIAN_POINT('',(6.749843620788E1,1.557262066497E1,
-9.570447173164E0));
#10215=DIRECTION('',(0.E0,9.978778322235E-1,6.511399202186E-2));
#10216=DIRECTION('',(9.999999921804E-1,-8.142923600700E-6,1.247910425750E-4));
#10217=AXIS2_PLACEMENT_3D('',#10214,#10215,#10216);
#10218=CYLINDRICAL_SURFACE('',#10217,1.250156388713E1);
#10220=ORIENTED_EDGE('',*,*,#10219,.T.);
#10221=ORIENTED_EDGE('',*,*,#10206,.F.);
#10222=ORIENTED_EDGE('',*,*,#10085,.F.);
#10224=ORIENTED_EDGE('',*,*,#10223,.F.);
#10225=EDGE_LOOP('',(#10220,#10221,#10222,#10224));
#10226=FACE_OUTER_BOUND('',#10225,.F.);
#10227=ADVANCED_FACE('',(#10226),#10218,.T.);
#10228=CARTESIAN_POINT('',(6.749467636686E1,2.630261186727E1,
-8.866418985614E0));
#10229=DIRECTION('',(-3.143528854431E-4,-9.978993429336E-1,-6.478273346384E-2));
#10230=DIRECTION('',(9.999999322525E-1,-3.012858118822E-4,-2.114753376633E-4));
#10231=AXIS2_PLACEMENT_3D('',#10228,#10229,#10230);
#10232=CONICAL_SURFACE('',#10231,1.200334306390E1,4.501209365721E1);
#10233=ORIENTED_EDGE('',*,*,#10192,.F.);
#10234=ORIENTED_EDGE('',*,*,#10219,.F.);
#10236=ORIENTED_EDGE('',*,*,#10235,.F.);
#10237=ORIENTED_EDGE('',*,*,#10151,.F.);
#10238=EDGE_LOOP('',(#10233,#10234,#10236,#10237));
#10239=FACE_OUTER_BOUND('',#10238,.F.);
#10240=ADVANCED_FACE('',(#10239),#10232,.T.);
#10241=CARTESIAN_POINT('',(7.95E1,2.598162212337E1,-3.994254133739E0));
#10242=DIRECTION('',(7.071067811865E-1,7.056061819609E-1,4.604254530878E-2));
#10243=DIRECTION('',(6.497639322232E-2,0.E0,-9.978868013577E-1));
#10244=AXIS2_PLACEMENT_3D('',#10241,#10242,#10243);
#10245=PLANE('',#10244);
#10246=ORIENTED_EDGE('',*,*,#10235,.T.);
#10248=ORIENTED_EDGE('',*,*,#10247,.T.);
#10250=ORIENTED_EDGE('',*,*,#10249,.T.);
#10251=ORIENTED_EDGE('',*,*,#10153,.T.);
#10252=EDGE_LOOP('',(#10246,#10248,#10250,#10251));
#10253=FACE_OUTER_BOUND('',#10252,.F.);
#10254=ADVANCED_FACE('',(#10253),#10245,.T.);
#10255=CARTESIAN_POINT('',(8.E1,4.920159833769E0,-3.736762118865E0));
#10256=DIRECTION('',(1.E0,0.E0,0.E0));
#10257=DIRECTION('',(0.E0,6.511399202186E-2,-9.978778322235E-1));
#10258=AXIS2_PLACEMENT_3D('',#10255,#10256,#10257);
#10259=PLANE('',#10258);
#10260=ORIENTED_EDGE('',*,*,#10247,.F.);
#10261=ORIENTED_EDGE('',*,*,#10223,.T.);
#10262=ORIENTED_EDGE('',*,*,#10083,.T.);
#10264=ORIENTED_EDGE('',*,*,#10263,.T.);
#10265=EDGE_LOOP('',(#10260,#10261,#10262,#10264));
#10266=FACE_OUTER_BOUND('',#10265,.F.);
#10267=ADVANCED_FACE('',(#10266),#10259,.T.);
#10268=CARTESIAN_POINT('',(6.749843620789E1,1.514830581478E1,
-3.067783617449E0));
#10269=DIRECTION('',(0.E0,9.978778322235E-1,6.511399202186E-2));
#10270=DIRECTION('',(1.250877191396E-4,-6.511399151244E-2,9.978778244166E-1));
#10271=AXIS2_PLACEMENT_3D('',#10268,#10269,#10270);
#10272=CYLINDRICAL_SURFACE('',#10271,1.250156388713E1);
#10274=ORIENTED_EDGE('',*,*,#10273,.T.);
#10275=ORIENTED_EDGE('',*,*,#10263,.F.);
#10276=ORIENTED_EDGE('',*,*,#10081,.F.);
#10277=ORIENTED_EDGE('',*,*,#10121,.F.);
#10278=EDGE_LOOP('',(#10274,#10275,#10276,#10277));
#10279=FACE_OUTER_BOUND('',#10278,.F.);
#10280=ADVANCED_FACE('',(#10279),#10272,.T.);
#10281=CARTESIAN_POINT('',(6.749455149460E1,2.587870355983E1,
-2.371172892876E0));
#10282=DIRECTION('',(-3.160953681240E-4,-9.978583157188E-1,-6.541163378557E-2));
#10283=DIRECTION('',(4.538322879567E-4,-6.541177346427E-2,9.978582534251E-1));
#10284=AXIS2_PLACEMENT_3D('',#10281,#10282,#10283);
#10285=CONICAL_SURFACE('',#10284,1.200340028151E1,4.501105426211E1);
#10286=ORIENTED_EDGE('',*,*,#10249,.F.);
#10287=ORIENTED_EDGE('',*,*,#10273,.F.);
#10288=ORIENTED_EDGE('',*,*,#10136,.F.);
#10289=ORIENTED_EDGE('',*,*,#10155,.F.);
#10290=EDGE_LOOP('',(#10286,#10287,#10288,#10289));
#10291=FACE_OUTER_BOUND('',#10290,.F.);
#10292=ADVANCED_FACE('',(#10291),#10285,.T.);
#10293=CARTESIAN_POINT('',(-6.749843620788E1,1.557262066497E1,
-9.570447173164E0));
#10294=DIRECTION('',(0.E0,9.978778322235E-1,6.511399202186E-2));
#10295=DIRECTION('',(-1.250877193590E-4,6.511399151244E-2,-9.978778244166E-1));
#10296=AXIS2_PLACEMENT_3D('',#10293,#10294,#10295);
#10297=CYLINDRICAL_SURFACE('',#10296,1.250156388713E1);
#10299=ORIENTED_EDGE('',*,*,#10298,.T.);
#10301=ORIENTED_EDGE('',*,*,#10300,.F.);
#10302=ORIENTED_EDGE('',*,*,#10089,.F.);
#10303=ORIENTED_EDGE('',*,*,#10209,.F.);
#10304=EDGE_LOOP('',(#10299,#10301,#10302,#10303));
#10305=FACE_OUTER_BOUND('',#10304,.F.);
#10306=ADVANCED_FACE('',(#10305),#10297,.T.);
#10307=CARTESIAN_POINT('',(-6.749429246220E1,2.630283561782E1,
-8.866428634619E0));
#10308=DIRECTION('',(3.354187694756E-4,-9.978984683605E-1,-6.479609817030E-2));
#10309=DIRECTION('',(-4.753989736712E-4,6.479593537052E-2,-9.978984220627E-1));
#10310=AXIS2_PLACEMENT_3D('',#10307,#10308,#10309);
#10311=CONICAL_SURFACE('',#10310,1.200365639917E1,4.501229128068E1);
#10313=ORIENTED_EDGE('',*,*,#10312,.F.);
#10314=ORIENTED_EDGE('',*,*,#10298,.F.);
#10315=ORIENTED_EDGE('',*,*,#10195,.F.);
#10316=ORIENTED_EDGE('',*,*,#10162,.F.);
#10317=EDGE_LOOP('',(#10313,#10314,#10315,#10316));
#10318=FACE_OUTER_BOUND('',#10317,.F.);
#10319=ADVANCED_FACE('',(#10318),#10311,.T.);
#10320=CARTESIAN_POINT('',(-7.95E1,2.619367774918E1,-7.244025828404E0));
#10321=DIRECTION('',(-7.071067811865E-1,7.056061819609E-1,4.604254530878E-2));
#10322=DIRECTION('',(6.497639322232E-2,0.E0,9.978868013577E-1));
#10323=AXIS2_PLACEMENT_3D('',#10320,#10321,#10322);
#10324=PLANE('',#10323);
#10326=ORIENTED_EDGE('',*,*,#10325,.T.);
#10328=ORIENTED_EDGE('',*,*,#10327,.T.);
#10329=ORIENTED_EDGE('',*,*,#10312,.T.);
#10330=ORIENTED_EDGE('',*,*,#10160,.T.);
#10331=EDGE_LOOP('',(#10326,#10328,#10329,#10330));
#10332=FACE_OUTER_BOUND('',#10331,.F.);
#10333=ADVANCED_FACE('',(#10332),#10324,.T.);
#10334=CARTESIAN_POINT('',(-6.749494319768E1,2.587845293916E1,
-2.371223369652E0));
#10335=DIRECTION('',(2.924327302751E-4,-9.978575518874E-1,-6.542339508441E-2));
#10336=DIRECTION('',(-9.999999428302E-1,-3.029133187225E-4,1.502769626224E-4));
#10337=AXIS2_PLACEMENT_3D('',#10334,#10335,#10336);
#10338=CONICAL_SURFACE('',#10337,1.200309222972E1,4.501071027603E1);
#10339=ORIENTED_EDGE('',*,*,#10139,.F.);
#10341=ORIENTED_EDGE('',*,*,#10340,.F.);
#10342=ORIENTED_EDGE('',*,*,#10325,.F.);
#10343=ORIENTED_EDGE('',*,*,#10158,.F.);
#10344=EDGE_LOOP('',(#10339,#10341,#10342,#10343));
#10345=FACE_OUTER_BOUND('',#10344,.F.);
#10346=ADVANCED_FACE('',(#10345),#10338,.T.);
#10347=CARTESIAN_POINT('',(-6.749843620789E1,1.514830581478E1,
-3.067783617449E0));
#10348=DIRECTION('',(0.E0,9.978778322235E-1,6.511399202186E-2));
#10349=DIRECTION('',(-9.999999921804E-1,8.142923595891E-6,-1.247910425013E-4));
#10350=AXIS2_PLACEMENT_3D('',#10347,#10348,#10349);
#10351=CYLINDRICAL_SURFACE('',#10350,1.250156388713E1);
#10352=ORIENTED_EDGE('',*,*,#10340,.T.);
#10353=ORIENTED_EDGE('',*,*,#10124,.F.);
#10354=ORIENTED_EDGE('',*,*,#10093,.F.);
#10356=ORIENTED_EDGE('',*,*,#10355,.F.);
#10357=EDGE_LOOP('',(#10352,#10353,#10354,#10356));
#10358=FACE_OUTER_BOUND('',#10357,.F.);
#10359=ADVANCED_FACE('',(#10358),#10351,.T.);
#10360=CARTESIAN_POINT('',(-8.E1,5.344271085399E0,-1.023630550820E1));
#10361=DIRECTION('',(-1.E0,0.E0,0.E0));
#10362=DIRECTION('',(0.E0,-6.511399202186E-2,9.978778322235E-1));
#10363=AXIS2_PLACEMENT_3D('',#10360,#10361,#10362);
#10364=PLANE('',#10363);
#10365=ORIENTED_EDGE('',*,*,#10327,.F.);
#10366=ORIENTED_EDGE('',*,*,#10355,.T.);
#10367=ORIENTED_EDGE('',*,*,#10091,.T.);
#10368=ORIENTED_EDGE('',*,*,#10300,.T.);
#10369=EDGE_LOOP('',(#10365,#10366,#10367,#10368));
#10370=FACE_OUTER_BOUND('',#10369,.F.);
#10371=ADVANCED_FACE('',(#10370),#10364,.T.);
#10372=CARTESIAN_POINT('',(-6.75E1,6.015148827248E0,-2.051756773673E1));
#10373=DIRECTION('',(0.E0,-6.511399202186E-2,9.978778322235E-1));
#10374=DIRECTION('',(1.E0,0.E0,0.E0));
#10375=AXIS2_PLACEMENT_3D('',#10372,#10373,#10374);
#10376=PLANE('',#10375);
#10377=ORIENTED_EDGE('',*,*,#10166,.F.);
#10379=ORIENTED_EDGE('',*,*,#10378,.T.);
#10381=ORIENTED_EDGE('',*,*,#10380,.T.);
#10383=ORIENTED_EDGE('',*,*,#10382,.T.);
#10384=EDGE_LOOP('',(#10377,#10379,#10381,#10383));
#10385=FACE_OUTER_BOUND('',#10384,.F.);
#10386=ADVANCED_FACE('',(#10385),#10376,.T.);
#10387=CARTESIAN_POINT('',(6.749833353526E1,1.607155693274E1,
-9.537849591073E0));
#10388=DIRECTION('',(0.E0,9.978778322235E-1,6.511399202186E-2));
#10389=DIRECTION('',(1.617674924156E-4,6.511399116988E-2,-9.978778191669E-1));
#10390=AXIS2_PLACEMENT_3D('',#10387,#10388,#10389);
#10391=CYLINDRICAL_SURFACE('',#10390,1.029748861912E1);
#10393=ORIENTED_EDGE('',*,*,#10392,.F.);
#10394=ORIENTED_EDGE('',*,*,#10378,.F.);
#10395=ORIENTED_EDGE('',*,*,#10180,.F.);
#10397=ORIENTED_EDGE('',*,*,#10396,.F.);
#10398=EDGE_LOOP('',(#10393,#10394,#10395,#10397));
#10399=FACE_OUTER_BOUND('',#10398,.F.);
#10400=ADVANCED_FACE('',(#10399),#10391,.F.);
#10401=CARTESIAN_POINT('',(6.749893565855E1,1.183002060168E1,
-9.815770219906E0));
#10402=DIRECTION('',(-4.214099256191E-5,-9.978826846047E-1,-6.503957249488E-2));
#10403=DIRECTION('',(1.259980068893E-4,6.503956673792E-2,-9.978826779151E-1));
#10404=AXIS2_PLACEMENT_3D('',#10401,#10402,#10403);
#10405=TOROIDAL_SURFACE('',#10404,6.801648280397E0,3.498936167682E0);
#10407=ORIENTED_EDGE('',*,*,#10406,.F.);
#10409=ORIENTED_EDGE('',*,*,#10408,.F.);
#10411=ORIENTED_EDGE('',*,*,#10410,.F.);
#10413=ORIENTED_EDGE('',*,*,#10412,.T.);
#10414=ORIENTED_EDGE('',*,*,#10392,.T.);
#10416=ORIENTED_EDGE('',*,*,#10415,.F.);
#10417=EDGE_LOOP('',(#10407,#10409,#10411,#10413,#10414,#10416));
#10418=FACE_OUTER_BOUND('',#10417,.F.);
#10419=ADVANCED_FACE('',(#10418),#10405,.F.);
#10420=CARTESIAN_POINT('',(7.43E1,1.172444918194E1,-8.188178712721E0));
#10421=DIRECTION('',(0.E0,-6.511399202186E-2,9.978778322235E-1));
#10422=DIRECTION('',(7.071067811865E-1,-7.056061819609E-1,-4.604254530878E-2));
#10423=AXIS2_PLACEMENT_3D('',#10420,#10421,#10422);
#10424=CYLINDRICAL_SURFACE('',#10423,3.5E0);
#10426=ORIENTED_EDGE('',*,*,#10425,.T.);
#10428=ORIENTED_EDGE('',*,*,#10427,.F.);
#10429=ORIENTED_EDGE('',*,*,#10406,.T.);
#10430=ORIENTED_EDGE('',*,*,#10415,.T.);
#10432=ORIENTED_EDGE('',*,*,#10431,.F.);
#10434=ORIENTED_EDGE('',*,*,#10433,.T.);
#10435=EDGE_LOOP('',(#10426,#10428,#10429,#10430,#10432,#10434));
#10436=FACE_OUTER_BOUND('',#10435,.F.);
#10437=ADVANCED_FACE('',(#10436),#10424,.F.);
#10438=CARTESIAN_POINT('',(6.749676486994E1,1.140412675625E1,
-3.313333646126E0));
#10439=DIRECTION('',(1.243044183430E-4,-9.978845535665E-1,-6.501078604276E-2));
#10440=DIRECTION('',(9.999999902615E-1,1.281661643400E-4,-5.523112041633E-5));
#10441=AXIS2_PLACEMENT_3D('',#10438,#10439,#10440);
#10442=TOROIDAL_SURFACE('',#10441,6.803985232379E0,3.498677995344E0);
#10444=ORIENTED_EDGE('',*,*,#10443,.F.);
#10446=ORIENTED_EDGE('',*,*,#10445,.F.);
#10447=ORIENTED_EDGE('',*,*,#10425,.F.);
#10448=ORIENTED_EDGE('',*,*,#10433,.F.);
#10450=ORIENTED_EDGE('',*,*,#10449,.T.);
#10452=ORIENTED_EDGE('',*,*,#10451,.T.);
#10453=EDGE_LOOP('',(#10444,#10446,#10447,#10448,#10450,#10452));
#10454=FACE_OUTER_BOUND('',#10453,.F.);
#10455=ADVANCED_FACE('',(#10454),#10442,.F.);
#10456=CARTESIAN_POINT('',(7.125E1,1.096338697345E1,3.475168645025E0));
#10457=DIRECTION('',(-1.E0,0.E0,0.E0));
#10458=DIRECTION('',(0.E0,-7.516487272697E-1,6.595636366522E-1));
#10459=AXIS2_PLACEMENT_3D('',#10456,#10457,#10458);
#10460=CYLINDRICAL_SURFACE('',#10459,3.5E0);
#10462=ORIENTED_EDGE('',*,*,#10461,.F.);
#10463=ORIENTED_EDGE('',*,*,#10443,.T.);
#10464=ORIENTED_EDGE('',*,*,#10451,.F.);
#10466=ORIENTED_EDGE('',*,*,#10465,.F.);
#10468=ORIENTED_EDGE('',*,*,#10467,.F.);
#10470=ORIENTED_EDGE('',*,*,#10469,.T.);
#10471=EDGE_LOOP('',(#10462,#10463,#10464,#10466,#10468,#10470));
#10472=FACE_OUTER_BOUND('',#10471,.F.);
#10473=ADVANCED_FACE('',(#10472),#10460,.F.);
#10474=CARTESIAN_POINT('',(2.5E1,8.125848956254E0,-6.791191837465E0));
#10475=DIRECTION('',(0.E0,9.978778322235E-1,6.511399202186E-2));
#10476=DIRECTION('',(1.E0,0.E0,0.E0));
#10477=AXIS2_PLACEMENT_3D('',#10474,#10475,#10476);
#10478=PLANE('',#10477);
#10480=ORIENTED_EDGE('',*,*,#10479,.T.);
#10481=ORIENTED_EDGE('',*,*,#10408,.T.);
#10482=ORIENTED_EDGE('',*,*,#10427,.T.);
#10483=ORIENTED_EDGE('',*,*,#10445,.T.);
#10484=ORIENTED_EDGE('',*,*,#10461,.T.);
#10486=ORIENTED_EDGE('',*,*,#10485,.T.);
#10488=ORIENTED_EDGE('',*,*,#10487,.T.);
#10490=ORIENTED_EDGE('',*,*,#10489,.T.);
#10491=EDGE_LOOP('',(#10480,#10481,#10482,#10483,#10484,#10486,#10488,#10490));
#10492=FACE_OUTER_BOUND('',#10491,.F.);
#10493=ADVANCED_FACE('',(#10492),#10478,.T.);
#10494=CARTESIAN_POINT('',(-2.125E1,1.227345576462E1,-1.660175437580E1));
#10495=DIRECTION('',(1.E0,0.E0,0.E0));
#10496=DIRECTION('',(0.E0,-6.595636366522E-1,-7.516487272697E-1));
#10497=AXIS2_PLACEMENT_3D('',#10494,#10495,#10496);
#10498=CYLINDRICAL_SURFACE('',#10497,3.5E0);
#10499=ORIENTED_EDGE('',*,*,#10380,.F.);
#10500=ORIENTED_EDGE('',*,*,#10412,.F.);
#10501=ORIENTED_EDGE('',*,*,#10410,.T.);
#10502=ORIENTED_EDGE('',*,*,#10479,.F.);
#10504=ORIENTED_EDGE('',*,*,#10503,.F.);
#10506=ORIENTED_EDGE('',*,*,#10505,.F.);
#10507=EDGE_LOOP('',(#10499,#10500,#10501,#10502,#10504,#10506));
#10508=FACE_OUTER_BOUND('',#10507,.F.);
#10509=ADVANCED_FACE('',(#10508),#10498,.F.);
#10510=CARTESIAN_POINT('',(-6.749942761443E1,1.182974802667E1,
-9.815496839941E0));
#10511=DIRECTION('',(6.314374161035E-5,-9.978799533358E-1,-6.508144699784E-2));
#10512=DIRECTION('',(-9.999999672822E-1,-7.914277400957E-5,2.432528596303E-4));
#10513=AXIS2_PLACEMENT_3D('',#10510,#10511,#10512);
#10514=TOROIDAL_SURFACE('',#10513,6.801405553754E0,3.498762645005E0);
#10515=ORIENTED_EDGE('',*,*,#10503,.T.);
#10516=ORIENTED_EDGE('',*,*,#10489,.F.);
#10518=ORIENTED_EDGE('',*,*,#10517,.F.);
#10520=ORIENTED_EDGE('',*,*,#10519,.F.);
#10522=ORIENTED_EDGE('',*,*,#10521,.T.);
#10523=ORIENTED_EDGE('',*,*,#10505,.T.);
#10524=EDGE_LOOP('',(#10515,#10516,#10518,#10520,#10522,#10523));
#10525=FACE_OUTER_BOUND('',#10524,.F.);
#10526=ADVANCED_FACE('',(#10525),#10514,.F.);
#10527=CARTESIAN_POINT('',(-7.43E1,1.151239355613E1,-4.938407018056E0));
#10528=DIRECTION('',(0.E0,6.511399202186E-2,-9.978778322235E-1));
#10529=DIRECTION('',(-7.071067811865E-1,-7.056061819609E-1,-4.604254530878E-2));
#10530=AXIS2_PLACEMENT_3D('',#10527,#10528,#10529);
#10531=CYLINDRICAL_SURFACE('',#10530,3.5E0);
#10532=ORIENTED_EDGE('',*,*,#10517,.T.);
#10533=ORIENTED_EDGE('',*,*,#10487,.F.);
#10535=ORIENTED_EDGE('',*,*,#10534,.T.);
#10537=ORIENTED_EDGE('',*,*,#10536,.T.);
#10539=ORIENTED_EDGE('',*,*,#10538,.F.);
#10540=ORIENTED_EDGE('',*,*,#10519,.T.);
#10541=EDGE_LOOP('',(#10532,#10533,#10535,#10537,#10539,#10540));
#10542=FACE_OUTER_BOUND('',#10541,.F.);
#10543=ADVANCED_FACE('',(#10542),#10531,.F.);
#10544=CARTESIAN_POINT('',(-6.749896040048E1,1.140550021134E1,
-3.310880504781E0));
#10545=DIRECTION('',(4.665457441777E-5,-9.978726796892E-1,-6.519289035772E-2));
#10546=DIRECTION('',(-1.245329365270E-4,-6.519289572082E-2,9.978726726587E-1));
#10547=AXIS2_PLACEMENT_3D('',#10544,#10545,#10546);
#10548=TOROIDAL_SURFACE('',#10547,6.801722210005E0,3.498840720012E0);
#10549=ORIENTED_EDGE('',*,*,#10534,.F.);
#10550=ORIENTED_EDGE('',*,*,#10485,.F.);
#10551=ORIENTED_EDGE('',*,*,#10469,.F.);
#10552=ORIENTED_EDGE('',*,*,#10467,.T.);
#10554=ORIENTED_EDGE('',*,*,#10553,.T.);
#10555=ORIENTED_EDGE('',*,*,#10536,.F.);
#10556=EDGE_LOOP('',(#10549,#10550,#10551,#10552,#10554,#10555));
#10557=FACE_OUTER_BOUND('',#10556,.F.);
#10558=ADVANCED_FACE('',(#10557),#10548,.F.);
#10559=CARTESIAN_POINT('',(-6.749832999844E1,1.564724722150E1,
-3.035264790199E0));
#10560=DIRECTION('',(1.551957528897E-12,9.978778322236E-1,6.511399202024E-2));
#10561=DIRECTION('',(-1.621108566563E-4,-6.511399116464E-2,9.978778191115E-1));
#10562=AXIS2_PLACEMENT_3D('',#10559,#10560,#10561);
#10563=CYLINDRICAL_SURFACE('',#10562,1.029749155809E1);
#10564=ORIENTED_EDGE('',*,*,#10553,.F.);
#10566=ORIENTED_EDGE('',*,*,#10565,.F.);
#10567=ORIENTED_EDGE('',*,*,#10172,.F.);
#10569=ORIENTED_EDGE('',*,*,#10568,.F.);
#10570=EDGE_LOOP('',(#10564,#10566,#10567,#10569));
#10571=FACE_OUTER_BOUND('',#10570,.F.);
#10572=ADVANCED_FACE('',(#10571),#10563,.F.);
#10573=CARTESIAN_POINT('',(1.175E2,4.249282091920E0,6.544500109665E0));
#10574=DIRECTION('',(0.E0,6.511399202186E-2,-9.978778322235E-1));
#10575=DIRECTION('',(-1.E0,0.E0,0.E0));
#10576=AXIS2_PLACEMENT_3D('',#10573,#10574,#10575);
#10577=PLANE('',#10576);
#10578=ORIENTED_EDGE('',*,*,#10465,.T.);
#10580=ORIENTED_EDGE('',*,*,#10579,.T.);
#10581=ORIENTED_EDGE('',*,*,#10174,.F.);
#10582=ORIENTED_EDGE('',*,*,#10565,.T.);
#10583=EDGE_LOOP('',(#10578,#10580,#10581,#10582));
#10584=FACE_OUTER_BOUND('',#10583,.F.);
#10585=ADVANCED_FACE('',(#10584),#10577,.T.);
#10586=CARTESIAN_POINT('',(6.749847502082E1,1.564723798527E1,
-3.035123244242E0));
#10587=DIRECTION('',(0.E0,9.978778322235E-1,6.511399202186E-2));
#10588=DIRECTION('',(9.999999869071E-1,1.053677933153E-5,-1.614770987230E-4));
#10589=AXIS2_PLACEMENT_3D('',#10586,#10587,#10588);
#10590=CYLINDRICAL_SURFACE('',#10589,1.029751799131E1);
#10591=ORIENTED_EDGE('',*,*,#10449,.F.);
#10593=ORIENTED_EDGE('',*,*,#10592,.F.);
#10594=ORIENTED_EDGE('',*,*,#10176,.F.);
#10595=ORIENTED_EDGE('',*,*,#10579,.F.);
#10596=EDGE_LOOP('',(#10591,#10593,#10594,#10595));
#10597=FACE_OUTER_BOUND('',#10596,.F.);
#10598=ADVANCED_FACE('',(#10597),#10590,.F.);
#10599=CARTESIAN_POINT('',(7.78E1,5.344271085399E0,-1.023630550820E1));
#10600=DIRECTION('',(-1.E0,0.E0,0.E0));
#10601=DIRECTION('',(0.E0,-6.511399202186E-2,9.978778322235E-1));
#10602=AXIS2_PLACEMENT_3D('',#10599,#10600,#10601);
#10603=PLANE('',#10602);
#10604=ORIENTED_EDGE('',*,*,#10431,.T.);
#10605=ORIENTED_EDGE('',*,*,#10396,.T.);
#10606=ORIENTED_EDGE('',*,*,#10178,.F.);
#10607=ORIENTED_EDGE('',*,*,#10592,.T.);
#10608=EDGE_LOOP('',(#10604,#10605,#10606,#10607));
#10609=FACE_OUTER_BOUND('',#10608,.F.);
#10610=ADVANCED_FACE('',(#10609),#10603,.T.);
#10611=CARTESIAN_POINT('',(-7.78E1,4.920159833769E0,-3.736762118865E0));
#10612=DIRECTION('',(1.E0,0.E0,0.E0));
#10613=DIRECTION('',(0.E0,6.511399202186E-2,-9.978778322235E-1));
#10614=AXIS2_PLACEMENT_3D('',#10611,#10612,#10613);
#10615=PLANE('',#10614);
#10616=ORIENTED_EDGE('',*,*,#10538,.T.);
#10617=ORIENTED_EDGE('',*,*,#10568,.T.);
#10618=ORIENTED_EDGE('',*,*,#10170,.F.);
#10620=ORIENTED_EDGE('',*,*,#10619,.T.);
#10621=EDGE_LOOP('',(#10616,#10617,#10618,#10620));
#10622=FACE_OUTER_BOUND('',#10621,.F.);
#10623=ADVANCED_FACE('',(#10622),#10615,.T.);
#10624=CARTESIAN_POINT('',(-6.749847530249E1,1.607156633581E1,
-9.537993693963E0));
#10625=DIRECTION('',(-2.684860086193E-12,9.978778322238E-1,6.511399201694E-2));
#10626=DIRECTION('',(-9.999999869049E-1,-1.053766664851E-5,1.614906557153E-4));
#10627=AXIS2_PLACEMENT_3D('',#10624,#10625,#10626);
#10628=CYLINDRICAL_SURFACE('',#10627,1.029751769361E1);
#10629=ORIENTED_EDGE('',*,*,#10521,.F.);
#10630=ORIENTED_EDGE('',*,*,#10619,.F.);
#10631=ORIENTED_EDGE('',*,*,#10168,.F.);
#10632=ORIENTED_EDGE('',*,*,#10382,.F.);
#10633=EDGE_LOOP('',(#10629,#10630,#10631,#10632));
#10634=FACE_OUTER_BOUND('',#10633,.F.);
#10635=ADVANCED_FACE('',(#10634),#10628,.F.);
#10636=CARTESIAN_POINT('',(-6.E1,5.132215459584E0,-6.986533813531E0));
#10637=DIRECTION('',(0.E0,9.978778322235E-1,6.511399202186E-2));
#10638=DIRECTION('',(-1.E0,0.E0,0.E0));
#10639=AXIS2_PLACEMENT_3D('',#10636,#10637,#10638);
#10640=CYLINDRICAL_SURFACE('',#10639,7.5E0);
#10642=ORIENTED_EDGE('',*,*,#10641,.T.);
#10644=ORIENTED_EDGE('',*,*,#10643,.F.);
#10646=ORIENTED_EDGE('',*,*,#10645,.T.);
#10647=ORIENTED_EDGE('',*,*,#10101,.F.);
#10648=EDGE_LOOP('',(#10642,#10644,#10646,#10647));
#10649=FACE_OUTER_BOUND('',#10648,.F.);
#10650=ADVANCED_FACE('',(#10649),#10640,.F.);
#10651=CARTESIAN_POINT('',(-6.E1,5.132215459584E0,-6.986533813531E0));
#10652=DIRECTION('',(0.E0,9.978778322235E-1,6.511399202186E-2));
#10653=DIRECTION('',(-1.E0,0.E0,0.E0));
#10654=AXIS2_PLACEMENT_3D('',#10651,#10652,#10653);
#10655=CYLINDRICAL_SURFACE('',#10654,7.5E0);
#10656=ORIENTED_EDGE('',*,*,#10641,.F.);
#10657=ORIENTED_EDGE('',*,*,#10103,.F.);
#10658=ORIENTED_EDGE('',*,*,#10645,.F.);
#10660=ORIENTED_EDGE('',*,*,#10659,.F.);
#10661=EDGE_LOOP('',(#10656,#10657,#10658,#10660));
#10662=FACE_OUTER_BOUND('',#10661,.F.);
#10663=ADVANCED_FACE('',(#10662),#10655,.F.);
#10664=CARTESIAN_POINT('',(-6.E1,6.629032207919E0,-6.888862825498E0));
#10665=DIRECTION('',(0.E0,-9.978778322235E-1,-6.511399202186E-2));
#10666=DIRECTION('',(-1.E0,0.E0,0.E0));
#10667=AXIS2_PLACEMENT_3D('',#10664,#10665,#10666);
#10668=PLANE('',#10667);
#10669=ORIENTED_EDGE('',*,*,#10643,.T.);
#10670=ORIENTED_EDGE('',*,*,#10659,.T.);
#10671=EDGE_LOOP('',(#10669,#10670));
#10672=FACE_OUTER_BOUND('',#10671,.F.);
#10673=ADVANCED_FACE('',(#10672),#10668,.T.);
#10674=CARTESIAN_POINT('',(0.E0,5.132215459584E0,-6.986533813531E0));
#10675=DIRECTION('',(0.E0,9.978778322235E-1,6.511399202186E-2));
#10676=DIRECTION('',(1.E0,0.E0,0.E0));
#10677=AXIS2_PLACEMENT_3D('',#10674,#10675,#10676);
#10678=CYLINDRICAL_SURFACE('',#10677,7.5E0);
#10680=ORIENTED_EDGE('',*,*,#10679,.T.);
#10682=ORIENTED_EDGE('',*,*,#10681,.F.);
#10684=ORIENTED_EDGE('',*,*,#10683,.T.);
#10685=ORIENTED_EDGE('',*,*,#10107,.F.);
#10686=EDGE_LOOP('',(#10680,#10682,#10684,#10685));
#10687=FACE_OUTER_BOUND('',#10686,.F.);
#10688=ADVANCED_FACE('',(#10687),#10678,.F.);
#10689=CARTESIAN_POINT('',(0.E0,5.132215459584E0,-6.986533813531E0));
#10690=DIRECTION('',(0.E0,9.978778322235E-1,6.511399202186E-2));
#10691=DIRECTION('',(1.E0,0.E0,0.E0));
#10692=AXIS2_PLACEMENT_3D('',#10689,#10690,#10691);
#10693=CYLINDRICAL_SURFACE('',#10692,7.5E0);
#10694=ORIENTED_EDGE('',*,*,#10679,.F.);
#10695=ORIENTED_EDGE('',*,*,#10109,.F.);
#10696=ORIENTED_EDGE('',*,*,#10683,.F.);
#10698=ORIENTED_EDGE('',*,*,#10697,.F.);
#10699=EDGE_LOOP('',(#10694,#10695,#10696,#10698));
#10700=FACE_OUTER_BOUND('',#10699,.F.);
#10701=ADVANCED_FACE('',(#10700),#10693,.F.);
#10702=CARTESIAN_POINT('',(0.E0,6.629032207919E0,-6.888862825498E0));
#10703=DIRECTION('',(0.E0,9.978778322235E-1,6.511399202186E-2));
#10704=DIRECTION('',(1.E0,0.E0,0.E0));
#10705=AXIS2_PLACEMENT_3D('',#10702,#10703,#10704);
#10706=PLANE('',#10705);
#10707=ORIENTED_EDGE('',*,*,#10681,.T.);
#10708=ORIENTED_EDGE('',*,*,#10697,.T.);
#10709=EDGE_LOOP('',(#10707,#10708));
#10710=FACE_OUTER_BOUND('',#10709,.F.);
#10711=ADVANCED_FACE('',(#10710),#10706,.F.);
#10712=CARTESIAN_POINT('',(6.E1,6.629032207919E0,-6.888862825498E0));
#10713=DIRECTION('',(0.E0,-9.978778322235E-1,-6.511399202186E-2));
#10714=DIRECTION('',(-1.E0,0.E0,0.E0));
#10715=AXIS2_PLACEMENT_3D('',#10712,#10713,#10714);
#10716=PLANE('',#10715);
#10717=ORIENTED_EDGE('',*,*,#10051,.T.);
#10718=ORIENTED_EDGE('',*,*,#10069,.T.);
#10719=EDGE_LOOP('',(#10717,#10718));
#10720=FACE_OUTER_BOUND('',#10719,.F.);
#10721=ADVANCED_FACE('',(#10720),#10716,.T.);
#10725=DIMENSIONAL_EXPONENTS(0.E0,0.E0,0.E0,0.E0,0.E0,0.E0,0.E0);
#10727=PLANE_ANGLE_MEASURE_WITH_UNIT(PLANE_ANGLE_MEASURE(1.745329251994E-2),
#10726);
#10728=(CONVERSION_BASED_UNIT('DEGREE',#10727)NAMED_UNIT(*)PLANE_ANGLE_UNIT());
#10730=UNCERTAINTY_MEASURE_WITH_UNIT(LENGTH_MEASURE(1.658094136324E-2),#10724,
'closure',
'Maximum model space distance between geometric entities at asserted connectivities');
#10731=(GEOMETRIC_REPRESENTATION_CONTEXT(3)GLOBAL_UNCERTAINTY_ASSIGNED_CONTEXT((
#10730))GLOBAL_UNIT_ASSIGNED_CONTEXT((#10724,#10728,#10729))REPRESENTATION_CONTEXT('ID3','3'));
#10732=CARTESIAN_POINT('',(0.E0,0.E0,0.E0));
#10733=DIRECTION('',(0.E0,0.E0,1.E0));
#10734=DIRECTION('',(1.E0,0.E0,0.E0));
#10737=DESIGN_CONTEXT('',#1624,'design');
#10738=MECHANICAL_CONTEXT('',#1624,'mechanical');
#10739=PRODUCT('_X2_5B9E4F53_X0_18_1_1','_X2_5B9E4F53_X0_18_1_1',
'NOT SPECIFIED',(#10738));
#10740=PRODUCT_DEFINITION_FORMATION_WITH_SPECIFIED_SOURCE('1','LAST_VERSION',
#10739,.MADE.);
#10746=CARTESIAN_POINT('',(1.421085471520E-14,-1.110262591771E1,
1.496897007678E1));
#10747=DIRECTION('',(0.E0,9.978778322235E-1,-6.511399202186E-2));
#10748=DIRECTION('',(1.E0,0.E0,0.E0));
#10749=AXIS2_PLACEMENT_3D('',#10746,#10747,#10748);
#10750=ITEM_DEFINED_TRANSFORMATION('','',#10735,#10749);
#10751=CARTESIAN_POINT('',(0.E0,0.E0,0.E0));
#10752=DIRECTION('',(0.E0,0.E0,1.E0));
#10753=DIRECTION('',(1.E0,0.E0,0.E0));
#10755=(REPRESENTATION_RELATIONSHIP('','',#10736,#1635)REPRESENTATION_RELATIONSHIP_WITH_TRANSFORMATION(#10750)SHAPE_REPRESENTATION_RELATIONSHIP());
#10756=CONTEXT_DEPENDENT_SHAPE_REPRESENTATION(#10755,#10745);
#10758=DIMENSIONAL_EXPONENTS(0.E0,0.E0,0.E0,0.E0,0.E0,0.E0,0.E0);
#10760=PLANE_ANGLE_MEASURE_WITH_UNIT(PLANE_ANGLE_MEASURE(1.745329251994E-2),
#10759);
#10761=(CONVERSION_BASED_UNIT('DEGREE',#10760)NAMED_UNIT(*)PLANE_ANGLE_UNIT());
#10763=UNCERTAINTY_MEASURE_WITH_UNIT(LENGTH_MEASURE(8.659907627683E-2),#10757,
'closure',
'Maximum model space distance between geometric entities at asserted connectivities');
#10764=(GEOMETRIC_REPRESENTATION_CONTEXT(3)GLOBAL_UNCERTAINTY_ASSIGNED_CONTEXT((
#10763))GLOBAL_UNIT_ASSIGNED_CONTEXT((#10757,#10761,#10762))REPRESENTATION_CONTEXT('ID4','3'));
#10765=CARTESIAN_POINT('',(0.E0,0.E0,0.E0));
#10766=DIRECTION('',(0.E0,0.E0,1.E0));
#10767=DIRECTION('',(1.E0,0.E0,0.E0));
#10769=MECHANICAL_CONTEXT('',#1624,'mechanical');
#10770=PRODUCT('3D_X2_62535370_X0___X2_65367EB3_ASM',
'3D_X2_62535370_X0___X2_65367EB3_ASM','NOT SPECIFIED',(#10769));
#10771=PRODUCT_DEFINITION_FORMATION_WITH_SPECIFIED_SOURCE('1','LAST_VERSION',
#10770,.MADE.);
#10778=CARTESIAN_POINT('',(0.E0,0.E0,0.E0));
#10779=DIRECTION('',(0.E0,0.E0,1.E0));
#10780=DIRECTION('',(1.E0,0.E0,0.E0));
#10781=AXIS2_PLACEMENT_3D('',#10778,#10779,#10780);
#10782=ITEM_DEFINED_TRANSFORMATION('','',#1646,#10781);
#10783=CARTESIAN_POINT('',(0.E0,0.E0,0.E0));
#10784=DIRECTION('',(0.E0,0.E0,1.E0));
#10785=DIRECTION('',(1.E0,0.E0,0.E0));
#10787=(REPRESENTATION_RELATIONSHIP('','',#1635,#10775)REPRESENTATION_RELATIONSHIP_WITH_TRANSFORMATION(#10782)SHAPE_REPRESENTATION_RELATIONSHIP());
#10788=CONTEXT_DEPENDENT_SHAPE_REPRESENTATION(#10787,#10777);
#10790=DIMENSIONAL_EXPONENTS(0.E0,0.E0,0.E0,0.E0,0.E0,0.E0,0.E0);
#10792=PLANE_ANGLE_MEASURE_WITH_UNIT(PLANE_ANGLE_MEASURE(1.745329251994E-2),
#10791);
#10793=(CONVERSION_BASED_UNIT('DEGREE',#10792)NAMED_UNIT(*)PLANE_ANGLE_UNIT());
#10795=UNCERTAINTY_MEASURE_WITH_UNIT(LENGTH_MEASURE(8.659907627683E-2),#10789,
'closure',
'Maximum model space distance between geometric entities at asserted connectivities');
#10796=(GEOMETRIC_REPRESENTATION_CONTEXT(3)GLOBAL_UNCERTAINTY_ASSIGNED_CONTEXT((
#10795))GLOBAL_UNIT_ASSIGNED_CONTEXT((#10789,#10793,#10794))REPRESENTATION_CONTEXT('ID5','3'));
#10797=CARTESIAN_POINT('',(0.E0,0.E0,0.E0));
#10798=DIRECTION('',(0.E0,0.E0,1.E0));
#10799=DIRECTION('',(1.E0,0.E0,0.E0));
#10801=DESIGN_CONTEXT('',#1624,'design');
#10802=MECHANICAL_CONTEXT('',#1624,'mechanical');
#10803=PRODUCT('3D__V60002_ASM_1_ASM_1_ASM','3D__V60002_ASM_1_ASM_1_ASM',
'NOT SPECIFIED',(#10802));
#10804=PRODUCT_DEFINITION_FORMATION_WITH_SPECIFIED_SOURCE('1','LAST_VERSION',
#10803,.MADE.);
#10811=CARTESIAN_POINT('',(0.E0,0.E0,0.E0));
#10812=DIRECTION('',(0.E0,0.E0,1.E0));
#10813=DIRECTION('',(1.E0,0.E0,0.E0));
#10814=AXIS2_PLACEMENT_3D('',#10811,#10812,#10813);
#10815=ITEM_DEFINED_TRANSFORMATION('','',#10786,#10814);
#10816=CARTESIAN_POINT('',(0.E0,0.E0,0.E0));
#10817=DIRECTION('',(0.E0,0.E0,1.E0));
#10818=DIRECTION('',(1.E0,0.E0,0.E0));
#10820=(REPRESENTATION_RELATIONSHIP('','',#10775,#10808)REPRESENTATION_RELATIONSHIP_WITH_TRANSFORMATION(#10815)SHAPE_REPRESENTATION_RELATIONSHIP());
#10821=CONTEXT_DEPENDENT_SHAPE_REPRESENTATION(#10820,#10810);
#10823=DIMENSIONAL_EXPONENTS(0.E0,0.E0,0.E0,0.E0,0.E0,0.E0,0.E0);
#10825=PLANE_ANGLE_MEASURE_WITH_UNIT(PLANE_ANGLE_MEASURE(1.745329251994E-2),
#10824);
#10826=(CONVERSION_BASED_UNIT('DEGREE',#10825)NAMED_UNIT(*)PLANE_ANGLE_UNIT());
#10828=UNCERTAINTY_MEASURE_WITH_UNIT(LENGTH_MEASURE(8.659907627683E-2),#10822,
'closure',
'Maximum model space distance between geometric entities at asserted connectivities');
#10829=(GEOMETRIC_REPRESENTATION_CONTEXT(3)GLOBAL_UNCERTAINTY_ASSIGNED_CONTEXT((
#10828))GLOBAL_UNIT_ASSIGNED_CONTEXT((#10822,#10826,#10827))REPRESENTATION_CONTEXT('ID6','3'));
#10830=CARTESIAN_POINT('',(0.E0,0.E0,0.E0));
#10831=DIRECTION('',(0.E0,0.E0,1.E0));
#10832=DIRECTION('',(1.E0,0.E0,0.E0));
#10834=MECHANICAL_CONTEXT('',#1624,'mechanical');
#10835=PRODUCT('SHOUNAHE_ASM_1_ASM','SHOUNAHE_ASM_1_ASM','NOT SPECIFIED',
(#10834));
#10836=PRODUCT_DEFINITION_FORMATION_WITH_SPECIFIED_SOURCE('1','LAST_VERSION',
#10835,.MADE.);
#10843=CARTESIAN_POINT('',(8.042142954316E1,8.548927170343E0,
-1.030256714646E1));
#10844=DIRECTION('',(0.E0,0.E0,1.E0));
#10845=DIRECTION('',(1.E0,0.E0,0.E0));
#10846=AXIS2_PLACEMENT_3D('',#10843,#10844,#10845);
#10847=ITEM_DEFINED_TRANSFORMATION('','',#10819,#10846);
#10848=CARTESIAN_POINT('',(0.E0,0.E0,0.E0));
#10849=DIRECTION('',(0.E0,0.E0,1.E0));
#10850=DIRECTION('',(1.E0,0.E0,0.E0));
#10852=(REPRESENTATION_RELATIONSHIP('','',#10808,#10840)REPRESENTATION_RELATIONSHIP_WITH_TRANSFORMATION(#10847)SHAPE_REPRESENTATION_RELATIONSHIP());
#10853=CONTEXT_DEPENDENT_SHAPE_REPRESENTATION(#10852,#10842);
#10855=DIMENSIONAL_EXPONENTS(0.E0,0.E0,0.E0,0.E0,0.E0,0.E0,0.E0);
#10857=PLANE_ANGLE_MEASURE_WITH_UNIT(PLANE_ANGLE_MEASURE(1.745329251994E-2),
#10856);
#10858=(CONVERSION_BASED_UNIT('DEGREE',#10857)NAMED_UNIT(*)PLANE_ANGLE_UNIT());
#10860=UNCERTAINTY_MEASURE_WITH_UNIT(LENGTH_MEASURE(8.659907627683E-2),#10854,
'closure',
'Maximum model space distance between geometric entities at asserted connectivities');
#10861=(GEOMETRIC_REPRESENTATION_CONTEXT(3)GLOBAL_UNCERTAINTY_ASSIGNED_CONTEXT((
#10860))GLOBAL_UNIT_ASSIGNED_CONTEXT((#10854,#10858,#10859))REPRESENTATION_CONTEXT('ID7','3'));
#10862=CARTESIAN_POINT('',(0.E0,0.E0,0.E0));
#10863=DIRECTION('',(0.E0,0.E0,1.E0));
#10864=DIRECTION('',(1.E0,0.E0,0.E0));
#10866=DESIGN_CONTEXT('',#1624,'design');
#10867=MECHANICAL_CONTEXT('',#1624,'mechanical');
#10868=PRODUCT('ASM0015_ASM_1_ASM','ASM0015_ASM_1_ASM','NOT SPECIFIED',
(#10867));
#10869=PRODUCT_DEFINITION_FORMATION_WITH_SPECIFIED_SOURCE('1','LAST_VERSION',
#10868,.MADE.);
#10876=CARTESIAN_POINT('',(0.E0,0.E0,0.E0));
#10877=DIRECTION('',(0.E0,0.E0,1.E0));
#10878=DIRECTION('',(1.E0,0.E0,0.E0));
#10879=AXIS2_PLACEMENT_3D('',#10876,#10877,#10878);
#10880=ITEM_DEFINED_TRANSFORMATION('','',#10851,#10879);
#10881=(REPRESENTATION_RELATIONSHIP('','',#10840,#10873)REPRESENTATION_RELATIONSHIP_WITH_TRANSFORMATION(#10880)SHAPE_REPRESENTATION_RELATIONSHIP());
#10882=CONTEXT_DEPENDENT_SHAPE_REPRESENTATION(#10881,#10875);
#10884=DIMENSIONAL_EXPONENTS(0.E0,0.E0,0.E0,0.E0,0.E0,0.E0,0.E0);
#10886=PLANE_ANGLE_MEASURE_WITH_UNIT(PLANE_ANGLE_MEASURE(1.745329251994E-2),
#10885);
#10887=(CONVERSION_BASED_UNIT('DEGREE',#10886)NAMED_UNIT(*)PLANE_ANGLE_UNIT());
#10889=UNCERTAINTY_MEASURE_WITH_UNIT(LENGTH_MEASURE(8.659907627683E-2),#10883,
'closure',
'Maximum model space distance between geometric entities at asserted connectivities');
#10890=(GEOMETRIC_REPRESENTATION_CONTEXT(3)GLOBAL_UNCERTAINTY_ASSIGNED_CONTEXT((
#10889))GLOBAL_UNIT_ASSIGNED_CONTEXT((#10883,#10887,#10888))REPRESENTATION_CONTEXT('ID8','3'));
#10891=CARTESIAN_POINT('',(0.E0,0.E0,0.E0));
#10892=DIRECTION('',(0.E0,0.E0,1.E0));
#10893=DIRECTION('',(1.E0,0.E0,0.E0));
#10895=MECHANICAL_CONTEXT('',#1624,'mechanical');
#10896=PRODUCT('NODE_--110325000_ASM','NODE_--110325000_ASM','NOT SPECIFIED',(
#10895));
#10897=PRODUCT_DEFINITION_FORMATION_WITH_SPECIFIED_SOURCE('1','LAST_VERSION',
#10896,.MADE.);
#10899=PRODUCT_CATEGORY('part','');
#10900=PRODUCT_RELATED_PRODUCT_CATEGORY('assembly','',(#10770,#10803,#10835,
#10868,#10896));
#10901=PRODUCT_CATEGORY_RELATIONSHIP('','',#10899,#10900);
#10902=PRODUCT_CATEGORY('part','');
#10903=PRODUCT_RELATED_PRODUCT_CATEGORY('detail','',(#1628,#9411,#10739));
#10904=PRODUCT_CATEGORY_RELATIONSHIP('','',#10902,#10903);
#10905=SECURITY_CLASSIFICATION_LEVEL('unclassified');
#10906=SECURITY_CLASSIFICATION('','',#10905);
#10907=CC_DESIGN_SECURITY_CLASSIFICATION(#10906,(#1629,#9412,#10740,#10771,
#10804,#10836,#10869,#10897,#1636,#9416,#10744,#10776,#10809,#10841,#10874));
#10908=APPROVAL_STATUS('approved');
#10909=APPROVAL(#10908,'');
#10910=CC_DESIGN_APPROVAL(#10909,(#10906,#1629,#9412,#10740,#10771,#10804,
#10836,#10869,#10897,#1630,#9413,#10741,#10772,#10805,#10837,#10870,#10898));
#10911=CALENDAR_DATE(125,11,11);
#10912=COORDINATED_UNIVERSAL_TIME_OFFSET(8,0,.AHEAD.);
#10913=LOCAL_TIME(14,47,5.E0,#10912);
#10914=DATE_AND_TIME(#10911,#10913);
#10915=APPROVAL_DATE_TIME(#10914,#10909);
#10916=DATE_TIME_ROLE('creation_date');
#10917=CC_DESIGN_DATE_AND_TIME_ASSIGNMENT(#10914,#10916,(#1630,#9413,#10741,
#10772,#10805,#10837,#10870,#10898));
#10918=DATE_TIME_ROLE('classification_date');
#10919=CC_DESIGN_DATE_AND_TIME_ASSIGNMENT(#10914,#10918,(#10906));
#10920=PERSON('UNSPECIFIED','UNSPECIFIED',$,$,$,$);
#10921=ORGANIZATION('UNSPECIFIED','UNSPECIFIED','UNSPECIFIED');
#10922=PERSON_AND_ORGANIZATION(#10920,#10921);
#10923=APPROVAL_ROLE('approver');
#10924=APPROVAL_PERSON_ORGANIZATION(#10922,#10909,#10923);
#10925=PERSON_AND_ORGANIZATION_ROLE('creator');
#10926=CC_DESIGN_PERSON_AND_ORGANIZATION_ASSIGNMENT(#10922,#10925,(#1629,#9412,
#10740,#10771,#10804,#10836,#10869,#10897,#1630,#9413,#10741,#10772,#10805,
#10837,#10870,#10898));
#10927=PERSON_AND_ORGANIZATION_ROLE('design_supplier');
#10928=CC_DESIGN_PERSON_AND_ORGANIZATION_ASSIGNMENT(#10922,#10927,(#1629,#9412,
#10740,#10771,#10804,#10836,#10869,#10897));
#10929=PERSON_AND_ORGANIZATION_ROLE('classification_officer');
#10930=CC_DESIGN_PERSON_AND_ORGANIZATION_ASSIGNMENT(#10922,#10929,(#10906));
#10931=PERSON_AND_ORGANIZATION_ROLE('design_owner');
#10932=CC_DESIGN_PERSON_AND_ORGANIZATION_ASSIGNMENT(#10922,#10931,(#10770,
#10803,#10835,#10868,#10896,#1628,#9411,#10739));
#5=CIRCLE('',#4,1.1E0);
#18=CIRCLE('',#17,1.1E0);
#23=CIRCLE('',#22,1.1E0);
#68=CIRCLE('',#67,1.250156388713E1);
#73=CIRCLE('',#72,1.250156388713E1);
#86=CIRCLE('',#85,1.250156388713E1);
#91=CIRCLE('',#90,1.250156388713E1);
#104=CIRCLE('',#103,1.250156388713E1);
#109=CIRCLE('',#108,1.250156388713E1);
#122=CIRCLE('',#121,1.250156388713E1);
#127=CIRCLE('',#126,1.250156388713E1);
#164=CIRCLE('',#163,1.200342338360E1);
#169=CIRCLE('',#168,1.200336625026E1);
#174=CIRCLE('',#173,1.200367868488E1);
#179=CIRCLE('',#178,1.200311866810E1);
#184=CIRCLE('',#183,1.019748423650E1);
#189=CIRCLE('',#188,1.019750548846E1);
#194=CIRCLE('',#193,1.019748279634E1);
#199=CIRCLE('',#198,1.019750554421E1);
#236=CIRCLE('',#235,1.250156388713E1);
#241=CIRCLE('',#240,1.250156388713E1);
#254=CIRCLE('',#253,1.250156388713E1);
#259=CIRCLE('',#258,1.250156388713E1);
#272=CIRCLE('',#271,1.250156388713E1);
#277=CIRCLE('',#276,1.250156388713E1);
#290=CIRCLE('',#289,1.250156388713E1);
#295=CIRCLE('',#294,1.250156388713E1);
#302=B_SPLINE_CURVE_WITH_KNOTS('',3,(#296,#297,#298,#299,#300,#301),
.UNSPECIFIED.,.F.,.F.,(4,1,1,4),(0.E0,3.333333333333E-1,6.666666666667E-1,1.E0),
.UNSPECIFIED.);
#307=CIRCLE('',#306,1.250156388713E1);
#321=B_SPLINE_CURVE_WITH_KNOTS('',3,(#308,#309,#310,#311,#312,#313,#314,#315,
#316,#317,#318,#319,#320),.UNSPECIFIED.,.F.,.F.,(4,1,1,1,1,1,1,1,1,1,4),(0.E0,
1.E-1,2.E-1,3.E-1,4.E-1,5.E-1,6.E-1,7.E-1,8.E-1,9.E-1,1.E0),.UNSPECIFIED.);
#336=B_SPLINE_CURVE_WITH_KNOTS('',3,(#322,#323,#324,#325,#326,#327,#328,#329,
#330,#331,#332,#333,#334,#335),.UNSPECIFIED.,.F.,.F.,(4,1,1,1,1,1,1,1,1,1,1,4),(
0.E0,9.090909090909E-2,1.818181818182E-1,2.727272727273E-1,3.636363636364E-1,
4.545454545455E-1,5.454545454545E-1,6.363636363636E-1,7.272727272727E-1,
8.181818181818E-1,9.090909090909E-1,1.E0),.UNSPECIFIED.);
#351=B_SPLINE_CURVE_WITH_KNOTS('',3,(#337,#338,#339,#340,#341,#342,#343,#344,
#345,#346,#347,#348,#349,#350),.UNSPECIFIED.,.F.,.F.,(4,1,1,1,1,1,1,1,1,1,1,4),(
0.E0,9.090909090909E-2,1.818181818182E-1,2.727272727273E-1,3.636363636364E-1,
4.545454545455E-1,5.454545454545E-1,6.363636363636E-1,7.272727272727E-1,
8.181818181818E-1,9.090909090909E-1,1.E0),.UNSPECIFIED.);
#361=B_SPLINE_CURVE_WITH_KNOTS('',3,(#352,#353,#354,#355,#356,#357,#358,#359,
#360),.UNSPECIFIED.,.F.,.F.,(4,1,1,1,1,1,4),(0.E0,1.666666666667E-1,
3.333333333333E-1,5.E-1,6.666666666667E-1,8.333333333333E-1,1.E0),
.UNSPECIFIED.);
#366=CIRCLE('',#365,1.1E0);
#371=CIRCLE('',#370,1.1E0);
#376=CIRCLE('',#375,1.1E0);
#399=B_SPLINE_CURVE_WITH_KNOTS('',3,(#385,#386,#387,#388,#389,#390,#391,#392,
#393,#394,#395,#396,#397,#398),.UNSPECIFIED.,.F.,.F.,(4,1,1,1,1,1,1,1,1,1,1,4),(
0.E0,9.090909090909E-2,1.818181818182E-1,2.727272727273E-1,3.636363636364E-1,
4.545454545455E-1,5.454545454545E-1,6.363636363636E-1,7.272727272727E-1,
8.181818181818E-1,9.090909090909E-1,1.E0),.UNSPECIFIED.);
#414=B_SPLINE_CURVE_WITH_KNOTS('',3,(#400,#401,#402,#403,#404,#405,#406,#407,
#408,#409,#410,#411,#412,#413),.UNSPECIFIED.,.F.,.F.,(4,1,1,1,1,1,1,1,1,1,1,4),(
0.E0,9.090909090909E-2,1.818181818182E-1,2.727272727273E-1,3.636363636364E-1,
4.545454545455E-1,5.454545454545E-1,6.363636363636E-1,7.272727272727E-1,
8.181818181818E-1,9.090909090909E-1,1.E0),.UNSPECIFIED.);
#428=B_SPLINE_CURVE_WITH_KNOTS('',3,(#415,#416,#417,#418,#419,#420,#421,#422,
#423,#424,#425,#426,#427),.UNSPECIFIED.,.F.,.F.,(4,1,1,1,1,1,1,1,1,1,4),(0.E0,
1.E-1,2.E-1,3.E-1,4.E-1,5.E-1,6.E-1,7.E-1,8.E-1,9.E-1,1.E0),.UNSPECIFIED.);
#433=CIRCLE('',#432,1.250156388713E1);
#440=B_SPLINE_CURVE_WITH_KNOTS('',3,(#434,#435,#436,#437,#438,#439),
.UNSPECIFIED.,.F.,.F.,(4,1,1,4),(0.E0,3.333333333333E-1,6.666666666667E-1,1.E0),
.UNSPECIFIED.);
#450=B_SPLINE_CURVE_WITH_KNOTS('',3,(#441,#442,#443,#444,#445,#446,#447,#448,
#449),.UNSPECIFIED.,.F.,.F.,(4,1,1,1,1,1,4),(0.E0,1.666666666667E-1,
3.333333333333E-1,5.E-1,6.666666666667E-1,8.333333333333E-1,1.E0),
.UNSPECIFIED.);
#455=B_SPLINE_CURVE_WITH_KNOTS('',3,(#451,#452,#453,#454),.UNSPECIFIED.,.F.,.F.,
(4,4),(0.E0,1.E0),.UNSPECIFIED.);
#474=B_SPLINE_CURVE_WITH_KNOTS('',3,(#468,#469,#470,#471,#472,#473),
.UNSPECIFIED.,.F.,.F.,(4,1,1,4),(0.E0,3.333333333333E-1,6.666666666667E-1,1.E0),
.UNSPECIFIED.);
#484=B_SPLINE_CURVE_WITH_KNOTS('',3,(#475,#476,#477,#478,#479,#480,#481,#482,
#483),.UNSPECIFIED.,.F.,.F.,(4,1,1,1,1,1,4),(0.E0,1.666666666667E-1,
3.333333333333E-1,5.E-1,6.666666666667E-1,8.333333333333E-1,1.E0),
.UNSPECIFIED.);
#499=B_SPLINE_CURVE_WITH_KNOTS('',3,(#485,#486,#487,#488,#489,#490,#491,#492,
#493,#494,#495,#496,#497,#498),.UNSPECIFIED.,.F.,.F.,(4,1,1,1,1,1,1,1,1,1,1,4),(
0.E0,9.090909090909E-2,1.818181818182E-1,2.727272727273E-1,3.636363636364E-1,
4.545454545455E-1,5.454545454545E-1,6.363636363636E-1,7.272727272727E-1,
8.181818181818E-1,9.090909090909E-1,1.E0),.UNSPECIFIED.);
#514=B_SPLINE_CURVE_WITH_KNOTS('',3,(#500,#501,#502,#503,#504,#505,#506,#507,
#508,#509,#510,#511,#512,#513),.UNSPECIFIED.,.F.,.F.,(4,1,1,1,1,1,1,1,1,1,1,4),(
0.E0,9.090909090909E-2,1.818181818182E-1,2.727272727273E-1,3.636363636364E-1,
4.545454545455E-1,5.454545454545E-1,6.363636363636E-1,7.272727272727E-1,
8.181818181818E-1,9.090909090909E-1,1.E0),.UNSPECIFIED.);
#528=B_SPLINE_CURVE_WITH_KNOTS('',3,(#515,#516,#517,#518,#519,#520,#521,#522,
#523,#524,#525,#526,#527),.UNSPECIFIED.,.F.,.F.,(4,1,1,1,1,1,1,1,1,1,4),(0.E0,
1.E-1,2.E-1,3.E-1,4.E-1,5.E-1,6.E-1,7.E-1,8.E-1,9.E-1,1.E0),.UNSPECIFIED.);
#533=CIRCLE('',#532,1.250156388713E1);
#538=B_SPLINE_CURVE_WITH_KNOTS('',3,(#534,#535,#536,#537),.UNSPECIFIED.,.F.,.F.,
(4,4),(0.E0,1.E0),.UNSPECIFIED.);
#565=B_SPLINE_CURVE_WITH_KNOTS('',3,(#551,#552,#553,#554,#555,#556,#557,#558,
#559,#560,#561,#562,#563,#564),.UNSPECIFIED.,.F.,.F.,(4,1,1,1,1,1,1,1,1,1,1,4),(
0.E0,9.090909090909E-2,1.818181818182E-1,2.727272727273E-1,3.636363636364E-1,
4.545454545455E-1,5.454545454545E-1,6.363636363636E-1,7.272727272727E-1,
8.181818181818E-1,9.090909090909E-1,1.E0),.UNSPECIFIED.);
#575=B_SPLINE_CURVE_WITH_KNOTS('',3,(#566,#567,#568,#569,#570,#571,#572,#573,
#574),.UNSPECIFIED.,.F.,.F.,(4,1,1,1,1,1,4),(0.E0,1.666666666667E-1,
3.333333333333E-1,5.E-1,6.666666666667E-1,8.333333333333E-1,1.E0),
.UNSPECIFIED.);
#582=B_SPLINE_CURVE_WITH_KNOTS('',3,(#576,#577,#578,#579,#580,#581),
.UNSPECIFIED.,.F.,.F.,(4,1,1,4),(0.E0,3.333333333333E-1,6.666666666667E-1,1.E0),
.UNSPECIFIED.);
#587=CIRCLE('',#586,1.250156388713E1);
#601=B_SPLINE_CURVE_WITH_KNOTS('',3,(#588,#589,#590,#591,#592,#593,#594,#595,
#596,#597,#598,#599,#600),.UNSPECIFIED.,.F.,.F.,(4,1,1,1,1,1,1,1,1,1,4),(0.E0,
1.E-1,2.E-1,3.E-1,4.E-1,5.E-1,6.E-1,7.E-1,8.E-1,9.E-1,1.E0),.UNSPECIFIED.);
#616=B_SPLINE_CURVE_WITH_KNOTS('',3,(#602,#603,#604,#605,#606,#607,#608,#609,
#610,#611,#612,#613,#614,#615),.UNSPECIFIED.,.F.,.F.,(4,1,1,1,1,1,1,1,1,1,1,4),(
0.E0,9.090909090909E-2,1.818181818182E-1,2.727272727273E-1,3.636363636364E-1,
4.545454545455E-1,5.454545454545E-1,6.363636363636E-1,7.272727272727E-1,
8.181818181818E-1,9.090909090909E-1,1.E0),.UNSPECIFIED.);
#637=CIRCLE('',#636,1.019750554421E1);
#646=CIRCLE('',#645,1.019748279634E1);
#655=CIRCLE('',#654,1.019750548846E1);
#664=CIRCLE('',#663,1.019748423650E1);
#864=EDGE_CURVE('',#703,#704,#5,.T.);
#866=EDGE_CURVE('',#704,#706,#9,.T.);
#868=EDGE_CURVE('',#708,#706,#550,.T.);
#870=EDGE_CURVE('',#708,#710,#13,.T.);
#872=EDGE_CURVE('',#710,#712,#18,.T.);
#874=EDGE_CURVE('',#714,#712,#55,.T.);
#876=EDGE_CURVE('',#714,#716,#23,.T.);
#878=EDGE_CURVE('',#703,#716,#39,.T.);
#888=EDGE_CURVE('',#703,#718,#27,.T.);
#890=EDGE_CURVE('',#720,#718,#366,.T.);
#892=EDGE_CURVE('',#721,#720,#302,.T.);
#894=EDGE_CURVE('',#721,#723,#31,.T.);
#896=EDGE_CURVE('',#704,#723,#474,.T.);
#907=EDGE_CURVE('',#725,#716,#47,.T.);
#909=EDGE_CURVE('',#725,#718,#35,.T.);
#921=EDGE_CURVE('',#714,#727,#43,.T.);
#923=EDGE_CURVE('',#725,#727,#371,.T.);
#935=EDGE_CURVE('',#729,#712,#63,.T.);
#937=EDGE_CURVE('',#729,#727,#51,.T.);
#949=EDGE_CURVE('',#732,#733,#59,.T.);
#951=EDGE_CURVE('',#734,#733,#440,.T.);
#953=EDGE_CURVE('',#729,#734,#376,.T.);
#957=EDGE_CURVE('',#732,#710,#582,.T.);
#967=EDGE_CURVE('',#737,#738,#81,.T.);
#969=EDGE_CURVE('',#737,#733,#68,.T.);
#972=EDGE_CURVE('',#732,#738,#73,.T.);
#982=EDGE_CURVE('',#741,#742,#77,.T.);
#984=EDGE_CURVE('',#737,#742,#450,.T.);
#987=EDGE_CURVE('',#741,#738,#575,.T.);
#997=EDGE_CURVE('',#745,#746,#99,.T.);
#999=EDGE_CURVE('',#745,#742,#86,.T.);
#1002=EDGE_CURVE('',#741,#746,#91,.T.);
#1012=EDGE_CURVE('',#749,#750,#95,.T.);
#1014=EDGE_CURVE('',#745,#750,#399,.T.);
#1017=EDGE_CURVE('',#749,#746,#565,.T.);
#1027=EDGE_CURVE('',#753,#754,#117,.T.);
#1029=EDGE_CURVE('',#753,#750,#104,.T.);
#1032=EDGE_CURVE('',#749,#754,#109,.T.);
#1042=EDGE_CURVE('',#757,#758,#113,.T.);
#1044=EDGE_CURVE('',#753,#758,#414,.T.);
#1047=EDGE_CURVE('',#757,#754,#616,.T.);
#1057=EDGE_CURVE('',#761,#762,#135,.T.);
#1059=EDGE_CURVE('',#761,#758,#122,.T.);
#1062=EDGE_CURVE('',#757,#762,#127,.T.);
#1072=EDGE_CURVE('',#765,#766,#131,.T.);
#1074=EDGE_CURVE('',#761,#766,#428,.T.);
#1077=EDGE_CURVE('',#765,#762,#601,.T.);
#1087=EDGE_CURVE('',#769,#770,#155,.T.);
#1089=EDGE_CURVE('',#769,#766,#139,.T.);
#1092=EDGE_CURVE('',#765,#770,#143,.T.);
#1102=EDGE_CURVE('',#773,#774,#147,.T.);
#1104=EDGE_CURVE('',#774,#769,#151,.T.);
#1107=EDGE_CURVE('',#770,#773,#159,.T.);
#1117=EDGE_CURVE('',#777,#778,#211,.T.);
#1119=EDGE_CURVE('',#777,#780,#164,.T.);
#1121=EDGE_CURVE('',#782,#780,#459,.T.);
#1123=EDGE_CURVE('',#782,#774,#169,.T.);
#1126=EDGE_CURVE('',#773,#784,#174,.T.);
#1128=EDGE_CURVE('',#786,#784,#542,.T.);
#1130=EDGE_CURVE('',#786,#778,#179,.T.);
#1134=EDGE_CURVE('',#789,#790,#620,.T.);
#1136=EDGE_CURVE('',#789,#792,#184,.T.);
#1138=EDGE_CURVE('',#794,#792,#696,.T.);
#1140=EDGE_CURVE('',#794,#796,#189,.T.);
#1142=EDGE_CURVE('',#798,#796,#684,.T.);
#1144=EDGE_CURVE('',#798,#800,#194,.T.);
#1146=EDGE_CURVE('',#802,#800,#672,.T.);
#1148=EDGE_CURVE('',#802,#790,#199,.T.);
#1158=EDGE_CURVE('',#805,#806,#203,.T.);
#1160=EDGE_CURVE('',#806,#777,#207,.T.);
#1163=EDGE_CURVE('',#778,#805,#215,.T.);
#1173=EDGE_CURVE('',#809,#810,#231,.T.);
#1175=EDGE_CURVE('',#809,#806,#219,.T.);
#1178=EDGE_CURVE('',#805,#810,#223,.T.);
#1188=EDGE_CURVE('',#813,#814,#227,.T.);
#1190=EDGE_CURVE('',#809,#814,#321,.T.);
#1193=EDGE_CURVE('',#813,#810,#528,.T.);
#1203=EDGE_CURVE('',#817,#818,#249,.T.);
#1205=EDGE_CURVE('',#817,#814,#236,.T.);
#1208=EDGE_CURVE('',#813,#818,#241,.T.);
#1218=EDGE_CURVE('',#821,#822,#245,.T.);
#1220=EDGE_CURVE('',#817,#822,#336,.T.);
#1223=EDGE_CURVE('',#821,#818,#514,.T.);
#1233=EDGE_CURVE('',#825,#826,#267,.T.);
#1235=EDGE_CURVE('',#825,#822,#254,.T.);
#1238=EDGE_CURVE('',#821,#826,#259,.T.);
#1248=EDGE_CURVE('',#829,#830,#263,.T.);
#1250=EDGE_CURVE('',#825,#830,#351,.T.);
#1253=EDGE_CURVE('',#829,#826,#499,.T.);
#1263=EDGE_CURVE('',#833,#834,#285,.T.);
#1265=EDGE_CURVE('',#833,#830,#272,.T.);
#1268=EDGE_CURVE('',#829,#834,#277,.T.);
#1278=EDGE_CURVE('',#837,#838,#281,.T.);
#1280=EDGE_CURVE('',#833,#838,#361,.T.);
#1283=EDGE_CURVE('',#837,#834,#484,.T.);
#1294=EDGE_CURVE('',#721,#838,#290,.T.);
#1297=EDGE_CURVE('',#837,#723,#295,.T.);
#1308=EDGE_CURVE('',#840,#720,#384,.T.);
#1310=EDGE_CURVE('',#840,#806,#307,.T.);
#1334=EDGE_CURVE('',#734,#842,#380,.T.);
#1336=EDGE_CURVE('',#840,#842,#467,.T.);
#1353=EDGE_CURVE('',#769,#842,#433,.T.);
#1370=EDGE_CURVE('',#842,#782,#455,.T.);
#1383=EDGE_CURVE('',#780,#840,#463,.T.);
#1416=EDGE_CURVE('',#805,#706,#533,.T.);
#1429=EDGE_CURVE('',#706,#786,#538,.T.);
#1442=EDGE_CURVE('',#784,#708,#546,.T.);
#1456=EDGE_CURVE('',#708,#770,#587,.T.);
#1487=EDGE_CURVE('',#844,#790,#628,.T.);
#1489=EDGE_CURVE('',#846,#844,#632,.T.);
#1491=EDGE_CURVE('',#846,#789,#624,.T.);
#1501=EDGE_CURVE('',#844,#848,#637,.T.);
#1505=EDGE_CURVE('',#848,#802,#668,.T.);
#1517=EDGE_CURVE('',#848,#850,#641,.T.);
#1519=EDGE_CURVE('',#850,#852,#646,.T.);
#1521=EDGE_CURVE('',#852,#854,#650,.T.);
#1523=EDGE_CURVE('',#854,#856,#655,.T.);
#1525=EDGE_CURVE('',#856,#858,#659,.T.);
#1527=EDGE_CURVE('',#858,#846,#664,.T.);
#1540=EDGE_CURVE('',#800,#850,#676,.T.);
#1553=EDGE_CURVE('',#852,#798,#680,.T.);
#1566=EDGE_CURVE('',#854,#796,#688,.T.);
#1579=EDGE_CURVE('',#856,#794,#692,.T.);
#1592=EDGE_CURVE('',#858,#792,#700,.T.);
#1609=CLOSED_SHELL('',(#882,#901,#915,#929,#943,#961,#976,#991,#1006,#1021,
#1036,#1051,#1066,#1081,#1096,#1111,#1152,#1167,#1182,#1197,#1212,#1227,#1242,
#1257,#1272,#1287,#1301,#1323,#1341,#1362,#1375,#1388,#1400,#1421,#1434,#1447,
#1460,#1480,#1495,#1509,#1531,#1544,#1557,#1570,#1583,#1596,#1608));
#1610=MANIFOLD_SOLID_BREP('',#1609);
#1611=(LENGTH_UNIT()NAMED_UNIT(*)SI_UNIT(.MILLI.,.METRE.));
#1613=(NAMED_UNIT(*)PLANE_ANGLE_UNIT()SI_UNIT($,.RADIAN.));
#1616=(NAMED_UNIT(*)SI_UNIT($,.STERADIAN.)SOLID_ANGLE_UNIT());
#1622=AXIS2_PLACEMENT_3D('',#1619,#1620,#1621);
#1623=ADVANCED_BREP_SHAPE_REPRESENTATION('',(#1622,#1610),#1618);
#1630=PRODUCT_DEFINITION('design','',#1629,#1626);
#1631=PRODUCT_DEFINITION_SHAPE('','SHAPE FOR _X2_5B9E4F53_X0_6_1_1_1.',#1630);
#1632=SHAPE_DEFINITION_REPRESENTATION(#1631,#1623);
#1633=SHAPE_DEFINITION_REPRESENTATION(#1634,#1635);
#1634=PRODUCT_DEFINITION_SHAPE('',
'SHAPE FOR 3D_X2_62535370_X0___X2_65367EB3_ASM.',#10772);
#1635=SHAPE_REPRESENTATION('',(#1646,#1641,#9426,#9421,#10754,#10749,#10768),
#10764);
#1636=NEXT_ASSEMBLY_USAGE_OCCURRENCE('8','Next assembly relationship',
'_X2_5B9E4F53_X0_6',#10772,#1630,$);
#1637=PRODUCT_DEFINITION_SHAPE('Placement #8',
'Placement of _X2_5B9E4F53_X0_6_1_1_1 with respect to 3D_X2_62535370_X0___X2_65367EB3_ASM',#1636);
#1646=AXIS2_PLACEMENT_3D('',#1643,#1644,#1645);
#1653=CIRCLE('',#1652,7.5E0);
#1658=CIRCLE('',#1657,7.5E0);
#1679=CIRCLE('',#1678,7.5E0);
#1684=CIRCLE('',#1683,7.5E0);
#1689=CIRCLE('',#1688,7.5E0);
#1694=CIRCLE('',#1693,7.5E0);
#1699=CIRCLE('',#1698,7.5E0);
#1704=CIRCLE('',#1703,7.5E0);
#1726=B_SPLINE_CURVE_WITH_KNOTS('',3,(#1721,#1722,#1723,#1724,#1725),
.UNSPECIFIED.,.F.,.F.,(4,1,4),(0.E0,5.E-1,1.E0),.UNSPECIFIED.);
#1736=B_SPLINE_CURVE_WITH_KNOTS('',3,(#1731,#1732,#1733,#1734,#1735),
.UNSPECIFIED.,.F.,.F.,(4,1,4),(0.E0,5.E-1,1.E0),.UNSPECIFIED.);
#1742=B_SPLINE_CURVE_WITH_KNOTS('',3,(#1737,#1738,#1739,#1740,#1741),
.UNSPECIFIED.,.F.,.F.,(4,1,4),(0.E0,5.E-1,1.E0),.UNSPECIFIED.);
#1748=B_SPLINE_CURVE_WITH_KNOTS('',3,(#1743,#1744,#1745,#1746,#1747),
.UNSPECIFIED.,.F.,.F.,(4,1,4),(0.E0,5.E-1,1.E0),.UNSPECIFIED.);
#1770=B_SPLINE_CURVE_WITH_KNOTS('',3,(#1765,#1766,#1767,#1768,#1769),
.UNSPECIFIED.,.F.,.F.,(4,1,4),(0.E0,5.E-1,1.E0),.UNSPECIFIED.);
#1780=B_SPLINE_CURVE_WITH_KNOTS('',3,(#1775,#1776,#1777,#1778,#1779),
.UNSPECIFIED.,.F.,.F.,(4,1,4),(0.E0,5.E-1,1.E0),.UNSPECIFIED.);
#1786=B_SPLINE_CURVE_WITH_KNOTS('',3,(#1781,#1782,#1783,#1784,#1785),
.UNSPECIFIED.,.F.,.F.,(4,1,4),(0.E0,5.E-1,1.E0),.UNSPECIFIED.);
#1792=B_SPLINE_CURVE_WITH_KNOTS('',3,(#1787,#1788,#1789,#1790,#1791),
.UNSPECIFIED.,.F.,.F.,(4,1,4),(0.E0,5.E-1,1.E0),.UNSPECIFIED.);
#1798=B_SPLINE_CURVE_WITH_KNOTS('',3,(#1793,#1794,#1795,#1796,#1797),
.UNSPECIFIED.,.F.,.F.,(4,1,4),(0.E0,5.E-1,1.E0),.UNSPECIFIED.);
#1808=B_SPLINE_CURVE_WITH_KNOTS('',3,(#1803,#1804,#1805,#1806,#1807),
.UNSPECIFIED.,.F.,.F.,(4,1,4),(0.E0,5.E-1,1.E0),.UNSPECIFIED.);
#1814=B_SPLINE_CURVE_WITH_KNOTS('',3,(#1809,#1810,#1811,#1812,#1813),
.UNSPECIFIED.,.F.,.F.,(4,1,4),(0.E0,5.E-1,1.E0),.UNSPECIFIED.);
#1820=B_SPLINE_CURVE_WITH_KNOTS('',3,(#1815,#1816,#1817,#1818,#1819),
.UNSPECIFIED.,.F.,.F.,(4,1,4),(0.E0,5.E-1,1.E0),.UNSPECIFIED.);
#1842=B_SPLINE_CURVE_WITH_KNOTS('',3,(#1837,#1838,#1839,#1840,#1841),
.UNSPECIFIED.,.F.,.F.,(4,1,4),(0.E0,5.E-1,1.E0),.UNSPECIFIED.);
#1852=B_SPLINE_CURVE_WITH_KNOTS('',3,(#1847,#1848,#1849,#1850,#1851),
.UNSPECIFIED.,.F.,.F.,(4,1,4),(0.E0,5.E-1,1.E0),.UNSPECIFIED.);
#1858=B_SPLINE_CURVE_WITH_KNOTS('',3,(#1853,#1854,#1855,#1856,#1857),
.UNSPECIFIED.,.F.,.F.,(4,1,4),(0.E0,5.E-1,1.E0),.UNSPECIFIED.);
#1864=B_SPLINE_CURVE_WITH_KNOTS('',3,(#1859,#1860,#1861,#1862,#1863),
.UNSPECIFIED.,.F.,.F.,(4,1,4),(0.E0,5.E-1,1.E0),.UNSPECIFIED.);
#1869=CIRCLE('',#1868,2.05E0);
#1874=CIRCLE('',#1873,2.05E0);
#1879=CIRCLE('',#1878,2.05E0);
#1884=CIRCLE('',#1883,2.05E0);
#1934=B_SPLINE_CURVE_WITH_KNOTS('',3,(#1925,#1926,#1927,#1928,#1929,#1930,#1931,
#1932,#1933),.UNSPECIFIED.,.F.,.F.,(4,1,1,1,1,1,4),(0.E0,3.232167904650E-1,
4.975203375451E-1,6.718238846252E-1,8.354309967687E-1,9.176854890102E-1,1.E0),
.UNSPECIFIED.);
#1943=B_SPLINE_CURVE_WITH_KNOTS('',3,(#1935,#1936,#1937,#1938,#1939,#1940,#1941,
#1942),.UNSPECIFIED.,.F.,.F.,(4,1,1,1,1,4),(0.E0,8.227161025379E-2,
1.644833047836E-1,3.280062512736E-1,6.766160497302E-1,1.E0),.UNSPECIFIED.);
#1948=CIRCLE('',#1947,7.999936933023E-2);
#1959=B_SPLINE_CURVE_WITH_KNOTS('',3,(#1953,#1954,#1955,#1956,#1957,#1958),
.UNSPECIFIED.,.F.,.F.,(4,1,1,4),(0.E0,3.291159892689E-1,6.708868743450E-1,1.E0),
.UNSPECIFIED.);
#1969=B_SPLINE_CURVE_WITH_KNOTS('',3,(#1960,#1961,#1962,#1963,#1964,#1965,#1966,
#1967,#1968),.UNSPECIFIED.,.F.,.F.,(4,1,1,1,1,1,4),(0.E0,3.301833319505E-1,
6.739703701565E-1,8.365073534033E-1,9.182238594773E-1,9.591074467797E-1,1.E0),
.UNSPECIFIED.);
#1978=B_SPLINE_CURVE_WITH_KNOTS('',3,(#1970,#1971,#1972,#1973,#1974,#1975,#1976,
#1977),.UNSPECIFIED.,.F.,.F.,(4,1,1,1,1,4),(0.E0,8.226483016385E-2,
1.644697584435E-1,3.279791321045E-1,6.765886045761E-1,1.E0),.UNSPECIFIED.);
#1990=B_SPLINE_CURVE_WITH_KNOTS('',3,(#1979,#1980,#1981,#1982,#1983,#1984,#1985,
#1986,#1987,#1988,#1989),.UNSPECIFIED.,.F.,.F.,(4,1,1,1,1,1,1,1,4),(0.E0,
1.640544989653E-1,3.191920935676E-1,4.063459333755E-1,4.927351274268E-1,
5.817095474281E-1,6.714729321646E-1,8.327428552125E-1,1.E0),.UNSPECIFIED.);
#1999=B_SPLINE_CURVE_WITH_KNOTS('',3,(#1991,#1992,#1993,#1994,#1995,#1996,#1997,
#1998),.UNSPECIFIED.,.F.,.F.,(4,1,1,1,1,4),(0.E0,3.232302420131E-1,
6.718376820884E-1,8.354378899161E-1,9.176889401635E-1,1.E0),.UNSPECIFIED.);
#2008=B_SPLINE_CURVE_WITH_KNOTS('',3,(#2000,#2001,#2002,#2003,#2004,#2005,#2006,
#2007),.UNSPECIFIED.,.F.,.F.,(4,1,1,1,1,4),(0.E0,8.226482328246E-2,
1.644697547710E-1,3.279791352110E-1,6.765886207490E-1,1.E0),.UNSPECIFIED.);
#2015=B_SPLINE_CURVE_WITH_KNOTS('',3,(#2009,#2010,#2011,#2012,#2013,#2014),
.UNSPECIFIED.,.F.,.F.,(4,1,1,4),(0.E0,3.275894882308E-1,6.691997970921E-1,1.E0),
.UNSPECIFIED.);
#2024=CIRCLE('',#2023,7.999972010880E-2);
#2033=B_SPLINE_CURVE_WITH_KNOTS('',3,(#2025,#2026,#2027,#2028,#2029,#2030,#2031,
#2032),.UNSPECIFIED.,.F.,.F.,(4,1,1,1,1,4),(0.E0,8.227495160585E-2,
1.644900122467E-1,3.280197118694E-1,6.766298336462E-1,1.E0),.UNSPECIFIED.);
#2042=B_SPLINE_CURVE_WITH_KNOTS('',3,(#2034,#2035,#2036,#2037,#2038,#2039,#2040,
#2041),.UNSPECIFIED.,.F.,.F.,(4,1,1,1,1,4),(0.E0,3.232031614585E-1,
6.718102220014E-1,8.354241831379E-1,9.176820903442E-1,1.E0),.UNSPECIFIED.);
#2051=B_SPLINE_CURVE_WITH_KNOTS('',3,(#2043,#2044,#2045,#2046,#2047,#2048,#2049,
#2050),.UNSPECIFIED.,.F.,.F.,(4,1,1,1,1,4),(0.E0,8.227159111342E-2,
1.644832880599E-1,3.280062393387E-1,6.766160478243E-1,1.E0),.UNSPECIFIED.);
#2063=B_SPLINE_CURVE_WITH_KNOTS('',3,(#2052,#2053,#2054,#2055,#2056,#2057,#2058,
#2059,#2060,#2061,#2062),.UNSPECIFIED.,.F.,.F.,(4,1,1,1,1,1,1,1,4),(0.E0,
1.640524259462E-1,3.191874883392E-1,4.063399042609E-1,4.927277042582E-1,
5.817038819650E-1,6.714689889307E-1,8.327437424163E-1,1.E0),.UNSPECIFIED.);
#2072=B_SPLINE_CURVE_WITH_KNOTS('',3,(#2064,#2065,#2066,#2067,#2068,#2069,#2070,
#2071),.UNSPECIFIED.,.F.,.F.,(4,1,1,1,1,4),(0.E0,3.232167820671E-1,
6.718238788895E-1,8.354309924611E-1,9.176854854115E-1,1.E0),.UNSPECIFIED.);
#2081=B_SPLINE_CURVE_WITH_KNOTS('',3,(#2073,#2074,#2075,#2076,#2077,#2078,#2079,
#2080),.UNSPECIFIED.,.F.,.F.,(4,1,1,1,1,4),(0.E0,8.227159173104E-2,
1.644832892992E-1,3.280062418088E-1,6.766160522735E-1,1.E0),.UNSPECIFIED.);
#2090=B_SPLINE_CURVE_WITH_KNOTS('',3,(#2082,#2083,#2084,#2085,#2086,#2087,#2088,
#2089),.UNSPECIFIED.,.F.,.F.,(4,1,1,1,1,4),(0.E0,3.232167799985E-1,
6.718238863397E-1,8.354310042549E-1,9.176854993941E-1,1.E0),.UNSPECIFIED.);
#2099=B_SPLINE_CURVE_WITH_KNOTS('',3,(#2091,#2092,#2093,#2094,#2095,#2096,#2097,
#2098),.UNSPECIFIED.,.F.,.F.,(4,1,1,1,1,4),(0.E0,8.227495163635E-2,
1.644900122877E-1,3.280197119462E-1,6.766298336808E-1,1.E0),.UNSPECIFIED.);
#2111=B_SPLINE_CURVE_WITH_KNOTS('',3,(#2100,#2101,#2102,#2103,#2104,#2105,#2106,
#2107,#2108,#2109,#2110),.UNSPECIFIED.,.F.,.F.,(4,1,1,1,1,1,1,1,4),(0.E0,
1.640545992729E-1,3.191928815821E-1,4.063467720434E-1,4.927361754609E-1,
5.817105137476E-1,6.714736344611E-1,8.327431632027E-1,1.E0),.UNSPECIFIED.);
#2120=B_SPLINE_CURVE_WITH_KNOTS('',3,(#2112,#2113,#2114,#2115,#2116,#2117,#2118,
#2119),.UNSPECIFIED.,.F.,.F.,(4,1,1,1,1,4),(0.E0,3.232031636282E-1,
6.718102147781E-1,8.354241714729E-1,9.176820764377E-1,1.E0),.UNSPECIFIED.);
#2127=B_SPLINE_CURVE_WITH_KNOTS('',3,(#2121,#2122,#2123,#2124,#2125,#2126),
.UNSPECIFIED.,.F.,.F.,(4,1,1,4),(0.E0,3.291391045291E-1,6.709100122081E-1,1.E0),
.UNSPECIFIED.);
#2134=B_SPLINE_CURVE_WITH_KNOTS('',3,(#2128,#2129,#2130,#2131,#2132,#2133),
.UNSPECIFIED.,.F.,.F.,(4,1,1,4),(0.E0,3.291729146626E-1,6.709393224771E-1,1.E0),
.UNSPECIFIED.);
#2146=B_SPLINE_CURVE_WITH_KNOTS('',3,(#2139,#2140,#2141,#2142,#2143,#2144,
#2145),.UNSPECIFIED.,.F.,.F.,(4,1,1,1,4),(0.E0,3.324651460353E-1,
6.676624702058E-1,8.338248367046E-1,1.E0),.UNSPECIFIED.);
#2154=B_SPLINE_CURVE_WITH_KNOTS('',3,(#2147,#2148,#2149,#2150,#2151,#2152,
#2153),.UNSPECIFIED.,.F.,.F.,(4,1,1,1,4),(0.E0,1.662025660040E-1,
3.323926059438E-1,6.675905900404E-1,1.E0),.UNSPECIFIED.);
#2165=B_SPLINE_CURVE_WITH_KNOTS('',3,(#2159,#2160,#2161,#2162,#2163,#2164),
.UNSPECIFIED.,.F.,.F.,(4,1,1,4),(0.E0,3.284348103347E-1,6.705252459594E-1,1.E0),
.UNSPECIFIED.);
#2174=B_SPLINE_CURVE_WITH_KNOTS('',3,(#2166,#2167,#2168,#2169,#2170,#2171,#2172,
#2173),.UNSPECIFIED.,.F.,.F.,(4,1,1,1,1,4),(0.E0,3.232167229325E-1,
6.718239054737E-1,8.354310154855E-1,9.176855065453E-1,1.E0),.UNSPECIFIED.);
#2183=B_SPLINE_CURVE_WITH_KNOTS('',3,(#2175,#2176,#2177,#2178,#2179,#2180,#2181,
#2182),.UNSPECIFIED.,.F.,.F.,(4,1,1,1,1,4),(0.E0,8.226862523304E-2,
1.644773369736E-1,3.279943508161E-1,6.765916214062E-1,1.E0),.UNSPECIFIED.);
#2188=CIRCLE('',#2187,7.999962038103E-2);
#2196=B_SPLINE_CURVE_WITH_KNOTS('',3,(#2189,#2190,#2191,#2192,#2193,#2194,
#2195),.UNSPECIFIED.,.F.,.F.,(4,1,1,1,4),(0.E0,1.663351528689E-1,
3.326410464648E-1,6.678260386873E-1,1.E0),.UNSPECIFIED.);
#2207=B_SPLINE_CURVE_WITH_KNOTS('',3,(#2201,#2202,#2203,#2204,#2205,#2206),
.UNSPECIFIED.,.F.,.F.,(4,1,1,4),(0.E0,3.290975719724E-1,6.709024645804E-1,1.E0),
.UNSPECIFIED.);
#2215=B_SPLINE_CURVE_WITH_KNOTS('',3,(#2208,#2209,#2210,#2211,#2212,#2213,
#2214),.UNSPECIFIED.,.F.,.F.,(4,1,1,1,4),(0.E0,3.270457882523E-1,
6.558342837349E-1,8.278995064274E-1,1.E0),.UNSPECIFIED.);
#2226=B_SPLINE_CURVE_WITH_KNOTS('',3,(#2220,#2221,#2222,#2223,#2224,#2225),
.UNSPECIFIED.,.F.,.F.,(4,1,1,4),(0.E0,3.291143616668E-1,6.708857595840E-1,1.E0),
.UNSPECIFIED.);
#2233=B_SPLINE_CURVE_WITH_KNOTS('',3,(#2227,#2228,#2229,#2230,#2231,#2232),
.UNSPECIFIED.,.F.,.F.,(4,1,1,4),(0.E0,3.291143494489E-1,6.708857428132E-1,1.E0),
.UNSPECIFIED.);
#2245=B_SPLINE_CURVE_WITH_KNOTS('',3,(#2238,#2239,#2240,#2241,#2242,#2243,
#2244),.UNSPECIFIED.,.F.,.F.,(4,1,1,1,4),(0.E0,1.650360507038E-1,
3.300174403548E-1,6.589732799154E-1,1.E0),.UNSPECIFIED.);
#2252=B_SPLINE_CURVE_WITH_KNOTS('',3,(#2246,#2247,#2248,#2249,#2250,#2251),
.UNSPECIFIED.,.F.,.F.,(4,1,1,4),(0.E0,3.290976093151E-1,6.709024842627E-1,1.E0),
.UNSPECIFIED.);
#2264=B_SPLINE_CURVE_WITH_KNOTS('',3,(#2257,#2258,#2259,#2260,#2261,#2262,
#2263),.UNSPECIFIED.,.F.,.F.,(4,1,1,1,4),(0.E0,2.311759784029E-1,
5.008022628266E-1,7.700132039078E-1,1.E0),.UNSPECIFIED.);
#2275=B_SPLINE_CURVE_WITH_KNOTS('',3,(#2269,#2270,#2271,#2272,#2273,#2274),
.UNSPECIFIED.,.F.,.F.,(4,1,1,4),(0.E0,3.283628385306E-1,6.704606058755E-1,1.E0),
.UNSPECIFIED.);
#2284=B_SPLINE_CURVE_WITH_KNOTS('',3,(#2276,#2277,#2278,#2279,#2280,#2281,#2282,
#2283),.UNSPECIFIED.,.F.,.F.,(4,1,1,1,1,4),(0.E0,3.232167269474E-1,
6.718239111628E-1,8.354310146119E-1,9.176855023678E-1,1.E0),.UNSPECIFIED.);
#2293=B_SPLINE_CURVE_WITH_KNOTS('',3,(#2285,#2286,#2287,#2288,#2289,#2290,#2291,
#2292),.UNSPECIFIED.,.F.,.F.,(4,1,1,1,1,4),(0.E0,8.227156770171E-2,
1.644832549128E-1,3.280061871149E-1,6.766160756673E-1,1.E0),.UNSPECIFIED.);
#2305=B_SPLINE_CURVE_WITH_KNOTS('',3,(#2294,#2295,#2296,#2297,#2298,#2299,#2300,
#2301,#2302,#2303,#2304),.UNSPECIFIED.,.F.,.F.,(4,1,1,1,1,1,1,1,4),(0.E0,
1.640521833947E-1,3.191878700735E-1,4.063403931236E-1,4.927283893211E-1,
5.817045526597E-1,6.714695430953E-1,8.327442671207E-1,1.E0),.UNSPECIFIED.);
#2314=B_SPLINE_CURVE_WITH_KNOTS('',3,(#2306,#2307,#2308,#2309,#2310,#2311,#2312,
#2313),.UNSPECIFIED.,.F.,.F.,(4,1,1,1,1,4),(0.E0,3.232167350308E-1,
6.718239090497E-1,8.354310076763E-1,9.176854930269E-1,1.E0),.UNSPECIFIED.);
#2323=B_SPLINE_CURVE_WITH_KNOTS('',3,(#2315,#2316,#2317,#2318,#2319,#2320,#2321,
#2322),.UNSPECIFIED.,.F.,.F.,(4,1,1,1,1,4),(0.E0,8.227159070356E-2,
1.644832757865E-1,3.280062037427E-1,6.766160820048E-1,1.E0),.UNSPECIFIED.);
#2330=B_SPLINE_CURVE_WITH_KNOTS('',3,(#2324,#2325,#2326,#2327,#2328,#2329),
.UNSPECIFIED.,.F.,.F.,(4,1,1,4),(0.E0,3.281265639321E-1,6.698062241170E-1,1.E0),
.UNSPECIFIED.);
#2338=B_SPLINE_CURVE_WITH_KNOTS('',3,(#2331,#2332,#2333,#2334,#2335,#2336,
#2337),.UNSPECIFIED.,.F.,.F.,(4,1,1,1,4),(0.E0,3.331833110704E-1,
6.685089747988E-1,8.342412362150E-1,1.E0),.UNSPECIFIED.);
#2346=B_SPLINE_CURVE_WITH_KNOTS('',3,(#2339,#2340,#2341,#2342,#2343,#2344,
#2345),.UNSPECIFIED.,.F.,.F.,(4,1,1,1,4),(0.E0,1.663622458514E-1,
3.327123449701E-1,6.679113305505E-1,1.E0),.UNSPECIFIED.);
#2359=B_SPLINE_CURVE_WITH_KNOTS('',3,(#2351,#2352,#2353,#2354,#2355,#2356,#2357,
#2358),.UNSPECIFIED.,.F.,.F.,(4,1,1,1,1,4),(0.E0,8.226479634341E-2,
1.644697302100E-1,3.279791149785E-1,6.765886081532E-1,1.E0),.UNSPECIFIED.);
#2368=B_SPLINE_CURVE_WITH_KNOTS('',3,(#2360,#2361,#2362,#2363,#2364,#2365,#2366,
#2367),.UNSPECIFIED.,.F.,.F.,(4,1,1,1,1,4),(0.E0,3.232163886115E-1,
6.718234926024E-1,8.354308093071E-1,9.176854037987E-1,1.E0),.UNSPECIFIED.);
#2377=B_SPLINE_CURVE_WITH_KNOTS('',3,(#2369,#2370,#2371,#2372,#2373,#2374,#2375,
#2376),.UNSPECIFIED.,.F.,.F.,(4,1,1,1,1,4),(0.E0,8.227490300435E-2,
1.644899330343E-1,3.280195701320E-1,6.766297077097E-1,1.E0),.UNSPECIFIED.);
#2388=B_SPLINE_CURVE_WITH_KNOTS('',3,(#2378,#2379,#2380,#2381,#2382,#2383,#2384,
#2385,#2386,#2387),.UNSPECIFIED.,.F.,.F.,(4,1,1,1,1,1,1,4),(0.E0,
2.077369825027E-1,4.109295475312E-1,5.097540213378E-1,5.591255627716E-1,
6.084978940185E-1,7.956348914362E-1,1.E0),.UNSPECIFIED.);
#2401=B_SPLINE_CURVE_WITH_KNOTS('',3,(#2393,#2394,#2395,#2396,#2397,#2398,#2399,
#2400),.UNSPECIFIED.,.F.,.F.,(4,1,1,1,1,4),(0.E0,3.247781518993E-1,
6.718086701801E-1,8.355908033308E-1,9.177636841810E-1,1.E0),.UNSPECIFIED.);
#2410=B_SPLINE_CURVE_WITH_KNOTS('',3,(#2402,#2403,#2404,#2405,#2406,#2407,#2408,
#2409),.UNSPECIFIED.,.F.,.F.,(4,1,1,1,1,4),(0.E0,8.219429814079E-2,
1.643283650157E-1,3.276906215688E-1,6.768831870082E-1,1.E0),.UNSPECIFIED.);
#2419=B_SPLINE_CURVE_WITH_KNOTS('',3,(#2411,#2412,#2413,#2414,#2415,#2416,#2417,
#2418),.UNSPECIFIED.,.F.,.F.,(4,1,1,1,1,4),(0.E0,3.232438320581E-1,
6.718513304241E-1,8.354447066875E-1,9.176923495364E-1,1.E0),.UNSPECIFIED.);
#2428=B_SPLINE_CURVE_WITH_KNOTS('',3,(#2420,#2421,#2422,#2423,#2424,#2425,#2426,
#2427),.UNSPECIFIED.,.F.,.F.,(4,1,1,1,1,4),(0.E0,8.226815472362E-2,
1.644764505306E-1,3.279925801105E-1,6.766023838081E-1,1.E0),.UNSPECIFIED.);
#2438=B_SPLINE_CURVE_WITH_KNOTS('',3,(#2429,#2430,#2431,#2432,#2433,#2434,#2435,
#2436,#2437),.UNSPECIFIED.,.F.,.F.,(4,1,1,1,1,1,4),(0.E0,2.138226453798E-1,
4.113861398429E-1,5.081168739090E-1,6.047981015268E-1,7.978670175837E-1,1.E0),
.UNSPECIFIED.);
#2447=B_SPLINE_CURVE_WITH_KNOTS('',3,(#2439,#2440,#2441,#2442,#2443,#2444,#2445,
#2446),.UNSPECIFIED.,.F.,.F.,(4,1,1,1,1,4),(0.E0,3.279888511796E-1,
6.722494260863E-1,8.358010646894E-1,9.178674147935E-1,1.E0),.UNSPECIFIED.);
#2455=B_SPLINE_CURVE_WITH_KNOTS('',3,(#2448,#2449,#2450,#2451,#2452,#2453,
#2454),.UNSPECIFIED.,.F.,.F.,(4,1,1,1,4),(0.E0,1.650360633974E-1,
3.300174513978E-1,6.589732868566E-1,1.E0),.UNSPECIFIED.);
#2462=B_SPLINE_CURVE_WITH_KNOTS('',3,(#2456,#2457,#2458,#2459,#2460,#2461),
.UNSPECIFIED.,.F.,.F.,(4,1,1,4),(0.E0,3.290976039397E-1,6.709024789737E-1,1.E0),
.UNSPECIFIED.);
#2474=B_SPLINE_CURVE_WITH_KNOTS('',3,(#2467,#2468,#2469,#2470,#2471,#2472,
#2473),.UNSPECIFIED.,.F.,.F.,(4,1,1,1,4),(0.E0,2.311759752368E-1,
5.008022559227E-1,7.700131951776E-1,1.E0),.UNSPECIFIED.);
#2485=B_SPLINE_CURVE_WITH_KNOTS('',3,(#2479,#2480,#2481,#2482,#2483,#2484),
.UNSPECIFIED.,.F.,.F.,(4,1,1,4),(0.E0,3.290975608209E-1,6.709024590168E-1,1.E0),
.UNSPECIFIED.);
#2493=B_SPLINE_CURVE_WITH_KNOTS('',3,(#2486,#2487,#2488,#2489,#2490,#2491,
#2492),.UNSPECIFIED.,.F.,.F.,(4,1,1,1,4),(0.E0,3.270457904497E-1,
6.558342804962E-1,8.278995013643E-1,1.E0),.UNSPECIFIED.);
#2504=B_SPLINE_CURVE_WITH_KNOTS('',3,(#2498,#2499,#2500,#2501,#2502,#2503),
.UNSPECIFIED.,.F.,.F.,(4,1,1,4),(0.E0,3.291143614205E-1,6.708857620263E-1,1.E0),
.UNSPECIFIED.);
#2511=B_SPLINE_CURVE_WITH_KNOTS('',3,(#2505,#2506,#2507,#2508,#2509,#2510),
.UNSPECIFIED.,.F.,.F.,(4,1,1,4),(0.E0,3.291143497139E-1,6.708857532001E-1,1.E0),
.UNSPECIFIED.);
#2520=CIRCLE('',#2519,4.E-1);
#2525=CIRCLE('',#2524,4.E-1);
#2534=CIRCLE('',#2533,4.E-1);
#2539=CIRCLE('',#2538,4.E-1);
#2548=CIRCLE('',#2547,4.E-1);
#2553=CIRCLE('',#2552,4.E-1);
#2562=CIRCLE('',#2561,4.E-1);
#2567=CIRCLE('',#2566,4.E-1);
#2576=CIRCLE('',#2575,4.E-1);
#2581=CIRCLE('',#2580,4.E-1);
#2590=CIRCLE('',#2589,4.E-1);
#2595=CIRCLE('',#2594,4.E-1);
#2604=CIRCLE('',#2603,4.E-1);
#2609=CIRCLE('',#2608,4.E-1);
#2618=CIRCLE('',#2617,4.E-1);
#2623=CIRCLE('',#2622,4.E-1);
#2632=CIRCLE('',#2631,4.E-1);
#2637=CIRCLE('',#2636,4.E-1);
#2646=CIRCLE('',#2645,4.E-1);
#2651=CIRCLE('',#2650,4.E-1);
#2660=CIRCLE('',#2659,4.E-1);
#2665=CIRCLE('',#2664,4.E-1);
#2674=CIRCLE('',#2673,4.E-1);
#2679=CIRCLE('',#2678,4.E-1);
#2688=B_SPLINE_CURVE_WITH_KNOTS('',3,(#2684,#2685,#2686,#2687),.UNSPECIFIED.,
.F.,.F.,(4,4),(0.E0,1.E0),.UNSPECIFIED.);
#2697=B_SPLINE_CURVE_WITH_KNOTS('',3,(#2693,#2694,#2695,#2696),.UNSPECIFIED.,
.F.,.F.,(4,4),(0.E0,1.E0),.UNSPECIFIED.);
#2702=B_SPLINE_CURVE_WITH_KNOTS('',3,(#2698,#2699,#2700,#2701),.UNSPECIFIED.,
.F.,.F.,(4,4),(0.E0,1.E0),.UNSPECIFIED.);
#2707=B_SPLINE_CURVE_WITH_KNOTS('',3,(#2703,#2704,#2705,#2706),.UNSPECIFIED.,
.F.,.F.,(4,4),(0.E0,1.E0),.UNSPECIFIED.);
#2720=CIRCLE('',#2719,4.999999999999E-1);
#2729=CIRCLE('',#2728,5.000000000001E-1);
#2734=CIRCLE('',#2733,5.000000000001E-1);
#2743=CIRCLE('',#2742,5.000000000001E-1);
#2748=CIRCLE('',#2747,5.000000000001E-1);
#2761=CIRCLE('',#2760,5.000000000001E-1);
#2766=CIRCLE('',#2765,5.000000000001E-1);
#2775=CIRCLE('',#2774,4.999999999999E-1);
#2784=B_SPLINE_CURVE_WITH_KNOTS('',3,(#2780,#2781,#2782,#2783),.UNSPECIFIED.,
.F.,.F.,(4,4),(0.E0,1.E0),.UNSPECIFIED.);
#2793=B_SPLINE_CURVE_WITH_KNOTS('',3,(#2789,#2790,#2791,#2792),.UNSPECIFIED.,
.F.,.F.,(4,4),(0.E0,1.E0),.UNSPECIFIED.);
#2798=B_SPLINE_CURVE_WITH_KNOTS('',3,(#2794,#2795,#2796,#2797),.UNSPECIFIED.,
.F.,.F.,(4,4),(0.E0,1.E0),.UNSPECIFIED.);
#2803=B_SPLINE_CURVE_WITH_KNOTS('',3,(#2799,#2800,#2801,#2802),.UNSPECIFIED.,
.F.,.F.,(4,4),(0.E0,1.E0),.UNSPECIFIED.);
#2825=B_SPLINE_CURVE_WITH_KNOTS('',3,(#2816,#2817,#2818,#2819,#2820,#2821,#2822,
#2823,#2824),.UNSPECIFIED.,.F.,.F.,(4,1,1,1,1,1,4),(0.E0,8.231451098979E-2,
1.645690032313E-1,3.281761153748E-1,5.024796624549E-1,6.767832095350E-1,1.E0),
.UNSPECIFIED.);
#2834=CIRCLE('',#2833,7.999972010880E-2);
#2845=B_SPLINE_CURVE_WITH_KNOTS('',3,(#2839,#2840,#2841,#2842,#2843,#2844),
.UNSPECIFIED.,.F.,.F.,(4,1,1,4),(0.E0,3.308002029079E-1,6.724105117692E-1,1.E0),
.UNSPECIFIED.);
#2858=B_SPLINE_CURVE_WITH_KNOTS('',3,(#2850,#2851,#2852,#2853,#2854,#2855,#2856,
#2857),.UNSPECIFIED.,.F.,.F.,(4,1,1,1,1,4),(0.E0,3.234113792510E-1,
6.720208647890E-1,8.355302452290E-1,9.177351767175E-1,1.E0),.UNSPECIFIED.);
#2871=B_SPLINE_CURVE_WITH_KNOTS('',3,(#2863,#2864,#2865,#2866,#2867,#2868,#2869,
#2870),.UNSPECIFIED.,.F.,.F.,(4,1,1,1,1,4),(0.E0,8.231105983647E-2,
1.645621100839E-1,3.281623179116E-1,6.767697579869E-1,1.E0),.UNSPECIFIED.);
#2887=B_SPLINE_CURVE_WITH_KNOTS('',3,(#2876,#2877,#2878,#2879,#2880,#2881,#2882,
#2883,#2884,#2885,#2886),.UNSPECIFIED.,.F.,.F.,(4,1,1,1,1,1,1,1,4),(0.E0,
1.672571447875E-1,3.285270678354E-1,4.182904525719E-1,5.072648725732E-1,
5.936540666245E-1,6.808079064324E-1,8.359455010347E-1,1.E0),.UNSPECIFIED.);
#2900=B_SPLINE_CURVE_WITH_KNOTS('',3,(#2892,#2893,#2894,#2895,#2896,#2897,#2898,
#2899),.UNSPECIFIED.,.F.,.F.,(4,1,1,1,1,4),(0.E0,3.234113954239E-1,
6.720208678955E-1,8.355302415565E-1,9.177351698362E-1,1.E0),.UNSPECIFIED.);
#2914=B_SPLINE_CURVE_WITH_KNOTS('',3,(#2905,#2906,#2907,#2908,#2909,#2910,#2911,
#2912,#2913),.UNSPECIFIED.,.F.,.F.,(4,1,1,1,1,1,4),(0.E0,4.089255322031E-2,
8.177614052273E-2,1.634926465967E-1,3.260296298435E-1,6.698166680495E-1,1.E0),
.UNSPECIFIED.);
#2925=B_SPLINE_CURVE_WITH_KNOTS('',3,(#2919,#2920,#2921,#2922,#2923,#2924),
.UNSPECIFIED.,.F.,.F.,(4,1,1,4),(0.E0,3.291131256550E-1,6.708840107311E-1,1.E0),
.UNSPECIFIED.);
#2934=CIRCLE('',#2933,7.999936933023E-2);
#2947=B_SPLINE_CURVE_WITH_KNOTS('',3,(#2939,#2940,#2941,#2942,#2943,#2944,#2945,
#2946),.UNSPECIFIED.,.F.,.F.,(4,1,1,1,1,4),(0.E0,3.233839502698E-1,
6.719937487264E-1,8.355166952164E-1,9.177283897462E-1,1.E0),.UNSPECIFIED.);
#3136=B_SPLINE_CURVE_WITH_KNOTS('',3,(#3128,#3129,#3130,#3131,#3132,#3133,#3134,
#3135),.UNSPECIFIED.,.F.,.F.,(4,1,1,1,1,4),(0.E0,8.231792356233E-2,
1.645758285271E-1,3.281897852219E-1,6.767968363718E-1,1.E0),.UNSPECIFIED.);
#3152=B_SPLINE_CURVE_WITH_KNOTS('',3,(#3141,#3142,#3143,#3144,#3145,#3146,#3147,
#3148,#3149,#3150,#3151),.UNSPECIFIED.,.F.,.F.,(4,1,1,1,1,1,1,1,4),(0.E0,
1.672568367973E-1,3.285263655389E-1,4.182894862524E-1,5.072638245391E-1,
5.936532279566E-1,6.808071184179E-1,8.359454007271E-1,1.E0),.UNSPECIFIED.);
#3165=B_SPLINE_CURVE_WITH_KNOTS('',3,(#3157,#3158,#3159,#3160,#3161,#3162,#3163,
#3164),.UNSPECIFIED.,.F.,.F.,(4,1,1,1,1,4),(0.E0,3.233701663192E-1,
6.719802880538E-1,8.355099877123E-1,9.177250483637E-1,1.E0),.UNSPECIFIED.);
#3178=B_SPLINE_CURVE_WITH_KNOTS('',3,(#3170,#3171,#3172,#3173,#3174,#3175,#3176,
#3177),.UNSPECIFIED.,.F.,.F.,(4,1,1,1,1,4),(0.E0,8.231450060593E-2,
1.645689957451E-1,3.281761136603E-1,6.767832200015E-1,1.E0),.UNSPECIFIED.);
#3191=B_SPLINE_CURVE_WITH_KNOTS('',3,(#3183,#3184,#3185,#3186,#3187,#3188,#3189,
#3190),.UNSPECIFIED.,.F.,.F.,(4,1,1,1,1,4),(0.E0,3.233839477265E-1,
6.719937581912E-1,8.355167107008E-1,9.177284082690E-1,1.E0),.UNSPECIFIED.);
#3204=B_SPLINE_CURVE_WITH_KNOTS('',3,(#3196,#3197,#3198,#3199,#3200,#3201,#3202,
#3203),.UNSPECIFIED.,.F.,.F.,(4,1,1,1,1,4),(0.E0,8.231451458850E-2,
1.645690075389E-1,3.281761211105E-1,6.767832179329E-1,1.E0),.UNSPECIFIED.);
#3220=B_SPLINE_CURVE_WITH_KNOTS('',3,(#3209,#3210,#3211,#3212,#3213,#3214,#3215,
#3216,#3217,#3218,#3219),.UNSPECIFIED.,.F.,.F.,(4,1,1,1,1,1,1,1,4),(0.E0,
1.672562575837E-1,3.285310110693E-1,4.182961180350E-1,5.072722957418E-1,
5.936600957391E-1,6.808125116608E-1,8.359475740538E-1,1.E0),.UNSPECIFIED.);
#3233=B_SPLINE_CURVE_WITH_KNOTS('',3,(#3225,#3226,#3227,#3228,#3229,#3230,#3231,
#3232),.UNSPECIFIED.,.F.,.F.,(4,1,1,1,1,4),(0.E0,3.233839521757E-1,
6.719937606613E-1,8.355167119401E-1,9.177284088866E-1,1.E0),.UNSPECIFIED.);
#3246=B_SPLINE_CURVE_WITH_KNOTS('',3,(#3238,#3239,#3240,#3241,#3242,#3243,#3244,
#3245),.UNSPECIFIED.,.F.,.F.,(4,1,1,1,1,4),(0.E0,8.231790965582E-2,
1.645758168621E-1,3.281897779986E-1,6.767968385415E-1,1.E0),.UNSPECIFIED.);
#3259=B_SPLINE_CURVE_WITH_KNOTS('',3,(#3251,#3252,#3253,#3254,#3255,#3256,#3257,
#3258),.UNSPECIFIED.,.F.,.F.,(4,1,1,1,1,4),(0.E0,3.233701663538E-1,
6.719802881306E-1,8.355099877533E-1,9.177250483942E-1,1.E0),.UNSPECIFIED.);
#3338=B_SPLINE_CURVE_WITH_KNOTS('',3,(#3332,#3333,#3334,#3335,#3336,#3337),
.UNSPECIFIED.,.F.,.F.,(4,1,1,4),(0.E0,3.290899877919E-1,6.708608954709E-1,1.E0),
.UNSPECIFIED.);
#3350=B_SPLINE_CURVE_WITH_KNOTS('',3,(#3343,#3344,#3345,#3346,#3347,#3348,
#3349),.UNSPECIFIED.,.F.,.F.,(4,1,1,1,4),(0.E0,3.321739613127E-1,
6.673589535352E-1,8.336648471311E-1,1.E0),.UNSPECIFIED.);
#3359=CIRCLE('',#3358,7.999962038103E-2);
#3372=B_SPLINE_CURVE_WITH_KNOTS('',3,(#3364,#3365,#3366,#3367,#3368,#3369,#3370,
#3371),.UNSPECIFIED.,.F.,.F.,(4,1,1,1,1,4),(0.E0,3.234083785938E-1,
6.720056491839E-1,8.355226630264E-1,9.177313747670E-1,1.E0),.UNSPECIFIED.);
#3385=B_SPLINE_CURVE_WITH_KNOTS('',3,(#3377,#3378,#3379,#3380,#3381,#3382,#3383,
#3384),.UNSPECIFIED.,.F.,.F.,(4,1,1,1,1,4),(0.E0,8.231449345475E-2,
1.645689845145E-1,3.281760945263E-1,6.767832770675E-1,1.E0),.UNSPECIFIED.);
#3396=B_SPLINE_CURVE_WITH_KNOTS('',3,(#3390,#3391,#3392,#3393,#3394,#3395),
.UNSPECIFIED.,.F.,.F.,(4,1,1,4),(0.E0,3.294747540406E-1,6.715651896653E-1,1.E0),
.UNSPECIFIED.);
#3408=B_SPLINE_CURVE_WITH_KNOTS('',3,(#3401,#3402,#3403,#3404,#3405,#3406,
#3407),.UNSPECIFIED.,.F.,.F.,(4,1,1,1,4),(0.E0,3.324094099596E-1,
6.676073940562E-1,8.337974339960E-1,1.E0),.UNSPECIFIED.);
#3420=B_SPLINE_CURVE_WITH_KNOTS('',3,(#3413,#3414,#3415,#3416,#3417,#3418,
#3419),.UNSPECIFIED.,.F.,.F.,(4,1,1,1,4),(0.E0,1.661751632954E-1,
3.323375297942E-1,6.675348539647E-1,1.E0),.UNSPECIFIED.);
#3431=B_SPLINE_CURVE_WITH_KNOTS('',3,(#3425,#3426,#3427,#3428,#3429,#3430),
.UNSPECIFIED.,.F.,.F.,(4,1,1,4),(0.E0,3.290606775229E-1,6.708270853374E-1,1.E0),
.UNSPECIFIED.);
#3449=B_SPLINE_CURVE_WITH_KNOTS('',3,(#3436,#3437,#3438,#3439,#3440,#3441,#3442,
#3443,#3444,#3445,#3446,#3447,#3448),.UNSPECIFIED.,.F.,.F.,(4,1,1,1,1,1,1,1,1,1,
4),(0.E0,1.662396356410E-1,3.347333364092E-1,4.166383346231E-1,
4.575789107179E-1,4.985195951737E-1,5.393614268529E-1,5.802031609692E-1,
6.619123703541E-1,8.307150839588E-1,1.E0),.UNSPECIFIED.);
#3454=CIRCLE('',#3453,3.775199031248E-1);
#3459=CIRCLE('',#3458,3.775199031248E-1);
#3556=CIRCLE('',#3555,3.775199031248E-1);
#3570=B_SPLINE_CURVE_WITH_KNOTS('',3,(#3557,#3558,#3559,#3560,#3561,#3562,#3563,
#3564,#3565,#3566,#3567,#3568,#3569),.UNSPECIFIED.,.F.,.F.,(4,1,1,1,1,1,1,1,1,1,
4),(0.E0,1.693124510687E-1,3.381426212684E-1,4.198651210597E-1,
4.607134982858E-1,5.015619730906E-1,5.425093167509E-1,5.834565520327E-1,
6.653748724990E-1,8.338959795997E-1,1.E0),.UNSPECIFIED.);
#3575=CIRCLE('',#3574,3.775199031248E-1);
#3622=B_SPLINE_CURVE_WITH_KNOTS('',3,(#3616,#3617,#3618,#3619,#3620,#3621),
.UNSPECIFIED.,.F.,.F.,(4,1,1,4),(0.E0,3.290975354196E-1,6.709024280276E-1,1.E0),
.UNSPECIFIED.);
#3634=B_SPLINE_CURVE_WITH_KNOTS('',3,(#3627,#3628,#3629,#3630,#3631,#3632,
#3633),.UNSPECIFIED.,.F.,.F.,(4,1,1,1,4),(0.E0,2.299867960922E-1,
4.991977371734E-1,7.688240215971E-1,1.E0),.UNSPECIFIED.);
#3645=B_SPLINE_CURVE_WITH_KNOTS('',3,(#3639,#3640,#3641,#3642,#3643,#3644),
.UNSPECIFIED.,.F.,.F.,(4,1,1,4),(0.E0,3.290975157373E-1,6.709023906849E-1,1.E0),
.UNSPECIFIED.);
#3657=B_SPLINE_CURVE_WITH_KNOTS('',3,(#3650,#3651,#3652,#3653,#3654,#3655,
#3656),.UNSPECIFIED.,.F.,.F.,(4,1,1,1,4),(0.E0,3.410267200846E-1,
6.699825596452E-1,8.349639492962E-1,1.E0),.UNSPECIFIED.);
#3668=B_SPLINE_CURVE_WITH_KNOTS('',3,(#3662,#3663,#3664,#3665,#3666,#3667),
.UNSPECIFIED.,.F.,.F.,(4,1,1,4),(0.E0,3.291142571868E-1,6.708856505511E-1,1.E0),
.UNSPECIFIED.);
#3679=B_SPLINE_CURVE_WITH_KNOTS('',3,(#3673,#3674,#3675,#3676,#3677,#3678),
.UNSPECIFIED.,.F.,.F.,(4,1,1,4),(0.E0,3.291142404160E-1,6.708856383332E-1,1.E0),
.UNSPECIFIED.);
#3691=B_SPLINE_CURVE_WITH_KNOTS('',3,(#3684,#3685,#3686,#3687,#3688,#3689,
#3690),.UNSPECIFIED.,.F.,.F.,(4,1,1,1,4),(0.E0,1.721004935726E-1,
3.441657162651E-1,6.729542117477E-1,1.E0),.UNSPECIFIED.);
#3786=B_SPLINE_CURVE_WITH_KNOTS('',3,(#3780,#3781,#3782,#3783,#3784,#3785),
.UNSPECIFIED.,.F.,.F.,(4,1,1,4),(0.E0,3.295393941245E-1,6.716371614694E-1,1.E0),
.UNSPECIFIED.);
#3798=B_SPLINE_CURVE_WITH_KNOTS('',3,(#3791,#3792,#3793,#3794,#3795,#3796,
#3797),.UNSPECIFIED.,.F.,.F.,(4,1,1,1,4),(0.E0,3.320886694495E-1,
6.672876550299E-1,8.336377541486E-1,1.E0),.UNSPECIFIED.);
#3810=B_SPLINE_CURVE_WITH_KNOTS('',3,(#3803,#3804,#3805,#3806,#3807,#3808,
#3809),.UNSPECIFIED.,.F.,.F.,(4,1,1,1,4),(0.E0,1.657587637850E-1,
3.314910252012E-1,6.668166889296E-1,1.E0),.UNSPECIFIED.);
#3821=B_SPLINE_CURVE_WITH_KNOTS('',3,(#3815,#3816,#3817,#3818,#3819,#3820),
.UNSPECIFIED.,.F.,.F.,(4,1,1,4),(0.E0,3.301937758830E-1,6.718734360679E-1,1.E0),
.UNSPECIFIED.);
#3834=B_SPLINE_CURVE_WITH_KNOTS('',3,(#3826,#3827,#3828,#3829,#3830,#3831,#3832,
#3833),.UNSPECIFIED.,.F.,.F.,(4,1,1,1,1,4),(0.E0,3.233839179952E-1,
6.719937962573E-1,8.355167242135E-1,9.177284092964E-1,1.E0),.UNSPECIFIED.);
#3847=B_SPLINE_CURVE_WITH_KNOTS('',3,(#3839,#3840,#3841,#3842,#3843,#3844,#3845,
#3846),.UNSPECIFIED.,.F.,.F.,(4,1,1,1,1,4),(0.E0,8.231450697309E-2,
1.645689923237E-1,3.281760909503E-1,6.767832649692E-1,1.E0),.UNSPECIFIED.);
#3863=B_SPLINE_CURVE_WITH_KNOTS('',3,(#3852,#3853,#3854,#3855,#3856,#3857,#3858,
#3859,#3860,#3861,#3862),.UNSPECIFIED.,.F.,.F.,(4,1,1,1,1,1,1,1,4),(0.E0,
1.672557328793E-1,3.285304569047E-1,4.182954473403E-1,5.072716106789E-1,
5.936596068764E-1,6.808121299265E-1,8.359478166053E-1,1.E0),.UNSPECIFIED.);
#3876=B_SPLINE_CURVE_WITH_KNOTS('',3,(#3868,#3869,#3870,#3871,#3872,#3873,#3874,
#3875),.UNSPECIFIED.,.F.,.F.,(4,1,1,1,1,4),(0.E0,3.233839243327E-1,
6.719938128851E-1,8.355167450872E-1,9.177284322983E-1,1.E0),.UNSPECIFIED.);
#3889=B_SPLINE_CURVE_WITH_KNOTS('',3,(#3881,#3882,#3883,#3884,#3885,#3886,#3887,
#3888),.UNSPECIFIED.,.F.,.F.,(4,1,1,1,1,4),(0.E0,8.231449763224E-2,
1.645689853881E-1,3.281760888372E-1,6.767832730526E-1,1.E0),.UNSPECIFIED.);
#4054=B_SPLINE_CURVE_WITH_KNOTS('',3,(#4046,#4047,#4048,#4049,#4050,#4051,#4052,
#4053),.UNSPECIFIED.,.F.,.F.,(4,1,1,1,1,4),(0.E0,8.213258520645E-2,
1.641989353106E-1,3.277505739137E-1,6.720111488204E-1,1.E0),.UNSPECIFIED.);
#4068=B_SPLINE_CURVE_WITH_KNOTS('',3,(#4059,#4060,#4061,#4062,#4063,#4064,#4065,
#4066,#4067),.UNSPECIFIED.,.F.,.F.,(4,1,1,1,1,1,4),(0.E0,2.021329824163E-1,
3.952018984732E-1,4.918831260910E-1,5.886138601571E-1,7.861773546202E-1,1.E0),
.UNSPECIFIED.);
#4081=B_SPLINE_CURVE_WITH_KNOTS('',3,(#4073,#4074,#4075,#4076,#4077,#4078,#4079,
#4080),.UNSPECIFIED.,.F.,.F.,(4,1,1,1,1,4),(0.E0,3.233976161919E-1,
6.720074198895E-1,8.355235494694E-1,9.177318452764E-1,1.E0),.UNSPECIFIED.);
#4094=B_SPLINE_CURVE_WITH_KNOTS('',3,(#4086,#4087,#4088,#4089,#4090,#4091,#4092,
#4093),.UNSPECIFIED.,.F.,.F.,(4,1,1,1,1,4),(0.E0,8.230765046359E-2,
1.645552933125E-1,3.281486695759E-1,6.767561679419E-1,1.E0),.UNSPECIFIED.);
#4107=B_SPLINE_CURVE_WITH_KNOTS('',3,(#4099,#4100,#4101,#4102,#4103,#4104,#4105,
#4106),.UNSPECIFIED.,.F.,.F.,(4,1,1,1,1,4),(0.E0,3.231168129918E-1,
6.723093784312E-1,8.356716349843E-1,9.178057018592E-1,1.E0),.UNSPECIFIED.);
#4120=B_SPLINE_CURVE_WITH_KNOTS('',3,(#4112,#4113,#4114,#4115,#4116,#4117,#4118,
#4119),.UNSPECIFIED.,.F.,.F.,(4,1,1,1,1,4),(0.E0,8.223631581901E-2,
1.644091966692E-1,3.281913298199E-1,6.752218481007E-1,1.E0),.UNSPECIFIED.);
#4135=B_SPLINE_CURVE_WITH_KNOTS('',3,(#4125,#4126,#4127,#4128,#4129,#4130,#4131,
#4132,#4133,#4134),.UNSPECIFIED.,.F.,.F.,(4,1,1,1,1,1,1,4),(0.E0,
2.043651085638E-1,3.915021059815E-1,4.408744372284E-1,4.902459786622E-1,
5.890704524688E-1,7.922630174973E-1,1.E0),.UNSPECIFIED.);
#4148=B_SPLINE_CURVE_WITH_KNOTS('',3,(#4140,#4141,#4142,#4143,#4144,#4145,#4146,
#4147),.UNSPECIFIED.,.F.,.F.,(4,1,1,1,1,4),(0.E0,3.233702922903E-1,
6.719804298680E-1,8.355100669657E-1,9.177250969956E-1,1.E0),.UNSPECIFIED.);
#4161=B_SPLINE_CURVE_WITH_KNOTS('',3,(#4153,#4154,#4155,#4156,#4157,#4158,#4159,
#4160),.UNSPECIFIED.,.F.,.F.,(4,1,1,1,1,4),(0.E0,8.231459620130E-2,
1.645691906929E-1,3.281765073976E-1,6.767836113885E-1,1.E0),.UNSPECIFIED.);
#4174=B_SPLINE_CURVE_WITH_KNOTS('',3,(#4166,#4167,#4168,#4169,#4170,#4171,#4172,
#4173),.UNSPECIFIED.,.F.,.F.,(4,1,1,1,1,4),(0.E0,3.234113918468E-1,
6.720208850215E-1,8.355302697900E-1,9.177352036566E-1,1.E0),.UNSPECIFIED.);
#4246=B_SPLINE_CURVE_WITH_KNOTS('',3,(#4239,#4240,#4241,#4242,#4243,#4244,
#4245),.UNSPECIFIED.,.F.,.F.,(4,1,1,1,4),(0.E0,3.410267131434E-1,
6.699825486022E-1,8.349639366026E-1,1.E0),.UNSPECIFIED.);
#4257=B_SPLINE_CURVE_WITH_KNOTS('',3,(#4251,#4252,#4253,#4254,#4255,#4256),
.UNSPECIFIED.,.F.,.F.,(4,1,1,4),(0.E0,3.291142467999E-1,6.708856502861E-1,1.E0),
.UNSPECIFIED.);
#4268=B_SPLINE_CURVE_WITH_KNOTS('',3,(#4262,#4263,#4264,#4265,#4266,#4267),
.UNSPECIFIED.,.F.,.F.,(4,1,1,4),(0.E0,3.291142379737E-1,6.708856385795E-1,1.E0),
.UNSPECIFIED.);
#4280=B_SPLINE_CURVE_WITH_KNOTS('',3,(#4273,#4274,#4275,#4276,#4277,#4278,
#4279),.UNSPECIFIED.,.F.,.F.,(4,1,1,1,4),(0.E0,1.721004986357E-1,
3.441657195038E-1,6.729542095503E-1,1.E0),.UNSPECIFIED.);
#4291=B_SPLINE_CURVE_WITH_KNOTS('',3,(#4285,#4286,#4287,#4288,#4289,#4290),
.UNSPECIFIED.,.F.,.F.,(4,1,1,4),(0.E0,3.290975409832E-1,6.709024391791E-1,1.E0),
.UNSPECIFIED.);
#4303=B_SPLINE_CURVE_WITH_KNOTS('',3,(#4296,#4297,#4298,#4299,#4300,#4301,
#4302),.UNSPECIFIED.,.F.,.F.,(4,1,1,1,4),(0.E0,2.299868048224E-1,
4.991977440773E-1,7.688240247632E-1,1.E0),.UNSPECIFIED.);
#4314=B_SPLINE_CURVE_WITH_KNOTS('',3,(#4308,#4309,#4310,#4311,#4312,#4313),
.UNSPECIFIED.,.F.,.F.,(4,1,1,4),(0.E0,3.290975210263E-1,6.709023960603E-1,1.E0),
.UNSPECIFIED.);
#4351=CIRCLE('',#4350,4.E-1);
#4356=CIRCLE('',#4355,4.E-1);
#4365=CIRCLE('',#4364,4.E-1);
#4370=CIRCLE('',#4369,4.E-1);
#4379=CIRCLE('',#4378,4.E-1);
#4384=CIRCLE('',#4383,4.E-1);
#4389=CIRCLE('',#4388,4.E-1);
#4394=CIRCLE('',#4393,4.E-1);
#4403=CIRCLE('',#4402,4.E-1);
#4408=CIRCLE('',#4407,4.E-1);
#4417=CIRCLE('',#4416,4.E-1);
#4422=CIRCLE('',#4421,4.E-1);
#4427=CIRCLE('',#4426,1.15E0);
#4432=CIRCLE('',#4431,1.15E0);
#4493=CIRCLE('',#4492,1.15E0);
#4498=CIRCLE('',#4497,1.15E0);
#4503=CIRCLE('',#4502,1.15E0);
#4508=CIRCLE('',#4507,1.15E0);
#4513=CIRCLE('',#4512,2.05E0);
#4518=CIRCLE('',#4517,2.05E0);
#4523=CIRCLE('',#4522,2.05E0);
#4528=CIRCLE('',#4527,2.05E0);
#4541=CIRCLE('',#4540,4.E-1);
#4546=CIRCLE('',#4545,4.E-1);
#4551=CIRCLE('',#4550,4.E-1);
#4556=CIRCLE('',#4555,4.E-1);
#4565=CIRCLE('',#4564,4.E-1);
#4570=CIRCLE('',#4569,4.E-1);
#4579=CIRCLE('',#4578,4.E-1);
#4584=CIRCLE('',#4583,4.E-1);
#4589=CIRCLE('',#4588,4.E-1);
#4594=CIRCLE('',#4593,4.E-1);
#4603=CIRCLE('',#4602,4.E-1);
#4608=CIRCLE('',#4607,4.E-1);
#4617=CIRCLE('',#4616,1.15E0);
#4622=CIRCLE('',#4621,1.15E0);
#4707=CIRCLE('',#4706,7.5E0);
#4712=CIRCLE('',#4711,7.5E0);
#4725=CIRCLE('',#4724,7.5E0);
#4730=CIRCLE('',#4729,7.5E0);
#5440=EDGE_CURVE('',#4733,#4734,#1653,.T.);
#5442=EDGE_CURVE('',#4734,#4733,#1658,.T.);
#5452=EDGE_CURVE('',#4734,#4736,#1662,.T.);
#5455=EDGE_CURVE('',#4738,#4733,#1666,.T.);
#5457=EDGE_CURVE('',#4736,#4738,#1679,.T.);
#5468=EDGE_CURVE('',#4738,#4736,#1684,.T.);
#5480=EDGE_CURVE('',#4741,#4742,#1670,.T.);
#5482=EDGE_CURVE('',#4743,#4742,#1770,.T.);
#5484=EDGE_CURVE('',#4744,#4743,#1792,.T.);
#5486=EDGE_CURVE('',#4746,#4744,#1760,.T.);
#5488=EDGE_CURVE('',#4747,#4746,#1742,.T.);
#5490=EDGE_CURVE('',#4748,#4747,#1736,.T.);
#5492=EDGE_CURVE('',#4748,#4750,#1674,.T.);
#5494=EDGE_CURVE('',#4751,#4750,#1798,.T.);
#5496=EDGE_CURVE('',#4752,#4751,#1820,.T.);
#5498=EDGE_CURVE('',#4754,#4752,#1832,.T.);
#5500=EDGE_CURVE('',#4755,#4754,#1858,.T.);
#5502=EDGE_CURVE('',#4741,#4755,#1852,.T.);
#5510=EDGE_CURVE('',#4758,#4759,#1689,.T.);
#5512=EDGE_CURVE('',#4759,#4758,#1694,.T.);
#5516=EDGE_CURVE('',#4762,#4763,#1699,.T.);
#5518=EDGE_CURVE('',#4763,#4762,#1704,.T.);
#5528=EDGE_CURVE('',#4766,#4767,#1708,.T.);
#5530=EDGE_CURVE('',#4742,#4767,#1774,.T.);
#5533=EDGE_CURVE('',#4766,#4741,#1846,.T.);
#5543=EDGE_CURVE('',#4770,#4771,#1712,.T.);
#5545=EDGE_CURVE('',#4772,#4771,#1726,.T.);
#5547=EDGE_CURVE('',#4773,#4772,#1748,.T.);
#5549=EDGE_CURVE('',#4775,#4773,#1752,.T.);
#5551=EDGE_CURVE('',#4776,#4775,#1786,.T.);
#5553=EDGE_CURVE('',#4767,#4776,#1780,.T.);
#5556=EDGE_CURVE('',#4777,#4766,#1842,.T.);
#5558=EDGE_CURVE('',#4778,#4777,#1864,.T.);
#5560=EDGE_CURVE('',#4780,#4778,#1824,.T.);
#5562=EDGE_CURVE('',#4781,#4780,#1814,.T.);
#5564=EDGE_CURVE('',#4770,#4781,#1808,.T.);
#5568=EDGE_CURVE('',#4784,#4785,#1716,.T.);
#5570=EDGE_CURVE('',#4787,#4785,#2692,.T.);
#5572=EDGE_CURVE('',#4787,#4789,#1720,.T.);
#5574=EDGE_CURVE('',#4784,#4789,#2788,.T.);
#5585=EDGE_CURVE('',#4771,#4748,#1730,.T.);
#5588=EDGE_CURVE('',#4750,#4770,#1802,.T.);
#5602=EDGE_CURVE('',#4773,#4746,#1756,.T.);
#5616=EDGE_CURVE('',#4744,#4775,#1764,.T.);
#5644=EDGE_CURVE('',#4752,#4780,#1836,.T.);
#5656=EDGE_CURVE('',#4778,#4754,#1828,.T.);
#5682=EDGE_CURVE('',#4792,#4793,#1908,.T.);
#5684=EDGE_CURVE('',#4795,#4792,#1904,.T.);
#5686=EDGE_CURVE('',#4797,#4795,#1900,.T.);
#5688=EDGE_CURVE('',#4799,#4797,#2715,.T.);
#5690=EDGE_CURVE('',#4800,#4799,#2702,.T.);
#5692=EDGE_CURVE('',#4785,#4800,#2697,.T.);
#5695=EDGE_CURVE('',#4801,#4784,#2784,.T.);
#5697=EDGE_CURVE('',#4802,#4801,#2803,.T.);
#5699=EDGE_CURVE('',#4793,#4802,#2779,.T.);
#5703=EDGE_CURVE('',#5429,#5430,#1869,.T.);
#5705=EDGE_CURVE('',#5430,#5429,#1874,.T.);
#5709=EDGE_CURVE('',#5433,#5434,#1879,.T.);
#5711=EDGE_CURVE('',#5434,#5433,#1884,.T.);
#5721=EDGE_CURVE('',#4805,#4806,#1888,.T.);
#5723=EDGE_CURVE('',#4806,#4808,#1892,.T.);
#5725=EDGE_CURVE('',#4808,#4810,#1896,.T.);
#5727=EDGE_CURVE('',#4797,#4810,#2720,.T.);
#5732=EDGE_CURVE('',#4805,#4793,#2775,.T.);
#5742=EDGE_CURVE('',#4813,#4814,#1912,.T.);
#5744=EDGE_CURVE('',#4814,#4816,#1916,.T.);
#5746=EDGE_CURVE('',#4810,#4816,#2724,.T.);
#5751=EDGE_CURVE('',#4813,#4805,#2770,.T.);
#5761=EDGE_CURVE('',#4819,#4820,#1924,.T.);
#5763=EDGE_CURVE('',#4822,#4819,#2743,.T.);
#5765=EDGE_CURVE('',#4814,#4822,#2748,.T.);
#5768=EDGE_CURVE('',#4824,#4813,#2766,.T.);
#5770=EDGE_CURVE('',#4820,#4824,#2761,.T.);
#5781=EDGE_CURVE('',#4825,#4787,#2688,.T.);
#5783=EDGE_CURVE('',#4826,#4825,#2707,.T.);
#5785=EDGE_CURVE('',#4828,#4826,#2738,.T.);
#5787=EDGE_CURVE('',#4828,#4819,#1920,.T.);
#5790=EDGE_CURVE('',#4830,#4820,#2756,.T.);
#5792=EDGE_CURVE('',#4831,#4830,#2798,.T.);
#5794=EDGE_CURVE('',#4789,#4831,#2793,.T.);
#5798=EDGE_CURVE('',#4832,#4833,#1934,.T.);
#5800=EDGE_CURVE('',#4835,#4833,#2815,.T.);
#5802=EDGE_CURVE('',#4835,#4836,#1943,.T.);
#5804=EDGE_CURVE('',#4838,#4836,#3055,.T.);
#5806=EDGE_CURVE('',#4838,#4840,#1948,.T.);
#5808=EDGE_CURVE('',#4840,#4842,#1952,.T.);
#5810=EDGE_CURVE('',#4842,#4843,#1959,.T.);
#5812=EDGE_CURVE('',#4845,#4843,#3035,.T.);
#5814=EDGE_CURVE('',#4845,#4846,#1969,.T.);
#5816=EDGE_CURVE('',#4848,#4846,#3023,.T.);
#5818=EDGE_CURVE('',#4848,#4849,#1978,.T.);
#5820=EDGE_CURVE('',#4851,#4849,#3011,.T.);
#5822=EDGE_CURVE('',#4851,#4852,#1990,.T.);
#5824=EDGE_CURVE('',#4854,#4852,#2999,.T.);
#5826=EDGE_CURVE('',#4854,#4855,#1999,.T.);
#5828=EDGE_CURVE('',#4857,#4855,#2987,.T.);
#5830=EDGE_CURVE('',#4857,#4858,#2008,.T.);
#5832=EDGE_CURVE('',#4860,#4858,#2975,.T.);
#5834=EDGE_CURVE('',#4860,#4861,#2015,.T.);
#5836=EDGE_CURVE('',#4861,#4863,#2019,.T.);
#5838=EDGE_CURVE('',#4863,#4865,#2024,.T.);
#5840=EDGE_CURVE('',#4832,#4865,#2955,.T.);
#5844=EDGE_CURVE('',#4868,#4869,#3071,.T.);
#5846=EDGE_CURVE('',#4868,#4870,#2033,.T.);
#5848=EDGE_CURVE('',#4872,#4870,#3083,.T.);
#5850=EDGE_CURVE('',#4872,#4873,#2042,.T.);
#5852=EDGE_CURVE('',#4875,#4873,#3095,.T.);
#5854=EDGE_CURVE('',#4875,#4876,#2051,.T.);
#5856=EDGE_CURVE('',#4878,#4876,#3107,.T.);
#5858=EDGE_CURVE('',#4878,#4879,#2063,.T.);
#5860=EDGE_CURVE('',#4881,#4879,#3119,.T.);
#5862=EDGE_CURVE('',#4881,#4882,#2072,.T.);
#5864=EDGE_CURVE('',#4884,#4882,#3319,.T.);
#5866=EDGE_CURVE('',#4884,#4885,#2081,.T.);
#5868=EDGE_CURVE('',#4887,#4885,#3307,.T.);
#5870=EDGE_CURVE('',#4887,#4888,#2090,.T.);
#5872=EDGE_CURVE('',#4890,#4888,#3295,.T.);
#5874=EDGE_CURVE('',#4890,#4891,#2099,.T.);
#5876=EDGE_CURVE('',#4893,#4891,#3283,.T.);
#5878=EDGE_CURVE('',#4893,#4894,#2111,.T.);
#5880=EDGE_CURVE('',#4896,#4894,#3271,.T.);
#5882=EDGE_CURVE('',#4896,#4869,#2120,.T.);
#5886=EDGE_CURVE('',#4897,#4898,#2127,.T.);
#5888=EDGE_CURVE('',#4900,#4898,#3331,.T.);
#5890=EDGE_CURVE('',#4900,#4901,#2134,.T.);
#5892=EDGE_CURVE('',#4901,#4903,#2138,.T.);
#5894=EDGE_CURVE('',#4903,#4904,#2146,.T.);
#5896=EDGE_CURVE('',#4906,#4904,#3527,.T.);
#5898=EDGE_CURVE('',#4906,#4907,#2154,.T.);
#5900=EDGE_CURVE('',#4907,#4909,#2158,.T.);
#5902=EDGE_CURVE('',#4909,#4910,#2165,.T.);
#5904=EDGE_CURVE('',#4912,#4910,#3507,.T.);
#5906=EDGE_CURVE('',#4912,#4913,#2174,.T.);
#5908=EDGE_CURVE('',#4915,#4913,#3495,.T.);
#5910=EDGE_CURVE('',#4915,#4916,#2183,.T.);
#5912=EDGE_CURVE('',#4918,#4916,#3483,.T.);
#5914=EDGE_CURVE('',#4918,#4920,#2188,.T.);
#5916=EDGE_CURVE('',#4922,#4920,#3471,.T.);
#5918=EDGE_CURVE('',#4922,#4923,#2196,.T.);
#5920=EDGE_CURVE('',#4923,#4897,#2200,.T.);
#5924=EDGE_CURVE('',#4924,#4925,#2207,.T.);
#5926=EDGE_CURVE('',#4927,#4925,#3591,.T.);
#5928=EDGE_CURVE('',#4927,#4928,#2215,.T.);
#5930=EDGE_CURVE('',#4928,#4930,#2219,.T.);
#5932=EDGE_CURVE('',#4930,#4931,#2226,.T.);
#5934=EDGE_CURVE('',#4933,#4931,#3611,.T.);
#5936=EDGE_CURVE('',#4933,#4934,#2233,.T.);
#5938=EDGE_CURVE('',#4934,#4936,#2237,.T.);
#5940=EDGE_CURVE('',#4936,#4937,#2245,.T.);
#5942=EDGE_CURVE('',#4939,#4937,#3715,.T.);
#5944=EDGE_CURVE('',#4939,#4940,#2252,.T.);
#5946=EDGE_CURVE('',#4940,#4942,#2256,.T.);
#5948=EDGE_CURVE('',#4942,#4943,#2264,.T.);
#5950=EDGE_CURVE('',#4943,#4924,#2268,.T.);
#5954=EDGE_CURVE('',#4944,#4945,#2275,.T.);
#5956=EDGE_CURVE('',#4947,#4945,#3739,.T.);
#5958=EDGE_CURVE('',#4947,#4948,#2284,.T.);
#5960=EDGE_CURVE('',#4950,#4948,#3751,.T.);
#5962=EDGE_CURVE('',#4950,#4951,#2293,.T.);
#5964=EDGE_CURVE('',#4953,#4951,#3763,.T.);
#5966=EDGE_CURVE('',#4953,#4954,#2305,.T.);
#5968=EDGE_CURVE('',#4956,#4954,#3775,.T.);
#5970=EDGE_CURVE('',#4956,#4957,#2314,.T.);
#5972=EDGE_CURVE('',#4959,#4957,#3941,.T.);
#5974=EDGE_CURVE('',#4959,#4960,#2323,.T.);
#5976=EDGE_CURVE('',#4962,#4960,#3929,.T.);
#5978=EDGE_CURVE('',#4962,#4963,#2330,.T.);
#5980=EDGE_CURVE('',#4965,#4963,#3917,.T.);
#5982=EDGE_CURVE('',#4965,#4966,#2338,.T.);
#5984=EDGE_CURVE('',#4968,#4966,#3905,.T.);
#5986=EDGE_CURVE('',#4968,#4969,#2346,.T.);
#5988=EDGE_CURVE('',#4969,#4944,#2350,.T.);
#5992=EDGE_CURVE('',#4972,#4973,#3949,.T.);
#5994=EDGE_CURVE('',#4972,#4974,#2359,.T.);
#5996=EDGE_CURVE('',#4976,#4974,#3961,.T.);
#5998=EDGE_CURVE('',#4976,#4977,#2368,.T.);
#6000=EDGE_CURVE('',#4979,#4977,#3973,.T.);
#6002=EDGE_CURVE('',#4979,#4980,#2377,.T.);
#6004=EDGE_CURVE('',#4982,#4980,#3985,.T.);
#6006=EDGE_CURVE('',#4982,#4983,#2388,.T.);
#6008=EDGE_CURVE('',#4983,#4985,#2392,.T.);
#6010=EDGE_CURVE('',#4985,#4986,#2401,.T.);
#6012=EDGE_CURVE('',#4988,#4986,#4005,.T.);
#6014=EDGE_CURVE('',#4988,#4989,#2410,.T.);
#6016=EDGE_CURVE('',#4991,#4989,#4017,.T.);
#6018=EDGE_CURVE('',#4991,#4992,#2419,.T.);
#6020=EDGE_CURVE('',#4994,#4992,#4029,.T.);
#6022=EDGE_CURVE('',#4994,#4995,#2428,.T.);
#6024=EDGE_CURVE('',#4997,#4995,#4041,.T.);
#6026=EDGE_CURVE('',#4997,#4998,#2438,.T.);
#6028=EDGE_CURVE('',#5000,#4998,#4182,.T.);
#6030=EDGE_CURVE('',#5000,#4973,#2447,.T.);
#6034=EDGE_CURVE('',#5001,#5002,#2455,.T.);
#6036=EDGE_CURVE('',#5004,#5002,#4206,.T.);
#6038=EDGE_CURVE('',#5004,#5005,#2462,.T.);
#6040=EDGE_CURVE('',#5005,#5007,#2466,.T.);
#6042=EDGE_CURVE('',#5007,#5008,#2474,.T.);
#6044=EDGE_CURVE('',#5008,#5010,#2478,.T.);
#6046=EDGE_CURVE('',#5010,#5011,#2485,.T.);
#6048=EDGE_CURVE('',#5013,#5011,#4234,.T.);
#6050=EDGE_CURVE('',#5013,#5014,#2493,.T.);
#6052=EDGE_CURVE('',#5014,#5016,#2497,.T.);
#6054=EDGE_CURVE('',#5016,#5017,#2504,.T.);
#6056=EDGE_CURVE('',#5019,#5017,#4330,.T.);
#6058=EDGE_CURVE('',#5019,#5020,#2511,.T.);
#6060=EDGE_CURVE('',#5020,#5001,#2515,.T.);
#6064=EDGE_CURVE('',#5023,#5024,#2520,.T.);
#6066=EDGE_CURVE('',#5024,#5026,#2525,.T.);
#6068=EDGE_CURVE('',#5026,#5028,#2529,.T.);
#6070=EDGE_CURVE('',#5028,#5030,#2534,.T.);
#6072=EDGE_CURVE('',#5030,#5032,#2539,.T.);
#6074=EDGE_CURVE('',#5032,#5034,#2543,.T.);
#6076=EDGE_CURVE('',#5034,#5036,#2548,.T.);
#6078=EDGE_CURVE('',#5036,#5038,#2553,.T.);
#6080=EDGE_CURVE('',#5038,#5040,#2557,.T.);
#6082=EDGE_CURVE('',#5040,#5042,#2562,.T.);
#6084=EDGE_CURVE('',#5042,#5044,#2567,.T.);
#6086=EDGE_CURVE('',#5044,#5046,#2571,.T.);
#6088=EDGE_CURVE('',#5046,#5048,#2576,.T.);
#6090=EDGE_CURVE('',#5048,#5050,#2581,.T.);
#6092=EDGE_CURVE('',#5050,#5052,#2585,.T.);
#6094=EDGE_CURVE('',#5052,#5054,#2590,.T.);
#6096=EDGE_CURVE('',#5054,#5056,#2595,.T.);
#6098=EDGE_CURVE('',#5056,#5023,#2599,.T.);
#6102=EDGE_CURVE('',#5059,#5060,#2604,.T.);
#6104=EDGE_CURVE('',#5060,#5062,#2609,.T.);
#6106=EDGE_CURVE('',#5062,#5064,#2613,.T.);
#6108=EDGE_CURVE('',#5064,#5066,#2618,.T.);
#6110=EDGE_CURVE('',#5066,#5068,#2623,.T.);
#6112=EDGE_CURVE('',#5068,#5070,#2627,.T.);
#6114=EDGE_CURVE('',#5070,#5072,#2632,.T.);
#6116=EDGE_CURVE('',#5072,#5074,#2637,.T.);
#6118=EDGE_CURVE('',#5074,#5076,#2641,.T.);
#6120=EDGE_CURVE('',#5076,#5078,#2646,.T.);
#6122=EDGE_CURVE('',#5078,#5080,#2651,.T.);
#6124=EDGE_CURVE('',#5080,#5082,#2655,.T.);
#6126=EDGE_CURVE('',#5082,#5084,#2660,.T.);
#6128=EDGE_CURVE('',#5084,#5086,#2665,.T.);
#6130=EDGE_CURVE('',#5086,#5088,#2669,.T.);
#6132=EDGE_CURVE('',#5088,#5090,#2674,.T.);
#6134=EDGE_CURVE('',#5090,#5092,#2679,.T.);
#6136=EDGE_CURVE('',#5092,#5059,#2683,.T.);
#6150=EDGE_CURVE('',#4826,#4799,#2711,.T.);
#6165=EDGE_CURVE('',#4816,#5094,#2729,.T.);
#6167=EDGE_CURVE('',#5094,#4828,#2734,.T.);
#6192=EDGE_CURVE('',#4802,#4830,#2752,.T.);
#6228=B_SPLINE_CURVE_WITH_KNOTS('',3,(#6217,#6218,#6219,#6220,#6221,#6222,#6223,
#6224,#6225,#6226,#6227),.UNSPECIFIED.,.F.,.F.,(4,1,1,1,1,1,1,1,4),(0.E0,
1.978439448955E-1,2.473564372175E-1,2.968328280334E-1,3.952431300132E-1,
5.000873784053E-1,6.049316267974E-1,7.993477590660E-1,1.E0),.UNSPECIFIED.);
#6232=EDGE_CURVE('',#5096,#4833,#2807,.T.);
#6235=EDGE_CURVE('',#4832,#5098,#2811,.T.);
#6237=EDGE_CURVE('',#5096,#5098,#2825,.T.);
#6248=EDGE_CURVE('',#5100,#5096,#2951,.T.);
#6250=EDGE_CURVE('',#4835,#5100,#3063,.T.);
#6262=EDGE_CURVE('',#5098,#5102,#2829,.T.);
#6264=EDGE_CURVE('',#5102,#5104,#2834,.T.);
#6266=EDGE_CURVE('',#5104,#5106,#2838,.T.);
#6268=EDGE_CURVE('',#5106,#5107,#2845,.T.);
#6270=EDGE_CURVE('',#5107,#5109,#2849,.T.);
#6272=EDGE_CURVE('',#5109,#5110,#2858,.T.);
#6274=EDGE_CURVE('',#5110,#5112,#2862,.T.);
#6276=EDGE_CURVE('',#5112,#5113,#2871,.T.);
#6278=EDGE_CURVE('',#5113,#5115,#2875,.T.);
#6280=EDGE_CURVE('',#5115,#5116,#2887,.T.);
#6282=EDGE_CURVE('',#5116,#5118,#2891,.T.);
#6284=EDGE_CURVE('',#5118,#5119,#2900,.T.);
#6286=EDGE_CURVE('',#5119,#5121,#2904,.T.);
#6288=EDGE_CURVE('',#5121,#5122,#2914,.T.);
#6290=EDGE_CURVE('',#5122,#5124,#2918,.T.);
#6292=EDGE_CURVE('',#5124,#5125,#2925,.T.);
#6294=EDGE_CURVE('',#5125,#5127,#2929,.T.);
#6296=EDGE_CURVE('',#5127,#5129,#2934,.T.);
#6298=EDGE_CURVE('',#5129,#5131,#2938,.T.);
#6300=EDGE_CURVE('',#5131,#5100,#2947,.T.);
#6311=EDGE_CURVE('',#5102,#4865,#2959,.T.);
#6326=EDGE_CURVE('',#4863,#5104,#2963,.T.);
#6339=EDGE_CURVE('',#5106,#4861,#2967,.T.);
#6353=B_SPLINE_CURVE_WITH_KNOTS('',3,(#6345,#6346,#6347,#6348,#6349,#6350,#6351,
#6352),.UNSPECIFIED.,.F.,.F.,(4,1,1,1,1,4),(0.E0,1.923076922468E-2,
3.373078874114E-1,6.657793382396E-1,9.807692382018E-1,1.E0),.UNSPECIFIED.);
#6357=EDGE_CURVE('',#5107,#4860,#2971,.T.);
#6372=EDGE_CURVE('',#5109,#4858,#2979,.T.);
#6388=B_SPLINE_CURVE_WITH_KNOTS('',3,(#6378,#6379,#6380,#6381,#6382,#6383,#6384,
#6385,#6386,#6387),.UNSPECIFIED.,.F.,.F.,(4,1,1,1,1,1,1,4),(0.E0,
1.914738261261E-1,3.878133939931E-1,5.994504566203E-1,6.987152397771E-1,
7.486209679786E-1,7.985630680625E-1,1.E0),.UNSPECIFIED.);
#6394=EDGE_CURVE('',#5110,#4857,#2983,.T.);
#6407=EDGE_CURVE('',#5112,#4855,#2991,.T.);
#6423=B_SPLINE_CURVE_WITH_KNOTS('',3,(#6413,#6414,#6415,#6416,#6417,#6418,#6419,
#6420,#6421,#6422),.UNSPECIFIED.,.F.,.F.,(4,1,1,1,1,1,1,4),(0.E0,
1.977744441760E-1,2.472605570330E-1,2.967105855680E-1,3.950684171226E-1,
6.046541647502E-1,7.989829338835E-1,1.E0),.UNSPECIFIED.);
#6429=EDGE_CURVE('',#5113,#4854,#2995,.T.);
#6442=EDGE_CURVE('',#5115,#4852,#3003,.T.);
#6461=B_SPLINE_CURVE_WITH_KNOTS('',3,(#6448,#6449,#6450,#6451,#6452,#6453,#6454,
#6455,#6456,#6457,#6458,#6459,#6460),.UNSPECIFIED.,.F.,.F.,(4,1,1,1,1,1,1,1,1,1,
4),(0.E0,8.480605504584E-2,2.237906157112E-1,3.578000127418E-1,
4.323900964760E-1,5.063245794235E-1,5.781108343306E-1,6.505324818445E-1,
7.794461386288E-1,9.157694197073E-1,1.E0),.UNSPECIFIED.);
#6467=EDGE_CURVE('',#5116,#4851,#3007,.T.);
#6480=EDGE_CURVE('',#5118,#4849,#3015,.T.);
#6496=B_SPLINE_CURVE_WITH_KNOTS('',3,(#6486,#6487,#6488,#6489,#6490,#6491,#6492,
#6493,#6494,#6495),.UNSPECIFIED.,.F.,.F.,(4,1,1,1,1,1,1,4),(0.E0,
1.914738604512E-1,3.878134458562E-1,5.994505088792E-1,6.987152918267E-1,
7.486210200440E-1,7.985631221762E-1,1.E0),.UNSPECIFIED.);
#6502=EDGE_CURVE('',#5119,#4848,#3019,.T.);
#6515=EDGE_CURVE('',#5121,#4846,#3031,.T.);
#6532=B_SPLINE_CURVE_WITH_KNOTS('',3,(#6521,#6522,#6523,#6524,#6525,#6526,#6527,
#6528,#6529,#6530,#6531),.UNSPECIFIED.,.F.,.F.,(4,1,1,1,1,1,1,1,4),(0.E0,
1.951262688941E-1,2.195584710362E-1,2.439853162833E-1,2.928087336911E-1,
3.899202153064E-1,5.953237362369E-1,7.925994080863E-1,1.E0),.UNSPECIFIED.);
#6536=EDGE_CURVE('',#4845,#5122,#3027,.T.);
#6549=EDGE_CURVE('',#5124,#4843,#3039,.T.);
#6565=B_SPLINE_CURVE_WITH_KNOTS('',3,(#6557,#6558,#6559,#6560,#6561,#6562,#6563,
#6564),.UNSPECIFIED.,.F.,.F.,(4,1,1,1,1,4),(0.E0,2.099940373466E-1,
4.005352618813E-1,5.984047416326E-1,7.889476240668E-1,1.E0),.UNSPECIFIED.);
#6571=EDGE_CURVE('',#4842,#5125,#3043,.T.);
#6582=EDGE_CURVE('',#5127,#4840,#3047,.T.);
#6597=EDGE_CURVE('',#4838,#5129,#3051,.T.);
#6610=EDGE_CURVE('',#5131,#4836,#3059,.T.);
#6626=B_SPLINE_CURVE_WITH_KNOTS('',3,(#6616,#6617,#6618,#6619,#6620,#6621,#6622,
#6623,#6624,#6625),.UNSPECIFIED.,.F.,.F.,(4,1,1,1,1,1,1,4),(0.E0,
1.914787480451E-1,3.877977429443E-1,5.994307714903E-1,6.987018090677E-1,
7.486106468923E-1,7.985558581815E-1,1.E0),.UNSPECIFIED.);
#6642=EDGE_CURVE('',#5133,#4868,#3067,.T.);
#6645=EDGE_CURVE('',#5135,#4869,#3263,.T.);
#6647=EDGE_CURVE('',#5133,#5135,#3127,.T.);
#6662=B_SPLINE_CURVE_WITH_KNOTS('',3,(#6652,#6653,#6654,#6655,#6656,#6657,#6658,
#6659,#6660,#6661),.UNSPECIFIED.,.F.,.F.,(4,1,1,1,1,1,1,4),(0.E0,
1.914750156423E-1,3.877876294927E-1,5.994229906434E-1,6.986991300227E-1,
7.486105151599E-1,7.985582678165E-1,1.E0),.UNSPECIFIED.);
#6666=EDGE_CURVE('',#5137,#4870,#3075,.T.);
#6670=EDGE_CURVE('',#5137,#5133,#3259,.T.);
#6680=EDGE_CURVE('',#5139,#4872,#3079,.T.);
#6684=EDGE_CURVE('',#5139,#5137,#3250,.T.);
#6699=B_SPLINE_CURVE_WITH_KNOTS('',3,(#6689,#6690,#6691,#6692,#6693,#6694,#6695,
#6696,#6697,#6698),.UNSPECIFIED.,.F.,.F.,(4,1,1,1,1,1,1,4),(0.E0,
1.977816237020E-1,2.472706714864E-1,2.967236396770E-1,3.950873871928E-1,
6.046678939374E-1,7.989757351626E-1,1.E0),.UNSPECIFIED.);
#6703=EDGE_CURVE('',#5141,#4873,#3087,.T.);
#6707=EDGE_CURVE('',#5141,#5139,#3246,.T.);
#6717=EDGE_CURVE('',#5143,#4875,#3091,.T.);
#6721=EDGE_CURVE('',#5143,#5141,#3237,.T.);
#6736=B_SPLINE_CURVE_WITH_KNOTS('',3,(#6726,#6727,#6728,#6729,#6730,#6731,#6732,
#6733,#6734,#6735),.UNSPECIFIED.,.F.,.F.,(4,1,1,1,1,1,1,4),(0.E0,
1.914786494090E-1,3.877975396270E-1,5.994304569099E-1,6.987014423483E-1,
7.486102539653E-1,7.985554346584E-1,1.E0),.UNSPECIFIED.);
#6740=EDGE_CURVE('',#5145,#4876,#3099,.T.);
#6744=EDGE_CURVE('',#5145,#5143,#3233,.T.);
#6754=EDGE_CURVE('',#5147,#4878,#3103,.T.);
#6758=EDGE_CURVE('',#5147,#5145,#3224,.T.);
#6776=B_SPLINE_CURVE_WITH_KNOTS('',3,(#6763,#6764,#6765,#6766,#6767,#6768,#6769,
#6770,#6771,#6772,#6773,#6774,#6775),.UNSPECIFIED.,.F.,.F.,(4,1,1,1,1,1,1,1,1,1,
4),(0.E0,8.480454470537E-2,2.237886804174E-1,3.578023923565E-1,
4.323940747314E-1,5.063301843265E-1,5.781154420540E-1,6.505360690256E-1,
7.794479111698E-1,9.157697760721E-1,1.E0),.UNSPECIFIED.);
#6780=EDGE_CURVE('',#5149,#4879,#3111,.T.);
#6784=EDGE_CURVE('',#5149,#5147,#3220,.T.);
#6794=EDGE_CURVE('',#5151,#4881,#3115,.T.);
#6798=EDGE_CURVE('',#5151,#5149,#3208,.T.);
#6813=B_SPLINE_CURVE_WITH_KNOTS('',3,(#6803,#6804,#6805,#6806,#6807,#6808,#6809,
#6810,#6811,#6812),.UNSPECIFIED.,.F.,.F.,(4,1,1,1,1,1,1,4),(0.E0,
1.977843337091E-1,2.472708507641E-1,2.967212835150E-1,3.950799539908E-1,
6.046584363277E-1,7.989725646866E-1,1.E0),.UNSPECIFIED.);
#6818=EDGE_CURVE('',#5152,#5151,#3204,.T.);
#6820=EDGE_CURVE('',#5152,#4882,#3123,.T.);
#6832=EDGE_CURVE('',#5135,#5153,#3136,.T.);
#6834=EDGE_CURVE('',#5153,#5155,#3140,.T.);
#6836=EDGE_CURVE('',#5155,#5156,#3152,.T.);
#6838=EDGE_CURVE('',#5156,#5158,#3156,.T.);
#6840=EDGE_CURVE('',#5158,#5159,#3165,.T.);
#6842=EDGE_CURVE('',#5159,#5161,#3169,.T.);
#6844=EDGE_CURVE('',#5161,#5162,#3178,.T.);
#6846=EDGE_CURVE('',#5162,#5164,#3182,.T.);
#6848=EDGE_CURVE('',#5164,#5165,#3191,.T.);
#6850=EDGE_CURVE('',#5165,#5152,#3195,.T.);
#6874=B_SPLINE_CURVE_WITH_KNOTS('',3,(#6864,#6865,#6866,#6867,#6868,#6869,#6870,
#6871,#6872,#6873),.UNSPECIFIED.,.F.,.F.,(4,1,1,1,1,1,1,4),(0.E0,
1.977816344022E-1,2.472706861506E-1,2.967236550709E-1,3.950874040483E-1,
6.046679139496E-1,7.989757603318E-1,1.E0),.UNSPECIFIED.);
#6878=EDGE_CURVE('',#5153,#4896,#3267,.T.);
#6893=EDGE_CURVE('',#5155,#4894,#3275,.T.);
#6912=B_SPLINE_CURVE_WITH_KNOTS('',3,(#6899,#6900,#6901,#6902,#6903,#6904,#6905,
#6906,#6907,#6908,#6909,#6910,#6911),.UNSPECIFIED.,.F.,.F.,(4,1,1,1,1,1,1,1,1,1,
4),(0.E0,8.480428257335E-2,2.237891617297E-1,3.577987848419E-1,
4.323889573937E-1,5.063236779420E-1,5.781104034518E-1,6.505323923087E-1,
7.794471532356E-1,9.157710812158E-1,1.E0),.UNSPECIFIED.);
#6918=EDGE_CURVE('',#5156,#4893,#3279,.T.);
#6931=EDGE_CURVE('',#5158,#4891,#3287,.T.);
#6947=B_SPLINE_CURVE_WITH_KNOTS('',3,(#6937,#6938,#6939,#6940,#6941,#6942,#6943,
#6944,#6945,#6946),.UNSPECIFIED.,.F.,.F.,(4,1,1,1,1,1,1,4),(0.E0,
1.914750155963E-1,3.877876293570E-1,5.994229904066E-1,6.986991297722E-1,
7.486105148980E-1,7.985582675552E-1,1.E0),.UNSPECIFIED.);
#6953=EDGE_CURVE('',#5159,#4890,#3291,.T.);
#6966=EDGE_CURVE('',#5161,#4888,#3299,.T.);
#6982=B_SPLINE_CURVE_WITH_KNOTS('',3,(#6972,#6973,#6974,#6975,#6976,#6977,#6978,
#6979,#6980,#6981),.UNSPECIFIED.,.F.,.F.,(4,1,1,1,1,1,1,4),(0.E0,
1.977843234310E-1,2.472708363934E-1,2.967212683024E-1,3.950799370974E-1,
6.046584160116E-1,7.989725389579E-1,1.E0),.UNSPECIFIED.);
#6988=EDGE_CURVE('',#5162,#4887,#3303,.T.);
#7001=EDGE_CURVE('',#5164,#4885,#3311,.T.);
#7017=B_SPLINE_CURVE_WITH_KNOTS('',3,(#7007,#7008,#7009,#7010,#7011,#7012,#7013,
#7014,#7015,#7016),.UNSPECIFIED.,.F.,.F.,(4,1,1,1,1,1,1,4),(0.E0,
1.914786481548E-1,3.877975372649E-1,5.994304551168E-1,6.987014410057E-1,
7.486102528509E-1,7.985554337698E-1,1.E0),.UNSPECIFIED.);
#7023=EDGE_CURVE('',#5165,#4884,#3315,.T.);
#7049=B_SPLINE_CURVE_WITH_KNOTS('',3,(#7041,#7042,#7043,#7044,#7045,#7046,#7047,
#7048),.UNSPECIFIED.,.F.,.F.,(4,1,1,1,1,4),(0.E0,2.100081343912E-1,
4.005262715973E-1,5.983856994065E-1,7.889322714773E-1,1.E0),.UNSPECIFIED.);
#7053=EDGE_CURVE('',#5167,#4898,#3323,.T.);
#7056=EDGE_CURVE('',#4897,#5169,#3327,.T.);
#7058=EDGE_CURVE('',#5167,#5169,#3338,.T.);
#7069=EDGE_CURVE('',#5171,#5167,#3435,.T.);
#7071=EDGE_CURVE('',#4900,#5171,#3543,.T.);
#7083=EDGE_CURVE('',#5169,#5173,#3342,.T.);
#7085=EDGE_CURVE('',#5173,#5174,#3350,.T.);
#7087=EDGE_CURVE('',#5174,#5176,#3354,.T.);
#7089=EDGE_CURVE('',#5176,#5178,#3359,.T.);
#7091=EDGE_CURVE('',#5178,#5180,#3363,.T.);
#7093=EDGE_CURVE('',#5180,#5181,#3372,.T.);
#7095=EDGE_CURVE('',#5181,#5183,#3376,.T.);
#7097=EDGE_CURVE('',#5183,#5184,#3385,.T.);
#7099=EDGE_CURVE('',#5184,#5186,#3389,.T.);
#7101=EDGE_CURVE('',#5186,#5187,#3396,.T.);
#7103=EDGE_CURVE('',#5187,#5189,#3400,.T.);
#7105=EDGE_CURVE('',#5189,#5190,#3408,.T.);
#7107=EDGE_CURVE('',#5190,#5192,#3412,.T.);
#7109=EDGE_CURVE('',#5192,#5193,#3420,.T.);
#7111=EDGE_CURVE('',#5193,#5195,#3424,.T.);
#7113=EDGE_CURVE('',#5195,#5171,#3431,.T.);
#7118=EDGE_CURVE('',#5196,#5197,#3449,.T.);
#7120=EDGE_CURVE('',#5197,#5199,#3454,.T.);
#7122=EDGE_CURVE('',#5199,#5196,#3459,.T.);
#7132=EDGE_CURVE('',#5173,#4923,#3463,.T.);
#7149=B_SPLINE_CURVE_WITH_KNOTS('',3,(#7140,#7141,#7142,#7143,#7144,#7145,#7146,
#7147,#7148),.UNSPECIFIED.,.F.,.F.,(4,1,1,1,1,1,4),(0.E0,1.738382036202E-1,
3.328721722767E-1,4.933477235098E-1,5.729695161537E-1,6.526106570309E-1,1.E0),
.UNSPECIFIED.);
#7155=EDGE_CURVE('',#5174,#4922,#3467,.T.);
#7168=EDGE_CURVE('',#5176,#4920,#3475,.T.);
#7181=EDGE_CURVE('',#5178,#4918,#3479,.T.);
#7194=EDGE_CURVE('',#5180,#4916,#3487,.T.);
#7210=B_SPLINE_CURVE_WITH_KNOTS('',3,(#7200,#7201,#7202,#7203,#7204,#7205,#7206,
#7207,#7208,#7209),.UNSPECIFIED.,.F.,.F.,(4,1,1,1,1,1,1,4),(0.E0,
1.914614854744E-1,3.878062846824E-1,5.994382819047E-1,6.987088016099E-1,
7.486173789928E-1,7.985623296154E-1,1.E0),.UNSPECIFIED.);
#7216=EDGE_CURVE('',#4915,#5181,#3491,.T.);
#7227=EDGE_CURVE('',#5183,#4913,#3499,.T.);
#7245=B_SPLINE_CURVE_WITH_KNOTS('',3,(#7235,#7236,#7237,#7238,#7239,#7240,#7241,
#7242,#7243,#7244),.UNSPECIFIED.,.F.,.F.,(4,1,1,1,1,1,1,4),(0.E0,
1.977810871011E-1,2.472681455925E-1,2.967191294087E-1,3.950788960934E-1,
6.046597702798E-1,7.989760376064E-1,1.E0),.UNSPECIFIED.);
#7251=EDGE_CURVE('',#5184,#4912,#3503,.T.);
#7264=EDGE_CURVE('',#5186,#4910,#3511,.T.);
#7278=B_SPLINE_CURVE_WITH_KNOTS('',3,(#7270,#7271,#7272,#7273,#7274,#7275,#7276,
#7277),.UNSPECIFIED.,.F.,.F.,(4,1,1,1,1,4),(0.E0,2.086375750238E-1,
4.004791087208E-1,5.996663040281E-1,7.909023168050E-1,1.E0),.UNSPECIFIED.);
#7284=EDGE_CURVE('',#5187,#4909,#3515,.T.);
#7297=EDGE_CURVE('',#5189,#4907,#3519,.T.);
#7312=B_SPLINE_CURVE_WITH_KNOTS('',3,(#7303,#7304,#7305,#7306,#7307,#7308,#7309,
#7310,#7311),.UNSPECIFIED.,.F.,.F.,(4,1,1,1,1,1,4),(0.E0,1.738336141029E-1,
3.329847193699E-1,4.934709352196E-1,5.730394645284E-1,6.526139990816E-1,1.E0),
.UNSPECIFIED.);
#7318=EDGE_CURVE('',#5190,#4906,#3523,.T.);
#7331=EDGE_CURVE('',#5192,#4904,#3531,.T.);
#7346=B_SPLINE_CURVE_WITH_KNOTS('',3,(#7337,#7338,#7339,#7340,#7341,#7342,#7343,
#7344,#7345),.UNSPECIFIED.,.F.,.F.,(4,1,1,1,1,1,4),(0.E0,3.474971479185E-1,
4.270827563420E-1,5.066622360436E-1,6.671969540844E-1,8.264232043E-1,1.E0),
.UNSPECIFIED.);
#7350=EDGE_CURVE('',#5193,#4903,#3535,.T.);
#7365=EDGE_CURVE('',#5195,#4901,#3539,.T.);
#7379=B_SPLINE_CURVE_WITH_KNOTS('',3,(#7371,#7372,#7373,#7374,#7375,#7376,#7377,
#7378),.UNSPECIFIED.,.F.,.F.,(4,1,1,1,1,4),(0.E0,2.099745768137E-1,
4.004973519112E-1,5.983744228208E-1,7.889600704647E-1,1.E0),.UNSPECIFIED.);
#7405=B_SPLINE_CURVE_WITH_KNOTS('',3,(#7390,#7391,#7392,#7393,#7394,#7395,#7396,
#7397,#7398,#7399,#7400,#7401,#7402,#7403,#7404),.UNSPECIFIED.,.F.,.F.,(4,1,1,1,
1,1,1,1,1,1,1,1,4),(0.E0,7.161448630969E-2,2.140156289521E-1,3.583476074536E-1,
4.285075623212E-1,4.635773264834E-1,4.986471834678E-1,5.336323630027E-1,
5.686174589652E-1,6.386097008030E-1,7.832063802035E-1,9.282161149965E-1,1.E0),
.UNSPECIFIED.);
#7410=EDGE_CURVE('',#5201,#5196,#3551,.T.);
#7412=EDGE_CURVE('',#5202,#5201,#3570,.T.);
#7414=EDGE_CURVE('',#5202,#5197,#3547,.T.);
#7428=EDGE_CURVE('',#5204,#5202,#3556,.T.);
#7430=EDGE_CURVE('',#5201,#5204,#3575,.T.);
#7454=B_SPLINE_CURVE_WITH_KNOTS('',3,(#7446,#7447,#7448,#7449,#7450,#7451,#7452,
#7453),.UNSPECIFIED.,.F.,.F.,(4,1,1,1,1,4),(0.E0,1.923076238280E-2,
3.356707071342E-1,6.643292577188E-1,9.807692307692E-1,1.E0),.UNSPECIFIED.);
#7458=EDGE_CURVE('',#5206,#4925,#3579,.T.);
#7461=EDGE_CURVE('',#4924,#5208,#3583,.T.);
#7463=EDGE_CURVE('',#5206,#5208,#3622,.T.);
#7473=EDGE_CURVE('',#5210,#4927,#3587,.T.);
#7477=EDGE_CURVE('',#5210,#5206,#3695,.T.);
#7491=B_SPLINE_CURVE_WITH_KNOTS('',3,(#7482,#7483,#7484,#7485,#7486,#7487,#7488,
#7489,#7490),.UNSPECIFIED.,.F.,.F.,(4,1,1,1,1,1,4),(0.E0,1.712451462790E-1,
2.845523917025E-1,3.978364124116E-1,6.143036458731E-1,8.296235248508E-1,1.E0),
.UNSPECIFIED.);
#7495=EDGE_CURVE('',#5212,#4928,#3595,.T.);
#7499=EDGE_CURVE('',#5212,#5210,#3691,.T.);
#7509=EDGE_CURVE('',#5214,#4930,#3599,.T.);
#7513=EDGE_CURVE('',#5214,#5212,#3683,.T.);
#7526=B_SPLINE_CURVE_WITH_KNOTS('',3,(#7518,#7519,#7520,#7521,#7522,#7523,#7524,
#7525),.UNSPECIFIED.,.F.,.F.,(4,1,1,1,1,4),(0.E0,1.923076467074E-2,
3.356867696308E-1,6.643131137819E-1,9.807692398859E-1,1.E0),.UNSPECIFIED.);
#7530=EDGE_CURVE('',#5216,#4931,#3603,.T.);
#7534=EDGE_CURVE('',#5216,#5214,#3679,.T.);
#7544=EDGE_CURVE('',#5218,#4933,#3607,.T.);
#7548=EDGE_CURVE('',#5218,#5216,#3672,.T.);
#7561=B_SPLINE_CURVE_WITH_KNOTS('',3,(#7553,#7554,#7555,#7556,#7557,#7558,#7559,
#7560),.UNSPECIFIED.,.F.,.F.,(4,1,1,1,1,4),(0.E0,1.923076923077E-2,
3.356867857566E-1,6.643131255299E-1,9.807692353279E-1,1.E0),.UNSPECIFIED.);
#7566=EDGE_CURVE('',#5219,#5218,#3668,.T.);
#7568=EDGE_CURVE('',#5219,#4934,#3615,.T.);
#7580=EDGE_CURVE('',#5208,#5221,#3626,.T.);
#7582=EDGE_CURVE('',#5221,#5222,#3634,.T.);
#7584=EDGE_CURVE('',#5222,#5224,#3638,.T.);
#7586=EDGE_CURVE('',#5224,#5225,#3645,.T.);
#7588=EDGE_CURVE('',#5225,#5227,#3649,.T.);
#7590=EDGE_CURVE('',#5227,#5228,#3657,.T.);
#7592=EDGE_CURVE('',#5228,#5219,#3661,.T.);
#7608=EDGE_CURVE('',#5221,#4943,#3699,.T.);
#7625=B_SPLINE_CURVE_WITH_KNOTS('',3,(#7616,#7617,#7618,#7619,#7620,#7621,#7622,
#7623,#7624),.UNSPECIFIED.,.F.,.F.,(4,1,1,1,1,1,4),(0.E0,1.923076922944E-2,
2.403719193194E-1,4.992285934359E-1,7.584846361510E-1,9.807692402694E-1,1.E0),
.UNSPECIFIED.);
#7631=EDGE_CURVE('',#5222,#4942,#3703,.T.);
#7644=EDGE_CURVE('',#5224,#4940,#3707,.T.);
#7658=B_SPLINE_CURVE_WITH_KNOTS('',3,(#7650,#7651,#7652,#7653,#7654,#7655,#7656,
#7657),.UNSPECIFIED.,.F.,.F.,(4,1,1,1,1,4),(0.E0,1.923076232994E-2,
3.356706882089E-1,6.643292218124E-1,9.807692399703E-1,1.E0),.UNSPECIFIED.);
#7664=EDGE_CURVE('',#5225,#4939,#3711,.T.);
#7677=EDGE_CURVE('',#5227,#4937,#3719,.T.);
#7692=B_SPLINE_CURVE_WITH_KNOTS('',3,(#7683,#7684,#7685,#7686,#7687,#7688,#7689,
#7690,#7691),.UNSPECIFIED.,.F.,.F.,(4,1,1,1,1,1,4),(0.E0,1.722837276467E-1,
3.958270169952E-1,6.114578324304E-1,7.196032650502E-1,8.277845343149E-1,1.E0),
.UNSPECIFIED.);
#7698=EDGE_CURVE('',#5228,#4936,#3723,.T.);
#7724=B_SPLINE_CURVE_WITH_KNOTS('',3,(#7716,#7717,#7718,#7719,#7720,#7721,#7722,
#7723),.UNSPECIFIED.,.F.,.F.,(4,1,1,1,1,4),(0.E0,2.081500899272E-1,
4.001282929598E-1,5.994225601115E-1,7.907153351936E-1,1.E0),.UNSPECIFIED.);
#7728=EDGE_CURVE('',#5230,#4945,#3727,.T.);
#7731=EDGE_CURVE('',#4944,#5232,#3731,.T.);
#7733=EDGE_CURVE('',#5230,#5232,#3786,.T.);
#7743=EDGE_CURVE('',#5234,#4947,#3735,.T.);
#7747=EDGE_CURVE('',#5234,#5230,#3893,.T.);
#7762=B_SPLINE_CURVE_WITH_KNOTS('',3,(#7752,#7753,#7754,#7755,#7756,#7757,#7758,
#7759,#7760,#7761),.UNSPECIFIED.,.F.,.F.,(4,1,1,1,1,1,1,4),(0.E0,
1.977810869458E-1,2.472681505453E-1,2.967191318097E-1,3.950788934241E-1,
6.046597662200E-1,7.989760388613E-1,1.E0),.UNSPECIFIED.);
#7766=EDGE_CURVE('',#5236,#4948,#3743,.T.);
#7770=EDGE_CURVE('',#5236,#5234,#3889,.T.);
#7780=EDGE_CURVE('',#5238,#4950,#3747,.T.);
#7784=EDGE_CURVE('',#5238,#5236,#3880,.T.);
#7799=B_SPLINE_CURVE_WITH_KNOTS('',3,(#7789,#7790,#7791,#7792,#7793,#7794,#7795,
#7796,#7797,#7798),.UNSPECIFIED.,.F.,.F.,(4,1,1,1,1,1,1,4),(0.E0,
1.914755504370E-1,3.877965365266E-1,5.994317795820E-1,6.987038215927E-1,
7.486131643172E-1,7.985588737285E-1,1.E0),.UNSPECIFIED.);
#7803=EDGE_CURVE('',#5240,#4951,#3755,.T.);
#7807=EDGE_CURVE('',#5240,#5238,#3876,.T.);
#7817=EDGE_CURVE('',#5242,#4953,#3759,.T.);
#7821=EDGE_CURVE('',#5242,#5240,#3867,.T.);
#7839=B_SPLINE_CURVE_WITH_KNOTS('',3,(#7826,#7827,#7828,#7829,#7830,#7831,#7832,
#7833,#7834,#7835,#7836,#7837,#7838),.UNSPECIFIED.,.F.,.F.,(4,1,1,1,1,1,1,1,1,1,
4),(0.E0,8.480439335714E-2,2.237881231251E-1,3.578018384332E-1,
4.323934394765E-1,5.063295524968E-1,5.781149881775E-1,6.505357192189E-1,
7.794481069123E-1,9.157697989243E-1,1.E0),.UNSPECIFIED.);
#7843=EDGE_CURVE('',#5244,#4954,#3767,.T.);
#7847=EDGE_CURVE('',#5244,#5242,#3863,.T.);
#7857=EDGE_CURVE('',#5246,#4956,#3771,.T.);
#7861=EDGE_CURVE('',#5246,#5244,#3851,.T.);
#7876=B_SPLINE_CURVE_WITH_KNOTS('',3,(#7866,#7867,#7868,#7869,#7870,#7871,#7872,
#7873,#7874,#7875),.UNSPECIFIED.,.F.,.F.,(4,1,1,1,1,1,1,4),(0.E0,
1.977810887520E-1,2.472681541456E-1,2.967191348433E-1,3.950788953074E-1,
6.046597656999E-1,7.989760396151E-1,1.E0),.UNSPECIFIED.);
#7881=EDGE_CURVE('',#5247,#5246,#3847,.T.);
#7883=EDGE_CURVE('',#5247,#4957,#3779,.T.);
#7895=EDGE_CURVE('',#5232,#5249,#3790,.T.);
#7897=EDGE_CURVE('',#5249,#5250,#3798,.T.);
#7899=EDGE_CURVE('',#5250,#5252,#3802,.T.);
#7901=EDGE_CURVE('',#5252,#5253,#3810,.T.);
#7903=EDGE_CURVE('',#5253,#5255,#3814,.T.);
#7905=EDGE_CURVE('',#5255,#5256,#3821,.T.);
#7907=EDGE_CURVE('',#5256,#5258,#3825,.T.);
#7909=EDGE_CURVE('',#5258,#5259,#3834,.T.);
#7911=EDGE_CURVE('',#5259,#5247,#3838,.T.);
#7929=EDGE_CURVE('',#5249,#4969,#3897,.T.);
#7946=B_SPLINE_CURVE_WITH_KNOTS('',3,(#7937,#7938,#7939,#7940,#7941,#7942,#7943,
#7944,#7945),.UNSPECIFIED.,.F.,.F.,(4,1,1,1,1,1,4),(0.E0,1.738351429083E-1,
3.328287403884E-1,4.933114587894E-1,5.729546476451E-1,6.526036539551E-1,1.E0),
.UNSPECIFIED.);
#7952=EDGE_CURVE('',#5250,#4968,#3901,.T.);
#7965=EDGE_CURVE('',#5252,#4966,#3909,.T.);
#7980=B_SPLINE_CURVE_WITH_KNOTS('',3,(#7971,#7972,#7973,#7974,#7975,#7976,#7977,
#7978,#7979),.UNSPECIFIED.,.F.,.F.,(4,1,1,1,1,1,4),(0.E0,2.088823050176E-1,
3.055755139807E-1,4.022532613514E-1,5.978611021414E-1,7.922192295248E-1,1.E0),
.UNSPECIFIED.);
#7986=EDGE_CURVE('',#4965,#5253,#3913,.T.);
#7998=EDGE_CURVE('',#4963,#5255,#3921,.T.);
#8013=B_SPLINE_CURVE_WITH_KNOTS('',3,(#8005,#8006,#8007,#8008,#8009,#8010,#8011,
#8012),.UNSPECIFIED.,.F.,.F.,(4,1,1,1,1,4),(0.E0,1.923076922986E-2,
3.367247845029E-1,6.652629192961E-1,9.807692344489E-1,1.E0),.UNSPECIFIED.);
#8017=EDGE_CURVE('',#5256,#4962,#3925,.T.);
#8032=EDGE_CURVE('',#5258,#4960,#3933,.T.);
#8048=B_SPLINE_CURVE_WITH_KNOTS('',3,(#8038,#8039,#8040,#8041,#8042,#8043,#8044,
#8045,#8046,#8047),.UNSPECIFIED.,.F.,.F.,(4,1,1,1,1,1,1,4),(0.E0,
1.914755489568E-1,3.877965315723E-1,5.994317706093E-1,6.987038110878E-1,
7.486131530459E-1,7.985588667764E-1,1.E0),.UNSPECIFIED.);
#8054=EDGE_CURVE('',#5259,#4959,#3937,.T.);
#8077=EDGE_CURVE('',#5261,#4972,#3945,.T.);
#8080=EDGE_CURVE('',#5263,#4973,#4178,.T.);
#8082=EDGE_CURVE('',#5261,#5263,#4045,.T.);
#8097=B_SPLINE_CURVE_WITH_KNOTS('',3,(#8087,#8088,#8089,#8090,#8091,#8092,#8093,
#8094,#8095,#8096),.UNSPECIFIED.,.F.,.F.,(4,1,1,1,1,1,1,4),(0.E0,
1.914738605420E-1,3.878134464088E-1,5.994505162453E-1,6.987153032366E-1,
7.486210334885E-1,7.985631296809E-1,1.E0),.UNSPECIFIED.);
#8101=EDGE_CURVE('',#5265,#4974,#3953,.T.);
#8105=EDGE_CURVE('',#5265,#5261,#4174,.T.);
#8115=EDGE_CURVE('',#5267,#4976,#3957,.T.);
#8119=EDGE_CURVE('',#5267,#5265,#4165,.T.);
#8134=B_SPLINE_CURVE_WITH_KNOTS('',3,(#8124,#8125,#8126,#8127,#8128,#8129,#8130,
#8131,#8132,#8133),.UNSPECIFIED.,.F.,.F.,(4,1,1,1,1,1,1,4),(0.E0,
1.977845290240E-1,2.472710732848E-1,2.967215293563E-1,3.950802469173E-1,
6.046585736805E-1,7.989723288319E-1,1.E0),.UNSPECIFIED.);
#8138=EDGE_CURVE('',#5269,#4977,#3965,.T.);
#8142=EDGE_CURVE('',#5269,#5267,#4161,.T.);
#8152=EDGE_CURVE('',#5271,#4979,#3969,.T.);
#8156=EDGE_CURVE('',#5271,#5269,#4152,.T.);
#8171=B_SPLINE_CURVE_WITH_KNOTS('',3,(#8161,#8162,#8163,#8164,#8165,#8166,#8167,
#8168,#8169,#8170),.UNSPECIFIED.,.F.,.F.,(4,1,1,1,1,1,1,4),(0.E0,
1.914750051062E-1,3.877877036607E-1,5.994230773682E-1,6.986991801800E-1,
7.486105474330E-1,7.985582786162E-1,1.E0),.UNSPECIFIED.);
#8175=EDGE_CURVE('',#5273,#4980,#3977,.T.);
#8179=EDGE_CURVE('',#5273,#5271,#4148,.T.);
#8189=EDGE_CURVE('',#5275,#4982,#3981,.T.);
#8193=EDGE_CURVE('',#5275,#5273,#4139,.T.);
#8210=B_SPLINE_CURVE_WITH_KNOTS('',3,(#8198,#8199,#8200,#8201,#8202,#8203,#8204,
#8205,#8206,#8207,#8208,#8209),.UNSPECIFIED.,.F.,.F.,(4,1,1,1,1,1,1,1,1,4),
(0.E0,1.470367584267E-1,2.935104530381E-1,4.276363124658E-1,4.630227216302E-1,
4.984085647155E-1,5.692385858482E-1,7.148718801182E-1,8.637622912685E-1,1.E0),
.UNSPECIFIED.);
#8214=EDGE_CURVE('',#5277,#4983,#3989,.T.);
#8218=EDGE_CURVE('',#5277,#5275,#4135,.T.);
#8228=EDGE_CURVE('',#5279,#4985,#3993,.T.);
#8232=EDGE_CURVE('',#5279,#5277,#4124,.T.);
#8247=B_SPLINE_CURVE_WITH_KNOTS('',3,(#8237,#8238,#8239,#8240,#8241,#8242,#8243,
#8244,#8245,#8246),.UNSPECIFIED.,.F.,.F.,(4,1,1,1,1,1,1,4),(0.E0,
1.785618083575E-1,2.313096850181E-1,2.840168661024E-1,3.890697066630E-1,
6.116613960326E-1,8.199800343728E-1,1.E0),.UNSPECIFIED.);
#8251=EDGE_CURVE('',#5281,#4986,#3997,.T.);
#8255=EDGE_CURVE('',#5281,#5279,#4120,.T.);
#8265=EDGE_CURVE('',#5283,#4988,#4001,.T.);
#8269=EDGE_CURVE('',#5283,#5281,#4111,.T.);
#8284=B_SPLINE_CURVE_WITH_KNOTS('',3,(#8274,#8275,#8276,#8277,#8278,#8279,#8280,
#8281,#8282,#8283),.UNSPECIFIED.,.F.,.F.,(4,1,1,1,1,1,1,4),(0.E0,
1.914130586507E-1,3.875743387197E-1,5.995659623489E-1,6.987416992745E-1,
7.486045426319E-1,7.985039679905E-1,1.E0),.UNSPECIFIED.);
#8288=EDGE_CURVE('',#5285,#4989,#4009,.T.);
#8292=EDGE_CURVE('',#5285,#5283,#4107,.T.);
#8302=EDGE_CURVE('',#5287,#4991,#4013,.T.);
#8306=EDGE_CURVE('',#5287,#5285,#4098,.T.);
#8321=B_SPLINE_CURVE_WITH_KNOTS('',3,(#8311,#8312,#8313,#8314,#8315,#8316,#8317,
#8318,#8319,#8320),.UNSPECIFIED.,.F.,.F.,(4,1,1,1,1,1,1,4),(0.E0,
1.977771298823E-1,2.472607094654E-1,2.967082043213E-1,3.950609637564E-1,
6.046446902325E-1,7.989797391401E-1,1.E0),.UNSPECIFIED.);
#8325=EDGE_CURVE('',#5289,#4992,#4021,.T.);
#8329=EDGE_CURVE('',#5289,#5287,#4094,.T.);
#8339=EDGE_CURVE('',#5291,#4994,#4025,.T.);
#8343=EDGE_CURVE('',#5291,#5289,#4085,.T.);
#8358=B_SPLINE_CURVE_WITH_KNOTS('',3,(#8348,#8349,#8350,#8351,#8352,#8353,#8354,
#8355,#8356,#8357),.UNSPECIFIED.,.F.,.F.,(4,1,1,1,1,1,1,4),(0.E0,
1.914702317445E-1,3.878035431512E-1,5.994430571977E-1,6.987129969298E-1,
7.486213001119E-1,7.985659676053E-1,1.E0),.UNSPECIFIED.);
#8362=EDGE_CURVE('',#5293,#4995,#4033,.T.);
#8366=EDGE_CURVE('',#5293,#5291,#4081,.T.);
#8376=EDGE_CURVE('',#5295,#4997,#4037,.T.);
#8380=EDGE_CURVE('',#5295,#5293,#4072,.T.);
#8396=B_SPLINE_CURVE_WITH_KNOTS('',3,(#8385,#8386,#8387,#8388,#8389,#8390,#8391,
#8392,#8393,#8394,#8395),.UNSPECIFIED.,.F.,.F.,(4,1,1,1,1,1,1,1,4),(0.E0,
1.470782992442E-1,2.917708832050E-1,4.299751485991E-1,4.991823431761E-1,
5.684249758881E-1,7.098465893648E-1,8.629069749527E-1,1.E0),.UNSPECIFIED.);
#8401=EDGE_CURVE('',#5296,#5295,#4068,.T.);
#8403=EDGE_CURVE('',#4998,#5296,#4186,.T.);
#8415=EDGE_CURVE('',#5263,#5297,#4054,.T.);
#8417=EDGE_CURVE('',#5297,#5296,#4058,.T.);
#8449=B_SPLINE_CURVE_WITH_KNOTS('',3,(#8439,#8440,#8441,#8442,#8443,#8444,#8445,
#8446,#8447,#8448),.UNSPECIFIED.,.F.,.F.,(4,1,1,1,1,1,1,4),(0.E0,
1.761678056186E-1,2.288467323810E-1,2.814831766853E-1,3.863833788423E-1,
6.071882830966E-1,8.175566847088E-1,1.E0),.UNSPECIFIED.);
#8454=EDGE_CURVE('',#5297,#5000,#4190,.T.);
#8482=B_SPLINE_CURVE_WITH_KNOTS('',3,(#8473,#8474,#8475,#8476,#8477,#8478,#8479,
#8480,#8481),.UNSPECIFIED.,.F.,.F.,(4,1,1,1,1,1,4),(0.E0,1.722837413912E-1,
3.958270463590E-1,6.114578778637E-1,7.196033188093E-1,8.277845995264E-1,1.E0),
.UNSPECIFIED.);
#8486=EDGE_CURVE('',#5299,#5002,#4194,.T.);
#8489=EDGE_CURVE('',#5001,#5301,#4198,.T.);
#8491=EDGE_CURVE('',#5299,#5301,#4246,.T.);
#8501=EDGE_CURVE('',#5303,#5004,#4202,.T.);
#8505=EDGE_CURVE('',#5303,#5299,#4318,.T.);
#8518=B_SPLINE_CURVE_WITH_KNOTS('',3,(#8510,#8511,#8512,#8513,#8514,#8515,#8516,
#8517),.UNSPECIFIED.,.F.,.F.,(4,1,1,1,1,4),(0.E0,1.923076510064E-2,
3.356706932945E-1,6.643292269811E-1,9.807692431735E-1,1.E0),.UNSPECIFIED.);
#8522=EDGE_CURVE('',#5305,#5005,#4210,.T.);
#8526=EDGE_CURVE('',#5305,#5303,#4314,.T.);
#8536=EDGE_CURVE('',#5307,#5007,#4214,.T.);
#8540=EDGE_CURVE('',#5307,#5305,#4307,.T.);
#8554=B_SPLINE_CURVE_WITH_KNOTS('',3,(#8545,#8546,#8547,#8548,#8549,#8550,#8551,
#8552,#8553),.UNSPECIFIED.,.F.,.F.,(4,1,1,1,1,1,4),(0.E0,1.923076496188E-2,
2.403719277139E-1,4.992286000743E-1,7.584846391954E-1,9.807692393176E-1,1.E0),
.UNSPECIFIED.);
#8558=EDGE_CURVE('',#5309,#5008,#4218,.T.);
#8562=EDGE_CURVE('',#5309,#5307,#4303,.T.);
#8572=EDGE_CURVE('',#5311,#5010,#4222,.T.);
#8576=EDGE_CURVE('',#5311,#5309,#4295,.T.);
#8589=B_SPLINE_CURVE_WITH_KNOTS('',3,(#8581,#8582,#8583,#8584,#8585,#8586,#8587,
#8588),.UNSPECIFIED.,.F.,.F.,(4,1,1,1,1,4),(0.E0,1.923076304400E-2,
3.356707124838E-1,6.643292684414E-1,9.807692431588E-1,1.E0),.UNSPECIFIED.);
#8593=EDGE_CURVE('',#5313,#5011,#4226,.T.);
#8597=EDGE_CURVE('',#5313,#5311,#4291,.T.);
#8607=EDGE_CURVE('',#5315,#5013,#4230,.T.);
#8611=EDGE_CURVE('',#5315,#5313,#4284,.T.);
#8625=B_SPLINE_CURVE_WITH_KNOTS('',3,(#8616,#8617,#8618,#8619,#8620,#8621,#8622,
#8623,#8624),.UNSPECIFIED.,.F.,.F.,(4,1,1,1,1,1,4),(0.E0,1.712451473567E-1,
2.845523938029E-1,3.978364141293E-1,6.143036455754E-1,8.296235231862E-1,1.E0),
.UNSPECIFIED.);
#8630=EDGE_CURVE('',#5316,#5315,#4280,.T.);
#8632=EDGE_CURVE('',#5316,#5014,#4238,.T.);
#8644=EDGE_CURVE('',#5301,#5318,#4250,.T.);
#8646=EDGE_CURVE('',#5318,#5319,#4257,.T.);
#8648=EDGE_CURVE('',#5319,#5321,#4261,.T.);
#8650=EDGE_CURVE('',#5321,#5322,#4268,.T.);
#8652=EDGE_CURVE('',#5322,#5316,#4272,.T.);
#8670=EDGE_CURVE('',#5318,#5020,#4322,.T.);
#8686=B_SPLINE_CURVE_WITH_KNOTS('',3,(#8678,#8679,#8680,#8681,#8682,#8683,#8684,
#8685),.UNSPECIFIED.,.F.,.F.,(4,1,1,1,1,4),(0.E0,1.923076670546E-2,
3.356867757692E-1,6.643131252751E-1,9.807692408084E-1,1.E0),.UNSPECIFIED.);
#8692=EDGE_CURVE('',#5319,#5019,#4326,.T.);
#8705=EDGE_CURVE('',#5321,#5017,#4334,.T.);
#8719=B_SPLINE_CURVE_WITH_KNOTS('',3,(#8711,#8712,#8713,#8714,#8715,#8716,#8717,
#8718),.UNSPECIFIED.,.F.,.F.,(4,1,1,1,1,4),(0.E0,1.923076169094E-2,
3.356867672824E-1,6.643131140187E-1,9.807692408226E-1,1.E0),.UNSPECIFIED.);
#8725=EDGE_CURVE('',#5322,#5016,#4338,.T.);
#8748=EDGE_CURVE('',#5325,#5326,#4408,.T.);
#8750=EDGE_CURVE('',#5328,#5325,#4403,.T.);
#8752=EDGE_CURVE('',#5328,#5026,#4342,.T.);
#8756=EDGE_CURVE('',#5023,#5326,#4346,.T.);
#8766=EDGE_CURVE('',#5331,#5332,#4351,.T.);
#8768=EDGE_CURVE('',#5332,#5334,#4356,.T.);
#8770=EDGE_CURVE('',#5334,#5336,#4360,.T.);
#8772=EDGE_CURVE('',#5336,#5338,#4365,.T.);
#8774=EDGE_CURVE('',#5338,#5340,#4370,.T.);
#8776=EDGE_CURVE('',#5340,#5342,#4374,.T.);
#8778=EDGE_CURVE('',#5342,#5344,#4379,.T.);
#8780=EDGE_CURVE('',#5344,#5346,#4384,.T.);
#8782=EDGE_CURVE('',#5348,#5346,#4472,.T.);
#8784=EDGE_CURVE('',#5348,#5350,#4389,.T.);
#8786=EDGE_CURVE('',#5350,#5352,#4394,.T.);
#8788=EDGE_CURVE('',#5352,#5328,#4398,.T.);
#8792=EDGE_CURVE('',#5326,#5354,#4412,.T.);
#8794=EDGE_CURVE('',#5354,#5356,#4417,.T.);
#8796=EDGE_CURVE('',#5356,#5358,#4422,.T.);
#8798=EDGE_CURVE('',#5331,#5358,#4444,.T.);
#8802=EDGE_CURVE('',#5361,#5362,#4427,.T.);
#8804=EDGE_CURVE('',#5362,#5361,#4432,.T.);
#8816=EDGE_CURVE('',#5331,#5050,#4436,.T.);
#8820=EDGE_CURVE('',#5046,#5334,#4440,.T.);
#8832=EDGE_CURVE('',#5052,#5358,#4452,.T.);
#8845=EDGE_CURVE('',#5354,#5056,#4448,.T.);
#8872=EDGE_CURVE('',#5336,#5044,#4456,.T.);
#8888=EDGE_CURVE('',#5040,#5340,#4460,.T.);
#8900=EDGE_CURVE('',#5342,#5038,#4464,.T.);
#8916=EDGE_CURVE('',#5034,#5346,#4468,.T.);
#8926=EDGE_CURVE('',#5348,#5032,#4476,.T.);
#8944=EDGE_CURVE('',#5028,#5352,#4480,.T.);
#8966=EDGE_CURVE('',#5361,#5414,#4484,.T.);
#8968=EDGE_CURVE('',#5414,#5413,#4498,.T.);
#8970=EDGE_CURVE('',#5413,#5362,#4488,.T.);
#8982=EDGE_CURVE('',#5413,#5414,#4493,.T.);
#8994=EDGE_CURVE('',#5421,#5422,#4513,.T.);
#8996=EDGE_CURVE('',#5422,#5421,#4518,.T.);
#9010=EDGE_CURVE('',#5425,#5426,#4523,.T.);
#9012=EDGE_CURVE('',#5426,#5425,#4528,.T.);
#9016=EDGE_CURVE('',#5417,#5418,#4503,.T.);
#9018=EDGE_CURVE('',#5418,#5417,#4508,.T.);
#9028=EDGE_CURVE('',#5417,#5402,#4536,.T.);
#9031=EDGE_CURVE('',#5401,#5418,#4532,.T.);
#9033=EDGE_CURVE('',#5402,#5401,#4622,.T.);
#9046=EDGE_CURVE('',#5401,#5402,#4617,.T.);
#9056=EDGE_CURVE('',#5371,#5372,#4541,.T.);
#9058=EDGE_CURVE('',#5372,#5374,#4546,.T.);
#9060=EDGE_CURVE('',#5376,#5374,#4678,.T.);
#9062=EDGE_CURVE('',#5376,#5378,#4551,.T.);
#9064=EDGE_CURVE('',#5378,#5380,#4556,.T.);
#9066=EDGE_CURVE('',#5380,#5382,#4560,.T.);
#9068=EDGE_CURVE('',#5382,#5384,#4565,.T.);
#9070=EDGE_CURVE('',#5384,#5386,#4570,.T.);
#9072=EDGE_CURVE('',#5386,#5388,#4574,.T.);
#9074=EDGE_CURVE('',#5388,#5390,#4579,.T.);
#9076=EDGE_CURVE('',#5390,#5392,#4584,.T.);
#9078=EDGE_CURVE('',#5394,#5392,#4650,.T.);
#9080=EDGE_CURVE('',#5394,#5396,#4589,.T.);
#9082=EDGE_CURVE('',#5396,#5398,#4594,.T.);
#9084=EDGE_CURVE('',#5398,#5368,#4598,.T.);
#9086=EDGE_CURVE('',#5368,#5365,#4603,.T.);
#9088=EDGE_CURVE('',#5365,#5366,#4608,.T.);
#9090=EDGE_CURVE('',#5366,#5371,#4612,.T.);
#9106=EDGE_CURVE('',#5371,#5092,#4626,.T.);
#9110=EDGE_CURVE('',#5088,#5374,#4630,.T.);
#9122=EDGE_CURVE('',#5059,#5366,#4638,.T.);
#9135=EDGE_CURVE('',#5368,#5062,#4634,.T.);
#9150=EDGE_CURVE('',#5064,#5398,#4646,.T.);
#9163=EDGE_CURVE('',#5394,#5068,#4642,.T.);
#9178=EDGE_CURVE('',#5070,#5392,#4658,.T.);
#9191=EDGE_CURVE('',#5388,#5074,#4654,.T.);
#9206=EDGE_CURVE('',#5076,#5386,#4666,.T.);
#9219=EDGE_CURVE('',#5382,#5080,#4662,.T.);
#9232=EDGE_CURVE('',#5082,#5380,#4674,.T.);
#9247=EDGE_CURVE('',#5376,#5086,#4670,.T.);
#9273=EDGE_CURVE('',#5429,#5421,#4682,.T.);
#9276=EDGE_CURVE('',#5430,#5422,#4686,.T.);
#9299=EDGE_CURVE('',#5433,#5425,#4690,.T.);
#9302=EDGE_CURVE('',#5434,#5426,#4694,.T.);
#9324=EDGE_CURVE('',#5404,#4758,#4698,.T.);
#9326=EDGE_CURVE('',#5406,#5404,#4707,.T.);
#9328=EDGE_CURVE('',#4759,#5406,#4702,.T.);
#9342=EDGE_CURVE('',#5404,#5406,#4712,.T.);
#9362=EDGE_CURVE('',#5408,#4762,#4716,.T.);
#9364=EDGE_CURVE('',#5410,#5408,#4725,.T.);
#9366=EDGE_CURVE('',#4763,#5410,#4720,.T.);
#9380=EDGE_CURVE('',#5408,#5410,#4730,.T.);
#9395=CLOSED_SHELL('',(#5446,#5461,#5474,#5522,#5537,#5578,#5592,#5607,#5620,
#5634,#5649,#5662,#5676,#5715,#5736,#5755,#5774,#6140,#6155,#6172,#6186,#6202,
#6216,#6241,#6255,#6305,#6318,#6331,#6344,#6364,#6377,#6399,#6412,#6434,#6447,
#6472,#6485,#6507,#6520,#6543,#6556,#6576,#6589,#6602,#6615,#6636,#6651,#6674,
#6688,#6711,#6725,#6748,#6762,#6788,#6802,#6825,#6863,#6885,#6898,#6923,#6936,
#6958,#6971,#6993,#7006,#7028,#7040,#7062,#7076,#7126,#7139,#7160,#7173,#7186,
#7199,#7221,#7234,#7256,#7269,#7289,#7302,#7323,#7336,#7357,#7370,#7389,#7418,
#7434,#7445,#7467,#7481,#7503,#7517,#7538,#7552,#7573,#7602,#7615,#7636,#7649,
#7669,#7682,#7703,#7715,#7737,#7751,#7774,#7788,#7811,#7825,#7851,#7865,#7888,
#7923,#7936,#7957,#7970,#7991,#8004,#8024,#8037,#8059,#8071,#8086,#8109,#8123,
#8146,#8160,#8183,#8197,#8222,#8236,#8259,#8273,#8296,#8310,#8333,#8347,#8370,
#8384,#8408,#8438,#8460,#8472,#8495,#8509,#8530,#8544,#8566,#8580,#8601,#8615,
#8637,#8664,#8677,#8697,#8710,#8730,#8742,#8760,#8808,#8824,#8837,#8852,#8864,
#8877,#8892,#8905,#8920,#8933,#8948,#8960,#8975,#8988,#9004,#9022,#9037,#9050,
#9098,#9114,#9127,#9142,#9155,#9170,#9183,#9198,#9211,#9226,#9239,#9254,#9266,
#9280,#9292,#9306,#9318,#9333,#9346,#9356,#9371,#9384,#9394));
#9396=MANIFOLD_SOLID_BREP('',#9395);
#9397=(LENGTH_UNIT()NAMED_UNIT(*)SI_UNIT(.MILLI.,.METRE.));
#9399=(NAMED_UNIT(*)PLANE_ANGLE_UNIT()SI_UNIT($,.RADIAN.));
#9402=(NAMED_UNIT(*)SI_UNIT($,.STERADIAN.)SOLID_ANGLE_UNIT());
#9408=AXIS2_PLACEMENT_3D('',#9405,#9406,#9407);
#9409=ADVANCED_BREP_SHAPE_REPRESENTATION('',(#9408,#9396),#9404);
#9413=PRODUCT_DEFINITION('design','',#9412,#1626);
#9414=PRODUCT_DEFINITION_SHAPE('','SHAPE FOR _X2_5B9E4F53_X0_11_1_1.',#9413);
#9415=SHAPE_DEFINITION_REPRESENTATION(#9414,#9409);
#9416=NEXT_ASSEMBLY_USAGE_OCCURRENCE('9','Next assembly relationship',
'_X2_5B9E4F53_X0_11',#10772,#9413,$);
#9417=PRODUCT_DEFINITION_SHAPE('Placement #9',
'Placement of _X2_5B9E4F53_X0_11_1_1 with respect to 3D_X2_62535370_X0___X2_65367EB3_ASM',#9416);
#9426=AXIS2_PLACEMENT_3D('',#9423,#9424,#9425);
#9441=CIRCLE('',#9440,1.250156388713E1);
#9446=CIRCLE('',#9445,1.250156388713E1);
#9451=CIRCLE('',#9450,1.250156388713E1);
#9456=CIRCLE('',#9455,1.250156388713E1);
#9461=CIRCLE('',#9460,7.5E0);
#9466=CIRCLE('',#9465,7.5E0);
#9471=CIRCLE('',#9470,7.5E0);
#9476=CIRCLE('',#9475,7.5E0);
#9481=CIRCLE('',#9480,7.5E0);
#9486=CIRCLE('',#9485,7.5E0);
#9519=CIRCLE('',#9518,1.150325895547E1);
#9524=CIRCLE('',#9523,1.150332480589E1);
#9529=CIRCLE('',#9528,1.150301963235E1);
#9534=CIRCLE('',#9533,1.150357171082E1);
#9543=CIRCLE('',#9542,1.029751769361E1);
#9552=CIRCLE('',#9551,1.029749155809E1);
#9561=CIRCLE('',#9560,1.029751799131E1);
#9570=CIRCLE('',#9569,1.029748861912E1);
#9603=CIRCLE('',#9602,1.250156388713E1);
#9608=B_SPLINE_CURVE_WITH_KNOTS('',3,(#9604,#9605,#9606,#9607),.UNSPECIFIED.,
.F.,.F.,(4,4),(0.E0,1.E0),.UNSPECIFIED.);
#9617=B_SPLINE_CURVE_WITH_KNOTS('',3,(#9613,#9614,#9615,#9616),.UNSPECIFIED.,
.F.,.F.,(4,4),(0.E0,1.E0),.UNSPECIFIED.);
#9638=CIRCLE('',#9637,1.250156388713E1);
#9643=CIRCLE('',#9642,1.250156388713E1);
#9648=B_SPLINE_CURVE_WITH_KNOTS('',3,(#9644,#9645,#9646,#9647),.UNSPECIFIED.,
.F.,.F.,(4,4),(0.E0,1.E0),.UNSPECIFIED.);
#9657=B_SPLINE_CURVE_WITH_KNOTS('',3,(#9653,#9654,#9655,#9656),.UNSPECIFIED.,
.F.,.F.,(4,4),(0.E0,1.E0),.UNSPECIFIED.);
#9666=CIRCLE('',#9665,1.250156388713E1);
#9695=CIRCLE('',#9694,3.498936167682E0);
#9700=CIRCLE('',#9699,1.030058416035E1);
#9705=CIRCLE('',#9704,3.5E0);
#9710=CIRCLE('',#9709,3.5E0);
#9715=CIRCLE('',#9714,3.5E0);
#9720=CIRCLE('',#9719,3.5E0);
#9725=CIRCLE('',#9724,1.030266315986E1);
#9730=CIRCLE('',#9729,3.498677995344E0);
#9735=CIRCLE('',#9734,3.5E0);
#9740=CIRCLE('',#9739,3.5E0);
#9749=CIRCLE('',#9748,6.800992156094E0);
#9758=CIRCLE('',#9757,6.802652051368E0);
#9767=CIRCLE('',#9766,6.800987364636E0);
#9776=CIRCLE('',#9775,6.800810451246E0);
#9781=CIRCLE('',#9780,3.5E0);
#9786=CIRCLE('',#9785,3.498762645005E0);
#9791=CIRCLE('',#9790,1.030016786332E1);
#9796=CIRCLE('',#9795,3.498762645005E0);
#9801=CIRCLE('',#9800,3.5E0);
#9806=CIRCLE('',#9805,3.5E0);
#9811=CIRCLE('',#9810,3.5E0);
#9816=CIRCLE('',#9815,3.5E0);
#9821=CIRCLE('',#9820,3.498840720012E0);
#9826=CIRCLE('',#9825,1.030056259116E1);
#9875=CIRCLE('',#9874,7.5E0);
#9880=CIRCLE('',#9879,7.5E0);
#9893=CIRCLE('',#9892,7.5E0);
#9898=CIRCLE('',#9897,7.5E0);
#9903=CIRCLE('',#9902,7.5E0);
#9908=CIRCLE('',#9907,7.5E0);
#10049=EDGE_CURVE('',#9911,#9912,#9432,.T.);
#10051=EDGE_CURVE('',#9914,#9912,#9903,.T.);
#10053=EDGE_CURVE('',#9914,#9916,#9436,.T.);
#10055=EDGE_CURVE('',#9911,#9916,#9461,.T.);
#10066=EDGE_CURVE('',#9916,#9911,#9466,.T.);
#10069=EDGE_CURVE('',#9912,#9914,#9908,.T.);
#10079=EDGE_CURVE('',#9919,#9920,#9494,.T.);
#10081=EDGE_CURVE('',#9919,#9922,#9441,.T.);
#10083=EDGE_CURVE('',#9924,#9922,#9629,.T.);
#10085=EDGE_CURVE('',#9924,#9926,#9446,.T.);
#10087=EDGE_CURVE('',#9928,#9926,#9590,.T.);
#10089=EDGE_CURVE('',#9928,#9930,#9451,.T.);
#10091=EDGE_CURVE('',#9932,#9930,#9674,.T.);
#10093=EDGE_CURVE('',#9932,#9920,#9456,.T.);
#10101=EDGE_CURVE('',#9935,#9936,#9471,.T.);
#10103=EDGE_CURVE('',#9936,#9935,#9476,.T.);
#10107=EDGE_CURVE('',#9939,#9940,#9481,.T.);
#10109=EDGE_CURVE('',#9940,#9939,#9486,.T.);
#10119=EDGE_CURVE('',#9943,#9944,#9510,.T.);
#10121=EDGE_CURVE('',#9943,#9919,#9490,.T.);
#10124=EDGE_CURVE('',#9920,#9944,#9498,.T.);
#10134=EDGE_CURVE('',#9947,#9948,#9502,.T.);
#10136=EDGE_CURVE('',#9948,#9943,#9506,.T.);
#10139=EDGE_CURVE('',#9944,#9947,#9514,.T.);
#10149=EDGE_CURVE('',#9951,#9952,#9582,.T.);
#10151=EDGE_CURVE('',#9951,#9954,#9519,.T.);
#10153=EDGE_CURVE('',#9956,#9954,#9621,.T.);
#10155=EDGE_CURVE('',#9956,#9948,#9524,.T.);
#10158=EDGE_CURVE('',#9947,#9958,#9529,.T.);
#10160=EDGE_CURVE('',#9960,#9958,#9661,.T.);
#10162=EDGE_CURVE('',#9960,#9952,#9534,.T.);
#10166=EDGE_CURVE('',#9963,#9964,#9538,.T.);
#10168=EDGE_CURVE('',#9964,#9966,#9543,.T.);
#10170=EDGE_CURVE('',#9966,#9968,#9547,.T.);
#10172=EDGE_CURVE('',#9968,#9970,#9552,.T.);
#10174=EDGE_CURVE('',#9970,#9972,#9556,.T.);
#10176=EDGE_CURVE('',#9972,#9974,#9561,.T.);
#10178=EDGE_CURVE('',#9974,#9976,#9565,.T.);
#10180=EDGE_CURVE('',#9976,#9963,#9570,.T.);
#10190=EDGE_CURVE('',#9979,#9980,#9574,.T.);
#10192=EDGE_CURVE('',#9980,#9951,#9578,.T.);
#10195=EDGE_CURVE('',#9952,#9979,#9586,.T.);
#10206=EDGE_CURVE('',#9926,#9980,#9594,.T.);
#10209=EDGE_CURVE('',#9979,#9928,#9598,.T.);
#10219=EDGE_CURVE('',#9982,#9980,#9603,.T.);
#10223=EDGE_CURVE('',#9982,#9924,#9625,.T.);
#10235=EDGE_CURVE('',#9954,#9982,#9608,.T.);
#10247=EDGE_CURVE('',#9982,#9984,#9612,.T.);
#10249=EDGE_CURVE('',#9984,#9956,#9617,.T.);
#10263=EDGE_CURVE('',#9922,#9984,#9633,.T.);
#10273=EDGE_CURVE('',#9943,#9984,#9638,.T.);
#10298=EDGE_CURVE('',#9979,#9986,#9643,.T.);
#10300=EDGE_CURVE('',#9930,#9986,#9678,.T.);
#10312=EDGE_CURVE('',#9986,#9960,#9657,.T.);
#10325=EDGE_CURVE('',#9958,#9987,#9648,.T.);
#10327=EDGE_CURVE('',#9987,#9986,#9652,.T.);
#10340=EDGE_CURVE('',#9987,#9944,#9666,.T.);
#10355=EDGE_CURVE('',#9987,#9932,#9670,.T.);
#10378=EDGE_CURVE('',#9963,#9989,#9682,.T.);
#10380=EDGE_CURVE('',#9989,#9991,#9686,.T.);
#10382=EDGE_CURVE('',#9991,#9964,#9690,.T.);
#10392=EDGE_CURVE('',#9989,#9993,#9700,.T.);
#10396=EDGE_CURVE('',#9993,#9976,#9846,.T.);
#10406=EDGE_CURVE('',#9996,#9997,#9710,.T.);
#10408=EDGE_CURVE('',#9999,#9996,#9749,.T.);
#10410=EDGE_CURVE('',#10001,#9999,#9781,.T.);
#10412=EDGE_CURVE('',#10001,#9989,#9695,.T.);
#10415=EDGE_CURVE('',#9997,#9993,#9715,.T.);
#10425=EDGE_CURVE('',#10004,#10005,#9705,.T.);
#10427=EDGE_CURVE('',#9996,#10005,#9753,.T.);
#10431=EDGE_CURVE('',#10007,#9993,#9842,.T.);
#10433=EDGE_CURVE('',#10007,#10004,#9720,.T.);
#10443=EDGE_CURVE('',#10010,#10011,#9735,.T.);
#10445=EDGE_CURVE('',#10005,#10010,#9758,.T.);
#10449=EDGE_CURVE('',#10007,#10013,#9725,.T.);
#10451=EDGE_CURVE('',#10013,#10011,#9730,.T.);
#10461=EDGE_CURVE('',#10010,#10015,#9762,.T.);
#10465=EDGE_CURVE('',#10017,#10013,#9830,.T.);
#10467=EDGE_CURVE('',#10019,#10017,#9821,.T.);
#10469=EDGE_CURVE('',#10019,#10015,#9740,.T.);
#10479=EDGE_CURVE('',#10021,#9999,#9744,.T.);
#10485=EDGE_CURVE('',#10015,#10023,#9767,.T.);
#10487=EDGE_CURVE('',#10023,#10025,#9771,.T.);
#10489=EDGE_CURVE('',#10025,#10021,#9776,.T.);
#10503=EDGE_CURVE('',#10027,#10021,#9786,.T.);
#10505=EDGE_CURVE('',#9991,#10027,#9796,.T.);
#10517=EDGE_CURVE('',#10029,#10025,#9801,.T.);
#10519=EDGE_CURVE('',#10031,#10029,#9816,.T.);
#10521=EDGE_CURVE('',#10031,#9991,#9791,.T.);
#10534=EDGE_CURVE('',#10023,#10033,#9806,.T.);
#10536=EDGE_CURVE('',#10033,#10035,#9811,.T.);
#10538=EDGE_CURVE('',#10031,#10035,#9854,.T.);
#10553=EDGE_CURVE('',#10017,#10035,#9826,.T.);
#10565=EDGE_CURVE('',#9970,#10017,#9838,.T.);
#10568=EDGE_CURVE('',#10035,#9968,#9858,.T.);
#10579=EDGE_CURVE('',#10013,#9972,#9834,.T.);
#10592=EDGE_CURVE('',#9974,#10007,#9850,.T.);
#10619=EDGE_CURVE('',#9966,#10031,#9862,.T.);
#10641=EDGE_CURVE('',#9935,#10037,#9866,.T.);
#10643=EDGE_CURVE('',#10039,#10037,#9875,.T.);
#10645=EDGE_CURVE('',#10039,#9936,#9870,.T.);
#10659=EDGE_CURVE('',#10037,#10039,#9880,.T.);
#10679=EDGE_CURVE('',#9939,#10041,#9884,.T.);
#10681=EDGE_CURVE('',#10043,#10041,#9893,.T.);
#10683=EDGE_CURVE('',#10043,#9940,#9888,.T.);
#10697=EDGE_CURVE('',#10041,#10043,#9898,.T.);
#10722=CLOSED_SHELL('',(#10059,#10073,#10113,#10128,#10143,#10184,#10199,#10213,
#10227,#10240,#10254,#10267,#10280,#10292,#10306,#10319,#10333,#10346,#10359,
#10371,#10386,#10400,#10419,#10437,#10455,#10473,#10493,#10509,#10526,#10543,
#10558,#10572,#10585,#10598,#10610,#10623,#10635,#10650,#10663,#10673,#10688,
#10701,#10711,#10721));
#10723=MANIFOLD_SOLID_BREP('',#10722);
#10724=(LENGTH_UNIT()NAMED_UNIT(*)SI_UNIT(.MILLI.,.METRE.));
#10726=(NAMED_UNIT(*)PLANE_ANGLE_UNIT()SI_UNIT($,.RADIAN.));
#10729=(NAMED_UNIT(*)SI_UNIT($,.STERADIAN.)SOLID_ANGLE_UNIT());
#10735=AXIS2_PLACEMENT_3D('',#10732,#10733,#10734);
#10736=ADVANCED_BREP_SHAPE_REPRESENTATION('',(#10735,#10723),#10731);
#10741=PRODUCT_DEFINITION('design','',#10740,#10737);
#10742=PRODUCT_DEFINITION_SHAPE('','SHAPE FOR _X2_5B9E4F53_X0_18_1_1.',#10741);
#10743=SHAPE_DEFINITION_REPRESENTATION(#10742,#10736);
#10744=NEXT_ASSEMBLY_USAGE_OCCURRENCE('10','Next assembly relationship',
'_X2_5B9E4F53_X0_18',#10772,#10741,$);
#10745=PRODUCT_DEFINITION_SHAPE('Placement #10',
'Placement of _X2_5B9E4F53_X0_18_1_1 with respect to 3D_X2_62535370_X0___X2_65367EB3_ASM',#10744);
#10754=AXIS2_PLACEMENT_3D('',#10751,#10752,#10753);
#10757=(LENGTH_UNIT()NAMED_UNIT(*)SI_UNIT(.MILLI.,.METRE.));
#10759=(NAMED_UNIT(*)PLANE_ANGLE_UNIT()SI_UNIT($,.RADIAN.));
#10762=(NAMED_UNIT(*)SI_UNIT($,.STERADIAN.)SOLID_ANGLE_UNIT());
#10768=AXIS2_PLACEMENT_3D('',#10765,#10766,#10767);
#10772=PRODUCT_DEFINITION('design','',#10771,#10737);
#10773=SHAPE_DEFINITION_REPRESENTATION(#10774,#10775);
#10774=PRODUCT_DEFINITION_SHAPE('','SHAPE FOR 3D__V60002_ASM_1_ASM_1_ASM.',
#10805);
#10775=SHAPE_REPRESENTATION('',(#10786,#10781,#10800),#10796);
#10776=NEXT_ASSEMBLY_USAGE_OCCURRENCE('11','Next assembly relationship',
'3D_X2_62535370_X0___X2_65367EB3',#10805,#10772,$);
#10777=PRODUCT_DEFINITION_SHAPE('Placement #11',
'Placement of 3D_X2_62535370_X0___X2_65367EB3_ASM with respect to 3D__V60002_ASM_1_ASM_1_ASM',#10776);
#10786=AXIS2_PLACEMENT_3D('',#10783,#10784,#10785);
#10789=(LENGTH_UNIT()NAMED_UNIT(*)SI_UNIT(.MILLI.,.METRE.));
#10791=(NAMED_UNIT(*)PLANE_ANGLE_UNIT()SI_UNIT($,.RADIAN.));
#10794=(NAMED_UNIT(*)SI_UNIT($,.STERADIAN.)SOLID_ANGLE_UNIT());
#10800=AXIS2_PLACEMENT_3D('',#10797,#10798,#10799);
#10805=PRODUCT_DEFINITION('design','',#10804,#10801);
#10806=SHAPE_DEFINITION_REPRESENTATION(#10807,#10808);
#10807=PRODUCT_DEFINITION_SHAPE('','SHAPE FOR SHOUNAHE_ASM_1_ASM.',#10837);
#10808=SHAPE_REPRESENTATION('',(#10819,#10814,#10833),#10829);
#10809=NEXT_ASSEMBLY_USAGE_OCCURRENCE('12','Next assembly relationship',
'3D__V60002_ASM_1',#10837,#10805,$);
#10810=PRODUCT_DEFINITION_SHAPE('Placement #12',
'Placement of 3D__V60002_ASM_1_ASM_1_ASM with respect to SHOUNAHE_ASM_1_ASM',
#10809);
#10819=AXIS2_PLACEMENT_3D('',#10816,#10817,#10818);
#10822=(LENGTH_UNIT()NAMED_UNIT(*)SI_UNIT(.MILLI.,.METRE.));
#10824=(NAMED_UNIT(*)PLANE_ANGLE_UNIT()SI_UNIT($,.RADIAN.));
#10827=(NAMED_UNIT(*)SI_UNIT($,.STERADIAN.)SOLID_ANGLE_UNIT());
#10833=AXIS2_PLACEMENT_3D('',#10830,#10831,#10832);
#10837=PRODUCT_DEFINITION('design','',#10836,#10801);
#10838=SHAPE_DEFINITION_REPRESENTATION(#10839,#10840);
#10839=PRODUCT_DEFINITION_SHAPE('','SHAPE FOR ASM0015_ASM_1_ASM.',#10870);
#10840=SHAPE_REPRESENTATION('',(#10851,#10846,#10865),#10861);
#10841=NEXT_ASSEMBLY_USAGE_OCCURRENCE('13','Next assembly relationship',
'SHOUNAHE',#10870,#10837,$);
#10842=PRODUCT_DEFINITION_SHAPE('Placement #13',
'Placement of SHOUNAHE_ASM_1_ASM with respect to ASM0015_ASM_1_ASM',#10841);
#10851=AXIS2_PLACEMENT_3D('',#10848,#10849,#10850);
#10854=(LENGTH_UNIT()NAMED_UNIT(*)SI_UNIT(.MILLI.,.METRE.));
#10856=(NAMED_UNIT(*)PLANE_ANGLE_UNIT()SI_UNIT($,.RADIAN.));
#10859=(NAMED_UNIT(*)SI_UNIT($,.STERADIAN.)SOLID_ANGLE_UNIT());
#10865=AXIS2_PLACEMENT_3D('',#10862,#10863,#10864);
#10870=PRODUCT_DEFINITION('design','',#10869,#10866);
#10871=SHAPE_DEFINITION_REPRESENTATION(#10872,#10873);
#10872=PRODUCT_DEFINITION_SHAPE('','SHAPE FOR NODE_--110325000_ASM.',#10898);
#10873=SHAPE_REPRESENTATION('',(#10879,#10894),#10890);
#10874=NEXT_ASSEMBLY_USAGE_OCCURRENCE('14','Next assembly relationship',
'ASM0015_ASM_1',#10898,#10870,$);
#10875=PRODUCT_DEFINITION_SHAPE('Placement #14',
'Placement of ASM0015_ASM_1_ASM with respect to NODE_--110325000_ASM',#10874);
#10883=(LENGTH_UNIT()NAMED_UNIT(*)SI_UNIT(.MILLI.,.METRE.));
#10885=(NAMED_UNIT(*)PLANE_ANGLE_UNIT()SI_UNIT($,.RADIAN.));
#10888=(NAMED_UNIT(*)SI_UNIT($,.STERADIAN.)SOLID_ANGLE_UNIT());
#10894=AXIS2_PLACEMENT_3D('',#10891,#10892,#10893);
#10898=PRODUCT_DEFINITION('design','',#10897,#10866);
ENDSEC;
END-ISO-10303-21;
